index,return
2000-01-03,0.0
2000-01-04,0.0
2000-01-05,0.0
2000-01-06,0.02279194061956491
2000-01-07,-0.03151224908061079
2000-01-10,0.03861950546638848
2000-01-11,-0.005163739462243799
2000-01-12,-0.0016806345121288535
2000-01-13,0.016719237757301553
2000-01-14,-0.007939203503509518
2000-01-18,0.003885465132166477
2000-01-19,0.014655430761639776
2000-01-20,0.08144540901652264
2000-01-21,0.0
2000-01-24,0.0
2000-01-25,0.0
2000-01-26,-0.04529391666537397
2000-01-27,0.024112742476073645
2000-01-28,-0.01287261404203588
2000-01-31,0.016111285319905688
2000-02-01,0.009869347150297081
2000-02-02,0.011972395321583784
2000-02-03,0.01288322183452073
2000-02-04,0.003477625074229662
2000-02-07,0.0014574761826948723
2000-02-08,-0.002532036076493882
2000-02-09,0.0019204797487091252
2000-02-10,0.012116601666582794
2000-02-11,-0.0011352627377425595
2000-02-14,-0.03295722578651439
2000-02-15,0.024246415919124686
2000-02-16,0.02165486472980649
2000-02-17,0.007318055705999749
2000-02-18,-0.004634152106063327
2000-02-22,-0.02089622977935235
2000-02-23,0.0022075111326640418
2000-02-24,0.01325225854521439
2000-02-25,0.003965114304896877
2000-02-28,0.0034001113352293277
2000-02-29,0.02366899743993711
2000-03-01,0.05491082061041852
2000-03-02,0.0
2000-03-03,0.0
2000-03-06,0.0
2000-03-07,0.0
2000-03-08,0.0
2000-03-09,0.0
2000-03-10,0.0
2000-03-13,0.0
2000-03-14,0.0
2000-03-15,0.0
2000-03-16,0.0
2000-03-17,0.0
2000-03-20,0.0
2000-03-21,0.0
2000-03-22,0.0
2000-03-23,0.0
2000-03-24,0.0
2000-03-27,0.0
2000-03-28,0.0
2000-03-29,0.0
2000-03-30,0.0
2000-03-31,0.0
2000-04-03,0.0
2000-04-04,0.045474651782530184
2000-04-05,0.0
2000-04-06,0.0
2000-04-07,0.0
2000-04-10,0.016250761716503748
2000-04-11,-0.03798522226509671
2000-04-12,0.000534506922201583
2000-04-13,0.0257341864728291
2000-04-14,-0.05226427668846578
2000-04-17,-0.07077001329914578
2000-04-18,-0.0012301918064465678
2000-04-19,0.006570313941486994
2000-04-20,0.011057279587694202
2000-04-24,-0.06312721555824163
2000-04-25,0.04612933828539312
2000-04-26,0.0
2000-04-27,0.0
2000-04-28,0.0
2000-05-01,0.024704175823379027
2000-05-02,0.001301476685733327
2000-05-03,0.004285177218595226
2000-05-04,0.006820425959372489
2000-05-05,0.0014566798768760325
2000-05-08,-0.005474511609925736
2000-05-09,0.0060740983012343985
2000-05-10,-0.008821165410921594
2000-05-11,0.02830212625874906
2000-05-12,0.010105088347159619
2000-05-15,-0.0006661028586355533
2000-05-16,0.030828752102245005
2000-05-17,0.027917401101342554
2000-05-18,0.005927690064047475
2000-05-19,-0.003821949986121398
2000-05-22,9.335586710901289e-05
2000-05-23,0.014139302749890614
2000-05-24,0.0034686278661817393
2000-05-25,0.05118387661394386
2000-05-26,0.0
2000-05-30,0.0
2000-05-31,0.0
2000-06-01,0.034068622952612815
2000-06-02,0.10462937976160491
2000-06-05,0.0
2000-06-06,0.0
2000-06-07,0.0
2000-06-08,0.029784781798963378
2000-06-09,0.01652907586338781
2000-06-12,0.011817607896185134
2000-06-13,-0.014813988773875186
2000-06-14,0.012820545000941763
2000-06-15,-0.006227177018411578
2000-06-16,0.0047995253432739915
2000-06-19,0.0047047068803942604
2000-06-20,0.002616937205145886
2000-06-21,-0.016466364188692406
2000-06-22,0.016668887426952494
2000-06-23,-0.010906759933667964
2000-06-26,0.013205902301908212
2000-06-27,0.007566133689892007
2000-06-28,0.01698930403410337
2000-06-29,-0.022885507791183923
2000-06-30,0.010873307771143148
2000-07-03,0.026516983444011544
2000-07-05,-0.03795514112786291
2000-07-06,-0.002357335496308788
2000-07-07,0.0033032748488244223
2000-07-10,-0.002647168622371243
2000-07-11,-0.0029567506916681197
2000-07-12,0.03319527231687869
2000-07-13,0.030280069323003422
2000-07-14,0.029359527536925834
2000-07-17,0.007179851028588757
2000-07-18,-0.028418876759733647
2000-07-19,-0.01378024717771853
2000-07-20,-0.003534398513785786
2000-07-21,-0.04021044945748242
2000-07-24,0.013927242402952178
2000-07-25,0.016753230716201273
2000-07-26,-0.025752560405293612
2000-07-27,-0.02945503152277551
2000-07-28,0.008655513748885957
2000-07-31,0.035330561121386106
2000-08-01,0.0
2000-08-02,0.0
2000-08-03,0.0
2000-08-04,0.02457170998480329
2000-08-07,-0.006932209719931359
2000-08-08,0.005191427275281768
2000-08-09,0.0387655605503443
2000-08-10,-0.03405691695017554
2000-08-11,-0.0060472872904588915
2000-08-14,0.03778096252736307
2000-08-15,0.0159703519238259
2000-08-16,0.021459660862606533
2000-08-17,-0.024509393403504665
2000-08-18,0.025446339758015357
2000-08-21,0.010332504715518498
2000-08-22,-0.004121874945892667
2000-08-23,0.0030517330251389474
2000-08-24,0.011636272723291041
2000-08-25,-0.006288847540333209
2000-08-28,0.009393441497753452
2000-08-29,0.0003504222115950917
2000-08-30,-0.006284961509924636
2000-08-31,0.0009591156736268314
2000-09-01,0.02353678992920516
2000-09-05,0.0004820150968480874
2000-09-06,-0.06902376859616899
2000-09-07,0.01178363385527903
2000-09-08,-0.021442398013803765
2000-09-11,-0.023014109976698616
2000-09-12,0.002532076355974855
2000-09-13,-0.01642275955093664
2000-09-14,0.02391296662067144
2000-09-15,-0.018616312142289648
2000-09-18,0.018450168686767743
2000-09-19,0.014614900779117201
2000-09-20,-0.005212808050595208
2000-09-21,-0.014072636434366514
2000-09-22,-0.03379447105039679
2000-09-25,0.015792954467735987
2000-09-26,0.009308186751763481
2000-09-27,0.024224088666067844
2000-09-28,-0.014463873799451132
2000-09-29,-0.024328581720494458
2000-10-02,0.0025583809202409658
2000-10-03,0.03658428705353911
2000-10-04,0.0
2000-10-05,0.0
2000-10-06,0.0
2000-10-09,0.011847635679554713
2000-10-10,-0.028839620320340154
2000-10-11,-0.03342011582474369
2000-10-12,0.044396047891116286
2000-10-13,0.0
2000-10-16,0.0
2000-10-17,0.0
2000-10-18,-0.008377364186457292
2000-10-19,0.11439448118790096
2000-10-20,0.0
2000-10-23,0.0
2000-10-24,0.0
2000-10-25,-0.03601928396504506
2000-10-26,0.016139916299667156
2000-10-27,0.00673097799569522
2000-10-30,-0.007677916698533349
2000-10-31,0.05452309061984972
2000-11-01,0.0
2000-11-02,0.0
2000-11-03,0.0
2000-11-06,0.032988012233308606
2000-11-07,0.026847009348562212
2000-11-08,0.00454369259799936
2000-11-09,-0.03809481308235474
2000-11-10,-0.016655955402481215
2000-11-13,-0.029872210905036334
2000-11-14,0.041501021639050784
2000-11-15,0.0
2000-11-16,0.0
2000-11-17,0.0
2000-11-20,-0.023228869500077964
2000-11-21,0.010581096944212831
2000-11-22,0.028995634223129896
2000-11-24,0.0
2000-11-27,0.0
2000-11-28,0.0
2000-11-29,0.0052180519338365094
2000-11-30,-0.07382529599768461
2000-12-01,0.01791934034928122
2000-12-04,0.013027744907124328
2000-12-05,0.02468168101386925
2000-12-06,0.0
2000-12-07,0.0
2000-12-08,0.0
2000-12-11,0.00034230689885794696
2000-12-12,-0.004966166431719321
2000-12-13,0.008059867308003232
2000-12-14,0.0035128041967358303
2000-12-15,-0.01403916286292417
2000-12-18,0.009415591827136804
2000-12-19,-0.009095629520765591
2000-12-20,-0.03975797568139505
2000-12-21,-0.00037484298902035196
2000-12-22,0.03750532405931106
2000-12-26,0.0
2000-12-27,0.0
2000-12-28,0.0
2000-12-29,4.6197664671954186e-05
2001-01-02,0.01849485739531831
2001-01-03,-0.007464926377058978
2001-01-04,-0.006145472989161016
2001-01-05,0.001778839248301356
2001-01-08,-0.0019261753060787479
2001-01-09,0.0263880853631262
2001-01-10,0.0
2001-01-11,0.0
2001-01-12,0.0
2001-01-16,-0.0022102907810335193
2001-01-17,0.049591585397845694
2001-01-18,0.0
2001-01-19,0.0
2001-01-22,0.0
2001-01-23,-0.007196024252896116
2001-01-24,6.641299541398915e-05
2001-01-25,-0.0019303561659850255
2001-01-26,-0.029513139117188336
2001-01-29,-0.0031891646970517717
2001-01-30,0.016024285090887158
2001-01-31,-0.003624494145970991
2001-02-01,0.005103079764713803
2001-02-02,0.011607412466726919
2001-02-05,-0.018143624896021948
2001-02-06,0.0034896274873352784
2001-02-07,-0.017474781229745218
2001-02-08,0.0027140217893308893
2001-02-09,-0.011621076808404074
2001-02-12,-0.0016758525675274472
2001-02-13,0.025833670734928926
2001-02-14,0.010220721706208247
2001-02-15,0.00921460787340389
2001-02-16,-0.050960107222631224
2001-02-20,0.003978084830676298
2001-02-21,-0.030346040114696216
2001-02-22,-0.011962327763924474
2001-02-23,-0.08309846464356463
2001-02-26,0.018917373581357477
2001-02-27,-0.016184271472761913
2001-02-28,0.009256761265414859
2001-03-01,-0.0020113438546830453
2001-03-02,-0.045025748059488224
2001-03-05,0.03742688537867833
2001-03-06,0.0
2001-03-07,0.0
2001-03-08,0.0
2001-03-09,-0.061745849324773006
2001-03-12,-0.016377601244854323
2001-03-13,0.04040596146185704
2001-03-14,0.0
2001-03-15,0.0
2001-03-16,0.0
2001-03-19,7.061489452797609e-05
2001-03-20,0.008858356428375291
2001-03-21,-0.0002198976138739761
2001-03-22,0.05137728289733268
2001-03-23,0.0
2001-03-26,0.0
2001-03-27,0.0
2001-03-28,-0.05108612288716874
2001-03-29,-0.01178068029118906
2001-03-30,-0.0331393028383109
2001-04-02,-0.006957524938612458
2001-04-03,0.0
2001-04-04,0.0
2001-04-05,0.0
2001-04-06,0.0
2001-04-09,0.0
2001-04-10,0.0
2001-04-11,0.0
2001-04-12,0.0
2001-04-16,0.0
2001-04-17,0.0
2001-04-18,0.0
2001-04-19,0.0
2001-04-20,0.0
2001-04-23,0.0
2001-04-24,0.0
2001-04-25,0.0
2001-04-26,0.0
2001-04-27,0.0
2001-04-30,0.0
2001-05-01,0.0
2001-05-02,0.006152747572654604
2001-05-03,-0.039938676156705544
2001-05-04,-0.05132009279007155
2001-05-07,0.0029802449757949656
2001-05-08,0.016458660652712842
2001-05-09,-0.02885246318795187
2001-05-10,0.06645186678171466
2001-05-11,0.0
2001-05-14,0.0
2001-05-15,0.0
2001-05-16,-0.00497650994926524
2001-05-17,0.009728033332671693
2001-05-18,-0.006751021794756951
2001-05-21,-0.018338169759059664
2001-05-22,-0.0057228499168490155
2001-05-23,0.005107701121108477
2001-05-24,-0.0024161998667943108
2001-05-25,0.006167646588291609
2001-05-29,-0.01752965906465842
2001-05-30,-0.019930459336679363
2001-05-31,-0.0007042793166842642
2001-06-01,0.014168559178308948
2001-06-04,-0.0157761941505552
2001-06-05,0.012413902844252256
2001-06-06,0.011979746536296743
2001-06-07,-0.0038384039356944566
2001-06-08,0.012685253587497058
2001-06-11,-0.002636390592156701
2001-06-12,-0.031139150148408623
2001-06-13,0.008406970049160245
2001-06-14,-0.02952198446611065
2001-06-15,-0.017365338852483925
2001-06-18,-0.00437829645129828
2001-06-19,0.03651548965640106
2001-06-20,0.0
2001-06-21,0.0
2001-06-22,0.0
2001-06-25,0.029488690165429876
2001-06-26,-0.016279009816489998
2001-06-27,0.0019422948393144068
2001-06-28,0.0172409943493268
2001-06-29,0.004406469679563374
2001-07-02,0.002192288873289483
2001-07-03,-0.008745171911492156
2001-07-05,-0.02319585173054428
2001-07-06,-0.08477705321221884
2001-07-09,0.01855119151773743
2001-07-10,0.012678120057053155
2001-07-11,-0.011619280792356523
2001-07-12,0.05879275149313634
2001-07-13,0.0
2001-07-16,0.0
2001-07-17,0.0
2001-07-18,-0.011664218397031245
2001-07-19,0.01938055888369461
2001-07-20,0.018157002502589004
2001-07-23,0.012654765061240525
2001-07-24,-0.02224395227654019
2001-07-25,-0.003616519756768244
2001-07-26,0.00025598015919303663
2001-07-27,-0.01095429723334862
2001-07-30,0.019507797719181985
2001-07-31,0.015556885540978227
2001-08-01,0.03225081598463442
2001-08-02,0.0
2001-08-03,0.0
2001-08-06,0.0
2001-08-07,-0.0029718694049321037
2001-08-08,-0.007611991468792101
2001-08-09,-0.011854033891384508
2001-08-10,0.0013509535827596064
2001-08-13,0.024501667003257843
2001-08-14,-0.012718203085048785
2001-08-15,0.019091268573269815
2001-08-16,-0.019223716277663616
2001-08-17,-0.028956355132670253
2001-08-20,-0.007161407253902685
2001-08-21,0.007709657539734183
2001-08-22,0.0235611205818107
2001-08-23,-0.001790729338800312
2001-08-24,0.017310469194401268
2001-08-27,-0.01204042986176046
2001-08-28,0.002586504114196142
2001-08-29,0.006478173434188106
2001-08-30,-0.01448932390009805
2001-08-31,-0.005626162758848752
2001-09-04,-0.012703297180754247
2001-09-05,-0.002982990258007079
2001-09-06,-0.02200063806201147
2001-09-07,-0.013495669115977549
2001-09-10,-0.005698955516227677
2001-09-17,-0.1115767000225103
2001-09-18,0.009977767260088033
2001-09-19,0.019927572931133453
2001-09-20,-0.04002496163145186
2001-09-21,-0.05677080270544932
2001-09-24,0.06448981990164726
2001-09-25,0.0
2001-09-26,0.0
2001-09-27,0.0
2001-09-28,0.026784953503742104
2001-10-01,-0.007199523140375086
2001-10-02,-0.012933401523884225
2001-10-03,-0.0066960435559471065
2001-10-04,0.054845947582314425
2001-10-05,0.0
2001-10-08,0.0
2001-10-09,0.0
2001-10-10,-0.014583989454294843
2001-10-11,0.05416537100753627
2001-10-12,0.0
2001-10-15,0.0
2001-10-16,0.0
2001-10-17,0.039145293719674124
2001-10-18,-0.003916576167021568
2001-10-19,-0.013352155150137546
2001-10-22,-0.009273058894516018
2001-10-23,0.014120079776275718
2001-10-24,-0.010528935205922352
2001-10-25,-0.019787449488447018
2001-10-26,-0.004867428757645009
2001-10-29,-0.006352450946065291
2001-10-30,-0.01224420280560723
2001-10-31,0.04427188658959369
2001-11-01,0.0
2001-11-02,0.0
2001-11-05,0.0
2001-11-06,-0.007361992545508511
2001-11-07,-0.008047206522073802
2001-11-08,0.04109206777068963
2001-11-09,0.0
2001-11-12,0.0
2001-11-13,0.0
2001-11-14,0.009494182825483533
2001-11-15,-0.007550519706220782
2001-11-16,-0.0038200869690623307
2001-11-19,0.008201703239048896
2001-11-20,-0.007527724689655679
2001-11-21,-0.01220636880770365
2001-11-23,0.0044238565004026675
2001-11-26,0.023760979035938767
2001-11-27,-0.005895967139931457
2001-11-28,-0.011797188702368455
2001-11-29,0.0476278013569007
2001-11-30,0.0
2001-12-03,0.0
2001-12-04,0.0
2001-12-05,0.04667818239456656
2001-12-06,0.0
2001-12-07,0.0
2001-12-10,0.0
2001-12-11,0.01776552505859419
2001-12-12,0.01083901307346724
2001-12-13,-0.042778571869559356
2001-12-14,0.0008527543247252023
2001-12-17,0.004608925144754306
2001-12-18,0.007173974399312444
2001-12-19,-0.03566655081786507
2001-12-20,-0.0028266671476320226
2001-12-21,0.01396619792463949
2001-12-24,-0.0009310098158799018
2001-12-26,0.0060983353744084035
2001-12-27,0.018531055443385513
2001-12-28,0.020312293210031696
2001-12-31,0.01466401465434819
2002-01-02,0.03378761285823306
2002-01-03,0.003219894360841691
2002-01-04,0.011136929741383916
2002-01-07,0.0040236944000364705
2002-01-08,2.2357385985882772e-05
2002-01-09,0.012589298887798028
2002-01-10,-0.00381697590660246
2002-01-11,0.00340783032530223
2002-01-14,-0.00450755976498296
2002-01-15,0.027809750242625997
2002-01-16,-0.017215586415444184
2002-01-17,0.028420202877372125
2002-01-18,-0.03244613737446389
2002-01-22,0.006836564984446625
2002-01-23,0.007392671757471936
2002-01-24,0.009393180656056987
2002-01-25,-0.012059132622654012
2002-01-28,0.014254152640378104
2002-01-29,0.002155791097462778
2002-01-30,-0.00013669240541880345
2002-01-31,0.010103460580747736
2002-02-01,-0.0008395578798566783
2002-02-04,-0.023700481751856795
2002-02-05,-0.01947886590926773
2002-02-06,0.02895457988924255
2002-02-07,0.0007696209359417949
2002-02-08,0.012404657139890585
2002-02-11,0.003682331207436107
2002-02-12,-0.01791248118657529
2002-02-13,0.014400527519270012
2002-02-14,0.006966648850252222
2002-02-15,-0.030206226627439325
2002-02-19,-0.039227284898710746
2002-02-20,-0.005943173539429081
2002-02-21,-0.010986056274112421
2002-02-22,-0.01694254383205751
2002-02-25,0.0036487134350187134
2002-02-26,0.011002265123244426
2002-02-27,0.021273574810971363
2002-02-28,-0.0029552047110906754
2002-03-01,0.005406313426028486
2002-03-04,0.0023399696546653193
2002-03-05,-0.019640345973679474
2002-03-06,-0.03904156807823367
2002-03-07,0.012376272020972579
2002-03-08,0.02133428002200488
2002-03-11,-0.01563806399545109
2002-03-12,-0.02904985664901716
2002-03-13,-0.010472514937033606
2002-03-14,-0.016505648590880995
2002-03-15,0.0012881174124728112
2002-03-18,0.016355565198371558
2002-03-19,0.007494141363790341
2002-03-20,-0.016970935871970738
2002-03-21,0.010799155406682637
2002-03-22,0.012300321125718217
2002-03-25,-0.0027750924314543512
2002-03-26,-0.008398882478324432
2002-03-27,-0.027234019300766632
2002-03-28,0.010570101395798837
2002-04-01,-0.03686886851794269
2002-04-02,-0.014854361360209567
2002-04-03,-0.01160656512781022
2002-04-04,-0.023275127291653486
2002-04-05,0.00632348382046688
2002-04-08,-0.02908683146055413
2002-04-09,0.004146914987051442
2002-04-10,-0.003361280356009133
2002-04-11,-0.0268984072628361
2002-04-12,0.0118079190461724
2002-04-15,-0.00271533445468386
2002-04-16,0.030979779710824218
2002-04-17,0.024515485777402146
2002-04-18,-0.0092890072350712
2002-04-19,0.018577992682719424
2002-04-22,0.006487861673007078
2002-04-23,0.011576915206226612
2002-04-24,0.019504690387493806
2002-04-25,0.006384516909990312
2002-04-26,0.009071791168942855
2002-04-29,0.0011854922659595424
2002-04-30,-0.026080411894111255
2002-05-01,0.010673040052484595
2002-05-02,0.011419168792223378
2002-05-03,-0.0015182953666791343
2002-05-06,-0.021415046149377726
2002-05-07,0.02769949190585952
2002-05-08,0.08786816406313225
2002-05-09,0.0
2002-05-10,0.0
2002-05-13,0.0
2002-05-14,0.08315445434014723
2002-05-15,0.0
2002-05-16,0.0
2002-05-17,0.0
2002-05-20,-0.0010593955166213753
2002-05-21,0.017204213411353475
2002-05-22,-0.002425649258582241
2002-05-23,0.0059198624087013485
2002-05-24,-0.0182813123183726
2002-05-28,0.012488872630361136
2002-05-29,-0.01864131259859081
2002-05-30,-0.022469560941212663
2002-05-31,0.004893395648328136
2002-06-03,-0.014612090374381825
2002-06-04,-0.004282839645959324
2002-06-05,-0.003133190559256094
2002-06-06,-0.010303736792866447
2002-06-07,-0.09073950150651378
2002-06-10,0.007522580214763153
2002-06-11,0.01278927573034383
2002-06-12,-0.013483878573174679
2002-06-13,-0.000701920020944713
2002-06-14,-0.026988831885989217
2002-06-17,0.023826167453473213
2002-06-18,-0.00951903262710252
2002-06-19,-0.05856972632758717
2002-06-20,0.002052263493396156
2002-06-21,0.00211335452137984
2002-06-24,-0.017927505532527643
2002-06-25,0.02266336282520931
2002-06-26,-0.10216329876961106
2002-06-27,0.04998764592282834
2002-06-28,0.0
2002-07-01,0.0
2002-07-02,0.0
2002-07-03,-0.011875443550755205
2002-07-05,0.07932621934194595
2002-07-08,0.0
2002-07-09,0.0
2002-07-10,0.0
2002-07-11,-0.007394250578221295
2002-07-12,0.04548848618741408
2002-07-15,0.0
2002-07-16,0.0
2002-07-17,0.0
2002-07-18,-0.02839486446769479
2002-07-19,-0.024833284492771335
2002-07-22,-0.005202264922532396
2002-07-23,0.016663224536426213
2002-07-24,-0.021187733991027025
2002-07-25,-0.04600251321331672
2002-07-26,0.023531477925276878
2002-07-29,0.03641385397474539
2002-07-30,0.0
2002-07-31,0.0
2002-08-01,0.0
2002-08-02,-0.011276502559961932
2002-08-05,-0.0010693722465685562
2002-08-06,0.032422732143613686
2002-08-07,0.0
2002-08-08,0.0
2002-08-09,0.0
2002-08-12,-0.01646853949673066
2002-08-13,-0.0031662821467496327
2002-08-14,0.00536088883033381
2002-08-15,0.014278808667353093
2002-08-16,-0.013105645362263774
2002-08-19,0.018192196849519338
2002-08-20,-0.012188839546279917
2002-08-21,0.031542748186255354
2002-08-22,0.0
2002-08-23,0.0
2002-08-26,0.0
2002-08-27,0.006402840622216521
2002-08-28,-0.0076098929796112325
2002-08-29,-0.02287750774071884
2002-08-30,-0.008822465338929053
2002-09-03,-0.019284035101440833
2002-09-04,0.002440681527289046
2002-09-05,-0.014620057659418428
2002-09-06,0.027395698874832286
2002-09-09,0.0
2002-09-10,0.0
2002-09-11,0.0
2002-09-12,-0.01830682511041526
2002-09-13,-0.014352601626506978
2002-09-16,-0.005802456759942398
2002-09-17,0.02123648079105478
2002-09-18,0.0
2002-09-19,0.0
2002-09-20,0.0
2002-09-23,-0.016341367258950412
2002-09-24,-0.014947820429973113
2002-09-25,0.013926609384873112
2002-09-26,0.008950081962301848
2002-09-27,-0.003216093443204726
2002-09-30,-0.0053463644730128435
2002-10-01,0.009626714196312891
2002-10-02,-0.0025017304850635247
2002-10-03,-0.017597491803021725
2002-10-04,0.005465753713406407
2002-10-07,-0.004396480021795934
2002-10-08,0.011779952208891054
2002-10-09,-0.008021528063183903
2002-10-10,0.0010257833410440842
2002-10-11,0.028474641824928426
2002-10-14,0.0
2002-10-15,0.0
2002-10-16,0.0
2002-10-17,0.047221546136898995
2002-10-18,0.0
2002-10-21,0.0
2002-10-22,0.0
2002-10-23,0.001069930295880983
2002-10-24,0.013789869058992155
2002-10-25,-0.00956380552464231
2002-10-28,0.028903532825530265
2002-10-29,0.0
2002-10-30,0.0
2002-10-31,0.0
2002-11-01,-0.0015839579895460254
2002-11-04,0.012097856660938211
2002-11-05,-0.009675038268808334
2002-11-06,0.010768284543227535
2002-11-07,-0.011892596741251427
2002-11-08,-0.003266090978593983
2002-11-11,0.0013083941473237548
2002-11-12,0.027002751887436727
2002-11-13,-0.010693018211994754
2002-11-14,0.006518869435141461
2002-11-15,-0.007915514567723214
2002-11-18,0.002706728055674512
2002-11-19,-0.00876992212281169
2002-11-20,0.0011666064756292727
2002-11-21,0.008801365194347044
2002-11-22,-0.009912185545746133
2002-11-25,-0.0013257559288044618
2002-11-26,-0.0077718210086066275
2002-11-27,0.007878842571070965
2002-11-29,0.007229709813610485
2002-12-02,0.01567736080547033
2002-12-03,-0.011361851745170015
2002-12-04,-0.027574133578810445
2002-12-05,0.030051562977099433
2002-12-06,-0.016416409489502293
2002-12-09,-0.025112985282455424
2002-12-10,0.010050476317710055
2002-12-11,-0.009387780492460585
2002-12-12,0.010920355358947864
2002-12-13,-0.020777206415699023
2002-12-16,0.007045991001658258
2002-12-17,-0.001652077160504417
2002-12-18,-0.020713964002563534
2002-12-19,-0.0035637424729749734
2002-12-20,0.008243694049672845
2002-12-23,0.003265182065524508
2002-12-24,-0.010655936207029426
2002-12-26,0.007168377570844431
2002-12-27,-0.003804135646036433
2002-12-30,-0.0015821035628685864
2002-12-31,0.001515682555205622
2003-01-02,0.011987597720414245
2003-01-03,0.00032258538388751923
2003-01-06,0.0014065542795136388
2003-01-07,0.00424201426382953
2003-01-08,-0.006786315488558126
2003-01-09,0.009512782359677008
2003-01-10,-0.015099821643585587
2003-01-13,0.010181477770868641
2003-01-14,-0.003590061054742799
2003-01-15,0.002867605984863797
2003-01-16,0.005808156679102172
2003-01-17,-0.0010974673842918392
2003-01-21,0.0030234417872485597
2003-01-22,-0.008400267760249935
2003-01-23,0.008181789567518027
2003-01-24,-0.012329663474808572
2003-01-27,-0.014985009756538159
2003-01-28,0.007274298855416639
2003-01-29,-0.012449597701416515
2003-01-30,-0.002306251692064998
2003-01-31,-0.007960681073691855
2003-02-03,0.003432973748880075
2003-02-04,-0.0027168131792616457
2003-02-05,0.005376815727436979
2003-02-06,0.00844362240836194
2003-02-07,0.01085394830278208
2003-02-10,-0.0022954275986298844
2003-02-11,-0.0015180347161901642
2003-02-12,-0.0012509080301784659
2003-02-13,0.003237574003241761
2003-02-14,0.020839201066224833
2003-02-18,0.0
2003-02-19,0.0
2003-02-20,0.0
2003-02-21,0.0008738919558322067
2003-02-24,-0.0038624705326399944
2003-02-25,-0.01340841641787649
2003-02-26,-0.00647113780262909
2003-02-27,0.0026427234210208983
2003-02-28,-0.004473222130022325
2003-03-03,0.004280470318887231
2003-03-04,-0.00014506563474636636
2003-03-05,-0.002889070192525045
2003-03-06,-0.0027421377147650583
2003-03-07,-0.01308298697190824
2003-03-10,-0.003544900828134856
2003-03-11,0.0030485215324842496
2003-03-12,-0.0013585197867356236
2003-03-13,0.01586443108624369
2003-03-14,-0.0010817957923247024
2003-03-17,-0.007532719118064524
2003-03-18,0.0016838892285457874
2003-03-19,0.0018893330139773123
2003-03-20,5.371742891746578e-05
2003-03-21,0.01915910470728832
2003-03-24,0.0
2003-03-25,0.0
2003-03-26,0.0
2003-03-27,-0.00942386374565174
2003-03-28,-0.0044389353100652285
2003-03-31,-0.01885114926310183
2003-04-01,0.006042637288672825
2003-04-02,0.02053370491642581
2003-04-03,0.0
2003-04-04,0.0
2003-04-07,0.0
2003-04-08,-0.008190795503420945
2003-04-09,-0.003772231884587862
2003-04-10,0.004992546667897724
2003-04-11,0.006703346267127541
2003-04-14,-0.0031048664223470857
2003-04-15,-0.009626211728290923
2003-04-16,0.013518375606844879
2003-04-17,-0.006044367606962586
2003-04-21,0.005884863475965396
2003-04-22,0.001687238080976483
2003-04-23,0.0011715392236959499
2003-04-24,-0.0013503509496686217
2003-04-25,-0.005416683138795952
2003-04-28,0.0009416635067847068
2003-04-29,0.008951101860145805
2003-04-30,-0.005854694859771747
2003-05-01,-0.002158266440845602
2003-05-02,0.0009698356786043139
2003-05-05,0.019234046571793728
2003-05-06,0.0037282011603245735
2003-05-07,-0.018627288116822682
2003-05-08,-0.018180715189449526
2003-05-09,0.044730512350387164
2003-05-12,0.0
2003-05-13,0.0
2003-05-14,0.0
2003-05-15,0.011617136119928873
2003-05-16,-0.005941116061582208
2003-05-19,-0.01832402203100092
2003-05-20,0.010892463592166557
2003-05-21,-0.011668437034164536
2003-05-22,0.009202671227170445
2003-05-23,0.0031137055909120637
2003-05-27,-0.013248667537514969
2003-05-28,0.012626873343646317
2003-05-29,0.00476683988894866
2003-05-30,0.06854712581236
2003-06-02,0.0
2003-06-03,0.0
2003-06-04,0.0
2003-06-05,-0.010911368908046781
2003-06-06,0.03123521859381051
2003-06-09,-0.00869210912665297
2003-06-10,0.0007985600564655027
2003-06-11,-0.001552270575414405
2003-06-12,0.006358062830164268
2003-06-13,-0.017959890160926806
2003-06-16,0.013139464160190961
2003-06-17,0.008772145800019615
2003-06-18,-0.012455014874853676
2003-06-19,-0.00688040031026349
2003-06-20,0.016372170911608475
2003-06-23,-0.0002346513792569338
2003-06-24,-0.009828867454710677
2003-06-25,0.004780992789802818
2003-06-26,0.002786569395370586
2003-06-27,0.006823169385319572
2003-06-30,0.008917309293430042
2003-07-01,-0.007710158573043691
2003-07-02,0.010399212940323421
2003-07-03,-0.01238076568225921
2003-07-07,0.011873523150562004
2003-07-08,-0.009128637969428088
2003-07-09,0.000744309613310401
2003-07-10,-0.023181085889972697
2003-07-11,0.006201680299836809
2003-07-14,0.037699859407976266
2003-07-15,0.0
2003-07-16,0.0
2003-07-17,0.0
2003-07-18,0.004987629040917874
2003-07-21,0.0002261695396472696
2003-07-22,0.008729679510910637
2003-07-23,-0.004264238936755205
2003-07-24,0.025749763736453435
2003-07-25,0.012397487397556306
2003-07-28,0.006132336001492433
2003-07-29,0.003770223866234268
2003-07-30,-0.004981973924859995
2003-07-31,0.010995722531508711
2003-08-01,-0.003328240843272545
2003-08-04,-2.084572821514641e-05
2003-08-05,0.010190490405781016
2003-08-06,-0.0015758802701733021
2003-08-07,-0.003712035787824308
2003-08-08,-0.03546339732037518
2003-08-11,0.0023471988789425247
2003-08-12,0.005006778404394119
2003-08-13,0.004065745323330372
2003-08-14,-0.009377059499464435
2003-08-15,0.002537466833936408
2003-08-18,0.01190510917348897
2003-08-19,0.015896690009642445
2003-08-20,-0.019797633529405778
2003-08-21,0.015527333909153507
2003-08-22,0.041557485246884296
2003-08-25,0.0
2003-08-26,0.0
2003-08-27,0.0
2003-08-28,0.0096444069138939
2003-08-29,-0.004196517719978532
2003-09-02,0.008280005255722145
2003-09-03,0.012638919902032919
2003-09-04,-0.004095710767266225
2003-09-05,-0.00234132923899677
2003-09-08,0.008495142995347482
2003-09-09,-0.010386124604193525
2003-09-10,-0.023157229773784982
2003-09-11,0.009829306891137701
2003-09-12,-0.003707801200936278
2003-09-15,0.006420094466306425
2003-09-16,0.008896925708199221
2003-09-17,0.002269779443201392
2003-09-18,-0.014829659280696461
2003-09-19,0.0006706350800755878
2003-09-22,-0.02918768280383932
2003-09-23,0.006593945702419779
2003-09-24,0.00614434602982894
2003-09-25,0.011008492475774068
2003-09-26,-0.0061205039190391775
2003-09-29,0.01437802317890835
2003-09-30,-0.018984361480612333
2003-10-01,0.005459754459953725
2003-10-02,0.0015872813343464909
2003-10-03,0.05046752626468498
2003-10-06,0.0
2003-10-07,0.0
2003-10-08,0.0
2003-10-09,0.021366802532374773
2003-10-10,0.01753136472913308
2003-10-13,0.0100294789133617
2003-10-14,-0.012067615451535008
2003-10-15,0.06355263115286447
2003-10-16,0.0
2003-10-17,0.0
2003-10-20,0.0
2003-10-21,0.009088470022166506
2003-10-22,-0.022262465430072154
2003-10-23,-0.029893264480754134
2003-10-24,-0.0018737215170787636
2003-10-27,0.030766540291657485
2003-10-28,0.028236929134995314
2003-10-29,-0.08166644724077032
2003-10-30,0.016140455471625126
2003-10-31,0.0012098032427863004
2003-11-03,0.017407476965417334
2003-11-04,-0.006199567270288031
2003-11-05,-5.428283575514836e-05
2003-11-06,0.008534045810730362
2003-11-07,0.007289575345938326
2003-11-10,-0.011130946137739572
2003-11-11,-0.005343277218089915
2003-11-12,0.004687270062111004
2003-11-13,-0.011443950953035631
2003-11-14,0.0015626701027937617
2003-11-17,-0.019453985110384653
2003-11-18,0.01565669837592809
2003-11-19,0.00381061930235016
2003-11-20,-0.017697031995445256
2003-11-21,0.013758495891321942
2003-11-24,0.012791156541410942
2003-11-25,0.007286220819257672
2003-11-26,0.013269855766321781
2003-11-28,-0.003572458305151849
2003-12-01,0.014140616307455556
2003-12-02,0.004045096132613724
2003-12-03,0.0066118813511271135
2003-12-04,0.005016497140972298
2003-12-05,-0.027906352338954332
2003-12-08,-0.0060852187607204344
2003-12-09,0.013568652293976191
2003-12-10,-0.0018543603888510063
2003-12-11,0.003777351837970233
2003-12-12,0.007592274837598723
2003-12-15,0.027815330968342655
2003-12-16,0.00010985720060108228
2003-12-17,-0.00018361864812665996
2003-12-18,0.006701120792617754
2003-12-19,0.002656645066400065
2003-12-22,-0.005857634099897702
2003-12-23,0.0019496907869800406
2003-12-24,-0.00127745379261468
2003-12-26,0.0030763120434833535
2003-12-29,0.008954802017912211
2003-12-30,0.003734331089681575
2003-12-31,0.006956106967023423
2004-01-02,0.011778505581255594
2004-01-05,0.012266811069880701
2004-01-06,0.0004361641353485268
2004-01-07,0.01128617296351142
2004-01-08,0.011058594139701228
2004-01-09,-0.01182300205270137
2004-01-12,0.008163926159436397
2004-01-13,0.005365219244449548
2004-01-14,0.0064162704730459375
2004-01-15,-0.01529487216248493
2004-01-16,0.009406581132491043
2004-01-20,0.009641330918847668
2004-01-21,-0.01914761521643904
2004-01-22,0.001414011530840309
2004-01-23,0.006921614134138165
2004-01-26,-0.0026173437900670615
2004-01-27,-0.0006104751655422458
2004-01-28,0.012802913618876754
2004-01-29,0.007786344757193531
2004-01-30,0.0008464540445296542
2004-02-02,0.014146185298305358
2004-02-03,0.0266887314161397
2004-02-04,-0.055069359654702166
2004-02-05,0.013286035988173683
2004-02-06,0.007183552211600608
2004-02-09,0.013214174933898537
2004-02-10,0.007408279228235282
2004-02-11,0.015986539096393804
2004-02-12,0.026147231198764054
2004-02-13,0.02453057694823002
2004-02-17,0.03378855576886797
2004-02-18,0.0
2004-02-19,0.0
2004-02-20,0.0
2004-02-23,-0.006749130139395376
2004-02-24,-0.053720537010169656
2004-02-25,0.007055653935467365
2004-02-26,-0.00030332424709500483
2004-02-27,0.0214388402777701
2004-03-01,0.0046948587678390385
2004-03-02,-0.004611198032161923
2004-03-03,-0.009033324351818917
2004-03-04,-0.0077191906947862154
2004-03-05,-0.013975734372954962
2004-03-08,0.02988389976746597
2004-03-09,-0.0025369970614754767
2004-03-10,-0.00163157165970651
2004-03-11,-0.024308740091980474
2004-03-12,0.021822391197714452
2004-03-15,-0.0006141545814198901
2004-03-16,0.01771448593064373
2004-03-17,0.014031830236690634
2004-03-18,-6.975210369697393e-05
2004-03-19,0.0060628522855497025
2004-03-22,-0.012555100329020852
2004-03-23,0.022863000408716694
2004-03-24,-0.0019180873555014744
2004-03-25,0.008159213254007147
2004-03-26,-0.0026105463652446037
2004-03-29,0.023226257248645243
2004-03-30,0.015410266576736387
2004-03-31,0.007193705418002683
2004-04-01,0.010153021683634078
2004-04-02,0.03875760742668666
2004-04-05,0.0
2004-04-06,0.0
2004-04-07,0.0
2004-04-08,0.038287264701191814
2004-04-12,0.0
2004-04-13,0.0
2004-04-14,0.0
2004-04-15,0.014563568834129903
2004-04-16,0.00604375407966895
2004-04-19,0.02343814059145255
2004-04-20,-0.07029689042382303
2004-04-21,-0.07526538309477082
2004-04-22,0.02208159688029898
2004-04-23,0.001617003101044956
2004-04-26,-0.005456738868819144
2004-04-27,0.009110129638509434
2004-04-28,-0.08045419481221994
2004-04-29,0.015521854296622672
2004-04-30,-0.007242011623435296
2004-05-03,-0.03996728883371681
2004-05-04,0.005079828829022137
2004-05-05,0.00542905997311105
2004-05-06,-0.0015409953338993976
2004-05-07,0.00255685712948428
2004-05-10,-0.003943525122095726
2004-05-11,0.008593861180806073
2004-05-12,-0.0059187642473167434
2004-05-13,-0.004137732409265404
2004-05-14,0.0024354685778482654
2004-05-17,-0.007574563941502799
2004-05-18,0.007616213422227069
2004-05-19,0.015935430132470785
2004-05-20,0.0009713841647809307
2004-05-21,0.013297201205056286
2004-05-24,0.006140584044386221
2004-05-25,0.0002529109958342435
2004-05-26,-0.0002545136313027996
2004-05-27,0.004768993327838533
2004-05-28,0.0011517729352448214
2004-06-01,-0.006615535208230328
2004-06-02,0.002488585648799946
2004-06-03,-0.004159833089833698
2004-06-04,0.012355507614209671
2004-06-07,0.005786873635250878
2004-06-08,-0.0030310442456301656
2004-06-09,-0.0005469301595349974
2004-06-10,0.007067570609930129
2004-06-14,-0.003098341358443668
2004-06-15,0.009506115002717364
2004-06-16,-0.002429225832683346
2004-06-17,-0.0029690933272656927
2004-06-18,-0.007276680936913582
2004-06-21,0.0022208415557516403
2004-06-22,0.003412278692523918
2004-06-23,0.0023714970668091695
2004-06-24,0.0002554983072640127
2004-06-25,0.001763855233983147
2004-06-28,0.0049384168384121185
2004-06-29,0.009108525324262207
2004-06-30,-0.0016716565567616026
2004-07-01,-0.0007019338223789306
2004-07-02,3.4093137790680572e-06
2004-07-06,-0.012979475244511707
2004-07-07,0.0012696214608880485
2004-07-08,-0.004597048070022591
2004-07-09,0.006491495625996491
2004-07-12,-0.01008926141280575
2004-07-13,0.003301506608490712
2004-07-14,-0.021510784540451966
2004-07-15,0.0013629722098487118
2004-07-16,0.008673174691745889
2004-07-19,0.0007744052757008291
2004-07-20,0.0019144281118146367
2004-07-21,0.007999377512819539
2004-07-22,0.0023255809167754826
2004-07-23,-0.007053225599758517
2004-07-26,0.0024066484023999024
2004-07-27,0.0016657568890290353
2004-07-28,-0.005744782333072296
2004-07-29,0.0047735850770098676
2004-07-30,-0.0003028756632115215
2004-08-02,-0.0055410399539503885
2004-08-03,-0.002403357624013558
2004-08-04,-0.0010204191383499372
2004-08-05,0.0013146767758844824
2004-08-06,-0.02982508248878346
2004-08-09,0.008524972702753875
2004-08-10,0.0021478800966820977
2004-08-11,-0.015133280628609969
2004-08-12,-0.005352272547617054
2004-08-13,0.00434770381290317
2004-08-16,-0.00011134296529868859
2004-08-17,0.006816706294098029
2004-08-18,-0.002581805001268922
2004-08-19,-0.0014691836721469897
2004-08-20,-0.0007682537277012846
2004-08-23,0.005264310012469187
2004-08-24,0.005021481097661873
2004-08-25,0.0017555915887788043
2004-08-26,-0.007026540387711222
2004-08-27,0.0011495613817544825
2004-08-30,-0.0024578225689186883
2004-08-31,0.00030177401993625175
2004-09-01,0.0014860014348478945
2004-09-02,0.0005277903749314472
2004-09-03,-0.015143788662213553
2004-09-07,0.00653940437352718
2004-09-08,-0.0014831622134545697
2004-09-09,0.009453965455878732
2004-09-10,-0.00045259653496709795
2004-09-13,0.003361201366055555
2004-09-14,-0.00365095894052081
2004-09-15,-0.008836366582093413
2004-09-16,0.0060546179500975406
2004-09-17,0.0037875449375870396
2004-09-20,-0.0060777596505343645
2004-09-21,0.005578393191790543
2004-09-22,-0.006872937591189565
2004-09-23,0.0016950786598128875
2004-09-24,0.0024278213472428423
2004-09-27,-0.005200274316383924
2004-09-28,-0.0010691018908387528
2004-09-29,-0.0015303712399126201
2004-09-30,-0.0007938318812139578
2004-10-01,0.005255330333459041
2004-10-04,0.005212110187069019
2004-10-05,-0.00801561247839977
2004-10-06,-0.0003813703405609603
2004-10-07,0.0006327520138933451
2004-10-08,-0.005526332773564957
2004-10-11,-0.002769342132426633
2004-10-12,-0.01297497768282696
2004-10-13,0.015092104964742559
2004-10-14,-0.0027212590094616296
2004-10-15,-0.0002856576382236353
2004-10-18,-0.00401838786938824
2004-10-19,0.010422063965602968
2004-10-20,-0.002469146476885342
2004-10-21,0.005872592409863042
2004-10-22,0.0018928349126037247
2004-10-25,-0.004345342137437869
2004-10-26,0.012065300347185781
2004-10-27,0.0014467594542451057
2004-10-28,-0.0013980684440703106
2004-10-29,-0.0043059131668656825
2004-11-01,0.00254536819401574
2004-11-02,-0.0028132060947160253
2004-11-03,0.023075636884152928
2004-11-04,0.005443968040857117
2004-11-05,0.002978462854397401
2004-11-08,0.021989684520263175
2004-11-09,0.010445203311236106
2004-11-10,0.011658175675296922
2004-11-11,0.040655285192512824
2004-11-12,0.0
2004-11-15,0.0
2004-11-16,0.0
2004-11-17,0.014861209840473233
2004-11-18,-0.0006257778421410176
2004-11-19,-0.03058570636673219
2004-11-22,-0.0652262469422098
2004-11-23,0.014517983473137708
2004-11-24,0.012632839573702537
2004-11-26,-0.0416272191193765
2004-11-29,0.023507881037553746
2004-11-30,0.026055781153802693
2004-12-01,0.04875021841896032
2004-12-02,0.0
2004-12-03,0.0
2004-12-06,0.0
2004-12-07,-0.00864051978421776
2004-12-08,-0.009673094823329564
2004-12-09,-0.006716058879745801
2004-12-10,-0.004398361944559115
2004-12-13,0.016109440427735766
2004-12-14,0.008138383777930525
2004-12-15,-0.0027569901855130086
2004-12-16,-0.021667688191694512
2004-12-17,-0.003170687079995904
2004-12-20,0.015406807814981383
2004-12-21,0.009800582514704503
2004-12-22,0.0016830219884751418
2004-12-23,0.008344596348445643
2004-12-27,0.010683288413728231
2004-12-28,0.0026478774317530984
2004-12-29,-0.006560513251684497
2004-12-30,0.0011013297513244868
2004-12-31,0.01187786259887913
2005-01-03,0.032143887875729193
2005-01-04,-0.008649160003517897
2005-01-05,-0.007144455091177115
2005-01-06,0.012292782867945107
2005-01-07,0.01691865228666023
2005-01-10,0.0066924145672293545
2005-01-11,0.004217352911934924
2005-01-12,0.008486823949978017
2005-01-13,-0.0007862411869236086
2005-01-14,0.006447266190845902
2005-01-18,0.0029299300653113924
2005-01-19,0.006160022817396582
2005-01-20,-0.03221493722419044
2005-01-21,0.005453252996945768
2005-01-24,-0.0011885318414567303
2005-01-25,0.009968817560161991
2005-01-26,0.016635226721272156
2005-01-27,-0.0021573127555668536
2005-01-28,0.014421779045583394
2005-01-31,0.028172423857081963
2005-02-01,-0.009029799633898605
2005-02-02,0.08881628428044053
2005-02-03,0.0
2005-02-04,0.0
2005-02-07,0.0
2005-02-08,0.0046978070703007635
2005-02-09,0.004532044789059997
2005-02-10,0.002827794901936409
2005-02-11,0.007934687691691922
2005-02-14,-0.002628794488970576
2005-02-15,0.020157299017708796
2005-02-16,-0.003902909154477552
2005-02-17,0.00477618202442609
2005-02-18,0.011472881739129637
2005-02-22,-0.009459560575943438
2005-02-23,0.01781252666983013
2005-02-24,-0.03776690608871558
2005-02-25,0.006884101968298362
2005-02-28,0.0021623049152244
2005-03-01,0.00815697669099813
2005-03-02,-0.0073065835819210445
2005-03-03,0.004689712249324796
2005-03-04,0.018520096547178788
2005-03-07,0.0009107698189514402
2005-03-08,-0.02178672394075698
2005-03-09,-0.015010694036075689
2005-03-10,0.005236935979029411
2005-03-11,0.008385279774410614
2005-03-14,0.008812892971107544
2005-03-15,0.005927979938800787
2005-03-16,-0.0011594742548669545
2005-03-17,0.00712916555866383
2005-03-18,0.0193323031087258
2005-03-21,0.005034420258171801
2005-03-22,0.003878626079822478
2005-03-23,-0.006847267953782543
2005-03-24,0.007015572645514778
2005-03-28,0.004586299814153039
2005-03-29,-0.0005273208113160122
2005-03-30,0.005451586711134215
2005-03-31,-0.005680617443204916
2005-04-01,0.010665244153353015
2005-04-04,-0.0013644887582351384
2005-04-05,0.000390412495330672
2005-04-06,0.003700579398432824
2005-04-07,0.00019310666348171246
2005-04-08,0.0008115943228723665
2005-04-11,0.001317193621998003
2005-04-12,-0.0005278690929284569
2005-04-13,-0.0014419645490841848
2005-04-14,0.0006044271008869284
2005-04-15,-0.006546793902071579
2005-04-18,-0.0005543656771594963
2005-04-19,0.004742266617937085
2005-04-20,0.004320291109965346
2005-04-21,0.007938995361854717
2005-04-22,-0.00022641568824810498
2005-04-25,0.0045325690344391045
2005-04-26,-0.0004053051383168249
2005-04-27,-0.0031931290084972197
2005-04-28,-0.002196137439043011
2005-04-29,-0.0011319964451469433
2005-05-02,0.0021313540760499183
2005-05-03,-0.0014040968437828427
2005-05-04,0.0007936460183355365
2005-05-05,0.0007612506597325375
2005-05-06,0.004016035444980304
2005-05-09,0.001597809186735466
2005-05-10,-0.0010553514619325854
2005-05-11,0.0018863067824019808
2005-05-12,0.0002299825686340462
2005-05-13,0.007735364396187716
2005-05-16,0.0008896750205400483
2005-05-17,-0.0018706693698665733
2005-05-18,0.0005204739564701466
2005-05-19,0.00019306906182592343
2005-05-20,0.0008124411405907583
2005-05-23,0.0014081671150560915
2005-05-24,-0.0021205697809041357
2005-05-25,-0.0011848506917012669
2005-05-26,0.0025703297547938764
2005-05-27,6.695395680500482e-05
2005-05-31,0.0006495157659514028
2005-06-01,-0.0013549638487497795
2005-06-02,-0.000742710016540693
2005-06-03,-0.00021874327057336274
2005-06-06,-0.003386662749342406
2005-06-07,-0.00043000016803329544
2005-06-08,0.0022602660999493374
2005-06-09,-0.0006951199872089475
2005-06-10,-0.00024183386546738905
2005-06-13,-0.0006363708003573887
2005-06-14,0.00016318896146638728
2005-06-15,-0.001055627258588543
2005-06-16,0.0010178500661899292
2005-06-17,0.004188418366572799
2005-06-20,-0.002214948372583958
2005-06-21,0.0002228199676634901
2005-06-22,0.0025013461215559474
2005-06-23,0.00030961083630720587
2005-06-24,-0.00032949934146275783
2005-06-27,-0.0012725394536339252
2005-06-28,0.0017359993542644947
2005-06-29,0.0010314994797600008
2005-06-30,0.0014052041559131645
2005-07-01,-9.809742403266153e-05
2005-07-05,0.003978469351002989
2005-07-06,0.007862030939658426
2005-07-07,-0.01301139087079084
2005-07-08,0.003946911404150155
2005-07-11,0.0003834856392748165
2005-07-12,5.961883813698776e-05
2005-07-13,0.004382580624887611
2005-07-14,0.03216611261797753
2005-07-15,0.0016968866649691439
2005-07-18,-0.005229013285958817
2005-07-19,0.013233467969938406
2005-07-20,-0.01920755477537195
2005-07-21,0.007175246352471909
2005-07-22,-0.034405800912698625
2005-07-25,-0.002087841476672625
2005-07-26,-0.0025097690542915663
2005-07-27,0.008439470003402283
2005-07-28,0.0025826100315755607
2005-07-29,-0.006027148217749523
2005-08-01,0.0029617909564298994
2005-08-02,-0.0005055951188298602
2005-08-03,-0.00641159535915059
2005-08-04,-0.009783187196877208
2005-08-05,-0.00143283398586036
2005-08-08,0.006774129184071498
2005-08-09,0.009428632838160755
2005-08-10,-0.0013028618262675984
2005-08-11,8.046846835618737e-05
2005-08-12,-0.004532079337654871
2005-08-15,-0.0008490886941051601
2005-08-16,0.0036424617706971585
2005-08-17,-0.0013305321642059775
2005-08-18,-0.04531902993313497
2005-08-19,0.0057293463340952755
2005-08-22,0.008342628718396972
2005-08-23,0.010503168382046901
2005-08-24,-0.011433108156952088
2005-08-25,0.001308401664655623
2005-08-26,0.0007975835487428196
2005-08-29,-0.009309232223157271
2005-08-30,-0.006200510554081107
2005-08-31,0.005022116923954378
2005-09-01,-0.0017261043173197876
2005-09-02,0.0012528957262933904
2005-09-06,0.0018997990650233554
2005-09-07,-0.0025928027802665232
2005-09-08,0.000185567143580867
2005-09-09,0.005250062408138856
2005-09-12,0.006730633403306818
2005-09-13,-0.002737396535621217
2005-09-14,-0.0069270496518011315
2005-09-15,-0.006692548916993113
2005-09-16,0.00628269809643256
2005-09-19,0.002398406140987852
2005-09-20,0.011655866015091165
2005-09-21,0.0020989284931622887
2005-09-22,-0.0020830931657838114
2005-09-23,0.006689840815997661
2005-09-26,0.020004648496031674
2005-09-27,0.003958307510556924
2005-09-28,0.0031317166004380947
2005-09-29,0.0033817813965295596
2005-09-30,0.021474006166735782
2005-10-03,-0.012969165512631942
2005-10-04,0.0037337228538905087
2005-10-05,0.004832086992066609
2005-10-06,0.00888321512557222
2005-10-07,0.007352035602342655
2005-10-10,0.004641977288250443
2005-10-11,0.002742162083438693
2005-10-12,-0.009002906494328111
2005-10-13,0.0034138934940541876
2005-10-14,0.008482316285656433
2005-10-17,0.005668605412040062
2005-10-18,0.0011047871018063926
2005-10-19,-0.006967794372696123
2005-10-20,0.003057634661012276
2005-10-21,0.09742110669014248
2005-10-24,0.0
2005-10-25,0.0
2005-10-26,0.0
2005-10-27,0.0011140846602910592
2005-10-28,0.008350978718510982
2005-10-31,0.006829263072098968
2005-11-01,-0.0031507803371352283
2005-11-02,0.0012645634063013222
2005-11-03,0.006641854370634359
2005-11-04,0.0007197433793995067
2005-11-07,0.0033020879497540623
2005-11-08,-0.0011623056053243763
2005-11-09,-0.00041870993048587213
2005-11-10,0.0040528825504333454
2005-11-11,0.00039473571191694923
2005-11-14,-0.0015749393402947343
2005-11-15,0.005814020872697778
2005-11-16,-0.001669091503151865
2005-11-17,0.0033705430205299702
2005-11-18,0.008463569530344772
2005-11-21,0.0038734385361292034
2005-11-22,0.002026676770815694
2005-11-23,0.0017287333381494907
2005-11-25,0.003937311205505667
2005-11-28,0.002229786245798282
2005-11-29,-0.0061923555597206414
2005-11-30,-0.001516467808497235
2005-12-01,0.006449847194133218
2005-12-02,0.007794923833119638
2005-12-05,-0.008678921745074564
2005-12-06,0.019714594242954853
2005-12-07,0.0023447911104828023
2005-12-08,-0.00639389485513453
2005-12-09,0.003596333910687921
2005-12-12,0.008442795513919465
2005-12-13,-0.0016413856688873851
2005-12-14,-0.022149131584398796
2005-12-15,0.005680591244893396
2005-12-16,0.0031831963625847948
2005-12-19,-0.0013992890386155254
2005-12-20,0.0010868906575272064
2005-12-21,0.005771258275234281
2005-12-22,0.0020063810410606564
2005-12-23,0.0015442538776473391
2005-12-27,0.007090431695430555
2005-12-28,0.0027128805890348495
2005-12-29,0.0004357355692496956
2005-12-30,-0.0067183048768734155
2006-01-03,0.009722550378058026
2006-01-04,0.004688000333967324
2006-01-05,0.00016840698815467903
2006-01-06,0.008490436141253443
2006-01-09,0.004835630947009006
2006-01-10,0.0028700693776329
2006-01-11,0.02811273666008285
2006-01-12,0.011388196266884476
2006-01-13,-0.0012671523825440456
2006-01-17,-0.010566699959401182
2006-01-18,-0.017749830779615894
2006-01-19,0.02439005196510413
2006-01-20,-0.002631733727393115
2006-01-23,0.002791210568998226
2006-01-24,0.01175323283941343
2006-01-25,0.017346388161181725
2006-01-26,0.009142826989893438
2006-01-27,0.015012101081071538
2006-01-30,-0.012355267666813385
2006-01-31,0.0018732833915409142
2006-02-01,-0.011726242632781547
2006-02-02,-0.004187915305451484
2006-02-03,0.0016132263129320368
2006-02-06,0.007754455088834655
2006-02-07,0.007979056001832907
2006-02-08,0.012418216079826072
2006-02-09,0.0055800282046607474
2006-02-10,0.002494025557218116
2006-02-13,-0.009490508638073214
2006-02-14,0.007428528506024046
2006-02-15,-0.007035751666569889
2006-02-16,0.010304013593070094
2006-02-17,-0.018235103052176016
2006-02-21,0.004875108104824388
2006-02-22,-0.0013450526562517329
2006-02-23,0.0020786639559178255
2006-02-24,0.005717393972068496
2006-02-27,0.006323651571970679
2006-02-28,0.006565754248573974
2006-03-01,0.005898415038060545
2006-03-02,0.002146392583371126
2006-03-03,-4.3541681457814896e-05
2006-03-06,0.0027454782088973673
2006-03-07,0.0009612254823927469
2006-03-08,-0.00421603487488853
2006-03-09,0.0016807134441720883
2006-03-10,0.0003885608328324519
2006-03-13,0.011994297665626874
2006-03-14,-0.0008189109565194252
2006-03-15,0.006517215120884989
2006-03-16,0.009822665717621248
2006-03-17,0.003983730457943535
2006-03-20,0.005793663233021995
2006-03-21,-0.02350397489779754
2006-03-22,-0.001618343374643949
2006-03-23,0.007861527044443761
2006-03-24,0.002474057809125796
2006-03-27,0.0026515081288165376
2006-03-28,0.00034407227231758597
2006-03-29,0.0062487208788817306
2006-03-30,0.004656328621910788
2006-03-31,0.0053492990688013276
2006-04-03,0.0005893700484342901
2006-04-04,0.0026507165234308516
2006-04-05,-0.00019746035578005472
2006-04-06,0.0004669031793642642
2006-04-07,0.005188578225693519
2006-04-10,-0.00013083401337066203
2006-04-11,0.0050692457832779425
2006-04-12,0.0041187954243973035
2006-04-13,-0.014810833366969867
2006-04-17,0.003370881290096328
2006-04-18,-0.00033351908715639755
2006-04-19,0.016321821343484366
2006-04-20,-0.0008759276037626496
2006-04-21,0.004121867392295364
2006-04-24,0.0044651325753142235
2006-04-25,-0.0007749953617612881
2006-04-26,0.0013492477363319377
2006-04-27,-0.006252101628512086
2006-04-28,0.010487009939779801
2006-05-01,0.006609095182322555
2006-05-02,0.0035067798706593933
2006-05-03,-0.0018961276001249194
2006-05-04,-0.0008003343799293239
2006-05-05,0.00818839679363803
2006-05-08,-0.0031989776776544243
2006-05-09,-0.003174117798109388
2006-05-10,-0.004379598403450924
2006-05-11,0.0033339582488991493
2006-05-12,-0.003327523059658666
2006-05-15,-0.002202729472609799
2006-05-16,0.0011077153375997906
2006-05-17,-0.000214606482320856
2006-05-18,0.0035136015675016896
2006-05-19,0.02851748974563173
2006-05-22,0.0
2006-05-23,0.0
2006-05-24,0.0
2006-05-25,0.0076513265570821165
2006-05-26,0.0032507022122749696
2006-05-30,-0.002458964782079298
2006-05-31,0.006944613166590008
2006-06-01,0.00148137692724859
2006-06-02,0.005510049456318944
2006-06-05,-0.00048075287459548033
2006-06-06,0.0016130567877643553
2006-06-07,0.002410394064195076
2006-06-08,-0.006830720284819236
2006-06-09,0.008022746545156112
2006-06-12,0.00031354820568174624
2006-06-13,-0.0029869100187146502
2006-06-14,0.008528968421609662
2006-06-15,0.007742836046450208
2006-06-16,-0.0011211985671882863
2006-06-19,0.0048860298849005
2006-06-20,-0.00242261949233602
2006-06-21,0.0001480947175021008
2006-06-22,0.0009861069199530448
2006-06-23,0.001752435954548659
2006-06-26,0.0013002042309369077
2006-06-27,-0.012174429809290843
2006-06-28,0.00046286525650374166
2006-06-29,-0.001218434235234822
2006-06-30,0.0018190960312682858
2006-07-03,0.00306020724202849
2006-07-05,-0.009199275054387113
2006-07-06,0.0007465319512218738
2006-07-07,-0.006832494337341677
2006-07-10,0.0022597308830485385
2006-07-11,-0.002190854761652705
2006-07-12,-0.001106900221687801
2006-07-13,-0.004230058020117666
2006-07-14,0.0023743183736573137
2006-07-17,-0.0014777137488860559
2006-07-18,0.0004591236268403076
2006-07-19,0.0007477782148026524
2006-07-20,0.0062084238726238805
2006-07-21,-0.0215603377673238
2006-07-24,-0.0011905499707358658
2006-07-25,0.0033767564086537583
2006-07-26,-0.00026972469688846257
2006-07-27,0.0048947315775784705
2006-07-28,0.00355363256624619
2006-07-31,-0.00011178247560217347
2006-08-01,-9.243133215453003e-05
2006-08-02,0.004445521201628555
2006-08-03,-0.004200541847824479
2006-08-04,0.010096108472576137
2006-08-07,-0.004594756968748781
2006-08-08,0.0011248871195659316
2006-08-09,0.009755975434886377
2006-08-10,-0.0024315232554960042
2006-08-11,-0.008466666585000393
2006-08-14,0.004028945693364205
2006-08-15,0.01121587325005513
2006-08-16,0.006390824343135426
2006-08-17,0.000414050415338707
2006-08-18,-0.013748050450983595
2006-08-21,-0.0061474585656755565
2006-08-22,0.003908114739387791
2006-08-23,0.0042888422030515905
2006-08-24,0.0046170638863665125
2006-08-25,-0.001671896865756528
2006-08-28,0.002605371666842604
2006-08-29,0.0018985132954445483
2006-08-30,0.001944648738581023
2006-08-31,0.001197482634432312
2006-09-01,0.001180039720459547
2006-09-05,0.002948624637703956
2006-09-06,-0.007938673581085576
2006-09-07,-0.004097731781634084
2006-09-08,0.00011695054819549355
2006-09-11,-0.0031968448901026347
2006-09-12,0.0016990977190587397
2006-09-13,0.005419421015109505
2006-09-14,-0.002541445041174706
2006-09-15,0.007817912621572942
2006-09-18,0.0011850760367424495
2006-09-19,-2.3651398702750903e-05
2006-09-20,0.009682462265536262
2006-09-21,0.0066107974195479535
2006-09-22,-0.003615091154569705
2006-09-25,0.007937023016747702
2006-09-26,0.0010889612902560408
2006-09-27,-0.0027130863120717885
2006-09-28,-0.0017625169640749228
2006-09-29,0.003439842645339697
2006-10-02,-0.0003505418377645064
2006-10-03,-0.004314364024997297
2006-10-04,-0.0014350391589076361
2006-10-05,-0.00874178858896546
2006-10-06,-0.012541765662705817
2006-10-09,-0.005007905542593116
2006-10-10,0.0007717499604122935
2006-10-11,-0.002925309778269325
2006-10-12,0.006442879842773808
2006-10-13,0.0024110980912814828
2006-10-16,0.0015325511037729278
2006-10-17,-0.006105906930100824
2006-10-18,0.0073666906023037715
2006-10-19,0.0415391446146578
2006-10-20,0.0
2006-10-23,0.0
2006-10-24,0.0
2006-10-25,0.002831165541657743
2006-10-26,0.006052297361453851
2006-10-27,-0.004532739729398938
2006-10-30,-0.0034256762124726947
2006-10-31,0.008687694490484343
2006-11-01,-0.0008805572588056476
2006-11-02,-0.0038647467595988028
2006-11-03,0.005508354818292371
2006-11-06,0.006415947455111315
2006-11-07,0.007196658642354636
2006-11-08,-0.008561290155902124
2006-11-09,0.008675931019215266
2006-11-10,-0.001228567069616271
2006-11-13,-4.900262354279317e-05
2006-11-14,0.004615481826147461
2006-11-15,-0.0013437303443171178
2006-11-16,0.008467529223219028
2006-11-17,-0.007337440978855803
2006-11-20,-0.002792118895840856
2006-11-21,0.006447137014946591
2006-11-22,0.004122175489657209
2006-11-24,-0.01177927271960999
2006-11-27,0.0024466531972533456
2006-11-28,0.002823828766710168
2006-11-29,0.011492285614101538
2006-11-30,0.000544584580524976
2006-12-01,-0.0026044112636492978
2006-12-04,0.010601224719996027
2006-12-05,0.004723739659465043
2006-12-06,-0.0028221308246115795
2006-12-07,0.0037729975690548034
2006-12-08,0.00023122919313611767
2006-12-11,0.003555465438781935
2006-12-12,-0.002106205645054704
2006-12-13,0.01826319862064829
2006-12-14,0.0006828444239204146
2006-12-15,0.006210763416980569
2006-12-18,-0.0010435276392384285
2006-12-19,-0.008931325701352799
2006-12-20,0.001240557263969766
2006-12-21,0.0015264458487453947
2006-12-22,0.004690371140769312
2006-12-26,0.0016166700798696532
2006-12-27,-0.025073186128321434
2006-12-28,-0.010746734057026641
2006-12-29,0.024143244936859487
2007-01-03,0.013653943382276879
2007-01-04,0.001101213880758678
2007-01-05,-0.0019945506222248666
2007-01-08,0.00816395985225915
2007-01-09,0.008771611138630231
2007-01-10,0.01375546129831795
2007-01-11,-0.006685557643245077
2007-01-12,-0.011737271445153241
2007-01-16,0.0047660537633817945
2007-01-17,-0.0005723311912260165
2007-01-18,-0.019018143538395482
2007-01-19,-0.003101179260882825
2007-01-22,0.005422282829019576
2007-01-23,-0.010046917718576798
2007-01-24,0.010092484293275472
2007-01-25,0.0037574737915408996
2007-01-26,0.00575516096280726
2007-01-29,0.006253037092932789
2007-01-30,0.005452113718668272
2007-01-31,-0.006292952799640705
2007-02-01,0.004443011445785849
2007-02-02,0.007500391668330275
2007-02-05,-0.0008265446148562061
2007-02-06,0.004991491437922102
2007-02-07,0.021362614336665864
2007-02-08,-0.0058205820054654245
2007-02-09,0.0007202539806072661
2007-02-12,-0.005444774287751475
2007-02-13,0.0068881091769466
2007-02-14,0.003336776789186535
2007-02-15,0.0032746346328353937
2007-02-16,0.0011102431490239706
2007-02-20,-0.0034707784858327706
2007-02-21,-0.010756132730020962
2007-02-22,0.0074754553218978614
2007-02-23,-0.0013076031161581847
2007-02-26,0.007593782651288183
2007-02-27,-0.027310352611457644
2007-02-28,0.0018621671369254411
2007-03-01,-0.029257416186418972
2007-03-02,-0.0030890514535395486
2007-03-05,-0.012795534009975906
2007-03-06,0.007964295069360361
2007-03-07,-0.002347430523965577
2007-03-08,0.006915755502565846
2007-03-09,0.0048171914079198075
2007-03-12,-0.0029489588024214086
2007-03-13,-0.006627090663114177
2007-03-14,0.0007503263553210182
2007-03-15,-0.0006478363481651206
2007-03-16,0.000678242488371561
2007-03-19,0.0016370135094698757
2007-03-20,-0.0006358387748482963
2007-03-21,0.005767273663425998
2007-03-22,0.001023328765479281
2007-03-23,-0.001119061912078445
2007-03-26,0.00017118637392199432
2007-03-27,-0.001171083872333889
2007-03-28,-0.0026639365177258956
2007-03-29,0.0040714000073733825
2007-03-30,0.002443746291186377
2007-04-02,0.00019834332040402636
2007-04-03,0.000628253536342438
2007-04-04,-0.00035732663817034105
2007-04-05,0.0012888609659713612
2007-04-09,0.004769896504380533
2007-04-10,-0.00028449599298341344
2007-04-11,0.0007225105061356984
2007-04-12,-0.0010595596822872144
2007-04-13,0.0010471535683140853
2007-04-16,0.0011799770205669358
2007-04-17,0.00266754798582447
2007-04-18,-0.00022641205696916078
2007-04-19,-0.0029059606767035673
2007-04-20,0.006723949091977932
2007-04-23,-0.002143459463114783
2007-04-24,0.00038501073154129095
2007-04-25,0.00011873924870053898
2007-04-26,0.0019281754508091442
2007-04-27,-0.004360820768325002
2007-04-30,0.0015711860687206425
2007-05-01,0.0025819713346291184
2007-05-02,0.000871034105963453
2007-05-03,0.0029198652459874186
2007-05-04,0.0042836884678936205
2007-05-07,0.0014890974011732006
2007-05-08,-0.005030904280964199
2007-05-09,-0.00029599443179484375
2007-05-10,-0.0036966979833560343
2007-05-11,0.0028526590169506427
2007-05-14,0.00787898496520767
2007-05-15,0.001591624414860382
2007-05-16,0.006347923837435765
2007-05-17,-0.0016867333837602416
2007-05-18,0.006773583998026744
2007-05-21,0.001587488833509454
2007-05-22,0.003240804340136183
2007-05-23,-0.0008660425437255759
2007-05-24,-0.0003478732209479807
2007-05-25,0.008724767920297749
2007-05-29,0.004696131081906918
2007-05-30,-0.00547620110354341
2007-05-31,0.013835823166698846
2007-06-01,-0.000315055255571961
2007-06-04,0.00026594235217891615
2007-06-05,0.00013999713176371387
2007-06-06,-0.004259293054107216
2007-06-07,0.005460142263650658
2007-06-08,0.011368429788906731
2007-06-11,0.008274657518559714
2007-06-12,-0.007980424360830463
2007-06-13,0.006166457987251794
2007-06-14,-0.0010606214640869194
2007-06-15,0.014151247380240983
2007-06-18,0.017739410117448173
2007-06-19,-0.004602812757513952
2007-06-20,0.0026757417817113716
2007-06-21,0.0001771129707002217
2007-06-22,0.00020666020309900723
2007-06-25,0.00767624252089405
2007-06-26,0.010597090449162572
2007-06-27,0.0038919697188035673
2007-06-28,0.0032277960269482264
2007-06-29,0.01058795811550195
2007-07-02,-0.004095084668475746
2007-07-03,0.005959676901236666
2007-07-05,0.008462804596337747
2007-07-06,0.0023174192503088165
2007-07-09,0.001541748589851455
2007-07-10,-0.008892780020529512
2007-07-11,-0.0008093466436848162
2007-07-12,0.009841303645973909
2007-07-13,0.005532431922282921
2007-07-16,0.002492356581063504
2007-07-17,0.003388572643333365
2007-07-18,-0.006870562246614309
2007-07-19,0.015297091151946551
2007-07-20,0.009902500921245005
2007-07-23,0.0037687078870169977
2007-07-24,-0.031080471404749566
2007-07-25,0.055743078655852374
2007-07-26,0.0
2007-07-27,0.0
2007-07-30,0.0
2007-07-31,0.015305581100192311
2007-08-01,0.006185782328665068
2007-08-02,0.011733285726415632
2007-08-03,-0.008541856549821203
2007-08-06,0.007223316855060835
2007-08-07,-0.0034604079019997513
2007-08-08,0.012275685870213549
2007-08-09,-0.019918457662089772
2007-08-10,-0.030063819179049434
2007-08-13,0.0245614772519136
2007-08-14,0.003212196051171512
2007-08-15,-0.009100479448750143
2007-08-16,-0.018471386826594993
2007-08-17,0.039502941125697744
2007-08-20,0.0
2007-08-21,0.0
2007-08-22,0.0
2007-08-23,0.005602603412662166
2007-08-24,-0.004743231128178094
2007-08-27,-0.006219178431752459
2007-08-28,-0.007994298336231331
2007-08-29,0.020665220812460472
2007-08-30,-0.010712483084128088
2007-08-31,0.022652833246263215
2007-09-04,0.008416268789306125
2007-09-05,0.002015010274074802
2007-09-06,-0.0019159512852331417
2007-09-07,-0.022490708691876526
2007-09-10,0.030222129431379585
2007-09-11,0.0
2007-09-12,0.0
2007-09-13,0.0
2007-09-14,-0.006561861935581059
2007-09-17,-0.00036916316144819383
2007-09-18,0.006139996075399612
2007-09-19,0.01388877775761821
2007-09-20,-0.002486611749026979
2007-09-21,0.006737963624238841
2007-09-24,0.01376567919188676
2007-09-25,-0.009247563370046286
2007-09-26,0.00798362842921585
2007-09-27,0.007559068708274719
2007-09-28,-0.0048691121344079935
2007-10-01,0.007338588987440664
2007-10-02,0.0014466851792207525
2007-10-03,-0.0056709887494700295
2007-10-04,0.0002741408612065843
2007-10-05,0.014206951610938656
2007-10-08,0.01123530581733112
2007-10-09,0.011145078322272628
2007-10-10,-0.00037670025587410727
2007-10-11,0.01151113640952861
2007-10-12,0.004747347451513839
2007-10-15,0.0028998852740966807
2007-10-16,-0.010340686792751352
2007-10-17,0.022073023290745564
2007-10-18,-0.00683242817417562
2007-10-19,0.005792676826434917
2007-10-22,-0.0022633298860720297
2007-10-23,0.06772232173377657
2007-10-24,0.0
2007-10-25,0.0
2007-10-26,0.0
2007-10-29,0.0009477820452752361
2007-10-30,0.003373384778622812
2007-10-31,0.0024109811967989447
2007-11-01,-0.010325427228332962
2007-11-02,0.00374787739324689
2007-11-05,-0.0031350384958531707
2007-11-06,0.001178477390637811
2007-11-07,-0.0031391177355882816
2007-11-08,-0.0013993833072802886
2007-11-09,-0.0004441524756070292
2007-11-12,-0.0006268439733645437
2007-11-13,0.004066764005167478
2007-11-14,0.003749863475691617
2007-11-15,-0.0017789863527873928
2007-11-16,0.0020302040639066377
2007-11-19,-0.00329418764742051
2007-11-20,0.0029999346407598715
2007-11-21,-0.003333067451662841
2007-11-23,0.0021214340347661675
2007-11-26,7.01996498855273e-05
2007-11-27,0.0023299711209261442
2007-11-28,0.0014461211667462504
2007-11-29,-0.0010627619049884407
2007-11-30,0.005355119886793602
2007-12-03,0.0021055587394178676
2007-12-04,-0.00032437775489579934
2007-12-05,0.0065733221152783905
2007-12-06,-0.00012429195583474328
2007-12-07,0.00019921937637579212
2007-12-10,-9.027558386787149e-05
2007-12-11,0.002773896868720538
2007-12-12,0.007083097090223367
2007-12-13,-0.001783137033884663
2007-12-14,-0.0010194557930218728
2007-12-17,-0.0015989835859641088
2007-12-18,0.0032113457270606105
2007-12-19,-0.00025119390201355785
2007-12-20,0.0031823224027143215
2007-12-21,0.0014906095859805735
2007-12-24,0.0001799480434021561
2007-12-26,0.0004497838112331731
2007-12-27,-0.0008170193003995685
2007-12-28,0.0016743771725196144
2007-12-31,-0.0015414840681668984
2008-01-02,1.4915083684341468e-05
2008-01-03,0.001370669865826235
2008-01-04,-0.004746766060763519
2008-01-07,0.002465770803306455
2008-01-08,0.001955242378422817
2008-01-09,0.0009808951986269854
2008-01-10,-0.003315046972526936
2008-01-11,-0.001925830306903742
2008-01-14,0.0059761238026927455
2008-01-15,-0.005294228232961662
2008-01-16,-0.010569796419064414
2008-01-17,0.003529116605251792
2008-01-18,0.0061262212690211815
2008-01-22,-0.018879014793245052
2008-01-23,-0.007422550945401674
2008-01-24,0.006335599854095264
2008-01-25,0.007673053991865908
2008-01-28,-0.005495633735794092
2008-01-29,0.0035395455871793935
2008-01-30,-0.0023251452776801296
2008-01-31,-0.006085962262146638
2008-02-01,0.003821395141778483
2008-02-04,0.00261119435400059
2008-02-05,-0.006057239840639994
2008-02-06,0.0031247670049674436
2008-02-07,-0.006123487884568846
2008-02-08,-0.0010225430278411052
2008-02-11,0.002276392858263643
2008-02-12,0.0038076131757289744
2008-02-13,0.0036376845976124894
2008-02-14,-0.0032634198398446834
2008-02-15,-0.0003848275288059755
2008-02-19,0.006777684991897459
2008-02-20,-0.0035174832619107033
2008-02-21,0.003052884880098583
2008-02-22,0.0010668541846907686
2008-02-25,-3.5235391078969336e-05
2008-02-26,-0.0014883813950703484
2008-02-27,-0.0016073728357528516
2008-02-28,-0.0022376114317694817
2008-02-29,-0.0030014295371860733
2008-03-03,0.00032052827595774325
2008-03-04,-0.002772319316928007
2008-03-05,0.0022695125021712226
2008-03-06,-0.0003950854537522197
2008-03-07,-0.0049600900191253405
2008-03-10,-0.00053678936138013
2008-03-11,0.005055358127400877
2008-03-12,0.0008738500684948303
2008-03-13,-0.00307058650187908
2008-03-14,0.0018231492197344767
2008-03-17,-0.007411091615714072
2008-03-18,0.004182050477514965
2008-03-19,-0.002151315680531285
2008-03-20,0.0009020915415698383
2008-03-24,0.002779902185894967
2008-03-25,0.0014978678340429319
2008-03-26,-0.0015537388924100615
2008-03-27,-0.00030872498221024003
2008-03-28,0.003174279677390812
2008-03-31,0.0007327289909520029
2008-04-01,0.004983633552158473
2008-04-02,0.0008032744654451474
2008-04-03,0.0008983167884804022
2008-04-04,-0.0017292842076302994
2008-04-07,0.003558986218128224
2008-04-08,-0.005179695600372791
2008-04-09,0.0015022468371943543
2008-04-10,0.001728859798403759
2008-04-11,-0.004550992534992471
2008-04-14,-0.00021541933279800585
2008-04-15,0.001352883910233471
2008-04-16,0.006274775880757977
2008-04-17,-0.004762338385902676
2008-04-18,0.005915242439364032
2008-04-21,-0.0005672121387854112
2008-04-22,-0.002275313673006596
2008-04-23,0.0032434768923315094
2008-04-24,0.00030834084212760793
2008-04-25,0.0017591872685960297
2008-04-28,-0.0005041876871939577
2008-04-29,-0.0010650765076805069
2008-04-30,0.0015450032051120832
2008-05-01,0.001056954100220775
2008-05-02,0.00369953667719769
2008-05-05,0.004084119335100889
2008-05-06,-0.000500134005834818
2008-05-07,-0.0018727136632449293
2008-05-08,0.006297070562165219
2008-05-09,-0.005665254471313053
2008-05-12,0.006465164957118796
2008-05-13,0.0024924568547017856
2008-05-14,0.004136306682238633
2008-05-15,0.001597677958930399
2008-05-16,0.0023963618685645116
2008-05-19,0.0012914510827588543
2008-05-20,-0.008143466404341937
2008-05-21,-0.0011150451964266894
2008-05-22,0.005034833014701867
2008-05-23,0.011548904179959685
2008-05-27,0.0071958465652139925
2008-05-28,0.005835412732003942
2008-05-29,2.6221535439630017e-05
2008-05-30,0.003353813260127625
2008-06-02,-0.0007955387061084895
2008-06-03,0.003803499226505247
2008-06-04,-0.0059500040823456946
2008-06-05,0.006125162603879852
2008-06-06,-0.009066138770759569
2008-06-09,-0.0019573398321295343
2008-06-10,-0.009857950551857564
2008-06-11,-0.006925894515805275
2008-06-12,0.006620578687128953
2008-06-13,-0.0016358691799762681
2008-06-16,-0.007892125540967188
2008-06-17,0.005837915224471413
2008-06-18,-0.0026920854266936356
2008-06-19,-0.0023374822545324525
2008-06-20,-0.010752000523404082
2008-06-23,0.0005902497924388239
2008-06-24,-0.0048114988676623005
2008-06-25,0.00787235006351139
2008-06-26,-0.02061522366573909
2008-06-27,-0.007547505915580177
2008-06-30,-0.001246436230049719
2008-07-01,-0.017464538103241445
2008-07-02,0.0
2008-07-03,0.0
2008-07-07,0.0
2008-07-08,0.0
2008-07-09,0.0
2008-07-10,0.0
2008-07-11,0.0
2008-07-14,0.0
2008-07-15,0.0
2008-07-16,0.0
2008-07-17,0.0
2008-07-18,0.0
2008-07-21,0.0
2008-07-22,0.0
2008-07-23,0.0
2008-07-24,0.0
2008-07-25,0.0
2008-07-28,0.0
2008-07-29,0.0
2008-07-30,0.0
2008-07-31,0.0
2008-08-01,0.0
2008-08-04,-4.973451315015698e-05
2008-08-05,0.0038351424545572943
2008-08-06,0.0007104923748963987
2008-08-07,-0.001042849524152234
2008-08-08,0.0008905775051817333
2008-08-11,0.00087563873700236
2008-08-12,0.001566386067483716
2008-08-13,0.003692553232952367
2008-08-14,-0.0012267117822446494
2008-08-15,0.0021103081427218395
2008-08-18,0.0009812613481763321
2008-08-19,-0.003089778803855525
2008-08-20,0.002362774796532685
2008-08-21,-0.001847217067979412
2008-08-22,0.0019257160089682923
2008-08-25,0.000553001578594392
2008-08-26,-0.0012442695253547242
2008-08-27,-0.0012748352137863517
2008-08-28,0.0015575030745493823
2008-08-29,-0.0037262198595302554
2008-09-02,0.0030610400712820507
2008-09-03,-0.0016847176847714085
2008-09-04,-0.002499560032505954
2008-09-05,-0.0026607130131967027
2008-09-08,0.004115156999934921
2008-09-09,-0.0002881221903719977
2008-09-10,0.001780099170052063
2008-09-11,-0.0061935540819111345
2008-09-12,-0.0017609085785004197
2008-09-15,-0.006787037149180164
2008-09-16,-0.005951914220888921
2008-09-17,-0.003599894959624761
2008-09-18,0.003252937047739657
2008-09-19,0.00983403864412935
2008-09-22,0.0
2008-09-23,0.0
2008-09-24,0.0
2008-09-25,0.0011228561814684568
2008-09-26,-0.006816667989752334
2008-09-29,-0.0048353291104111795
2008-09-30,0.004762143113539619
2008-10-01,0.0
2008-10-02,0.0
2008-10-03,0.0
2008-10-06,-0.006016220994922605
2008-10-07,0.01034160244681015
2008-10-08,0.0
2008-10-09,0.0
2008-10-10,0.0
2008-10-13,0.01150381362324282
2008-10-14,0.0
2008-10-15,0.0
2008-10-16,0.0
2008-10-17,-0.0009597556995242229
2008-10-20,0.00317587733741842
2008-10-21,-0.003517922476054536
2008-10-22,-0.0016232724926440456
2008-10-23,-0.00040639807993581023
2008-10-24,-0.012593024879145043
2008-10-27,-0.0014929612254105384
2008-10-28,0.005826562784781997
2008-10-29,0.0
2008-10-30,0.0
2008-10-31,0.0
2008-11-03,0.0014125960202964194
2008-11-04,0.00590994008128054
2008-11-05,0.0
2008-11-06,0.0
2008-11-07,0.0
2008-11-10,0.003900141892139164
2008-11-11,0.0
2008-11-12,0.0
2008-11-13,0.0
2008-11-14,-0.002786579264117073
2008-11-17,-0.00023675337528217266
2008-11-18,0.0018323924226886223
2008-11-19,-0.0007120608559550989
2008-11-20,-0.0008496278943895819
2008-11-21,0.0025547701105308462
2008-11-24,0.0
2008-11-25,0.0
2008-11-26,0.0
2008-11-28,-0.00080084372790723
2008-12-01,-0.0025657726062313646
2008-12-02,0.0016166510334618689
2008-12-03,-0.000905169956587959
2008-12-04,-0.002127517070299345
2008-12-05,-0.0009258740863560266
2008-12-08,0.0020877709726918603
2008-12-09,-0.0009142610797528983
2008-12-10,0.0014847389461187799
2008-12-11,-0.0006704068236225158
2008-12-12,-0.0022955671712947545
2008-12-15,0.00045217489844340264
2008-12-16,0.0011124033325624616
2008-12-17,-0.002119163119846168
2008-12-18,0.0004688807259398686
2008-12-19,0.0020271300669216785
2008-12-22,-0.0012221654433599571
2008-12-23,0.0006712417149599137
2008-12-24,-0.0016771978621714645
2008-12-26,0.0013286547849211683
2008-12-29,0.0004174644193977173
2008-12-30,0.0009746666904209
2008-12-31,-0.0007147550471643394
2009-01-02,-1.5491717849425157e-05
2009-01-05,-0.00038195016595388154
2009-01-06,0.00163173151278162
2009-01-07,-0.0020895742450867116
2009-01-08,-0.0011002100539916349
2009-01-09,-0.0002824376395524908
2009-01-12,-0.0002722755456739945
2009-01-13,-0.0018617165071602715
2009-01-14,-0.003187309269607086
2009-01-15,0.0003771269357162321
2009-01-16,0.0023529531504269396
2009-01-20,-0.0013194751034272256
2009-01-21,0.001941935709561582
2009-01-22,-0.002778770369113115
2009-01-23,-0.0024431710529961848
2009-01-26,0.00019196224666617745
2009-01-27,0.0014561343040517816
2009-01-28,0.003237186089066979
2009-01-29,0.0
2009-01-30,0.0
2009-02-02,0.0
2009-02-03,0.0002018718085488036
2009-02-04,0.000421561000314874
2009-02-05,-0.0006858530617493974
2009-02-06,0.0006480627779483772
2009-02-09,0.00011259909135641344
2009-02-10,-0.0006746929119721967
2009-02-11,-0.0024745558518569633
2009-02-12,-0.0013383175612926568
2009-02-13,-0.00014791725467899752
2009-02-17,-0.004554205356199992
2009-02-18,0.0009016186505135249
2009-02-19,0.0020101102274492355
2009-02-20,-0.0017801896352055424
2009-02-23,0.0012624660868076898
2009-02-24,0.002375116505707764
2009-02-25,-0.0003142945220719895
2009-02-26,0.0021436129168919127
2009-02-27,-0.002075347469577382
2009-03-02,-0.0026133823541093504
2009-03-03,0.0
2009-03-04,0.0
2009-03-05,0.0
2009-03-06,0.0
2009-03-09,0.0
2009-03-10,0.0
2009-03-11,0.0
2009-03-12,0.0
2009-03-13,0.0
2009-03-16,0.0
2009-03-17,0.0
2009-03-18,0.0
2009-03-19,0.0
2009-03-20,0.0
2009-03-23,0.0
2009-03-24,0.0
2009-03-25,0.0
2009-03-26,0.0
2009-03-27,0.0
2009-03-30,0.0
2009-03-31,0.0
2009-04-01,0.0
2009-04-02,0.0
2009-04-03,0.0
2009-04-06,0.0
2009-04-07,0.0
2009-04-08,0.0
2009-04-09,0.0
2009-04-13,0.0
2009-04-14,0.0
2009-04-15,0.0
2009-04-16,0.0
2009-04-17,0.0
2009-04-20,0.0
2009-04-21,0.0
2009-04-22,0.0
2009-04-23,0.0
2009-04-24,0.0
2009-04-27,0.0
2009-04-28,0.0
2009-04-29,0.0
2009-04-30,0.0
2009-05-01,0.0
2009-05-04,0.012916668523754948
2009-05-05,0.0010527067548473656
2009-05-06,0.00823177422133492
2009-05-07,0.0038490223682769997
2009-05-08,0.006051218103440004
2009-05-11,-0.01718918160902605
2009-05-12,0.004898322840390934
2009-05-13,-0.013936185573614979
2009-05-14,0.00012930969635727152
2009-05-15,-0.0034861619597884586
2009-05-18,0.014266494147541442
2009-05-19,-0.0017602428915396429
2009-05-20,0.007358541422960441
2009-05-21,-0.009679943778748812
2009-05-22,0.002019339681097021
2009-05-26,0.0034354966382001972
2009-05-27,0.003207961428542294
2009-05-28,0.007862928392861956
2009-05-29,0.003085620142569079
2009-06-01,0.009653462290372339
2009-06-02,-0.005756279222979943
2009-06-03,-0.009727211674572689
2009-06-04,0.005869997510948632
2009-06-05,0.011067564085196713
2009-06-08,-0.010116597666142146
2009-06-09,0.004536141219727341
2009-06-10,0.0038358853697892936
2009-06-11,-0.003771351181505067
2009-06-12,-0.004408973518316928
2009-06-15,-0.009878582666456581
2009-06-16,0.005724329288013585
2009-06-17,0.00040033687483842506
2009-06-18,0.0015053688542576715
2009-06-19,0.009921882832363504
2009-06-22,-0.0012681210577114577
2009-06-23,-0.0012379575114076502
2009-06-24,0.00822994593697679
2009-06-25,-0.004698925824449196
2009-06-26,-0.004974133491591259
2009-06-29,0.0020714956466558743
2009-06-30,0.0016298754434067586
2009-07-01,0.00694700842752094
2009-07-02,-0.01298174691096865
2009-07-06,-0.010305144093622931
2009-07-07,0.0011989802464076327
2009-07-08,0.006656522449326907
2009-07-09,0.008451829986029002
2009-07-10,-0.002639065597009438
2009-07-13,0.006335321033416497
2009-07-14,-0.0012794585809705605
2009-07-15,0.021260907955048314
2009-07-16,-0.0055164759205386105
2009-07-17,-0.0012925816909028498
2009-07-20,0.007822907580701699
2009-07-21,0.0032327221623809077
2009-07-22,0.01913973197881158
2009-07-23,0.0017250659405732005
2009-07-24,-0.016103139558141133
2009-07-27,2.6331073576191244e-05
2009-07-28,-0.009739832255654446
2009-07-29,-0.007824184777631249
2009-07-30,0.017163357267556467
2009-07-31,0.003568670691096454
2009-08-03,0.015229383179508504
2009-08-04,-0.0070500749713140465
2009-08-05,0.0004375597638481832
2009-08-06,0.0026666643194790396
2009-08-07,0.013901690083784057
2009-08-10,0.001727425402834104
2009-08-11,-0.005032905133240173
2009-08-12,-0.00036516029506494796
2009-08-13,0.006851338969001475
2009-08-14,-0.0043180502191393355
2009-08-17,-0.02399013336765843
2009-08-18,0.009946557490728702
2009-08-19,-0.011856541609166715
2009-08-20,0.0007659022239239199
2009-08-21,0.0091955812759823
2009-08-24,0.005486730234280035
2009-08-25,0.003074140342818943
2009-08-26,-0.0008975840163399917
2009-08-27,0.002844088238032061
2009-08-28,0.02100104433241845
2009-08-31,-0.011131093628569455
2009-09-01,-0.002132223195646321
2009-09-02,-0.003936697763905039
2009-09-03,0.007356429454638214
2009-09-04,0.0026235342396583317
2009-09-08,0.014497743515691885
2009-09-09,0.0009063659732952978
2009-09-10,0.004756814320231895
2009-09-11,0.004549380056737107
2009-09-14,-0.008669985713422035
2009-09-15,0.005112667217743505
2009-09-16,0.01161750951304974
2009-09-17,-0.0018743732196555563
2009-09-18,0.007533831885240483
2009-09-21,-0.005587360658383611
2009-09-22,0.008742258465785469
2009-09-23,0.006050514357184067
2009-09-24,0.00881670285294156
2009-09-25,-0.009221913146416294
2009-09-28,0.007543169246254422
2009-09-29,0.0013942634377874796
2009-09-30,0.005102028947695958
2009-10-01,-0.0013444905318844569
2009-10-02,-0.0046641272670271405
2009-10-05,0.005814458994757299
2009-10-06,0.01089656406721895
2009-10-07,-0.0015621237476795002
2009-10-08,0.00482932464107555
2009-10-09,-0.0013374128117892292
2009-10-12,0.005557896159048337
2009-10-13,0.00028237013606347006
2009-10-14,0.01774875352845995
2009-10-15,-0.008287300394411834
2009-10-16,-0.00888613515122394
2009-10-19,0.0030971953761693705
2009-10-20,0.033969674393498295
2009-10-21,0.0
2009-10-22,0.0
2009-10-23,0.0
2009-10-26,-0.0006714956314072262
2009-10-27,-0.0032760199948551616
2009-10-28,-0.0018449943162451854
2009-10-29,0.012435034436455883
2009-10-30,5.8461180283408964e-05
2009-11-02,0.005430034614297474
2009-11-03,-0.0038909402468768617
2009-11-04,0.002711342066409772
2009-11-05,0.003170352502104068
2009-11-06,0.002169946771483522
2009-11-09,0.003117087384355788
2009-11-10,0.00017570873054806313
2009-11-11,0.0027791850767053816
2009-11-12,0.007887242786394522
2009-11-13,0.0
2009-11-16,0.0
2009-11-17,0.0
2009-11-18,-0.0003884853508848707
2009-11-19,-0.004295897136593396
2009-11-20,-0.002992051915984728
2009-11-23,0.0023568896151773266
2009-11-24,8.769992648072211e-05
2009-11-25,0.0012862737234013988
2009-11-27,-0.007953390016737116
2009-11-30,0.0010648271034048307
2009-12-01,0.0023301805141449083
2009-12-02,0.006921800778268095
2009-12-03,0.006552380982721262
2009-12-04,0.018978017072011966
2009-12-07,0.003137046277875477
2009-12-08,-0.0006288015558987281
2009-12-09,0.005415260132860977
2009-12-10,0.009090790997413833
2009-12-11,0.0060597111031959194
2009-12-14,0.0022581477564742602
2009-12-15,-0.0061647124009349685
2009-12-16,0.007390651331074194
2009-12-17,-0.0036316535291160967
2009-12-18,0.006001420241395605
2009-12-21,0.007535686563501454
2009-12-22,0.00597119077666286
2009-12-23,0.006556553559127876
2009-12-24,0.006409039797992788
2009-12-28,0.011040085971429914
2009-12-29,0.006030889258992866
2009-12-30,-0.003375938988955496
2009-12-31,0.0070680265244724705
2010-01-04,0.014870197184322143
2010-01-05,0.0016153674747598767
2010-01-06,0.00014858900802439123
2010-01-07,0.0018751677561201774
2010-01-08,-0.003226168661128015
2010-01-11,0.00447797041988629
2010-01-12,-0.006851008081224852
2010-01-13,-0.0049477180771754226
2010-01-14,-0.004205329029989269
2010-01-15,0.0060572210449638675
2010-01-19,0.006780835010372188
2010-01-20,-0.004607906906903159
2010-01-21,0.0046976761189201355
2010-01-22,-0.017906503252859474
2010-01-25,0.014130944310862148
2010-01-26,0.0064422074357364245
2010-01-27,0.0014405180102741166
2010-01-28,-0.006813602783185435
2010-01-29,0.011593211024423233
2010-02-01,0.006829962300512804
2010-02-02,0.003203823749757584
2010-02-03,-0.007622084624966274
2010-02-04,-0.011578533364411059
2010-02-05,0.0018125229687651068
2010-02-08,0.00671253262989735
2010-02-09,0.01682329681461181
2010-02-10,-0.0035693364713059728
2010-02-11,-0.0006786589246495778
2010-02-12,-0.002656126458914332
2010-02-16,0.009032502964775313
2010-02-17,0.003987024099377123
2010-02-18,-0.005677215595688234
2010-02-19,-0.00512133213067778
2010-02-22,0.004236710606714045
2010-02-23,-0.0023773110994754765
2010-02-24,0.007229150320565703
2010-02-25,-0.019461623115356153
2010-02-26,-8.863008913251313e-05
2010-03-01,0.006561105058684014
2010-03-02,0.004115928897898469
2010-03-03,0.0003290336287187223
2010-03-04,-0.00029321015546146523
2010-03-05,0.01427263656586053
2010-03-08,0.002853356371051774
2010-03-09,-0.004340358964368796
2010-03-10,0.003390387709612419
2010-03-11,-0.00313570288389442
2010-03-12,0.008141498578824624
2010-03-15,-0.004018221943899336
2010-03-16,0.001968598770760055
2010-03-17,0.0034898609523550395
2010-03-18,-0.00044113811576451667
2010-03-19,0.0009998407670381848
2010-03-22,-0.007132447528927277
2010-03-23,0.004309759952053849
2010-03-24,-0.003885838766508609
2010-03-25,0.009424429622532537
2010-03-26,0.0075533201248039195
2010-03-29,0.008334180354714338
2010-03-30,0.012834558274349872
2010-03-31,-0.003284334539089162
2010-04-01,0.01072418784987672
2010-04-05,0.000605149013049866
2010-04-06,-0.00251982994369937
2010-04-07,0.0003597513310720224
2010-04-08,-0.0017528917053907245
2010-04-09,0.00489842717886857
2010-04-12,0.0015475198315142435
2010-04-13,-0.001855897474694057
2010-04-14,0.011365151946851615
2010-04-15,3.426628226765871e-05
2010-04-16,-0.0054658502996683955
2010-04-19,-0.002912259714380916
2010-04-20,0.00796781006970293
2010-04-21,0.0384070159841996
2010-04-22,0.0
2010-04-23,0.0
2010-04-26,0.0
2010-04-27,-0.008464173323726065
2010-04-28,0.005440193070616939
2010-04-29,0.006389796287432636
2010-04-30,0.0009317311643373127
2010-05-03,0.008634349258404894
2010-05-04,-0.014067885824577964
2010-05-05,-0.01996556814801853
2010-05-06,-0.00758766612524997
2010-05-07,-0.006854257809489783
2010-05-10,0.058380459677447316
2010-05-11,0.0
2010-05-12,0.0
2010-05-13,0.0
2010-05-14,-0.01655592881106127
2010-05-17,0.001792694954293017
2010-05-18,0.011389379875345718
2010-05-19,-0.010547606555560862
2010-05-20,-0.027788884918231727
2010-05-21,-0.02015754182699836
2010-05-24,0.013946098754003433
2010-05-25,-0.03336835976463137
2010-05-26,0.020453395956637532
2010-05-27,0.027305676869948448
2010-05-28,0.01677028935048308
2010-06-01,0.003758398767167659
2010-06-02,0.0020012260908754964
2010-06-03,0.0005521166277182576
2010-06-04,-0.006011937845531112
2010-06-07,0.001677927766479792
2010-06-08,0.00030790025272575683
2010-06-09,0.0019152856925930273
2010-06-10,0.003866538426509303
2010-06-11,-0.002303479390453389
2010-06-14,0.004109665274092844
2010-06-15,0.002517276993524886
2010-06-16,-0.0019885718182258705
2010-06-17,0.0028541493686267128
2010-06-18,-0.00010367887040185764
2010-06-21,0.004226465360307907
2010-06-22,0.0007595668306306091
2010-06-23,0.0006371150255861657
2010-06-24,-0.0005781672485891676
2010-06-25,0.0010791143364508038
2010-06-28,0.0017476402762703902
2010-06-29,-0.0062596571860011885
2010-06-30,0.0006355162453159924
2010-07-01,0.0004063814574772895
2010-07-02,0.0007233929018757301
2010-07-06,0.004417902479163294
2010-07-07,0.001155753376462787
2010-07-08,-0.004303459353492967
2010-07-09,-0.0006894188553631109
2010-07-12,0.000831618751441221
2010-07-13,-0.0026461920698591657
2010-07-14,0.0024882740109601897
2010-07-15,0.0018282605997510526
2010-07-16,0.001648478141432319
2010-07-19,0.000169320786860494
2010-07-20,0.007329140672855505
2010-07-21,-0.005977069119327272
2010-07-22,-0.006709268059235884
2010-07-23,0.001693868963449141
2010-07-26,-0.0005836065817452774
2010-07-27,-0.0025089485808055256
2010-07-28,-0.0003453736820387965
2010-07-29,-0.004588832522558706
2010-07-30,0.002466362781643028
2010-08-02,-0.004568199816097351
2010-08-03,-0.0010732789069407556
2010-08-04,0.0011174572295931107
2010-08-05,-0.0003937111745612176
2010-08-06,-0.0013141352994558986
2010-08-09,0.0014021012085836393
2010-08-10,-0.0043911823698080665
2010-08-11,-0.004762896899101476
2010-08-12,-0.0037704375202787244
2010-08-13,0.0006573129161546731
2010-08-16,-0.0010189213629815397
2010-08-17,0.002384739512778733
2010-08-18,-1.8519681168838176e-05
2010-08-19,-0.0007307388427499895
2010-08-20,0.0027522162709923137
2010-08-23,0.0011630712108059438
2010-08-24,-0.003847445777363956
2010-08-25,0.004094660129070116
2010-08-26,-0.0015398952860570247
2010-08-27,-0.003702964742325787
2010-08-30,0.00404070173351001
2010-08-31,0.0031251972631174407
2010-09-01,-0.00705770016704832
2010-09-02,-0.0004935951997958599
2010-09-03,-0.004707024836373863
2010-09-07,0.0013777368064427087
2010-09-08,-0.0016336220217270103
2010-09-09,-0.003303377855113254
2010-09-10,-0.00025938665764879687
2010-09-13,-0.0027048973500043427
2010-09-14,0.0008592445791892889
2010-09-15,-0.0018992938711679397
2010-09-16,-0.0004959732943258244
2010-09-17,0.00116056291009059
2010-09-20,0.0004612556725882566
2010-09-21,0.00019905202556547152
2010-09-22,-0.0006157554609015348
2010-09-23,-0.0009368890882212044
2010-09-24,0.0036784435509267244
2010-09-27,0.0006180967310007723
2010-09-28,0.0008267619198178977
2010-09-29,-0.0006538273805106742
2010-09-30,0.001979368165866413
2010-10-01,0.0019336399722795772
2010-10-04,-0.003906497590569602
2010-10-05,0.012974902308807712
2010-10-06,-0.0004422663713864461
2010-10-07,0.0038076282457557564
2010-10-08,0.0068407234329541655
2010-10-11,0.003132386032785206
2010-10-12,-0.0006142257279381225
2010-10-13,0.007978435138890072
2010-10-14,0.0023543541242581068
2010-10-15,0.014216641843028066
2010-10-18,0.0086747850424167
2010-10-19,-0.03593954306065417
2010-10-20,0.0006682966142959046
2010-10-21,0.020135758800743586
2010-10-22,-0.0057302580967621974
2010-10-25,0.0058051531440175275
2010-10-26,-0.0047178514593494425
2010-10-27,-8.944967303070595e-05
2010-10-28,0.0016418301771878863
2010-10-29,-0.0025577773356930678
2010-11-01,0.0047014512098528805
2010-11-02,0.005039275254086428
2010-11-03,0.0030298666534123164
2010-11-04,0.008544855144622332
2010-11-05,0.0016412128736760234
2010-11-08,-0.0022521333254453824
2010-11-09,0.009654785106848696
2010-11-10,-0.0027822997840486474
2010-11-11,-0.00776627152060394
2010-11-12,-0.005530097712519555
2010-11-15,-0.0010593333282878925
2010-11-16,-0.00851213250623628
2010-11-17,-0.0006143120805129909
2010-11-18,0.019480533271680534
2010-11-19,-0.0006122077970877049
2010-11-22,0.002398812971846187
2010-11-23,-0.0131197703157373
2010-11-24,0.014440548131182895
2010-11-26,-0.007222612116474569
2010-11-29,0.0009011715200695214
2010-11-30,-0.01590921994578931
2010-12-01,0.018543207878086276
2010-12-02,-0.0020602291274414153
2010-12-03,-0.0024661959859847427
2010-12-06,0.003930536792662753
2010-12-07,0.0139383000844302
2010-12-08,-0.0006715183339022213
2010-12-09,0.006119715845450235
2010-12-10,0.006153166990477521
2010-12-13,0.006594804757923178
2010-12-14,-0.0020974433617201305
2010-12-15,-0.00046091808119819166
2010-12-16,0.001969277288744964
2010-12-17,0.0027113446907802707
2010-12-20,0.004130522165423756
2010-12-21,0.005227647395784185
2010-12-22,0.0023958549541618357
2010-12-23,-0.0008194636120029131
2010-12-27,-0.007089922934216508
2010-12-28,0.0016289249757288626
2010-12-29,0.002411692471230964
2010-12-30,-0.0003084871591291227
2010-12-31,-0.0027198897384158593
2011-01-03,0.0075143314660344185
2011-01-04,0.00875111524726857
2011-01-05,-0.003222640558184664
2011-01-06,-0.0015635777874222212
2011-01-07,0.0034049460165268552
2011-01-10,0.0006742374489996372
2011-01-11,0.00813084504274153
2011-01-12,0.00797841056106452
2011-01-13,-0.00043895568597496215
2011-01-14,-0.001156684728788604
2011-01-18,-0.0232262332605917
2011-01-19,0.009029547477861888
2011-01-20,-0.007366607429496352
2011-01-21,0.011418953861406234
2011-01-24,0.0012770089783071814
2011-01-25,-0.006851220255981283
2011-01-26,0.002301648938067391
2011-01-27,0.020856225277777973
2011-01-28,-0.006014625885088831
2011-01-31,-0.0009649000928286799
2011-02-01,0.006470311329562328
2011-02-02,-0.008165753944470722
2011-02-03,-0.001087281136196605
2011-02-04,0.004220215104468572
2011-02-07,0.004210822082432175
2011-02-08,0.005265837502482107
2011-02-09,-0.0006901578436242506
2011-02-10,-0.00834862206746012
2011-02-11,-0.0017103255771312442
2011-02-14,0.006071555402461071
2011-02-15,-0.005565337023421657
2011-02-16,0.007473493517232477
2011-02-17,-0.016921204964598258
2011-02-18,0.0027945069980055415
2011-02-22,-0.03629847720418311
2011-02-23,-0.006264748815198451
2011-02-24,0.010650761584881652
2011-02-25,0.011920856336149921
2011-02-28,0.008112365176454306
2011-03-01,0.005167472104748105
2011-03-02,0.0008648580354164714
2011-03-03,0.019120698170653094
2011-03-04,0.0017912579510261928
2011-03-07,0.007546423553167703
2011-03-08,-0.0071861343734545
2011-03-09,-0.0043600956964573445
2011-03-10,-0.017056025653539364
2011-03-11,-0.003136304500452325
2011-03-14,0.0012073043434051023
2011-03-15,-0.03975990295520759
2011-03-16,-0.005533734825758807
2011-03-17,0.02758586105566785
2011-03-18,0.012106970067548017
2011-03-21,0.023262137182755716
2011-03-22,0.0130445317985044
2011-03-23,-0.0036238766318141824
2011-03-24,0.01665163274554393
2011-03-25,0.006212501953520189
2011-03-28,0.009704034960948071
2011-03-29,-0.004427312449630794
2011-03-30,0.004760603354387216
2011-03-31,-0.00497354068339273
2011-04-01,0.010961312653635646
2011-04-04,0.003430936219125158
2011-04-05,-0.006554760435194873
2011-04-06,0.011249423079367382
2011-04-07,-0.004345141106180894
2011-04-08,0.009054729106206638
2011-04-11,-0.002197636606299347
2011-04-12,-0.007669297135085462
2011-04-13,0.010279738545868167
2011-04-14,-0.006831501419196306
2011-04-15,0.0009141158071939159
2011-04-18,-0.011264054920081867
2011-04-19,0.002922136486240845
2011-04-20,0.020923201428450167
2011-04-21,0.021040843046040925
2011-04-25,0.0014595925071432259
2011-04-26,-0.0056560286013555006
2011-04-27,0.005041059723847274
2011-04-28,-0.009226857454107784
2011-04-29,-0.0008610839251865787
2011-05-02,0.006190699785254772
2011-05-03,0.0007593497078894895
2011-05-04,0.001051645859083905
2011-05-05,-0.007431171690460592
2011-05-06,0.013754656729199066
2011-05-09,0.005858761840702664
2011-05-10,0.005000897736608723
2011-05-11,-0.0011257351821348793
2011-05-12,-0.00333143376295153
2011-05-13,-0.005455523951227503
2011-05-16,-0.004889456245584678
2011-05-17,-0.006857198814522625
2011-05-18,0.0023665266522732153
2011-05-19,0.005811699577717322
2011-05-20,-0.004496098211336008
2011-05-23,-0.0191992822902336
2011-05-24,0.0056576430467285554
2011-05-25,7.65756453713351e-05
2011-05-26,-0.003538312235133234
2011-05-27,0.0015225487084802314
2011-05-31,0.013723738599118684
2011-06-01,-0.0017617868649784096
2011-06-02,0.0005688183211405295
2011-06-03,-0.0019722147049766603
2011-06-06,-4.0320182912334523e-05
2011-06-07,0.001163535320728215
2011-06-08,-0.0010018427797419127
2011-06-09,0.0003788259130752536
2011-06-10,0.00030660606308008376
2011-06-13,0.00011265337007748677
2011-06-14,0.0017868026911862511
2011-06-15,-0.0015713148232825436
2011-06-16,0.00048073944074356056
2011-06-17,0.0015740781556423666
2011-06-20,-0.00041106040587368664
2011-06-21,0.0010626566963733985
2011-06-22,-0.0004567411159877022
2011-06-23,-0.001903777199094625
2011-06-24,-0.003977420609629245
2011-06-27,0.00033340590480612775
2011-06-28,0.00018547937676238746
2011-06-29,0.0008032400588255939
2011-06-30,0.0008399891909693924
2011-07-01,-7.662626854032517e-05
2011-07-05,0.000515975784120215
2011-07-06,-0.0006960259344096498
2011-07-07,0.0012881155816137912
2011-07-08,-0.0020318370033375333
2011-07-11,-0.0024488585360236126
2011-07-12,-0.001067703036787493
2011-07-13,0.0011746834499675174
2011-07-14,0.0003653619656893703
2011-07-15,0.0009285669006688924
2011-07-18,-0.0009859969233803056
2011-07-19,0.0012185668903388347
2011-07-20,0.000602991521813312
2011-07-21,0.0007145803285448782
2011-07-22,0.0022272711165616244
2011-07-25,-0.0023265044672058366
2011-07-26,-0.000764458998197437
2011-07-27,-0.0012252152822935791
2011-07-28,-0.00034921765465711907
2011-07-29,-0.0015043581171209075
2011-08-01,0.0027191281882101848
2011-08-02,-0.001006021129186352
2011-08-03,5.922059288843151e-05
2011-08-04,-0.0029600687642337142
2011-08-05,0.0023708572955865037
2011-08-08,-0.006915094162767033
2011-08-09,0.0035224176936416995
2011-08-10,-0.005224160546710044
2011-08-11,0.0012311386462968699
2011-08-12,0.005514753674979556
2011-08-15,0.0
2011-08-16,0.0
2011-08-17,-0.0013249188675685808
2011-08-18,0.015050292322357883
2011-08-19,0.009009148956252266
2011-08-22,-0.01441981721904706
2011-08-23,-0.004365217256381504
2011-08-24,0.002054175739427011
2011-08-25,6.983609871347163e-05
2011-08-26,0.0024659089070948603
2011-08-29,-0.0048761556350312985
2011-08-30,0.0015599361750719964
2011-08-31,-0.003975815080495382
2011-09-01,-0.0018929719233955478
2011-09-02,0.010338950175430073
2011-09-06,0.015611058841560332
2011-09-07,-0.007275740075661674
2011-09-08,0.004231314663782237
2011-09-09,0.005725934669491339
2011-09-12,0.009667953086849757
2011-09-13,-0.0014924533735932721
2011-09-14,-0.0030042011725351925
2011-09-15,-0.008042165156178394
2011-09-16,-0.001643555189156376
2011-09-19,0.007303198853997772
2011-09-20,-0.003459520874131816
2011-09-21,-0.002745116304991302
2011-09-22,0.017106626554362903
2011-09-23,0.005591788534789366
2011-09-26,-0.003503215973724383
2011-09-27,-0.011812965204582637
2011-09-28,-0.004248959564476573
2011-09-29,-0.01479144748621175
2011-09-30,0.007197267447435873
2011-10-03,0.006632156816521961
2011-10-04,0.0058374760167856365
2011-10-05,0.0015074567163138042
2011-10-06,0.0011269967721372343
2011-10-07,0.0006537294918547154
2011-10-10,-0.011380937306266548
2011-10-11,0.0011147829758244576
2011-10-12,-0.00669229713110242
2011-10-13,0.0014837962157043805
2011-10-14,-0.008365117308885561
2011-10-17,0.002997999104252802
2011-10-18,0.0014847744788921702
2011-10-19,0.004751484737042233
2011-10-20,-0.0016343673018173188
2011-10-21,-0.006726105217130018
2011-10-24,-0.0026621055188708054
2011-10-25,-0.0013029775486826933
2011-10-26,0.002004604265558374
2011-10-27,0.004237177412872883
2011-10-28,0.0
2011-10-31,0.0
2011-11-01,0.0
2011-11-02,0.00964888563741817
2011-11-03,0.005234424617302613
2011-11-04,-0.00571318989849956
2011-11-07,-0.003069532463786384
2011-11-08,0.004986804295823877
2011-11-09,-0.023828415863466512
2011-11-10,0.0058774382296933325
2011-11-11,0.00853678926012913
2011-11-14,-0.0025063540856684607
2011-11-15,0.002027878666675198
2011-11-16,-0.003406471309987613
2011-11-17,-0.0020934832704728734
2011-11-18,0.003661482611942768
2011-11-21,-0.014109104308950737
2011-11-22,0.0026883878409258433
2011-11-23,-0.007489879746370831
2011-11-25,-0.0016182296615117053
2011-11-28,0.02938473379657891
2011-11-29,-0.000681061222259971
2011-11-30,0.025408298872128032
2011-12-01,-0.001522548516481148
2011-12-02,0.005812898039239789
2011-12-05,0.011606621823135654
2011-12-06,-0.002692976438429029
2011-12-07,-0.0031244379416224266
2011-12-08,0.0020168868633863024
2011-12-09,0.004981956683894451
2011-12-12,-0.007165098331302411
2011-12-13,0.004085796143942444
2011-12-14,-0.005657850182381852
2011-12-15,0.0077869422211844785
2011-12-16,0.005733325002462486
2011-12-19,0.003870847131972388
2011-12-20,0.012675752104864824
2011-12-21,-2.578959866583741e-05
2011-12-22,0.002317230669753645
2011-12-23,0.00306764498549561
2011-12-27,-0.001112066781387977
2011-12-28,0.0018472050447013721
2011-12-29,0.002295325684797067
2011-12-30,-0.0024655567762363884
2012-01-03,0.012624338748399744
2012-01-04,-0.0022413012940932786
2012-01-05,-0.0022358399459400102
2012-01-06,0.0017881738818563697
2012-01-09,0.0013150101393395452
2012-01-10,0.009980098227015954
2012-01-11,-0.00019482099202272618
2012-01-12,0.0037481859028243303
2012-01-13,-0.004713806326109404
2012-01-17,0.010750193705894917
2012-01-18,0.0010344305074281301
2012-01-19,0.006535545729914327
2012-01-20,-0.02982342626302048
2012-01-23,0.002077854692286607
2012-01-24,-0.002100457298265912
2012-01-25,0.02894908661824891
2012-01-26,0.004349408061830706
2012-01-27,0.0011519493877756304
2012-01-30,-0.004239719196856062
2012-01-31,0.007481948975485819
2012-02-01,0.006403763211551228
2012-02-02,0.0022898343433424007
2012-02-03,0.008162391924755097
2012-02-06,-0.00515003206671516
2012-02-07,-0.00030460122704834003
2012-02-08,0.0020405786496946465
2012-02-09,0.005025696814852321
2012-02-10,-0.005925424867795126
2012-02-13,0.012433871457466328
2012-02-14,0.0011056090226919668
2012-02-15,0.007361251362093091
2012-02-16,-0.009391173382921059
2012-02-17,0.001783496364376358
2012-02-21,0.006699048094450433
2012-02-22,-0.0031871000072130062
2012-02-23,0.0015083832202351655
2012-02-24,0.004889963981943968
2012-02-27,-0.0030159758801702186
2012-02-28,0.00406048693976091
2012-02-29,0.008370658827243194
2012-03-01,0.00855684965782455
2012-03-02,-0.00026113783867076634
2012-03-05,-0.00040499169897278975
2012-03-06,-0.015852859438118427
2012-03-07,0.009578351605926683
2012-03-08,0.007811456911695824
2012-03-09,0.0037656496299431907
2012-03-12,0.004258206084393423
2012-03-13,0.009516368109080187
2012-03-14,0.01251990251277002
2012-03-15,0.012183325663752687
2012-03-16,-0.0008994052553809029
2012-03-19,0.014444380299064807
2012-03-20,-0.003779686500474111
2012-03-21,-0.0028893239493963385
2012-03-22,-0.006871748709455949
2012-03-23,0.0011730409591943491
2012-03-26,0.006754386752565011
2012-03-27,-0.0005201810378172578
2012-03-28,0.0035737280030487817
2012-03-29,-0.007047852857108294
2012-03-30,0.0013283920430779972
2012-04-02,0.00208427904069608
2012-04-03,0.00894209536346513
2012-04-04,-0.008592241004578338
2012-04-05,0.002434826347595953
2012-04-09,-0.01321187374609245
2012-04-10,0.004181185623655548
2012-04-11,0.01190750211941305
2012-04-12,0.00032835642728779035
2012-04-13,9.020456045227832e-06
2012-04-16,0.007269829334141553
2012-04-17,0.0005086598573322831
2012-04-18,0.0037285725068683107
2012-04-19,-0.012201007828542942
2012-04-20,0.004906175571967708
2012-04-23,-0.006192476741964437
2012-04-24,-0.009794372906256399
2012-04-25,0.07040121505351271
2012-04-26,0.0
2012-04-27,0.0
2012-04-30,0.0
2012-05-01,0.0008618501286554725
2012-05-02,-0.0037608862499017848
2012-05-03,0.005574407502816792
2012-05-04,-0.007754023116769537
2012-05-07,-0.005790551146182876
2012-05-08,-0.0019153784582016664
2012-05-09,-0.010093637693050606
2012-05-10,0.009110320018339557
2012-05-11,-0.009203276402016791
2012-05-14,-0.008872511335778044
2012-05-15,0.004055506807782994
2012-05-16,0.0026880098658257356
2012-05-17,-0.0005782570064686299
2012-05-18,0.006488774688796273
2012-05-21,0.005996499394719246
2012-05-22,0.01125082993467763
2012-05-23,-0.0007117799337175157
2012-05-24,0.008351378344740201
2012-05-25,-0.0009707843558336426
2012-05-29,0.01393555566684479
2012-05-30,-0.007290824569725296
2012-05-31,0.0017549732572328391
2012-06-01,-0.017838353998719803
2012-06-04,0.00021854214830785423
2012-06-05,0.0003821831743962001
2012-06-06,0.0006783743035814194
2012-06-07,0.0011580234571755277
2012-06-08,-0.00029444102943221306
2012-06-11,0.0010033904161397267
2012-06-12,0.00041516434162436333
2012-06-13,-0.00010011160000844566
2012-06-14,-2.693133997577757e-05
2012-06-15,0.00014396773901892423
2012-06-18,-0.0004613658870337156
2012-06-19,0.0008290411962332822
2012-06-20,0.0002941470743937913
2012-06-21,-0.0003542038672563752
2012-06-22,0.000397998566066482
2012-06-25,-0.000596402448974076
2012-06-26,0.0002646585369958654
2012-06-27,0.0002435588616371831
2012-06-28,-0.0008302969812042926
2012-06-29,0.0016863632395538453
2012-07-02,0.001337497200682325
2012-07-03,6.891837653522082e-05
2012-07-05,-0.0007219475326023517
2012-07-06,-0.0009415447923505349
2012-07-09,-0.00031294868052367253
2012-07-10,-0.00038731008362535846
2012-07-11,0.00013496883423291806
2012-07-12,-0.00048048437111647413
2012-07-13,8.369760767035217e-05
2012-07-16,-0.0003128882642547959
2012-07-17,0.00031793313403372103
2012-07-18,-0.0002517964952292173
2012-07-19,0.0009340932283079528
2012-07-20,5.548536983157604e-05
2012-07-23,-0.0014153545759928443
2012-07-24,9.586421705343184e-05
2012-07-25,0.00028751703123441885
2012-07-26,0.0014914065012192612
2012-07-27,0.0005114046060510358
2012-07-30,-0.0006861565982019258
2012-07-31,0.00024201059897599464
2012-08-01,0.0005926594601122215
2012-08-02,-0.0005731598322085141
2012-08-03,0.0019352130449841187
2012-08-06,0.000378626147904626
2012-08-07,0.0011481795394638894
2012-08-08,-0.0003940409834354286
2012-08-09,-0.00022140344417720392
2012-08-10,-0.0002365899766605395
2012-08-13,-0.00011639932585871815
2012-08-14,0.0006364085607517556
2012-08-15,3.429843621449713e-05
2012-08-16,0.000290875775538435
2012-08-17,-0.00104952130353142
2012-08-20,-0.00020767862109982715
2012-08-21,0.0002828324927834913
2012-08-22,-0.000275389864893838
2012-08-23,-0.0003081534206385017
2012-08-24,-0.00011606216996395968
2012-08-27,0.00013233508283327922
2012-08-28,-0.00026239460776955603
2012-08-29,0.0001607524875713029
2012-08-30,-0.00015741202357699713
2012-08-31,0.0005363153105901741
2012-09-04,-0.0002277684363801713
2012-09-05,-0.0002677303174883905
2012-09-06,0.005527202550874355
2012-09-07,0.002013922314672234
2012-09-10,0.0005200214388332292
2012-09-11,0.0017003705918967604
2012-09-12,0.006432536286550716
2012-09-13,0.007751577294925482
2012-09-14,0.008333248109366309
2012-09-17,0.007663684892419864
2012-09-18,-0.0012433852542844681
2012-09-19,-0.001262330571556558
2012-09-20,-0.00435610422062227
2012-09-21,0.0048919389217014775
2012-09-24,-0.014981583660388709
2012-09-25,-0.0006707760761557324
2012-09-26,-0.004466008671389687
2012-09-27,0.0017259260690383194
2012-09-28,-0.003946600823263036
2012-10-01,0.006593425613012016
2012-10-02,0.00047630309474144816
2012-10-03,0.0003765016608345828
2012-10-04,0.00033166099650006053
2012-10-05,0.00044599067823480887
2012-10-08,-0.00048304684635624984
2012-10-09,-0.0002617076738348212
2012-10-10,-0.00020099017099761696
2012-10-11,0.0003995935604796941
2012-10-12,-0.0009145932164794646
2012-10-15,0.0003358197016787301
2012-10-16,0.00046656846759374204
2012-10-17,-0.0005356720691478412
2012-10-18,-0.00010053285282318747
2012-10-19,-0.0008771258196038634
2012-10-22,0.0008334000142276032
2012-10-23,-0.0009362795110294808
2012-10-24,0.0009940274786692793
2012-10-25,0.0006019805246206822
2012-10-26,-7.828793123798583e-05
2012-10-31,0.000686989946118155
2012-11-01,0.0005347842949801063
2012-11-02,0.0002595525333428661
2012-11-05,-0.0004297635245716913
2012-11-06,0.00026996918268817893
2012-11-07,-0.001216367148562103
2012-11-08,0.00022133312978667163
2012-11-09,7.594999337778852e-05
2012-11-12,0.0002429298338932906
2012-11-13,-0.000582737516027998
2012-11-14,0.0006551369001444041
2012-11-15,0.00011886051176546175
2012-11-16,0.0006694600386767391
2012-11-19,0.0007381252378877434
2012-11-20,2.482962244787501e-05
2012-11-21,-7.941660524490857e-05
2012-11-23,0.0008443551138057614
2012-11-26,0.0001856185508826158
2012-11-27,9.596936598921246e-05
2012-11-28,-0.0004510637236511128
2012-11-29,-4.5465773825803524e-05
2012-11-30,0.00019048576457714184
2012-12-03,0.0006190099428811102
2012-12-04,0.00037295852212082536
2012-12-05,-4.854968438383622e-08
2012-12-06,9.906792000746734e-06
2012-12-07,0.00016343349981418065
2012-12-10,-0.0002358316003703287
2012-12-11,0.00041758380917400473
2012-12-12,0.0004650963163657096
2012-12-13,0.0002686312101212174
2012-12-14,9.784876258711606e-05
2012-12-17,0.00019146598118324754
2012-12-18,0.0003691642191443467
2012-12-19,0.00042321685438762024
2012-12-20,0.00016796629482729308
2012-12-21,-0.0017762937428491554
2012-12-24,-3.272086076966385e-05
2012-12-26,0.00010578649083026193
2012-12-27,-4.15846220315208e-05
2012-12-28,-0.0007147044819714177
2012-12-31,-1.1551877623361406e-05
2013-01-02,0.0020167700640791875
2013-01-03,0.0
2013-01-04,0.0
2013-01-07,0.0
2013-01-08,0.00011137474135924919
2013-01-09,0.0004983899848802764
2013-01-10,0.0007672863868950497
2013-01-11,-4.038091944491562e-06
2013-01-14,-0.00011462155217756287
2013-01-15,-0.000595897871994211
2013-01-16,-3.851669568988303e-05
2013-01-17,0.00046982669981243674
2013-01-18,-0.0003058267629931777
2013-01-22,5.543577112243625e-05
2013-01-23,0.000471183706468592
2013-01-24,-0.0003130608194406026
2013-01-25,0.0005888220366028207
2013-01-28,0.0006362773342947214
2013-01-29,-0.00032430666644467365
2013-01-30,5.421050405085559e-05
2013-01-31,0.0003479690492584897
2013-02-01,0.0009936019182252842
2013-02-04,-0.011642958510677759
2013-02-05,0.0026092653435201285
2013-02-06,-0.0035156623053346214
2013-02-07,0.0006587305504823782
2013-02-08,0.005747475488871778
2013-02-11,-0.004740144957569581
2013-02-12,-0.003085298365596567
2013-02-13,0.004961430045729465
2013-02-14,-0.002036400153610285
2013-02-15,0.0006267686286285379
2013-02-19,0.0033577454330493417
2013-02-20,0.000991445421483883
2013-02-21,-0.0007493749749892809
2013-02-22,0.002065863178893901
2013-02-25,0.004374596330160241
2013-02-26,0.004025827512206703
2013-02-27,0.0014899377539627778
2013-02-28,-0.00018540758003726676
2013-03-01,-0.004150382063860092
2013-03-04,-0.0022815495690019505
2013-03-05,0.00901715880544729
2013-03-06,0.005073194411539195
2013-03-07,0.0010174748086293484
2013-03-08,0.0025386472923560888
2013-03-11,-0.0010769525232282584
2013-03-12,-0.0037512916297001153
2013-03-13,0.001772169787802369
2013-03-14,0.0030110139334460495
2013-03-15,-0.0022643642948638742
2013-03-18,-0.01156740378304355
2013-03-19,0.003268663046144482
2013-03-20,0.007925082781426784
2013-03-21,-0.00529884548172499
2013-03-22,0.005964998111623876
2013-03-25,0.0031874112198861937
2013-03-26,0.005057687169924829
2013-03-27,-0.00686233438883177
2013-03-28,0.001035845880709596
2013-04-01,0.0029244831847197172
2013-04-02,0.004800345558826802
2013-04-03,0.0011674295677732704
2013-04-04,0.0007434708677971358
2013-04-05,-0.013321074338593308
2013-04-08,-0.00016920677335585665
2013-04-09,1.4283783502433423e-05
2013-04-10,0.0030535119196113403
2013-04-11,9.072817431410307e-05
2013-04-12,0.0006992463252348813
2013-04-15,-0.0037240779747573782
2013-04-16,0.006450964338684084
2013-04-17,-0.007043500550903414
2013-04-18,0.002153571375358876
2013-04-19,-0.00029861090654415
2013-04-22,0.002962371093244931
2013-04-23,0.022954473695874444
2013-04-24,-0.001141908431874561
2013-04-25,0.0030235993451863674
2013-04-26,0.0005976299484349301
2013-04-29,0.004039122470872236
2013-04-30,0.00017180449377129925
2013-05-01,-0.0001325808984169452
2013-05-02,0.004453906523131934
2013-05-03,0.01150970535091056
2013-05-06,6.214013413652353e-05
2013-05-07,0.0006797198655217329
2013-05-08,-0.0001580578551559908
2013-05-09,0.003003631616411928
2013-05-10,0.002435620019898499
2013-05-13,0.0003245736680501654
2013-05-14,0.005729167401168578
2013-05-15,0.0033669467724246616
2013-05-16,0.007821848520167984
2013-05-17,0.0050175445522955275
2013-05-20,-0.002530337364272328
2013-05-21,-0.00010650919642174461
2013-05-22,-0.00462041253016765
2013-05-23,-0.014828713323143838
2013-05-24,-0.0059539416931975175
2013-05-28,0.015631294988186273
2013-05-29,-0.002409925721754136
2013-05-30,0.0016624682469177365
2013-05-31,0.0002282831503763738
2013-06-03,0.0009875424900323004
2013-06-04,0.00013829731728121075
2013-06-05,-0.004227242976054257
2013-06-06,0.0023989229448886373
2013-06-07,0.005958532638159042
2013-06-10,-0.0023287108614130636
2013-06-11,-0.010731684188640234
2013-06-12,0.009352234929319359
2013-06-13,0.0008766193297287117
2013-06-14,0.003205140514715099
2013-06-17,0.013934210575689443
2013-06-18,0.001486431050077286
2013-06-19,-0.0010455544170091535
2013-06-20,-0.009587238516680308
2013-06-21,0.007599728110842419
2013-06-24,-0.012114068476411721
2013-06-25,0.009332577823729427
2013-06-26,0.010780312208747311
2013-06-27,0.006778394236312213
2013-06-28,-0.0018634407407326359
2013-07-01,0.009753443224765235
2013-07-02,0.0008000851331226855
2013-07-03,-0.0033357842404945215
2013-07-05,0.007312652255541119
2013-07-08,0.006181914042917125
2013-07-09,0.008039264978964233
2013-07-10,-0.0023116819967923252
2013-07-11,0.012261384546123022
2013-07-12,0.00042231625035249465
2013-07-15,0.003188911105892922
2013-07-16,2.644545314511859e-06
2013-07-17,0.0016563001708482794
2013-07-18,0.0008954844917956617
2013-07-19,-0.016752155576898242
2013-07-22,0.004790285758267343
2013-07-23,-0.0004586779662442142
2013-07-24,0.006142777281612499
2013-07-25,-0.0049726381199569625
2013-07-26,0.0003799013029075482
2013-07-29,-0.001568664158333677
2013-07-30,0.004432883612847105
2013-07-31,0.0033447024638806333
2013-08-01,0.008937401528738897
2013-08-02,-0.0003233383687563096
2013-08-05,0.002720972622989981
2013-08-06,-0.0013067164891498173
2013-08-07,-0.0024044370284326266
2013-08-08,0.022693431427058375
2013-08-09,-0.0002557244062724173
2013-08-12,-0.008933131382012571
2013-08-13,0.00480870011194745
2013-08-14,-0.005547754471084354
2013-08-15,-0.013809963200882347
2013-08-16,0.004736131718765968
2013-08-19,0.0031143435806242348
2013-08-20,0.008599938683280017
2013-08-21,-0.0002722855207388797
2013-08-22,0.004326961246220673
2013-08-23,0.004971857424923565
2013-08-26,0.005652740958296265
2013-08-27,-0.0123435761606292
2013-08-28,0.0041243992774315785
2013-08-29,-0.0010798933582191195
2013-08-30,0.00422901270752063
2013-09-03,0.014217834127054019
2013-09-04,0.014043731604026055
2013-09-05,0.002237870526076602
2013-09-06,0.0048371219885552375
2013-09-09,0.005342037962629442
2013-09-10,0.0045606013107284404
2013-09-11,-0.024990951179783005
2013-09-12,0.002227479786187647
2013-09-13,-0.003447766385846318
2013-09-16,0.005643658732128909
2013-09-17,-0.003179345531973854
2013-09-18,0.00820394332138541
2013-09-19,0.011957782068847012
2013-09-20,0.008061242147684444
2013-09-23,0.0262256082954877
2013-09-24,0.009336423277867656
2013-09-25,0.006081351705349736
2013-09-26,0.010428312413711227
2013-09-27,-0.005492318779591665
2013-09-30,-0.01676067297177597
2013-10-01,0.0024861927218455815
2013-10-02,-0.008880270290388625
2013-10-03,-0.0009369212931809034
2013-10-04,0.0068277333933217665
2013-10-07,0.00012206081145071934
2013-10-08,0.004081179664308765
2013-10-09,0.00539729511450826
2013-10-10,0.021529250792508003
2013-10-11,-0.0036517315360559133
2013-10-14,-0.010757527217307161
2013-10-15,0.0074659379632409095
2013-10-16,0.008160139231097263
2013-10-17,-0.0023293965510942094
2013-10-18,0.016064652613546837
2013-10-21,0.007483699070720329
2013-10-22,0.013693715245171934
2013-10-23,-0.010969027404077125
2013-10-24,0.004697849273442856
2013-10-25,0.005582404465165558
2013-10-28,-0.001117977012665361
2013-10-29,0.010416125070991322
2013-10-30,0.008271839017684801
2013-10-31,-0.012071943387071737
2013-11-01,0.010172681160251607
2013-11-04,0.002066935551720217
2013-11-05,-0.0010538567296844992
2013-11-06,-0.013771930801364629
2013-11-07,-0.0013943991570894987
2013-11-08,0.0013754381307709007
2013-11-11,-0.0020985093566295854
2013-11-12,-0.0029541050431260985
2013-11-13,-0.0026553251272443124
2013-11-14,0.001208931102827604
2013-11-15,0.002257683333051652
2013-11-18,-0.0022098158423132785
2013-11-19,-0.00012725856790596346
2013-11-20,0.007146594069414203
2013-11-21,0.00860367885764024
2013-11-22,0.001992039204895324
2013-11-25,0.007487836975893281
2013-11-26,-0.0008208278581383066
2013-11-27,0.005017193023447053
2013-11-29,0.007894543066250925
2013-12-02,0.0010883191844139883
2013-12-03,0.009526465248388849
2013-12-04,-0.003999433828007604
2013-12-05,0.0040377364053931775
2013-12-06,0.006845857857875393
2013-12-09,0.003461484839731188
2013-12-10,-0.00450456362902496
2013-12-11,0.00030837241775549806
2013-12-12,0.006473551983864123
2013-12-13,0.005045402193897042
2013-12-16,0.0022618287747702137
2013-12-17,0.0029329354645613037
2013-12-18,-0.003201494978935626
2013-12-19,-0.007387315068798195
2013-12-20,0.002259465613120959
2013-12-23,0.0153239506141023
2013-12-24,0.006803734030210951
2013-12-26,0.004973257143840115
2013-12-27,-0.0002567942825353331
2013-12-30,-0.00350393667498905
2013-12-31,0.0019157816285517715
2014-01-02,-0.0040746206913924166
2014-01-03,-0.00022257359656341347
2014-01-06,-0.0026166482412848246
2014-01-07,0.0037587926718509745
2014-01-08,0.0035956049936927137
2014-01-09,0.005120343746260803
2014-01-10,0.003614912607930787
2014-01-13,-0.0019444547817004665
2014-01-14,0.004926749072744041
2014-01-15,0.008942928572752473
2014-01-16,-0.0035992159639109955
2014-01-17,-0.0016109602774279086
2014-01-21,0.004676267223412189
2014-01-22,0.004152968180939354
2014-01-23,-0.0013113973792426847
2014-01-24,-0.008399351232502017
2014-01-27,0.004881558173875922
2014-01-28,-0.01932655386009985
2014-01-29,-0.008746246173991112
2014-01-30,0.03704432213940123
2014-01-31,0.0
2014-02-03,0.0
2014-02-04,0.0
2014-02-05,-0.00010205144826991308
2014-02-06,0.0024732095033559442
2014-02-07,0.007972594548523393
2014-02-10,-0.0003632034435586684
2014-02-11,0.00400787886492604
2014-02-12,0.0005908052888987658
2014-02-13,-0.0066300010275136545
2014-02-14,-0.0012217771120789367
2014-02-18,0.0034465615549279516
2014-02-19,-0.004052400030447489
2014-02-20,0.010010234657504169
2014-02-21,0.006323325815092762
2014-02-24,0.001909966616266745
2014-02-25,0.009204893357965815
2014-02-26,0.00856972667771383
2014-02-27,0.004045039657149863
2014-02-28,0.00096608024098499
2014-03-03,-0.015486115613916995
2014-03-04,0.01661720481544271
2014-03-05,0.00414888234936317
2014-03-06,0.0045934622752294985
2014-03-07,0.0050247755296681795
2014-03-10,0.0006332030745583861
2014-03-11,0.0015894906726434677
2014-03-12,-0.005754469024780051
2014-03-13,0.0056744036217459826
2014-03-14,-0.005092957693402456
2014-03-17,0.00833645695793983
2014-03-18,0.003795962037872913
2014-03-19,0.0013969319943072378
2014-03-20,-0.001589067404773492
2014-03-21,0.007848663570133363
2014-03-24,0.001744770591782352
2014-03-25,0.008585248956485492
2014-03-26,0.004025092634548866
2014-03-27,-0.00016474077598471748
2014-03-28,0.0046464426762931055
2014-03-31,0.01129435140816426
2014-04-01,0.006113207097237838
2014-04-02,0.012710295053519394
2014-04-03,0.0017545453489293816
2014-04-04,0.00864837981640032
2014-04-07,-0.007377452356143954
2014-04-08,0.008031546155435887
2014-04-09,0.012247134955434946
2014-04-10,0.0028274217677302094
2014-04-11,-0.015812496492705663
2014-04-14,0.015722053947137882
2014-04-15,0.005277116732968157
2014-04-16,0.011765302486028029
2014-04-17,-0.003110203386733179
2014-04-21,0.005645596652831264
2014-04-22,0.013749925585064382
2014-04-23,0.0006361407008419473
2014-04-24,0.015096990551995315
2014-04-25,-0.010186890954214323
2014-04-28,0.0049004144164941366
2014-04-29,0.0017136107114827936
2014-04-30,-0.007049562052471758
2014-05-01,0.003821044703005594
2014-05-02,0.003993853444683282
2014-05-05,-0.008179485737309089
2014-05-06,-0.002821225348614287
2014-05-07,0.002838168707253619
2014-05-08,-0.01080560999209812
2014-05-09,0.0003240300005018515
2014-05-12,0.00859044509433371
2014-05-13,-0.00014112871328930687
2014-05-14,-0.002814956369309174
2014-05-15,-0.001606537394757468
2014-05-16,0.0026916485732864093
2014-05-19,-0.004627859632833964
2014-05-20,0.0018732622874992888
2014-05-21,0.003596867314256569
2014-05-22,0.0017057269170654976
2014-05-23,0.0008520107575400448
2014-05-27,0.004174557908924514
2014-05-28,-0.0006633125071878743
2014-05-29,0.004043016629901697
2014-05-30,0.0015278799112132813
2014-06-02,0.0006453875828364986
2014-06-03,-0.003784656797125918
2014-06-04,-0.0030813222645769134
2014-06-05,0.0027507305352814093
2014-06-06,0.005028205830228227
2014-06-09,0.0009412283592702408
2014-06-10,0.004064475876222717
2014-06-11,-0.0030787604242092925
2014-06-12,3.708754013009852e-05
2014-06-13,0.003932726457749558
2014-06-16,-0.000982257037791645
2014-06-17,0.0007595670589815029
2014-06-18,0.002587976481593035
2014-06-19,0.0014813996357065928
2014-06-20,0.0014345341155370672
2014-06-23,0.00045872152910009234
2014-06-24,-0.0003258793546657701
2014-06-25,-0.0011626540997432544
2014-06-26,0.0017323027828799464
2014-06-27,-0.0007978762428283437
2014-06-30,0.0013729939091162713
2014-07-01,0.006864819052740945
2014-07-02,0.0012302783380888638
2014-07-03,0.003932131573431752
2014-07-07,-0.0008822502170882096
2014-07-08,-0.003063618810013158
2014-07-09,0.0028631824414595552
2014-07-10,-0.01725851320006988
2014-07-11,0.002778078682543761
2014-07-14,0.0072053650979149175
2014-07-15,0.0014356838890661194
2014-07-16,0.009870249821406274
2014-07-17,-0.0033977426084956797
2014-07-18,0.005934864095922032
2014-07-21,0.0004050085945266346
2014-07-22,0.003719454562824742
2014-07-23,0.004622723670789863
2014-07-24,0.010711190868247122
2014-07-25,-0.002647177502999365
2014-07-28,0.00010617608552276891
2014-07-29,0.0012269594080394075
2014-07-30,0.004313184798869996
2014-07-31,-0.009774404211155385
2014-08-01,-0.0015462707283858679
2014-08-04,0.0021449643372817295
2014-08-05,-0.0036944681238418875
2014-08-06,-0.004876729653292222
2014-08-07,0.005588337208444649
2014-08-08,0.0008516512869407578
2014-08-11,0.005820066162456339
2014-08-12,-0.0022108320484525157
2014-08-13,0.0033667918960595955
2014-08-14,0.0008250605336210803
2014-08-15,0.0057275656721629264
2014-08-18,0.004338482927206622
2014-08-19,0.002119200332459714
2014-08-20,-0.002350311421775775
2014-08-21,0.00017226194176012122
2014-08-22,4.610317768216632e-06
2014-08-25,0.004684583526799457
2014-08-26,0.0011836183198952188
2014-08-27,8.626955453139296e-05
2014-08-28,-0.003760031044666823
2014-08-29,0.005204213331961638
2014-09-02,0.0036423211332188288
2014-09-03,0.0022419125224644176
2014-09-04,0.0013925407063202222
2014-09-05,0.0004474464696506697
2014-09-08,0.00016794334980008152
2014-09-09,0.001636364205108043
2014-09-10,0.0007673293161962746
2014-09-11,-0.0035510608843281055
2014-09-12,-0.000918266898928155
2014-09-15,0.00013867409101320227
2014-09-16,-0.0075547344863265975
2014-09-17,0.0008886128736915744
2014-09-18,0.003653381581731674
2014-09-19,0.002542157768154585
2014-09-22,-0.0011591973676172707
2014-09-23,-0.0052599312927530395
2014-09-24,0.00028531379594309847
2014-09-25,-0.003963491442679268
2014-09-26,0.006088372554097887
2014-09-29,-0.012465926823257645
2014-09-30,0.0035707007606131658
2014-10-01,-0.0015332104636539556
2014-10-02,0.002646176285162838
2014-10-03,0.003836983015062856
2014-10-06,0.002960233094636555
2014-10-07,-0.00451710245134207
2014-10-08,0.00043857806052916004
2014-10-09,-0.00015349556076282855
2014-10-10,-0.009837810415354031
2014-10-13,0.003123662759019208
2014-10-14,0.010679793364195556
2014-10-15,-0.01773783424048947
2014-10-16,-0.032256325738362235
2014-10-17,0.014910003213187695
2014-10-20,-0.001088227743596848
2014-10-21,0.0172867938247927
2014-10-22,0.0012561312727559226
2014-10-23,0.012479181455986366
2014-10-24,0.002416145453912222
2014-10-27,-0.00174817655631887
2014-10-28,0.005386120518648285
2014-10-29,-0.01215049914698596
2014-10-30,-0.0051840831031745305
2014-10-31,0.016597868127948612
2014-11-03,0.0020752720499064292
2014-11-04,-0.005993196701530534
2014-11-05,0.005931688336007435
2014-11-06,0.0025525296884651993
2014-11-07,0.0027291668125137836
2014-11-10,0.0007395168241726147
2014-11-11,0.0001961630748359422
2014-11-12,-0.0036045850934051105
2014-11-13,0.0027615289014646383
2014-11-14,0.0004563005136171139
2014-11-17,-0.002457864090989914
2014-11-18,0.0017041499573968721
2014-11-19,-0.0033434704693006134
2014-11-20,-0.0034384534424933832
2014-11-21,0.012135541043919229
2014-11-24,0.0027440887366345645
2014-11-25,0.0023889560622849526
2014-11-26,-1.9477448110261086e-05
2014-11-28,0.0017279135872858564
2014-12-01,-0.0032904905842736643
2014-12-02,-0.0012249670967067194
2014-12-03,0.0014434315671028042
2014-12-04,-0.000581210623151418
2014-12-05,0.002615500479175248
2014-12-08,-0.0031283529687708977
2014-12-09,-0.011556105187698562
2014-12-10,-0.0007979542904777981
2014-12-11,0.004109644416081748
2014-12-12,-0.007190630474563364
2014-12-15,0.005932136906998453
2014-12-16,-0.007202878609056773
2014-12-17,0.0007972063499659399
2014-12-18,0.01372267064483812
2014-12-19,0.00047937901265937555
2014-12-22,-0.0033191373561368698
2014-12-23,0.0038337707871958226
2014-12-24,0.0004063300103882561
2014-12-26,0.0021018828495429354
2014-12-29,5.570829201739791e-05
2014-12-30,-0.0023925730405471857
2014-12-31,0.0023545039298467074
2015-01-02,0.0046660739687378605
2015-01-05,-0.0038353733206930585
2015-01-06,0.0027249383983718456
2015-01-07,0.00544171167556029
2015-01-08,0.008385399996728493
2015-01-09,0.002819471496166903
2015-01-12,0.0024866461242016857
2015-01-13,0.008702911439950167
2015-01-14,-0.007626686023145535
2015-01-15,0.0024448961097061073
2015-01-16,-0.0004117911466302582
2015-01-20,0.005876260493061114
2015-01-21,-0.0022516609129296095
2015-01-22,0.0037896380325239676
2015-01-23,-0.0005823005580071206
2015-01-26,0.00011565282034076141
2015-01-27,-0.011911702006016323
2015-01-28,0.021447365577687894
2015-01-29,0.002179492055279564
2015-01-30,-0.0031605107852872294
2015-02-02,0.0040555834022235615
2015-02-03,0.00022578450289012508
2015-02-04,-0.007196270743860089
2015-02-05,0.004332857526458733
2015-02-06,0.00038715176563264286
2015-02-09,-0.003973886913215319
2015-02-10,0.0045546205577668974
2015-02-11,0.001413790714185792
2015-02-12,0.004882818908180209
2015-02-13,0.0035108976111482004
2015-02-17,-0.00036230413289684016
2015-02-18,-0.001318787932136356
2015-02-19,-0.0005817476799955257
2015-02-20,8.251004273973628e-05
2015-02-23,0.0013639315785034523
2015-02-24,-0.0013140517512142402
2015-02-25,-0.0022856371160518973
2015-02-26,0.0006335746261190156
2015-02-27,4.486869777808877e-05
2015-03-02,0.004611393274744691
2015-03-03,-0.0021784342651955946
2015-03-04,-0.0016958857999098687
2015-03-05,0.0015892317058840977
2015-03-06,0.00265463176798697
2015-03-09,0.0031423542983746167
2015-03-10,-0.0050133804575321905
2015-03-11,0.001288175082667209
2015-03-12,-0.00024765145512717357
2015-03-13,-0.0008471220467590745
2015-03-16,0.003059916105366378
2015-03-17,-3.134734616361268e-05
2015-03-18,-0.0009351092402264394
2015-03-19,0.0011088572915738393
2015-03-20,0.006671883691907743
2015-03-23,0.001061186094795552
2015-03-24,-0.00013573111259879145
2015-03-25,-0.0007432704758506548
2015-03-26,-0.005518059971405531
2015-03-27,0.0013072042546156126
2015-03-30,0.0042589704239459625
2015-03-31,-0.001714606035623012
2015-04-01,8.369805142649511e-05
2015-04-02,0.000735162574487136
2015-04-06,-0.0005183944299849141
2015-04-07,-1.4241789903723934e-05
2015-04-08,-0.00033124273611850885
2015-04-09,-0.00015626570644156068
2015-04-10,-5.265444296487232e-05
2015-04-13,2.6579986127206467e-05
2015-04-14,-0.00018806332429355255
2015-04-15,0.00042213838473958987
2015-04-16,-0.0004346221658618754
2015-04-17,-0.0007868846054603917
2015-04-20,0.00020535873235316693
2015-04-21,0.00043574995103567993
2015-04-22,0.0008005907999022455
2015-04-23,-0.0009003221969963171
2015-04-24,0.00026257559787579154
2015-04-27,0.00016624787985430878
2015-04-28,1.6996447396167014e-05
2015-04-29,-0.0005314053373326466
2015-04-30,-0.00011930845814245306
2015-05-01,0.00032270061415706763
2015-05-04,0.002989932818896701
2015-05-05,-0.0003965326820777326
2015-05-06,0.0034960382092930065
2015-05-07,0.001807839403955791
2015-05-08,0.00710245635516249
2015-05-11,0.00026282423797274745
2015-05-12,-0.004213209586889977
2015-05-13,0.0012238308231948825
2015-05-14,0.007319803106556444
2015-05-15,0.0029552774245427127
2015-05-18,-0.0019491773896157527
2015-05-19,0.0023981013252145633
2015-05-20,-0.0001416394295645773
2015-05-21,0.0002675727326024724
2015-05-22,0.0006261769688333807
2015-05-26,-0.0002737788636437699
2015-05-27,0.002732546742648001
2015-05-28,-0.0013715787185869521
2015-05-29,-0.0013771103740953805
2015-06-01,0.0013999768485539743
2015-06-02,-0.00013424119242844146
2015-06-03,0.0005506916144419893
2015-06-04,-0.0002999729776828053
2015-06-05,-8.979852665103039e-05
2015-06-08,-0.00019645516426169962
2015-06-09,9.391551847470758e-05
2015-06-10,0.00019328193707024433
2015-06-11,-4.33690981915813e-05
2015-06-12,-0.0003897882808697739
2015-06-15,-0.0011780941525534327
2015-06-16,-0.00024188317588558217
2015-06-17,1.4950578085537458e-05
2015-06-18,0.00027710531005720185
2015-06-19,0.0003343334593457481
2015-06-22,5.159106073060471e-05
2015-06-23,0.00015617994415939584
2015-06-24,2.568788181389614e-05
2015-06-25,0.00012454150796026298
2015-06-26,-0.0037371661297527226
2015-06-29,-0.0008610146111212025
2015-06-30,0.000597452774353302
2015-07-01,0.0007871573895745776
2015-07-02,7.01055272509521e-05
2015-07-06,-0.0007360050885304448
2015-07-07,-0.0007368346856334584
2015-07-08,-0.0007905439488145038
2015-07-09,0.0009084877560041615
2015-07-10,0.000747334003937894
2015-07-13,0.0007357765645634728
2015-07-14,0.003259138021645791
2015-07-15,0.0
2015-07-16,0.0
2015-07-17,0.0
2015-07-20,0.00013027760059158844
2015-07-21,-2.2807593776263957e-05
2015-07-22,-0.0016090642166466385
2015-07-23,0.0008369284406057886
2015-07-24,2.9251581828315665e-05
2015-07-27,-0.0006225153746708401
2015-07-28,0.0006208363758708479
2015-07-29,0.00033345972374143606
2015-07-30,-0.0005894709970183376
2015-07-31,0.000374477787779659
2015-08-03,0.00035008713806883307
2015-08-04,0.00019795001300537685
2015-08-05,0.00048759145831134276
2015-08-06,-5.3591266916508395e-05
2015-08-07,-0.0002345506023925248
2015-08-10,0.00021330228896720982
2015-08-11,-0.0005999156708732523
2015-08-12,-0.0009807370815948513
2015-08-13,7.317822465768842e-07
2015-08-14,-4.48643476749222e-05
2015-08-17,-0.0008307676586498669
2015-08-18,-0.00025031221190063846
2015-08-19,-0.00030866949501462404
2015-08-20,-0.0011352349915307869
2015-08-21,-0.0006989190242032706
2015-08-24,-0.0028921556872933962
2015-08-25,0.00232422338524807
2015-08-26,0.0
2015-08-27,0.0
2015-08-28,0.0
2015-08-31,-0.00031721293979902754
2015-09-01,-0.001932634114974463
2015-09-02,0.0012270460388743576
2015-09-03,0.0006639279271221099
2015-09-04,-0.0011377348830594602
2015-09-08,0.0019845048503219775
2015-09-09,-0.010572918544559995
2015-09-10,0.000833660584229845
2015-09-11,0.0036857822757478953
2015-09-14,-0.0031896303223367672
2015-09-15,-0.002380619322756572
2015-09-16,6.079553452598141e-05
2015-09-17,0.0005882850935075012
2015-09-18,0.012802197204616839
2015-09-21,-0.00406055898653479
2015-09-22,0.012810733099318794
2015-09-23,-0.0019515735143486035
2015-09-24,0.007687776388310974
2015-09-25,-0.009061864601495162
2015-09-28,0.0033397581017236
2015-09-29,-0.002234305243694723
2015-09-30,-0.011530332984082459
2015-10-01,-0.002800437444980375
2015-10-02,0.012193736654034337
2015-10-05,-0.005201420538877732
2015-10-06,0.0022309517292498082
2015-10-07,-0.0045263612908874595
2015-10-08,0.003318745748819296
2015-10-09,-0.001118387902509621
2015-10-12,-0.0008795740145643993
2015-10-13,0.004155545166669716
2015-10-14,0.00021810780091580106
2015-10-15,-0.0032821628044300555
2015-10-16,-0.002024479429821535
2015-10-19,0.001640594762764902
2015-10-20,0.0013428681519329633
2015-10-21,-0.00514075171886208
2015-10-22,-0.007389774776800251
2015-10-23,-0.023349921555940845
2015-10-26,0.00043854227117923195
2015-10-27,0.0014524155886317391
2015-10-28,0.0006931867341621878
2015-10-29,-0.0013618279448972537
2015-10-30,0.0004945133518341471
2015-11-02,0.0007094556697662124
2015-11-03,-0.002541318422775052
2015-11-04,0.0028857429873330176
2015-11-05,0.006575144409806777
2015-11-06,-0.0021437415693537076
2015-11-09,-0.005836523236098179
2015-11-10,-0.0040781835957405255
2015-11-11,0.003993190745190667
2015-11-12,-0.0039269323685979796
2015-11-13,-0.0035651889094558964
2015-11-16,-0.002011504466547742
2015-11-17,0.0022030496551248557
2015-11-18,0.003567635110773626
2015-11-19,0.0026307038909547664
2015-11-20,0.007557933368091074
2015-11-23,0.0008222054388371536
2015-11-24,-0.006926192282324606
2015-11-25,0.0024937322441538345
2015-11-27,0.001999017617578147
2015-11-30,0.0025280985641149556
2015-12-01,0.004874216325576386
2015-12-02,0.0008337005189369417
2015-12-03,0.0037402627019631485
2015-12-04,0.0014805178914085726
2015-12-07,0.0009374917147990658
2015-12-08,-0.011099226174493881
2015-12-09,-0.0029587299576357973
2015-12-10,0.002764904785916178
2015-12-11,-0.01089727140493757
2015-12-14,0.0025496534484323874
2015-12-15,0.008067161478177987
2015-12-16,0.007224401239675604
2015-12-17,0.004419562293429546
2015-12-18,-0.004522440969498165
2015-12-21,0.007221937709810833
2015-12-22,0.00453499413731584
2015-12-23,0.0045904913195709
2015-12-24,0.00043353912204913136
2015-12-28,-0.001116792964875546
2015-12-29,0.0046018665531710745
2015-12-30,-0.0011648316566513772
2015-12-31,-0.0031410230792372484
2016-01-04,-0.01992463836521896
2016-01-05,0.004857803615303302
2016-01-06,-0.013808655888905341
2016-01-07,-0.016659047341935462
2016-01-08,0.008833430950591747
2016-01-11,0.004294283448886604
2016-01-12,0.008836041645434722
2016-01-13,0.003833226381605659
2016-01-14,0.001871897434665648
2016-01-15,-0.03173360305964479
2016-01-19,0.012624301571010133
2016-01-20,-0.014201737859757535
2016-01-21,0.004331119225464697
2016-01-22,0.00117915245276623
2016-01-25,0.0025923983621589652
2016-01-26,0.0005239439223194697
2016-01-27,0.0034487174828976563
2016-01-28,0.019863472196574916
2016-01-29,-0.0007552430026962487
2016-02-01,0.004438388420554995
2016-02-02,0.0035238068694130043
2016-02-03,-0.004394706810400439
2016-02-04,0.0025257461395837844
2016-02-05,0.003015595017797912
2016-02-08,0.015654897230443554
2016-02-09,0.011054475247699092
2016-02-10,-0.010193178677673997
2016-02-11,0.01040599270711251
2016-02-12,-0.008668260196868727
2016-02-16,-0.01248764333124619
2016-02-17,-0.007112768972969863
2016-02-18,-0.0013131828802612766
2016-02-19,0.003636300085548827
2016-02-22,-0.007782359003473127
2016-02-23,0.005181478422668695
2016-02-24,0.009855430251339614
2016-02-25,-0.0011147830600181097
2016-02-26,-0.005641160315622118
2016-02-29,0.0011216698840534889
2016-03-01,-0.008069957401220407
2016-03-02,0.0010627096568804895
2016-03-03,0.0011640460636497263
2016-03-04,0.00019858955033003056
2016-03-07,0.003679892708585708
2016-03-08,0.0062204976320330285
2016-03-09,-0.002755065596796502
2016-03-10,-0.0042761768923097465
2016-03-11,-0.008711900088706814
2016-03-14,0.0021577914332988613
2016-03-15,0.0033272463435156663
2016-03-16,0.0020641075804792575
2016-03-17,0.00306441661886403
2016-03-18,-0.001823233777449751
2016-03-21,0.002170798697128662
2016-03-22,0.004241261952136366
2016-03-23,0.0011390045140453608
2016-03-24,0.004907417338299025
2016-03-28,-0.0020896359655655505
2016-03-29,0.0014501105164930195
2016-03-30,-0.005048255616649899
2016-03-31,0.0005512800984195376
2016-04-01,0.0043869148980759665
2016-04-04,0.0017003867279787865
2016-04-05,0.0007979820819306038
2016-04-06,-0.00078451983947736
2016-04-07,0.002571785628346035
2016-04-08,-0.0010281529713953574
2016-04-11,-0.0016259826726131577
2016-04-12,0.0005299401001814807
2016-04-13,0.005862110779388807
2016-04-14,-0.00018968147252884648
2016-04-15,5.2847878607931165e-05
2016-04-18,-0.0014731906195065703
2016-04-19,0.002003896161753893
2016-04-20,0.0010802869204644683
2016-04-21,0.00025929891980558395
2016-04-22,-0.011718699939711197
2016-04-25,-0.002543994108687886
2016-04-26,0.0018824311792839943
2016-04-27,-0.002520269505870032
2016-04-28,0.01307677914496197
2016-04-29,0.006076501173010396
2016-05-02,0.0026211869667593923
2016-05-03,-0.006108933315904452
2016-05-04,-0.005208403429577513
2016-05-05,0.003293928991159989
2016-05-06,-0.0032134684927078716
2016-05-09,0.0008229022718182488
2016-05-10,0.004762230826097502
2016-05-11,-0.0005699456030628935
2016-05-12,0.00327203630110251
2016-05-13,-0.00020478410106983258
2016-05-16,-0.0013877415373657609
2016-05-17,-0.0003332077943882794
2016-05-18,0.0017108740644986575
2016-05-19,-0.0030005552560161686
2016-05-20,0.002804238145010851
2016-05-23,0.00012139361885221689
2016-05-24,0.0023549015188746303
2016-05-25,0.001848512596231755
2016-05-26,0.0001321598628718501
2016-05-27,0.00015226062209539037
2016-05-31,0.0004397019951385417
2016-06-01,-0.0012581039921876203
2016-06-02,-0.0008523747529314285
2016-06-03,7.39414649135739e-05
2016-06-06,0.0008450540485773761
2016-06-07,0.002068101187254978
2016-06-08,0.0010546684694621167
2016-06-09,-0.0034371268494967078
2016-06-10,-0.00722334560982385
2016-06-13,-0.00486438731493366
2016-06-14,-0.0002971900151713669
2016-06-15,0.0015395657386509942
2016-06-16,-0.0027775070767819265
2016-06-17,-5.6783958074402285e-05
2016-06-20,0.007482825906290236
2016-06-21,0.0023092385633161072
2016-06-22,-0.0026097964020596054
2016-06-23,0.0042014031774100236
2016-06-24,-0.02574746747281853
2016-06-27,-0.005788632678856764
2016-06-28,0.009381097467228594
2016-06-29,0.006684354609891807
2016-06-30,0.002523874536917603
2016-07-01,-0.0018731835291636578
2016-07-05,-0.004287159210950575
2016-07-06,-0.003358469496166583
2016-07-07,0.0005122214625186139
2016-07-08,0.0042069897194831896
2016-07-11,0.0037166793990375258
2016-07-12,0.0030745804721634684
2016-07-13,0.001586474781160474
2016-07-14,0.003839814089843241
2016-07-15,0.0024151624895010215
2016-07-18,0.0013955223532393646
2016-07-19,-0.002175482701449627
2016-07-20,0.0034009539286470325
2016-07-21,-0.00012383225584200463
2016-07-22,0.0013322356032150484
2016-07-25,0.0017048271102440005
2016-07-26,0.0022908917751818247
2016-07-27,0.002826800767595783
2016-07-28,0.003449518478008784
2016-07-29,0.001542172543441911
2016-08-01,0.0006851350207786044
2016-08-02,-0.0009788893003596089
2016-08-03,-0.0014098684603299771
2016-08-04,0.0005615842904496127
2016-08-05,0.005098922002653161
2016-08-08,0.00032410514260861056
2016-08-09,0.0014757674150553957
2016-08-10,0.00011925809081869687
2016-08-11,0.0016551334365808579
2016-08-12,-0.00042009174473012223
2016-08-15,0.0010643072468825565
2016-08-16,-0.0008683017587857167
2016-08-17,0.00023353400000902802
2016-08-18,0.00025524878458926814
2016-08-19,-0.00012899816393585617
2016-08-22,-0.0004743862263609788
2016-08-23,0.002736527059287841
2016-08-24,0.00022778004642409755
2016-08-25,-0.0004927958718529135
2016-08-26,0.0010965872335397808
2016-08-29,0.0004900983110573964
2016-08-30,0.0005307641381675499
2016-08-31,-0.0007809534162077636
2016-09-01,0.000663041715945889
2016-09-02,0.0025775103154612733
2016-09-06,0.0011140075965632157
2016-09-07,-0.00013143952635441547
2016-09-08,-0.001364821463907262
2016-09-09,-0.003755869312222715
2016-09-12,-0.0034312623051775404
2016-09-13,-0.0031209321100611476
2016-09-14,-0.0004937175349967182
2016-09-15,0.0004528766984386312
2016-09-16,0.0018417519063020915
2016-09-19,0.0029072363199798
2016-09-20,0.0027563784901283306
2016-09-21,0.0034658413409132116
2016-09-22,0.003399588916394247
2016-09-23,-0.0028719762695661455
2016-09-26,-0.0034075649654815576
2016-09-27,0.0008494803534391249
2016-09-28,0.0017398023122956463
2016-09-29,-0.00039750887206646546
2016-09-30,0.002294747123078311
2016-10-03,0.00022419113631610976
2016-10-04,0.001738596276486204
2016-10-05,0.001863227337130846
2016-10-06,-0.0008930166181988497
2016-10-07,0.0014087422138233663
2016-10-10,0.0028742732231128443
2016-10-11,-0.0012327295711008768
2016-10-12,0.00012602639434478036
2016-10-13,-0.004500313641243037
2016-10-14,0.004313225594321901
2016-10-17,0.00023839676512227292
2016-10-18,0.006260010940252414
2016-10-19,-0.001188114482946534
2016-10-20,-0.0020832089316770164
2016-10-21,-0.0023362102170614296
2016-10-24,0.003503922323590647
2016-10-25,0.00016578287937840663
2016-10-26,-0.0012312177359168341
2016-10-27,0.0053029691534594026
2016-10-28,-0.0037619515327070863
2016-10-31,0.003013290739679819
2016-11-01,0.0024881745358000806
2016-11-02,-0.0008227928269683993
2016-11-03,-0.0014706165646938274
2016-11-04,-0.007681844216221756
2016-11-07,0.015751840469574452
2016-11-08,-0.00037157196411519156
2016-11-09,-0.018543718522729846
2016-11-10,0.004497544568294876
2016-11-11,-0.0008690222128506786
2016-11-14,0.001994194897097179
2016-11-15,0.010545020559390883
2016-11-16,-0.005116236222378667
2016-11-17,0.0022766154077742407
2016-11-18,0.0013626115748119894
2016-11-21,0.004049829285469819
2016-11-22,0.005140860276665826
2016-11-23,-0.00171577884195373
2016-11-25,0.002240387154468504
2016-11-28,-0.0024798460094238584
2016-11-29,0.0003556976189733607
2016-11-30,0.00029189388988193343
2016-12-01,0.00027593185229846107
2016-12-02,-0.0023444745760672348
2016-12-05,0.00474825542493762
2016-12-06,0.00351527753750136
2016-12-07,9.499991319317225e-05
2016-12-08,0.0017653534397332749
2016-12-09,0.0036443741599694324
2016-12-12,-0.0031900507688830126
2016-12-13,0.0038038033458067666
2016-12-14,0.00034808574027067607
2016-12-15,0.0008195813761537885
2016-12-16,0.003874732625276378
2016-12-19,0.000929282774035256
2016-12-20,0.004148282140232107
2016-12-21,0.00013491165638312985
2016-12-22,0.0028641196100216426
2016-12-23,-0.002401136082193278
2016-12-27,0.0027492483510787036
2016-12-28,0.003613509291246153
2016-12-29,-0.004296813788110421
2016-12-30,0.0015281309112313846
2017-01-03,0.002716938853321249
2017-01-04,0.0017002000012209528
2017-01-05,-0.0002984575948423718
2017-01-06,0.0018713106906715904
2017-01-09,0.0004739006372689314
2017-01-10,0.0008600520786845589
2017-01-11,-0.0007120854734734561
2017-01-12,-0.003334689802962143
2017-01-13,0.0006703471781119852
2017-01-17,-0.002534730738372404
2017-01-18,-0.0003410257521593296
2017-01-19,0.002103552911399298
2017-01-20,0.0035042723675924314
2017-01-23,-0.0009931155612756815
2017-01-24,0.0016007618408073743
2017-01-25,0.005651995417297551
2017-01-26,0.0026603669040794475
2017-01-27,0.0028450045922063794
2017-01-30,-0.0038288754801927283
2017-01-31,-0.003493654182087025
2017-02-01,0.009058171739787069
2017-02-02,-0.002530852876880485
2017-02-03,-0.0028599621561978816
2017-02-06,-0.0004612291005535729
2017-02-07,0.0033708243408365757
2017-02-08,-0.0005490348355486896
2017-02-09,0.002924826178271722
2017-02-10,0.004999567859330867
2017-02-13,0.0037704091482619884
2017-02-14,-0.0010327011961622778
2017-02-15,-0.0005621752531054236
2017-02-16,0.0007869267686473336
2017-02-17,-0.003076931271195016
2017-02-21,0.003942718529546196
2017-02-22,0.0005599016629649345
2017-02-23,-0.00262045376226705
2017-02-24,-0.007469683185389209
2017-02-27,-0.0016601414794615854
2017-02-28,0.001949147754819247
2017-03-01,0.009598712400774145
2017-03-02,-0.0013915382496599848
2017-03-03,-0.0014063114784578223
2017-03-06,-0.004228285214378125
2017-03-07,-0.001018592884920233
2017-03-08,0.0017335872118262596
2017-03-09,-8.824118029293615e-05
2017-03-10,0.005155735354440472
2017-03-13,0.002366436100029512
2017-03-14,-0.001799464315592636
2017-03-15,0.001188433608707129
2017-03-16,0.0025105818719455275
2017-03-17,0.0017835727955803904
2017-03-20,0.0010930484683224773
2017-03-21,0.0020495971645271283
2017-03-22,-0.00036493973416851233
2017-03-23,-0.0015117665931069224
2017-03-24,0.008818206406840945
2017-03-27,-0.008476982620888696
2017-03-28,0.001538936437958327
2017-03-29,0.0006074020549873271
2017-03-30,0.0008328495721250384
2017-03-31,-0.0007852191094072092
2017-04-03,0.0017944022024476425
2017-04-04,-0.006048380006884457
2017-04-05,0.0009284144779806436
2017-04-06,-0.0007532562967014211
2017-04-07,-1.139703496488842e-05
2017-04-10,0.0016550121048224398
2017-04-11,-0.0018060476846689655
2017-04-12,-0.0010584029392920469
2017-04-13,-0.0012829987954291466
2017-04-17,0.002773818003836581
2017-04-18,-0.0030094236146614994
2017-04-19,0.004340592449741498
2017-04-20,0.004399277734721041
2017-04-21,-0.00018736244982420214
2017-04-24,0.00885603260538903
2017-04-25,0.003096118894258426
2017-04-26,-1.740276105854921e-05
2017-04-27,0.0038428955482583405
2017-04-28,0.006457798984328189
2017-05-01,0.003340414241876477
2017-05-02,-0.0027401747456921033
2017-05-03,-0.002135074693974337
2017-05-04,0.00015924046373450018
2017-05-05,0.0028057009300577196
2017-05-08,0.0011884436176601287
2017-05-09,0.0027147593593923602
2017-05-10,0.005569092022084776
2017-05-11,-0.003924119399483006
2017-05-12,0.0034006131853228094
2017-05-15,-0.0005753401404036129
2017-05-16,0.004250443215370936
2017-05-17,-0.012224974670645317
2017-05-18,0.0013630257345975672
2017-05-19,0.007226733659405626
2017-05-22,0.004941947220099996
2017-05-23,0.003877027480225115
2017-05-24,0.006710132938746671
2017-05-25,0.004597042706129262
2017-05-26,1.380763172886823e-05
2017-05-30,0.0010792609765093442
2017-05-31,0.004857202366911784
2017-06-01,0.003800505329953463
2017-06-02,0.0023512236534419806
2017-06-05,-0.0018014568618717197
2017-06-06,-0.0017157607727518176
2017-06-07,0.004611315647752967
2017-06-08,0.007822896403603119
2017-06-09,0.006882863849938303
2017-06-12,-0.013377108044554165
2017-06-13,0.014701403837620974
2017-06-14,0.005721235854092344
2017-06-15,-0.019591285430849203
2017-06-16,0.005205840679870066
2017-06-19,0.014108005284364067
2017-06-20,0.0052015712530730784
2017-06-21,0.006658246479833485
2017-06-22,0.0007185934872850908
2017-06-23,-0.0010868780124333455
2017-06-26,0.006743698513475227
2017-06-27,-0.005147284319333201
2017-06-28,0.007338681986274853
2017-06-29,-0.0072506848815677705
2017-06-30,0.006039143281801218
2017-07-03,0.007106894311347256
2017-07-05,0.004956752015577326
2017-07-06,-0.011392728862719803
2017-07-07,0.007075825805515024
2017-07-10,0.005110204811850538
2017-07-11,-0.0009894638096444863
2017-07-12,0.009532568264684294
2017-07-13,0.0013042776698390934
2017-07-14,0.0028013833423288226
2017-07-17,0.001518906436532852
2017-07-18,-0.0027046062631636003
2017-07-19,0.003856786916552002
2017-07-20,0.003296543861314838
2017-07-21,-0.004666930901093491
2017-07-24,0.0016576298274662005
2017-07-25,-0.004076530042757431
2017-07-26,0.0068721931056066055
2017-07-27,0.011433515679327266
2017-07-28,-0.00775901471280005
2017-07-31,0.0016001562059104746
2017-08-01,0.003238102177919977
2017-08-02,0.008924015464224277
2017-08-03,0.0066960532303228515
2017-08-04,0.002037894358227099
2017-08-07,0.003119256228868661
2017-08-08,0.0009909727152410674
2017-08-09,-0.011135951711978787
2017-08-10,-0.005993566589962529
2017-08-11,-0.0015099319391695953
2017-08-14,0.0121629329609092
2017-08-15,0.003900966459467581
2017-08-16,0.0025732240141520535
2017-08-17,-0.0029536292264193964
2017-08-18,0.002165539661518112
2017-08-21,0.000295808649592999
2017-08-22,0.006037395213279506
2017-08-23,-0.005947199785851454
2017-08-24,0.002623159099128358
2017-08-25,0.003527092516209196
2017-08-28,0.0024803666738464347
2017-08-29,-0.009733166807876614
2017-08-30,0.00267952451623632
2017-08-31,0.002551583775407096
2017-09-01,0.00234570165063519
2017-09-05,-0.004810924754207524
2017-09-06,0.0031601603004698386
2017-09-07,0.0022023900717393907
2017-09-08,-0.0011477008045496229
2017-09-11,0.00818216628171542
2017-09-12,0.003134050048613224
2017-09-13,-0.0012391368794103519
2017-09-14,-0.003312192711467543
2017-09-15,0.001569217719790128
2017-09-18,0.004533381630268396
2017-09-19,0.0007769412479083915
2017-09-20,-0.0005221942659090484
2017-09-21,-0.0018729130775906322
2017-09-22,-0.004800925385178401
2017-09-25,-0.004503328135787132
2017-09-26,0.00873933854160347
2017-09-27,0.009599653694449595
2017-09-28,-0.0014579446099073357
2017-09-29,0.0029496153554766646
2017-10-02,0.0035501580556958068
2017-10-03,-0.00031123633579255294
2017-10-04,-0.0009787103449967471
2017-10-05,0.004184820337566286
2017-10-06,-0.004284099174135303
2017-10-09,0.001229688063198786
2017-10-10,0.007291011987183849
2017-10-11,-0.0006408169083390591
2017-10-12,-0.0008628843652846996
2017-10-13,0.00611575207494397
2017-10-16,0.0033802454091960144
2017-10-17,-0.0013659381393535952
2017-10-18,0.0020794088649775944
2017-10-19,-0.007591586436674236
2017-10-20,0.005960748208253763
2017-10-23,0.003536058179623991
2017-10-24,0.0016382525199090114
2017-10-25,-0.0037978323967245986
2017-10-26,0.0037600984998078513
2017-10-27,0.01606510418687601
2017-10-30,-0.001673670646673453
2017-10-31,0.0022798595420081558
2017-11-01,0.005207662363926335
2017-11-02,-0.005809847816681035
2017-11-03,0.005143026870068956
2017-11-06,0.000623994665365224
2017-11-07,0.0012611580345751605
2017-11-08,-0.0007076899282607574
2017-11-09,-0.008651194401142481
2017-11-10,6.558537104961459e-06
2017-11-13,-0.004941640747250897
2017-11-14,-0.0027282832687846037
2017-11-15,-0.007231643495875906
2017-11-16,0.007327903442045702
2017-11-17,0.0049810411301633994
2017-11-20,0.000650717926001132
2017-11-21,0.006144228325020373
2017-11-22,0.0013074089737525885
2017-11-24,0.0013274166437635682
2017-11-27,-0.0010314940411791929
2017-11-28,0.002792383679002697
2017-11-29,-0.00258997906272751
2017-11-30,0.005745298401731436
2017-12-01,-0.00717231720240008
2017-12-04,0.006908206438756004
2017-12-05,-0.004394020342255667
2017-12-06,-0.005197328298718107
2017-12-07,0.004847234041064352
2017-12-08,0.00896520176773663
2017-12-11,0.001074591951489845
2017-12-12,-0.00316493537104634
2017-12-13,0.004460231848900875
2017-12-14,0.001268469205929934
2017-12-15,0.005832136643272756
2017-12-18,0.0075211551308245195
2017-12-19,-0.0018030855294247639
2017-12-20,0.007388994420177264
2017-12-21,0.0004919552184829978
2017-12-22,-0.002529638658761768
2017-12-26,-0.008073179567244737
2017-12-27,0.0007898749478463252
2017-12-28,0.00367053225053926
2017-12-29,-0.0007412871626564232
2018-01-02,0.006026441501515212
2018-01-03,0.0038093221817141476
2018-01-04,0.004568570828143992
2018-01-05,0.0040076769441403925
2018-01-08,0.0008824156734763555
2018-01-09,0.0015346125837607527
2018-01-10,-0.006561747207606383
2018-01-11,0.0030436302524730063
2018-01-12,-0.003396046740263836
2018-01-16,0.00755525846027183
2018-01-17,0.004658282293716898
2018-01-18,0.00012141146413213733
2018-01-19,0.0045007429181773695
2018-01-22,-0.00029642673077756587
2018-01-23,0.009689303393439985
2018-01-24,0.001585758511188251
2018-01-25,0.008183599362429517
2018-01-26,0.00860528562706464
2018-01-29,-0.0020459939358010715
2018-01-30,-0.011594674446310571
2018-01-31,0.008563202224058264
2018-02-01,-0.00767662526505275
2018-02-02,5.087191850949857e-05
2018-02-05,-0.014577715565888716
2018-02-06,-0.019034628591359404
2018-02-07,-0.0002240005468495676
2018-02-08,0.006253943685055274
2018-02-09,0.02268888918369716
2018-02-12,0.015033762327842926
2018-02-13,-0.003637335014515908
2018-02-14,-0.005343326871628751
2018-02-15,0.011970923714081927
2018-02-16,-0.002988104806227687
2018-02-20,-0.0025517983465657146
2018-02-21,0.00799871292288623
2018-02-22,0.006660471489758235
2018-02-23,0.009719565156386167
2018-02-26,0.006596243982527783
2018-02-27,0.00041630747148446723
2018-02-28,0.005302772191029259
2018-03-01,0.0014353724391438227
2018-03-02,-0.015336885785819265
2018-03-05,-0.005169394844691921
2018-03-06,0.009697624862623488
2018-03-07,-0.009621840156488037
2018-03-08,0.004334170987650765
2018-03-09,0.008308674085004908
2018-03-12,0.006769255038744371
2018-03-13,0.00932661155251413
2018-03-14,0.0048600432170766705
2018-03-15,0.002077042874262247
2018-03-16,0.0044856524036551715
2018-03-19,-0.009043076182551402
2018-03-20,0.0014515049780929878
2018-03-21,-0.0007632745091527005
2018-03-22,-0.01253341608154701
2018-03-23,-0.002707704418087431
2018-03-26,0.02466117055484296
2018-03-27,0.007784377639473261
2018-03-28,-0.010228944287871133
2018-03-29,0.002905723570183927
2018-04-02,-0.01170180091907036
2018-04-03,0.013379941289452635
2018-04-04,-0.028893846043923754
2018-04-05,0.00940711159148755
2018-04-06,-0.01758410583526626
2018-04-09,0.01074990773594009
2018-04-10,0.024620525247259106
2018-04-11,-0.0021469787379393424
2018-04-12,0.010190998718908162
2018-04-13,0.008308176288974511
2018-04-16,0.007477928713655935
2018-04-17,0.015413026922489248
2018-04-18,-0.0010870104669309377
2018-04-19,-0.007477124493183829
2018-04-20,-0.002262098443227445
2018-04-23,0.006835530997019612
2018-04-24,0.00702285944449077
2018-04-25,0.000464341032333504
2018-04-26,0.015407233200674497
2018-04-27,0.026945359079833198
2018-04-30,0.0017483534429971748
2018-05-01,-0.0021629836726091423
2018-05-02,-0.0009469497748662015
2018-05-03,-7.245877488193386e-05
2018-05-04,-0.0009182153546604122
2018-05-07,0.0019535523277161015
2018-05-08,-0.00022501277827324806
2018-05-09,0.0005864833976083617
2018-05-10,0.0012134611225307346
2018-05-11,-0.002523500800173828
2018-05-14,0.002143307608677425
2018-05-15,-0.0003700237969997966
2018-05-16,0.001259180141956584
2018-05-17,-0.0006683401116348575
2018-05-18,-9.16145361091747e-05
2018-05-21,0.004517213438553158
2018-05-22,0.0036316935434377307
2018-05-23,-0.001017248306143581
2018-05-24,7.132647077678911e-05
2018-05-25,-0.00038739621219707754
2018-05-29,-0.000645488770992797
2018-05-30,0.0018907594078649836
2018-05-31,-0.00421404843813411
2018-06-01,0.0025645375144449645
2018-06-04,0.00017433169180258723
2018-06-05,0.0026912622383417073
2018-06-06,0.0002791483208408607
2018-06-07,0.0016787714162072032
2018-06-08,-0.005085653757164188
2018-06-11,-0.00016143428441883767
2018-06-12,0.0023338442108906676
2018-06-13,0.0006129875547982166
2018-06-14,0.00462814966613978
2018-06-15,-0.003667943391381434
2018-06-18,-0.005660516822608264
2018-06-19,-0.008906193817234453
2018-06-20,0.006149097930598479
2018-06-21,0.007351472804108639
2018-06-22,0.004269080208706866
2018-06-25,-0.009441966824641601
2018-06-26,0.006921162769104816
2018-06-27,0.006336154020216034
2018-06-28,0.0011604522215931112
2018-06-29,0.006310272063496658
2018-07-02,-0.008328866122520151
2018-07-03,0.003883988524302051
2018-07-05,0.00700060844696182
2018-07-06,-0.0008323377558655531
2018-07-09,0.007665325607872253
2018-07-10,0.0010163032118370996
2018-07-11,-0.008660379237798499
2018-07-12,0.0020285444654100093
2018-07-13,4.967235772923573e-05
2018-07-16,0.0022007309373612838
2018-07-17,-0.020032066312376196
2018-07-18,0.0015306496037463813
2018-07-19,-0.004573688196269132
2018-07-20,0.00319197214089173
2018-07-23,-0.0033869936922229504
2018-07-24,0.009500601153336508
2018-07-25,0.0001952985406945551
2018-07-26,-0.0028632659022516105
2018-07-27,0.008987535370443833
2018-07-30,0.00037546622277462305
2018-07-31,0.002166820575994821
2018-08-01,0.004172681496281028
2018-08-02,-0.004884594148223953
2018-08-03,0.0019339075604147826
2018-08-06,-0.0001861885700293886
2018-08-07,0.0033007479304834053
2018-08-08,-0.0006189444771776964
2018-08-09,-0.0003318929297772
2018-08-10,-0.006131790440470297
2018-08-13,0.0014360221792559802
2018-08-14,0.005849328939326659
2018-08-15,-0.005542230589783759
2018-08-16,0.00792544682072105
2018-08-17,-0.0032832320176900964
2018-08-20,0.00115984520320489
2018-08-21,0.0036527895672058275
2018-08-22,-0.0021496306082445793
2018-08-23,0.0007006887446805443
2018-08-24,0.0062242330496236065
2018-08-27,0.007682930238922525
2018-08-28,0.0038049218939455454
2018-08-29,0.0005344753409928238
2018-08-30,-0.002412359623683691
2018-08-31,0.0006477942093330302
2018-09-04,0.0009077447808967243
2018-09-05,0.0024273753907109175
2018-09-06,-0.0020254047174164125
2018-09-07,-0.002373976304412606
2018-09-10,0.0029009807190534254
2018-09-11,-0.001521509491974271
2018-09-12,-0.003332624435641862
2018-09-13,0.004524191757849572
2018-09-14,0.004408008529754204
2018-09-17,-0.0039045622101437916
2018-09-18,0.0025363887031470966
2018-09-19,-0.0011902690571387042
2018-09-20,0.003559117446342741
2018-09-21,-0.0011904897229683131
2018-09-24,-0.0003691755538512975
2018-09-25,0.002708077624058669
2018-09-26,-0.0012015139432562938
2018-09-27,-0.000973588821339022
2018-09-28,-0.0007987854793751747
2018-10-01,0.00033208114453042725
2018-10-02,-0.0031500396309503964
2018-10-03,0.004246679842538015
2018-10-04,-0.005269771479680108
2018-10-05,0.0005798255288340659
2018-10-08,-0.008981870467850483
2018-10-09,-0.002063133955047869
2018-10-10,-0.005625128854185979
2018-10-11,-0.008131595444299533
2018-10-12,0.03636753265653292
2018-10-15,0.0
2018-10-16,0.0
2018-10-17,0.0
2018-10-18,-0.005572112681904273
2018-10-19,0.00945022243704785
2018-10-22,0.007300509551517509
2018-10-23,-0.025245617408678478
2018-10-24,-0.0006547186700939234
2018-10-25,0.0010160280185615989
2018-10-26,-0.043794582293190665
2018-10-29,0.014730324356989621
2018-10-30,-0.014880953066821578
2018-10-31,0.024691806315034093
2018-11-01,0.007478710489875917
2018-11-02,0.0006947371819170378
2018-11-05,-0.0008580040511451115
2018-11-06,-0.0013553240602850458
2018-11-07,0.003613338486712747
2018-11-08,-0.001407636757668973
2018-11-09,-0.0032289519366331954
2018-11-12,-0.003398453683308822
2018-11-13,0.002210588239712763
2018-11-14,0.00467670894529193
2018-11-15,0.001735718200122971
2018-11-16,-0.009585398005147683
2018-11-19,0.003169003177961427
2018-11-20,0.009250302299404156
2018-11-21,-0.006084218886855286
2018-11-23,0.007461278207372413
2018-11-26,-0.012763681419595274
2018-11-27,0.004506267542222275
2018-11-28,-0.0021233519144612245
2018-11-29,0.0027705320585327264
2018-11-30,-0.0016270648129467213
2018-12-03,-0.01132538971334085
2018-12-04,0.004665426912857651
2018-12-06,0.018263717835628412
2018-12-07,0.0042788519059890895
2018-12-10,-1.8667947203732105e-05
2018-12-11,-0.010131829729039588
2018-12-12,-0.011219630477129372
2018-12-13,-0.003429468978680128
2018-12-14,0.008436975294862314
2018-12-17,0.003409439152709748
2018-12-18,-0.005147920690666052
2018-12-19,-0.0008131220655256399
2018-12-20,0.0027069274063484805
2018-12-21,-0.0017964936117448316
2018-12-24,0.003391542811796544
2018-12-26,-0.00769768174084251
2018-12-27,0.008208721551943077
2018-12-28,-0.004103007830804528
2018-12-31,-0.006593849790906936
2019-01-02,0.01493185753438131
2019-01-03,0.009713789311700749
2019-01-04,-0.010754413966971077
2019-01-07,0.001256981322218298
2019-01-08,-0.005075354301232293
2019-01-09,-0.0005165290578048598
2019-01-10,0.005224296754347213
2019-01-11,0.00396356878965709
2019-01-14,0.0053136767264543305
2019-01-15,-0.0023641557043948547
2019-01-16,-0.0010897998398232689
2019-01-17,0.001821758960813824
2019-01-18,-0.0046018967256064025
2019-01-22,0.00457096339392149
2019-01-23,-0.0024362157097285175
2019-01-24,0.0006949748002689216
2019-01-25,-0.006287970731171044
2019-01-28,-0.002236731290583771
2019-01-29,-0.0005643339198178055
2019-01-30,-0.0029856930315790287
2019-01-31,-0.0050299895520957705
2019-02-01,0.004549104292670414
2019-02-04,-0.0007080201158039534
2019-02-05,-0.00033153366820959373
2019-02-06,0.0015504951995424232
2019-02-07,0.0008759064147014772
2019-02-08,-0.0015576029078036013
2019-02-11,0.002257623624581484
2019-02-12,0.00015556506438896278
2019-02-13,-0.002082418648219231
2019-02-14,-0.0009013585345856168
2019-02-15,-0.0020031380018399325
2019-02-19,-3.000874106484641e-05
2019-02-20,0.0010800359245592972
2019-02-21,0.0019279531180371734
2019-02-22,0.001962551815953617
2019-02-25,-0.0007819193840526983
2019-02-26,-0.0003536148161213948
2019-02-27,0.0030695091861134838
2019-02-28,0.0014031980374566988
2019-03-01,-0.002317750908842453
2019-03-04,-0.0017797288018547297
2019-03-05,-0.0008107100493721653
2019-03-06,0.00022061527046313145
2019-03-07,-0.0004082205915526549
2019-03-08,-0.006414003647981059
2019-03-11,0.0018784958760469372
2019-03-12,0.00015129647770595334
2019-03-13,0.0013554409121476763
2019-03-14,0.000735900346990892
2019-03-15,0.0005667011630281493
2019-03-18,0.0007153138572357776
2019-03-19,0.002085335562627799
2019-03-20,0.0010947601740729507
2019-03-21,-0.0011815090998029687
2019-03-22,-0.0030931906004383336
2019-03-25,-0.002752879797679908
2019-03-26,0.005713304888917081
2019-03-27,0.0005199625252936269
2019-03-28,0.003530214708139079
2019-03-29,0.0038710710485334587
2019-04-01,0.006676513666681094
2019-04-02,-4.727059839304548e-05
2019-04-03,0.0036613152777835722
2019-04-04,-0.005812813273160522
2019-04-05,0.0020749301308395918
2019-04-08,-0.00048723494879732154
2019-04-09,-0.003048165277718451
2019-04-10,0.0017601431186409222
2019-04-11,-0.0007619779084719891
2019-04-12,0.001572787438114398
2019-04-15,0.00029765624295108317
2019-04-16,0.00264592882258885
2019-04-17,0.00354738157692136
2019-04-18,0.0009494509734799816
2019-04-22,-0.0023531430719802016
2019-04-23,-3.032634140676116e-05
2019-04-24,0.0005748952128603602
2019-04-25,0.0020379494030355882
2019-04-26,-0.0026825403747035015
2019-04-29,2.1568897559998135e-05
2019-04-30,4.6811951093683746e-05
2019-05-01,0.001594004485435896
2019-05-02,0.00029467830946350304
2019-05-03,0.008213656569910466
2019-05-06,-0.018703791063981234
2019-05-07,-0.006686344188739923
2019-05-08,-0.0026241760048507645
2019-05-09,-0.008390943016431951
2019-05-10,-0.0025658111412433238
2019-05-13,-0.021173508718876577
2019-05-14,0.005923005907888523
2019-05-15,-0.004695950299091534
2019-05-16,1.7666454083853367e-05
2019-05-17,-0.0076368727172752005
2019-05-20,-0.012393280179690103
2019-05-21,0.009340525383166431
2019-05-22,-0.006502922883413809
2019-05-23,-0.010852530702777585
2019-05-24,0.006166354184139244
2019-05-28,0.004681447148093154
2019-05-29,-0.004661818541307761
2019-05-30,0.0026760400962557718
2019-05-31,-0.010675926566921179
2019-06-03,0.0010880662249970197
2019-06-04,0.0029657682212507197
2019-06-05,0.0024856914156843324
2019-06-06,0.0008346772697480631
2019-06-07,0.0005735945170983747
2019-06-10,0.0037442628755484098
2019-06-11,0.0026856206533776295
2019-06-12,-0.0020809862184075767
2019-06-13,0.001062743144686129
2019-06-14,-0.004782472532904536
2019-06-17,-0.00032029735905103607
2019-06-18,0.0023771997452211036
2019-06-19,0.0010950554234940846
2019-06-20,0.003723150869739511
2019-06-21,-0.0011322262434824149
2019-06-24,0.0007981474351270723
2019-06-25,0.00015637503537102582
2019-06-26,0.005793524715330456
2019-06-27,0.0
2019-06-28,0.0
2019-07-01,0.0
2019-07-02,-0.001217797927673514
2019-07-03,0.0009197895749635254
2019-07-05,-0.006855159903057961
2019-07-08,-0.004137931162412012
2019-07-09,-0.0032311303380199163
2019-07-10,0.005458776365967033
2019-07-11,0.0029060228807085142
2019-07-12,0.000986904962613222
2019-07-15,0.0021524021705761065
2019-07-16,-0.0013476366125402262
2019-07-17,0.001882710405060939
2019-07-18,-0.0074311822934768346
2019-07-19,0.005309999986237823
2019-07-22,0.0036968393100513808
2019-07-23,0.00351770055392997
2019-07-24,-0.002585420279667794
2019-07-25,-0.0014251854428717348
2019-07-26,-0.0006115932044876704
2019-07-29,-0.0016034611021135126
2019-07-30,-0.00563302625315365
2019-07-31,-0.00290863624085802
2019-08-01,0.0006029266527254329
2019-08-02,-0.005173218960153547
2019-08-05,-0.01612416847021425
2019-08-06,0.008333993700843534
2019-08-07,-0.00608990209953475
2019-08-08,0.0078348342309571
2019-08-09,-0.004076037246503739
2019-08-12,-0.004907301428252575
2019-08-13,0.0007495053733794776
2019-08-14,-0.014473213201145585
2019-08-15,0.002246124598748178
2019-08-16,0.009531965881602655
2019-08-19,0.01268553114673554
2019-08-20,-0.0011978477641719776
2019-08-21,0.007619818784021293
2019-08-22,0.0016645188669692779
2019-08-23,-0.006489381060121757
2019-08-26,0.009948543586509428
2019-08-27,0.005432355220754248
2019-08-28,-0.0030400163176055317
2019-08-29,0.010239335140981298
2019-08-30,0.004517581424861472
2019-09-03,-0.0065125273747304036
2019-09-04,0.009255965751146178
2019-09-05,0.011212113476547492
2019-09-06,0.0007742422583509878
2019-09-09,0.00383713007099562
2019-09-10,-0.004428821631877411
2019-09-11,0.0001958406096722598
2019-09-12,0.006046574772090585
2019-09-13,-0.0024411712438657807
2019-09-16,-0.0062885906529789315
2019-09-17,0.0008806952401552159
2019-09-18,-0.0008959477259354864
2019-09-19,0.0016980210456816192
2019-09-20,0.0007888816831700396
2019-09-23,-0.0009902725445516403
2019-09-24,0.004675161204517719
2019-09-25,7.07870029446056e-05
2019-09-26,-0.0008427569059294981
2019-09-27,-7.766115870244672e-05
2019-09-30,0.0030598725113604175
2019-10-01,0.00378295545956453
2019-10-02,-0.004117589224110874
2019-10-03,0.0007009426407738051
2019-10-04,0.004818093434576065
2019-10-07,-0.0017925145681491061
2019-10-08,-0.005071998033716163
2019-10-09,0.007281820882177659
2019-10-10,0.0007946548374360152
2019-10-11,0.007481426629236676
2019-10-14,-0.001593787091405785
2019-10-15,0.002505398373787493
2019-10-16,-0.004671802664803604
2019-10-17,0.003767188144338851
2019-10-18,-0.0009112481815595208
2019-10-21,0.00418530634938441
2019-10-22,0.0017001388812656337
2019-10-23,-0.002188607429335354
2019-10-24,0.005182185556643182
2019-10-25,0.00021166904138913978
2019-10-28,0.004069543034699974
2019-10-29,0.00036549014436082494
2019-10-30,0.00211205600507669
2019-10-31,0.003750491318940119
2019-11-01,0.003004413346138657
2019-11-04,0.005599374078605779
2019-11-05,0.0013645701582283287
2019-11-06,-0.0007798924918360761
2019-11-07,0.004973507570811053
2019-11-08,-0.001988394156931861
2019-11-11,-0.002259296987968007
2019-11-12,0.001642738131711674
2019-11-13,-0.000967789891976989
2019-11-14,-0.0011309685736810016
2019-11-15,0.005279548448923421
2019-11-18,-0.0004475102445775647
2019-11-19,0.002428873800419229
2019-11-20,-0.003221719034438686
2019-11-21,-0.0011511478037713463
2019-11-22,-0.00158378179146057
2019-11-25,0.006716797559639609
2019-11-26,-0.0003741235985065261
2019-11-27,0.003728571172952666
2019-11-29,-0.0024852193149239588
2019-12-02,0.0002113631071702926
2019-12-03,-0.012625993393541979
2019-12-04,0.005186263754825005
2019-12-05,0.00277395351574361
2019-12-06,0.006960735489659031
2019-12-09,-0.0009583528522723039
2019-12-10,0.0019470877701281974
2019-12-11,0.0014450809992627711
2019-12-12,-0.0016249379384543072
2019-12-13,-0.0004354395396081179
2019-12-16,0.006066359656562215
2019-12-17,0.0011243236764804099
2019-12-18,0.0009826903667131681
2019-12-19,0.0025548452907944164
2019-12-20,0.006613766471536886
2019-12-23,0.003670801073227814
2019-12-24,0.0011942400872984038
2019-12-26,0.002009947809543222
2019-12-27,0.003545138035139006
2019-12-30,-0.0009865127389975248
2019-12-31,-0.004767597174018534
2020-01-02,0.007998247500303979
2020-01-03,-0.00824089042457643
2020-01-06,-0.007910823192517014
2020-01-07,0.0055199564109309485
2020-01-08,0.00048450900794838603
2020-01-09,0.009726793234408726
2020-01-10,0.0034564270821728638
2020-01-13,0.008391179186900022
2020-01-14,0.005539976862013685
2020-01-15,-0.003023105155713912
2020-01-16,-0.0033356191745539387
2020-01-17,0.0018965982432974648
2020-01-21,0.004474931610705779
2020-01-22,0.01365865489694773
2020-01-23,-0.0008335310244758087
2020-01-24,0.0049999246307415035
2020-01-27,-0.0274636116745669
2020-01-28,0.011305108555368593
2020-01-29,0.0068221622498949586
2020-01-30,0.015775288681618926
2020-01-31,-0.0034749933713189574
2020-02-03,0.007928874821042209
2020-02-04,0.05634433827219487
2020-02-05,0.0
2020-02-06,0.0
2020-02-07,0.0
2020-02-10,0.020206578277391696
2020-02-11,0.005744872253573341
2020-02-12,0.006314694524931275
2020-02-13,-0.016694152643736304
2020-02-14,-0.003795687474102527
2020-02-18,0.010498338145719321
2020-02-19,0.035179130675649484
2020-02-20,0.0
2020-02-21,0.0
2020-02-24,0.0
2020-02-25,0.01470613264551801
2020-02-26,-0.005575457828682184
2020-02-27,-0.04829908475765676
2020-02-28,-0.0498183657235145
2020-03-02,0.03681895847383454
2020-03-03,0.0
2020-03-04,0.0
2020-03-05,0.0
2020-03-06,0.0
2020-03-09,0.0
2020-03-10,0.0
2020-03-11,0.0
2020-03-12,0.0
2020-03-13,0.0
2020-03-16,0.0
2020-03-17,0.0
2020-03-18,0.0
2020-03-19,0.0
2020-03-20,0.0
2020-03-23,0.0
2020-03-24,0.0
2020-03-25,-0.004544408872901307
2020-03-26,-0.008030976108426735
2020-03-27,0.02187937091948644
2020-03-30,-0.00829026352139528
2020-03-31,0.0018906407308849627
2020-04-01,0.026823192694849674
2020-04-02,0.003746755352123765
2020-04-03,0.0015740323602488893
2020-04-06,-0.023078292717712
2020-04-07,-0.02707844561831807
2020-04-08,-0.008697770878371536
2020-04-09,-0.007770018088881003
2020-04-13,0.0017839792912235364
2020-04-14,-0.012134422802918321
2020-04-15,0.008022882326947256
2020-04-16,-0.004477149490597854
2020-04-17,-0.007974111366229275
2020-04-20,0.0030801124780641675
2020-04-21,0.006235763694761864
2020-04-22,-0.010687801328458257
2020-04-23,-0.0034220039352071963
2020-04-24,-0.0018112238208091158
2020-04-27,-0.009285431622537699
2020-04-28,0.004016057772873394
2020-04-29,0.001318510985841792
2020-04-30,-0.0013803094260887994
2020-05-01,-0.005894447259597313
2020-05-04,0.0
2020-05-05,0.0
2020-05-06,0.0
2020-05-07,0.0
2020-05-08,0.0
2020-05-11,0.0
2020-05-12,0.0
2020-05-13,0.0
2020-05-14,0.0
2020-05-15,0.0
2020-05-18,0.0
2020-05-19,0.0
2020-05-20,0.0
2020-05-21,0.0
2020-05-22,0.0
2020-05-26,0.0
2020-05-27,0.0
2020-05-28,0.0
2020-05-29,0.0
2020-06-01,0.0
2020-06-02,5.0802807289196394e-05
2020-06-03,0.003958964870246273
2020-06-04,-0.0013541603130567959
2020-06-05,0.00218961262675621
2020-06-08,0.007458109266100799
2020-06-09,-0.003212589080126782
2020-06-10,0.02080759569682944
2020-06-11,-0.023761910146427923
2020-06-12,0.022078451257311782
2020-06-15,-0.014204640694548076
2020-06-16,0.01906724281434591
2020-06-17,0.008494798649210988
2020-06-18,0.003250069210162465
2020-06-19,0.009726312164265005
2020-06-22,0.00256929691965202
2020-06-23,0.005115179063282627
2020-06-24,-0.0015147878521420965
2020-06-25,0.00016285188252229688
2020-06-26,0.002489359275462455
2020-06-29,0.002397558629644525
2020-06-30,0.004444600638486396
2020-07-01,0.000886354482014795
2020-07-02,0.030142540785946803
2020-07-06,0.027381689124421404
2020-07-07,0.008398094636854925
2020-07-08,0.009926926019159676
2020-07-09,0.015779215592715445
2020-07-10,0.0011929319176242625
2020-07-13,0.034165118976341446
2020-07-14,0.0
2020-07-15,0.0
2020-07-16,0.0
2020-07-17,0.006200820583408095
2020-07-20,0.010246758367261188
2020-07-21,0.005122138108560215
2020-07-22,0.00741557458908404
2020-07-23,0.020119656278767106
2020-07-24,-0.03591089551739646
2020-07-27,0.011698971292603666
2020-07-28,-0.011108678861184162
2020-07-29,0.01278423934976436
2020-07-30,-0.007424078414200785
2020-07-31,0.027149417599686032
2020-08-03,0.013007448069592753
2020-08-04,0.0010845147764342311
2020-08-05,0.0032306842729259433
2020-08-06,0.00031328100114369484
2020-08-07,0.0006303221699914818
2020-08-10,0.000511855427761887
2020-08-11,-0.011673265927153564
2020-08-12,0.030015811874505083
2020-08-13,0.017353257758185192
2020-08-14,0.010545038295957987
2020-08-17,0.014108475912574026
2020-08-18,0.015736851386338957
2020-08-19,-0.00281730588417195
2020-08-20,-0.007773203132499074
2020-08-21,0.009789658347219898
2020-08-24,0.03131796071394799
2020-08-25,-0.01149752196058862
2020-08-26,0.013173033473687479
2020-08-27,0.009015280091446032
2020-08-28,0.016383111726516963
2020-08-31,0.0010234970514146902
2020-09-01,0.009035138513562746
2020-09-02,0.01978324097626638
2020-09-03,-0.058977784146435175
2020-09-04,-0.00958793911760536
2020-09-08,-0.10530490158640415
2020-09-09,0.058675367609017925
2020-09-10,0.0
2020-09-11,0.0
2020-09-14,0.0
2020-09-15,0.036024338793702926
2020-09-16,0.0
2020-09-17,0.0
2020-09-18,0.0
2020-09-21,0.00445342264026416
2020-09-22,-0.017195422152285977
2020-09-23,-0.027016651268935155
2020-09-24,-0.029310008624094164
2020-09-25,0.01039364199389503
2020-09-28,0.036335859068689746
2020-09-29,0.0
2020-09-30,0.0
2020-10-01,0.0
2020-10-02,-0.051724511635367953
2020-10-05,0.01643345387200079
2020-10-06,-0.0023948204694079767
2020-10-07,0.01563584099608062
2020-10-08,0.02062703063562643
2020-10-09,0.003870500880026606
2020-10-12,0.019479182209516832
2020-10-13,0.00456264975955456
2020-10-14,0.004532120845870624
2020-10-15,-0.02201858293128356
2020-10-16,0.008538189733997337
2020-10-19,0.009891908992663234
2020-10-20,0.004093419624092709
2020-10-21,-0.0003145726673084992
2020-10-22,0.016506148816804123
2020-10-23,0.002009564583651313
2020-10-26,-0.010113590627763736
2020-10-27,0.00594287404676086
2020-10-28,-0.015946503039906523
2020-10-29,0.00911030978104499
2020-10-30,-0.01900681489090461
2020-11-02,0.009066667758480085
2020-11-03,0.009622491021240132
2020-11-04,0.03543814976281956
2020-11-05,0.0
2020-11-06,0.0
2020-11-09,0.0
2020-11-10,-0.008187882213334774
2020-11-11,0.013008294894750305
2020-11-12,0.0051221183898289
2020-11-13,0.006298752321696854
2020-11-16,-0.006106897245211629
2020-11-17,0.02232941110311759
2020-11-18,0.0008072061904058625
2020-11-19,0.0001810194957854172
2020-11-20,0.00022587518843786292
2020-11-23,0.009691651385038469
2020-11-24,0.010270782295474623
2020-11-25,0.0007227922997905534
2020-11-27,0.009404392589919652
2020-11-30,0.01017082099664357
2020-12-01,0.02080738029223883
2020-12-02,-0.01701992509759387
2020-12-03,0.014468387718260534
2020-12-04,0.00044532120856599633
2020-12-07,0.003810461189344805
2020-12-08,-0.008015945154506987
2020-12-09,0.0020267849495918533
2020-12-10,-0.021310815946004813
2020-12-11,-0.011271998661732008
2020-12-14,0.008801262461694659
2020-12-15,0.009820083167668026
2020-12-16,-0.00215254338341897
2020-12-17,0.00804461535832024
2020-12-18,0.01118632033614908
2020-12-21,-0.024983263814632117
2020-12-22,0.0036727842885542206
2020-12-23,-0.005154640915389197
2020-12-24,-0.0008534246526477052
2020-12-28,0.017090370155203427
2020-12-29,0.0019571480641873418
2020-12-30,0.0074084540655345865
2020-12-31,0.003973851576971832
2021-01-04,0.01280997400446271
2021-01-05,-0.0047219288321802555
2021-01-06,0.007204277489087252
2021-01-07,0.023193717786208934
2021-01-08,0.033300858318832116
2021-01-11,0.0
2021-01-12,0.0
2021-01-13,0.0
2021-01-14,-0.004675327696836651
2021-01-15,0.004299052712367857
2021-01-19,0.013315559125730791
2021-01-20,0.01365977882184799
2021-01-21,0.006323235575597108
2021-01-22,-0.005761000068299049
2021-01-25,0.013597979446705155
2021-01-26,0.005498216225118924
2021-01-27,-0.014726400419584396
2021-01-28,-0.016464416511474234
2021-01-29,-0.003128115685399946
2021-02-01,0.017095381617481253
2021-02-02,0.010050251057720061
2021-02-03,0.008947514513258259
2021-02-04,0.006523251084743054
2021-02-05,0.0007800496304297688
2021-02-08,0.013199865966476043
2021-02-09,-0.0025466901462354308
2021-02-10,0.0015538149795406575
2021-02-11,0.00846521569585823
2021-02-12,-0.004239987631951103
2021-02-16,0.0036688702409874985
2021-02-17,-0.011494188496760316
2021-02-18,-0.013157488258145111
2021-02-19,0.008805714791021435
2021-02-22,-0.01279018962922096
2021-02-23,-0.029302901589162378
2021-02-24,0.00016016153755105123
2021-02-25,-0.010559263000590735
2021-02-26,0.013138018336424029
2021-03-01,0.017778151341095727
2021-03-02,0.0010483098999540807
2021-03-03,0.00018100538139553812
2021-03-04,0.00026330139713315326
2021-03-05,0.007828467967034847
2021-03-08,0.00011944959347731654
2021-03-09,0.03331059850993312
2021-03-10,0.0
2021-03-11,0.0
2021-03-12,0.0
2021-03-15,0.0014605112019487887
2021-03-16,0.0020219290894047948
2021-03-17,-0.016657413857818493
2021-03-18,-0.016778676923825953
2021-03-19,-0.002110487796131766
2021-03-22,0.018099887820006932
2021-03-23,0.002804261647858297
2021-03-24,0.007173437360671553
2021-03-25,-0.014192870291080628
2021-03-26,0.0007932308817411027
2021-03-29,-0.0030105182629771576
2021-03-30,-0.006381634030738326
2021-03-31,0.009532750549979374
2021-04-01,0.01933683322807478
2021-04-05,0.026704850221427323
2021-04-06,0.0
2021-04-07,0.0
2021-04-08,0.0
2021-04-09,-0.003937052044792999
2021-04-12,0.0013914780287120898
2021-04-13,0.0052123121341192125
2021-04-14,0.0030773634262690752
2021-04-15,0.008307506584787516
2021-04-16,-0.0034377711838230463
2021-04-19,-0.009488760924939221
2021-04-20,0.0005178567614665397
2021-04-21,-0.005679640999879942
2021-04-22,-0.001095484025649296
2021-04-23,0.0021386842216823965
2021-04-26,0.004963993186286597
2021-04-27,-0.006003993440754418
2021-04-28,-0.0021669287483342403
2021-04-29,0.005152606895711731
2021-04-30,-0.007317376111068086
2021-05-03,-0.00013948360349314015
2021-05-04,-0.006372784589180114
2021-05-05,0.007091426439133963
2021-05-06,0.0032211456316224574
2021-05-07,0.005078862915520288
2021-05-10,-0.005969820925927571
2021-05-11,-0.020721386080078674
2021-05-12,-0.012412924539047854
2021-05-13,0.008641567348060653
2021-05-14,0.009422463668044667
2021-05-17,-0.007827594042217889
2021-05-18,-0.000825270812916945
2021-05-19,-0.01807751657465584
2021-05-20,0.006941898755276066
2021-05-21,0.0071034389147228705
2021-05-24,0.004340440011396662
2021-05-25,0.003336830218668041
2021-05-26,0.0034300529480848496
2021-05-27,0.0002256406483129858
2021-05-28,0.0012970409656243298
2021-06-01,0.004412808422656012
2021-06-02,-0.0003123648816785174
2021-06-03,-0.0060741202393924665
2021-06-04,0.006015552784632172
2021-06-07,-0.00336415405750512
2021-06-08,0.008243419666195795
2021-06-09,0.002332716592247319
2021-06-10,0.0020733090738513926
2021-06-11,0.0005897835877115565
2021-06-14,0.001936421390295484
2021-06-15,-0.0007451644508217337
2021-06-16,9.029623890333127e-05
2021-06-17,-0.0023681896049349005
2021-06-18,-0.0024912097085735274
2021-06-21,-0.0005321999154900281
2021-06-22,-0.000598291726612632
2021-06-23,0.0031972139371787556
2021-06-24,0.008321046578501745
2021-06-25,0.002917519608947705
2021-06-28,0.003577589089408084
2021-06-29,-0.0014257597896284446
2021-06-30,-0.000933407962082411
2021-07-01,0.00030292695672140546
2021-07-02,0.004301994389457331
2021-07-06,0.0035921255417306064
2021-07-07,0.004997132102642521
2021-07-08,-0.013008208602292237
2021-07-09,0.0001610220884205038
2021-07-12,0.003563346266362455
2021-07-13,-0.001691279583032057
2021-07-14,0.004885913819880683
2021-07-15,0.0003093063019519171
2021-07-16,0.002190957862502785
2021-07-19,-0.007773217611729888
2021-07-20,0.0025677890219610866
2021-07-21,0.001982715674026192
2021-07-22,0.0015124345113457505
2021-07-23,0.0037912195738378784
2021-07-26,-0.0007126985072041236
2021-07-27,-0.0009104002926444421
2021-07-28,0.005875115002119902
2021-07-29,-0.0031117106289927365
2021-07-30,-0.014250790289297322
2021-08-02,0.004203716609450847
2021-08-03,0.0007657946612105171
2021-08-04,0.0017067874845853037
2021-08-05,0.00048808548043588473
2021-08-06,-0.0034109172084229034
2021-08-09,0.0020706964266852257
2021-08-10,0.001169704519581538
2021-08-11,0.00277419752305752
2021-08-12,-0.0016105955487168977
2021-08-13,0.000900929951290097
2021-08-16,-0.0013280227607208595
2021-08-17,-0.004393817050947879
2021-08-18,-0.0008266148974880316
2021-08-19,-0.0021578779585795793
2021-08-20,0.0022113394974456746
2021-08-23,0.0026669439593653976
2021-08-24,0.0020468091767675833
2021-08-25,0.0015970961384528248
2021-08-26,-0.00047268886690821077
2021-08-27,0.0016347275623029844
2021-08-30,0.0030491522011164562
2021-08-31,0.0004410221095791922
2021-09-01,0.00158574744996276
2021-09-02,0.0025958526354734612
2021-09-03,-0.001039256661980903
2021-09-07,0.001779679453282279
2021-09-08,0.00036207074748206836
2021-09-09,0.00044654046716852136
2021-09-10,0.005424858722114179
2021-09-13,0.004704822217408644
2021-09-14,0.0033871678292682894
2021-09-15,0.002086216203663227
2021-09-16,-0.002781285390185406
2021-09-17,-0.0012097079889862306
2021-09-20,-0.01606530418760188
2021-09-21,0.005434946903581039
2021-09-22,0.00192403094739646
2021-09-23,0.004060741758735054
2021-09-24,-0.006446622603174745
2021-09-27,-0.007031964900511833
2021-09-28,-0.011331859866460459
2021-09-29,0.004532172646524835
2021-09-30,0.0038674054942211544
2021-10-01,0.0022696166842750554
2021-10-04,-0.0009425805719924796
2021-10-05,0.004317518647207974
2021-10-06,-0.008541338922894104
2021-10-07,0.008211485030786836
2021-10-08,0.003565560518966393
2021-10-11,-0.003752718995808757
2021-10-12,0.0046984697795897645
2021-10-13,0.005962131101759693
2021-10-14,0.009520514991302909
2021-10-15,0.003277632792035856
2021-10-18,-0.0006319079481856837
2021-10-19,0.003748335976535788
2021-10-20,0.002050165891875899
2021-10-21,-0.0026689993203703466
2021-10-22,-0.0033555008559705835
2021-10-25,0.010030494158857817
2021-10-26,0.006369636093608966
2021-10-27,0.004850087626662614
2021-10-28,0.01114981443252594
2021-10-29,-0.006944835406811456
2021-11-01,0.007702046555936759
2021-11-02,-0.0113457743026808
2021-11-03,0.0027656476464996693
2021-11-04,0.008486647668896952
2021-11-05,0.0027853012976080116
2021-11-08,-0.017067247641436856
2021-11-09,0.010436452683878494
2021-11-10,-0.013734867070150147
2021-11-11,0.019053856003034886
2021-11-12,-0.004879815988211633
2021-11-15,-0.003910197876936139
2021-11-16,-0.005435173577565844
2021-11-17,0.003992885963797876
2021-11-18,0.02299081051559515
2021-11-19,0.005859400653354774
2021-11-22,0.012850682201801078
2021-11-23,-0.0016096421576837772
2021-11-24,-0.01301516749592857
2021-11-26,-0.010173673483112045
2021-11-29,0.01628362597117916
2021-11-30,0.0009689216800630174
2021-12-01,0.013795684292366106
2021-12-02,-0.006906657421855589
2021-12-03,0.002649478027804575
2021-12-06,-0.007733231389024597
2021-12-07,0.02770107499583241
2021-12-08,-0.0006994786222004334
2021-12-09,-0.003933540924573764
2021-12-10,0.010439112060505407
2021-12-13,-0.0020611011022833026
2021-12-14,-0.015231249290953652
2021-12-15,0.00013871945913290773
2021-12-16,0.007391567074120697
2021-12-17,-0.012639581689986135
2021-12-20,-0.01763185649106258
2021-12-21,0.015375286427705692
2021-12-22,0.004112656244084523
2021-12-23,0.002098692160880322
2021-12-27,0.004642721652960535
2021-12-28,0.007298073473689826
2021-12-29,0.0021939015997725075
2021-12-30,-0.006675599329595938
2021-12-31,0.0012779893740497705
2022-01-03,0.02318479678355656
2022-01-04,-0.00044296966686818706
2022-01-05,-0.005329153236041884
2022-01-06,-0.0067919846122269645
2022-01-07,0.003808471251578238
2022-01-10,-0.01966253704550347
2022-01-11,-0.0025619144994175613
2022-01-12,0.010060582032379806
2022-01-13,0.006018752613620171
2022-01-14,-0.007395637941912447
2022-01-18,-0.018441526903269723
2022-01-19,0.00760010395553401
2022-01-20,0.007857516125001185
2022-01-21,-0.008201126940082348
2022-01-24,-0.02445413225930082
2022-01-25,-0.01870676347294198
2022-01-26,0.03358500390971364
2022-01-27,0.0
2022-01-28,0.0
2022-01-31,0.0
2022-02-01,0.005693973001435149
2022-02-02,0.017694381079042643
2022-02-03,-0.020450089569617136
2022-02-04,0.0003268808225125319
2022-02-07,0.0013664389047935988
2022-02-08,-0.004233885162000739
2022-02-09,0.01404995922138097
2022-02-10,-0.02241780026933249
2022-02-11,0.003547953567033524
2022-02-14,0.0031859493909798253
2022-02-15,0.007289948712950078
2022-02-16,-0.004260387691578216
2022-02-17,-0.005575997504463359
2022-02-18,0.005187707788915974
2022-02-22,-0.004840406976382217
2022-02-23,0.002908593715457375
2022-02-24,-0.018584660239596706
2022-02-25,3.7122952371904105e-05
2022-02-28,0.002368106995394692
2022-03-01,9.096085560900136e-05
2022-03-02,0.00023798676041653088
2022-03-03,-0.007319442393442621
2022-03-04,0.004091672580255334
2022-03-07,1.716464417578223e-05
2022-03-08,0.0018511002572099144
2022-03-09,-0.013398779767949343
2022-03-10,0.010888209314452224
2022-03-11,-0.008062087842350296
2022-03-14,0.004202671542779202
2022-03-15,-0.005178619157820363
2022-03-16,-0.004253724239936529
2022-03-17,-0.00113258740263944
2022-03-18,0.003463157747383372
2022-03-21,0.001893879769132134
2022-03-22,-0.0019482938146336837
2022-03-23,0.0038143541943480574
2022-03-24,-0.0007115146568766884
2022-03-25,-0.0017385883119965806
2022-03-28,-0.0016774994094996831
2022-03-29,-0.00395184389267933
2022-03-30,0.0024565475788487223
2022-03-31,-0.0025928678692639373
2022-04-01,0.0007075262933999849
2022-04-04,0.00023607663420355252
2022-04-05,0.0014650841434655781
2022-04-06,0.004973474073497242
2022-04-07,0.002960526470695113
2022-04-08,0.0014148411349470535
2022-04-11,0.0036690499545393163
2022-04-12,-0.006825589267556276
2022-04-13,0.0010013346651251975
2022-04-14,0.0019868523575261587
2022-04-18,0.0014614021647676445
2022-04-19,0.0010913258355618183
2022-04-20,0.0009023454304655232
2022-04-21,-0.007850856026514252
2022-04-22,0.0006052490044232695
2022-04-25,0.004010883993398551
2022-04-26,0.0032284126507373667
2022-04-27,-0.0019642483693770307
2022-04-28,-0.009060821341157599
2022-04-29,0.0074702332087546175
2022-05-02,0.0021078415976700793
2022-05-03,-0.000386191823143478
2022-05-04,0.006647238837835134
2022-05-05,0.012491036014372847
2022-05-06,0.007194932913483942
2022-05-09,0.017225424901853748
2022-05-10,-0.013950945104971524
2022-05-11,0.007101474790121909
2022-05-12,0.01376005586238671
2022-05-13,-0.013529544841135
2022-05-16,0.0016534447336402636
2022-05-17,-0.007820455792710734
2022-05-18,0.013513503750842482
2022-05-19,0.00629258440373448
2022-05-20,-0.011431478509988158
2022-05-23,-0.008155875950481617
2022-05-24,0.010426302002886523
2022-05-25,0.0030229979166820353
2022-05-26,-0.005413376965720196
2022-05-27,-0.004831902016673384
2022-05-31,0.0015195237193459388
2022-06-01,-0.004761010739954941
2022-06-02,0.0031546370053643358
2022-06-03,0.015168535896622704
2022-06-06,-0.013448698479315069
2022-06-07,0.010179157924911086
2022-06-08,0.002335078393899348
2022-06-09,0.005339011397545779
2022-06-10,0.017283893418237994
2022-06-13,0.02807853128491944
2022-06-14,-0.007195141865803056
2022-06-15,-0.010856935967676007
2022-06-16,0.02322117483405073
2022-06-17,-0.0014072268195668425
2022-06-21,-0.015009252036726983
2022-06-22,0.008161473230855032
2022-06-23,-0.008031608975227145
2022-06-24,-0.009393166181076551
2022-06-27,-0.004881370392025741
2022-06-28,-0.0012692000399064929
2022-06-29,0.0007926658718191426
2022-06-30,0.009691061897062259
2022-07-01,0.003976912716762149
2022-07-05,0.008438874160403786
2022-07-06,-0.0007881024284099869
2022-07-07,0.0008549475713548471
2022-07-08,0.0051830318039882695
2022-07-11,0.004232960475714753
2022-07-12,-0.003037067814415151
2022-07-13,0.013654158586630993
2022-07-14,0.00857030521202673
2022-07-15,-0.007242563958070103
2022-07-18,-0.005172989184846988
2022-07-19,-0.008025639446989197
2022-07-20,-0.002625934299964716
2022-07-21,-0.0009579615570214361
2022-07-22,0.0009160182642771186
2022-07-25,-0.0026548851301209098
2022-07-26,0.004302211290964086
2022-07-27,-0.009734655752978827
2022-07-28,0.001685767208665645
2022-07-29,-0.00641218667081267
2022-08-01,0.005994021012550865
2022-08-02,0.0017245132536563013
2022-08-03,-0.0021504640435394684
2022-08-04,0.0020090031215620474
2022-08-05,0.002442444816184386
2022-08-08,0.00280157566384176
2022-08-09,0.0021484542229006642
2022-08-10,0.0002640586081987806
2022-08-11,-0.006782050808365914
2022-08-12,-0.005200833934086879
2022-08-15,0.0027121355001171743
2022-08-16,0.0040672551488536435
2022-08-17,0.0018902623192633694
2022-08-18,0.0010145831568892927
2022-08-19,0.001056423120910699
2022-08-22,0.0034832216858278198
2022-08-23,0.0024068937834407222
2022-08-24,0.001116197042674072
2022-08-25,0.0013745641101079453
2022-08-26,0.0005682236254394013
2022-08-29,0.002867176841957253
2022-08-30,0.0001239157505474875
2022-08-31,-0.005134318328541387
2022-09-01,0.001819956545965118
2022-09-02,-0.006512442353556636
2022-09-06,-0.0004012240375910192
2022-09-07,-0.00011517645886627292
2022-09-08,0.004949958762154871
2022-09-09,-0.004545091949968216
2022-09-12,-0.004763947859841577
2022-09-13,0.018908560584284473
2022-09-14,-0.0028408299372774115
2022-09-15,0.0047874659447413315
2022-09-16,0.00870603662469116
2022-09-19,0.005722530239888002
2022-09-20,0.0060946998427393595
2022-09-21,-0.002489249457586884
2022-09-22,0.003453376977009759
2022-09-23,0.006044200493338314
2022-09-26,0.001751093505959922
2022-09-27,-0.008014404209404469
2022-09-28,-9.732007262241993e-05
2022-09-29,0.009738073706011319
2022-09-30,0.0022719651187173007
2022-10-03,-0.003987927250826306
2022-10-04,-0.018114722259779503
2022-10-05,0.011962768337434593
2022-10-06,0.003894588998568649
2022-10-07,0.015461577150737815
2022-10-10,-0.0008633361707836018
2022-10-11,0.005268322123872293
2022-10-12,-0.0014715620158245457
2022-10-13,0.026187861555576175
2022-10-14,-0.008323448398629862
2022-10-17,-0.021388572415881768
2022-10-18,-0.024258589160600197
2022-10-19,0.005089170565891754
2022-10-20,0.003568957114100435
2022-10-21,0.003454209146307452
2022-10-24,-0.0009430324782628841
2022-10-25,-0.002871389412800629
2022-10-26,0.017959606317704768
2022-10-27,0.0038991519124036422
2022-10-28,0.0023368828460372804
2022-10-31,0.0071741254299786394
2022-11-01,-0.011329385019069438
2022-11-02,0.004433069967791248
2022-11-03,0.007518322711930203
2022-11-04,-0.011068700927255204
2022-11-07,-0.003576876008349106
2022-11-08,-0.005410985691881809
2022-11-09,0.006329854005822755
2022-11-10,-0.03304350694566749
2022-11-11,-0.00012747507898247523
2022-11-14,0.006558484236701911
2022-11-15,-0.021353182308292973
2022-11-16,0.00042516613730403385
2022-11-17,0.011124374827000016
2022-11-18,-0.006490768512238954
2022-11-21,0.0018259749792486346
2022-11-22,-0.0016034324814682144
2022-11-23,0.00017388726746281336
2022-11-25,0.0032986059067854345
2022-11-28,0.00399856008085453
2022-11-29,-0.00028710465255610274
2022-11-30,-0.0005066797611352758
2022-12-01,0.00010557641467845436
2022-12-02,0.011764659492814245
2022-12-05,0.005004726646517632
2022-12-06,0.0009044254563019827
2022-12-07,0.0036060003162874388
2022-12-08,-0.00330234717571809
2022-12-09,0.0037129386580472268
2022-12-12,-0.0007991387192395338
2022-12-13,-0.02793629678196896
2022-12-14,0.0017997454630978016
2022-12-15,0.012761625122686526
2022-12-16,0.0026445387366802464
2022-12-19,-0.0005588743403485141
2022-12-20,0.0029986209034778
2022-12-21,-0.002263654935728332
2022-12-22,0.008858583070063597
2022-12-23,0.004673759114387943
2022-12-27,0.002653608622042114
2022-12-28,0.001521696723470356
2022-12-29,-0.007598794589580682
2022-12-30,0.007813209580587177
2023-01-03,-0.0059285229506461645
2023-01-04,-0.004648563209565637
2023-01-05,0.0045774689564710425
2023-01-06,-0.0034812449031009773
2023-01-09,-0.00690213155141739
2023-01-10,0.0029466011939507375
2023-01-11,-0.003481543928559816
2023-01-12,-0.000721328135511845
2023-01-13,0.00736658797099965
2023-01-17,0.00021348663766151965
2023-01-18,-0.004454028180490455
2023-01-19,0.004955841034191444
2023-01-20,-0.0034516076677255647
2023-01-23,-0.0021189240994038405
2023-01-24,0.0045641603281032506
2023-01-25,0.012133421003426292
2023-01-26,-0.009531153817909588
2023-01-27,0.003108585859839197
2023-01-30,0.00805810469212842
2023-01-31,-0.00021761549900167765
2023-02-01,0.0008215709736401067
2023-02-02,-0.01804887316742898
2023-02-03,0.013005826707954249
2023-02-06,0.004730561016391688
2023-02-07,0.0010998548558902588
2023-02-08,0.003699224602461859
2023-02-09,-0.008136936766193537
2023-02-10,0.0029166969589824454
2023-02-13,-0.002082908864920241
2023-02-14,0.003264391523720267
2023-02-15,0.0032163561498832482
2023-02-16,-0.005860508203541781
2023-02-17,-0.002641351870830033
2023-02-21,-0.004184536821876472
2023-02-22,0.0013234206431627094
2023-02-23,0.012906553066143411
2023-02-24,0.0
2023-02-27,0.0
2023-02-28,0.0
2023-03-01,7.04523963286352e-05
2023-03-02,-0.0025579312240270324
2023-03-03,0.0007835914475415873
2023-03-06,-0.00024374903499535527
2023-03-07,0.00041848101439234675
2023-03-08,0.0012234234512813469
2023-03-09,-0.00019456256951189133
2023-03-10,0.00038795533809565796
2023-03-13,-0.0025730441396309978
2023-03-14,0.004611540002590564
2023-03-15,-0.0037788962356440914
2023-03-16,-0.0017354085243571626
2023-03-17,0.001780884491239032
2023-03-20,-0.0012301766852143015
2023-03-21,0.0027381831467716555
2023-03-22,0.0011833577454436472
2023-03-23,0.005646743613328953
2023-03-24,-0.0017588737604321558
2023-03-27,0.0009551273968515517
2023-03-28,-0.0005611611717827314
2023-03-29,0.0037484116866079997
2023-03-30,0.0033385976966517905
2023-03-31,-0.0007779265988947515
2023-04-03,-0.002041957502560865
2023-04-04,0.0010213017564022486
2023-04-05,-0.004675187667345426
2023-04-06,-0.004295247742394426
2023-04-10,-0.0044144171295315004
2023-04-11,0.0007231213471765585
2023-04-12,0.003720478881064304
2023-04-13,0.0031855884185658656
2023-04-14,-0.0022849949688902305
2023-04-17,-0.001476345375291177
2023-04-18,0.00544893262776025
2023-04-19,-0.004827177652576897
2023-04-20,-0.003779490868697777
2023-04-21,-0.0016685320939431314
2023-04-24,-0.0009090326933486326
2023-04-25,-0.002207739254353247
2023-04-26,0.009106277145429775
2023-04-27,0.007194543024017452
2023-04-28,-0.0004545272120787258
2023-05-01,0.00047043519040701476
2023-05-02,-0.0008615245648606606
2023-05-03,-0.003491604669847992
2023-05-04,-1.3458341587391232e-05
2023-05-05,0.0010824221065732775
2023-05-08,-0.0010396294337123857
2023-05-09,-0.0028770393420243234
2023-05-10,0.004829728303088032
2023-05-11,0.0005369715284253562
2023-05-12,0.00030214859748833867
2023-05-15,0.0020549955426463207
2023-05-16,-0.0017332843403410347
2023-05-17,0.0032456573053738502
2023-05-18,0.0021719509178090846
2023-05-19,-0.0016405868812094937
2023-05-22,-0.0018105550323946895
2023-05-23,-0.0029782743886341834
2023-05-24,-0.004948061039369067
2023-05-25,0.03707780658185289
2023-05-26,0.0
2023-05-30,0.0
2023-05-31,0.0
2023-06-01,0.0012815028709769472
2023-06-02,0.00848975344524816
2023-06-05,0.00044784121746266337
2023-06-06,-0.003963180046876014
2023-06-07,0.009374154689371306
2023-06-08,0.001223174733711696
2023-06-09,0.021698150928439297
2023-06-12,0.010678495567340462
2023-06-13,0.013789562210411166
2023-06-14,0.0013262375203433319
2023-06-15,-0.014201791871371938
2023-06-16,0.012267565723797613
2023-06-20,-0.0010946383425314288
2023-06-21,-0.0017909117461691881
2023-06-22,-0.01530695414393346
2023-06-23,-0.015750100229612873
2023-06-26,-0.006687036672369917
2023-06-27,0.007913110174786242
2023-06-28,-0.009340928350262456
2023-06-29,0.005843767058756999
2023-06-30,0.013205259936175828
2023-07-03,0.020428955813678984
2023-07-05,-0.003990469489536075
2023-07-06,-0.012516997276138087
2023-07-07,0.00339789712629468
2023-07-10,0.002718372300124283
2023-07-11,-0.00040082152684062233
2023-07-12,0.016619660602056108
2023-07-13,0.010931703492055078
2023-07-14,0.0016536880851996116
2023-07-17,0.008738293871341174
2023-07-18,-0.0008419294070755035
2023-07-19,0.0053033892828782125
2023-07-20,-0.019044412483789963
2023-07-21,0.010296109498949546
2023-07-24,-0.0013785823516535567
2023-07-25,0.006341234092993364
2023-07-26,-0.0029455415872500224
2023-07-27,0.020761600580022632
2023-07-28,0.013214237962829722
2023-07-31,0.0025018245791712523
2023-08-01,-0.004190916478961859
2023-08-02,-0.012434826423578849
2023-08-03,-0.007535824371377564
2023-08-04,0.008461454543028601
2023-08-07,0.0028998113494613786
2023-08-08,-0.011292625864796735
2023-08-09,0.0003212107631043182
2023-08-10,0.0070431146476244155
2023-08-11,-0.010151638977774602
2023-08-14,-0.008299397339618708
2023-08-15,-0.00023096073532724581
2023-08-16,-0.004265950537623464
2023-08-17,0.003605491809588024
2023-08-18,-0.013914199778733649
2023-08-21,0.011779227205760412
2023-08-22,0.014592978524800904
2023-08-23,-0.0008100284517800205
2023-08-24,0.01738274537706541
2023-08-25,0.0012395689953470512
2023-08-28,0.008611457095429653
2023-08-29,-0.0019010425616253768
2023-08-30,-0.0010765008581102853
2023-08-31,-0.0004335106571714542
2023-09-01,0.0054281770013338
2023-09-05,-0.0030495608499829796
2023-09-06,-0.002745188227188833
2023-09-07,-0.02031348436287317
2023-09-08,-0.0015496673062339594
2023-09-11,0.019931627900753313
2023-09-12,-0.007057829150157069
2023-09-13,0.0010683514129798954
2023-09-14,0.00440053429555598
2023-09-15,-0.0016587176600446618
2023-09-18,-0.008907281955497393
2023-09-19,-0.0037232678588019485
2023-09-20,0.002144499784423104
2023-09-21,-0.01293158017846685
2023-09-22,0.007175371884047044
2023-09-25,-0.0033047006823048175
2023-09-26,-0.00840775541053096
2023-09-27,0.0033654992327973865
2023-09-28,-0.002932516577695221
2023-09-29,0.011547064847679644
2023-10-02,-0.0026711744922063296
2023-10-03,-0.0046447275393985965
2023-10-04,0.006355068340033743
2023-10-05,0.005414915004723353
2023-10-06,0.0005875185049470932
2023-10-09,-0.0006050418824450343
2023-10-10,0.01264638838698029
2023-10-11,0.007058046163488152
2023-10-12,0.0008496464961071926
2023-10-13,0.00011209442162884997
2023-10-16,-0.0008573830052037712
2023-10-17,-0.008149843477029628
2023-10-18,-0.00521042173499886
2023-10-19,0.0028646220045422943
2023-10-20,-0.0005776769011301974
2023-10-23,-0.0009938921488883423
2023-10-24,0.0010597250757833354
2023-10-25,-0.0014165060707161947
2023-10-26,0.0002388328228217773
2023-10-27,0.003820028226730887
2023-10-30,0.002144711866463478
2023-10-31,-0.0022393885600877628
2023-11-01,0.00045741271253252336
2023-11-02,0.004103312025277139
2023-11-03,0.0025865298822589367
2023-11-06,0.0011550721867981117
2023-11-07,-9.455662275825727e-05
2023-11-08,0.0005522080816202646
2023-11-09,0.003485575906402305
2023-11-10,0.00265539632589884
2023-11-13,-0.0005221517690038313
2023-11-14,0.0056173212325187905
2023-11-15,0.001513260702828756
2023-11-16,-0.0014271174139410814
2023-11-17,0.00010761060909669773
2023-11-20,0.00013737622499854218
2023-11-21,-0.0018052677591861022
2023-11-22,0.0002681933037456119
2023-11-24,-0.0009103805431465162
2023-11-27,-0.00020091425089441284
2023-11-28,-0.0006440160014871132
2023-11-29,0.0028701943359663584
2023-11-30,-0.0005005994106656031
2023-12-01,-0.001510383009336036
2023-12-04,-0.009613919748221345
2023-12-05,-0.0050942639982355375
2023-12-06,0.008538048240247509
2023-12-07,0.005415583278904235
2023-12-08,-0.004147559778637677
2023-12-11,-0.001220665619554251
2023-12-12,-0.0038112107945960094
2023-12-13,-0.0017227601410385596
2023-12-14,0.003377293332962772
2023-12-15,0.0013675481897059694
2023-12-18,0.0023907117185657523
2023-12-19,-0.0005412128547991335
2023-12-20,-0.002324436558439391
2023-12-21,0.011486186104674001
2023-12-22,0.0027802074334657423
2023-12-26,0.0034975796643177404
2023-12-27,0.0032546164983420223
2023-12-28,0.0037981465598069253
2023-12-29,0.0028073251776281616
2024-01-02,-0.0033753884682810043
2024-01-03,-0.006449690610113912
2024-01-04,-0.0014574331985567346
2024-01-05,0.0015883643439837947
2024-01-08,0.0037735466373960413
2024-01-09,-0.0027452614496144
2024-01-10,0.0025221343688131004
2024-01-11,0.004312811896291402
2024-01-12,0.0009458596611904291
2024-01-16,0.0024387797039393533
2024-01-17,-0.002910403152965757
2024-01-18,0.009366016429299684
2024-01-19,0.005663559412512509
2024-01-22,0.004261038262292294
2024-01-23,-0.0007616454456155219
2024-01-24,0.007941784080292225
2024-01-25,0.008502436384962397
2024-01-26,-0.006990063183468509
2024-01-29,0.002282944908293727
2024-01-30,-0.00044155693614300606
2024-01-31,-0.012202971192863177
2024-02-01,0.004907364869731534
2024-02-02,0.014412157790020474
2024-02-05,0.005687281251985032
2024-02-06,0.0019035101613342764
2024-02-07,0.0035844280409211837
2024-02-08,0.00044604329709474477
2024-02-09,0.005696073764924314
2024-02-12,0.0020350848041184033
2024-02-13,-0.020827557760698334
2024-02-14,0.011472919536790416
2024-02-15,0.0024614795238342424
2024-02-16,0.004676345641328128
2024-02-20,-0.0066602353302384065
2024-02-21,-0.011755739627291262
2024-02-22,0.04252017496765981
2024-02-23,0.0
2024-02-26,0.0
2024-02-27,0.0
2024-02-28,-0.0064037897066360205
2024-02-29,0.00982005973143063
2024-03-01,0.005859174724988536
2024-03-04,0.009948890938365373
2024-03-05,-0.0060521376405181515
2024-03-06,0.019324672801603437
2024-03-07,0.011623650332225122
2024-03-08,0.00908372179472794
2024-03-11,-0.008035818665756533
2024-03-12,0.013203282538209127
2024-03-13,-0.0052050296473544755
2024-03-14,-0.004707483041636817
2024-03-15,-0.009217200371906209
2024-03-18,0.013413645266705743
2024-03-19,-0.016777777900240265
2024-03-20,0.0033619562027402683
2024-03-21,0.019904480196972107
2024-03-22,-0.004365660558015794
2024-03-25,-0.004993292208879452
2024-03-26,0.006368962772417941
2024-03-27,0.008394598778195261
2024-03-28,-0.0004357440546832736
2024-04-01,-0.0003564826922641817
2024-04-02,-0.017377100176186766
2024-04-03,-0.006451660851634733
2024-04-04,0.013391020049220215
2024-04-05,0.005789257411852988
2024-04-08,0.006534181822181129
2024-04-09,0.003657318314015834
2024-04-10,-0.01215104961410629
2024-04-11,0.002743429905934791
2024-04-12,-0.009965124030316352
2024-04-15,0.006877574660959507
2024-04-16,0.0009095057200856349
2024-04-17,0.004089534386869209
2024-04-18,0.0033584034980858046
2024-04-19,-0.006532762209801368
2024-04-22,0.009173505774418667
2024-04-23,0.006979876977865063
2024-04-24,0.008664094320452342
2024-04-25,-0.014446971116303331
2024-04-26,0.005192370787737044
2024-04-29,9.037249517418466e-05
2024-04-30,-0.003156729748629794
2024-05-01,-0.00751633729877732
2024-05-02,0.008229418632109908
2024-05-03,0.012006096911829633
2024-05-06,0.0054340755474056035
2024-05-07,-0.002985380469963106
2024-05-08,-0.006810739248458431
2024-05-09,-0.00037611526480507695
2024-05-10,0.006308618683340539
2024-05-13,0.0017257531551813088
2024-05-14,-0.0039039099355155926
2024-05-15,0.006306469221975197
2024-05-16,0.0005224264323091532
2024-05-17,0.0026186664254890246
2024-05-20,0.00374090900708568
2024-05-21,-0.00563931483277702
2024-05-22,0.00213473985787771
2024-05-23,0.02158482162309827
2024-05-24,0.0
2024-05-28,0.0
2024-05-29,0.0
2024-05-30,-0.0003589777139485495
2024-05-31,0.004962046720844437
2024-06-03,0.013659520487918186
2024-06-04,0.0007999532109304042
2024-06-05,0.009233474343274262
2024-06-06,0.0036683777723856004
2024-06-07,-0.0025779313718163888
2024-06-10,-0.003352728895356094
2024-06-11,-0.0012854818292998837
2024-06-12,0.010211233227307881
2024-06-13,0.012243046667804958
2024-06-14,-0.0010320310577446312
2024-06-17,0.0031526814103386425
2024-06-18,0.0002909844218843549
2024-06-20,0.011114636256106758
2024-06-21,-0.010308405801497722
2024-06-24,-0.009880708596808008
2024-06-25,0.009733164260875116
2024-06-26,-0.0005138690324895112
2024-06-27,-0.0056488225152069305
2024-06-28,0.0019729405190518357
2024-07-01,0.0007171248724948676
2024-07-02,-0.009776591493588338
2024-07-03,-0.002546566518138227
2024-07-05,-6.222783635934093e-06
2024-07-08,0.00474381197560203
2024-07-09,0.005801715027509147
2024-07-10,0.007705873676573605
2024-07-11,0.0015850689133469764
2024-07-12,0.0017695777190374073
2024-07-15,0.007021032825149431
2024-07-16,0.002456730954666586
2024-07-17,-0.022398728952105706
2024-07-18,0.012655964053215563
2024-07-19,-0.0027300687464100193
2024-07-22,0.011059848393667027
2024-07-23,-0.0017512965820222215
2024-07-24,-0.012205610442295622
2024-07-25,-0.0021271358184927758
2024-07-26,0.012187642080782934
2024-07-29,0.004366339569101152
2024-07-30,0.0018662679890084632
2024-07-31,0.026365828162752125
2024-08-01,0.0
2024-08-02,0.0
2024-08-05,0.0
2024-08-06,0.008970976511241124
2024-08-07,0.014712062283427807
2024-08-08,0.015924338026291007
2024-08-09,-0.0015848873666685082
2024-08-12,0.00267489591806247
2024-08-13,0.010662325718787669
2024-08-14,0.005621335647583381
2024-08-15,0.00982984593389058
2024-08-16,-0.004712726786439969
2024-08-19,0.00030159713351496364
2024-08-20,-0.002274293993220544
2024-08-21,0.0014598722765988281
2024-08-22,0.005250163196438784
2024-08-23,0.008839530070081203
2024-08-26,-0.0022182087883496626
2024-08-27,-0.00452865844817929
2024-08-28,-0.0004934451576811272
2024-08-29,-0.0016928724139811946
2024-08-30,0.00823159963154696
2024-09-03,-0.008360678427487334
2024-09-04,-0.00690382765823383
2024-09-05,-0.0020069916343056216
2024-09-06,0.0016681119718715554
2024-09-09,0.008993771389383287
2024-09-10,0.004253654890856717
2024-09-11,0.002356591376281747
2024-09-12,-0.0014693302700972133
2024-09-13,0.0003159726342700786
2024-09-16,-0.007210519049244857
2024-09-17,0.005205193840567501
2024-09-18,0.001849587967995836
2024-09-19,0.01651043715461098
2024-09-20,-0.0024849102570465575
2024-09-23,0.0032779545157870515
2024-09-24,0.003579817952096276
2024-09-25,-0.00020845448444783976
2024-09-26,0.013251476823215258
2024-09-27,0.0018685041193142737
2024-09-30,-0.00644260181094114
2024-10-01,6.57458751711637e-05
2024-10-02,-0.0010756623180935287
2024-10-03,0.0027044911140949868
2024-10-04,0.004901925025770026
2024-10-07,-0.0002164115482564677
2024-10-08,0.0035218615834851086
2024-10-09,0.0014622489572737596
2024-10-10,-0.0016384127120928627
2024-10-11,-0.00155229960778136
2024-10-14,0.003508808079706549
2024-10-15,-0.00047525294251138384
2024-10-16,0.004285131373949591
2024-10-17,0.006625189664662745
2024-10-18,0.0029601873444666804
2024-10-21,4.411674969895252e-05
2024-10-22,-0.0017389302866243073
2024-10-23,-0.0030893396194159317
2024-10-24,0.0028848575845628055
2024-10-25,0.001606024155151653
2024-10-28,0.002931847218935024
2024-10-29,0.00072487430458823
2024-10-30,-0.005921432409322636
2024-10-31,-0.002400690355256363
2024-11-01,0.0025685475538264058
2024-11-04,-0.001111407937090525
2024-11-05,0.0068257428308255985
2024-11-06,0.02263710392425966
2024-11-07,0.0
2024-11-08,0.0
2024-11-11,0.0
2024-11-12,-0.0023434298267204223
2024-11-13,0.004828765285126213
2024-11-14,0.0021418394188952306
2024-11-15,-0.004465944768096697
2024-11-18,0.009270976073116666
2024-11-19,-0.0024034780804871314
2024-11-20,0.0033592968569042814
2024-11-21,0.01356777524716879
2024-11-22,0.0009558394799340508
2024-11-25,0.010382007516979375
2024-11-26,0.0001772793021586061
2024-11-27,0.003995223485591115
2024-11-29,0.006138256070656434
2024-12-02,0.0060345887013799615
2024-12-03,-0.002362699703036819
2024-12-04,0.004230888869115823
2024-12-05,0.005683116331743454
2024-12-06,0.0010404031669239977
2024-12-09,-0.004023970014564671
2024-12-10,0.0018482667915222795
2024-12-11,0.004838356705740177
2024-12-12,-0.0020210181754067857
2024-12-13,0.006830138677374364
2024-12-16,0.003443058094223961
2024-12-17,-0.0033782101259419717
2024-12-18,0.003422279339929668
2024-12-19,0.005063145263070057
2024-12-20,-0.0021273339437525296
2024-12-23,0.0019004736584351534
2024-12-24,0.0037612971620746283
2024-12-26,-0.0017172961181251
2024-12-27,-0.0012783405444477536
2024-12-30,-0.0052066549374587545
2024-12-31,0.0021195515477561155
2025-01-02,0.003900641407852179
2025-01-03,0.002575768121539479
2025-01-06,0.007177704304927257
2025-01-07,0.003034009697100437
2025-01-08,0.00112405890874534
2025-01-10,-0.0034094370492175896
2025-01-13,-0.008869888071837861
2025-01-14,0.004878502274111796
2025-01-15,0.004906997131009172
2025-01-16,0.003813163946377651
2025-01-17,0.006591181656807388
2025-01-21,0.00216675113688769
2025-01-22,0.004232734032648233
2025-01-23,-0.0038006955848836066
2025-01-24,0.0023266278835432086
2025-01-27,-0.022745026033497484
2025-01-28,0.0035994235101346472
2025-01-29,-0.00129927723004164
2025-01-30,0.0023679527562252556
2025-01-31,-0.00024276304499615264
2025-02-03,-0.010715802304809507
2025-02-04,-0.00018758505037597129
2025-02-05,0.003846581637193758
2025-02-06,0.003454648519003234
2025-02-07,0.0019581109936783747
2025-02-10,0.0015990682384330324
2025-02-11,-0.002394143501990964
2025-02-12,-0.005615050303466429
2025-02-13,0.0005144311437650373
2025-02-14,0.0015738388715098584
2025-02-18,0.0033141707193726777
2025-02-19,0.00019512812588917683
2025-02-20,0.001224192820026948
2025-02-21,0.0005762533365907263
2025-02-24,0.0033422114275867276
2025-02-25,-0.00152660082320899
2025-02-26,0.005398026256479227
2025-02-27,0.005354508478202291
2025-02-28,-0.002735241336338401
2025-03-03,0.0018950458946120907
2025-03-04,-0.004663169922450416
2025-03-05,0.0025960671483953313
2025-03-06,-0.008001150407948798
2025-03-07,0.0013365956600832618
2025-03-10,-0.0063901277506558385
2025-03-11,0.0011871048476852497
2025-03-12,0.008640423394243646
2025-03-13,0.0
2025-03-14,0.0
2025-03-17,0.0
2025-03-18,-0.003754169197332402
2025-03-19,0.003169207987006928
2025-03-20,-0.002579106807463427
2025-03-21,-0.0041578985893006015
2025-03-24,0.005388839036942983
2025-03-25,-0.0014998838173480022
2025-03-26,-0.00349638839110078
2025-03-27,-0.004955584776094812
2025-03-28,-0.0007834331412275297
2025-03-31,0.00544157389748845
2025-04-01,0.0038901148333911895
2025-04-02,0.007571632566598208
2025-04-03,0.023751762337535176
2025-04-04,0.020265684837478037
2025-04-07,0.01985609163830615
2025-04-08,-0.019538341425273997
2025-04-09,0.0010761037398911988
2025-04-10,0.02030337706611718
2025-04-11,0.0034545677094239835
2025-04-14,-0.01312125675090503
2025-04-15,-0.00194640460068507
2025-04-16,0.01782683051148215
2025-04-17,-0.00513754921689169
2025-04-21,0.008007006645872616
2025-04-22,-0.007529573876621232
2025-04-23,-0.015734189261412346
2025-04-24,-0.004278492572074355
2025-04-25,0.0009168431701085389
2025-04-28,-0.0005687077952594155
2025-04-29,0.0026589670654373343
2025-04-30,0.007187903491069569
2025-05-01,-0.006151814247872589
2025-05-02,-0.009696780866621735
2025-05-05,0.007759490241408429
2025-05-06,0.011942375006776196
2025-05-07,-0.0009457256110685375
2025-05-08,-0.005852468897903473
2025-05-09,-0.0022108997112878503
2025-05-12,-0.02569732409608827
2025-05-13,-0.0023696479863664077
2025-05-14,-0.0019867773067548944
2025-05-15,0.0037910867258532654
2025-05-16,8.091125252018827e-05
2025-05-19,0.007979629646579278
2025-05-20,0.0027342736330160378
2025-05-21,0.005211051173490411
2025-05-22,-0.00010527399851523178
2025-05-23,0.01033230945145136
2025-05-27,-0.007683603763382618
2025-05-28,0.0004927768767106766
2025-05-29,0.008048707242021225
2025-05-30,0.0
2025-06-02,0.0
2025-06-03,0.0
2025-06-04,0.0009709258645935748
2025-06-05,-0.0019248542721418405
2025-06-06,0.01182519682303207
2025-06-09,-0.0023262735912774613
2025-06-10,0.003017684714733626
2025-06-11,0.005440033254794141
2025-06-12,-0.0034817429632341135
2025-06-13,-0.008587540361780444
2025-06-16,0.006896623376660971
2025-06-17,-0.002953274481217849
2025-06-18,0.0008998172643719382
2025-06-20,0.004912789084172253
2025-06-23,0.0016103419249435813
2025-06-24,0.007637220234494313
2025-06-25,0.003643856024659664
2025-06-26,0.0018521243198583726
2025-06-27,0.000618323294608647
2025-06-30,0.003367146270407906
2025-07-01,-0.011928993663295584
2025-07-02,-0.0007347698295926408
2025-07-03,0.003144793386053779
2025-07-07,-0.0020676321903692063
2025-07-08,0.0023035912104392153
2025-07-09,0.0019186415310035176
2025-07-10,0.0025379015435114116
2025-07-11,-0.0014199852204980212
2025-07-14,-0.00022167009472184862
2025-07-15,0.007580603039820444
2025-07-16,0.00011323766572202132
2025-07-17,0.0005319918812956015
2025-07-18,0.0013624466639463595
2025-07-21,0.0008877572726890826
2025-07-22,-0.00028450729584705847
2025-07-23,0.001777312772777817
2025-07-24,0.0025729451408325055
2025-07-25,-0.0009111645785966349
2025-07-28,0.002626152053727626
2025-07-29,0.002528929771702826
2025-07-30,0.0010585156376183846
2025-07-31,0.007382293562702147
2025-08-01,-0.006743881221770942
2025-08-04,0.004915823199189928
2025-08-05,0.0028796285060617155
2025-08-06,-0.0027459580188093913
2025-08-07,0.004173713650527544
2025-08-08,0.0018904461534638983
2025-08-11,-5.057970464683592e-05
2025-08-12,0.0027993648442743435
2025-08-13,0.0027021953270824906
2025-08-14,-0.003428128796961749
2025-08-15,-1.540287930201778e-05
2025-08-18,-0.0018388208929414063
2025-08-19,-0.0014149912967155176
2025-08-20,-0.0025246744023195156
2025-08-21,-0.0009250962593986278
2025-08-22,-0.0014330571194164365
2025-08-25,-0.0018661770097434527
2025-08-26,0.0006199930938941556
2025-08-27,-1.8805581375458402e-06
2025-08-28,0.0005552639732877562
2025-08-29,-0.003083947689754951
2025-09-02,-0.00987810857729765
2025-09-03,0.004616768154050543
2025-09-04,0.0006371108605198739
2025-09-05,0.004261004297998028
2025-09-08,0.0034342699750298245
2025-09-09,0.002386549437386254
2025-09-10,0.008791004202521435
2025-09-11,0.003891143744223058
2025-09-12,0.002671562888538759
2025-09-15,0.006940208357225197
2025-09-16,0.0014489518227649434
2025-09-17,-0.0037571138657220837
2025-09-18,0.008006598856520553
2025-09-19,0.0018273071790995132
2025-09-22,-0.00028153852291024073
2025-09-23,0.0021645328910713246
2025-09-24,0.0038358640604212457
2025-09-25,-0.008588048243150181
2025-09-26,0.0030981791870023923
2025-09-29,0.005039840400537843
2025-09-30,-0.0011404758328671383
2025-10-01,-0.003766175657170634
2025-10-02,0.010039715114178449
2025-10-03,0.0030785921606062416
2025-10-06,0.01600949624384418
2025-10-07,0.0008184819665739695
2025-10-08,0.003321961984256827
2025-10-09,-0.0014557731809445862
2025-10-10,0.0012342423519602352
2025-10-13,0.016449954040842263
2025-10-14,-0.011238721348906466
2025-10-15,0.011261946996811822
2025-10-16,0.003603341615381783
2025-10-17,-0.004326368068538922
2025-10-20,0.006242607849729076
2025-10-21,-0.0007680467092274768
2025-10-22,-0.0012515553134406776
2025-10-23,-0.005292213065920648
2025-10-24,0.007284001603981682
2025-10-27,0.01161084801051504
2025-10-28,0.002761915070032206
2025-10-29,0.00802668803511919
2025-10-30,-0.00781547933235549
2025-10-31,0.014069186641650688
2025-11-03,0.00880014876446511
2025-11-04,-0.017138285309768797
2025-11-05,0.0011780996239874053
2025-11-06,-0.00019305622489151908
2025-11-07,-0.007758561343948478
2025-11-10,0.01625298349880766
2025-11-11,-0.006726242608316002
2025-11-12,0.007055443185268739
2025-11-13,-0.007220904770879444
2025-11-14,-0.015574378878248196
2025-11-17,-0.005573995544576049
2025-11-18,-0.007723131897491298
2025-11-19,0.0038215859829344723
2025-11-20,0.020539298900851044
2025-11-21,0.004342753161217017
2025-11-24,0.010051304169081288
2025-11-25,-0.007116093517679167
2025-11-26,0.007433494886945002
2025-11-28,0.0025049348795211923
2025-12-01,-0.008290936598607801
2025-12-02,0.003735059962454157
2025-12-03,-0.0011594586558050235
2025-12-04,0.004796375645854001
2025-12-05,0.0025717058107572743
2025-12-08,-0.00033905764237929237
2025-12-09,-0.0020066070516220336
2025-12-10,-0.0005179931117158532
2025-12-11,-0.006456708440336301
2025-12-12,-0.003276891113162872
2025-12-15,0.00808244665980129
2025-12-16,-0.0033036630596051664
2025-12-17,0.00031336766659006976
2025-12-18,0.015072587790944558
2025-12-19,0.004904688005293867
2025-12-22,0.009378382682876163
2025-12-23,-0.0011939502104010291
2025-12-24,-0.00033539918188296713
2025-12-26,0.00136702691936752
2025-12-29,-0.005975720717090738
2025-12-30,0.00019287029607295558
2025-12-31,0.0015018311435384124
2026-01-02,0.00896363514742693
2026-01-05,0.0092686735667602
2026-01-06,0.0013611391703545195
2026-01-07,0.00014716540481929385
2026-01-08,3.266799402679155e-05
2026-01-09,0.0019820104037531205
2026-01-12,-0.004467280741491608
2026-01-13,0.0014269843041487817
2026-01-14,-0.004505953615305813
2026-01-15,0.008483280649704827
2026-01-16,0.005450400963785462
2026-01-20,-0.010101791044597186
2026-01-21,0.003662369516877817
2026-01-22,0.006517137111756721
2026-01-23,-0.0011158281173265783
2026-01-26,-0.0016460439842779229
2026-01-27,0.0053347393696521195
2026-01-28,0.005826162701594972
2026-01-29,-0.0007157934533367216
2026-01-30,-0.0011341672275876347
2026-02-02,-0.0052829538873480075
2026-02-03,0.0061945986787588225
2026-02-04,-0.003862860652587119
2026-02-05,-0.00787028895101316
2026-02-06,0.003735711073927339
2026-02-09,-0.004306557196199767
2026-02-10,0.00025484701965416967
2026-02-11,0.009116330041555765
2026-02-12,0.0038644832808234497
2026-02-13,-0.0014839390495302585
2026-02-17,-0.006329721398782406
2026-02-18,0.0019091271036071333
2026-02-19,-0.00474625363923975
2026-02-20,-0.003735051075031026
2026-02-23,-0.002005280471971793
2026-02-24,0.002689583495142367
2026-02-25,0.004935638568605016
2026-02-26,-0.0025226027397936557
2026-02-27,-0.009477992651108713
2026-03-02,-0.011476100146141865
2026-03-03,-0.016159641581237616
2026-03-04,0.0053460591178216
2026-03-05,-0.0039034174829671864
2026-03-06,-0.011875616900308583
2026-03-09,-0.0067486734632957734
2026-03-10,0.00103048881982426
2026-03-11,0.002667591747010256
2026-03-12,-0.005587827483745311
2026-03-13,0.004616459557168939
2026-03-16,0.008413357279940525
2026-03-17,0.0033286883284355806
2026-03-18,-0.00045010452054372596
2026-03-19,-0.009846105105034142
2026-03-20,-0.0011477464899054546
2026-03-23,0.009920195832841205
2026-03-24,-0.004354019982201196
2026-03-25,0.005245765478803177
2026-03-26,-0.007402144585659798
2026-03-27,-0.002506350682491054
2026-03-30,0.004774085159837904
2026-03-31,0.006968473082939797
2026-04-01,0.0067604568131025555
2026-04-02,0.0030880432407751623
2026-04-06,0.00023371363460089611
2026-04-07,0.002924431342993472
2026-04-08,-0.00796814966008319
2026-04-09,0.0005202528609922208
2026-04-10,-0.0021220241522216243
2026-04-13,0.0025731577831549224
2026-04-14,0.004362226191926055
2026-04-15,-0.001306503455532626
2026-04-16,-0.0005750997548884529
2026-04-17,0.006788622535061295
2026-04-20,-3.7254122515095744e-05
2026-04-21,0.0025705871367944777
2026-04-22,0.0074518141046229225
2026-04-23,0.0003779183176142453
2026-04-24,0.014328690868877336
2026-04-27,0.001285354758517654
2026-04-28,-0.01452540091292065
2026-04-29,0.004425947215026538
2026-04-30,0.00894691683227511
2026-05-01,-0.0004631921975648545
2026-05-04,0.002578076089886583
2026-05-05,0.010756923801912732
2026-05-06,0.015560317539648594
2026-05-07,-0.003346209063414207
2026-05-08,0.00977962166731916
2026-05-11,0.0067392705267033115
2026-05-12,-0.01008045511197364
2026-05-13,0.012266406305363464
2026-05-14,-0.003966869103517068
2026-05-15,-0.01912759271509723
2026-05-18,0.009976226199757798
2026-05-19,-0.009379550153978178
2026-05-20,0.013200619022557314
2026-05-21,-0.0025603923208251667
2026-05-22,0.005122434485879346
2026-05-26,0.019039075826615237
2026-05-27,0.010740032316281622
2026-05-28,0.0006891756707951835
2026-05-29,0.007624889963891546
2026-06-01,0.0013358451544829286
2026-06-02,0.005288031142185234
2026-06-03,0.007279196244846631
2026-06-04,-0.02721832751065345
2026-06-05,-0.02317801560486532
2026-06-08,0.031217125597931883
2026-06-09,0.0
2026-06-10,0.0
2026-06-11,0.0
2026-06-12,-0.003674364394616658
2026-06-15,0.030655653751992862
2026-06-16,0.0
2026-06-17,0.0
2026-06-18,0.0
2026-06-22,0.011572796344515579
2026-06-23,-0.05099437522322059
2026-06-24,0.006366672940490314
2026-06-25,0.04502455334667377
2026-06-26,0.0
2026-06-29,0.0
2026-06-30,0.0
2026-07-01,-0.024243504472198696
2026-07-02,0.0010027306359123855
2026-07-06,0.013900847196798294
2026-07-07,-0.02619439967096704
2026-07-08,-0.010519830085976012
2026-07-09,0.02431172552929839
2026-07-10,0.0
2026-07-13,0.0
2026-07-14,0.0
2026-07-15,0.0034866898333050234
2026-07-16,-0.012986625474732838
2026-07-17,-0.017731215074131557
2026-07-20,0.012709521344800079
2026-07-21,0.02231341505036699
2026-07-22,0.0
2026-07-23,0.0
2026-07-24,0.0
2026-07-27,0.005747714573682394
2026-07-28,-0.015922310942886875
2026-07-29,-8.033041977584254e-05
2026-07-30,0.019036247378113158
2026-07-31,0.0
2026-08-03,0.0
2026-08-04,0.0
2026-08-05,-0.0014873845372175287
2026-08-06,-0.009922455425463772
2026-08-07,0.009740663959080686
2026-08-10,-0.0025481571122801805
2026-08-11,0.0050103315346701205
2026-08-12,0.012990682971090628
2026-08-13,0.0010673516636190428
2026-08-14,0.003249319795800565
