index,return
2000-01-03,0.0
2000-01-04,0.0
2000-01-05,-0.03146565419625669
2000-01-06,0.022222028907675107
2000-01-07,-0.03002034519437935
2000-01-10,0.03904603835924303
2000-01-11,-0.004974965788644092
2000-01-12,-0.0016024210408207562
2000-01-13,0.016048628548770427
2000-01-14,-0.007556941749504942
2000-01-18,0.004050697901967881
2000-01-19,0.014978128467705742
2000-01-20,0.08118162035656606
2000-01-21,0.0
2000-01-24,0.0
2000-01-25,0.0
2000-01-26,-0.03894895976592294
2000-01-27,0.025766259734751884
2000-01-28,-0.013148536295491287
2000-01-31,0.017343255204884445
2000-02-01,0.00971128817583966
2000-02-02,0.013829140839829002
2000-02-03,0.03534022238288337
2000-02-04,0.022866974558709563
2000-02-07,0.004322018604756339
2000-02-08,0.011939582274681282
2000-02-09,0.025078506945060752
2000-02-10,0.049880851436775675
2000-02-11,0.02885689532274549
2000-02-14,-0.03300903470973693
2000-02-15,0.02681717936743855
2000-02-16,0.028212434662922004
2000-02-17,0.007841727449462654
2000-02-18,-0.014243444191012311
2000-02-22,-0.0491379882232188
2000-02-23,-0.004456022515062719
2000-02-24,0.018358087750612873
2000-02-25,-0.0019542759490682737
2000-02-28,-0.000831956511044285
2000-02-29,0.03258382404029647
2000-03-01,0.04798517046245965
2000-03-02,0.0
2000-03-03,0.0
2000-03-06,0.0
2000-03-07,0.0
2000-03-08,0.0
2000-03-09,0.0
2000-03-10,0.0
2000-03-13,0.0
2000-03-14,0.0
2000-03-15,0.0
2000-03-16,0.0
2000-03-17,0.0
2000-03-20,0.0
2000-03-21,0.0
2000-03-22,0.0
2000-03-23,0.0
2000-03-24,0.0
2000-03-27,0.0
2000-03-28,0.0
2000-03-29,0.0
2000-03-30,0.0
2000-03-31,0.0
2000-04-03,0.0
2000-04-04,0.036548901889927876
2000-04-05,-0.024464637894354824
2000-04-06,0.11860749984675167
2000-04-07,0.0
2000-04-10,0.0
2000-04-11,0.0
2000-04-12,-0.015486484042161575
2000-04-13,0.025053002942172498
2000-04-14,-0.07501245692268799
2000-04-17,-0.0686367405537367
2000-04-18,0.05540948188245154
2000-04-19,0.027230329241894724
2000-04-20,0.03669994109517338
2000-04-24,-0.10132668533134648
2000-04-25,0.06858422693588517
2000-04-26,0.0
2000-04-27,0.0
2000-04-28,0.0
2000-05-01,0.034839207984561416
2000-05-02,-0.002910428086712269
2000-05-03,-0.01862106800546237
2000-05-04,-0.01593038321544704
2000-05-05,-0.014417417296713642
2000-05-08,-0.0226965032586971
2000-05-09,0.02309006065478192
2000-05-10,-0.02571905059031221
2000-05-11,0.025168496589421885
2000-05-12,0.02485472841593528
2000-05-15,0.002753980386076771
2000-05-16,0.04650476078168331
2000-05-17,0.05847649198229088
2000-05-18,-0.01281216693016407
2000-05-19,-0.03244792063981439
2000-05-22,-0.007341388979564711
2000-05-23,-0.011846660882451232
2000-05-24,0.0008162829825628659
2000-05-25,0.05335616183367553
2000-05-26,0.009819316145912804
2000-05-30,0.08311433742870533
2000-05-31,0.0
2000-06-01,0.0
2000-06-02,0.0
2000-06-05,-0.017558371089329783
2000-06-06,-0.017752220370315652
2000-06-07,0.0029590256171030394
2000-06-08,0.046958547966819975
2000-06-09,0.02616115625240356
2000-06-12,0.016795517614224265
2000-06-13,-0.02828250998180104
2000-06-14,0.020552916987299108
2000-06-15,-0.005475470215013045
2000-06-16,0.011882950446918894
2000-06-19,0.012354976273905915
2000-06-20,0.012535198030384942
2000-06-21,-0.022282676009211744
2000-06-22,0.017073776864716006
2000-06-23,-0.012748538111809427
2000-06-26,0.020306494570329514
2000-06-27,0.012741994940354884
2000-06-28,0.022137562487467566
2000-06-29,-0.06823078759966694
2000-06-30,0.03127118074934243
2000-07-03,0.03559343909069579
2000-07-05,-0.06449266958909783
2000-07-06,-0.0035928005014073117
2000-07-07,0.012456084859395089
2000-07-10,-0.01022703773928113
2000-07-11,-0.009784065351649884
2000-07-12,0.05478879915429369
2000-07-13,0.06126913644191356
2000-07-14,0.0
2000-07-17,0.0
2000-07-18,0.0
2000-07-19,-0.026953080494133586
2000-07-20,-0.008435416560450437
2000-07-21,-0.046985868530073915
2000-07-24,0.016484298542925657
2000-07-25,0.029803266908910997
2000-07-26,-0.031148802236364626
2000-07-27,-0.07444379190515804
2000-07-28,0.013494395367073642
2000-07-31,0.06868758190189461
2000-08-01,0.0
2000-08-02,0.0
2000-08-03,0.0
2000-08-04,0.03770675777435484
2000-08-07,-0.004514228443557422
2000-08-08,-0.005759205505306286
2000-08-09,0.04612080477212421
2000-08-10,-0.0464780434240365
2000-08-11,-0.00587201025447559
2000-08-14,0.04521171693508075
2000-08-15,0.017749397597387473
2000-08-16,0.050349927455512145
2000-08-17,-0.03147564277554471
2000-08-18,0.022144526959804622
2000-08-21,0.029563441995952733
2000-08-22,-0.03167397328094568
2000-08-23,-0.005540219773059518
2000-08-24,0.008350982752552527
2000-08-25,-0.011698330802717094
2000-08-28,0.012303588692352152
2000-08-29,0.0024789191655147924
2000-08-30,-0.012292306111786777
2000-08-31,0.008872086008066882
2000-09-01,0.03498296653739952
2000-09-05,0.034283035930636974
2000-09-06,-0.05793103114664333
2000-09-07,0.025375811615011346
2000-09-08,-0.014917892217845452
2000-09-11,-0.0402765627599293
2000-09-12,0.024344988262179568
2000-09-13,-0.025150852578499583
2000-09-14,0.030816523470810653
2000-09-15,-0.00878288829838536
2000-09-18,0.02067433914048289
2000-09-19,-0.00907734137869487
2000-09-20,-0.02297755274180091
2000-09-21,-0.02177503683490145
2000-09-22,-0.11651290016556459
2000-09-25,0.028029125102211783
2000-09-26,0.023107418001872437
2000-09-27,0.02385745795562233
2000-09-28,-0.020130957503960323
2000-09-29,-0.04679578894903025
2000-10-02,0.024589526558308705
2000-10-03,0.05071502076135381
2000-10-04,-0.0016226010008375535
2000-10-05,-0.0206507798707648
2000-10-06,0.016674212086752238
2000-10-09,0.009764576169225325
2000-10-10,-0.04512863744194917
2000-10-11,-0.07108620890767192
2000-10-12,0.062460984923490726
2000-10-13,0.0
2000-10-16,0.0
2000-10-17,0.0
2000-10-18,-0.05183552984754558
2000-10-19,0.17828395866265767
2000-10-20,0.0
2000-10-23,0.0
2000-10-24,0.0
2000-10-25,-0.05192485822229109
2000-10-26,0.019926685705738745
2000-10-27,0.01795658290326463
2000-10-30,-0.01705338151673863
2000-10-31,0.08388214189883114
2000-11-01,0.0
2000-11-02,0.0
2000-11-03,0.0
2000-11-06,0.052566677441271636
2000-11-07,0.01784599396940978
2000-11-08,0.012423230147134756
2000-11-09,-0.08156069804520738
2000-11-10,0.0011590237137546477
2000-11-13,-0.07481479869229157
2000-11-14,0.09960633157234389
2000-11-15,0.0
2000-11-16,0.0
2000-11-17,0.0
2000-11-20,-0.04960175401484779
2000-11-21,0.039319745174033915
2000-11-22,0.01652837621869141
2000-11-24,0.06907710825946634
2000-11-27,0.0
2000-11-28,0.0
2000-11-29,0.0
2000-11-30,-0.17136192303707543
2000-12-01,0.07103314452362008
2000-12-04,0.0
2000-12-05,0.0
2000-12-06,0.0
2000-12-07,-0.06691357422561728
2000-12-08,0.16055239982193847
2000-12-11,0.0
2000-12-12,0.0
2000-12-13,0.0
2000-12-14,0.0038123310450670633
2000-12-15,-0.053256346095283735
2000-12-18,0.02939106255648949
2000-12-19,-0.000354772338997944
2000-12-20,-0.08780201315246361
2000-12-21,-0.016402699252608732
2000-12-22,0.10269885674536927
2000-12-26,0.0
2000-12-27,0.0
2000-12-28,0.0
2000-12-29,5.971690460571111e-06
2001-01-02,0.04332733076572759
2001-01-03,-0.01979486476035297
2001-01-04,-0.017836299600277106
2001-01-05,0.005776622674034337
2001-01-08,-0.01657236379728866
2001-01-09,0.060914144835171546
2001-01-10,0.0
2001-01-11,0.0
2001-01-12,0.0
2001-01-16,0.0035474253401039935
2001-01-17,0.14887867881106187
2001-01-18,0.0
2001-01-19,0.0
2001-01-22,0.0
2001-01-23,-0.018916351695582145
2001-01-24,0.002141796074439206
2001-01-25,-0.02091146067423011
2001-01-26,-0.06860216328769586
2001-01-29,-0.010327740790644024
2001-01-30,0.027765353964436468
2001-01-31,-0.009472016997999044
2001-02-01,0.01605622338238466
2001-02-02,0.02177762693930818
2001-02-05,-0.016879610912099108
2001-02-06,0.028430253199642763
2001-02-07,-0.014983822465370111
2001-02-08,0.015731975987765212
2001-02-09,-0.014833918116009537
2001-02-12,-0.010035301457546275
2001-02-13,0.008490070401451222
2001-02-14,0.0004969938255561246
2001-02-15,0.0024608633123881507
2001-02-16,-0.07729137693586241
2001-02-20,0.020648441939049356
2001-02-21,-0.06603077904582921
2001-02-22,-0.01608853888796069
2001-02-23,-0.002087167949281099
2001-02-26,0.04850411858640857
2001-02-27,-0.025726892597157214
2001-02-28,0.016878031743759347
2001-03-01,-0.025277811366349878
2001-03-02,-0.10137035558544283
2001-03-05,0.031031271498245472
2001-03-06,0.12412171450430365
2001-03-07,0.0
2001-03-08,0.0
2001-03-09,0.0
2001-03-12,-0.038207280215583395
2001-03-13,0.0565721737755247
2001-03-14,-0.08186589483947693
2001-03-15,0.08472513385600755
2001-03-16,0.0
2001-03-19,0.0
2001-03-20,0.0
2001-03-21,-0.006396888730695327
2001-03-22,0.06403254040770245
2001-03-23,0.0
2001-03-26,0.0
2001-03-27,0.0
2001-03-28,-0.06024475978364663
2001-03-29,-0.016641569543073054
2001-03-30,-0.03413733679196329
2001-04-02,-0.006252645624443609
2001-04-03,0.0
2001-04-04,0.0
2001-04-05,0.0
2001-04-06,0.0
2001-04-09,0.0
2001-04-10,0.0
2001-04-11,0.0
2001-04-12,0.0
2001-04-16,0.0
2001-04-17,0.0
2001-04-18,0.0
2001-04-19,0.0
2001-04-20,0.0
2001-04-23,0.0
2001-04-24,0.0
2001-04-25,0.0
2001-04-26,0.0
2001-04-27,0.0
2001-04-30,0.0
2001-05-01,0.0
2001-05-02,0.08891809018752328
2001-05-03,0.0
2001-05-04,0.0
2001-05-07,0.0
2001-05-08,0.09590690207091601
2001-05-09,0.0
2001-05-10,0.0
2001-05-11,0.0
2001-05-14,-0.0011820751870420532
2001-05-15,0.015806492920024118
2001-05-16,-0.03746837586437646
2001-05-17,0.013377692436258526
2001-05-18,-0.012332409830057567
2001-05-21,-0.012793357197333766
2001-05-22,0.0027319477777785206
2001-05-23,0.0070048901675163755
2001-05-24,-0.029648062174093326
2001-05-25,0.02261603098378573
2001-05-29,-0.020388209570736837
2001-05-30,-0.026395368076375214
2001-05-31,-0.006844542104970652
2001-06-01,0.03251333011406343
2001-06-04,-0.03100572251277811
2001-06-05,0.02549173167886387
2001-06-06,0.0962495239133001
2001-06-07,0.0
2001-06-08,0.0
2001-06-11,0.0
2001-06-12,-0.06871539297007012
2001-06-13,0.008832745264237829
2001-06-14,-0.04334441591120075
2001-06-15,-0.03434446383175749
2001-06-18,0.0060171484688320565
2001-06-19,0.0633886976678264
2001-06-20,0.0
2001-06-21,0.0
2001-06-22,0.0
2001-06-25,0.05076106233183619
2001-06-26,-0.0296725715332109
2001-06-27,-0.004053587537348857
2001-06-28,0.026722112562689304
2001-06-29,0.008381042140433337
2001-07-02,-0.0005283589311069203
2001-07-03,-0.019497052778845392
2001-07-05,-0.04819159759986813
2001-07-06,-0.15716483938792125
2001-07-09,0.07216301926020119
2001-07-10,0.0
2001-07-11,0.0
2001-07-12,0.0
2001-07-13,-0.026745729152800157
2001-07-16,0.02919458899544347
2001-07-17,-0.04886621555696291
2001-07-18,-0.03174476323885944
2001-07-19,0.04294854375704338
2001-07-20,0.007166413383886683
2001-07-23,0.025095792074308454
2001-07-24,-0.03401571964271999
2001-07-25,0.005111380711182445
2001-07-26,0.003008037894116855
2001-07-27,-0.019156827514862473
2001-07-30,0.04099213967453852
2001-07-31,0.04075561398845551
2001-08-01,0.13402531170213927
2001-08-02,0.0
2001-08-03,0.0
2001-08-06,0.0
2001-08-07,-0.0016269460185807105
2001-08-08,-0.007537656169518847
2001-08-09,-0.018915155092363856
2001-08-10,-0.004451773625830935
2001-08-13,0.03446086964456185
2001-08-14,-0.01691331380097094
2001-08-15,0.02545070026459717
2001-08-16,-0.027674383583058293
2001-08-17,-0.04388240281768008
2001-08-20,-0.013018007132646892
2001-08-21,0.010738754991121757
2001-08-22,0.032238352219104316
2001-08-23,0.003763352017837507
2001-08-24,0.02535978634645808
2001-08-27,-0.007718674716998053
2001-08-28,0.009379106353335498
2001-08-29,0.018606974405534604
2001-08-30,-0.02188863506716443
2001-08-31,-0.009461234032446808
2001-09-04,-0.02954540492917279
2001-09-05,-0.010888788988499987
2001-09-06,-0.025576740246808227
2001-09-07,-0.007915506413595064
2001-09-10,-0.005639592907029201
2001-09-17,-0.20836792644187485
2001-09-18,0.014953610546415419
2001-09-19,0.04719988691383348
2001-09-20,-0.0472103601849061
2001-09-21,-0.10190382685593824
2001-09-24,0.09936470363551786
2001-09-25,0.0
2001-09-26,0.0
2001-09-27,0.0
2001-09-28,0.0575044994110836
2001-10-01,-0.0034397262458665256
2001-10-02,-0.021340989715295966
2001-10-03,-0.020849798167558053
2001-10-04,0.08197520834377214
2001-10-05,0.0
2001-10-08,0.0
2001-10-09,0.0
2001-10-10,-0.010359537190692492
2001-10-11,0.07210836832913925
2001-10-12,0.0
2001-10-15,0.0
2001-10-16,0.0
2001-10-17,0.07975492086935976
2001-10-18,0.0
2001-10-19,0.0
2001-10-22,0.0
2001-10-23,0.025250112006910186
2001-10-24,-0.003360808173731522
2001-10-25,-0.03384516187292974
2001-10-26,-0.004597522783580499
2001-10-29,-0.02600683508426649
2001-10-30,-0.016977322987637877
2001-10-31,0.06899040826159153
2001-11-01,0.0
2001-11-02,0.0
2001-11-05,0.0
2001-11-06,-0.010123310194177004
2001-11-07,-0.015395313813750477
2001-11-08,0.07807713034133301
2001-11-09,0.0
2001-11-12,0.0
2001-11-13,0.0
2001-11-14,0.020290862413015365
2001-11-15,-0.007834448141977313
2001-11-16,-0.005613783966693986
2001-11-19,0.009608628771879735
2001-11-20,-0.01921114032268567
2001-11-21,-0.015771505685833964
2001-11-23,-0.0017009209886846843
2001-11-26,0.029162202717110786
2001-11-27,-0.01708631640664693
2001-11-28,-0.012620620717084141
2001-11-29,0.04354200983656109
2001-11-30,-0.004896701725631836
2001-12-03,0.01590939868401997
2001-12-04,0.02423405336192741
2001-12-05,0.07159405330322755
2001-12-06,0.0
2001-12-07,0.0
2001-12-10,0.0
2001-12-11,0.026506178141229242
2001-12-12,0.018083812374298125
2001-12-13,-0.06981292927522098
2001-12-14,0.002777377115116275
2001-12-17,0.00334969419528508
2001-12-18,0.01736494999837901
2001-12-19,-0.05517713932533763
2001-12-20,-0.009744863133175463
2001-12-21,0.014539723546731498
2001-12-24,0.0006192397106790093
2001-12-26,0.008973960928360558
2001-12-27,0.030422735657244848
2001-12-28,0.036264387145609644
2001-12-31,0.02182332031300427
2002-01-02,0.060327298672946394
2002-01-03,0.0
2002-01-04,0.0
2002-01-07,0.0
2002-01-08,0.08396857130388247
2002-01-09,0.0
2002-01-10,0.0
2002-01-11,0.0
2002-01-14,-0.04185768519817712
2002-01-15,0.011545132380299084
2002-01-16,-0.02349066126389643
2002-01-17,0.061385203416729706
2002-01-18,0.0
2002-01-22,0.0
2002-01-23,0.0
2002-01-24,0.04689437146168518
2002-01-25,-0.001742504815948065
2002-01-28,0.00868447565209407
2002-01-29,-0.017078219779845916
2002-01-30,-0.009940654135287441
2002-01-31,0.07249658217777055
2002-02-01,0.0
2002-02-04,0.0
2002-02-05,0.0
2002-02-06,0.0536360844053132
2002-02-07,0.011454031018091504
2002-02-08,0.03370377663056767
2002-02-11,0.00755043440030323
2002-02-12,-0.014944484989422802
2002-02-13,0.021027129166892422
2002-02-14,0.008153779091913949
2002-02-15,-0.027081580460091903
2002-02-19,-0.0535712729011264
2002-02-20,-0.004926353771110725
2002-02-21,-0.00940562842691306
2002-02-22,-0.023891542537327948
2002-02-25,0.027901867218993237
2002-02-26,-0.049207287242084785
2002-02-27,0.042146550156373586
2002-02-28,0.008889340125294298
2002-03-01,0.007823485750849457
2002-03-04,0.023416824448231566
2002-03-05,-0.012285881836402113
2002-03-06,-0.03802035074987842
2002-03-07,0.02409926417799002
2002-03-08,0.039799110560160944
2002-03-11,0.00337179226242057
2002-03-12,-0.016953468217134837
2002-03-13,-0.003621306433372218
2002-03-14,-0.020696275366618666
2002-03-15,0.055814587774762225
2002-03-18,0.02784472269143512
2002-03-19,0.010398154972068196
2002-03-20,-0.014754379063725565
2002-03-21,0.019048246260141122
2002-03-22,-0.011457157848764221
2002-03-25,0.006339365137999486
2002-03-26,-0.011964279488144491
2002-03-27,-0.02938208962055644
2002-03-28,0.011946774208995148
2002-04-01,-0.027469103868310918
2002-04-02,-0.016019918740670214
2002-04-03,0.0023317043549826444
2002-04-04,0.006086703270517191
2002-04-05,0.012049708467737341
2002-04-08,-0.060489908449372964
2002-04-09,0.01152919722430279
2002-04-10,0.028311140092447173
2002-04-11,-0.051299403268035726
2002-04-12,0.01947807687081049
2002-04-15,0.015250284308996997
2002-04-16,0.06280679127729738
2002-04-17,0.0
2002-04-18,0.0
2002-04-19,0.0
2002-04-22,-0.029453893298307166
2002-04-23,0.026330570704077072
2002-04-24,0.05170854032136307
2002-04-25,-0.05335872282450249
2002-04-26,0.020758840159641245
2002-04-29,0.002762334229477581
2002-04-30,-0.015030120835788585
2002-05-01,0.0032668712128709476
2002-05-02,0.023256137730067294
2002-05-03,-0.0023562976412977443
2002-05-06,-0.025306093184164435
2002-05-07,0.04846901764674194
2002-05-08,0.13066784205619109
2002-05-09,0.0
2002-05-10,0.0
2002-05-13,0.0
2002-05-14,0.1311911519151827
2002-05-15,0.0
2002-05-16,0.0
2002-05-17,0.0
2002-05-20,0.0010472714528937388
2002-05-21,0.029386830162319466
2002-05-22,-0.010560582337516666
2002-05-23,0.009287500805840176
2002-05-24,-0.03148099209544175
2002-05-28,0.030200884354038893
2002-05-29,-0.035883992701332246
2002-05-30,-0.04278716771295821
2002-05-31,0.0067113793713793335
2002-06-03,-0.02015043804876171
2002-06-04,-0.004234812201828531
2002-06-05,-0.0017797166385388197
2002-06-06,-0.026035288748596286
2002-06-07,-0.18431688331008178
2002-06-10,0.013485020471129427
2002-06-11,0.026427986986269136
2002-06-12,-0.0008482159819592772
2002-06-13,-0.009261559440944866
2002-06-14,-0.040452285989909575
2002-06-17,0.044705442572821275
2002-06-18,-0.011069156773986899
2002-06-19,-0.16187085404265233
2002-06-20,-0.0024329238291136424
2002-06-21,-0.02279573283076408
2002-06-24,-0.03066844278431846
2002-06-25,0.05686881872718996
2002-06-26,-0.17536998261253278
2002-06-27,0.08181768743851081
2002-06-28,0.0
2002-07-01,0.0
2002-07-02,0.0
2002-07-03,-0.0454695362690728
2002-07-05,0.14556118636616433
2002-07-08,0.0
2002-07-09,0.0
2002-07-10,0.0
2002-07-11,-0.018288528594620046
2002-07-12,0.06413016039924901
2002-07-15,0.0
2002-07-16,0.0
2002-07-17,0.0
2002-07-18,-0.06250579299200087
2002-07-19,-0.03557819091649583
2002-07-22,-0.0019677693448275635
2002-07-23,0.03295693659637711
2002-07-24,-0.03405324492200812
2002-07-25,-0.08114831717646798
2002-07-26,0.04532182059257095
2002-07-29,0.07428023290946517
2002-07-30,0.0
2002-07-31,0.0
2002-08-01,0.0
2002-08-02,0.02130584183880524
2002-08-05,0.027952321241837108
2002-08-06,0.08711925916525876
2002-08-07,0.0
2002-08-08,0.0
2002-08-09,0.0
2002-08-12,-0.03974092767095183
2002-08-13,0.002172566748061433
2002-08-14,0.013365982342466998
2002-08-15,0.019745716303403382
2002-08-16,-0.03563078765703298
2002-08-19,0.04308027399088332
2002-08-20,-0.014345649479720057
2002-08-21,0.06801943559817891
2002-08-22,0.0
2002-08-23,0.0
2002-08-26,0.0
2002-08-27,0.015622697782591732
2002-08-28,-0.027073845579814626
2002-08-29,-0.05803783941776697
2002-08-30,-0.019502510887149827
2002-09-03,-0.060176546266753284
2002-09-04,0.015414680655428947
2002-09-05,-0.03950271419706419
2002-09-06,0.09318100214441971
2002-09-09,0.0
2002-09-10,0.0
2002-09-11,0.0
2002-09-12,-0.04390145132254131
2002-09-13,-0.05519013080229063
2002-09-16,-0.011013898341461603
2002-09-17,0.07307932419660834
2002-09-18,0.0
2002-09-19,0.0
2002-09-20,0.0
2002-09-23,-0.06461466415287431
2002-09-24,-0.04906079512644779
2002-09-25,0.06222400991252486
2002-09-26,0.0
2002-09-27,0.0
2002-09-30,0.0
2002-10-01,0.033230438317681577
2002-10-02,0.001888652099606869
2002-10-03,-0.12482999517943483
2002-10-04,0.015054167057980461
2002-10-07,-0.006427940258603382
2002-10-08,0.051741880107095906
2002-10-09,-0.02182191419755619
2002-10-10,0.0054456028057172645
2002-10-11,0.11355680585918448
2002-10-14,0.0
2002-10-15,0.0
2002-10-16,0.0
2002-10-17,0.2978326244938039
2002-10-18,0.0
2002-10-21,0.0
2002-10-22,0.0
2002-10-23,0.010531108325633864
2002-10-24,0.04792684615620835
2002-10-25,-0.046045059264893884
2002-10-28,0.09482463174028499
2002-10-29,0.0
2002-10-30,0.0
2002-10-31,0.0
2002-11-01,-0.010260411944957193
2002-11-04,0.03482197452138602
2002-11-05,-0.0034061181130761176
2002-11-06,0.01925480508554145
2002-11-07,-0.030854870622217145
2002-11-08,0.0003330870518667428
2002-11-11,-0.007506651798964925
2002-11-12,0.007346111869774186
2002-11-13,-0.01843243877209455
2002-11-14,0.05553637650566512
2002-11-15,-0.04793320195210049
2002-11-18,0.005625032547731168
2002-11-19,0.003143313088427302
2002-11-20,0.00359614599798852
2002-11-21,0.003712887941258458
2002-11-22,-0.010307155292308301
2002-11-25,0.002836777253151901
2002-11-26,-0.010985396828934735
2002-11-27,0.034366359326596374
2002-11-29,0.025386503108302483
2002-12-02,0.036567277294552225
2002-12-03,0.012636081591104631
2002-12-04,-0.06490279589506287
2002-12-05,0.02310690301234808
2002-12-06,-0.025114010261782505
2002-12-09,-0.010909424179163296
2002-12-10,0.05541877555266095
2002-12-11,0.022429151258118063
2002-12-12,-0.002756151658334982
2002-12-13,0.019764673461602822
2002-12-16,-0.001271438669633418
2002-12-17,-0.006533831006926838
2002-12-18,-0.016433774509322707
2002-12-19,0.005734254153187068
2002-12-20,0.006121855219213712
2002-12-23,-0.0008625794529342201
2002-12-24,0.003798596489945183
2002-12-26,-0.010157348870448946
2002-12-27,-0.0034461413587572043
2002-12-30,-0.025723063839301896
2002-12-31,-0.01677536246572875
2003-01-02,0.053956746465605665
2003-01-03,0.010970003404040085
2003-01-06,0.014745616965919472
2003-01-07,0.08465525852687161
2003-01-08,0.0
2003-01-09,0.0
2003-01-10,0.0
2003-01-13,0.04691090472305626
2003-01-14,-0.026086406800531647
2003-01-15,0.0005344663370958624
2003-01-16,-0.013429004092140984
2003-01-17,-0.020358644733579956
2003-01-21,0.03954324134487819
2003-01-22,-0.03350556065915922
2003-01-23,0.017728487502730594
2003-01-24,0.013319609147988132
2003-01-27,-0.0178987754586708
2003-01-28,0.028239567356720396
2003-01-29,-0.027118692027524927
2003-01-30,0.003115097122736721
2003-01-31,0.09954529147538493
2003-02-03,0.0
2003-02-04,0.0
2003-02-05,0.0
2003-02-06,0.0386486102176391
2003-02-07,0.0388684399236201
2003-02-10,-0.007241924624931229
2003-02-11,-0.012739886004141443
2003-02-12,0.0009221327070552121
2003-02-13,0.012976272978522552
2003-02-14,0.09118534763847341
2003-02-18,0.0
2003-02-19,0.0
2003-02-20,0.0
2003-02-21,0.016994136267261206
2003-02-24,-0.003974097640978336
2003-02-25,-0.04070081922214175
2003-02-26,-0.017812070235934674
2003-02-27,0.0064314936304632475
2003-02-28,0.001143245096412393
2003-03-03,0.016878493310384268
2003-03-04,-0.007229417847978814
2003-03-05,-0.010884592943335991
2003-03-06,-0.0065570185661482094
2003-03-07,-0.04065031614003667
2003-03-10,-0.006936821017267558
2003-03-11,0.011397029587966179
2003-03-12,-0.00883680745215465
2003-03-13,0.05151867364250595
2003-03-14,-0.008058847813686598
2003-03-17,-0.030568709526952342
2003-03-18,0.014233678843193154
2003-03-19,0.0189811182437849
2003-03-20,0.000818221576573297
2003-03-21,0.07727210508030469
2003-03-24,0.0
2003-03-25,0.0
2003-03-26,0.0
2003-03-27,-0.023648565282446077
2003-03-28,-0.013778086619360419
2003-03-31,-0.06457650171787566
2003-04-01,0.019408666568065724
2003-04-02,0.06885907660845736
2003-04-03,0.0
2003-04-04,0.0
2003-04-07,0.0
2003-04-08,-0.0034112329995810153
2003-04-09,-0.00879009094383676
2003-04-10,0.018636103381743707
2003-04-11,0.01925558086432977
2003-04-14,-0.009928936612972339
2003-04-15,-0.03879916143250206
2003-04-16,0.04293803129497986
2003-04-17,-0.03341075702981833
2003-04-21,0.026038197035616273
2003-04-22,0.006351923724699393
2003-04-23,0.004496649873859226
2003-04-24,-0.00033185742255947837
2003-04-25,-0.003792529266691158
2003-04-28,-0.00287008831517932
2003-04-29,0.03579673553067497
2003-04-30,-0.0037080639754321076
2003-05-01,-0.008128062872095998
2003-05-02,0.007907862915656594
2003-05-05,0.02135598937533212
2003-05-06,-0.0037752928485215165
2003-05-07,-0.028402364132407154
2003-05-08,-0.021930178741005335
2003-05-09,0.1270294106993728
2003-05-12,0.0
2003-05-13,0.0
2003-05-14,0.0
2003-05-15,0.022671291001212568
2003-05-16,-0.006835129174607046
2003-05-19,-0.04203201438732129
2003-05-20,0.032089197029283145
2003-05-21,-0.013559281916624588
2003-05-22,0.014138914128774438
2003-05-23,0.022605931824147163
2003-05-27,-0.03158692247371153
2003-05-28,0.025396256678889895
2003-05-29,0.007624568961967171
2003-05-30,0.08339165904161505
2003-06-02,0.0
2003-06-03,0.0
2003-06-04,0.0
2003-06-05,-0.015601397237622106
2003-06-06,0.05199469997649886
2003-06-09,-0.015363486129462589
2003-06-10,-0.019508447493318815
2003-06-11,-0.01672974659931492
2003-06-12,0.004883038571953824
2003-06-13,-0.05212607042948225
2003-06-16,0.02241985458297724
2003-06-17,0.03165697827345437
2003-06-18,-0.03451011105406798
2003-06-19,-0.001995677316230071
2003-06-20,0.024053230304032835
2003-06-23,-0.00465007816469809
2003-06-24,-0.016213827613890563
2003-06-25,0.019621637547447612
2003-06-26,0.007873982183754569
2003-06-27,0.019581610289299833
2003-06-30,0.028461651182118075
2003-07-01,-0.002748756410987818
2003-07-02,0.05412309897192524
2003-07-03,-0.030474468737533345
2003-07-07,0.012634930186523174
2003-07-08,-0.01424142522031635
2003-07-09,0.003126022899639702
2003-07-10,-0.042570342848345044
2003-07-11,0.00402527160315258
2003-07-14,0.045964761440823176
2003-07-15,-0.019422013426429352
2003-07-16,0.028120172990214076
2003-07-17,-0.0631846382762905
2003-07-18,0.010615894324399466
2003-07-21,0.00523889044357051
2003-07-22,0.029751245582849473
2003-07-23,-0.03625871191184571
2003-07-24,0.056876343745582814
2003-07-25,-0.00017762343016369808
2003-07-28,0.011534914056335221
2003-07-29,0.04836016857004122
2003-07-30,-0.00699477684731542
2003-07-31,0.025249961081005523
2003-08-01,-0.009547030548479496
2003-08-04,-0.013069915938058507
2003-08-05,0.02803381500836366
2003-08-06,-0.00018414867383120814
2003-08-07,-0.02852906105434283
2003-08-08,-0.0809224659978467
2003-08-11,0.01752720280136999
2003-08-12,0.0033769549878419625
2003-08-13,0.0022115298324438815
2003-08-14,-0.02450330075002749
2003-08-15,-0.006624767061885306
2003-08-18,0.017579726794360706
2003-08-19,0.026794503234093492
2003-08-20,-0.03970223719314081
2003-08-21,0.03160519803918738
2003-08-22,0.05306498411402627
2003-08-25,0.007669469783098126
2003-08-26,-0.01785188917545999
2003-08-27,0.009812605250658635
2003-08-28,0.009832673645823409
2003-08-29,-0.005742375550467971
2003-09-02,0.017766495884319777
2003-09-03,0.024476718550249243
2003-09-04,-0.0068872650789773004
2003-09-05,-0.008112176567967588
2003-09-08,0.004555294522833764
2003-09-09,-0.009457718862725839
2003-09-10,-0.025567633719950744
2003-09-11,0.0013618246256994482
2003-09-12,0.00518761533890677
2003-09-15,0.015794969032608464
2003-09-16,0.009333868240967158
2003-09-17,-0.0010970129560901043
2003-09-18,-0.012333648470502445
2003-09-19,0.0022148380872777373
2003-09-22,-0.05726960273515225
2003-09-23,0.013236609083530748
2003-09-24,0.018653102234930108
2003-09-25,0.013589261672994457
2003-09-26,-0.023994540605293047
2003-09-29,0.0369165726710905
2003-09-30,-0.04686967427616362
2003-10-01,0.01516530027296814
2003-10-02,0.0001839216535026722
2003-10-03,0.09746413690577338
2003-10-06,0.0
2003-10-07,0.0
2003-10-08,0.0
2003-10-09,0.04350035458452561
2003-10-10,0.01299885537817036
2003-10-13,0.008594702149773648
2003-10-14,-0.03384700229991833
2003-10-15,0.08082069073164888
2003-10-16,0.0
2003-10-17,0.0
2003-10-20,0.0
2003-10-21,0.020417814464952277
2003-10-22,-0.03285802938626281
2003-10-23,-0.04030557889395203
2003-10-24,0.007591161478332831
2003-10-27,0.05194647035995903
2003-10-28,0.07800134294804772
2003-10-29,0.0
2003-10-30,0.0
2003-10-31,0.0
2003-11-03,0.04029098619541993
2003-11-04,-0.01672639623855099
2003-11-05,-0.0041389510658152995
2003-11-06,0.031964676777368695
2003-11-07,0.0023810179715939572
2003-11-10,-0.030413509296544183
2003-11-11,-0.007134200215991093
2003-11-12,0.019476730185093993
2003-11-13,-0.013774581191250745
2003-11-14,-0.012031463736132952
2003-11-17,-0.033638141628135165
2003-11-18,0.024379802113732474
2003-11-19,0.008872185423122625
2003-11-20,-0.06273049037330847
2003-11-21,0.03279270924461963
2003-11-24,0.012723306682643543
2003-11-25,0.02410470827769684
2003-11-26,0.02243421559459824
2003-11-28,-0.0012304469316148925
2003-12-01,0.029266194412819857
2003-12-02,0.01724761879555614
2003-12-03,0.027621743424744327
2003-12-04,0.021633425315087162
2003-12-05,-0.0484882317752402
2003-12-08,-0.011104021584995682
2003-12-09,0.03272323451618253
2003-12-10,-0.012889894016610559
2003-12-11,0.009722944759444907
2003-12-12,0.016968193046198232
2003-12-15,0.05696446275114586
2003-12-16,0.0067715159704131445
2003-12-17,-0.008025728746757221
2003-12-18,0.021448424952191347
2003-12-19,0.006932824119003422
2003-12-22,-0.012810879380199092
2003-12-23,0.0004603620135774644
2003-12-24,-0.0008568999312875691
2003-12-26,0.002165822569335951
2003-12-29,0.014830292287555613
2003-12-30,0.007812340304850673
2003-12-31,0.002209286173024738
2004-01-02,0.02869682596916112
2004-01-05,0.023257256926020098
2004-01-06,0.0037174467664793376
2004-01-07,0.00842772417784765
2004-01-08,0.05018900759472533
2004-01-09,-0.013552575355054608
2004-01-12,0.005359809276684002
2004-01-13,0.013725130688225562
2004-01-14,0.0073352926470227064
2004-01-15,-0.027517187580159197
2004-01-16,0.022088054113373
2004-01-20,0.02761441335175796
2004-01-21,-0.04666367186821074
2004-01-22,-0.006403705804833848
2004-01-23,0.015885765078290204
2004-01-26,0.0018185015955844985
2004-01-27,-0.0014358695195199056
2004-01-28,0.033772233602274104
2004-01-29,0.01341119915038358
2004-01-30,0.0066612088039865736
2004-02-02,0.03257360676947085
2004-02-03,0.0008582921038093883
2004-02-04,-0.022681170922653315
2004-02-05,0.02025528270983723
2004-02-06,0.016314301158713018
2004-02-09,0.017167225660758456
2004-02-10,0.007915654266066774
2004-02-11,0.0004633364312378596
2004-02-12,0.006892141444058586
2004-02-13,0.02385208328726307
2004-02-17,0.05029876039940917
2004-02-18,0.007618242371983719
2004-02-19,0.05751323404204367
2004-02-20,-0.017062666753000277
2004-02-23,-0.03335869979453476
2004-02-24,-0.08389225739708417
2004-02-25,0.018373857271425154
2004-02-26,-0.008874143819366132
2004-02-27,0.018143509157359627
2004-03-01,-0.01462042847925793
2004-03-02,-0.0212497434658242
2004-03-03,-0.02372868497700542
2004-03-04,0.023604814936038165
2004-03-05,-0.02257564748712204
2004-03-08,0.06147220707862444
2004-03-09,0.0
2004-03-10,0.0
2004-03-11,0.0
2004-03-12,0.023441951258819982
2004-03-15,0.010545389741370537
2004-03-16,0.03807228555950326
2004-03-17,0.015356365339259215
2004-03-18,0.011526271135949395
2004-03-19,0.007216045531668103
2004-03-22,-0.019322003698905243
2004-03-23,0.037381361244295475
2004-03-24,-0.005953873896491824
2004-03-25,0.028615982813096963
2004-03-26,-0.0029260577194589743
2004-03-29,0.08592262827159813
2004-03-30,0.0
2004-03-31,0.0
2004-04-01,0.0
2004-04-02,0.042812173794271935
2004-04-05,-0.020139303871525183
2004-04-06,-0.03890353413867498
2004-04-07,-0.0005622778973813913
2004-04-08,0.02970219040446076
2004-04-12,0.0052793585979498125
2004-04-13,0.011792567538024379
2004-04-14,-0.04245690798160484
2004-04-15,-0.022917581316239777
2004-04-16,0.006520030145424682
2004-04-19,0.0064440045167708515
2004-04-20,0.008616291186769542
2004-04-21,0.0024280041045170453
2004-04-22,-0.024943207871947592
2004-04-23,0.029484302009635366
2004-04-26,0.015654406252052278
2004-04-27,0.014979234171217826
2004-04-28,-0.02060717174695903
2004-04-29,-0.014313356507906438
2004-04-30,0.00973376733670328
2004-05-03,0.04331054033205284
2004-05-04,0.01713235210482611
2004-05-05,0.013749173932991132
2004-05-06,0.002973812379908347
2004-05-07,0.02140734503212638
2004-05-10,-0.01826248266432129
2004-05-11,0.022820008297584682
2004-05-12,-0.017152428285825083
2004-05-13,-0.012709376703003539
2004-05-14,0.006115604320166446
2004-05-17,-0.021152897144712024
2004-05-18,0.02398048285423049
2004-05-19,0.050484700819331874
2004-05-20,0.0011580447694810037
2004-05-21,0.02261153104093716
2004-05-24,0.014492222430970925
2004-05-25,0.0005393243579003837
2004-05-26,0.00013113696140898412
2004-05-27,0.020341737839987717
2004-05-28,0.015414692419843501
2004-06-01,-0.018840368513802663
2004-06-02,0.01839697270350582
2004-06-03,-0.012241041956768228
2004-06-04,0.039126730005475396
2004-06-07,0.020267498877321932
2004-06-08,-0.0034130838411218223
2004-06-09,0.0020877608937364123
2004-06-10,0.026549573890393807
2004-06-14,-0.0035228274387184566
2004-06-15,0.032368062848598944
2004-06-16,-0.00997564746434898
2004-06-17,-0.009313253142712696
2004-06-18,-0.031422073885362445
2004-06-21,0.006622299134889875
2004-06-22,0.015356230967441098
2004-06-23,0.012349357639045877
2004-06-24,0.008051806381049076
2004-06-25,0.015306967345122935
2004-06-28,0.02442698750113914
2004-06-29,0.023193133683651057
2004-06-30,-0.016825403687912854
2004-07-01,0.007056507550403435
2004-07-02,0.0009337132932012437
2004-07-06,-0.04154893494376721
2004-07-07,0.008909261787696243
2004-07-08,-0.017903106819287307
2004-07-09,0.013419892744557238
2004-07-12,-0.036001344360937715
2004-07-13,0.018400599916891247
2004-07-14,-0.0849338150687785
2004-07-15,0.01266538371026682
2004-07-16,0.037718411759708026
2004-07-19,0.00024330427488661321
2004-07-20,0.008392743323500262
2004-07-21,0.03347729532932697
2004-07-22,0.008922769724432733
2004-07-23,-0.015028100101636022
2004-07-26,0.015449971525161477
2004-07-27,0.003547480224964872
2004-07-28,-0.015328645678137076
2004-07-29,0.019322316974126563
2004-07-30,-0.005212571295628243
2004-08-02,-0.017019263466198864
2004-08-03,-0.004347837153592882
2004-08-04,-0.008962051893968037
2004-08-05,0.0076856790752886095
2004-08-06,-0.22838030044308533
2004-08-09,0.022038877959239533
2004-08-10,0.04175351991265508
2004-08-11,-0.038639041262687024
2004-08-12,-0.01166481584391943
2004-08-13,0.014729353879679774
2004-08-16,-0.007619036505483345
2004-08-17,0.029028505327606036
2004-08-18,-0.002824506577701058
2004-08-19,-0.00455721914244589
2004-08-20,0.007031705592585702
2004-08-23,0.02360481654754687
2004-08-24,0.02423964048850258
2004-08-25,0.01537510833499467
2004-08-26,-0.024021932392373824
2004-08-27,0.006729880741851879
2004-08-30,-0.008183434763471054
2004-08-31,0.003877591877761377
2004-09-01,0.01066467050029285
2004-09-02,0.002570667571139884
2004-09-03,-0.04930671006654341
2004-09-07,0.022331232325992545
2004-09-08,-0.0024716484391980043
2004-09-09,0.03857993045341068
2004-09-10,-0.007845867935298734
2004-09-13,0.011062324014855962
2004-09-14,-0.009659340478539113
2004-09-15,-0.03198856093116664
2004-09-16,0.020599544829120076
2004-09-17,0.022636021765801262
2004-09-20,-0.026796392343079845
2004-09-21,0.029608931714258713
2004-09-22,-0.022407715613626422
2004-09-23,0.005727877338780107
2004-09-24,0.008622453919352235
2004-09-27,-0.019716928292724756
2004-09-28,-0.004155074654905722
2004-09-29,-0.0010713785607476822
2004-09-30,-0.007237206858339618
2004-10-01,0.016653118454296845
2004-10-04,0.022063804360903827
2004-10-05,-0.039062331367007874
2004-10-06,0.005311014788358381
2004-10-07,0.009595666981028206
2004-10-08,-0.020194656072495154
2004-10-11,-0.0011718225998665899
2004-10-12,-0.05034491221291604
2004-10-13,0.05236233024280179
2004-10-14,-0.004776081739879423
2004-10-15,0.015171854383089434
2004-10-18,-0.018105401366185325
2004-10-19,0.03731598551682258
2004-10-20,-0.010778236658088969
2004-10-21,0.02063762100572797
2004-10-22,0.014175901919482259
2004-10-25,-0.008523179433921668
2004-10-26,0.07793616315610019
2004-10-27,0.0
2004-10-28,0.0
2004-10-29,0.0
2004-11-01,0.011594581107247537
2004-11-02,0.007019414629768628
2004-11-03,0.04451047021666299
2004-11-04,0.005404577867398563
2004-11-05,0.0168535517939008
2004-11-08,0.010291870098630307
2004-11-09,-0.001839162419964735
2004-11-10,-0.008507947172553987
2004-11-11,0.010090159918246577
2004-11-12,-0.0024150049953105546
2004-11-15,0.0011749653132309135
2004-11-16,0.0075818693110156765
2004-11-17,0.017177543607242995
2004-11-18,0.005403283094145062
2004-11-19,0.03777782895100734
2004-11-22,-0.011886664977359906
2004-11-23,-0.006902032520944235
2004-11-24,0.0035981409660725827
2004-11-26,0.009768377645654525
2004-11-29,0.0026825354664627987
2004-11-30,0.0014140403178319882
2004-12-01,0.021037965709174156
2004-12-02,-0.015187635529907206
2004-12-03,0.015287473847575894
2004-12-06,-0.009386818926435558
2004-12-07,-0.014265776198978286
2004-12-08,-0.011237965725429566
2004-12-09,-0.01389383521269938
2004-12-10,-0.008144778012197706
2004-12-13,0.026027500992926056
2004-12-14,0.011538591410960253
2004-12-15,0.00039628207169606355
2004-12-16,-0.022166183030972064
2004-12-17,-0.00936952180009909
2004-12-20,0.016296305961101654
2004-12-21,0.00990693812238419
2004-12-22,0.0026225280168077347
2004-12-23,0.008230379222353923
2004-12-27,0.013089306531402167
2004-12-28,0.004433638848018395
2004-12-29,-0.006165147593355624
2004-12-30,0.002001691416643192
2004-12-31,0.012517229528513196
2005-01-03,0.03460744486851475
2005-01-04,-0.0032424582247021494
2005-01-05,-0.009824306934090865
2005-01-06,0.012561445608489707
2005-01-07,0.023137013485845292
2005-01-10,0.020073445842615945
2005-01-11,0.0033988087133249856
2005-01-12,0.014919100365134774
2005-01-13,-0.0030493135444484842
2005-01-14,0.015698855141258905
2005-01-18,-0.01050683928973739
2005-01-19,0.009352438712839195
2005-01-20,-0.02360290287251554
2005-01-21,0.007582685338135997
2005-01-24,-0.02748627829255923
2005-01-25,0.014846189223928885
2005-01-26,0.016345065057736585
2005-01-27,0.006297670498138341
2005-01-28,0.008899509161945263
2005-01-31,0.0329153473267485
2005-02-01,-0.003979953635156908
2005-02-02,0.030527175410591578
2005-02-03,-0.016932234308148053
2005-02-04,-0.002183972514168242
2005-02-07,0.003112250547500972
2005-02-08,-0.00335491816420741
2005-02-09,-0.03607463270946165
2005-02-10,0.010326489313740694
2005-02-11,0.00846699459285416
2005-02-14,0.015009970322946709
2005-02-15,0.019769971107166606
2005-02-16,-0.003561756630111934
2005-02-17,0.015240812072321308
2005-02-18,0.05078613682591904
2005-02-22,-0.01356087321362276
2005-02-23,0.004785988117165907
2005-02-24,-0.00877187765744425
2005-02-25,0.009706582324319646
2005-02-28,-0.0032536985929015882
2005-03-01,0.007269899487016396
2005-03-02,-0.01279527609882658
2005-03-03,0.005470625231796644
2005-03-04,0.022996143697559868
2005-03-07,0.0024613715302572725
2005-03-08,-0.015309682655637369
2005-03-09,-0.017555850173971432
2005-03-10,0.009990996044921818
2005-03-11,0.013023483434564165
2005-03-14,0.04432008154423084
2005-03-15,0.011466747553620982
2005-03-16,-0.08825768956899627
2005-03-17,0.00878802221884456
2005-03-18,0.06088023712074353
2005-03-21,0.0
2005-03-22,0.0
2005-03-23,0.0
2005-03-24,0.014799746683864745
2005-03-28,0.004186050909068539
2005-03-29,-0.00011115813013051756
2005-03-30,0.01113124829198009
2005-03-31,-0.0075955975778646545
2005-04-01,0.016577337976545925
2005-04-04,-0.0066929473097071535
2005-04-05,0.006338065208796095
2005-04-06,0.02064784754256266
2005-04-07,0.002396749150197275
2005-04-08,0.005277021554984218
2005-04-11,0.00483056554186545
2005-04-12,-0.003333373976492582
2005-04-13,-0.002411626441392478
2005-04-14,0.001820717185353704
2005-04-15,-0.037802706211603865
2005-04-18,-0.000560151836979994
2005-04-19,0.02570962362538398
2005-04-20,0.024417599664244394
2005-04-21,0.034801946206746814
2005-04-22,-0.0021350809786345737
2005-04-25,0.0389180503288431
2005-04-26,0.0042896478322962395
2005-04-27,-0.019100466368392688
2005-04-28,-0.012507231718487555
2005-04-29,0.016261564145473972
2005-05-02,0.007654958820716651
2005-05-03,-0.01253354568262166
2005-05-04,-0.008818342489237962
2005-05-05,0.003867984610197883
2005-05-06,0.027091462271599864
2005-05-09,0.0076430897428847455
2005-05-10,-0.001830396404704282
2005-05-11,0.0072908404921072645
2005-05-12,-0.0002089435240267834
2005-05-13,0.07206369502939736
2005-05-16,0.0
2005-05-17,0.0
2005-05-18,0.0
2005-05-19,0.004707439513027767
2005-05-20,0.003241895649094939
2005-05-23,0.011460095313919672
2005-05-24,-0.014683898984729993
2005-05-25,-0.007043452127876493
2005-05-26,0.00882688419376998
2005-05-27,-0.002331857299004203
2005-05-31,-0.003567889106338429
2005-06-01,-0.005853076359643272
2005-06-02,-0.002439900440876386
2005-06-03,-0.0003963823743641237
2005-06-06,-0.028691846919204123
2005-06-07,-0.00021599246691939022
2005-06-08,0.00956232540077151
2005-06-09,-0.009898787806356335
2005-06-10,0.0016069022481768336
2005-06-13,-0.005913325206516773
2005-06-14,-0.0018448946797935406
2005-06-15,0.011097072680455788
2005-06-16,0.00862049350566707
2005-06-17,0.0239197471314323
2005-06-20,-0.008027338512564763
2005-06-21,0.001239987777675422
2005-06-22,0.009511852794042985
2005-06-23,-0.0010669833305350096
2005-06-24,-0.001948714265101792
2005-06-27,-0.00903498271615033
2005-06-28,0.011390848666393394
2005-06-29,0.01808315324554788
2005-06-30,0.005003030282720422
2005-07-01,-0.005510155114896165
2005-07-05,-0.010905367584096992
2005-07-06,0.003324906251343185
2005-07-07,-0.03056305935695236
2005-07-08,0.006598135143941697
2005-07-11,0.021481862775813987
2005-07-12,0.0004889666798224557
2005-07-13,0.003512158633430129
2005-07-14,0.012563934669998167
2005-07-15,0.0026303869648971467
2005-07-18,-0.005190018211959302
2005-07-19,0.013501182432214875
2005-07-20,-0.015818021604485977
2005-07-21,-0.002495191447697387
2005-07-22,0.0066372836139036995
2005-07-25,-0.02331584905253259
2005-07-26,0.10158035668790122
2005-07-27,0.0
2005-07-28,0.0
2005-07-29,0.0
2005-08-01,-0.018893715080962936
2005-08-02,-0.008150268997553445
2005-08-03,-0.009939160545135883
2005-08-04,-0.006563184931092758
2005-08-05,-0.004351818204796132
2005-08-08,0.014964944126575341
2005-08-09,0.07263532497843617
2005-08-10,0.0
2005-08-11,0.0
2005-08-12,0.0
2005-08-15,-0.0018731310746415986
2005-08-16,-0.0003393775927350573
2005-08-17,-0.011416933156302878
2005-08-18,-0.02299185183742447
2005-08-19,-0.005199690567473714
2005-08-22,0.003303371207482586
2005-08-23,0.003432844685227865
2005-08-24,-0.007062046006038325
2005-08-25,0.020148279605229913
2005-08-26,-0.02505809037184603
2005-08-29,-0.028100256569175697
2005-08-30,-0.001296207095290769
2005-08-31,0.008470640320098921
2005-09-01,-0.010163924118444134
2005-09-02,0.01732314837868798
2005-09-06,0.005478914044630079
2005-09-07,-0.0007892066088877048
2005-09-08,0.0021968041830611185
2005-09-09,0.018694198488102165
2005-09-12,0.009625901998125075
2005-09-13,-0.003726663495912663
2005-09-14,-0.0040342070058919655
2005-09-15,-0.005354691844350112
2005-09-16,0.009352335090261121
2005-09-19,0.00286504575914992
2005-09-20,0.008698910958394146
2005-09-21,-0.012805744949600295
2005-09-22,-0.004492118947009294
2005-09-23,0.004934473647746573
2005-09-26,0.010321564577904896
2005-09-27,0.00455839484338072
2005-09-28,0.016123034978825057
2005-09-29,0.01770768307143955
2005-09-30,0.003653297462178573
2005-10-03,0.007449997060616331
2005-10-04,0.016766199433792428
2005-10-05,-0.008904133548605642
2005-10-06,-0.004576641246381241
2005-10-07,0.013958547203925864
2005-10-10,0.01351460604067789
2005-10-11,0.008027159106286597
2005-10-12,0.03355468320432631
2005-10-13,0.002972399737342535
2005-10-14,0.02269585949951103
2005-10-17,0.0030663652722993096
2005-10-18,-0.0030696910051221105
2005-10-19,-0.01350207369026557
2005-10-20,-0.02534870941861822
2005-10-21,0.007283143865155051
2005-10-24,0.006080461498856993
2005-10-25,-0.0014429713971476632
2005-10-26,-0.0067542678207946905
2005-10-27,0.024520463920968627
2005-10-28,0.013262897606480584
2005-10-31,-0.030382067540158042
2005-11-01,-0.010191008261327017
2005-11-02,0.007892415105106299
2005-11-03,0.02349170598270134
2005-11-04,0.0036229954552922106
2005-11-07,0.01518354058557203
2005-11-08,-0.004157839564650101
2005-11-09,0.002490412537918152
2005-11-10,0.029205447265431728
2005-11-11,0.004162160367788603
2005-11-14,-0.013967907527167922
2005-11-15,0.027727458407469596
2005-11-16,-0.007313698911654343
2005-11-17,0.014783929375205451
2005-11-18,0.013414582311208179
2005-11-21,0.024145770480903384
2005-11-22,0.01577326463650186
2005-11-23,0.008204233736631261
2005-11-25,0.017203795329600258
2005-11-28,0.006229458769133389
2005-11-29,-0.040165036014330746
2005-11-30,-0.006862068847376612
2005-12-01,0.02336948892868418
2005-12-02,0.009518044743089371
2005-12-05,-0.012852043167742133
2005-12-06,0.005230603215985452
2005-12-07,0.009145299865240375
2005-12-08,0.004429228652059303
2005-12-09,0.013104481288661818
2005-12-12,0.01755037759455158
2005-12-13,0.0001367173044874992
2005-12-14,-0.0008712006640555492
2005-12-15,0.0015745843053387443
2005-12-16,0.01327529530429028
2005-12-19,0.006738812315798315
2005-12-20,0.0007463777931338011
2005-12-21,3.386771799052113e-05
2005-12-22,0.011874992376319726
2005-12-23,0.008802064598796955
2005-12-27,0.0020926790926316663
2005-12-28,0.004405891427510911
2005-12-29,-0.004376128129751855
2005-12-30,-0.012053238466721128
2006-01-03,0.03299432072222541
2006-01-04,0.006592662955955841
2006-01-05,0.0029193316023317095
2006-01-06,0.01625273375758085
2006-01-09,0.009573227164120235
2006-01-10,0.010469041548769376
2006-01-11,0.03209059975642892
2006-01-12,0.008529189119858227
2006-01-13,-0.015505847567624631
2006-01-17,-0.034142668604060455
2006-01-18,-0.033562438166787834
2006-01-19,0.08600976622758716
2006-01-20,0.0
2006-01-23,0.0
2006-01-24,0.0
2006-01-25,0.028216196966214913
2006-01-26,0.020977388231838923
2006-01-27,0.04470790276672543
2006-01-30,-0.021244602880797436
2006-01-31,0.002776249379803142
2006-02-01,-0.018959525981699588
2006-02-02,-0.005838384241512062
2006-02-03,0.0004242090045514235
2006-02-06,0.01063344492296725
2006-02-07,0.04123053569103963
2006-02-08,0.011534456341989463
2006-02-09,0.00979413739505608
2006-02-10,-0.0010019349204701822
2006-02-13,-0.01577759327847772
2006-02-14,0.0125417718759957
2006-02-15,-0.00671855183079495
2006-02-16,0.015530353747363002
2006-02-17,-0.031232741513024687
2006-02-21,0.006447650256811377
2006-02-22,0.0030911601922996024
2006-02-23,-0.002760736258562213
2006-02-24,0.009196978169875303
2006-02-27,0.011433745457588795
2006-02-28,0.005464868927501865
2006-03-01,0.010483592437721345
2006-03-02,0.00019921835051928127
2006-03-03,0.005076260591557746
2006-03-06,0.006285486398812656
2006-03-07,0.000544547348940494
2006-03-08,-0.020446459386274096
2006-03-09,-0.05132541438951266
2006-03-10,-0.00910931977489593
2006-03-13,-0.0030933988100440013
2006-03-14,-0.007673370860699191
2006-03-15,0.010496397022125459
2006-03-16,0.0166804565156613
2006-03-17,0.006568178248490986
2006-03-20,0.006891970144424109
2006-03-21,-0.057135200391396856
2006-03-22,-0.009664375669311887
2006-03-23,0.011817070163909982
2006-03-24,0.0049847452228459765
2006-03-27,0.001199003729931425
2006-03-28,-0.003914539903003389
2006-03-29,0.006752548403510472
2006-03-30,0.003119856717113123
2006-03-31,0.003434138998313685
2006-04-03,-0.008291822732354626
2006-04-04,-0.007092687427937228
2006-04-05,-0.019556424719307963
2006-04-06,0.002554890797129339
2006-04-07,0.004076403460201883
2006-04-10,0.009297728485782475
2006-04-11,0.002927409805530523
2006-04-12,0.018202778577623757
2006-04-13,-0.016365354379632824
2006-04-17,0.001791031393117981
2006-04-18,-0.009732276994432354
2006-04-19,-0.010856399789761495
2006-04-20,-0.005109215026555702
2006-04-21,0.007024944104625064
2006-04-24,0.0060698242034427086
2006-04-25,-0.0038604003118718477
2006-04-26,0.03378463986444258
2006-04-27,-0.021114245311690816
2006-04-28,0.01450395178017061
2006-05-01,0.01810067227803125
2006-05-02,0.00938491026375976
2006-05-03,-0.007969505851681769
2006-05-04,-0.004504315964733885
2006-05-05,0.014849490166694457
2006-05-08,-0.005152594500595908
2006-05-09,-0.007509146506702424
2006-05-10,-0.01475338784316571
2006-05-11,0.012257750473695372
2006-05-12,-0.01727033757608354
2006-05-15,-0.006324048929532533
2006-05-16,0.002400298711448423
2006-05-17,-0.0024468824740485617
2006-05-18,0.00945150252847804
2006-05-19,0.0823668703160898
2006-05-22,0.0
2006-05-23,0.0
2006-05-24,0.0
2006-05-25,0.0303101546352742
2006-05-26,0.00724387498985668
2006-05-30,-0.0067959323249034975
2006-05-31,0.024259326238327716
2006-06-01,0.004151337465020832
2006-06-02,0.013514315049304448
2006-06-05,-0.0011001334000315666
2006-06-06,0.009385450094818726
2006-06-07,0.012710297085785527
2006-06-08,-0.018003135637983503
2006-06-09,0.0242799685647066
2006-06-12,-0.010305868025120124
2006-06-13,-0.007803944834413823
2006-06-14,0.026888906984490868
2006-06-15,0.03434563481407271
2006-06-16,-0.0027637787554324333
2006-06-19,0.016516616656516936
2006-06-20,-0.02016011820363972
2006-06-21,-0.00483931511029545
2006-06-22,0.014593843085200175
2006-06-23,0.005376944194762423
2006-06-26,0.004881898845449095
2006-06-27,0.005974623443073979
2006-06-28,0.007473144172404078
2006-06-29,-0.025248417965587633
2006-06-30,0.006501138912233806
2006-07-03,0.016982468591774325
2006-07-05,-0.018353668229706188
2006-07-06,0.006519985513461446
2006-07-07,-0.030399046520653172
2006-07-10,0.0068643103956582685
2006-07-11,-0.009650434027193344
2006-07-12,-0.0029890689591205444
2006-07-13,-0.018850442341469376
2006-07-14,0.014605577274197978
2006-07-17,-0.012585393882511009
2006-07-18,0.017080294796899986
2006-07-19,0.009204415500410068
2006-07-20,0.03804212611584612
2006-07-21,-0.1044593073178951
2006-07-24,0.0046926333109917895
2006-07-25,0.01581158480201794
2006-07-26,0.0012231803558531151
2006-07-27,0.02169230513050091
2006-07-28,0.014127812496961711
2006-07-31,-0.009624610593791938
2006-08-01,-0.0026116107713356485
2006-08-02,0.023362949935972877
2006-08-03,-0.0070919623866969594
2006-08-04,0.04000076318286272
2006-08-07,-0.02378905570360612
2006-08-08,0.0064602135510678504
2006-08-09,0.042566356299053476
2006-08-10,-0.00922863926735451
2006-08-11,-0.05664826851964011
2006-08-14,0.01839975325367882
2006-08-15,0.04341985549193472
2006-08-16,0.017015176642986907
2006-08-17,-0.0028357313608260437
2006-08-18,-0.020421749411964507
2006-08-21,-0.021261331626424962
2006-08-22,0.012219993878406443
2006-08-23,0.00884160262557776
2006-08-24,0.017306092077502777
2006-08-25,-0.006489813075645223
2006-08-28,0.01381599000640188
2006-08-29,0.007163912101030068
2006-08-30,0.007549895184917554
2006-08-31,0.0012941431551218852
2006-09-01,0.0009456080172081105
2006-09-05,0.0028935326379204707
2006-09-06,-0.022869501641102907
2006-09-07,-0.013957869931504496
2006-09-08,0.012910766195240564
2006-09-11,-0.018226599281695233
2006-09-12,-0.005358589317800977
2006-09-13,0.005301509563118145
2006-09-14,-0.008845682777401831
2006-09-15,0.013177065096670493
2006-09-18,0.003256420358957568
2006-09-19,-0.005975808032891772
2006-09-20,0.022134752048004414
2006-09-21,0.005419729664343231
2006-09-22,-0.00831288508872885
2006-09-25,0.01314071725391086
2006-09-26,0.001068266060769485
2006-09-27,0.000747422371676576
2006-09-28,-0.01532758819165414
2006-09-29,0.005006241868489303
2006-10-02,0.0016479029814477908
2006-10-03,-0.012213967293546624
2006-10-04,-0.0036716169746578986
2006-10-05,-0.00840328203748697
2006-10-06,-0.009576362003572259
2006-10-09,-0.010001887925771169
2006-10-10,0.007516166561102766
2006-10-11,0.0021510414401255673
2006-10-12,0.010913968294522514
2006-10-13,0.0025305988822637016
2006-10-16,0.011331125310557688
2006-10-17,-0.015103061899257142
2006-10-18,0.010845645125810544
2006-10-19,0.036304794186563516
2006-10-20,0.00046453350144459726
2006-10-23,-0.013280700136512058
2006-10-24,-0.019232858653011053
2006-10-25,0.0003793822248905343
2006-10-26,-0.030666269947573932
2006-10-27,-0.012213584778899444
2006-10-30,-0.008558758658872234
2006-10-31,0.008071589411960067
2006-11-01,0.034434358989534175
2006-11-02,-0.010087648129268212
2006-11-03,0.0009432495473482572
2006-11-06,0.011937501973760423
2006-11-07,0.0032607426607784706
2006-11-08,-0.018449039211739016
2006-11-09,0.01382186326119128
2006-11-10,-0.0057050503464715074
2006-11-13,-0.0013908681386193278
2006-11-14,-0.01853716604873168
2006-11-15,0.007292637464144658
2006-11-16,0.012048708257755392
2006-11-17,-0.006876755716550997
2006-11-20,-0.00678821869113011
2006-11-21,0.0018276329464139707
2006-11-22,0.0009782183344255735
2006-11-24,-0.015447124638728216
2006-11-27,-0.006176477048785767
2006-11-28,0.003355110349251067
2006-11-29,0.013553016737139156
2006-11-30,0.0016636918881212104
2006-12-01,-0.00302643632236832
2006-12-04,0.010471076351236563
2006-12-05,-0.0005855568141178713
2006-12-06,-0.007366636778997848
2006-12-07,0.005545676980730274
2006-12-08,-7.723860064035026e-05
2006-12-11,0.0039959774618245625
2006-12-12,-0.005552665352483888
2006-12-13,0.023229233533392568
2006-12-14,0.0030801798489981103
2006-12-15,0.009816327476376507
2006-12-18,-0.009228450833727697
2006-12-19,-0.012096647756600909
2006-12-20,0.002498908779110298
2006-12-21,-0.0017070414913761267
2006-12-22,0.0017021378139594479
2006-12-26,-0.00023038856922230622
2006-12-27,-0.017891990046773998
2006-12-28,-0.012880228884353695
2006-12-29,0.024761452797293693
2007-01-03,0.011495752707093132
2007-01-04,0.0009363476909123314
2007-01-05,-0.006553359352287624
2007-01-08,0.002264101516610495
2007-01-09,0.00395797562313116
2007-01-10,-0.011462864604931622
2007-01-11,0.005404325329900095
2007-01-12,0.00047402458081213794
2007-01-16,-0.008779427569955311
2007-01-17,-0.004786758355891152
2007-01-18,-0.0002353869827007582
2007-01-19,-0.0021630143268692725
2007-01-22,0.0003204009006947395
2007-01-23,-0.004604273473492904
2007-01-24,0.009145227350657592
2007-01-25,0.004928002102224216
2007-01-26,-0.004415009272803694
2007-01-29,-0.000910329201896154
2007-01-30,0.10207547465552946
2007-01-31,0.0
2007-02-01,0.0
2007-02-02,0.0
2007-02-05,-0.007693763061329517
2007-02-06,-0.01106215330627136
2007-02-07,0.03519616049413865
2007-02-08,-0.0071622289138104644
2007-02-09,0.0008881037835088978
2007-02-12,0.03251170620503885
2007-02-13,0.008695536579565788
2007-02-14,0.0034691870692435955
2007-02-15,0.002712546200336341
2007-02-16,-0.0008111547326544732
2007-02-20,-0.0054158173259593045
2007-02-21,-0.01594980217407993
2007-02-22,0.005945725279956404
2007-02-23,-0.0031113586333133547
2007-02-26,0.00044658909175909756
2007-02-27,-0.02848402844986264
2007-02-28,-0.004548126228195226
2007-03-01,-0.03856654109893298
2007-03-02,-0.014320682024243303
2007-03-05,-0.04623955722579598
2007-03-06,0.03816307188936996
2007-03-07,-0.011718781149584245
2007-03-08,0.026268508048151507
2007-03-09,0.021415370478959916
2007-03-12,-0.016314196047266916
2007-03-13,-0.018193632315590236
2007-03-14,0.010306066045349116
2007-03-15,-0.004075667069944111
2007-03-16,0.003815568351628773
2007-03-19,0.004692833957414599
2007-03-20,-0.0036694975596460733
2007-03-21,0.03672202617729381
2007-03-22,0.005991689935374467
2007-03-23,-0.005005762266860114
2007-03-26,0.0034857129642329454
2007-03-27,-0.0016189561829184074
2007-03-28,-0.014725944433907512
2007-03-29,0.018526716563935786
2007-03-30,0.012384229800753044
2007-04-02,0.00215839352409386
2007-04-03,0.0037572249871042906
2007-04-04,-0.005036243306042798
2007-04-05,0.005644267323851926
2007-04-09,0.027414849490790205
2007-04-10,0.0009240757374717745
2007-04-11,0.005582866338959436
2007-04-12,-0.0035347326817992686
2007-04-13,0.004822653315832648
2007-04-16,0.006241405047192616
2007-04-17,0.014902151618011006
2007-04-18,-0.003559504785465517
2007-04-19,-0.012568814449576027
2007-04-20,0.026862485796339763
2007-04-23,-0.007468714042844216
2007-04-24,0.000347574578906773
2007-04-25,0.003917763363580962
2007-04-26,0.011337932749678092
2007-04-27,-0.01390359556372256
2007-04-30,0.010166110456042432
2007-05-01,0.01002263225699851
2007-05-02,0.004922780246021219
2007-05-03,7.132730109415952e-05
2007-05-04,0.045600845521257316
2007-05-07,2.666699199638245e-05
2007-05-08,-0.023741932043797487
2007-05-09,-0.016095861285724045
2007-05-10,-0.008561323743173643
2007-05-11,-0.005778774063925796
2007-05-14,-0.003171035791894483
2007-05-15,-0.0024320180861771012
2007-05-16,0.0015093188969510507
2007-05-17,0.015183528712582772
2007-05-18,0.02021624334507144
2007-05-21,0.015185247430578475
2007-05-22,0.004807414373679153
2007-05-23,0.017867052951659357
2007-05-24,-0.007190441998661701
2007-05-25,0.007851125141403736
2007-05-29,0.0003436517787585025
2007-05-30,-0.02030206135473589
2007-05-31,0.0028865396844464097
2007-06-01,0.014292265103226232
2007-06-04,-0.009499664220895432
2007-06-05,0.0014916927592603102
2007-06-06,-0.005511449326943363
2007-06-07,-0.003472678696814002
2007-06-08,0.005419284680772574
2007-06-11,0.010134656044605839
2007-06-12,-0.020358241378420017
2007-06-13,0.011482988303238795
2007-06-14,0.02009984558203426
2007-06-15,0.03483525931979514
2007-06-18,0.015777442120867624
2007-06-19,0.020214299184692086
2007-06-20,0.010550996730251505
2007-06-21,-0.005570808015833206
2007-06-22,0.03839074659105024
2007-06-25,0.018301512517411522
2007-06-26,0.010856257802199787
2007-06-27,-0.017064635735535627
2007-06-28,0.02789825557826031
2007-06-29,0.0737117425357745
2007-07-02,0.0
2007-07-03,0.0
2007-07-05,0.0
2007-07-06,-0.0035551603209026394
2007-07-09,-0.00018882887571658458
2007-07-10,0.004551996469193131
2007-07-11,0.0028447884690561143
2007-07-12,0.005118347078083119
2007-07-13,-0.006625878715312172
2007-07-16,-8.609780151036528e-05
2007-07-17,0.005873772644392039
2007-07-18,-0.0205999396486507
2007-07-19,0.031438690042325135
2007-07-20,-0.008787018945331071
2007-07-23,0.08388345685929521
2007-07-24,0.0
2007-07-25,0.0
2007-07-26,0.0
2007-07-27,0.006783368629065034
2007-07-30,0.015439545607175198
2007-07-31,0.04705803783030893
2007-08-01,-0.016804646495292896
2007-08-02,0.009661828493079838
2007-08-03,-0.12647615441752857
2007-08-06,0.017312501340702946
2007-08-07,0.0007789277839280739
2007-08-08,-0.04510746276007127
2007-08-09,-0.0442383020488194
2007-08-10,-0.06302603360072667
2007-08-13,0.03370994271314154
2007-08-14,0.003884378750199202
2007-08-15,0.0002478256664464329
2007-08-16,-0.009863746176094423
2007-08-17,0.08511915169753359
2007-08-20,0.0
2007-08-21,0.0
2007-08-22,0.0
2007-08-23,0.012386158830417715
2007-08-24,-0.008345280627475193
2007-08-27,0.0027896051560012403
2007-08-28,-0.013663640727257342
2007-08-29,0.02332529321201804
2007-08-30,-0.02177520138681588
2007-08-31,0.03728322625261171
2007-09-04,0.03247271767222171
2007-09-05,-0.0028694641822668565
2007-09-06,0.008400426108881254
2007-09-07,-0.04500627089177156
2007-09-10,0.04412154749908259
2007-09-11,0.020515348947887757
2007-09-12,0.00797023549548892
2007-09-13,0.02725281038504912
2007-09-14,-0.016175901140145443
2007-09-17,-0.004102166572401811
2007-09-18,0.013779640330258358
2007-09-19,0.021814060851703232
2007-09-20,-0.0032969076049077506
2007-09-21,0.015338284525276524
2007-09-24,0.015990909928590424
2007-09-25,-0.014752150884330795
2007-09-26,0.012958115611003684
2007-09-27,0.015293384098268303
2007-09-28,-0.004941322928699532
2007-10-01,0.012674210217016535
2007-10-02,0.002518966538367362
2007-10-03,-0.015807965332871654
2007-10-04,0.00024250713060158802
2007-10-05,0.028971289031734182
2007-10-08,0.018754214550856796
2007-10-09,0.014239151563428143
2007-10-10,0.0045481238399474044
2007-10-11,0.009369502659382523
2007-10-12,0.011174439852468687
2007-10-15,0.0010099532429981295
2007-10-16,-0.020031789184021598
2007-10-17,0.055836256241350135
2007-10-18,-0.01570343328171009
2007-10-19,0.0019183650564198462
2007-10-22,-0.008340913029545205
2007-10-23,0.09211397377944985
2007-10-24,0.0
2007-10-25,0.0
2007-10-26,0.0
2007-10-29,-0.01712385916458814
2007-10-30,0.006103132879451412
2007-10-31,0.004830885067212298
2007-11-01,-0.025570931541343822
2007-11-02,0.022734594044038214
2007-11-05,-0.02329143662640032
2007-11-06,0.00981324759825375
2007-11-07,-0.028860307219089498
2007-11-08,-0.004926058240236064
2007-11-09,-0.009314868268195275
2007-11-12,-0.005660783080639109
2007-11-13,0.03625633675609641
2007-11-14,0.02245055589157907
2007-11-15,-0.007949209967691995
2007-11-16,0.01832066805907262
2007-11-19,-0.022010692726918357
2007-11-20,0.015064923493414817
2007-11-21,-0.02792216482313037
2007-11-23,0.02095284564738753
2007-11-26,0.004244049721889631
2007-11-27,0.017172099481960412
2007-11-28,0.03698941051520954
2007-11-29,-0.00638688886038008
2007-11-30,0.04208429902560629
2007-12-03,0.021032637508006102
2007-12-04,-0.006043179829807066
2007-12-05,0.0454865814261336
2007-12-06,0.0028968593383511543
2007-12-07,0.0020152476736559066
2007-12-10,-0.005967936188006173
2007-12-11,0.020019131805657953
2007-12-12,0.05619026189318954
2007-12-13,-0.014853579923320703
2007-12-14,-0.010996067096209927
2007-12-17,-0.010998612708117195
2007-12-18,0.027883617354118817
2007-12-19,0.00024702079152127965
2007-12-20,0.027470904439852006
2007-12-21,-0.0072266769613694715
2007-12-24,-0.000352751524855921
2007-12-26,0.002087094075397866
2007-12-27,-0.008121652553114145
2007-12-28,0.004255540395392332
2007-12-31,-0.01633207117409119
2008-01-02,-0.008768067479579256
2008-01-03,0.006664720714757433
2008-01-04,-0.036587687604963115
2008-01-07,0.03078603520565304
2008-01-08,0.02094223884288482
2008-01-09,0.01240983242553595
2008-01-10,-0.025887210148553774
2008-01-11,-0.007785645473953218
2008-01-14,0.055190720216198086
2008-01-15,-0.0517393491627568
2008-01-16,-0.0901436031840187
2008-01-17,0.06519135455054736
2008-01-18,0.0
2008-01-22,0.0
2008-01-23,0.0
2008-01-24,0.03798045348875689
2008-01-25,0.043039694162317677
2008-01-28,-0.006045889990040743
2008-01-29,0.020641453103511287
2008-01-30,-0.0009584998643963338
2008-01-31,-0.04239188064476063
2008-02-01,0.027731747091423786
2008-02-04,0.027911401676580683
2008-02-05,-0.032778336646087314
2008-02-06,0.018574275447849065
2008-02-07,-0.043393842469045096
2008-02-08,-0.0007032345741736501
2008-02-11,0.016674134118495942
2008-02-12,0.0355328415615106
2008-02-13,0.022945087969544975
2008-02-14,-0.028671488134789702
2008-02-15,0.0010657771712252462
2008-02-19,0.0646369219465508
2008-02-20,0.0
2008-02-21,0.0
2008-02-22,0.0
2008-02-25,-0.011088894121175197
2008-02-26,-0.013519977155377894
2008-02-27,-0.019375021558326377
2008-02-28,-0.019300635277527345
2008-02-29,-0.020877536346664116
2008-03-03,-0.002707958427471624
2008-03-04,-0.031013527276624653
2008-03-05,0.024797391927127155
2008-03-06,-0.010058108851849434
2008-03-07,-0.025145777317663653
2008-03-10,0.002146293096966456
2008-03-11,0.04504605999933875
2008-03-12,0.007330945495515717
2008-03-13,-0.029012119226693
2008-03-14,0.021507644828840933
2008-03-17,-0.06424823978352534
2008-03-18,0.03843026780487424
2008-03-19,-0.02019351867053054
2008-03-20,0.007039467319094772
2008-03-24,0.029038310641581244
2008-03-25,0.015008358079461992
2008-03-26,-0.01894147968839932
2008-03-27,0.016167856162145666
2008-03-28,0.02939669483899876
2008-03-31,0.00062466029750885
2008-04-01,0.04003633503186954
2008-04-02,0.013003179478227489
2008-04-03,0.023544755914159943
2008-04-04,-0.015476844650956889
2008-04-07,0.0308073832106166
2008-04-08,-0.053085542955120246
2008-04-09,0.011246388132453378
2008-04-10,0.01907634759833088
2008-04-11,-0.032474892489768536
2008-04-14,0.003993982875519775
2008-04-15,0.011019272450694118
2008-04-16,0.04959075392397527
2008-04-17,-0.03559262941579422
2008-04-18,0.047387432677426844
2008-04-21,-0.0045468541144174646
2008-04-22,-0.011177602194423208
2008-04-23,0.021547155682994035
2008-04-24,0.005287689511245475
2008-04-25,0.017306434085441635
2008-04-28,-0.009922197373213537
2008-04-29,-0.005398225135552881
2008-04-30,0.011832033768995887
2008-05-01,0.008620352736954828
2008-05-02,0.0005016267357473847
2008-05-05,-0.006119081236895307
2008-05-06,-0.0008265885300344777
2008-05-07,0.009921338840976901
2008-05-08,0.007346350988707506
2008-05-09,0.07660064285293489
2008-05-12,0.0
2008-05-13,0.0
2008-05-14,0.0
2008-05-15,-0.0024262809712918276
2008-05-16,0.005141960622575992
2008-05-19,-0.007135033769362975
2008-05-20,-0.017956741578674995
2008-05-21,0.0005409618624940826
2008-05-22,0.002802844890773315
2008-05-23,-0.015098271571977628
2008-05-27,0.0047365360505373655
2008-05-28,0.0030340092026199805
2008-05-29,0.00019647223856322782
2008-05-30,0.006233966479290087
2008-06-02,0.0017458080484327176
2008-06-03,-0.008565134921140305
2008-06-04,-0.005914233408283787
2008-06-05,-0.016712064980426655
2008-06-06,-0.01519213947256326
2008-06-09,0.0026859116909931924
2008-06-10,-0.02333119193019695
2008-06-11,-0.037250899023478556
2008-06-12,0.021843189283540454
2008-06-13,0.021350489013400642
2008-06-16,-0.015682225956529128
2008-06-17,0.004048911259940224
2008-06-18,-0.00663638962956159
2008-06-19,-0.0034295175809763156
2008-06-20,-0.010713361379068642
2008-06-23,0.018291548228381194
2008-06-24,-0.015076394635357815
2008-06-25,0.02045112695446405
2008-06-26,-0.03565645272989726
2008-06-27,-0.0059828933963226305
2008-06-30,0.00337869887499731
2008-07-01,-0.025043428586878136
2008-07-02,0.0
2008-07-03,0.0
2008-07-07,0.0
2008-07-08,0.0
2008-07-09,0.0
2008-07-10,0.0
2008-07-11,0.0
2008-07-14,0.0
2008-07-15,0.0
2008-07-16,0.0
2008-07-17,0.0
2008-07-18,0.0
2008-07-21,0.0
2008-07-22,0.0
2008-07-23,0.0
2008-07-24,0.0
2008-07-25,0.0
2008-07-28,0.0
2008-07-29,0.0
2008-07-30,0.0
2008-07-31,0.0
2008-08-01,0.0
2008-08-04,0.004672659227998421
2008-08-05,0.055891877513098764
2008-08-06,0.007504955682604786
2008-08-07,-0.01830238581787169
2008-08-08,0.029125510761313755
2008-08-11,-0.014230342946064511
2008-08-12,0.02203163503836003
2008-08-13,0.05298173947036533
2008-08-14,-0.004894136285377493
2008-08-15,0.024324403694047758
2008-08-18,0.012958611434494172
2008-08-19,-0.03635800934722244
2008-08-20,0.03243548853295075
2008-08-21,-0.025872085210923657
2008-08-22,0.024481449006708234
2008-08-25,0.004164769110925448
2008-08-26,0.00910134013527264
2008-08-27,-0.011237555565832058
2008-08-28,0.01339318069240858
2008-08-29,-0.027081504940931533
2008-09-02,0.030561268449330603
2008-09-03,-0.009199165860072966
2008-09-04,-0.015314418684294506
2008-09-05,-0.026572258209672017
2008-09-08,0.05789163944237119
2008-09-09,-0.005406115718640914
2008-09-10,0.01228225857219667
2008-09-11,-0.08767955092430946
2008-09-12,-0.012413065535645473
2008-09-15,-0.10315668841041392
2008-09-16,-0.10419760730098104
2008-09-17,-0.028436955517018192
2008-09-18,0.03768820364318981
2008-09-19,0.1312455972324693
2008-09-22,0.0
2008-09-23,0.0
2008-09-24,0.0
2008-09-25,0.006504928538324961
2008-09-26,-0.08571660829003702
2008-09-29,-0.05412168548706375
2008-09-30,0.06810942675174148
2008-10-01,0.0
2008-10-02,0.0
2008-10-03,0.0
2008-10-06,-0.0925021565825368
2008-10-07,0.20739217334484805
2008-10-08,0.0
2008-10-09,0.0
2008-10-10,0.0
2008-10-13,0.2071374815376048
2008-10-14,0.0
2008-10-15,0.0
2008-10-16,0.0
2008-10-17,0.014736976235259158
2008-10-20,0.035464584906157004
2008-10-21,-0.04527255020234511
2008-10-22,-0.025241509562136777
2008-10-23,-0.01574905660197723
2008-10-24,-0.21358241960529534
2008-10-27,-0.04384899963251565
2008-10-28,0.11583858009459602
2008-10-29,0.0
2008-10-30,0.0
2008-10-31,0.0
2008-11-03,0.0316026671634877
2008-11-04,0.08020654929807058
2008-11-05,0.0
2008-11-06,0.0
2008-11-07,0.0
2008-11-10,0.05563193367627295
2008-11-11,-0.024737310627718445
2008-11-12,-0.05865599015102452
2008-11-13,0.00328482904499916
2008-11-14,-0.04781591100922855
2008-11-17,0.019968456343383956
2008-11-18,0.07167145142843556
2008-11-19,0.0
2008-11-20,0.0
2008-11-21,0.0
2008-11-24,0.0807517217593916
2008-11-25,0.0
2008-11-26,0.0
2008-11-28,0.0
2008-12-01,-0.05063031648416738
2008-12-02,0.06387974909651617
2008-12-03,0.0
2008-12-04,0.0
2008-12-05,0.0
2008-12-08,0.07965157000787837
2008-12-09,0.0
2008-12-10,0.0
2008-12-11,0.0
2008-12-12,-0.07563762553981834
2008-12-15,0.0012486530068800406
2008-12-16,0.03454385558140283
2008-12-17,-0.0468521525263661
2008-12-18,0.011552122305968027
2008-12-19,0.06155204090107036
2008-12-22,0.0
2008-12-23,0.0
2008-12-24,0.0
2008-12-26,0.07031280679863738
2008-12-29,0.0
2008-12-30,0.0
2008-12-31,0.0
2009-01-02,0.01178445089732727
2009-01-05,0.013019000796742342
2009-01-06,0.0555806074504277
2009-01-07,-0.027734065516975992
2009-01-08,-0.029780099494599033
2009-01-09,0.004345426197778668
2009-01-12,0.008105071674535669
2009-01-13,-0.06399991981996989
2009-01-14,-0.10799886060351971
2009-01-15,-0.0009025947921823541
2009-01-16,0.06517813734765832
2009-01-20,0.0
2009-01-21,0.0
2009-01-22,0.0
2009-01-23,-0.08398058731005076
2009-01-26,0.004806484818748791
2009-01-27,0.037261638041826695
2009-01-28,0.07274651492381645
2009-01-29,0.0
2009-01-30,0.0
2009-02-02,0.0
2009-02-03,0.00469202565068616
2009-02-04,0.01877329404757977
2009-02-05,-0.03419600626920316
2009-02-06,0.020723899325304718
2009-02-09,-0.013265277817277044
2009-02-10,-0.008400222672702573
2009-02-11,-0.032159988589062105
2009-02-12,-0.012294440157124442
2009-02-13,-0.0076844111941825055
2009-02-17,-0.0900989159361596
2009-02-18,0.0024546243261289735
2009-02-19,0.06440356861307373
2009-02-20,0.0
2009-02-23,0.0
2009-02-24,0.0
2009-02-25,-0.002681810754392111
2009-02-26,0.04776758594075914
2009-02-27,-0.038375702958054814
2009-03-02,-0.05002723435654011
2009-03-03,0.0
2009-03-04,0.0
2009-03-05,0.0
2009-03-06,0.0
2009-03-09,0.0
2009-03-10,0.0
2009-03-11,0.0
2009-03-12,0.0
2009-03-13,0.0
2009-03-16,0.0
2009-03-17,0.0
2009-03-18,0.0
2009-03-19,0.0
2009-03-20,0.0
2009-03-23,0.0
2009-03-24,0.0
2009-03-25,0.0
2009-03-26,0.0
2009-03-27,0.0
2009-03-30,0.0
2009-03-31,0.0
2009-04-01,0.0
2009-04-02,0.0
2009-04-03,0.0
2009-04-06,0.0
2009-04-07,0.0
2009-04-08,0.0
2009-04-09,0.0
2009-04-13,0.0
2009-04-14,0.0
2009-04-15,0.0
2009-04-16,0.0
2009-04-17,0.0
2009-04-20,0.0
2009-04-21,0.0
2009-04-22,0.0
2009-04-23,0.0
2009-04-24,0.0
2009-04-27,0.0
2009-04-28,0.0
2009-04-29,0.0
2009-04-30,0.0
2009-05-01,0.0
2009-05-04,0.04378754763960124
2009-05-05,-0.01673521487248386
2009-05-06,0.012574997762722084
2009-05-07,-0.05651911213740435
2009-05-08,0.03192596882783949
2009-05-11,-0.06142111432884312
2009-05-12,0.03848010586561257
2009-05-13,-0.03306039107341885
2009-05-14,-0.0006459066947162029
2009-05-15,-0.0008238911269551341
2009-05-18,0.051655082337197955
2009-05-19,-0.025130249778172353
2009-05-20,0.00651411163138782
2009-05-21,-0.02164516278890627
2009-05-22,0.01432483350010827
2009-05-26,-0.023406563725669294
2009-05-27,-0.0016768595956667687
2009-05-28,0.0401808406303783
2009-05-29,0.0034485258897887228
2009-06-01,0.04262362032045308
2009-06-02,-0.04695825407619392
2009-06-03,-0.05182328997946384
2009-06-04,0.019577272220426822
2009-06-05,0.03683741514632466
2009-06-08,-0.031005108105154444
2009-06-09,0.07182411137711386
2009-06-10,0.0
2009-06-11,0.0
2009-06-12,0.0
2009-06-15,-0.028568976926654166
2009-06-16,0.01036782612160092
2009-06-17,-0.0050353128555690185
2009-06-18,0.0020035124387973724
2009-06-19,0.029683307660599123
2009-06-22,-4.051503410995583e-05
2009-06-23,0.003981584754498613
2009-06-24,0.04039772765105609
2009-06-25,-0.009202777057757627
2009-06-26,0.010445146680118311
2009-06-29,0.01675432996842674
2009-06-30,0.011922772243524227
2009-07-01,0.02309154053566309
2009-07-02,-0.03207473673755612
2009-07-06,-0.026467525081658505
2009-07-07,0.041339205363460474
2009-07-08,0.0018201022723585147
2009-07-09,0.03384423208922516
2009-07-10,-0.022051033191147096
2009-07-13,0.007238424819045797
2009-07-14,-0.00023148240143566756
2009-07-15,0.0900766016850365
2009-07-16,0.0
2009-07-17,0.0
2009-07-20,0.0
2009-07-21,0.010168423895617451
2009-07-22,-0.09271901183377973
2009-07-23,-0.0030279477066773586
2009-07-24,-0.03083145684685107
2009-07-27,0.0003790116192465831
2009-07-28,-0.017804319230988797
2009-07-29,-0.011207347084428165
2009-07-30,0.03615236768695085
2009-07-31,-0.003065689939936056
2009-08-03,0.03202259441262867
2009-08-04,0.001599213406619615
2009-08-05,0.00040119426676632486
2009-08-06,-0.007122675925860356
2009-08-07,0.04094647234211202
2009-08-10,0.0038346325183431507
2009-08-11,0.0077970174112462765
2009-08-12,-0.000168381879161128
2009-08-13,0.0011274953631759121
2009-08-14,-0.01171851685568126
2009-08-17,-0.05527068405049296
2009-08-18,0.010592711554962886
2009-08-19,-0.03462617342428709
2009-08-20,0.030617224440102397
2009-08-21,0.02104700240278068
2009-08-24,0.049820572517141004
2009-08-25,0.02322192228780562
2009-08-26,0.0018895292612615133
2009-08-27,-0.010136082232075627
2009-08-28,0.0902449659283544
2009-08-31,0.0
2009-09-01,0.0
2009-09-02,0.0
2009-09-03,0.02306048861626131
2009-09-04,0.007583523547566751
2009-09-08,0.02308151512379908
2009-09-09,-0.006466511265945107
2009-09-10,0.022526724167046597
2009-09-11,0.02475434514376529
2009-09-14,-0.019837966583403865
2009-09-15,0.008204312264673774
2009-09-16,0.016790248015202014
2009-09-17,-0.004057311948129194
2009-09-18,0.019313000334985952
2009-09-21,-0.022945255556341748
2009-09-22,0.021661096628482923
2009-09-23,0.022689745888510027
2009-09-24,0.014097187455005544
2009-09-25,-0.03596513197572504
2009-09-28,0.008338766149740273
2009-09-29,-0.009293039206766829
2009-09-30,0.013906387482407023
2009-10-01,0.008995150398171559
2009-10-02,-0.05387736608324889
2009-10-05,0.0008483326575341454
2009-10-06,0.0326367602299229
2009-10-07,0.012700306427566588
2009-10-08,0.017470006091563794
2009-10-09,0.001181860697565762
2009-10-12,0.03562998511439619
2009-10-13,0.01411664798551615
2009-10-14,0.06207781813449631
2009-10-15,0.0
2009-10-16,0.0
2009-10-19,0.0
2009-10-20,0.02455085753879227
2009-10-21,-0.018382652927333543
2009-10-22,0.0035411538074825444
2009-10-23,0.020232523363994392
2009-10-26,-0.0038496256088658143
2009-10-27,-0.006528324657573803
2009-10-28,-0.02985903066507012
2009-10-29,0.021778306350948462
2009-10-30,0.008161168000254237
2009-11-02,0.01894073507699834
2009-11-03,-0.05741466098275416
2009-11-04,0.03010624494280134
2009-11-05,0.03347515478823171
2009-11-06,0.03907431182411725
2009-11-09,0.02570126456777233
2009-11-10,0.009967414612955583
2009-11-11,0.02543331929394066
2009-11-12,0.006775457951903707
2009-11-13,-0.008828572481941133
2009-11-16,0.01070252467811672
2009-11-17,-0.008755706670147245
2009-11-18,-0.011628883284327096
2009-11-19,-0.0409182650776061
2009-11-20,-0.02239102443382701
2009-11-23,0.022401532434963567
2009-11-24,-0.006140271818926846
2009-11-25,0.012096880559624434
2009-11-27,-0.06937827036308297
2009-11-30,0.011245357364334074
2009-12-01,0.0150070440914154
2009-12-02,0.006601584228063562
2009-12-03,-0.001879368598809883
2009-12-04,0.032454737494256314
2009-12-07,0.02523604755522313
2009-12-08,-0.004074500790402946
2009-12-09,0.010051173649126222
2009-12-10,0.01239052498869131
2009-12-11,0.0042988730365920436
2009-12-14,0.01850296481415059
2009-12-15,-0.005118147281476748
2009-12-16,0.031941622106614664
2009-12-17,-0.018140662320370593
2009-12-18,-0.0006780511515530607
2009-12-21,0.025538137931095495
2009-12-22,0.00834853090976262
2009-12-23,0.028850987159525943
2009-12-24,0.015341674837210606
2009-12-28,0.013994198697719007
2009-12-29,0.0012995876518908656
2009-12-30,-0.011238134948214351
2009-12-31,0.011001817738921504
2010-01-04,0.028549061606928827
2010-01-05,3.3647700236727474e-05
2010-01-06,-0.004320125376364614
2010-01-07,-0.004202564049349378
2010-01-08,-0.01194337968915904
2010-01-11,0.00921945425512316
2010-01-12,-0.031009899099020077
2010-01-13,0.013439765651806157
2010-01-14,-0.002626294695390552
2010-01-15,0.013974901700767317
2010-01-19,0.006446458835806412
2010-01-20,-0.026930110468534774
2010-01-21,0.03088932613265305
2010-01-22,-0.041426118637560294
2010-01-25,0.03081152603909909
2010-01-26,-0.0036245380329460453
2010-01-27,-0.002474209571241781
2010-01-28,0.004056210648277103
2010-01-29,0.02355381681390556
2010-02-01,0.026020852650364912
2010-02-02,-0.017092320752931323
2010-02-03,-0.02529719314020784
2010-02-04,-0.011726832055389269
2010-02-05,0.0015467390319316987
2010-02-08,0.013222033220185336
2010-02-09,0.04616487560035765
2010-02-10,-0.039235790277850846
2010-02-11,0.008246095341253534
2010-02-12,-0.021026643684657564
2010-02-16,0.02881338188322502
2010-02-17,0.021148257839742612
2010-02-18,-0.0149295792423072
2010-02-19,-0.012810776898319332
2010-02-22,0.02523593646030009
2010-02-23,-0.013370826001167568
2010-02-24,0.014695140535888607
2010-02-25,-0.040586967762281656
2010-02-26,-0.007114075499982997
2010-03-01,0.021984651216572226
2010-03-02,0.01098230253020338
2010-03-03,0.011030656315910381
2010-03-04,0.0031169965514710185
2010-03-05,-0.0013480202104330097
2010-03-08,0.0075686761380613365
2010-03-09,-0.02280002887200927
2010-03-10,0.011954638901681136
2010-03-11,-0.005328334479834496
2010-03-12,0.025751107349899938
2010-03-15,-0.009376796522910902
2010-03-16,0.01281278821375631
2010-03-17,0.012800180847579501
2010-03-18,-0.005945389345556995
2010-03-19,-0.013646156555281896
2010-03-22,-0.025002796852455322
2010-03-23,0.010232556972469498
2010-03-24,-0.006500716216273017
2010-03-25,0.034600485038034146
2010-03-26,0.01683466427771596
2010-03-29,0.019564840422237273
2010-03-30,0.015895497097304645
2010-03-31,-0.0232312540361288
2010-04-01,0.05072877960719269
2010-04-05,0.025822428541847575
2010-04-06,-0.0029997033248252425
2010-04-07,0.00244836186959696
2010-04-08,-0.005216905657342452
2010-04-09,0.01641188765038515
2010-04-12,0.007634950457091172
2010-04-13,-0.0019986519952780446
2010-04-14,0.04616455358185534
2010-04-15,-0.006764713239516662
2010-04-16,-0.03222415539959278
2010-04-19,-0.014542620154326502
2010-04-20,0.02048680565042038
2010-04-21,0.01796483389261283
2010-04-22,-0.032043852534700656
2010-04-23,0.001405639725572394
2010-04-26,0.007024453539571152
2010-04-27,-0.020002168366923923
2010-04-28,0.019122869496406958
2010-04-29,0.02523420913377028
2010-04-30,0.0004494245295569854
2010-05-03,0.022114297327537225
2010-05-04,-0.04022710717805089
2010-05-05,-0.04404882800084897
2010-05-06,0.0014732937924422096
2010-05-07,0.0005722928595708332
2010-05-10,0.1294369198423626
2010-05-11,0.0
2010-05-12,0.0
2010-05-13,0.0
2010-05-14,-0.04350270954351576
2010-05-17,-0.0034273535983210257
2010-05-18,0.02564993892790901
2010-05-19,-0.021287569009454832
2010-05-20,-0.05237469985763388
2010-05-21,-0.03545363680216873
2010-05-24,-0.0012355988120370531
2010-05-25,-0.0826814028624192
2010-05-26,0.04069915768620391
2010-05-27,0.0613069638789534
2010-05-28,0.0
2010-06-01,0.0
2010-06-02,0.0
2010-06-03,-0.007943641650228428
2010-06-04,-0.04690542402476039
2010-06-07,0.014779256698775223
2010-06-08,0.008126447264877212
2010-06-09,0.01722278698348001
2010-06-10,0.04189857083399784
2010-06-11,-0.02534489116493588
2010-06-14,0.02839432490499938
2010-06-15,0.02554239981892481
2010-06-16,-0.016392105268089763
2010-06-17,0.041223440863418226
2010-06-18,0.0007617255788470167
2010-06-21,0.040886592028477775
2010-06-22,0.0067699936478897715
2010-06-23,0.014914911026813638
2010-06-24,-0.0007386141668282997
2010-06-25,0.0173149423170762
2010-06-28,0.026014561775458578
2010-06-29,-0.0807167055179071
2010-06-30,0.002573558797951625
2010-07-01,0.011759844886387816
2010-07-02,0.007135300107973697
2010-07-06,0.029957933664304992
2010-07-07,0.015563014035723244
2010-07-08,0.002302792172176771
2010-07-09,0.002055654304912169
2010-07-12,-0.005958524955932631
2010-07-13,0.02070928865139887
2010-07-14,0.029717823808280475
2010-07-15,0.001123254034493204
2010-07-16,-0.008095948635949979
2010-07-19,0.012343143545812785
2010-07-20,-0.014449787559535077
2010-07-21,0.007538675065669409
2010-07-22,0.014076654776921993
2010-07-23,-0.0010405853860331327
2010-07-26,-0.0030007006717950313
2010-07-27,0.002194232029315124
2010-07-28,-0.013203692343568996
2010-07-29,-0.03898112117713459
2010-07-30,-0.01871603800755084
2010-08-02,0.013641243954359172
2010-08-03,-0.014543293685836622
2010-08-04,0.01588343383600277
2010-08-05,-0.008207999955837098
2010-08-06,-0.017626048358045265
2010-08-09,0.016672849822471525
2010-08-10,-0.03717998296161662
2010-08-11,-0.0883330170569534
2010-08-12,-0.021544864684651666
2010-08-13,0.014265295986548576
2010-08-16,-0.011976393261852625
2010-08-17,0.022574121569857608
2010-08-18,-0.003793540985285282
2010-08-19,-0.0034708745386611284
2010-08-20,-0.014659885965158992
2010-08-23,0.00795014263653493
2010-08-24,-0.05105612589767172
2010-08-25,-0.0029930218045781665
2010-08-26,0.01565143537987379
2010-08-27,0.008904262364543891
2010-08-30,0.0007580226790335765
2010-08-31,-0.015816561258348627
2010-09-01,0.017526131001835088
2010-09-02,0.005936560335043639
2010-09-03,0.017133817035680288
2010-09-07,-0.007819493901548236
2010-09-08,0.000665486557945183
2010-09-09,0.01214158179616276
2010-09-10,-0.002456614096215559
2010-09-13,0.019435865491832738
2010-09-14,-0.006898423197911119
2010-09-15,-0.032600350075290496
2010-09-16,-0.008484530984425032
2010-09-17,0.009623736946114514
2010-09-20,0.007271779631849329
2010-09-21,0.00014350464263124252
2010-09-22,-0.0033375214454288704
2010-09-23,-0.0068360256727914015
2010-09-24,0.036469840154762956
2010-09-27,0.014473054191534773
2010-09-28,0.010801330345626914
2010-09-29,-0.0061265374020308405
2010-09-30,0.019969806565712123
2010-10-01,0.019433399713531196
2010-10-04,-0.005217426061541297
2010-10-05,0.020299457694682
2010-10-06,0.009233160148004682
2010-10-07,0.004572308288590232
2010-10-08,-0.005921010648242242
2010-10-11,0.0008470110220959448
2010-10-12,-0.02914779456166039
2010-10-13,0.009870114265182472
2010-10-14,-0.004552888909500119
2010-10-15,0.02449978056352342
2010-10-18,0.008511462687828875
2010-10-19,-0.0515216084715322
2010-10-20,0.003737254333700646
2010-10-21,-0.0006825526643489122
2010-10-22,-0.0031308870089223895
2010-10-25,0.005657242598994028
2010-10-26,-0.00761498109163794
2010-10-27,-0.007357926463845033
2010-10-28,-0.009454998537106407
2010-10-29,-0.0023520709116073846
2010-11-01,0.004990003865809056
2010-11-02,0.010080609812020302
2010-11-03,-0.0053641877892455225
2010-11-04,0.011969040915172258
2010-11-05,0.010681849539148747
2010-11-08,0.006072713306572997
2010-11-09,0.061831767716523434
2010-11-10,0.0
2010-11-11,0.0
2010-11-12,0.0
2010-11-15,-0.007263667761031822
2010-11-16,-0.00039805855160013337
2010-11-17,0.0022690447225075516
2010-11-18,0.033194754379478164
2010-11-19,-0.0009793453028930088
2010-11-22,-0.004854844323842977
2010-11-23,-0.018414353658787186
2010-11-24,0.01766227388464836
2010-11-26,-0.016026085934647716
2010-11-29,-0.0074601487826565505
2010-11-30,-0.02508810375612669
2010-12-01,0.03850968915568842
2010-12-02,-0.002801382818802378
2010-12-03,-0.016980043461967353
2010-12-06,0.0070594682877165305
2010-12-07,0.02562035232198956
2010-12-08,0.02711779081845389
2010-12-09,0.08278940874313889
2010-12-10,0.0
2010-12-13,0.0
2010-12-14,0.0
2010-12-15,0.009935148101916313
2010-12-16,0.015912218361494146
2010-12-17,0.014912967462731741
2010-12-20,0.02081371442987301
2010-12-21,0.00649651878261559
2010-12-22,0.012409925601082783
2010-12-23,-0.026371772582006514
2010-12-27,-0.05432908545165682
2010-12-28,0.014270546203404955
2010-12-29,0.023725938130301882
2010-12-30,-0.004814445436511217
2010-12-31,-0.0005055646940813618
2011-01-03,0.01921365398868935
2011-01-04,0.005238888783357432
2011-01-05,0.0021278169158229776
2011-01-06,-0.004581417168606605
2011-01-07,0.004986185311752989
2011-01-10,0.0052701831267911725
2011-01-11,0.016876573179310794
2011-01-12,0.062071554674538953
2011-01-13,0.0
2011-01-14,0.0
2011-01-18,0.0
2011-01-19,-0.024177735917102483
2011-01-20,-0.03150172941630369
2011-01-21,0.017349895684525052
2011-01-24,0.0003925674799922785
2011-01-25,-0.018471133561418718
2011-01-26,0.031617573563468726
2011-01-27,0.005329160336984939
2011-01-28,0.0023907957929445445
2011-01-31,-0.00678410273963459
2011-02-01,0.015364074780965575
2011-02-02,-0.010303341364692242
2011-02-03,0.00638573699329692
2011-02-04,0.013091589012624638
2011-02-07,0.00776570882101546
2011-02-08,0.014231070957977598
2011-02-09,0.0011297694391236845
2011-02-10,-0.032678147681889036
2011-02-11,-0.00831228547035201
2011-02-14,0.020241747971105895
2011-02-15,-0.00023552067623933137
2011-02-16,0.02422755648784558
2011-02-17,-0.020555916599608315
2011-02-18,0.0073548222767283455
2011-02-22,-0.05046396782610474
2011-02-23,-0.013562707326892243
2011-02-24,-0.014978894699542278
2011-02-25,0.03892320211468503
2011-02-28,0.03402862412656105
2011-03-01,0.005025953062613553
2011-03-02,-0.00681953144177827
2011-03-03,0.040954681461091935
2011-03-04,0.009416736525684755
2011-03-07,0.012261170993303816
2011-03-08,-0.001354613799003923
2011-03-09,-0.0004931812293339499
2011-03-10,-0.04290392017311939
2011-03-11,-0.004417055436325201
2011-03-14,0.043320916959013855
2011-03-15,-0.07778867945922818
2011-03-16,-0.00013117265099771291
2011-03-17,0.013325646669873237
2011-03-18,0.031849146205807255
2011-03-21,0.03533862257910969
2011-03-22,-0.008622005645722908
2011-03-23,-0.0003692073051196898
2011-03-24,0.0655190861709154
2011-03-25,0.0
2011-03-28,0.0
2011-03-29,0.0
2011-03-30,0.01934621569862993
2011-03-31,4.5141515773172713e-05
2011-04-01,0.016945975121612333
2011-04-04,0.0070309866204048
2011-04-05,0.01598091266785917
2011-04-06,0.012874700895102453
2011-04-07,-0.005799162994325813
2011-04-08,0.011645724670091173
2011-04-11,0.006448048893724412
2011-04-12,-0.029610093424226935
2011-04-13,0.020929095635678907
2011-04-14,-0.020730641645833048
2011-04-15,-0.011866631721253906
2011-04-18,-0.03765805611513939
2011-04-19,0.005089522202883057
2011-04-20,0.059802606928695656
2011-04-21,0.009990327451759429
2011-04-25,0.0014957782052453794
2011-04-26,0.0001364741819029902
2011-04-27,-0.0017166531089294335
2011-04-28,-0.0076402585940166245
2011-04-29,0.000619384350238672
2011-05-02,0.01841038780074622
2011-05-03,-0.00913481883211087
2011-05-04,0.008679458355887792
2011-05-05,-0.018089832831457375
2011-05-06,0.03135034016977167
2011-05-09,0.0011609995389945116
2011-05-10,0.007735330548579666
2011-05-11,0.0044773487835299
2011-05-12,-0.009836069949747728
2011-05-13,-0.040712572495037236
2011-05-16,0.0030232024907614896
2011-05-17,-0.01891054554871785
2011-05-18,0.009643748214375192
2011-05-19,0.0021859797623473565
2011-05-20,-0.0037343173211130676
2011-05-23,-0.024558513794763148
2011-05-24,0.011559815422633957
2011-05-25,-0.00799797869483776
2011-05-26,0.003511104185421443
2011-05-27,0.013730304549690153
2011-05-31,0.03553977026864463
2011-06-01,-0.02041415876234476
2011-06-02,0.008110422628547997
2011-06-03,-0.015056782975945815
2011-06-06,0.0020050604220398505
2011-06-07,0.021203535406328466
2011-06-08,-0.015666010121164753
2011-06-09,0.0197328107200474
2011-06-10,0.011548241067959486
2011-06-13,0.0007898309227269973
2011-06-14,0.020504441795952788
2011-06-15,-0.014306211891229825
2011-06-16,0.0015484663183822356
2011-06-17,0.024181874165604578
2011-06-20,-0.006723930179315718
2011-06-21,0.01442093960524482
2011-06-22,-0.005537155393111504
2011-06-23,-0.027892151138876442
2011-06-24,-0.06018356646783185
2011-06-27,0.004261620368676056
2011-06-28,0.006770463496127643
2011-06-29,0.011707916933229257
2011-06-30,0.008640330106208793
2011-07-01,0.0020772644966564613
2011-07-05,0.004983569014563649
2011-07-06,-0.009666875369707673
2011-07-07,0.010429870278102271
2011-07-08,-0.02816702288207673
2011-07-11,-0.03347343621502796
2011-07-12,-0.015601044636466499
2011-07-13,0.023685656236607233
2011-07-14,0.006717610880867975
2011-07-15,0.014704257230483853
2011-07-18,-0.01401722492499935
2011-07-19,0.01225778625731122
2011-07-20,0.004519557388465767
2011-07-21,0.0057018079688904155
2011-07-22,0.010399163369069875
2011-07-25,-0.0336124415741218
2011-07-26,-0.018655366297396503
2011-07-27,-0.01816719320067295
2011-07-28,0.0072353478606344
2011-07-29,-0.03716066838252352
2011-08-01,0.04085115824669394
2011-08-02,-0.019700428489175192
2011-08-03,0.004851548807999206
2011-08-04,-0.04091380847265014
2011-08-05,0.035905829212553364
2011-08-08,-0.0817715842065414
2011-08-09,0.055036409568307354
2011-08-10,-0.05053497686606212
2011-08-11,0.014970103668788592
2011-08-12,0.09221038799184611
2011-08-15,0.0
2011-08-16,0.0
2011-08-17,-0.0013236055505480016
2011-08-18,-0.039873987224473106
2011-08-19,-0.01351465237773175
2011-08-22,0.022276490748390554
2011-08-23,0.016799997952091417
2011-08-24,0.05094322074263613
2011-08-25,-0.010902102991214524
2011-08-26,0.0006132297373111495
2011-08-29,0.04542119197104921
2011-08-30,0.0036956815008277744
2011-08-31,-0.005920524042742681
2011-09-01,-0.0029779385891910426
2011-09-02,-0.024210472155258178
2011-09-06,-0.03142428114354656
2011-09-07,0.061717057845871226
2011-09-08,0.004747213746467471
2011-09-09,0.006420936305695291
2011-09-12,0.010220768046366624
2011-09-13,0.017722285587050468
2011-09-14,0.02073072041666779
2011-09-15,0.019413087675339114
2011-09-16,0.0004932761924645312
2011-09-19,-0.011372593441385082
2011-09-20,0.00856071945819048
2011-09-21,0.005193556193320514
2011-09-22,-0.04490440637673032
2011-09-23,-0.00043167574661584496
2011-09-26,0.004866864833872109
2011-09-27,0.017631196909175362
2011-09-28,-0.023968768133102336
2011-09-29,0.002291119254674623
2011-09-30,-0.03924508635775015
2011-10-03,-0.0075897213665707675
2011-10-04,-0.021214080067517904
2011-10-05,-0.0028662132301960908
2011-10-06,0.0061162833172763165
2011-10-07,0.0034771077457025346
2011-10-10,0.026597035095418997
2011-10-11,-0.0032055047409922377
2011-10-12,0.01385787310647868
2011-10-13,-0.01446566523493853
2011-10-14,0.021311674229259836
2011-10-17,-0.014481898243238533
2011-10-18,-0.0014126081608264451
2011-10-19,-0.0036160876517831175
2011-10-20,-0.01754077215515293
2011-10-21,0.011987277730094448
2011-10-24,0.0022141596728915136
2011-10-25,-0.024828238543601167
2011-10-26,0.024550457012284976
2011-10-27,0.05857779597715829
2011-10-28,-0.00900973611205702
2011-10-31,-0.04515141360968422
2011-11-01,-0.06949741156213662
2011-11-02,0.025972723835549383
2011-11-03,0.012023722147651572
2011-11-04,-0.013995875151399328
2011-11-07,-0.0017816639460966899
2011-11-08,0.009222738336292835
2011-11-09,-0.04383419366915031
2011-11-10,0.019818132442642078
2011-11-11,0.015214934042040884
2011-11-14,-0.007287281800760104
2011-11-15,-0.010300889249413192
2011-11-16,-0.013926929987384429
2011-11-17,0.015704627166952534
2011-11-18,0.011402728035850185
2011-11-21,-0.030415088045742
2011-11-22,0.001911982895279607
2011-11-23,-0.014941389293789409
2011-11-25,-0.00022267479834314763
2011-11-28,0.06749135287503516
2011-11-29,0.0
2011-11-30,0.0
2011-12-01,0.0
2011-12-02,0.030207754960391853
2011-12-05,0.029368206653485496
2011-12-06,-0.0005275698143497598
2011-12-07,-0.010561152186703282
2011-12-08,-0.009584269328518857
2011-12-09,0.01247290515764643
2011-12-12,-0.022340216240080313
2011-12-13,0.009607246022532046
2011-12-14,-0.010770429592422803
2011-12-15,0.019813812392029062
2011-12-16,0.016296783386867686
2011-12-19,0.015351145751345774
2011-12-20,0.026862217933027566
2011-12-21,0.0014958021762110363
2011-12-22,0.001097854079704419
2011-12-23,0.0025000018626326614
2011-12-27,-0.0023865040350931066
2011-12-28,-0.0005378585710500428
2011-12-29,0.005664220040144441
2011-12-30,-0.006141260920584091
2012-01-03,0.03577762315487254
2012-01-04,-0.002755355467064735
2012-01-05,-0.009835409834761832
2012-01-06,0.003057938043824926
2012-01-09,-0.0023275968508548184
2012-01-10,0.022223160462414127
2012-01-11,-0.00011173066905378892
2012-01-12,0.010778178922438375
2012-01-13,-0.009831247740500149
2012-01-17,0.021883596897112723
2012-01-18,-0.0005886378234796208
2012-01-19,0.01863787009749429
2012-01-20,-0.10264088565174323
2012-01-23,0.0037820411602660364
2012-01-24,-0.0017810556733058869
2012-01-25,0.046113410395494325
2012-01-26,0.00836716087696776
2012-01-27,0.005855068958165344
2012-01-30,-0.00677682282790093
2012-01-31,0.016052298003822463
2012-02-01,0.013919928927696112
2012-02-02,0.010848760459278184
2012-02-03,0.03303612251165666
2012-02-06,-0.011506719992136705
2012-02-07,-0.008319176081896473
2012-02-08,0.004376404996755179
2012-02-09,0.0023798620869150966
2012-02-10,0.02336002956190364
2012-02-13,0.02804640155188487
2012-02-14,-0.008433848270256172
2012-02-15,0.013733755175761475
2012-02-16,-0.001830572272540354
2012-02-17,0.004078472743030526
2012-02-21,-0.012137210198916892
2012-02-22,-0.0063744319666423355
2012-02-23,-0.0020769320264406588
2012-02-24,0.01387156491048458
2012-02-27,-0.013105822444869797
2012-02-28,0.00017738596516614358
2012-02-29,0.003159430542286401
2012-03-01,0.007527430967312121
2012-03-02,0.003988500608406831
2012-03-05,-0.0037219288800547368
2012-03-06,-0.038107498649365024
2012-03-07,0.018935624514114346
2012-03-08,0.02362442948764598
2012-03-09,0.0019222820656545903
2012-03-12,-0.012244227634296667
2012-03-13,0.028452216818585008
2012-03-14,0.04078308106694539
2012-03-15,0.009034985386987993
2012-03-16,0.0041255185364887925
2012-03-19,-0.005004413643830086
2012-03-20,-0.021572065096370663
2012-03-21,0.014317451438500273
2012-03-22,-0.009807904405122359
2012-03-23,-0.018390367947382025
2012-03-26,0.01414379172016722
2012-03-27,0.01084980863003926
2012-03-28,-0.0032017721129283805
2012-03-29,-0.011802065338436418
2012-03-30,0.015469359827364082
2012-04-02,-0.004732058227153613
2012-04-03,-0.020575017366346593
2012-04-04,-0.030168676631954328
2012-04-05,-0.014282168010902652
2012-04-09,-0.03345752742273933
2012-04-10,-0.008681240446635097
2012-04-11,0.025352505936951042
2012-04-12,0.029915022470518915
2012-04-13,-0.021415861688014015
2012-04-16,0.02321543510303492
2012-04-17,0.02107042796913494
2012-04-18,-0.026027373741935755
2012-04-19,0.0022799705623766098
2012-04-20,0.005884174985110402
2012-04-23,-0.02881540632892199
2012-04-24,0.012364156487967737
2012-04-25,0.0398023230070117
2012-04-26,-0.0012219696613797737
2012-04-27,0.02493913115060753
2012-04-30,-0.002728640104618041
2012-05-01,-0.012861257933633352
2012-05-02,-0.014542536738641365
2012-05-03,0.002266985549877587
2012-05-04,-0.006917814400322242
2012-05-07,-0.040095256727537776
2012-05-08,-0.009795380671059783
2012-05-09,-0.09082573137755556
2012-05-10,-0.00011853800964445327
2012-05-11,-0.02925036570953632
2012-05-14,-0.02350725937067033
2012-05-15,-0.0011923271042504346
2012-05-16,0.010433362579616468
2012-05-17,-0.001793764881745763
2012-05-18,0.006734097117162552
2012-05-21,0.01292759397373655
2012-05-22,-0.0029657445683338723
2012-05-23,-0.016890299170598366
2012-05-24,0.009204461829907196
2012-05-25,-0.00032275147906180024
2012-05-29,0.03457579604683669
2012-05-30,-0.027336289645542466
2012-05-31,-0.0038540414245454846
2012-06-01,-0.05865932895415249
2012-06-04,0.010950441275207945
2012-06-05,0.00015524790417598133
2012-06-06,0.021581743819085064
2012-06-07,0.03289994932625451
2012-06-08,-0.0025370554190514705
2012-06-11,0.036581770760550025
2012-06-12,0.010183960617969667
2012-06-13,-0.0018550330264545112
2012-06-14,-0.00419999814735128
2012-06-15,0.007145710909062464
2012-06-18,-0.016285338857707554
2012-06-19,0.03946696499450164
2012-06-20,0.010653007709220175
2012-06-21,-0.02266053640320076
2012-06-22,0.011460755955946311
2012-06-25,-0.01682455426690377
2012-06-26,0.007845244730420253
2012-06-27,0.0011053322548577604
2012-06-28,-0.024026843863677927
2012-06-29,0.04392188400774266
2012-07-02,0.04533678464540403
2012-07-03,0.004367817410018349
2012-07-05,-0.009185711031013954
2012-07-06,-0.017148040139666754
2012-07-09,-0.004585280001059733
2012-07-10,-0.007015273890723428
2012-07-11,0.006010215585940948
2012-07-12,-0.018541368975693695
2012-07-13,-7.63723276995254e-05
2012-07-16,-0.012216616873278574
2012-07-17,0.011669433770063797
2012-07-18,-0.010713875958872854
2012-07-19,0.02604390050026617
2012-07-20,0.017359680540236733
2012-07-23,-0.0435103577786099
2012-07-24,0.01181710900503985
2012-07-25,-0.005378764413820902
2012-07-26,0.03694516099561529
2012-07-27,0.018067422212189932
2012-07-30,-0.004986401468778712
2012-07-31,0.017005951024433807
2012-08-01,0.01846819766716057
2012-08-02,-0.01816897784545235
2012-08-03,0.03886211571134979
2012-08-06,0.014073235438861076
2012-08-07,0.02505744240045682
2012-08-08,-0.006244829908309213
2012-08-09,-0.013662323229448048
2012-08-10,0.010193653542626135
2012-08-13,0.0009119534502808335
2012-08-14,0.01566632982916838
2012-08-15,0.0014579800627256834
2012-08-16,0.01433614846574982
2012-08-17,0.015171740860339566
2012-08-20,-0.003328944946273227
2012-08-21,0.0009626941865004124
2012-08-22,-0.008553115982360415
2012-08-23,-0.009097950301727997
2012-08-24,-0.003195452463503168
2012-08-27,-8.64661850156212e-05
2012-08-28,-0.0029216723138789646
2012-08-29,0.003889403231270183
2012-08-30,-0.0021426049514902124
2012-08-31,0.014056588979121543
2012-09-04,-0.014574768338940336
2012-09-05,-0.007265286925297709
2012-09-06,0.015132335762757743
2012-09-07,-0.005305449773926552
2012-09-10,-0.00841168864757491
2012-09-11,0.006677719021398021
2012-09-12,0.015860906505442696
2012-09-13,0.0014835140520257362
2012-09-14,0.01655955307977175
2012-09-17,-0.0025157396229145146
2012-09-18,-0.013509542290839005
2012-09-19,-0.009964332101979556
2012-09-20,-0.003586158408797502
2012-09-21,0.0014511101552527883
2012-09-24,-0.017347055195697014
2012-09-25,0.026642835695745548
2012-09-26,-0.011580192734504391
2012-09-27,0.024210269468218693
2012-09-28,-0.01259873796652422
2012-10-01,0.008225745332362866
2012-10-02,0.01323003084542873
2012-10-03,0.008215654302763165
2012-10-04,0.0015335951662120983
2012-10-05,0.01117000542097668
2012-10-08,-0.017814718027933885
2012-10-09,-0.010768686937751903
2012-10-10,0.0021553644417049433
2012-10-11,0.016062830478824175
2012-10-12,-0.007599077170935775
2012-10-15,0.014063542398689899
2012-10-16,0.007942797308779337
2012-10-17,-0.016612253513995978
2012-10-18,-0.002312420892148781
2012-10-19,0.004500096744360693
2012-10-22,0.009800760106922102
2012-10-23,-0.025937704042271692
2012-10-24,0.017534934172658057
2012-10-25,0.016272061241928704
2012-10-26,-0.009450465397199959
2012-10-31,0.007159255212783933
2012-11-01,0.019636900452425943
2012-11-02,0.01441774361682735
2012-11-05,-0.02180536153411583
2012-11-06,0.006102279076658057
2012-11-07,-0.030992908182783996
2012-11-08,0.023109543636096852
2012-11-09,0.006832120870393199
2012-11-12,0.004271295563302857
2012-11-13,-0.02226705012414687
2012-11-14,0.017764985631291585
2012-11-15,0.01585602985744705
2012-11-16,0.00039216213440007586
2012-11-19,0.03036772863272552
2012-11-20,0.0018021493519315701
2012-11-21,-0.004206157832714719
2012-11-23,0.01251441449388313
2012-11-26,0.0050952677227980026
2012-11-27,-0.005108383844130038
2012-11-28,-0.01955313980417983
2012-11-29,0.010726689393844913
2012-11-30,-0.01362394217367191
2012-12-03,0.019445103369241323
2012-12-04,0.008621660305172307
2012-12-05,-0.0023057544449487377
2012-12-06,-0.004715552608630991
2012-12-07,-0.015297545288744496
2012-12-10,0.0035651176096769266
2012-12-11,0.00921990976370779
2012-12-12,0.015407849447450772
2012-12-13,0.01354345683654401
2012-12-14,-1.4179871388964038e-05
2012-12-17,0.003763183791267277
2012-12-18,0.006010724747848917
2012-12-19,0.00618487582430749
2012-12-20,0.005840505701239396
2012-12-21,-0.05528610672626544
2012-12-24,0.004301158472403754
2012-12-26,-0.0001346286664056784
2012-12-27,0.005407386617324983
2012-12-28,-0.01904967149397352
2012-12-31,0.0027361018993532493
2013-01-02,0.060082656799533396
2013-01-03,0.0
2013-01-04,0.0
2013-01-07,0.0
2013-01-08,0.0005334834938897082
2013-01-09,0.015489167175305019
2013-01-10,0.02468503907786479
2013-01-11,0.00042855956363951897
2013-01-14,-0.008875499704073309
2013-01-15,-0.013749298557697798
2013-01-16,0.0003378509838691812
2013-01-17,0.009056981559161903
2013-01-18,-0.005171026397770562
2013-01-22,-0.004578877774340517
2013-01-23,0.013539832154856324
2013-01-24,-0.021091430187861526
2013-01-25,0.004237434810885787
2013-01-28,0.009601512360264852
2013-01-29,-0.006976237371572602
2013-01-30,-0.001002511558538477
2013-01-31,0.008068035742138102
2013-02-01,0.016169796787641966
2013-02-04,-0.015539112645187925
2013-02-05,-0.010585745710619543
2013-02-06,0.04014924229074812
2013-02-07,-0.01052156034439633
2013-02-08,0.005674020015654424
2013-02-11,-0.017616753378614014
2013-02-12,0.012458099353897856
2013-02-13,0.016223665262899978
2013-02-14,-0.007775048566100784
2013-02-15,0.00458900443644672
2013-02-19,-0.0022278018930720345
2013-02-20,0.0014542617920259016
2013-02-21,-0.014138065047718529
2013-02-22,-0.023866148988806013
2013-02-25,0.01934574069631223
2013-02-26,0.008331017690351716
2013-02-27,-0.009806992433040063
2013-02-28,0.0022286688445425362
2013-03-01,-0.014668134764271423
2013-03-04,-0.008717910642089155
2013-03-05,0.020558287953027055
2013-03-06,0.017587712872573213
2013-03-07,0.004538511691693836
2013-03-08,0.015178477654337774
2013-03-11,-0.008758344096203019
2013-03-12,-0.005248396401622779
2013-03-13,0.004291013069525507
2013-03-14,0.010261129217979947
2013-03-15,0.0021542231430029535
2013-03-18,-0.043225077460128936
2013-03-19,0.007403032814437882
2013-03-20,0.015049491615944932
2013-03-21,-0.00673260362708239
2013-03-22,0.054153506808575225
2013-03-25,0.0018366548786574732
2013-03-26,0.010242642307037197
2013-03-27,-0.02156512791740761
2013-03-28,0.004193680784117637
2013-04-01,-0.008537127389261934
2013-04-02,0.01217646504071257
2013-04-03,0.00016550755502464654
2013-04-04,0.00014310287261598553
2013-04-05,-0.02727447326867971
2013-04-08,0.0011618712521346275
2013-04-09,0.003015904039734174
2013-04-10,0.008605987826221018
2013-04-11,-0.017688816436006283
2013-04-12,-0.011456558077272638
2013-04-15,-0.02372357745543019
2013-04-16,0.0258271249393065
2013-04-17,-0.03524926692361363
2013-04-18,0.024629002566697755
2013-04-19,0.007572119311165748
2013-04-22,0.007462151605670098
2013-04-23,0.016275415905998347
2013-04-24,-0.009442763870448179
2013-04-25,0.0005561858973384126
2013-04-26,-0.007692183967159094
2013-04-29,0.009243609905752237
2013-04-30,0.008231243049913184
2013-05-01,-0.006913532527959565
2013-05-02,-0.012536472418053446
2013-05-03,0.050106048424067184
2013-05-06,0.05163182951610934
2013-05-07,0.03813022178178449
2013-05-08,0.020556188265105746
2013-05-09,0.18386058699519436
2013-05-10,0.0
2013-05-13,0.0
2013-05-14,0.0
2013-05-15,-0.0049600770459986565
2013-05-16,0.008099663997498174
2013-05-17,0.02524072805417643
2013-05-20,0.015249446927465105
2013-05-21,-0.002543673942593472
2013-05-22,0.0006645208438158523
2013-05-23,-0.05542161462626105
2013-05-24,-0.0028774109000482273
2013-05-28,0.05249321372781046
2013-05-29,0.007779018458260456
2013-05-30,-0.011603246443200987
2013-05-31,0.009907701309334493
2013-06-03,0.005803118942992569
2013-06-04,-0.0005315736738944477
2013-06-05,-0.009433327140102254
2013-06-06,0.001215125445311438
2013-06-07,0.022555489492213754
2013-06-10,-0.014025746292468
2013-06-11,-0.026431087211618798
2013-06-12,0.03202380927982684
2013-06-13,0.010798452462765784
2013-06-14,0.02620036789950997
2013-06-17,0.07328955393490366
2013-06-18,0.0
2013-06-19,0.0
2013-06-20,0.0
2013-06-21,0.052691793772362994
2013-06-24,-0.013074972803042706
2013-06-25,0.03432043637667115
2013-06-26,0.023934662367080417
2013-06-27,0.020188532140615
2013-06-28,-0.006009096153310911
2013-07-01,0.023834404100064432
2013-07-02,-0.00675088850991179
2013-07-03,0.005124522737062653
2013-07-05,0.027231091004025876
2013-07-08,0.011073131062283359
2013-07-09,0.022319756411339764
2013-07-10,-0.010412498481856436
2013-07-11,0.0714305416363088
2013-07-12,0.0
2013-07-15,0.0
2013-07-16,0.0
2013-07-17,-0.010474330264180431
2013-07-18,0.013802664100998285
2013-07-19,-0.09733300732642236
2013-07-22,-0.007479730730570844
2013-07-23,0.008022744840005869
2013-07-24,0.022681161086770762
2013-07-25,-0.013421084091216673
2013-07-26,0.010332089688636747
2013-07-29,0.012601419442814565
2013-07-30,0.009606300243614863
2013-07-31,0.013139468662139775
2013-08-01,0.01769744981811039
2013-08-02,-0.009910282002453918
2013-08-05,0.015467181275761188
2013-08-06,-0.0018932568540470651
2013-08-07,-0.01498855635464269
2013-08-08,0.1035413955787301
2013-08-09,0.0
2013-08-12,0.0
2013-08-13,0.0
2013-08-14,-0.020909774415962867
2013-08-15,-0.04293101225751128
2013-08-16,0.011242720080596458
2013-08-19,0.008059096549923428
2013-08-20,0.0214400814865372
2013-08-21,0.0005184606450603368
2013-08-22,0.01569473411339395
2013-08-23,0.00932686613347622
2013-08-26,0.015558943138574755
2013-08-27,-0.02402445342147974
2013-08-28,0.00031692563113994154
2013-08-29,-0.007485809734524618
2013-08-30,0.0022270793107008746
2013-09-03,0.03786753258927367
2013-09-04,0.051680825319576185
2013-09-05,0.009685194606399827
2013-09-06,0.00268934170405033
2013-09-09,-0.001317659392435111
2013-09-10,0.020438183666757315
2013-09-11,0.003016922469374572
2013-09-12,0.0006544776555315046
2013-09-13,-0.01521063615729612
2013-09-16,0.03820591973351428
2013-09-17,-0.009412409923348908
2013-09-18,6.015054982611012e-05
2013-09-19,0.02418686282493332
2013-09-20,0.009021607330302439
2013-09-23,-0.0001577567590732576
2013-09-24,-0.0025557651918771684
2013-09-25,0.032278782127562744
2013-09-26,0.02272448029517049
2013-09-27,-0.005487098543776381
2013-09-30,-0.03321221426197174
2013-10-01,0.0031062599619084974
2013-10-02,-0.01293754885328502
2013-10-03,-0.007050448081297622
2013-10-04,0.01985508059787522
2013-10-07,0.010325573843837699
2013-10-08,0.017157590463487082
2013-10-09,0.002226881215350751
2013-10-10,0.027761864010590775
2013-10-11,-0.020469565182565486
2013-10-14,-0.03160848305182429
2013-10-15,0.019122609327946405
2013-10-16,0.012955729529566806
2013-10-17,0.0004487086732476442
2013-10-18,0.008102695788451353
2013-10-21,0.0097461443614415
2013-10-22,0.006052388536052167
2013-10-23,-0.027515164466922037
2013-10-24,-0.001975066966719008
2013-10-25,-0.0013495076198285494
2013-10-28,-0.0030015940672493135
2013-10-29,0.014183642457197498
2013-10-30,0.017023433711230274
2013-10-31,-0.016288065796955298
2013-11-01,0.02325782890276562
2013-11-04,0.022324555035659666
2013-11-05,0.0045058954624064285
2013-11-06,-0.04119890572834428
2013-11-07,0.018828757951727226
2013-11-08,-0.00021491868366974032
2013-11-11,0.004087553523425047
2013-11-12,0.0020187810344343138
2013-11-13,-0.02925019883007296
2013-11-14,-0.004964764605060901
2013-11-15,0.021561667752304725
2013-11-18,0.008067338605243224
2013-11-19,0.008401501882939755
2013-11-20,0.008247577202999956
2013-11-21,0.015701016306760573
2013-11-22,-0.0047919895968912
2013-11-25,0.01795467564420261
2013-11-26,0.0009098576468069552
2013-11-27,0.008825363681934428
2013-11-29,0.01815841152457276
2013-12-02,0.008675876117467451
2013-12-03,-0.0031803833915591273
2013-12-04,-0.011203930813286633
2013-12-05,-0.003933507611526221
2013-12-06,0.026973766185961923
2013-12-09,0.014046917756858956
2013-12-10,-0.0031145093495610343
2013-12-11,-0.013264942051072093
2013-12-12,0.025870461882186113
2013-12-13,0.007284836794859695
2013-12-16,0.0013428504404824348
2013-12-17,0.014021327903014358
2013-12-18,-0.012202858751986567
2013-12-19,-0.017372180397215775
2013-12-20,0.005876488741755059
2013-12-23,-0.01538495563319664
2013-12-24,0.009175093236047926
2013-12-26,0.0063109771223279765
2013-12-27,0.0039815891811403326
2013-12-30,-0.007139273737733376
2013-12-31,0.010289777074448114
2014-01-02,-0.0013432548747768225
2014-01-03,0.0021569896617485984
2014-01-06,-0.004781488002363665
2014-01-07,0.013176152830431276
2014-01-08,-0.002173721000213069
2014-01-09,0.008235844314344654
2014-01-10,0.006525596680433843
2014-01-13,-0.009684276999364583
2014-01-14,0.016970446481234358
2014-01-15,0.011403930700559783
2014-01-16,-0.0063928933855808
2014-01-17,0.0032152970204675224
2014-01-21,0.010507302734239277
2014-01-22,0.006573357784426248
2014-01-23,-0.01954632682018398
2014-01-24,-0.017082616803282047
2014-01-27,0.00338144063446455
2014-01-28,0.007903606287531728
2014-01-29,-0.0254153295444417
2014-01-30,0.12377368641789399
2014-01-31,0.0
2014-02-03,0.0
2014-02-04,0.0
2014-02-05,-0.013347315651259906
2014-02-06,0.0038251695798836582
2014-02-07,0.012045557952943264
2014-02-10,0.0014415340580695712
2014-02-11,-0.0006557422072582808
2014-02-12,0.005311306780937608
2014-02-13,-0.02516862823885413
2014-02-14,-0.020309936382166938
2014-02-18,0.008639515851277979
2014-02-19,-0.0005807535852465628
2014-02-20,0.004966504018268703
2014-02-21,0.01115672726911221
2014-02-24,0.004951408077138009
2014-02-25,0.010354317221032083
2014-02-26,0.04408684432706944
2014-02-27,-0.00816487111179276
2014-02-28,-0.017656032903733077
2014-03-03,-0.019197623555712306
2014-03-04,0.025244747060479966
2014-03-05,-0.0023889330592509195
2014-03-06,0.0018192851354321693
2014-03-07,0.009586109421026112
2014-03-10,-0.0013393391632428031
2014-03-11,0.0028929990953330265
2014-03-12,-0.008771437874499965
2014-03-13,0.016760741134353774
2014-03-14,0.0005876669627324915
2014-03-17,0.01366343322917607
2014-03-18,0.005164165526511111
2014-03-19,0.00035588135585706837
2014-03-20,-0.003667350410045289
2014-03-21,0.0068611700630691885
2014-03-24,0.008904879599534121
2014-03-25,0.011488274640812923
2014-03-26,0.013324718872286478
2014-03-27,0.002279001669665881
2014-03-28,-0.002324376941684192
2014-03-31,0.02223476041819561
2014-04-01,0.0064221522890479665
2014-04-02,0.009123824712868434
2014-04-03,0.013094591641594544
2014-04-04,0.01976969633018988
2014-04-07,-0.02396680333133705
2014-04-08,0.0211776102476553
2014-04-09,0.03886754876050946
2014-04-10,0.004423440701377901
2014-04-11,-0.024681478412496127
2014-04-14,0.011760765289057673
2014-04-15,-0.00197459844413006
2014-04-16,0.027063049342357814
2014-04-17,0.0027833565687851447
2014-04-21,0.01908476848405205
2014-04-22,0.009340533791318162
2014-04-23,0.010841490212073035
2014-04-24,0.029218344682474306
2014-04-25,-0.012555906790998606
2014-04-28,0.01209111013822839
2014-04-29,0.012970362552687575
2014-04-30,-0.0016566933041699539
2014-05-01,-0.004492111194715043
2014-05-02,0.020888307194047995
2014-05-05,-0.005669610982446449
2014-05-06,0.04064595317793973
2014-05-07,0.0045292373147642895
2014-05-08,-0.003347216146038834
2014-05-09,-0.00331314726085985
2014-05-12,0.01800427677040073
2014-05-13,0.003662850989855304
2014-05-14,-0.012452191578044891
2014-05-15,-0.0006917303924794949
2014-05-16,0.0004958551294589331
2014-05-19,0.013415529855501207
2014-05-20,0.006528788272464281
2014-05-21,0.009980234723425907
2014-05-22,-0.003010609043269774
2014-05-23,0.007820140726058522
2014-05-27,0.013198702803675522
2014-05-28,0.0036258983377408516
2014-05-29,0.009210580476614272
2014-05-30,0.014910222752702262
2014-06-02,0.008351699618078356
2014-06-03,-0.009057047570906529
2014-06-04,-0.010246191089881007
2014-06-05,0.007164008043674119
2014-06-06,0.018105736794219895
2014-06-09,0.0018313264810410068
2014-06-10,0.0014071963425259515
2014-06-11,0.023991509357645047
2014-06-12,-0.006275915234153828
2014-06-13,0.025367145779997546
2014-06-16,0.007740079152649182
2014-06-17,0.002093267887708139
2014-06-18,0.00825417753965163
2014-06-19,0.008787791801693201
2014-06-20,0.005680277941593204
2014-06-23,0.010184561426663574
2014-06-24,0.009779232628667867
2014-06-25,-0.0032015502874824797
2014-06-26,0.0011481231923176072
2014-06-27,-0.005505867065277337
2014-06-30,0.0191396715866734
2014-07-01,0.016308581514728138
2014-07-02,-0.005149231111467367
2014-07-03,0.016963724391474422
2014-07-07,0.0016262505377711012
2014-07-08,-0.003205165242689323
2014-07-09,-0.0031350576919872974
2014-07-10,-0.047647881842384
2014-07-11,0.00537022904232165
2014-07-14,0.023199781965949517
2014-07-15,0.002309802902900282
2014-07-16,0.010498012677625512
2014-07-17,-0.02588189533364338
2014-07-18,0.01564733373420024
2014-07-21,-0.007883901016679462
2014-07-22,0.009272222122260754
2014-07-23,-0.0003546155826834596
2014-07-24,0.029805009785492498
2014-07-25,-0.004118073610217654
2014-07-28,-0.0003248679176365288
2014-07-29,-0.00016456830958289093
2014-07-30,0.020366634489160207
2014-07-31,-0.04522165004537315
2014-08-01,0.014742421962895325
2014-08-04,0.00786369671758469
2014-08-05,-0.0121320515298724
2014-08-06,-0.00894657230401874
2014-08-07,0.005042305460019936
2014-08-08,0.006547930260601964
2014-08-11,0.013833302953949467
2014-08-12,-0.006263642860750762
2014-08-13,0.017259168924512736
2014-08-14,-0.007934348089724597
2014-08-15,0.018784818938439862
2014-08-18,-0.010467754486919278
2014-08-19,0.0054656526280254525
2014-08-20,-0.0012446101768388562
2014-08-21,-0.005398234552491998
2014-08-22,0.009166790150470394
2014-08-25,0.011369127133109558
2014-08-26,0.0018721656510130025
2014-08-27,0.008336352223603072
2014-08-28,-0.0021313675307109703
2014-08-29,0.02684089359137487
2014-09-02,0.0126845935408475
2014-09-03,0.0016901664441679731
2014-09-04,0.006867668632629886
2014-09-05,0.00046289043267022656
2014-09-08,0.0011532931732292084
2014-09-09,-0.0035876644989032425
2014-09-10,0.001542342748327874
2014-09-11,-0.007882667970518398
2014-09-12,-0.0009817096013479132
2014-09-15,0.004197158850081761
2014-09-16,-0.002260964907004004
2014-09-17,-0.0002691250802850931
2014-09-18,0.010708205264295945
2014-09-19,0.006887166841960335
2014-09-22,-0.009763516271254158
2014-09-23,-0.0017487486104121874
2014-09-24,0.0164089712644111
2014-09-25,0.0021420205918321056
2014-09-26,0.05146803272920808
2014-09-29,-0.021436901591185942
2014-09-30,0.006870097992227597
2014-10-01,0.0006364528442361905
2014-10-02,-0.0026186166718218384
2014-10-03,0.01174439951192574
2014-10-06,-0.0026998166283270786
2014-10-07,-0.01187447708149103
2014-10-08,0.001748121349291143
2014-10-09,-0.010482226265661532
2014-10-10,-0.04982834204493258
2014-10-13,0.032267315734270996
2014-10-14,0.051944447350146694
2014-10-15,-0.042069911282747396
2014-10-16,-0.03436918588407423
2014-10-17,0.03778518936612629
2014-10-20,0.005175936045278107
2014-10-21,0.027201012086790266
2014-10-22,0.008864720758219313
2014-10-23,0.025533862356344805
2014-10-24,0.011350322767585075
2014-10-27,0.01584243922226669
2014-10-28,0.01359719171013829
2014-10-29,-0.00037588598259641337
2014-10-30,-0.020169608431257258
2014-10-31,0.055067853532055455
2014-11-03,0.0024562617037422463
2014-11-04,-0.004914419761380184
2014-11-05,0.003715307267663226
2014-11-06,0.002419437559936677
2014-11-07,0.003281011735954076
2014-11-10,0.0012216545399459378
2014-11-11,0.0031274049225207268
2014-11-12,-0.003902410331130479
2014-11-13,0.0014560457784760228
2014-11-14,-0.0009004767558949966
2014-11-17,0.0035757043468340743
2014-11-18,0.0017615730492601678
2014-11-19,0.0024513009693480914
2014-11-20,-0.0053632109446452025
2014-11-21,0.03149394788646287
2014-11-24,0.018810280407238755
2014-11-25,0.011182450430390123
2014-11-26,0.00023165888163290127
2014-11-28,0.0025916004827359895
2014-12-01,-0.004579476863410981
2014-12-02,0.025853861403392964
2014-12-03,-0.020411852185073687
2014-12-04,0.06750259026522198
2014-12-05,0.0
2014-12-08,0.0
2014-12-09,0.0
2014-12-10,-0.007596670456043619
2014-12-11,0.0413022401657801
2014-12-12,-0.024969799139202165
2014-12-15,0.015497960135729683
2014-12-16,-0.010506977437261367
2014-12-17,0.043878190519540894
2014-12-18,0.03889666603079678
2014-12-19,0.0017786332941738259
2014-12-22,0.03334348084320027
2014-12-23,0.023714924891067746
2014-12-24,0.010661994903124139
2014-12-26,0.005181199773033995
2014-12-29,-0.006471640799120104
2014-12-30,-0.009781467344201156
2014-12-31,0.002806587981019515
2015-01-02,0.007955227198018333
2015-01-05,-0.012974804957351593
2015-01-06,0.015467696477801995
2015-01-07,0.02761736466104714
2015-01-08,0.022188732885940254
2015-01-09,0.004012646988844182
2015-01-12,0.0012197529562809617
2015-01-13,0.011601389835875775
2015-01-14,-0.024792767249094627
2015-01-15,0.012055164320256218
2015-01-16,-0.004534757998134187
2015-01-20,0.004685853288949993
2015-01-21,-0.005528637781109791
2015-01-22,0.01180766072696926
2015-01-23,-0.010081678901555757
2015-01-26,-0.0008043043188041832
2015-01-27,-0.03317113677589534
2015-01-28,0.026069594631321635
2015-01-29,-0.002295452170227197
2015-01-30,-0.018630725586115005
2015-02-02,0.00044390107971747916
2015-02-03,-0.001362890388701854
2015-02-04,-0.007345733668807752
2015-02-05,0.004989055069991588
2015-02-06,0.006060569161767226
2015-02-09,-0.015312029054883824
2015-02-10,0.014923093681145527
2015-02-11,-0.0025059831153598777
2015-02-12,0.00425671483605794
2015-02-13,0.00743519831364825
2015-02-17,0.004179009350402829
2015-02-18,0.0003340696020421863
2015-02-19,-0.0051108516413279625
2015-02-20,0.0044372334631936905
2015-02-23,0.008504158320609578
2015-02-24,0.001740232069251002
2015-02-25,-0.004637399147649046
2015-02-26,0.027391538186773534
2015-02-27,0.02129945293654445
2015-03-02,0.07568122863920856
2015-03-03,0.0
2015-03-04,0.0
2015-03-05,0.0
2015-03-06,-0.009230911674955156
2015-03-09,-0.0027509459635486344
2015-03-10,-0.027443282265088076
2015-03-11,0.0006537212262258674
2015-03-12,0.007187314299394565
2015-03-13,-0.005260121611712076
2015-03-16,0.012511558340686069
2015-03-17,-0.015103339926873516
2015-03-18,-0.006818046589681215
2015-03-19,-0.003723542387219614
2015-03-20,0.0140395427634743
2015-03-23,0.007584309932565203
2015-03-24,0.00598613808371784
2015-03-25,-0.004659535161896322
2015-03-26,-0.03736970582001842
2015-03-27,0.0014471943325786718
2015-03-30,0.016329876242260122
2015-03-31,-1.0926332104754799e-05
2015-04-01,-0.0028022101857118065
2015-04-02,0.021590195767593245
2015-04-06,-0.01738413818749729
2015-04-07,0.0016582375309692754
2015-04-08,-0.007540205868424077
2015-04-09,-0.011616139966230565
2015-04-10,0.0018942221183546604
2015-04-13,0.0007959081460531259
2015-04-14,-0.007790411158051902
2015-04-15,0.01277122283081078
2015-04-16,-0.014614946053985056
2015-04-17,-0.028843257614795115
2015-04-20,0.008938375791309294
2015-04-21,0.016789902241914678
2015-04-22,0.009015552022581419
2015-04-23,-0.03910179683245163
2015-04-24,0.0028413226748356113
2015-04-27,0.0060495448095305715
2015-04-28,-0.0010641816494515455
2015-04-29,-0.019567001643312154
2015-04-30,-0.007096230510700741
2015-05-01,0.015602945275540625
2015-05-04,0.011154864536477405
2015-05-05,-0.00601745891218497
2015-05-06,0.013725922320011463
2015-05-07,-0.001519766388895838
2015-05-08,0.016554364651288234
2015-05-11,0.0033192206226047016
2015-05-12,-0.007577538990343413
2015-05-13,0.01336849182146449
2015-05-14,0.011636131813912431
2015-05-15,0.007099552388208918
2015-05-18,-0.02179071324015469
2015-05-19,0.008676559749989599
2015-05-20,0.001778991945668551
2015-05-21,0.0022541873546086943
2015-05-22,0.005348732412429058
2015-05-26,0.010698249750341393
2015-05-27,0.005885978829097915
2015-05-28,0.021406049424472773
2015-05-29,0.00402851534802906
2015-06-01,0.009119136021781049
2015-06-02,-0.00653255224209659
2015-06-03,0.015370281358561222
2015-06-04,-0.01108194518203165
2015-06-05,-0.0029513055393526333
2015-06-08,-0.005214778331146586
2015-06-09,0.0018949082439621012
2015-06-10,-0.0005268041642150223
2015-06-11,-0.0029087369949293285
2015-06-12,-0.011052013436820163
2015-06-15,-0.03383224000834395
2015-06-16,-0.008447261170658749
2015-06-17,0.0009136635703219653
2015-06-18,0.01010764637520567
2015-06-19,0.009037289781658187
2015-06-22,-0.0018457502125811542
2015-06-23,0.004388104332058385
2015-06-24,-0.00032685533283349777
2015-06-25,0.002701694137355881
2015-06-26,-0.11125320707378283
2015-06-29,-0.029910780885716304
2015-06-30,0.018710536129429745
2015-07-01,0.03142895762714604
2015-07-02,0.001940099685930008
2015-07-06,-0.02075898309082147
2015-07-07,-0.01212211316019951
2015-07-08,-0.026247398852151327
2015-07-09,0.030681838670056694
2015-07-10,0.025903694428072166
2015-07-13,0.02452308580751006
2015-07-14,0.0832765848600292
2015-07-15,0.0
2015-07-16,0.0
2015-07-17,0.0
2015-07-20,0.0031138804491250838
2015-07-21,-0.000840746694814487
2015-07-22,-0.054098176698407996
2015-07-23,0.021776073203086943
2015-07-24,0.0089640566104221
2015-07-27,-0.020423293601879666
2015-07-28,0.015162222689452776
2015-07-29,0.006152466202852702
2015-07-30,-0.020420243547941697
2015-07-31,0.010287604423651286
2015-08-03,0.0157674237210359
2015-08-04,0.0023401621674838946
2015-08-05,0.01978795643464637
2015-08-06,0.0006350774932786241
2015-08-07,0.043741693940953175
2015-08-10,0.005533182880854026
2015-08-11,-0.025132514894393387
2015-08-12,-0.033344911978151925
2015-08-13,0.0017264772357037383
2015-08-14,0.0006727353638480427
2015-08-17,-0.023510303741804517
2015-08-18,-0.009250563302765857
2015-08-19,-0.010163610077173035
2015-08-20,-0.03812089240132077
2015-08-21,-0.033856999042523706
2015-08-24,-0.13226759842125402
2015-08-25,0.08886524374281479
2015-08-26,0.0
2015-08-27,0.0
2015-08-28,0.0
2015-08-31,-0.01043385709856981
2015-09-01,-0.06760821212782475
2015-09-02,0.04514730837237879
2015-09-03,0.02130768941243444
2015-09-04,-0.03665718657879491
2015-09-08,0.0685662056400822
2015-09-09,-0.010599418399199756
2015-09-10,0.0008337371465663157
2015-09-11,0.003689973496903587
2015-09-14,0.008755469145582673
2015-09-15,0.006885066323277567
2015-09-16,-0.003213093236000941
2015-09-17,0.010421628529297067
2015-09-18,-0.014245588308356538
2015-09-21,0.004173094002531741
2015-09-22,-0.022822189670169246
2015-09-23,-0.00016977477108193195
2015-09-24,-0.00231273330748194
2015-09-25,0.005849807371182125
2015-09-28,-0.008732602588655158
2015-09-29,0.0164104890639285
2015-09-30,0.016705355107172304
2015-10-01,-0.010746560434644059
2015-10-02,0.016288328313669442
2015-10-05,0.015271207171080547
2015-10-06,-0.004057368530007599
2015-10-07,0.009000396705964198
2015-10-08,-0.005190700078988919
2015-10-09,-0.007297621326262549
2015-10-12,0.014486690250095302
2015-10-13,-0.013104690482756753
2015-10-14,0.016544900218634417
2015-10-15,0.0016431961242504567
2015-10-16,0.002245737596234587
2015-10-19,-0.0006794425590711528
2015-10-20,-0.010639860807759804
2015-10-21,-0.012434573199180177
2015-10-22,0.0030821566259482402
2015-10-23,-0.0034722629497807578
2015-10-26,-0.008090022861768187
2015-10-27,-0.004845130897804251
2015-10-28,0.027124206376239135
2015-10-29,-0.051704292427004805
2015-10-30,0.01843558785635624
2015-11-02,0.021087823773472847
2015-11-03,-0.002122017923430475
2015-11-04,0.011326250976863017
2015-11-05,0.020199703258224844
2015-11-06,-0.0019850682746528348
2015-11-09,-0.012773725802709968
2015-11-10,-0.007670155015685021
2015-11-11,0.011301962788240916
2015-11-12,-0.005941757625386845
2015-11-13,-0.021433121458735993
2015-11-16,-0.012531847436529131
2015-11-17,0.0035802305561374315
2015-11-18,0.00927169904066072
2015-11-19,0.0789521887870841
2015-11-20,0.0
2015-11-23,0.0
2015-11-24,0.0
2015-11-25,0.0014056080679736294
2015-11-27,-0.0038402852802102982
2015-11-30,0.005578565724477569
2015-12-01,0.006257051275738279
2015-12-02,0.004164221944999991
2015-12-03,0.011038500973183263
2015-12-04,0.0010603801738358065
2015-12-07,0.002611072074873988
2015-12-08,-0.022246023200469756
2015-12-09,-0.003013815649333784
2015-12-10,0.0037496477234659764
2015-12-11,-0.027517306747444126
2015-12-14,0.0030282132541372686
2015-12-15,0.0193783912480332
2015-12-16,0.012078586882174003
2015-12-17,0.009101217769946546
2015-12-18,-0.008933136376622852
2015-12-21,0.01709761769228857
2015-12-22,0.0073947510928862314
2015-12-23,0.007473979273573628
2015-12-24,-0.0023598254537899876
2015-12-28,-0.0006267815503055996
2015-12-29,0.007195301629406181
2015-12-30,-0.002591854962267437
2015-12-31,-0.005983044899021572
2016-01-04,-0.04643172064753187
2016-01-05,0.020796620343543015
2016-01-06,-0.032009248667744905
2016-01-07,-0.03990950806833915
2016-01-08,0.019348398436578984
2016-01-11,0.003620215018904638
2016-01-12,0.02414952704893225
2016-01-13,0.013047138261869762
2016-01-14,-0.004571734375357295
2016-01-15,-0.06716918632000202
2016-01-19,0.031331132233434644
2016-01-20,-0.03742422629191278
2016-01-21,0.012332287457780478
2016-01-22,0.01878183221925034
2016-01-25,0.0006972997595606767
2016-01-26,0.0006206088554665534
2016-01-27,0.0065276427907565715
2016-01-28,0.024368696251377164
2016-01-29,0.005034138305623159
2016-02-01,0.016966784996345963
2016-02-02,-0.021539456458989803
2016-02-03,0.020033778259128
2016-02-04,0.000982160433570467
2016-02-05,-0.0010495011084475925
2016-02-08,-0.01271996829532307
2016-02-09,-0.013021659502811977
2016-02-10,0.011304267176534877
2016-02-11,-0.025959171333352127
2016-02-12,0.017668025206428073
2016-02-16,0.021235266421369525
2016-02-17,0.01115823447992792
2016-02-18,0.05538388692417273
2016-02-19,0.003795886313301855
2016-02-22,-0.008560373617996997
2016-02-23,0.005500784851474982
2016-02-24,-0.01196912250302995
2016-02-25,0.004330887458107169
2016-02-26,0.007532930628285195
2016-02-29,0.0002193769732745654
2016-03-01,0.006154232813538885
2016-03-02,-0.007249776110513473
2016-03-03,0.005983961757014766
2016-03-04,0.03943591243068312
2016-03-07,-0.02386073313623671
2016-03-08,-0.01061260243357276
2016-03-09,0.01166092059187851
2016-03-10,0.011903909383313316
2016-03-11,0.010978745100151732
2016-03-14,-0.009107000669702714
2016-03-15,0.001835627608853363
2016-03-16,-0.011141426794959886
2016-03-17,-0.003630781883160239
2016-03-18,0.004636145549582471
2016-03-21,-0.002342919067550797
2016-03-22,-0.003066522601650523
2016-03-23,0.0033358876284492744
2016-03-24,-0.012265766884543727
2016-03-28,-0.002101703874823113
2016-03-29,-0.01104695023653035
2016-03-30,0.0032310850610315356
2016-03-31,-0.005679110560118494
2016-04-01,-0.010601873654458305
2016-04-04,0.008644701375894792
2016-04-05,-0.006402789048826629
2016-04-06,-0.015394426164077601
2016-04-07,-0.009332424839508358
2016-04-08,0.0060532523449474684
2016-04-11,0.005611049388472011
2016-04-12,0.004700255486608684
2016-04-13,0.008238575384197144
2016-04-14,-0.006569698525484502
2016-04-15,-0.0007916439918840279
2016-04-18,0.0008071459972571748
2016-04-19,0.00695473488567111
2016-04-20,-0.0025374753690384777
2016-04-21,0.001586435789529439
2016-04-22,0.0027529397424779223
2016-04-25,-0.0065264093446923965
2016-04-26,0.008486437114886503
2016-04-27,-0.008226285232948327
2016-04-28,-0.005664100024506014
2016-04-29,-0.0058891317819216304
2016-05-02,0.015180820599586031
2016-05-03,-0.01949875375849619
2016-05-04,-0.018239279749636017
2016-05-05,0.018384372091995393
2016-05-06,0.02433010129785873
2016-05-09,-0.0029401649836642285
2016-05-10,0.008711969274058484
2016-05-11,-0.000513057704008224
2016-05-12,0.005877468787016005
2016-05-13,0.06414483422338546
2016-05-16,0.0
2016-05-17,0.0
2016-05-18,0.0
2016-05-19,-0.010829404440828805
2016-05-20,0.012294368863857486
2016-05-23,0.0074493303941143285
2016-05-24,0.005596141813958955
2016-05-25,0.004897689706495623
2016-05-26,0.0021976660430842454
2016-05-27,-0.003356637254477546
2016-05-31,0.010341832988420618
2016-06-01,-0.014568369755066146
2016-06-02,-0.002187650953897946
2016-06-03,-0.022074777693306347
2016-06-06,0.008951665258241093
2016-06-07,0.0213209756359094
2016-06-08,0.005406009797954248
2016-06-09,-0.015286230143047974
2016-06-10,-0.026124656239858823
2016-06-13,-0.0017714690300627556
2016-06-14,-0.0076934263443468875
2016-06-15,0.01594718432732911
2016-06-16,0.002076272268243251
2016-06-17,-0.00028443094830499227
2016-06-20,0.03969820988989481
2016-06-21,0.004496458964738936
2016-06-22,0.0026336112131275513
2016-06-23,0.036562651470172236
2016-06-24,-0.10499624167299648
2016-06-27,-0.010992363719311338
2016-06-28,0.05891695132508601
2016-06-29,0.03955863235785673
2016-06-30,0.005387695367953471
2016-07-01,-0.015734956757211038
2016-07-05,-0.012881179515251029
2016-07-06,-0.017519007986789625
2016-07-07,0.009000948663184571
2016-07-08,-0.011049853007377708
2016-07-11,0.015364397721164824
2016-07-12,0.0119392883456515
2016-07-13,0.003361320904785803
2016-07-14,0.01576981528937793
2016-07-15,-0.0033568730989786966
2016-07-18,0.019516726092657644
2016-07-19,-0.004093889658355221
2016-07-20,0.01541534468249095
2016-07-21,-1.1592903848556269e-05
2016-07-22,0.07158101303239706
2016-07-25,0.0
2016-07-26,0.0
2016-07-27,0.0
2016-07-28,-0.006275909583413064
2016-07-29,0.0073554175863432825
2016-08-01,0.00876009303512193
2016-08-02,-0.005873923188431718
2016-08-03,-0.011149439935372762
2016-08-04,0.012727154245481431
2016-08-05,0.020248397242640603
2016-08-08,0.019235523838809776
2016-08-09,0.013259039227601077
2016-08-10,-0.01911714930932651
2016-08-11,0.00834616766961016
2016-08-12,0.027587498294557422
2016-08-15,0.01208023225572652
2016-08-16,-0.002882520020039636
2016-08-17,-0.0027233320512696224
2016-08-18,0.012579876229429798
2016-08-19,0.0501683309101586
2016-08-22,0.017258643155696918
2016-08-23,0.018409171742775676
2016-08-24,0.0023314913540966042
2016-08-25,0.004027730341468194
2016-08-26,0.00644147864205924
2016-08-29,0.005920395908451503
2016-08-30,0.004002475790619853
2016-08-31,0.0017452682539971232
2016-09-01,-0.01704235773726881
2016-09-02,0.02689134052303288
2016-09-06,0.01077577642496852
2016-09-07,-0.02061324282249366
2016-09-08,-0.01935932216312153
2016-09-09,-0.01192833560953599
2016-09-12,-0.024690043666275363
2016-09-13,-0.0128312410725695
2016-09-14,0.007894457324763904
2016-09-15,0.0054412102386085515
2016-09-16,0.048556842835114855
2016-09-19,0.020435952537918745
2016-09-20,0.01915271484529324
2016-09-21,0.018251297586437065
2016-09-22,0.018947606440470333
2016-09-23,-0.010764929312495175
2016-09-26,-0.01357186125837151
2016-09-27,0.01765132405898484
2016-09-28,0.009985981382953257
2016-09-29,-0.0027390617888696234
2016-09-30,0.014639819512027863
2016-10-03,0.011733246899109817
2016-10-04,0.015170409148355768
2016-10-05,-0.003702129389578479
2016-10-06,-0.01617174449827552
2016-10-07,0.0002475946244613336
2016-10-10,0.014568006848230342
2016-10-11,-0.00989381713427595
2016-10-12,0.012427766472959512
2016-10-13,-0.028653085283512292
2016-10-14,0.059453430450054245
2016-10-17,0.012408295615040421
2016-10-18,0.026874350950157666
2016-10-19,-0.02317484739200082
2016-10-20,0.005180255086728813
2016-10-21,-0.054175787228888606
2016-10-24,0.014769370892863565
2016-10-25,-0.010029447824795534
2016-10-26,-0.02357704200510813
2016-10-27,0.025601879172759245
2016-10-28,0.004931280860400289
2016-10-31,0.01905524201628106
2016-11-01,0.012288572699531652
2016-11-02,-0.0017025652434811134
2016-11-03,0.004275608749414239
2016-11-04,-0.011827347805834942
2016-11-07,0.05649840775867254
2016-11-08,-0.011079569987295534
2016-11-09,-0.0642671690050638
2016-11-10,0.00886638895746139
2016-11-11,0.1549988795997801
2016-11-14,0.0
2016-11-15,0.0
2016-11-16,0.0
2016-11-17,0.019398483621020146
2016-11-18,0.007603568694175777
2016-11-21,0.023706070421449565
2016-11-22,0.01562838440799319
2016-11-23,8.361305996174018e-05
2016-11-25,0.0045318301628567426
2016-11-28,-0.004197657185255443
2016-11-29,0.009720764048790853
2016-11-30,0.01471372781049518
2016-12-01,0.0058282918913339365
2016-12-02,-0.012089551075763483
2016-12-05,0.03156275956056809
2016-12-06,0.02348993782108355
2016-12-07,0.02557327506943996
2016-12-08,0.03466211147109877
2016-12-09,0.009972507086549065
2016-12-12,-0.016938934750505674
2016-12-13,0.012086506202749092
2016-12-14,-0.0035635724476833497
2016-12-15,0.013989211809212199
2016-12-16,0.02036073714223252
2016-12-19,0.009929339051271135
2016-12-20,0.046411648622804336
2016-12-21,0.011999873912376335
2016-12-22,0.09217610478655591
2016-12-23,0.0
2016-12-27,0.0
2016-12-28,0.0
2016-12-29,-0.05029109373733398
2016-12-30,0.008243669976289114
2017-01-03,-0.005349916714426972
2017-01-04,0.013798413194497927
2017-01-05,0.0020868886938461007
2017-01-06,0.015063221830484919
2017-01-09,0.002506246834843351
2017-01-10,0.007371696345060075
2017-01-11,-0.002001436732407713
2017-01-12,-0.028644230135781434
2017-01-13,0.001694511050949865
2017-01-17,-0.03762365617609298
2017-01-18,-0.02658496924695042
2017-01-19,-0.021016173986755482
2017-01-20,0.019172913139035686
2017-01-23,-0.006132217898618841
2017-01-24,0.01686475223520234
2017-01-25,0.04588758602423626
2017-01-26,0.00747130761173298
2017-01-27,0.007055744017358867
2017-01-30,-0.012366128311791624
2017-01-31,-0.013453073567056828
2017-02-01,0.051469482771657526
2017-02-02,-0.014151425557669461
2017-02-03,0.00819083799502307
2017-02-06,0.00787071164370956
2017-02-07,0.03528999056550619
2017-02-08,-0.017583452943326527
2017-02-09,0.027091135452008253
2017-02-10,0.04928306220745848
2017-02-13,0.005095683270014639
2017-02-14,-0.020426832682702623
2017-02-15,-0.0037230064800685136
2017-02-16,0.0004580600739436669
2017-02-17,-0.01180037654468713
2017-02-21,0.02814282500129739
2017-02-22,0.019754524953449426
2017-02-23,-0.03062276883054149
2017-02-24,-0.05235094309673083
2017-02-27,0.01538708981146586
2017-02-28,0.014297098280946052
2017-03-01,0.06423742251155762
2017-03-02,0.0
2017-03-03,0.0
2017-03-06,0.0
2017-03-07,-0.0023557879136211213
2017-03-08,0.02345030492182887
2017-03-09,0.0032619827718674
2017-03-10,0.01918742791543049
2017-03-13,0.03570304324997631
2017-03-14,-0.012521608391330097
2017-03-15,-0.01143801372120734
2017-03-16,-0.004223092684483176
2017-03-17,-0.0015139732028889297
2017-03-20,0.01876191574694941
2017-03-21,-0.001974526773037777
2017-03-22,-0.0031356840350087456
2017-03-23,-0.0009185014995484186
2017-03-24,0.11119261642331679
2017-03-27,0.0
2017-03-28,0.0
2017-03-29,0.0
2017-03-30,0.0004346168565203534
2017-03-31,0.0029874271810081954
2017-04-03,0.0035666751311118627
2017-04-04,-0.04961729197997444
2017-04-05,0.0017878886589297593
2017-04-06,-0.034121954848039815
2017-04-07,0.0007745520008832774
2017-04-10,-0.0014368109489250047
2017-04-11,-0.01576689346603455
2017-04-12,-0.0022558026703165535
2017-04-13,-0.023272585629452558
2017-04-17,0.01978306210795
2017-04-18,-0.0154308913831116
2017-04-19,0.019589153986745655
2017-04-20,0.017084346301237785
2017-04-21,-0.0033371602926558497
2017-04-24,0.030436169491788956
2017-04-25,0.01291839971428077
2017-04-26,-0.01008596953415497
2017-04-27,0.012373623460962602
2017-04-28,0.013027156808195217
2017-05-01,0.013665567898449638
2017-05-02,-0.09956096156592009
2017-05-03,-0.009023348454644697
2017-05-04,0.010436550836326441
2017-05-05,-0.0007971844517847826
2017-05-08,-0.010086435694999452
2017-05-09,0.0026801506214129134
2017-05-10,0.09438773140897028
2017-05-11,0.0
2017-05-12,0.0
2017-05-15,0.0
2017-05-16,0.02636658927510549
2017-05-17,-0.07797756654888532
2017-05-18,0.000494774741718329
2017-05-19,0.03906976705810283
2017-05-22,0.022456651006644845
2017-05-23,8.8102779824073e-05
2017-05-24,0.03315627340869831
2017-05-25,0.019055217407456082
2017-05-26,-0.013108597774122766
2017-05-30,0.00974431171111334
2017-05-31,0.025299027294301224
2017-06-01,0.006096926440999573
2017-06-02,-4.38426618919463e-05
2017-06-05,-0.008131550544555277
2017-06-06,-0.005419337715958372
2017-06-07,0.009581162897228435
2017-06-08,0.03306155158752366
2017-06-09,0.027697186229541204
2017-06-12,-0.0310083267173481
2017-06-13,0.022136716831052894
2017-06-14,0.007725975042645938
2017-06-15,-0.0434662180294908
2017-06-16,0.002600478761342284
2017-06-19,0.034782080615549216
2017-06-20,0.011568498240876579
2017-06-21,0.005366753656071754
2017-06-22,0.0028949519782019983
2017-06-23,-0.009502030319428978
2017-06-26,0.02297447452239365
2017-06-27,-0.008900770170490513
2017-06-28,0.0320945315514225
2017-06-29,-0.010270605993699666
2017-06-30,0.021361970921724982
2017-07-03,0.015765407264115572
2017-07-05,0.026637927694895813
2017-07-06,-0.02784462473637761
2017-07-07,0.01567461557643335
2017-07-10,0.014925094030599606
2017-07-11,0.0017434663459543476
2017-07-12,0.028882345948661348
2017-07-13,0.007753640282061491
2017-07-14,0.003644874458171188
2017-07-17,0.008158088456748036
2017-07-18,-0.014485259694125618
2017-07-19,0.007427630411759534
2017-07-20,0.009434883978103326
2017-07-21,-0.0031856172012195705
2017-07-24,-0.0028805481305660408
2017-07-25,-0.025001753744933408
2017-07-26,0.01211027683500876
2017-07-27,0.021590124786783793
2017-07-28,-0.016041767611333024
2017-07-31,0.017129444308772168
2017-08-01,0.0030628231649063586
2017-08-02,0.016362521148610476
2017-08-03,-0.00660569498377106
2017-08-04,0.003684404276489417
2017-08-07,0.017152778109292832
2017-08-08,0.008481350140675303
2017-08-09,-0.026359419783958837
2017-08-10,-0.012317809634102561
2017-08-11,-0.03332676516973454
2017-08-14,0.045050492445570356
2017-08-15,0.014061280126732356
2017-08-16,0.0152757172620821
2017-08-17,-0.01328640880703924
2017-08-18,0.021265833220267538
2017-08-21,0.009398268804435839
2017-08-22,0.01791292568210845
2017-08-23,-0.017576025591529154
2017-08-24,0.01854797515335549
2017-08-25,0.006503127154709132
2017-08-28,0.01048159069608734
2017-08-29,-0.03066118550633712
2017-08-30,0.005884862672701052
2017-08-31,0.013737936736375689
2017-09-01,0.008321131281781469
2017-09-05,-0.015876719736405254
2017-09-06,0.01001579315905654
2017-09-07,0.008574912818087643
2017-09-08,-0.005038846512691708
2017-09-11,0.023858701024357165
2017-09-12,0.011721088458348738
2017-09-13,0.0036476239240459396
2017-09-14,-0.01190901665522337
2017-09-15,0.01488922260775949
2017-09-18,0.03332573564570196
2017-09-19,-0.004957039250432449
2017-09-20,0.0031088765290006037
2017-09-21,-0.015230002843787172
2017-09-22,-0.009657595658102314
2017-09-25,-0.00796378987158941
2017-09-26,0.036553181110342337
2017-09-27,0.0770286320603597
2017-09-28,0.0
2017-09-29,0.0
2017-10-02,0.0
2017-10-03,0.0016055935061454196
2017-10-04,-0.006114460151524614
2017-10-05,0.008594154982771718
2017-10-06,-0.01127043304016484
2017-10-09,0.006931853159282797
2017-10-10,0.03500245834338189
2017-10-11,-0.018191126373053756
2017-10-12,-0.00617080126435654
2017-10-13,0.017962543180026103
2017-10-16,0.01592831334720146
2017-10-17,0.001008125372016666
2017-10-18,0.020612150244247784
2017-10-19,-0.02510068372356944
2017-10-20,0.01850292152674271
2017-10-23,0.011458619415712912
2017-10-24,0.006667884935512847
2017-10-25,-0.010145988503324266
2017-10-26,0.010992910323583516
2017-10-27,0.01115086425517764
2017-10-30,-0.005580125027818572
2017-10-31,0.017476218163909207
2017-11-01,0.02141856752306137
2017-11-02,-0.008104490557306665
2017-11-03,0.011768738662664813
2017-11-06,-0.0010147570097494008
2017-11-07,0.007722549886396646
2017-11-08,-0.0020511990342898523
2017-11-09,-0.02431726570378434
2017-11-10,0.02779159631198347
2017-11-13,-0.013192572169479111
2017-11-14,-0.0006299757134234918
2017-11-15,-0.011475048473162608
2017-11-16,0.01704772854883929
2017-11-17,0.023886677241842458
2017-11-20,0.011001699850344382
2017-11-21,0.02144265229084996
2017-11-22,0.010352737657491229
2017-11-24,0.007308382430707194
2017-11-27,-0.035103215521867015
2017-11-28,0.0084161874379729
2017-11-29,-0.012855994533399029
2017-11-30,0.025323887061778017
2017-12-01,-0.023105764156675535
2017-12-04,0.009924721204345621
2017-12-05,-0.028283451492949307
2017-12-06,-0.016456028503179287
2017-12-07,0.020133162840212826
2017-12-08,0.029205505085028394
2017-12-11,0.005681449513894377
2017-12-12,-0.00953221671801352
2017-12-13,0.015697798282420017
2017-12-14,0.006563207451945496
2017-12-15,0.012337989613116163
2017-12-18,0.02668719857241264
2017-12-19,0.00513543054452259
2017-12-20,0.04713083905706328
2017-12-21,-0.00072852714791527
2017-12-22,-0.010654081381033187
2017-12-26,-0.02711370815090841
2017-12-27,-0.0024759411342705206
2017-12-28,0.012045743054614366
2017-12-29,0.001492239835881204
2018-01-02,0.020233497690228752
2018-01-03,0.028302756256645134
2018-01-04,0.027931100551230603
2018-01-05,-0.005046753788715774
2018-01-08,-0.009470458021990646
2018-01-09,0.0017055675044255203
2018-01-10,-0.02694487308588467
2018-01-11,0.009970839595121461
2018-01-12,0.0016863881082109788
2018-01-16,0.016663916213999874
2018-01-17,0.011169154328839692
2018-01-18,-0.006548170697609379
2018-01-19,0.0044266916126327605
2018-01-22,-0.004924972851269138
2018-01-23,0.008314196758709702
2018-01-24,0.001877783971879765
2018-01-25,0.023049871977491865
2018-01-26,0.011262951333816718
2018-01-29,-0.009053841311526978
2018-01-30,-0.03988616855341354
2018-01-31,0.04316236694435993
2018-02-01,-0.012092917270289272
2018-02-02,-0.020680559631351736
2018-02-05,-0.031010634712330454
2018-02-06,-0.021304035835695956
2018-02-07,0.018253603284193343
2018-02-08,-0.0173607167242652
2018-02-09,0.038253348337500714
2018-02-12,0.01898279994593355
2018-02-13,-0.011404442262091696
2018-02-14,-0.011686623965961207
2018-02-15,0.016466652358279044
2018-02-16,-0.005943181743906734
2018-02-20,-0.008366685188173628
2018-02-21,-0.010487710493136237
2018-02-22,0.006356077839380525
2018-02-23,0.025639641081350195
2018-02-26,0.012931372193677015
2018-02-27,-0.006600530255424397
2018-02-28,0.012357405083104123
2018-03-01,-0.0037603058074031637
2018-03-02,-0.03691010357560076
2018-03-05,-0.00699008666541634
2018-03-06,0.031949319071427285
2018-03-07,-0.021129152829766795
2018-03-08,0.01908776758829167
2018-03-09,0.005514490016062856
2018-03-12,0.025035731397190952
2018-03-13,0.03854422428441495
2018-03-14,0.008584949908881034
2018-03-15,-0.010463187349625147
2018-03-16,0.016905883925683485
2018-03-19,-0.012416276312117613
2018-03-20,-0.0002575830314404115
2018-03-21,-0.005803943617477714
2018-03-22,-0.02799431284610554
2018-03-23,-0.01451254303104077
2018-03-26,0.054123462703763225
2018-03-27,0.008369993921991226
2018-03-28,-0.018077454370922008
2018-03-29,0.020540173764870717
2018-04-02,-0.015725852620024683
2018-04-03,0.023098353322932974
2018-04-04,-0.05717728342073025
2018-04-05,0.033492119310010615
2018-04-06,-0.035386400674791485
2018-04-09,0.023731992006358338
2018-04-10,0.04223476175882945
2018-04-11,0.007324627514371906
2018-04-12,0.02517245465615714
2018-04-13,0.01971207410726783
2018-04-16,0.01872984960080193
2018-04-17,0.06481179591029518
2018-04-18,0.0
2018-04-19,0.0
2018-04-20,0.0
2018-04-23,0.018180246885878493
2018-04-24,0.011717505190988797
2018-04-25,-0.00030354082308281516
2018-04-26,0.027790829481338264
2018-04-27,0.06064515418269911
2018-04-30,0.0
2018-05-01,0.0
2018-05-02,0.0
2018-05-03,-0.004936271088406996
2018-05-04,-0.012344848988821822
2018-05-07,0.023579777431571802
2018-05-08,6.474412433554733e-05
2018-05-09,0.00036881313336767363
2018-05-10,0.02060799472815078
2018-05-11,-0.023559075872420343
2018-05-14,0.027029287021780757
2018-05-15,-0.0033196093911140867
2018-05-16,0.016812591399849586
2018-05-17,-0.01221669462162056
2018-05-18,-0.0066133706053815855
2018-05-21,0.055321065507799805
2018-05-22,0.047690947950426166
2018-05-23,-0.012331179148402982
2018-05-24,0.0027619441554715962
2018-05-25,-0.004169921553611844
2018-05-29,-0.005549774849898825
2018-05-30,0.019123738036609828
2018-05-31,-0.03936080547260834
2018-06-01,0.024990853710671113
2018-06-04,-0.005880913027611068
2018-06-05,0.013185397277097888
2018-06-06,0.0036089825700436062
2018-06-07,0.008876253368295117
2018-06-08,-0.016402012064424376
2018-06-11,0.0069073212064871825
2018-06-12,0.01062923189551479
2018-06-13,0.009123174637311715
2018-06-14,0.018169361155597086
2018-06-15,-0.012318538475365903
2018-06-18,-0.017999948231850804
2018-06-19,-0.02089652619936455
2018-06-20,0.03168987788178068
2018-06-21,0.03664201538763345
2018-06-22,0.009559591534644696
2018-06-25,-0.03715690640369862
2018-06-26,0.0336573884489062
2018-06-27,0.02395146085647104
2018-06-28,0.004039707665675962
2018-06-29,0.01940427900410069
2018-07-02,-0.025205181542163113
2018-07-03,0.008352117149189375
2018-07-05,0.01587159800618143
2018-07-06,-0.0021757745331237865
2018-07-09,0.032881405746795433
2018-07-10,-0.003743365450411318
2018-07-11,-0.024936882461050747
2018-07-12,0.003791464091253305
2018-07-13,0.0005946557935372354
2018-07-16,0.01478246545242512
2018-07-17,-0.09632461458573593
2018-07-18,0.007329653045377471
2018-07-19,-0.017641310392400578
2018-07-20,0.003695554119230504
2018-07-23,-0.005268100674945986
2018-07-24,0.021461880336248296
2018-07-25,0.005017810226960684
2018-07-26,0.02870415629886547
2018-07-27,0.058153934570916554
2018-07-30,0.013725988208040274
2018-07-31,-0.0065453917603965905
2018-08-01,-0.000297250511419489
2018-08-02,-0.023618675932011057
2018-08-03,0.0041488951360204585
2018-08-06,0.00797171008836739
2018-08-07,0.01559904534426293
2018-08-08,-0.004664748167074295
2018-08-09,-0.008291613440772894
2018-08-10,0.14548311146371518
2018-08-13,0.0
2018-08-14,0.0
2018-08-15,0.0
2018-08-16,0.026221674580011234
2018-08-17,-0.02046857178458583
2018-08-20,0.010032674858187596
2018-08-21,0.01512720555186342
2018-08-22,0.0019522307509520775
2018-08-23,0.006317900455547365
2018-08-24,0.02661512780090769
2018-08-27,0.04342755704112222
2018-08-28,0.01623246792497479
2018-08-29,-0.021975832070174728
2018-08-30,-0.0009037416938916243
2018-08-31,-0.006393321784414319
2018-09-04,0.007048416698335336
2018-09-05,-0.007020739354777317
2018-09-06,-0.019372427262683956
2018-09-07,0.0236276827588493
2018-09-10,0.01398918119320891
2018-09-11,-0.03116040829182376
2018-09-12,-0.05277704000765582
2018-09-13,0.026575803451222235
2018-09-14,0.015720411692901504
2018-09-17,-0.002844629420887701
2018-09-18,0.011235252310392907
2018-09-19,0.006831003106968936
2018-09-20,0.011050114806752331
2018-09-21,-0.019014368653428537
2018-09-24,-0.011344089401486568
2018-09-25,0.0045578667096999315
2018-09-26,-0.010141412323011467
2018-09-27,0.002449088527554988
2018-09-28,0.005788671964790604
2018-10-01,0.013651416998712973
2018-10-02,-0.025430592321602163
2018-10-03,0.022118212747124
2018-10-04,-0.01798723513907663
2018-10-05,0.002904674607019153
2018-10-08,-0.02952964436526062
2018-10-09,-0.0028239576012121237
2018-10-10,-0.0057617546757163796
2018-10-11,-0.022454669121408477
2018-10-12,0.10719389630852905
2018-10-15,0.0
2018-10-16,0.0
2018-10-17,0.0
2018-10-18,-0.016686855985662108
2018-10-19,0.017842669429115166
2018-10-22,0.034485437889518966
2018-10-23,-0.06144876643600705
2018-10-24,-0.002539586878342437
2018-10-25,-0.11623611766487207
2018-10-26,-0.09314262566973108
2018-10-29,0.04444012240602335
2018-10-30,-0.05383688551040222
2018-10-31,0.06541281916494746
2018-11-01,0.0
2018-11-02,0.0
2018-11-05,0.0
2018-11-06,-0.0033771843242346167
2018-11-07,0.02813065627992173
2018-11-08,-0.016494247754922142
2018-11-09,-0.03525381886017831
2018-11-12,-0.04907903430700766
2018-11-13,0.023355494751237327
2018-11-14,0.042665832038283336
2018-11-15,0.0003918728977267971
2018-11-16,-0.12720161495672622
2018-11-19,-0.010055077854340566
2018-11-20,-0.0761356585453632
2018-11-21,0.029606586092935094
2018-11-23,-0.01099100198190417
2018-11-26,0.03800914246782905
2018-11-27,-0.010984707911364522
2018-11-28,0.017219298979469944
2018-11-29,-0.0044727532380093304
2018-11-30,-0.003200204528823858
2018-12-03,0.05475593109408727
2018-12-04,0.004665592557437481
2018-12-06,0.018264521969186598
2018-12-07,0.004279630036766013
2018-12-10,-0.014802928274434857
2018-12-11,0.022184250920455506
2018-12-12,0.012299214143958181
2018-12-13,0.013807683920756597
2018-12-14,-0.011596641775826866
2018-12-17,-0.0033289984693510855
2018-12-18,0.016186472047852174
2018-12-19,-0.045800447272310585
2018-12-20,0.005982212490795336
2018-12-21,0.008750890118426113
2018-12-24,-0.022619640347568803
2018-12-26,0.014488761543461237
2018-12-27,-0.013886488042200718
2018-12-28,0.004766648283168751
2018-12-31,0.015501769176398783
2019-01-02,-0.018841253355842413
2019-01-03,-0.03275160602539917
2019-01-04,0.01923071972034185
2019-01-07,0.02643758223247783
2019-01-08,0.018780238977947006
2019-01-09,0.03165136287303816
2019-01-10,-0.0007796071963418472
2019-01-11,-0.006008930566423487
2019-01-14,-0.02562124956860523
2019-01-15,0.011139256981865353
2019-01-16,0.005065556919727321
2019-01-17,-0.011238679745048885
2019-01-18,0.015448936108278577
2019-01-22,-0.01208217047975646
2019-01-23,0.01099371455249143
2019-01-24,0.03616037200432509
2019-01-25,0.010923286282131794
2019-01-28,-0.11427837679032182
2019-01-29,-0.005450145162238185
2019-01-30,0.024489185103369726
2019-01-31,-0.015150201767063165
2019-02-01,0.010741081749567893
2019-02-04,-0.0005767095356734586
2019-02-05,0.0070788692717052015
2019-02-06,-0.005988815987282181
2019-02-07,-0.006262914246201512
2019-02-08,-0.00669307652725426
2019-02-11,0.017654721680327556
2019-02-12,0.015997528153162577
2019-02-13,-0.001331717920377895
2019-02-14,-0.006117417387464408
2019-02-15,0.020363663383934583
2019-02-19,0.00323341589957038
2019-02-20,-0.004811464501827789
2019-02-21,0.0015718814869587483
2019-02-22,0.033381806090765576
2019-02-25,0.008807461686316076
2019-02-26,-0.0024995752127515702
2019-02-27,0.006374678108729048
2019-02-28,0.0017917343852007495
2019-03-01,0.020362123899325013
2019-03-04,0.005875948583355051
2019-03-05,0.010823955492190729
2019-03-06,0.01088106421414814
2019-03-07,-0.005956765202815961
2019-03-08,-0.04422529164849154
2019-03-11,0.026837662495658998
2019-03-12,0.016210416263471528
2019-03-13,-0.06147626834290021
2019-03-14,0.004894465436905193
2019-03-15,0.010088106071962866
2019-03-18,0.01455150122693305
2019-03-19,0.009717928155781319
2019-03-20,2.2678283636112795e-05
2019-03-21,-0.007379608425057027
2019-03-22,-0.0068555294408650935
2019-03-25,-0.007278716345251013
2019-03-26,0.021325980066868144
2019-03-27,-0.0013944053443354365
2019-03-28,0.007762681252370562
2019-03-29,0.024680446060384664
2019-04-01,0.03838560287592574
2019-04-02,0.0031989550347724105
2019-04-03,0.014534663939104187
2019-04-04,-0.0008818817424502967
2019-04-05,0.012140217443570522
2019-04-08,-0.002942806847406998
2019-04-09,-0.022143435585107674
2019-04-10,0.0025682839905429855
2019-04-11,0.005379670014757032
2019-04-12,0.011353329296894366
2019-04-15,-0.0017949909449422874
2019-04-16,0.00547153501743769
2019-04-17,0.008916212296821824
2019-04-18,0.007327246341436444
2019-04-22,-0.0034190196127251715
2019-04-23,0.05078379605983718
2019-04-24,0.004863157922192274
2019-04-25,0.01798232481905604
2019-04-26,-0.002065913488692228
2019-04-29,0.002924491815695207
2019-04-30,-9.773823413772309e-05
2019-05-01,0.009902933692328864
2019-05-02,0.003232514341559467
2019-05-03,0.005241859290515238
2019-05-06,-0.077690149056024
2019-05-07,-0.02228039156700734
2019-05-08,-0.03900427484730151
2019-05-09,-0.03235757340362233
2019-05-10,-0.006985290595084459
2019-05-13,-0.068426933777323
2019-05-14,0.01583888093818131
2019-05-15,-0.023748858440210574
2019-05-16,-0.011139164806652113
2019-05-17,-0.021483865428461812
2019-05-20,-0.044545762638708464
2019-05-21,0.0306822587936888
2019-05-22,-0.01678242236011751
2019-05-23,-0.02630415963630528
2019-05-24,0.012595534877982262
2019-05-28,0.02421646450071191
2019-05-29,-0.010704496457736079
2019-05-30,0.010821371575364225
2019-05-31,-0.03192439692511451
2019-06-03,0.03286363573499984
2019-06-04,0.03647369386075483
2019-06-05,0.035875137528376344
2019-06-06,0.002464111517937795
2019-06-07,0.007569713083487084
2019-06-10,0.02683046997973748
2019-06-11,0.05169127461223111
2019-06-12,-0.02787779897976317
2019-06-13,0.010751601302524838
2019-06-14,-0.09106861356254903
2019-06-17,-0.005504955249036603
2019-06-18,0.02648031276525642
2019-06-19,0.015719366898858445
2019-06-20,0.04563007912223149
2019-06-21,-0.010873681024040183
2019-06-24,0.006497799599530341
2019-06-25,0.003991871643225453
2019-06-26,0.09264356202653601
2019-06-27,0.0
2019-06-28,0.0
2019-07-01,0.0
2019-07-02,-0.005598546626330858
2019-07-03,0.003400719007869757
2019-07-05,-0.01695150652162669
2019-07-08,0.0014007228204973021
2019-07-09,-0.014105193972508201
2019-07-10,0.014934561051819006
2019-07-11,0.010066589455222985
2019-07-12,-0.006337697064699888
2019-07-15,0.009067897207214903
2019-07-16,-0.00550995708091373
2019-07-17,0.00368667932016975
2019-07-18,-0.014987338041382858
2019-07-19,0.009954077687923002
2019-07-22,0.01875663392692828
2019-07-23,0.0030922986754007287
2019-07-24,0.0022786856855161464
2019-07-25,-0.021589571598321755
2019-07-26,0.01856280936396293
2019-07-29,0.003252785578607975
2019-07-30,-0.014690385739882128
2019-07-31,-0.03187141942163474
2019-08-01,0.001070653670062427
2019-08-02,-0.023813360107984072
2019-08-05,-0.07106885966242316
2019-08-06,0.04198097429175118
2019-08-07,-0.02552507574108387
2019-08-08,0.07267804669722744
2019-08-09,0.0
2019-08-12,0.0
2019-08-13,0.0
2019-08-14,-0.05077623862191272
2019-08-15,0.016684776213504726
2019-08-16,0.030187765044706216
2019-08-19,0.024555461815620072
2019-08-20,-0.01642437922997997
2019-08-21,0.021004755681631293
2019-08-22,0.011977479722093065
2019-08-23,-0.017490644617839224
2019-08-26,0.03530327564210678
2019-08-27,0.017141681741202452
2019-08-28,-0.017973904128493978
2019-08-29,0.034348190667571776
2019-08-30,0.011505467925691626
2019-09-03,-0.025871803000419247
2019-09-04,0.026785492488184293
2019-09-05,0.03706129027304894
2019-09-06,-0.010919230365000976
2019-09-09,0.013939039531466468
2019-09-10,-0.021127406930641524
2019-09-11,-0.1421015554649363
2019-09-12,0.016900159823659333
2019-09-13,-0.0023764245893935776
2019-09-16,-0.01846059930959687
2019-09-17,0.010258951672875716
2019-09-18,-0.003909853892538062
2019-09-19,0.006812461650347323
2019-09-20,0.005680407316759339
2019-09-23,-0.005616062142381306
2019-09-24,0.017073922180170786
2019-09-25,-0.007830021280632149
2019-09-26,0.007495878474363282
2019-09-27,-0.004324719562205481
2019-09-30,0.0038587070429147996
2019-10-01,0.00471475245304398
2019-10-02,-0.015593359913240734
2019-10-03,0.00520622527217296
2019-10-04,0.017153315760528143
2019-10-07,-0.00041266154013741563
2019-10-08,-0.026201567847533025
2019-10-09,0.03529324148079849
2019-10-10,0.012637975492726161
2019-10-11,0.04146777639592436
2019-10-14,-0.006987783894571664
2019-10-15,0.008879153571871523
2019-10-16,-0.02444519587513949
2019-10-17,0.02207068889501973
2019-10-18,-0.0014742747766302022
2019-10-21,0.022461451192317572
2019-10-22,0.0001789961576454946
2019-10-23,-0.025719156369210294
2019-10-24,0.02683874842194056
2019-10-25,-0.006059254527642888
2019-10-28,0.022894314845517183
2019-10-29,0.0410278242378983
2019-10-30,-0.002272150349163282
2019-10-31,-0.00610451726790473
2019-11-01,0.02820538473076284
2019-11-04,0.017745117112440312
2019-11-05,0.00511701354479821
2019-11-06,-0.010752309942267502
2019-11-07,0.018420664418304478
2019-11-08,-0.015509713246977586
2019-11-11,-0.016289282576740893
2019-11-12,0.016568831650612292
2019-11-13,-0.002807850439584314
2019-11-14,-0.004929469762235628
2019-11-15,0.033814832670417516
2019-11-18,-0.005212470854411566
2019-11-19,0.0074882513141023566
2019-11-20,-0.007820766774070176
2019-11-21,-0.028124714228180192
2019-11-22,0.008382614838143398
2019-11-25,0.01663753504113541
2019-11-26,0.0005625238381419262
2019-11-27,0.010439878899472399
2019-11-29,-0.000800104807285873
2019-12-02,0.0007642889861376734
2019-12-03,-0.05735669148168199
2019-12-04,0.03748463894157528
2019-12-05,0.013219106282214232
2019-12-06,0.028609901578413588
2019-12-09,-0.004315727918060119
2019-12-10,0.016341829575704292
2019-12-11,0.004787135813194343
2019-12-12,-0.004504369293950261
2019-12-13,-0.0008857330496723215
2019-12-16,0.035928101358469355
2019-12-17,0.020720259941162666
2019-12-18,0.0037212242843540633
2019-12-19,0.03479387325768424
2019-12-20,0.022312005160711967
2019-12-23,0.007435366907887708
2019-12-24,0.0016784285526778575
2019-12-26,0.0018614699602057527
2019-12-27,0.005533126685097534
2019-12-30,-0.00838586164753119
2019-12-31,-0.010203691732703413
2020-01-02,0.030745098200837928
2020-01-03,-0.03814289843926533
2020-01-06,-0.029736569720086425
2020-01-07,0.026073816755207258
2020-01-08,0.0014362275033632521
2020-01-09,0.02331906003118589
2020-01-10,0.003646449884525893
2020-01-13,0.012499279263136875
2020-01-14,-0.0001998121733219893
2020-01-15,-0.005097135320810242
2020-01-16,0.021777263672489333
2020-01-17,0.00775804899653787
2020-01-21,-0.0034844374587688076
2020-01-22,0.017410824795617508
2020-01-23,0.0017769361446469123
2020-01-24,0.020574361226056492
2020-01-27,-0.06537792728619662
2020-01-28,0.02631721613106386
2020-01-29,-0.020765249153478216
2020-01-30,0.018755618703998556
2020-01-31,-0.02596664185819797
2020-02-03,0.0025458299652301175
2020-02-04,0.12207149883159252
2020-02-05,0.0
2020-02-06,0.0
2020-02-07,0.0
2020-02-10,0.039792071541505214
2020-02-11,0.016430843383335114
2020-02-12,0.016820158610433733
2020-02-13,-0.02694638066192634
2020-02-14,-0.0060206037802752466
2020-02-18,-0.0013744215700302043
2020-02-19,0.07541653630522949
2020-02-20,0.0
2020-02-21,0.0
2020-02-24,0.0
2020-02-25,0.05147007937727133
2020-02-26,-0.003516955023557755
2020-02-27,-0.0960285840181927
2020-02-28,-0.1116012982005472
2020-03-02,0.07891459484424845
2020-03-03,0.0
2020-03-04,0.0
2020-03-05,0.0
2020-03-06,0.0
2020-03-09,0.0
2020-03-10,0.0
2020-03-11,0.0
2020-03-12,0.0
2020-03-13,0.0
2020-03-16,0.0
2020-03-17,0.0
2020-03-18,0.0
2020-03-19,0.0
2020-03-20,0.0
2020-03-23,0.0
2020-03-24,0.0
2020-03-25,-0.004544473357344203
2020-03-26,-0.008031053926968568
2020-03-27,0.021879848038290906
2020-03-30,-0.008290388531478898
2020-03-31,0.0018907127375258348
2020-04-01,0.026824263803455706
2020-04-02,0.002427323357050426
2020-04-03,-0.0032480831555821155
2020-04-06,0.04743679915638532
2020-04-07,-0.027079690052729255
2020-04-08,-0.008698246437977897
2020-04-09,-0.007770081258768213
2020-04-13,-0.018445149543206307
2020-04-14,0.016384590179501446
2020-04-15,-0.027513895809515354
2020-04-16,0.019644353824663563
2020-04-17,0.021118050892137585
2020-04-20,-0.02963625362515865
2020-04-21,-0.013985590280410465
2020-04-22,0.03710170263371504
2020-04-23,-0.00342205935559714
2020-04-24,-0.0018112772974263613
2020-04-27,-0.009285742503557404
2020-04-28,0.04135638327479363
2020-04-29,0.04705588605373734
2020-04-30,-0.01554367446403182
2020-05-01,-0.05318040119223577
2020-05-04,0.0
2020-05-05,0.0
2020-05-06,0.0
2020-05-07,0.0
2020-05-08,0.0
2020-05-11,0.0
2020-05-12,0.0
2020-05-13,0.0
2020-05-14,0.0
2020-05-15,0.0
2020-05-18,0.0
2020-05-19,0.0
2020-05-20,0.0
2020-05-21,0.0
2020-05-22,0.0
2020-05-26,0.0
2020-05-27,0.0
2020-05-28,0.0
2020-05-29,0.0
2020-06-01,0.0
2020-06-02,-0.0055183807964226395
2020-06-03,0.005481314382878688
2020-06-04,0.0006028580409276341
2020-06-05,0.017070649013844807
2020-06-08,0.024412145781329997
2020-06-09,-0.007585197048556869
2020-06-10,0.054842110778728026
2020-06-11,-0.05550190440315084
2020-06-12,0.06017404449858055
2020-06-15,0.0
2020-06-16,0.0
2020-06-17,0.0
2020-06-18,0.007741235777446898
2020-06-19,0.012193190112016028
2020-06-22,0.007565577458275463
2020-06-23,0.008284983332554896
2020-06-24,-0.0038700174234373996
2020-06-25,0.006278349025431895
2020-06-26,0.0056255247672496456
2020-06-29,0.00817869083749323
2020-06-30,0.018046452823637038
2020-07-01,0.003837275827830222
2020-07-02,0.08009227506868855
2020-07-06,0.0
2020-07-07,0.0
2020-07-08,0.0
2020-07-09,0.036728454935098576
2020-07-10,0.003217670412578366
2020-07-13,0.06632774064283664
2020-07-14,0.0
2020-07-15,0.0
2020-07-16,0.0
2020-07-17,0.014285896587852065
2020-07-20,0.017013050812674235
2020-07-21,0.002334851817361816
2020-07-22,0.017387893630087525
2020-07-23,0.0334950936367997
2020-07-24,-0.0759152393576854
2020-07-27,0.01718047562772429
2020-07-28,-0.02166198734428415
2020-07-29,0.03270730069664585
2020-07-30,-0.016813868764657736
2020-07-31,0.023581551926012523
2020-08-03,0.022900413372962447
2020-08-04,0.0027723716341878646
2020-08-05,0.0027286602917317992
2020-08-06,-0.007621856280925043
2020-08-07,0.02073270404010019
2020-08-10,0.005213842412725267
2020-08-11,-0.01941864882293598
2020-08-12,0.018553617216494178
2020-08-13,0.012870188613481659
2020-08-14,0.008957000459466125
2020-08-17,0.02873685307051299
2020-08-18,0.01397130886282727
2020-08-19,0.0036278238195617263
2020-08-20,-0.019386311361171082
2020-08-21,0.003341615144141219
2020-08-24,0.03698687821430968
2020-08-25,-0.009262544501393633
2020-08-26,0.01253484608943456
2020-08-27,0.005173634690782247
2020-08-28,0.020846698403673924
2020-08-31,-0.002070569570407743
2020-09-01,0.015634571750275716
2020-09-02,0.06925382520388634
2020-09-03,0.0
2020-09-04,0.0
2020-09-08,0.0
2020-09-09,0.06228525847055777
2020-09-10,0.0
2020-09-11,0.0
2020-09-14,0.0
2020-09-15,0.0279029869158971
2020-09-16,0.0018153691957123463
2020-09-17,-0.05019838026479795
2020-09-18,0.016397151691901035
2020-09-21,-0.030726464600349113
2020-09-22,0.012052786449572972
2020-09-23,-0.006630069452350118
2020-09-24,-0.013576530609736515
2020-09-25,0.010560021034492051
2020-09-28,0.025734531581150355
2020-09-29,-0.00532644786757086
2020-09-30,-0.007833631592566004
2020-10-01,0.03183224509629712
2020-10-02,-0.0611542935110827
2020-10-05,0.025011466761898804
2020-10-06,0.005788907927172016
2020-10-07,0.03261226183028909
2020-10-08,0.02448429377340533
2020-10-09,-0.0024171522320105554
2020-10-12,0.04085884898811942
2020-10-13,0.007805844487183133
2020-10-14,0.019091738585137907
2020-10-15,-0.05829811512984584
2020-10-16,0.023111688453019807
2020-10-19,0.009221979789565404
2020-10-20,0.01764046789758078
2020-10-21,0.010217834205967113
2020-10-22,-0.004598915709658202
2020-10-23,0.012413527562533888
2020-10-26,-0.021160468501808083
2020-10-27,0.018013960919295302
2020-10-28,-0.042112640510960864
2020-10-29,0.026546458684207908
2020-10-30,-0.026324538104251505
2020-11-02,0.021029004418320785
2020-11-03,0.016944637760227588
2020-11-04,0.06544826686192828
2020-11-05,0.0
2020-11-06,0.0
2020-11-09,0.0
2020-11-10,-0.015110776896263611
2020-11-11,0.061997988208538635
2020-11-12,0.0
2020-11-13,0.0
2020-11-16,0.0
2020-11-17,0.007693253245292686
2020-11-18,0.006682908079857164
2020-11-19,-0.009469940201441873
2020-11-20,0.00535062635504735
2020-11-23,-0.005733837549214416
2020-11-24,0.001127726500319115
2020-11-25,0.007934201396826435
2020-11-27,0.01342697131381465
2020-11-30,0.010979827061571079
2020-12-01,0.013015878716595486
2020-12-02,-0.014728276297025
2020-12-03,0.011031337381635531
2020-12-04,0.00899123183710393
2020-12-07,0.012901751907064662
2020-12-08,-0.004969932534722665
2020-12-09,-0.007815454204635697
2020-12-10,-0.01715759258398364
2020-12-11,-0.03249583588742355
2020-12-14,0.01745068890976431
2020-12-15,0.009594477378039423
2020-12-16,0.004309600360790977
2020-12-17,0.013863115891558309
2020-12-18,0.011000583288197197
2020-12-21,-0.030345819885035596
2020-12-22,0.0043573864163315434
2020-12-23,0.01107194022372715
2020-12-24,0.011874326695648918
2020-12-28,0.024484798685674436
2020-12-29,0.014243004911348889
2020-12-30,0.010203970291968067
2020-12-31,0.0076862233464283225
2021-01-04,0.012627614823825795
2021-01-05,-0.00780761921881401
2021-01-06,-0.01553967609077056
2021-01-07,0.02703702258559315
2021-01-08,0.03935839149915754
2021-01-11,-0.029355989704457075
2021-01-12,0.018352597125192327
2021-01-13,-0.0012673118577097853
2021-01-14,0.011763901096637719
2021-01-15,0.03463709322181385
2021-01-19,0.05679579382173561
2021-01-20,0.03155001652311529
2021-01-21,0.01869863490522139
2021-01-22,-0.013241882220950685
2021-01-25,0.05162983081737993
2021-01-26,-0.015277828307266872
2021-01-27,-0.08127776325548497
2021-01-28,0.04560021827176031
2021-01-29,0.03790389420931772
2021-02-01,0.04441112701713923
2021-02-02,0.033665427788222235
2021-02-03,0.02230897234052409
2021-02-04,-0.037314797748555395
2021-02-05,0.019413162241106674
2021-02-08,0.02534513372857683
2021-02-09,-0.006930813493129628
2021-02-10,0.02379838667036971
2021-02-11,0.016357119660164177
2021-02-12,0.0025394493421766473
2021-02-16,0.02170594520230229
2021-02-17,-0.021930232237116876
2021-02-18,-0.02944945591121939
2021-02-19,0.01339398164728034
2021-02-22,-0.027170598105840993
2021-02-23,-0.0579114072099528
2021-02-24,-0.010405951302759675
2021-02-25,-0.017512402091127366
2021-02-26,0.028792272205281355
2021-03-01,0.056589527066801315
2021-03-02,-0.009346237140023916
2021-03-03,0.00655592088125867
2021-03-04,-0.007190265916256711
2021-03-05,0.06446912117836767
2021-03-08,0.0
2021-03-09,0.0
2021-03-10,0.0
2021-03-11,0.0663058729477739
2021-03-12,0.0
2021-03-15,0.0
2021-03-16,0.0
2021-03-17,-0.02602172548805881
2021-03-18,-0.034773794203918906
2021-03-19,0.00739361257173643
2021-03-22,0.03560362549517504
2021-03-23,-0.0016539593847759715
2021-03-24,0.05734260509425737
2021-03-25,-0.04828336477955564
2021-03-26,0.004815391019267645
2021-03-29,-0.01987715240402088
2021-03-30,-0.00859422595994297
2021-03-31,0.036022048719070554
2021-04-01,0.06910993477518379
2021-04-05,0.0
2021-04-06,0.0
2021-04-07,0.0
2021-04-08,0.020168089291334512
2021-04-09,-0.0207085105587117
2021-04-12,-0.014380773018393356
2021-04-13,0.015132529039667775
2021-04-14,-0.01280311621086394
2021-04-15,0.022569328634360453
2021-04-16,-0.0032579057072233963
2021-04-19,-0.004466340746001052
2021-04-20,-0.010676751105973992
2021-04-21,0.0026521304673858825
2021-04-22,-0.0030961752014964095
2021-04-23,0.01997960371340679
2021-04-26,0.006864740087623389
2021-04-27,0.01619679243381089
2021-04-28,-0.0170211078370347
2021-04-29,0.031375390931751346
2021-04-30,-0.03906814935978686
2021-05-03,0.0013739608314391472
2021-05-04,-0.04303247603297866
2021-05-05,0.04148553465284732
2021-05-06,-0.00902056870049528
2021-05-07,0.021079496436988032
2021-05-10,-0.025214369302209105
2021-05-11,-0.057252472847940106
2021-05-12,-0.05893882524426952
2021-05-13,0.061114623857042805
2021-05-14,0.0
2021-05-17,0.0
2021-05-18,0.0
2021-05-19,-0.06198330083292902
2021-05-20,0.01873379164818001
2021-05-21,-0.008822194139346484
2021-05-24,0.028776367876796938
2021-05-25,0.028307384159545146
2021-05-26,-0.00012175663817859395
2021-05-27,-0.012763623123016932
2021-05-28,0.018017009412801377
2021-06-01,0.01965729852646958
2021-06-02,-0.005142501220468665
2021-06-03,-0.026817713161183754
2021-06-04,0.0161874766189396
2021-06-07,-0.0027313511942590463
2021-06-08,0.019464882835585895
2021-06-09,0.010129628987473271
2021-06-10,0.008850269999165716
2021-06-11,0.004750622787528691
2021-06-14,0.004581835370795373
2021-06-15,-0.006772513754251808
2021-06-16,0.009637301929027009
2021-06-17,-0.006047678965914516
2021-06-18,-0.03120231311153643
2021-06-21,0.006721062866984262
2021-06-22,-0.00476818698689041
2021-06-23,-0.0006707251866647779
2021-06-24,0.017875776336992333
2021-06-25,0.008500502298361523
2021-06-28,0.024384849969288913
2021-06-29,-0.004342651872357384
2021-06-30,-0.0010880815273142108
2021-07-01,-0.001770937056777444
2021-07-02,0.02150141938309802
2021-07-06,0.00540423007008739
2021-07-07,0.020303510254544577
2021-07-08,-0.04391762920280917
2021-07-09,0.006809161373389383
2021-07-12,0.01727728043474741
2021-07-13,-0.009038323415412997
2021-07-14,0.025589537010203722
2021-07-15,-0.02727111796643311
2021-07-16,0.009612930365138883
2021-07-19,-0.03637685706280691
2021-07-20,0.009649016551578793
2021-07-21,0.00445470053205832
2021-07-22,-0.016224439704294213
2021-07-23,0.014546778969820817
2021-07-26,-0.0011522294839992897
2021-07-27,-0.015176505961423836
2021-07-28,0.009440251692707013
2021-07-29,-0.02368497130217384
2021-07-30,-0.020432359011225865
2021-08-02,0.026788529041863463
2021-08-03,0.0029128319814637482
2021-08-04,0.02049999277794967
2021-08-05,0.018965856201108355
2021-08-06,-0.014825470856017042
2021-08-09,0.012450899764587575
2021-08-10,0.011000661434662717
2021-08-11,0.0073135199858958
2021-08-12,-0.008596602104553597
2021-08-13,-0.0021115345795373885
2021-08-16,-0.005117069686507936
2021-08-17,-0.021891245818994487
2021-08-18,0.0011989281989652767
2021-08-19,0.0007460331986011148
2021-08-20,0.01563309205184238
2021-08-23,0.016575799816145098
2021-08-24,-0.009186715308065252
2021-08-25,0.002340072652188052
2021-08-26,-0.0002608752377618595
2021-08-27,0.008842020964690667
2021-08-30,0.01631212756355871
2021-08-31,0.005610389043341657
2021-09-01,0.010237002320209854
2021-09-02,0.010870581826269987
2021-09-03,-0.012335432063615648
2021-09-07,0.005877979048111159
2021-09-08,-0.008755301830897788
2021-09-09,-0.0016519375296942806
2021-09-10,0.02306029698218981
2021-09-13,0.01744530049260229
2021-09-14,0.023529567546721086
2021-09-15,0.0032270712770581245
2021-09-16,-0.015251330543235464
2021-09-17,-0.007481726737851191
2021-09-20,-0.049700371220739004
2021-09-21,0.03129261367268188
2021-09-22,0.007926886833701463
2021-09-23,0.01980268995259693
2021-09-24,-0.026224273747605498
2021-09-27,-0.0366470223448937
2021-09-28,-0.05375139229618664
2021-09-29,0.016623121541216035
2021-09-30,0.014556815791617828
2021-10-01,0.0031338149406743288
2021-10-04,-0.02510959801402468
2021-10-05,0.02303552655370944
2021-10-06,-0.02860840507374518
2021-10-07,0.02417015285505042
2021-10-08,0.0036772178679453926
2021-10-11,-0.015530131449827844
2021-10-12,0.01514961165345552
2021-10-13,0.022096362499928413
2021-10-14,0.0318904298945939
2021-10-15,0.005900859594637042
2021-10-18,-0.002361952911868137
2021-10-19,0.010164239180089574
2021-10-20,0.0064365287454750675
2021-10-21,-2.0755443778774918e-05
2021-10-22,0.007825072999446236
2021-10-25,0.011838878455296298
2021-10-26,0.031142738839937678
2021-10-27,-0.002641777202966211
2021-10-28,0.01180965172517312
2021-10-29,-0.004933858187043838
2021-11-01,0.004843139976410615
2021-11-02,0.003107212649864133
2021-11-03,0.013811566812814258
2021-11-04,0.017167343277519675
2021-11-05,0.01542749304379365
2021-11-08,0.017310919444397888
2021-11-09,0.03889496550507432
2021-11-10,-0.038009325724324916
2021-11-11,0.03842773898713969
2021-11-12,0.0022160060587539387
2021-11-15,0.012163416110348102
2021-11-16,-0.005884951410670025
2021-11-17,0.0006107623039848242
2021-11-18,0.07653023067634201
2021-11-19,0.0
2021-11-22,0.0
2021-11-23,0.0
2021-11-24,-0.017719188100028704
2021-11-26,-0.0004002026131959546
2021-11-29,0.03630650543570302
2021-11-30,-0.02888373016555712
2021-12-01,0.07339179254202088
2021-12-02,0.0
2021-12-03,0.0
2021-12-06,0.0
2021-12-07,0.0614950579697402
2021-12-08,0.0
2021-12-09,0.0
2021-12-10,0.0
2021-12-13,0.0030534005063187486
2021-12-14,-0.03199005674901623
2021-12-15,0.0055301483272383045
2021-12-16,0.01917944129121918
2021-12-17,-0.02770604460635573
2021-12-20,-0.035027164810925715
2021-12-21,0.04280186444870093
2021-12-22,-0.015626590591535705
2021-12-23,0.01247087487323184
2021-12-27,0.010693830642054314
2021-12-28,0.015713458502007116
2021-12-29,-0.0021233911124000082
2021-12-30,-0.008327513893499838
2021-12-31,0.00829809449548291
2022-01-03,0.020889680668377153
2022-01-04,0.013399703971122001
2022-01-05,-0.029916153121477218
2022-01-06,-0.009837423279580038
2022-01-07,0.0011353413139532087
2022-01-10,-0.048344156553100315
2022-01-11,-0.010737930928196526
2022-01-12,0.01895189165997646
2022-01-13,0.026988379795287676
2022-01-14,-0.022287979744187725
2022-01-18,-0.06011342701452749
2022-01-19,0.014405596032454504
2022-01-20,0.014949604854528564
2022-01-21,-0.02987093795175999
2022-01-24,-0.06271433203322418
2022-01-25,-0.07161702882489407
2022-01-26,0.09135577190940491
2022-01-27,0.0
2022-01-28,0.0
2022-01-31,0.0
2022-02-01,0.028304362604642863
2022-02-02,0.03969934460856672
2022-02-03,-0.06344466378546787
2022-02-04,0.007825919861727648
2022-02-07,0.030353735536625015
2022-02-08,-0.012670129040251332
2022-02-09,0.026079189539512493
2022-02-10,-0.049336090427397505
2022-02-11,0.00552731251244265
2022-02-14,0.0060130667268749605
2022-02-15,0.029619352443321256
2022-02-16,-0.012654752316202722
2022-02-17,-0.02855798506563645
2022-02-18,0.00912810996671598
2022-02-22,-0.0344263897321887
2022-02-23,0.017931418252538522
2022-02-24,-0.0807910843114149
2022-02-25,0.0016916514945368721
2022-02-28,-0.006667621670799373
2022-03-01,-0.00018960019976133058
2022-03-02,0.013455222978272952
2022-03-03,-0.008897782442332858
2022-03-04,0.0012869007262896748
2022-03-07,-0.0029412238845507588
2022-03-08,0.006577621094696839
2022-03-09,0.03288987638593932
2022-03-10,0.01088821885126312
2022-03-11,-0.008062074656984497
2022-03-14,0.004202729376310499
2022-03-15,0.012397498113536187
2022-03-16,0.0315690199446641
2022-03-17,-0.01610134049661205
2022-03-18,-0.003732401709360733
2022-03-21,-0.0007434238619995481
2022-03-22,-0.005795725186883094
2022-03-23,-0.013277145712066951
2022-03-24,0.015545284590431363
2022-03-25,-0.0040313787587265
2022-03-28,0.002343702912836365
2022-03-29,0.022027699509353793
2022-03-30,0.010680941524566334
2022-03-31,-0.009052768995209792
2022-04-01,0.006160146020720791
2022-04-04,0.0030576836195039814
2022-04-05,-0.010524276646895703
2022-04-06,-0.029810728393205532
2022-04-07,0.0006536002673118713
2022-04-08,-0.012788566246804023
2022-04-11,-0.027164642197113675
2022-04-12,0.017729874568969572
2022-04-13,0.011632030213348354
2022-04-14,0.01106482000821174
2022-04-18,0.0013220042451498326
2022-04-19,-0.0077477546927942065
2022-04-20,0.02025546628601993
2022-04-21,0.00856154030500611
2022-04-22,-0.0013731317919998265
2022-04-25,-0.017790181755596768
2022-04-26,-0.014918907466419107
2022-04-27,-0.01771290084169974
2022-04-28,0.019041205591535215
2022-04-29,-0.01409629299634052
2022-05-02,0.004397324354036947
2022-05-03,-0.004849891320473754
2022-05-04,0.012650275825772495
2022-05-05,-0.019458812483055254
2022-05-06,-0.006868861548305238
2022-05-09,-0.018541035246184334
2022-05-10,0.03422534678246647
2022-05-11,0.0071015910618164035
2022-05-12,0.013760057919144142
2022-05-13,-0.013529644431001242
2022-05-16,-0.008619928152327594
2022-05-17,0.03567939351413396
2022-05-18,0.013513374492713615
2022-05-19,0.0062926350459251434
2022-05-20,-0.011431481027484147
2022-05-23,-0.03856330379638817
2022-05-24,-0.006202038335532123
2022-05-25,-0.005939568645273563
2022-05-26,-0.04153187062288222
2022-05-27,0.021987434770951664
2022-05-31,0.007499360386293619
2022-06-01,0.008086265649957847
2022-06-02,0.003154720827810875
2022-06-03,0.015168470915216226
2022-06-06,-0.013448644261200182
2022-06-07,0.010179125091766439
2022-06-08,0.002335099199735735
2022-06-09,0.005339027518106221
2022-06-10,0.01728393444937959
2022-06-13,0.028078511620526436
2022-06-14,-0.007195176066140174
2022-06-15,-0.010856942989721952
2022-06-16,0.02322125363412675
2022-06-17,-0.001407144646420111
2022-06-21,-0.015009417835579186
2022-06-22,0.008161604185493054
2022-06-23,-0.00803163944968599
2022-06-24,-0.009393189593132734
2022-06-27,-0.004881350083362324
2022-06-28,-0.0012693041184813625
2022-06-29,0.0007927005965846501
2022-06-30,0.009691104775395365
2022-07-01,0.003976882381323765
2022-07-05,-0.02374336428507995
2022-07-06,0.006875555068184713
2022-07-07,0.03290377209055295
2022-07-08,-0.018038734944117674
2022-07-11,-0.023872671235743104
2022-07-12,0.012307035586821335
2022-07-13,-0.025335502779199826
2022-07-14,-0.0015034451082848177
2022-07-15,0.02841661890951852
2022-07-18,0.022040708894438543
2022-07-19,0.018221025828967008
2022-07-20,-0.004590354213611092
2022-07-21,-0.004297436087246309
2022-07-22,-0.021877129609411572
2022-07-25,-0.011408299189346827
2022-07-26,0.004393566672133975
2022-07-27,0.01878294437746364
2022-07-28,0.010116970088635435
2022-07-29,-0.01839216115632769
2022-08-01,0.0073664412810035
2022-08-02,-0.0013961236633838192
2022-08-03,-0.022519752981074004
2022-08-04,0.005132817348866281
2022-08-05,-0.012008119063226075
2022-08-08,0.001559452215169621
2022-08-09,0.0034670616680982924
2022-08-10,0.007940511581735699
2022-08-11,0.008252272497109026
2022-08-12,0.00234679569719054
2022-08-15,0.00039384775862183474
2022-08-16,-0.013544233969721264
2022-08-17,0.0002716166358962546
2022-08-18,0.002802453120846815
2022-08-19,-0.00986267900522897
2022-08-22,-0.004476687173366689
2022-08-23,-0.007979288913826266
2022-08-24,0.004780558353523423
2022-08-25,0.0018592616508639193
2022-08-26,-0.0011288883835680608
2022-08-29,-0.005480941431224684
2022-08-30,0.0022524632572189507
2022-08-31,0.0013701658314326792
2022-09-01,-0.01081306064814025
2022-09-02,0.03767817900893711
2022-09-06,0.0006207338270005636
2022-09-07,0.009353904188042161
2022-09-08,-0.012288689384051699
2022-09-09,0.012050740900103607
2022-09-12,-0.00031044408529479206
2022-09-13,-0.039625400724581206
2022-09-14,0.008435421378680363
2022-09-15,-0.005119439002938986
2022-09-16,-0.008760782070982853
2022-09-19,-0.018654479591184825
2022-09-20,-0.012040307700395658
2022-09-21,-0.01063082700257223
2022-09-22,-0.006289298487900052
2022-09-23,-0.005749598306747372
2022-09-26,-0.0007192175924172206
2022-09-27,0.021547051648270976
2022-09-28,-0.009349719394417644
2022-09-29,-0.016892014664798505
2022-09-30,0.001999052605692331
2022-10-03,0.020219360306112266
2022-10-04,-0.018114798981166302
2022-10-05,0.011962903132088032
2022-10-06,0.003894491895529484
2022-10-07,0.015461711822405855
2022-10-10,-0.000863459610070394
2022-10-11,0.005268371956707929
2022-10-12,-0.001471507082764556
2022-10-13,0.026187805262535058
2022-10-14,-0.00832348430791352
2022-10-17,-0.02138859510883384
2022-10-18,-0.024258658592237192
2022-10-19,0.005089283535365974
2022-10-20,0.0035688979228116757
2022-10-21,0.003454245612046991
2022-10-24,-0.0009430342596966623
2022-10-25,-0.0028714087926819953
2022-10-26,0.017959747027820105
2022-10-27,0.003899015760436386
2022-10-28,0.0023370075492603615
2022-10-31,0.007174154368997154
2022-11-01,-0.011329514602619328
2022-11-02,0.014768891529293393
2022-11-03,-0.012517707985075455
2022-11-04,0.04172578775811475
2022-11-07,-0.0035767577779109994
2022-11-08,-0.005411057282600162
2022-11-09,0.006329778187138091
2022-11-10,0.051304351323311126
2022-11-11,-0.00012749727846361747
2022-11-14,0.006558555061649596
2022-11-15,-0.021353233547437123
2022-11-16,-0.04235395536726172
2022-11-17,-0.01485681003818573
2022-11-18,0.014189716210329717
2022-11-21,-0.012781030417406858
2022-11-22,0.008233613437070408
2022-11-23,-0.0015635156622419988
2022-11-25,-0.00740721297536151
2022-11-28,-0.017508873417372728
2022-11-29,-0.0002539196185978865
2022-11-30,-0.011442799147805549
2022-12-01,0.003444052993828439
2022-12-02,0.004508798443404238
2022-12-05,0.023340063772670394
2022-12-06,-0.0014812544035881503
2022-12-07,-0.025396360812708574
2022-12-08,0.03881302179723578
2022-12-09,0.0017359652394979275
2022-12-12,0.020054899559294848
2022-12-13,0.005882655481666221
2022-12-14,0.0034985164506802224
2022-12-15,0.007182245642214591
2022-12-16,-0.007442578280418055
2022-12-19,-0.0025708832132648185
2022-12-20,-0.012522783846594332
2022-12-21,-0.001141406308018067
2022-12-22,-1.653739423190803e-05
2022-12-23,0.009466083324902286
2022-12-27,0.01922717540613439
2022-12-28,0.007675040449340642
2022-12-29,-0.0027040224753069886
2022-12-30,-0.012027603788816399
2023-01-03,0.007076581660422576
2023-01-04,0.015662434169215533
2023-01-05,-0.0073929548798610245
2023-01-06,0.015580177418726304
2023-01-09,-0.024857435709845555
2023-01-10,0.0016160169190044815
2023-01-11,0.006249298170322826
2023-01-12,-0.007475923213165037
2023-01-13,-6.414366099449786e-05
2023-01-17,-0.007650600938185592
2023-01-18,-0.00013749221713643678
2023-01-19,-0.006435188376023859
2023-01-20,-0.004200736271211425
2023-01-23,-0.00013598740725306868
2023-01-24,0.0014739150357323538
2023-01-25,-0.002483206191683074
2023-01-26,-0.00240854146123215
2023-01-27,0.003945991406027138
2023-01-30,-0.001974032453626706
2023-01-31,0.005515516193396186
2023-02-01,0.0024450845747603367
2023-02-02,-0.010668211159919005
2023-02-03,0.006646821603512043
2023-02-06,-0.015723583260092266
2023-02-07,0.0029647954517542097
2023-02-08,-0.004794453110309238
2023-02-09,0.015992081695122895
2023-02-10,0.016908107491124813
2023-02-13,0.02287548555316743
2023-02-14,-0.011024077564267487
2023-02-15,-0.010644313104184788
2023-02-16,-0.0202161805368829
2023-02-17,-0.01902308519078466
2023-02-21,-0.06503513386860882
2023-02-22,0.009350011113276269
2023-02-23,0.02241126571812435
2023-02-24,-0.03566831353096134
2023-02-27,0.029210433840144656
2023-02-28,0.00655451617602365
2023-03-01,0.012914324928420706
2023-03-02,-0.0034046977443465964
2023-03-03,-0.001614073793736459
2023-03-06,-0.04282948085910221
2023-03-07,0.008297639077411434
2023-03-08,-0.001594857014582729
2023-03-09,0.006750443367030234
2023-03-10,0.005913705254405821
2023-03-13,-0.01737011803468569
2023-03-14,0.028702517934725558
2023-03-15,-0.021407471019741164
2023-03-16,-0.01465854975060632
2023-03-17,-0.0018293867397972674
2023-03-20,0.006617450202113462
2023-03-21,0.010607940663734494
2023-03-22,-0.0007045679025781126
2023-03-23,0.023353924891312383
2023-03-24,-0.008171081820526949
2023-03-27,0.012884656292849517
2023-03-28,0.006259441588489123
2023-03-29,0.021248156747429636
2023-03-30,0.015725812765842173
2023-03-31,0.0020285920638298816
2023-04-03,-0.006743205089167037
2023-04-04,0.006240906611223007
2023-04-05,-0.0227546863742899
2023-04-06,-0.01869729878584525
2023-04-10,-0.01805646412491335
2023-04-11,0.015868832773591635
2023-04-12,0.019160971540282734
2023-04-13,0.013860099362474676
2023-04-14,-0.002386732878840281
2023-04-17,-0.03529363840346922
2023-04-18,0.02375175918650463
2023-04-19,-0.03255997434681501
2023-04-20,-0.01486083565473284
2023-04-21,-0.004299990639811568
2023-04-24,0.004077003207251684
2023-04-25,-0.0030391417786076458
2023-04-26,0.028425108026638002
2023-04-27,0.016062382980801093
2023-04-28,0.0017669930244492704
2023-05-01,0.005408459298050561
2023-05-02,-0.008054138061817762
2023-05-03,-0.055335396175243634
2023-05-04,-0.006757364734098048
2023-05-05,-0.009738550256622402
2023-05-08,-0.006454531330039592
2023-05-09,-0.011988078952741343
2023-05-10,0.027663485974889435
2023-05-11,0.008001529696785692
2023-05-12,-0.00031080825173146476
2023-05-15,0.01239957230842692
2023-05-16,-0.011215742246386884
2023-05-17,0.009470213148641937
2023-05-18,0.0033314950691420986
2023-05-19,-0.011011788183042714
2023-05-22,-0.015546578750777806
2023-05-23,-0.012447207311391262
2023-05-24,-0.027524174736856866
2023-05-25,0.24119046648093723
2023-05-26,0.0
2023-05-30,0.0
2023-05-31,0.0
2023-06-01,0.009324995566910355
2023-06-02,0.00618614232090775
2023-06-05,-0.015033810653383606
2023-06-06,-0.009123581126181612
2023-06-07,0.005771402847662976
2023-06-08,-0.001189221900821824
2023-06-09,0.005158245904394176
2023-06-12,0.018365544841402404
2023-06-13,0.025804809835010767
2023-06-14,0.001926546087481329
2023-06-15,-0.010016662538997134
2023-06-16,0.02377878298633407
2023-06-20,-0.004792330755021834
2023-06-21,-0.009196136827656964
2023-06-22,-0.020346863623743938
2023-06-23,-0.02324252423156703
2023-06-26,0.006221876435291485
2023-06-27,0.016935350135893312
2023-06-28,-0.03213624129024939
2023-06-29,0.01042230325490956
2023-06-30,0.026259419807609152
2023-07-03,0.003652557930285516
2023-07-05,-0.02988954409064759
2023-07-06,-0.015798986506383783
2023-07-07,0.010581433908853244
2023-07-10,1.2576166108502207e-05
2023-07-11,0.009708438078198212
2023-07-12,0.029494506046316538
2023-07-13,0.026909925537339507
2023-07-14,-0.009280891881627173
2023-07-17,0.010766821334226018
2023-07-18,0.011525071444764112
2023-07-19,0.010939589014883788
2023-07-20,-0.01482038443017153
2023-07-21,0.01515435752628469
2023-07-24,-0.004463096208981776
2023-07-25,0.007346127010295689
2023-07-26,-0.0031464321227813175
2023-07-27,0.04414652195217772
2023-07-28,0.03919131447461832
2023-07-31,0.011714233044876066
2023-08-01,-0.018496201465310724
2023-08-02,-0.044450668709247965
2023-08-03,-0.026203287469503622
2023-08-04,0.011706319937120346
2023-08-07,0.013898741363429057
2023-08-08,-0.03876688199962819
2023-08-09,-0.018282168388641384
2023-08-10,0.0041353628187001945
2023-08-11,-0.03498253553176278
2023-08-14,-0.020711531453167953
2023-08-15,0.005281371554386682
2023-08-16,0.0006195154144790216
2023-08-17,0.010641259745800102
2023-08-18,-0.023162533648749872
2023-08-21,0.022334840937388467
2023-08-22,0.037639520271245175
2023-08-23,-0.006960655774334135
2023-08-24,0.08806755751288686
2023-08-25,0.0
2023-08-28,0.0
2023-08-29,0.0
2023-08-30,0.0061505513467043915
2023-08-31,-0.028232048080495398
2023-09-01,0.021405187131604997
2023-09-05,-0.012539638503188844
2023-09-06,-0.006390470139201021
2023-09-07,-0.04093874010130705
2023-09-08,0.004149512392487731
2023-09-11,0.019099852500758185
2023-09-12,-0.023874189548590774
2023-09-13,0.016305544411681305
2023-09-14,0.00860874930926081
2023-09-15,-0.030380106179542454
2023-09-18,-0.030491258261305054
2023-09-19,-0.0065016826190072985
2023-09-20,0.005480054292298364
2023-09-21,-0.059098181280959894
2023-09-22,0.010370838586392095
2023-09-25,-0.003057278658614604
2023-09-26,-0.009165581387912902
2023-09-27,0.01076570527968812
2023-09-28,-0.0008317705726008651
2023-09-29,0.016001090184530442
2023-10-02,0.004747493104227285
2023-10-03,-0.013710189331633371
2023-10-04,0.012664442520744279
2023-10-05,0.0020361505944330727
2023-10-06,-0.01316934595841146
2023-10-09,-0.02052396696115466
2023-10-10,0.0016301105331495425
2023-10-11,0.013076684840351627
2023-10-12,0.002721737552935366
2023-10-13,0.0038628214756522006
2023-10-16,-0.001882516780406962
2023-10-17,-0.0529138019555494
2023-10-18,-0.033357726089730755
2023-10-19,0.014916150355742008
2023-10-20,0.0023857347658042816
2023-10-23,-0.0031303842266711124
2023-10-24,0.00704561890904265
2023-10-25,-0.002989425308816074
2023-10-26,-0.0006700665094221403
2023-10-27,0.019941317284615012
2023-10-30,0.019051755240846235
2023-10-31,-0.009322923112383807
2023-11-01,0.003495419527930421
2023-11-02,0.03171715719608237
2023-11-03,0.0207597690839596
2023-11-06,0.0033019222343833032
2023-11-07,-0.003361311640850295
2023-11-08,0.0020737787897495696
2023-11-09,0.025498555960877578
2023-11-10,0.02327178514817896
2023-11-13,-0.01611223924726146
2023-11-14,0.036260195492202385
2023-11-15,0.011084612321676568
2023-11-16,-0.012802145416668353
2023-11-17,-0.0009468407774292364
2023-11-20,-0.004926903663893145
2023-11-21,-0.024138019634062702
2023-11-22,0.0047220709438633435
2023-11-24,-0.004968017632390964
2023-11-27,-0.0015175812835903635
2023-11-28,-0.028209636616548406
2023-11-29,0.02082925273392844
2023-11-30,-0.00035601945044505534
2023-12-01,-0.006810440251289962
2023-12-04,0.014584613342872865
2023-12-05,-0.02160785672536214
2023-12-06,-0.011520388107126855
2023-12-07,-0.01019654390741298
2023-12-08,-0.007264738820621508
2023-12-11,-0.02171772215329426
2023-12-12,0.0029221814737447893
2023-12-13,-0.0019064751464806795
2023-12-14,0.012556563719526403
2023-12-15,0.012319763061983569
2023-12-18,-0.015458112394203694
2023-12-19,0.016912081196268414
2023-12-20,0.008232616104925095
2023-12-21,0.03229066619094856
2023-12-22,-0.021855459303659952
2023-12-26,0.0012648564714194954
2023-12-27,0.018704865902215984
2023-12-28,-0.009151428607388934
2023-12-29,0.004730768987946332
2024-01-02,0.04463315950661895
2024-01-03,-0.038463699218223346
2024-01-04,0.008470698292858847
2024-01-05,0.0038041833014161863
2024-01-08,0.006620003271701869
2024-01-09,-0.018474066908789055
2024-01-10,0.014301457291381992
2024-01-11,0.022362623668788384
2024-01-12,0.015293537618912945
2024-01-16,-0.01500789820740267
2024-01-17,-0.041240025124551494
2024-01-18,0.045004503342074065
2024-01-19,0.004068626236063855
2024-01-22,0.00148757806810762
2024-01-23,0.0207897087525597
2024-01-24,0.03363328730031223
2024-01-25,0.021676422610854784
2024-01-26,-0.02398078405034365
2024-01-29,-0.009043858560425
2024-01-30,-0.02539312986083031
2024-01-31,-0.026401744920347303
2024-02-01,0.01581850147180064
2024-02-02,0.006301459781338226
2024-02-05,-0.009175367924832423
2024-02-06,0.010274461056644313
2024-02-07,0.023676625557972564
2024-02-08,0.00572134449149142
2024-02-09,0.029875618884906974
2024-02-12,0.0003034543367432807
2024-02-13,-0.06695178465822171
2024-02-14,0.029319616629517986
2024-02-15,0.009477166726848285
2024-02-16,0.014201441667935022
2024-02-20,-0.016463877633626334
2024-02-21,-0.11028063187712334
2024-02-22,0.11909072811796251
2024-02-23,0.0
2024-02-26,0.0
2024-02-27,0.0
2024-02-28,-0.020472224258175964
2024-02-29,0.02740551104080291
2024-03-01,-0.029683096195464165
2024-03-04,0.018571739442466928
2024-03-05,-0.014053821003100708
2024-03-06,0.0902685614293115
2024-03-07,0.0
2024-03-08,0.0
2024-03-11,0.0
2024-03-12,0.014315201495286756
2024-03-13,-0.008797351253283736
2024-03-14,-0.01993911317827257
2024-03-15,-0.034968075626292894
2024-03-18,0.033608984145157894
2024-03-19,-0.04895282705261239
2024-03-20,0.012515759980404884
2024-03-21,0.05113697928204819
2024-03-22,-0.008990011543857257
2024-03-25,0.010818765180034884
2024-03-26,0.026205871276770987
2024-03-27,0.01754325365398368
2024-03-28,-0.010776356905524809
2024-04-01,0.006017538932874711
2024-04-02,-0.03163882657240524
2024-04-03,-0.017067491977558857
2024-04-04,0.028437919856425076
2024-04-05,0.012347322203852595
2024-04-08,0.034804127562565235
2024-04-09,0.03485630316747157
2024-04-10,-0.03501933357503595
2024-04-11,0.011104157344955734
2024-04-12,-0.029442262043643197
2024-04-15,0.012248355844233894
2024-04-16,-0.00850218798747604
2024-04-17,0.006514003880358388
2024-04-18,-0.002159223179794334
2024-04-19,-0.05675792393128709
2024-04-22,0.042867274368153296
2024-04-23,0.04423630315374183
2024-04-24,0.05526380239196804
2024-04-25,-0.04670644102349264
2024-04-26,0.035700293111390335
2024-04-29,-0.005408364237542984
2024-04-30,-0.00639750634657088
2024-05-01,-0.03272604202371687
2024-05-02,0.049587089894537195
2024-05-03,0.05596944652466629
2024-05-06,0.04793597608219757
2024-05-07,0.007029369322030465
2024-05-08,-0.012973796483652045
2024-05-09,-0.0418764461927531
2024-05-10,0.04111988578662906
2024-05-13,0.045349451240625394
2024-05-14,-0.013972535265074804
2024-05-15,0.02573036442112575
2024-05-16,0.01444560066191336
2024-05-17,0.010280282702815446
2024-05-20,0.022879909918250174
2024-05-21,-0.03588947275630494
2024-05-22,0.0034206268998480116
2024-05-23,0.10577809220414469
2024-05-24,0.0
2024-05-28,0.0
2024-05-29,0.0
2024-05-30,-0.0011467111774460248
2024-05-31,0.008030863590777093
2024-06-03,0.06572543376329798
2024-06-04,0.0
2024-06-05,0.0
2024-06-06,0.0
2024-06-07,-0.006996662817921773
2024-06-10,-0.01783242411064634
2024-06-11,-0.0015372686299951477
2024-06-12,0.03846842957340302
2024-06-13,0.03945027849180094
2024-06-14,0.0033627809154643806
2024-06-17,0.03514003816830269
2024-06-18,0.017365909397904167
2024-06-20,0.03238818899363083
2024-06-21,-0.06634445546112222
2024-06-24,-0.017949540476936088
2024-06-25,0.02473145417543199
2024-06-26,0.013515571070334742
2024-06-27,-0.05165611586274044
2024-06-28,0.007404855261179177
2024-07-01,-0.006372407841040206
2024-07-02,-0.02531269156062954
2024-07-03,-0.00469484933957065
2024-07-05,0.020377043926373517
2024-07-08,0.008904434736736189
2024-07-09,0.020319570781559992
2024-07-10,0.022387541577887804
2024-07-11,0.013140280081382905
2024-07-12,0.009872982101052141
2024-07-15,0.009968296194751147
2024-07-16,0.01308679899413523
2024-07-17,-0.08703905335485651
2024-07-18,0.05135714371454281
2024-07-19,0.020440056032028142
2024-07-22,0.03432802874026297
2024-07-23,-0.008096769925391656
2024-07-24,-0.0501870530749402
2024-07-25,-0.032780733588154254
2024-07-26,0.0699575697278314
2024-07-29,0.0
2024-07-30,0.0
2024-07-31,0.0
2024-08-01,-0.0817780394899692
2024-08-02,-0.0934937640888116
2024-08-05,-0.24824794969632802
2024-08-06,0.05151893710339772
2024-08-07,0.06875143799415873
2024-08-08,0.0
2024-08-09,0.0
2024-08-12,0.0
2024-08-13,0.048684411841061426
2024-08-14,0.04874858466050247
2024-08-15,0.039008739909115686
2024-08-16,-0.007769389034820273
2024-08-19,-0.003427525793427866
2024-08-20,-0.01130754671256462
2024-08-21,0.004522405932985807
2024-08-22,0.03448418765063899
2024-08-23,0.02390755191537819
2024-08-26,-0.010109428904503726
2024-08-27,-0.023291565996022667
2024-08-28,-0.012444133419226233
2024-08-29,-0.020292501506015248
2024-08-30,0.03582270396314735
2024-09-03,-0.04388234213650177
2024-09-04,-0.02754592329994432
2024-09-05,-0.028569330007352622
2024-09-06,-0.03675267993955411
2024-09-09,0.03922467358656889
2024-09-10,0.01028394769575347
2024-09-11,0.008431628233308563
2024-09-12,-0.0037260498727479385
2024-09-13,0.012339792020275686
2024-09-16,-0.0269040726340668
2024-09-17,0.01716837195253107
2024-09-18,0.011335061234005961
2024-09-19,0.07337984852960866
2024-09-20,0.0
2024-09-23,0.0
2024-09-24,0.0
2024-09-25,-0.00023704382938927182
2024-09-26,0.04617777283239177
2024-09-27,0.004925069097515111
2024-09-30,-0.02982462882873438
2024-10-01,-0.00114852508118779
2024-10-02,-0.0010115911907010444
2024-10-03,0.005011654057485604
2024-10-04,0.04042767292051308
2024-10-07,-0.0063322269430656775
2024-10-08,0.009823512353966946
2024-10-09,-0.0012611343815153164
2024-10-10,-0.014450878834857295
2024-10-11,-0.024391691313368602
2024-10-14,0.020494268930201454
2024-10-15,-0.009477669860470272
2024-10-16,0.032504992780824304
2024-10-17,0.04775238479914523
2024-10-18,0.009587999708353445
2024-10-21,-0.0015621103701337624
2024-10-22,-0.013771058387883062
2024-10-23,-0.021686322101362343
2024-10-24,0.01987964775265949
2024-10-25,0.022814943497681428
2024-10-28,-0.00010441963987750658
2024-10-29,0.0017896919137194711
2024-10-30,-0.026486287234793182
2024-10-31,-0.028632586808794214
2024-11-01,0.006153935633465224
2024-11-04,-0.0651646007514396
2024-11-05,0.050785573551365815
2024-11-06,0.12322787067186236
2024-11-07,0.0
2024-11-08,0.0
2024-11-11,0.0
2024-11-12,-0.008420791263733074
2024-11-13,0.02963617745192826
2024-11-14,0.04003691155684863
2024-11-15,0.009058589342425094
2024-11-18,0.002773345738145361
2024-11-19,0.002218164754341778
2024-11-20,0.0628131022980396
2024-11-21,0.0
2024-11-22,0.0
2024-11-25,0.0
2024-11-26,-0.02426079453978336
2024-11-27,0.04405364896633257
2024-11-29,0.04816179624325523
2024-12-02,0.014556099247345688
2024-12-03,0.007478557803177521
2024-12-04,0.03545376029520786
2024-12-05,0.005043449254777954
2024-12-06,-0.003494968840207502
2024-12-09,-0.021821055199363726
2024-12-10,0.010625902537481968
2024-12-11,0.05263483724097773
2024-12-12,-0.023243234703426374
2024-12-13,0.14759669359236782
2024-12-16,0.0
2024-12-17,0.0
2024-12-18,0.0
2024-12-19,-0.06114664293951688
2024-12-20,-0.01106902530173548
2024-12-23,0.026580945958391444
2024-12-24,0.022828943444141325
2024-12-26,-0.0074066826900456295
2024-12-27,-0.011900083284451801
2024-12-30,-0.04153507212430041
2024-12-31,0.004483502092412994
2025-01-02,0.027406981484447313
2025-01-03,0.017554058667619055
2025-01-06,0.07261883333659691
2025-01-07,0.0
2025-01-08,0.0
2025-01-10,0.0
2025-01-13,-0.06536654216568749
2025-01-14,0.03185472143784018
2025-01-15,0.035228323455506194
2025-01-16,0.040155411298401056
2025-01-17,0.05111674628009055
2025-01-21,0.01640155869708604
2025-01-22,0.034716620280812904
2025-01-23,-0.043173761954077294
2025-01-24,0.021668113465023175
2025-01-27,-0.22238938638946715
2025-01-28,0.049453702494387075
2025-01-29,0.004202539873464417
2025-01-30,0.048604544091588764
2025-01-31,0.0015859284103643123
2025-02-03,-0.06596789681102933
2025-02-04,0.00022457346890036867
2025-02-05,0.04998658473346018
2025-02-06,0.030133106891057304
2025-02-07,0.02069041045140918
2025-02-10,0.015301517582625213
2025-02-11,-0.023877513271160167
2025-02-12,-0.05897629945036853
2025-02-13,0.004080333899402211
2025-02-14,0.021438381383350524
2025-02-18,0.024109090998385208
2025-02-19,-0.007887711282567489
2025-02-20,0.0011699566835030595
2025-02-21,-0.0005658405022447299
2025-02-24,0.019688495028936437
2025-02-25,-0.003888341627099723
2025-02-26,0.05195475476745259
2025-02-27,0.033365393751935146
2025-02-28,-0.02464789178391058
2025-03-03,0.02327429499400191
2025-03-04,-0.015852324137543228
2025-03-05,0.03165830083626875
2025-03-06,-0.08220124227055159
2025-03-07,0.04247792791653793
2025-03-10,-0.05900218578098115
2025-03-11,0.019351814204769724
2025-03-12,0.0800217892565549
2025-03-13,0.0
2025-03-14,0.0
2025-03-17,0.0
2025-03-18,-0.030272720899131467
2025-03-19,0.007095736091814464
2025-03-20,-0.020468216084137514
2025-03-21,-0.04816317914535928
2025-03-24,0.03124364431409088
2025-03-25,-0.011203744191090381
2025-03-26,-0.00360946670454132
2025-03-27,-0.02763617379633221
2025-03-28,-0.0049198091293706225
2025-03-31,-0.040102387519949434
2025-04-01,0.011204604129391837
2025-04-02,-0.020350719449609866
2025-04-03,-0.0721171029347425
2025-04-04,-0.040096818237488674
2025-04-07,-0.02338791070693913
2025-04-08,0.08181926340810741
2025-04-09,0.0010760563020839609
2025-04-10,0.02030338337818849
2025-04-11,0.003454622008128183
2025-04-14,0.047530059694450566
2025-04-15,-0.0019464048033244197
2025-04-16,0.017826833816820598
2025-04-17,-0.005137524069866339
2025-04-21,-0.02481955059934926
2025-04-22,0.010389686992650304
2025-04-23,0.06024184818574918
2025-04-24,-0.004278552471930208
2025-04-25,0.0009168724933035222
2025-04-28,-0.0005687389198928416
2025-04-29,-0.007755212254216826
2025-04-30,-0.04727705690617945
2025-05-01,0.042180022463655265
2025-05-02,-0.009696817136110036
2025-05-05,0.0077595610549430205
2025-05-06,0.011942376133655452
2025-05-07,-0.002234877096513599
2025-05-08,0.01634062016651061
2025-05-09,0.003819431527538608
2025-05-12,0.06754565520051004
2025-05-13,-0.0023696471948430053
2025-05-14,-0.001986777201587686
2025-05-15,0.0037910660983304645
2025-05-16,0.0058312667038504795
2025-05-19,-0.029892022195611267
2025-05-20,-0.015216893908710727
2025-05-21,-0.01217580576904742
2025-05-22,-0.004855187737568656
2025-05-23,-0.021893311272199845
2025-05-27,0.021568087866491004
2025-05-28,0.009064567297596637
2025-05-29,0.07154022391239612
2025-05-30,0.0
2025-06-02,0.0
2025-06-03,0.0
2025-06-04,-0.014563706207394111
2025-06-05,0.00460166097768977
2025-06-06,-0.009295900255719691
2025-06-09,-0.002238381753096319
2025-06-10,0.0022587259105000257
2025-06-11,0.01745914883704458
2025-06-12,-0.010434666981335994
2025-06-13,-0.025418205413444972
2025-06-16,0.011433984764411154
2025-06-17,-0.006390380710779686
2025-06-18,0.007627106868216993
2025-06-20,0.01578094429755783
2025-06-23,0.0035984328077780514
2025-06-24,0.02263729131059189
2025-06-25,0.012471884393238986
2025-06-26,0.007501084087820464
2025-06-27,0.011579763357640216
2025-06-30,0.025261303157123383
2025-07-01,-0.007674453292196959
2025-07-02,-0.011013350093658336
2025-07-03,0.006644520693889877
2025-07-07,-0.012484119060089949
2025-07-08,0.02385289882095809
2025-07-09,0.0027527563105624875
2025-07-10,0.016752870784128238
2025-07-11,-0.016095828294955594
2025-07-14,-0.02869922331031971
2025-07-15,0.029196691699208355
2025-07-16,-0.02674972390356256
2025-07-17,-0.012528598508985245
2025-07-18,0.016751487855330982
2025-07-21,0.003017120701352738
2025-07-22,-0.006775918555114169
2025-07-23,0.029567445109080603
2025-07-24,0.013535128304549948
2025-07-25,-0.010058799094486037
2025-07-28,0.022215190559090603
2025-07-29,0.016774147261747308
2025-07-30,0.009695679802130597
2025-07-31,-0.06098128294633176
2025-08-01,-0.059126774725700826
2025-08-04,0.03523421690964024
2025-08-05,0.04783924299459219
2025-08-06,-0.05069433915114274
2025-08-07,0.0286507121992845
2025-08-08,0.018493965303806092
2025-08-11,-0.014615442994516115
2025-08-12,0.014691930266001352
2025-08-13,0.02417337993768376
2025-08-14,-0.030434929600329785
2025-08-15,-0.00856095001162438
2025-08-18,-0.009412014872314578
2025-08-19,-0.0201956780667083
2025-08-20,-0.03462301563510539
2025-08-21,0.005529967011540737
2025-08-22,-0.01899307185006438
2025-08-25,-0.01852129107056477
2025-08-26,0.014964974807641918
2025-08-27,0.004458569281348357
2025-08-28,0.006472414351447631
2025-08-29,-0.019428621893426534
2025-09-02,-0.05669709348332208
2025-09-03,0.006718820875335041
2025-09-04,-0.008425715487096808
2025-09-05,0.007037486589272168
2025-09-08,0.006587463207594624
2025-09-09,0.008986447293343858
2025-09-10,0.07153874366076263
2025-09-11,0.0
2025-09-12,0.0
2025-09-15,0.0
2025-09-16,0.0010939434967232042
2025-09-17,-0.015676559042536176
2025-09-18,-0.014162822749133386
2025-09-19,-0.0261396065034174
2025-09-22,0.0013675108180655204
2025-09-23,0.01916016748230276
2025-09-24,0.008256626114270249
2025-09-25,-0.04726774056280125
2025-09-26,0.003823063905202373
2025-09-29,0.02210320683434941
2025-09-30,-0.0010535365449113598
2025-10-01,-0.014416855335326217
2025-10-02,0.041284542110855194
2025-10-03,0.014892495736871902
2025-10-06,0.03478652769944102
2025-10-07,0.014864618599377044
2025-10-08,0.0265387292378636
2025-10-09,-0.005822950031911023
2025-10-10,-0.000980618459186955
2025-10-13,0.10569190273752449
2025-10-14,0.0
2025-10-15,0.0
2025-10-16,0.0
2025-10-17,-0.028037369378693944
2025-10-20,0.04879479477345949
2025-10-21,-0.0076571020519595745
2025-10-22,0.013002074912101591
2025-10-23,0.0017537563435867654
2025-10-24,0.05360871450735338
2025-10-27,0.0376717306179295
2025-10-28,0.007527377729238616
2025-10-29,0.016903017127345432
2025-10-30,-0.007941455427614597
2025-10-31,0.023939266837341266
2025-11-03,0.04132664968049582
2025-11-04,-0.0669654782029574
2025-11-05,0.003215412902118686
2025-11-06,-0.004385478383650554
2025-11-07,-0.03361238803555677
2025-11-10,0.06884215924885106
2025-11-11,0.0
2025-11-12,0.0
2025-11-13,0.0
2025-11-14,-0.05326723610198403
2025-11-17,-0.01586277557364746
2025-11-18,-0.02712362803933277
2025-11-19,-0.0043147104728360475
2025-11-20,0.061816871986649646
2025-11-21,0.0
2025-11-24,0.0
2025-11-25,0.0
2025-11-26,0.028691459291445343
2025-11-28,0.02441586528838613
2025-12-01,-0.0364156965672946
2025-12-02,0.0052680578951780355
2025-12-03,-0.008213290121764527
2025-12-04,-0.013129868656097665
2025-12-05,0.019431538871215848
2025-12-08,0.04195657363500693
2025-12-09,-0.010677815766166887
2025-12-10,0.0015893416984633646
2025-12-11,-0.029520827475369438
2025-12-12,-0.05973602099573083
2025-12-15,0.024879582070335582
2025-12-16,-0.014327118044672682
2025-12-17,0.02475731291688943
2025-12-18,0.13129229994396674
2025-12-19,0.0
2025-12-22,0.0
2025-12-23,0.0
2025-12-24,0.0070375752250686485
2025-12-26,0.012482059015781255
2025-12-29,-0.027205548959932657
2025-12-30,0.0026578773631333874
2025-12-31,0.0024877167443007053
2026-01-02,0.050326649769269594
2026-01-05,0.05897757093741518
2026-01-06,0.028378952982518024
2026-01-07,-0.02629363028063103
2026-01-08,0.008681262103324983
2026-01-09,0.02734304894074846
2026-01-12,-0.022139367090012185
2026-01-13,0.0215921509336785
2026-01-14,-0.026941712228265025
2026-01-15,0.09859587036364115
2026-01-16,0.0
2026-01-20,0.0
2026-01-21,0.0
2026-01-22,0.03903458603632526
2026-01-23,0.010321822749209675
2026-01-26,-0.011263525514228712
2026-01-27,0.052059206767170796
2026-01-28,0.03323673222405121
2026-01-29,0.028107968041377607
2026-01-30,-0.034480576913586414
2026-02-02,-0.007413303589909992
2026-02-03,0.024908652572147583
2026-02-04,-0.014790119382608324
2026-02-05,-0.02741192885983179
2026-02-06,0.025402645184070538
2026-02-09,-0.02808377317559685
2026-02-10,-0.0076088366475933755
2026-02-11,0.07847484902412027
2026-02-12,0.0
2026-02-13,0.0
2026-02-17,0.0
2026-02-18,0.00963390971470579
2026-02-19,-0.03832823194213475
2026-02-20,-0.0073627081624647595
2026-02-23,-0.00713250546690003
2026-02-24,0.022606482157932595
2026-02-25,0.0398837549335993
2026-02-26,-0.021662651700699476
2026-02-27,-0.0529414057837273
2026-03-02,-0.04584104717471904
2026-03-03,-0.10118044310863261
2026-03-04,0.053941640078582154
2026-03-05,-0.02982470677153115
2026-03-06,-0.0897799176425349
2026-03-09,-0.0346414593153731
2026-03-10,0.009347466822707373
2026-03-11,0.014338345660608542
2026-03-12,-0.042740613258797855
2026-03-13,0.03316351227390313
2026-03-16,0.06144481191750972
2026-03-17,0.0
2026-03-18,0.0
2026-03-19,0.0
2026-03-20,0.005192831335001369
2026-03-23,0.031139628110598228
2026-03-24,-0.02075145324817962
2026-03-25,-0.033957773384795886
2026-03-26,-0.06287821546324635
2026-03-27,0.00029746831757049286
2026-03-30,0.03387466638893222
2026-03-31,0.03175212405636141
2026-04-01,0.03425659779900303
2026-04-02,-0.08329774657714284
2026-04-06,0.01852015991528977
2026-04-07,-0.014234067041331233
2026-04-08,0.11171084530478659
2026-04-09,0.0005202528835224207
2026-04-10,-0.0021220242761254005
2026-04-13,0.0025731577967260666
2026-04-14,0.03069049536261792
2026-04-15,-0.03557085848421293
2026-04-16,-0.017980965807183558
2026-04-17,0.04535691151024679
2026-04-20,0.00452150894712644
2026-04-21,0.008307248709232384
2026-04-22,0.03808604740498667
2026-04-23,-0.003922000688456162
2026-04-24,0.05688055474272158
2026-04-27,0.016862910495462735
2026-04-28,-0.0770147774406057
2026-04-29,0.03867644775661261
2026-04-30,0.029400316681031047
2026-05-01,-0.022484794078838743
2026-05-04,0.03170192138094241
2026-05-05,0.04278740041186002
2026-05-06,0.03812414838218081
2026-05-07,-0.03165285220130387
2026-05-08,0.053206890515986593
2026-05-11,0.06998622718327319
2026-05-12,0.0
2026-05-13,0.0
2026-05-14,0.0
2026-05-15,-0.1005064980254845
2026-05-18,0.05890782348992474
2026-05-19,-0.04670523918970515
2026-05-20,0.07987079061219649
2026-05-21,0.0
2026-05-22,0.0
2026-05-26,0.0
2026-05-27,0.05936444909571659
2026-05-28,0.003111135548604871
2026-05-29,0.04356199589200349
2026-06-01,-0.010733657748919545
2026-06-02,0.10126054513138016
2026-06-03,0.0
2026-06-04,0.0
2026-06-05,0.0
2026-06-08,0.20064046336225916
2026-06-09,0.0
2026-06-10,0.0
2026-06-11,0.0
2026-06-12,-0.03875377383934986
2026-06-15,0.11732177252598208
2026-06-16,0.0
2026-06-17,0.0
2026-06-18,0.0
2026-06-22,0.06814073816594868
2026-06-23,0.0
2026-06-24,0.0
2026-06-25,0.0
2026-06-26,-0.09234094687137206
2026-06-29,0.005099424917999862
2026-06-30,0.003446623968949014
2026-07-01,-0.09836117925009968
2026-07-02,0.009677787133107074
2026-07-06,0.059789779494086925
2026-07-07,-0.11236379638226424
2026-07-08,-0.05402237835614487
2026-07-09,0.1172078992458998
2026-07-10,0.0
2026-07-13,0.0
2026-07-14,0.0
2026-07-15,0.003731170262566641
2026-07-16,-0.059474446940365966
2026-07-17,-0.07872671419111588
2026-07-20,0.06187343277934332
2026-07-21,0.0
2026-07-22,0.0
2026-07-23,0.0
2026-07-24,-0.04054283912895973
2026-07-27,0.02474701028727999
2026-07-28,-0.11391403901560215
2026-07-29,0.010536068413149913
2026-07-30,0.1476562316315444
2026-07-31,0.0
2026-08-03,0.0
2026-08-04,0.0
2026-08-05,-0.05727616194532903
2026-08-06,-0.06884179382643396
2026-08-07,0.05548346683755434
2026-08-10,0.008377480725392017
2026-08-11,0.026727008026831145
2026-08-12,0.09644703351235306
2026-08-13,0.0
2026-08-14,0.0
