index,return
2000-01-03,0.0
2000-01-04,0.0
2000-01-05,0.0
2000-01-06,0.022789940622592653
2000-01-07,-0.03150768869305631
2000-01-10,0.0386151364572731
2000-01-11,-0.0051635414433994775
2000-01-12,-0.0016831950889407699
2000-01-13,0.016715572449151894
2000-01-14,-0.00793716511575282
2000-01-18,0.0038852002862739266
2000-01-19,0.014653036970083688
2000-01-20,0.08142516663602173
2000-01-21,0.0
2000-01-24,0.0
2000-01-25,0.0
2000-01-26,-0.04528934224368819
2000-01-27,0.024108376173141988
2000-01-28,-0.012870911804636842
2000-01-31,0.016107150316686747
2000-02-01,0.00986906856639247
2000-02-02,0.014155952983519127
2000-02-03,0.03581244366757441
2000-02-04,0.023263238609902093
2000-02-07,0.004382919216615155
2000-02-08,0.01062454072641228
2000-02-09,0.026272765907233486
2000-02-10,0.050566266268227356
2000-02-11,0.035755698587017104
2000-02-14,-0.03327157146546533
2000-02-15,0.025828426900095902
2000-02-16,0.028252165020102193
2000-02-17,0.007769031574242913
2000-02-18,-0.01449153066236808
2000-02-22,-0.05204276362187488
2000-02-23,-0.004077633570265471
2000-02-24,0.01853995003169162
2000-02-25,-0.0019222813912728176
2000-02-28,-0.00018805697968171664
2000-02-29,0.031141988350508187
2000-03-01,0.05785256696147845
2000-03-02,0.0
2000-03-03,0.0
2000-03-06,0.0
2000-03-07,0.0
2000-03-08,0.0
2000-03-09,0.0
2000-03-10,0.0
2000-03-13,0.0
2000-03-14,0.0
2000-03-15,0.0
2000-03-16,0.0
2000-03-17,0.0
2000-03-20,0.0
2000-03-21,0.0
2000-03-22,0.0
2000-03-23,0.0
2000-03-24,0.0
2000-03-27,0.0
2000-03-28,0.0
2000-03-29,0.0
2000-03-30,0.0
2000-03-31,0.0
2000-04-03,0.0
2000-04-04,0.033813733187875394
2000-04-05,-0.01808623758657124
2000-04-06,0.12485684724351853
2000-04-07,0.0
2000-04-10,0.0
2000-04-11,0.0
2000-04-12,-0.014939100018964258
2000-04-13,0.022957573731196446
2000-04-14,-0.0730119152014459
2000-04-17,-0.062308202245419664
2000-04-18,0.05731202995682061
2000-04-19,0.029742575392657233
2000-04-20,0.03613180391737414
2000-04-24,-0.09958043164562824
2000-04-25,0.06557651804947362
2000-04-26,0.0
2000-04-27,0.0
2000-04-28,0.0
2000-05-01,0.035059595902189544
2000-05-02,-0.0031793438769476268
2000-05-03,-0.017484121253877882
2000-05-04,-0.015467716962058176
2000-05-05,-0.014333973190521987
2000-05-08,-0.022309626599343657
2000-05-09,0.019837158346169614
2000-05-10,-0.0206363403246409
2000-05-11,0.02470670939716202
2000-05-12,0.025354781535920523
2000-05-15,0.0013871431356495822
2000-05-16,0.04418354051306639
2000-05-17,0.056931172210574976
2000-05-18,0.0
2000-05-19,0.0
2000-05-22,0.0
2000-05-23,-0.005676329027037408
2000-05-24,0.002247599044395976
2000-05-25,0.05238863665282212
2000-05-26,0.0
2000-05-30,0.0
2000-05-31,0.0
2000-06-01,0.06003317858756918
2000-06-02,0.0
2000-06-05,0.0
2000-06-06,0.0
2000-06-07,0.0029897949155619497
2000-06-08,0.04657057898609307
2000-06-09,0.027016103331339858
2000-06-12,0.016807287276388028
2000-06-13,-0.02769511984723938
2000-06-14,0.02124858727507073
2000-06-15,-0.0055140639563490135
2000-06-16,0.011617561513663333
2000-06-19,0.012364338383705986
2000-06-20,0.013545607890847355
2000-06-21,-0.02315682397191754
2000-06-22,0.016971492471246297
2000-06-23,-0.011815132008608287
2000-06-26,0.019244010813097123
2000-06-27,0.012034670645591161
2000-06-28,0.02051999714144981
2000-06-29,-0.06625926367921209
2000-06-30,0.026763096327305114
2000-07-03,0.03500126633648426
2000-07-05,-0.06706206253308278
2000-07-06,-0.0032466840287705967
2000-07-07,0.013514257115203376
2000-07-10,-0.010253737623884374
2000-07-11,-0.01018669501507563
2000-07-12,0.056946751759616054
2000-07-13,0.06413892951312405
2000-07-14,0.0
2000-07-17,0.0
2000-07-18,0.0
2000-07-19,-0.026433144910060324
2000-07-20,-0.008113025624138848
2000-07-21,-0.04597608447467605
2000-07-24,0.01560845157124735
2000-07-25,0.02878817770695985
2000-07-26,-0.032081773159895355
2000-07-27,-0.06978632373263549
2000-07-28,0.012451140866805321
2000-07-31,0.07023883393562858
2000-08-01,0.0
2000-08-02,0.0
2000-08-03,0.0
2000-08-04,0.038077110234464584
2000-08-07,-0.004273976557177095
2000-08-08,-0.006579329541236301
2000-08-09,0.04538611199517928
2000-08-10,-0.04717698407779736
2000-08-11,-0.005385313039923956
2000-08-14,0.045394071163507466
2000-08-15,0.018785157196891777
2000-08-16,0.054435573415507976
2000-08-17,-0.03212077027451887
2000-08-18,0.023157936767420173
2000-08-21,0.03056653042748958
2000-08-22,-0.032242161695403726
2000-08-23,-0.004513386620915272
2000-08-24,0.008347170231659762
2000-08-25,-0.011997246963065256
2000-08-28,0.011935985846558639
2000-08-29,0.0025809370756790795
2000-08-30,-0.012309188581486996
2000-08-31,0.009241618116438755
2000-09-01,0.035660175388325666
2000-09-05,0.034713681062040536
2000-09-06,-0.05812652457968981
2000-09-07,0.023487419525905384
2000-09-08,-0.015313921398853347
2000-09-11,-0.03933335891695122
2000-09-12,0.020261502656991004
2000-09-13,-0.025538289172872708
2000-09-14,0.03111597617620787
2000-09-15,-0.007414234160209254
2000-09-18,0.019134990113343964
2000-09-19,-0.007558131372717325
2000-09-20,-0.02404467399643828
2000-09-21,-0.022766569773116196
2000-09-22,-0.11463003104288183
2000-09-25,0.028429015103941024
2000-09-26,0.022158869609781418
2000-09-27,0.02494375244114333
2000-09-28,-0.02101770920665802
2000-09-29,-0.0474405904081634
2000-10-02,0.022719213837672392
2000-10-03,0.04794487430193439
2000-10-04,-0.0004253992251872507
2000-10-05,-0.022920312424410727
2000-10-06,0.015499010367318045
2000-10-09,0.009359510029394835
2000-10-10,-0.04481085652469052
2000-10-11,-0.06710231830000835
2000-10-12,0.06392168563026823
2000-10-13,0.0
2000-10-16,0.0
2000-10-17,0.0
2000-10-18,-0.04878520644478335
2000-10-19,0.17564766429785172
2000-10-20,0.0
2000-10-23,0.0
2000-10-24,0.0
2000-10-25,-0.048727671894805646
2000-10-26,0.017899253268575555
2000-10-27,0.019055492075293445
2000-10-30,-0.016636253618280694
2000-10-31,0.0848156236735158
2000-11-01,0.0
2000-11-02,0.0
2000-11-03,0.0
2000-11-06,0.053816494475233956
2000-11-07,0.015077669058430887
2000-11-08,0.011708038252779662
2000-11-09,-0.07881531417676257
2000-11-10,0.00017891680859172254
2000-11-13,-0.07065287886450333
2000-11-14,0.10345056649563356
2000-11-15,0.0
2000-11-16,0.0
2000-11-17,0.0
2000-11-20,-0.049404453213827915
2000-11-21,0.037315142205495144
2000-11-22,0.015783708296885468
2000-11-24,0.06977465004071726
2000-11-27,0.0
2000-11-28,0.0
2000-11-29,0.0
2000-11-30,-0.16800910724971752
2000-12-01,0.061376532878829604
2000-12-04,0.0
2000-12-05,0.0
2000-12-06,0.0
2000-12-07,-0.061403318378242866
2000-12-08,0.1569854346339099
2000-12-11,0.0
2000-12-12,0.0
2000-12-13,0.0
2000-12-14,0.003735575293818183
2000-12-15,-0.05031221178459122
2000-12-18,0.027024727347172872
2000-12-19,-0.0005631221836166489
2000-12-20,-0.08383518289658254
2000-12-21,-0.015401671568489372
2000-12-22,0.09630464000469385
2000-12-26,0.0
2000-12-27,0.0
2000-12-28,0.0
2000-12-29,-4.294552433115051e-05
2001-01-02,0.042078139679617044
2001-01-03,-0.01774054662893898
2001-01-04,-0.022286096825238855
2001-01-05,0.006184589842860078
2001-01-08,-0.014024562649980643
2001-01-09,0.062406251597799445
2001-01-10,0.0
2001-01-11,0.0
2001-01-12,0.0
2001-01-16,0.003473439955297586
2001-01-17,0.14061373966327717
2001-01-18,0.0
2001-01-19,0.0
2001-01-22,0.0
2001-01-23,-0.018269039221916916
2001-01-24,0.00239474504758852
2001-01-25,-0.02062834666923996
2001-01-26,-0.06393902850472777
2001-01-29,-0.01123848386698778
2001-01-30,0.028530686289160334
2001-01-31,-0.00990926609535081
2001-02-01,0.01658235421033183
2001-02-02,0.021137729473047706
2001-02-05,-0.016855244709824246
2001-02-06,0.028921766565315865
2001-02-07,-0.015280401804617427
2001-02-08,0.014968374028385911
2001-02-09,-0.015282563247067671
2001-02-12,-0.009756807489131991
2001-02-13,0.008764218201585905
2001-02-14,0.0006018396586497943
2001-02-15,0.0025847044433935373
2001-02-16,-0.07709062323840155
2001-02-20,0.019360611029427766
2001-02-21,-0.06270586752940854
2001-02-22,-0.015166313373188411
2001-02-23,0.0010475234379072607
2001-02-26,0.050449903688037034
2001-02-27,-0.028744935950737682
2001-02-28,0.015794083898279965
2001-03-01,-0.025903485222571576
2001-03-02,-0.10493011658665263
2001-03-05,0.03424460840314891
2001-03-06,0.13128230858398893
2001-03-07,0.0
2001-03-08,0.0
2001-03-09,0.0
2001-03-12,-0.03498206421648453
2001-03-13,0.05575002530067752
2001-03-14,-0.08838790607230618
2001-03-15,0.08691444856021602
2001-03-16,0.0
2001-03-19,0.0
2001-03-20,0.0
2001-03-21,-0.0061140623438515895
2001-03-22,0.06657443385735551
2001-03-23,0.0
2001-03-26,0.0
2001-03-27,0.0
2001-03-28,-0.06072674373624343
2001-03-29,-0.015920370743163548
2001-03-30,-0.03486582376514569
2001-04-02,-0.005695308531739385
2001-04-03,0.0
2001-04-04,0.0
2001-04-05,0.0
2001-04-06,0.0
2001-04-09,0.0
2001-04-10,0.0
2001-04-11,0.0
2001-04-12,0.0
2001-04-16,0.0
2001-04-17,0.0
2001-04-18,0.0
2001-04-19,0.0
2001-04-20,0.0
2001-04-23,0.0
2001-04-24,0.0
2001-04-25,0.0
2001-04-26,0.0
2001-04-27,0.0
2001-04-30,0.0
2001-05-01,0.0
2001-05-02,0.06783856581284287
2001-05-03,0.0
2001-05-04,0.0
2001-05-07,0.0
2001-05-08,0.08470378823128488
2001-05-09,0.0
2001-05-10,0.0
2001-05-11,0.0
2001-05-14,-0.0011362954424111171
2001-05-15,0.014358568490996815
2001-05-16,-0.03827717330091984
2001-05-17,0.013921700412749205
2001-05-18,-0.012393750454102404
2001-05-21,-0.01297679319856504
2001-05-22,0.004105044544379988
2001-05-23,0.00643546859372357
2001-05-24,-0.028064247750808957
2001-05-25,0.02212167005095189
2001-05-29,-0.020633585011819
2001-05-30,-0.024697847073462897
2001-05-31,-0.006639922904816964
2001-06-01,0.034315359785936694
2001-06-04,-0.030888489365702543
2001-06-05,0.024818007811388654
2001-06-06,0.09895230732228177
2001-06-07,0.0
2001-06-08,0.0
2001-06-11,0.0
2001-06-12,-0.06685237629015539
2001-06-13,0.00888817739624792
2001-06-14,-0.04326162331829775
2001-06-15,-0.034322299583081306
2001-06-18,0.006199502011971836
2001-06-19,0.06135092581236057
2001-06-20,0.0
2001-06-21,0.0
2001-06-22,0.0
2001-06-25,0.05102669042339292
2001-06-26,-0.030242918897667503
2001-06-27,-0.004471305945135229
2001-06-28,0.02710326735280022
2001-06-29,0.008620268191406488
2001-07-02,-0.0009867422980516238
2001-07-03,-0.02062654625099447
2001-07-05,-0.047055028429417334
2001-07-06,-0.1487852666025864
2001-07-09,0.06719966578783998
2001-07-10,0.0
2001-07-11,0.0
2001-07-12,0.0
2001-07-13,-0.029032954210268747
2001-07-16,0.031828456543860684
2001-07-17,-0.04836645228970682
2001-07-18,-0.0326536832603459
2001-07-19,0.039855148666870344
2001-07-20,0.007058515984433633
2001-07-23,0.024361921731623992
2001-07-24,-0.03350843937916348
2001-07-25,0.004922002882509879
2001-07-26,0.00314658962562242
2001-07-27,-0.02020591396915894
2001-07-30,0.0409686781220997
2001-07-31,0.0422983535182222
2001-08-01,0.13886377362496805
2001-08-02,0.0
2001-08-03,0.0
2001-08-06,0.0
2001-08-07,-0.0017187171318292505
2001-08-08,-0.007398345903615766
2001-08-09,-0.01810054691411811
2001-08-10,-0.0045136906321096015
2001-08-13,0.03409740212255752
2001-08-14,-0.01766600362330295
2001-08-15,0.024412576360437477
2001-08-16,-0.027047077374949047
2001-08-17,-0.045151814657675926
2001-08-20,-0.01238482769955973
2001-08-21,0.010724957456648365
2001-08-22,0.03185975805284502
2001-08-23,0.003379186245975996
2001-08-24,0.024807279554100115
2001-08-27,-0.007755799657792828
2001-08-28,0.009606766135339173
2001-08-29,0.01810027793641744
2001-08-30,-0.021069730848772172
2001-08-31,-0.009125488437048412
2001-09-04,-0.03014342486376398
2001-09-05,-0.010391354414916898
2001-09-06,-0.02578837286998714
2001-09-07,-0.007471658339535003
2001-09-10,-0.005698976891444163
2001-09-17,-0.20758035949388876
2001-09-18,0.013043413870056364
2001-09-19,0.04297635484998952
2001-09-20,-0.04604259678170597
2001-09-21,-0.0968820708297854
2001-09-24,0.09634585336882129
2001-09-25,0.0
2001-09-26,0.0
2001-09-27,0.0
2001-09-28,0.05502828193589582
2001-10-01,-0.004130344394709495
2001-10-02,-0.020088115033835008
2001-10-03,-0.020835870254940825
2001-10-04,0.09135002713769635
2001-10-05,0.0
2001-10-08,0.0
2001-10-09,0.0
2001-10-10,-0.009304582710307763
2001-10-11,0.07706425376081216
2001-10-12,0.0
2001-10-15,0.0
2001-10-16,0.0
2001-10-17,0.08225119478463072
2001-10-18,0.0
2001-10-19,0.0
2001-10-22,0.0
2001-10-23,0.0261758376178316
2001-10-24,-0.0030693381347711712
2001-10-25,-0.03507884553564178
2001-10-26,-0.004867389193119909
2001-10-29,-0.026586687227300287
2001-10-30,-0.0156344221093192
2001-10-31,0.06651707972165521
2001-11-01,0.0
2001-11-02,0.0
2001-11-05,0.0
2001-11-06,-0.00985781191789048
2001-11-07,-0.015716542860071958
2001-11-08,0.08163445631669264
2001-11-09,0.0
2001-11-12,0.0
2001-11-13,0.0
2001-11-14,0.021271584330517124
2001-11-15,-0.007612530474520152
2001-11-16,-0.005610085937260756
2001-11-19,0.009437349384619598
2001-11-20,-0.01967966710367841
2001-11-21,-0.015303548466929051
2001-11-23,-0.001917755508067831
2001-11-26,0.029840689683608757
2001-11-27,-0.018113371842587878
2001-11-28,-0.0127905543742598
2001-11-29,0.041035754360852605
2001-11-30,-0.005189479514461803
2001-12-03,0.014817430882856808
2001-12-04,0.02514931406060672
2001-12-05,0.07633579483192654
2001-12-06,0.0
2001-12-07,0.0
2001-12-10,0.0
2001-12-11,0.02632988452136753
2001-12-12,0.0184768765398009
2001-12-13,-0.07169420754668576
2001-12-14,0.0024449151842431682
2001-12-17,0.0026531658234540956
2001-12-18,0.0173323106156118
2001-12-19,-0.05542466790243317
2001-12-20,-0.009338328331385037
2001-12-21,0.013966155532383784
2001-12-24,0.0005998477383644119
2001-12-26,0.008955069426467732
2001-12-27,0.030868194774689828
2001-12-28,0.037293133340829954
2001-12-31,0.021972164338730726
2002-01-02,0.05890037473847487
2002-01-03,0.0
2002-01-04,0.0
2002-01-07,0.0
2002-01-08,0.011641047684202155
2002-01-09,0.01955132938277604
2002-01-10,-0.007586493822397511
2002-01-11,0.009299718874996588
2002-01-14,-0.007847715007890499
2002-01-15,0.03245057622468295
2002-01-16,-0.0192324724648395
2002-01-17,0.03364393838729529
2002-01-18,-0.04041377633131471
2002-01-22,0.014481235398699166
2002-01-23,0.017027176738039662
2002-01-24,0.013801139864230594
2002-01-25,-0.022636286583641252
2002-01-28,0.018649750095538042
2002-01-29,0.006304074512225144
2002-01-30,0.011050032309253499
2002-01-31,0.01689331591316745
2002-02-01,-0.0038070167908008656
2002-02-04,-0.041720783332542144
2002-02-05,-0.03309560494546404
2002-02-06,0.04008162735383025
2002-02-07,0.0013810967167291466
2002-02-08,0.021600920587672823
2002-02-11,0.0063350601594287514
2002-02-12,-0.024141139684023205
2002-02-13,0.018998842962884677
2002-02-14,0.008156822977308797
2002-02-15,-0.029341539653690685
2002-02-19,-0.04858090940056625
2002-02-20,-0.002314823131081223
2002-02-21,-0.011940469026568867
2002-02-22,-0.02322462774129863
2002-02-25,0.005834254411549722
2002-02-26,0.0010049350838392535
2002-02-27,0.024021232946051185
2002-02-28,-0.0025696473810825626
2002-03-01,0.0075486335723846665
2002-03-04,0.005203197707962071
2002-03-05,-0.031127895643410453
2002-03-06,-0.06679556125324382
2002-03-07,0.013756129323417188
2002-03-08,0.03894049995612825
2002-03-11,-0.019709129327831088
2002-03-12,-0.03476081848236612
2002-03-13,-0.016268514772551534
2002-03-14,-0.03468830933586964
2002-03-15,0.0026771955042095286
2002-03-18,0.02049160779185244
2002-03-19,0.01211412034982251
2002-03-20,-0.019655440253395495
2002-03-21,0.016018569490631185
2002-03-22,0.009846101991811684
2002-03-25,-0.004435794656128422
2002-03-26,-0.01178917842815641
2002-03-27,-0.04990283015873842
2002-03-28,0.011569789138466735
2002-04-01,-0.0377806568547544
2002-04-02,-0.01639355457128011
2002-04-03,-0.007557695988798074
2002-04-04,0.0004514980918091105
2002-04-05,0.006908425008561592
2002-04-08,-0.05936047005948775
2002-04-09,0.008916220190722912
2002-04-10,0.021918373437794125
2002-04-11,-0.03197757401450119
2002-04-12,0.010788967035124442
2002-04-15,0.011765553829739428
2002-04-16,0.04730244037112108
2002-04-17,0.0
2002-04-18,0.0
2002-04-19,0.0
2002-04-22,-0.011532662291165452
2002-04-23,0.021522427046864134
2002-04-24,0.06665240805713002
2002-04-25,0.0
2002-04-26,0.0
2002-04-29,0.0
2002-04-30,0.001509565080606956
2002-05-01,-0.005369669383066045
2002-05-02,0.0240028809566859
2002-05-03,-0.002216843184392636
2002-05-06,-0.024419853135556835
2002-05-07,0.0471441122812295
2002-05-08,0.13288095637641373
2002-05-09,0.0
2002-05-10,0.0
2002-05-13,0.0
2002-05-14,0.1378758158226412
2002-05-15,0.0
2002-05-16,0.0
2002-05-17,0.0
2002-05-20,0.0006135256019130786
2002-05-21,0.02921849511776875
2002-05-22,-0.010419370440929665
2002-05-23,0.009355782549565594
2002-05-24,-0.03115896055324263
2002-05-28,0.029308032445025223
2002-05-29,-0.03542385450740404
2002-05-30,-0.04298524134093218
2002-05-31,0.006731637811406843
2002-06-03,-0.019724831165956136
2002-06-04,-0.003985319888129779
2002-06-05,-0.0017856499744438592
2002-06-06,-0.025860077418415783
2002-06-07,-0.1813118256460724
2002-06-10,0.012949874378515025
2002-06-11,0.026411962621690765
2002-06-12,-0.001087292975392451
2002-06-13,-0.01022066595395088
2002-06-14,-0.03977136367068412
2002-06-17,0.04596176262755658
2002-06-18,-0.011270436180526033
2002-06-19,-0.1583839132514575
2002-06-20,-0.002056517620905862
2002-06-21,-0.02133371980807275
2002-06-24,-0.030093697616757176
2002-06-25,0.06018091842783391
2002-06-26,-0.16886546224683285
2002-06-27,0.07981535303923515
2002-06-28,0.0
2002-07-01,0.0
2002-07-02,0.0
2002-07-03,-0.04366993258203333
2002-07-05,0.15082969787551037
2002-07-08,0.0
2002-07-09,0.0
2002-07-10,0.0
2002-07-11,-0.017842446712643234
2002-07-12,0.06919260281419981
2002-07-15,0.0
2002-07-16,0.0
2002-07-17,0.0
2002-07-18,-0.0620344484063764
2002-07-19,-0.034280230925945565
2002-07-22,-0.0018913426241915499
2002-07-23,0.030905438767729887
2002-07-24,-0.03265743663186016
2002-07-25,-0.0860998078053713
2002-07-26,0.04044008341556227
2002-07-29,0.07397768533284688
2002-07-30,0.0
2002-07-31,0.0
2002-08-01,0.0
2002-08-02,-0.0002423198631978929
2002-08-05,0.026534501960106205
2002-08-06,0.08427995822571588
2002-08-07,0.0
2002-08-08,0.0
2002-08-09,0.0
2002-08-12,-0.03910059362521068
2002-08-13,0.002231086368462476
2002-08-14,0.013077047773002448
2002-08-15,0.02122336034135297
2002-08-16,-0.038111908474594114
2002-08-19,0.04481414372521342
2002-08-20,-0.01458038621489166
2002-08-21,0.06440261738612407
2002-08-22,0.0
2002-08-23,0.0
2002-08-26,0.0
2002-08-27,0.015584696984427548
2002-08-28,-0.025389867713812242
2002-08-29,-0.055948705401083765
2002-08-30,-0.019338337911029235
2002-09-03,-0.05954462990598253
2002-09-04,0.014419244006897092
2002-09-05,-0.040223227784619286
2002-09-06,0.08989270434186158
2002-09-09,0.0
2002-09-10,0.0
2002-09-11,0.0
2002-09-12,-0.044609088604771086
2002-09-13,-0.051713759910255286
2002-09-16,-0.010801783622356509
2002-09-17,0.0702166069491239
2002-09-18,0.0
2002-09-19,0.0
2002-09-20,0.0
2002-09-23,-0.06171335816920198
2002-09-24,-0.04570019970868999
2002-09-25,0.06164210031539197
2002-09-26,0.0
2002-09-27,0.0
2002-09-30,0.0
2002-10-01,0.03201665713801094
2002-10-02,0.0022420721618552353
2002-10-03,-0.1270352922310719
2002-10-04,0.013679487427523007
2002-10-07,-0.006100410260699962
2002-10-08,0.04867900263660396
2002-10-09,-0.021763216752109238
2002-10-10,0.005612260504023636
2002-10-11,0.11701008277834846
2002-10-14,0.0
2002-10-15,0.0
2002-10-16,0.0
2002-10-17,0.25185244646073435
2002-10-18,0.0
2002-10-21,0.0
2002-10-22,0.0
2002-10-23,0.010852016521872399
2002-10-24,0.051909351857820196
2002-10-25,-0.04673825942467158
2002-10-28,0.09995788876636125
2002-10-29,0.0
2002-10-30,0.0
2002-10-31,0.0
2002-11-01,-0.010659726493460586
2002-11-04,0.02972022909698646
2002-11-05,-0.009087736887288811
2002-11-06,0.013613945940657013
2002-11-07,-0.021357950954427496
2002-11-08,0.0020620550636598622
2002-11-11,-0.0027995795273250135
2002-11-12,0.006621286757779066
2002-11-13,-0.008736723134384783
2002-11-14,0.0237413491818923
2002-11-15,-0.03356372481548331
2002-11-18,0.005184439155035525
2002-11-19,-0.008781814432549995
2002-11-20,0.0009294240937942622
2002-11-21,0.003375553422669153
2002-11-22,-0.008865396540571835
2002-11-25,-0.005881107437721966
2002-11-26,-0.008442733149606307
2002-11-27,0.02465846135395111
2002-11-29,0.015789176564967145
2002-12-02,0.023937872124688564
2002-12-03,5.98956249422411e-05
2002-12-04,-0.025814419417568346
2002-12-05,0.022377908544441993
2002-12-06,-0.01799977272341402
2002-12-09,-0.012726223733128261
2002-12-10,0.016851493518499794
2002-12-11,-0.0027256057704049264
2002-12-12,0.015801070335077938
2002-12-13,-0.009045807000519712
2002-12-16,0.006354470188870254
2002-12-17,0.00026486305571093993
2002-12-18,-0.01296032634642541
2002-12-19,0.0005016343490762409
2002-12-20,0.012038870395810086
2002-12-23,0.0022183556007111527
2002-12-24,-0.0003178866671134095
2002-12-26,0.003413538207535094
2002-12-27,-0.013616325796283135
2002-12-30,-0.003460764343196754
2002-12-31,-0.0004245036381070877
2003-01-02,0.01592011024339235
2003-01-03,0.003955147193750674
2003-01-06,0.00167219704537791
2003-01-07,0.027167364531195393
2003-01-08,-0.008863571387878744
2003-01-09,0.014721129364635654
2003-01-10,-0.010367717250713615
2003-01-13,0.019745370244293348
2003-01-14,-0.008213036844682664
2003-01-15,0.004731658934788108
2003-01-16,0.0023024297254874426
2003-01-17,0.00029296078865304054
2003-01-21,0.01650965100995072
2003-01-22,-0.011075227517616804
2003-01-23,0.012470699271520669
2003-01-24,-0.007678597859514413
2003-01-27,-0.012062541568401364
2003-01-28,0.006886488897841936
2003-01-29,-0.01606109010422796
2003-01-30,0.003959867050238319
2003-01-31,0.012340216342036081
2003-02-03,-0.0023349685028934974
2003-02-04,-0.004987675301901695
2003-02-05,0.015259238725871427
2003-02-06,0.03915941691891445
2003-02-07,0.03798202754949642
2003-02-10,-0.007208724503060759
2003-02-11,-0.012053192768115117
2003-02-12,0.0009067705917977786
2003-02-13,0.01299895793969097
2003-02-14,0.09230809031230258
2003-02-18,0.0
2003-02-19,0.0
2003-02-20,0.0
2003-02-21,0.01620922124294788
2003-02-24,-0.0036294211215196492
2003-02-25,-0.039899078410395306
2003-02-26,-0.017624523119797453
2003-02-27,0.005959166619663003
2003-02-28,0.00039414219481326285
2003-03-03,0.017016057559098297
2003-03-04,-0.006646192908058013
2003-03-05,-0.010939010599756105
2003-03-06,-0.00648352863435897
2003-03-07,-0.03970834902774767
2003-03-10,-0.007043990423260427
2003-03-11,0.01122883630380933
2003-03-12,-0.008977069180238106
2003-03-13,0.05178692732535528
2003-03-14,-0.00854940555108763
2003-03-17,-0.0301844909531227
2003-03-18,0.014238749804951434
2003-03-19,0.020793144383189244
2003-03-20,0.0008284389922590396
2003-03-21,0.07719721536047364
2003-03-24,0.0
2003-03-25,0.0
2003-03-26,0.0
2003-03-27,-0.023431574794044674
2003-03-28,-0.014072011206624269
2003-03-31,-0.06273082459315871
2003-04-01,0.01860431082804137
2003-04-02,0.0699562201850894
2003-04-03,0.0
2003-04-04,0.0
2003-04-07,0.0
2003-04-08,-0.0034149964623428897
2003-04-09,-0.00865118952768884
2003-04-10,0.018478893457583467
2003-04-11,0.019361110444711338
2003-04-14,-0.009776789143406184
2003-04-15,-0.03957369895869034
2003-04-16,0.04349552615664298
2003-04-17,-0.035049250634395235
2003-04-21,0.026621365267715857
2003-04-22,0.006628478025977325
2003-04-23,0.004581215389929838
2003-04-24,-0.00031610461812003887
2003-04-25,-0.0036799615403647623
2003-04-28,-0.0023923483632607434
2003-04-29,0.03632941171589499
2003-04-30,-0.0038222714192048812
2003-05-01,-0.008017536431734307
2003-05-02,0.008189239192930797
2003-05-05,0.022125464183168964
2003-05-06,-0.00389043386675314
2003-05-07,-0.027319442334140853
2003-05-08,-0.020440807531462934
2003-05-09,0.12690765075379318
2003-05-12,0.0
2003-05-13,0.0
2003-05-14,0.0
2003-05-15,0.022842948928067708
2003-05-16,-0.007288407692055188
2003-05-19,-0.04104942695482794
2003-05-20,0.027942545665546437
2003-05-21,-0.01280562346206593
2003-05-22,0.013904160116081643
2003-05-23,0.021580087938197323
2003-05-27,-0.03284395270970786
2003-05-28,0.026191760917760654
2003-05-29,0.008064347727690935
2003-05-30,0.08792149166079821
2003-06-02,0.0
2003-06-03,0.0
2003-06-04,0.0
2003-06-05,-0.01706360296880438
2003-06-06,0.04954950877009323
2003-06-09,-0.014838257222536066
2003-06-10,-0.006957408668780141
2003-06-11,-0.009285371892177152
2003-06-12,0.007767230342458742
2003-06-13,-0.04407200328502514
2003-06-16,0.018188722112722377
2003-06-17,0.032179513726533715
2003-06-18,-0.03619882182590939
2003-06-19,-0.0012207889808334427
2003-06-20,0.021327890844154318
2003-06-23,-0.0036060374518894767
2003-06-24,-0.014754445481428902
2003-06-25,0.016061441548562483
2003-06-26,0.007577494388830264
2003-06-27,0.020307824057314683
2003-06-30,0.027775969702208192
2003-07-01,-0.002584927267261228
2003-07-02,0.054059251883219916
2003-07-03,-0.03027325429484795
2003-07-07,0.012590501810540111
2003-07-08,-0.01564892035634613
2003-07-09,0.003069928699507507
2003-07-10,-0.044289994068705596
2003-07-11,0.0035858318774544262
2003-07-14,0.047111796233534786
2003-07-15,-0.018146149235977016
2003-07-16,0.02603731968812295
2003-07-17,-0.06096204185625498
2003-07-18,0.008129053642352613
2003-07-21,0.005172512630536863
2003-07-22,0.029318760606456218
2003-07-23,-0.0365431794866935
2003-07-24,0.054222677324077484
2003-07-25,0.002460001827705005
2003-07-28,0.014782624211715278
2003-07-29,0.055093779370390505
2003-07-30,0.0
2003-07-31,0.0
2003-08-01,0.0
2003-08-04,-0.01218468677662543
2003-08-05,0.028050404380997707
2003-08-06,-0.00024152419203715692
2003-08-07,-0.027031241149541696
2003-08-08,-0.08022358486458259
2003-08-11,0.016102460695595733
2003-08-12,0.003822428366397901
2003-08-13,0.0022326579430038684
2003-08-14,-0.024709479452689642
2003-08-15,-0.006507583816851348
2003-08-18,0.017563581855722266
2003-08-19,0.028260596275712313
2003-08-20,-0.040173218762364016
2003-08-21,0.031945052195512025
2003-08-22,0.05392540847031735
2003-08-25,0.007847232257360393
2003-08-26,-0.017555537868202187
2003-08-27,0.009586609629789633
2003-08-28,0.009969242659929822
2003-08-29,-0.005875972519903017
2003-09-02,0.016824716590899458
2003-09-03,0.02467887242556821
2003-09-04,-0.007339240030006078
2003-09-05,-0.008003295763459484
2003-09-08,0.006376119894259569
2003-09-09,-0.010147679433479384
2003-09-10,-0.021687433444121273
2003-09-11,0.001124866415701753
2003-09-12,0.005987100998922301
2003-09-15,0.014674486802442432
2003-09-16,0.008758661297857184
2003-09-17,-0.0009514078241155133
2003-09-18,-0.012094240258541666
2003-09-19,0.00240539757540037
2003-09-22,-0.04192220631082977
2003-09-23,0.011639434485469558
2003-09-24,0.01757491590403437
2003-09-25,0.0117554400556652
2003-09-26,-0.020414492893897074
2003-09-29,0.03229262655695053
2003-09-30,-0.048837865257261415
2003-10-01,0.013794135740320401
2003-10-02,0.00042707296961475016
2003-10-03,0.09652815351270938
2003-10-06,0.0
2003-10-07,0.0
2003-10-08,0.0
2003-10-09,0.04252201576274017
2003-10-10,0.01281461512200166
2003-10-13,0.00794635739705396
2003-10-14,-0.029885463128645484
2003-10-15,0.06974560391672235
2003-10-16,0.0
2003-10-17,0.0
2003-10-20,0.0
2003-10-21,0.018845883570145938
2003-10-22,-0.030882174620255554
2003-10-23,-0.037320847730541895
2003-10-24,0.008034810519426339
2003-10-27,0.054117968535238425
2003-10-28,0.07163440884109318
2003-10-29,0.0
2003-10-30,0.0
2003-10-31,0.0
2003-11-03,0.03761792719323975
2003-11-04,-0.014869307373343132
2003-11-05,-0.003769466393078069
2003-11-06,0.027998453849264582
2003-11-07,0.0027015425399965487
2003-11-10,-0.02947833474452266
2003-11-11,-0.0070546366892805246
2003-11-12,0.017297414559679813
2003-11-13,-0.014351485643327555
2003-11-14,-0.01002638063148975
2003-11-17,-0.034102319228150324
2003-11-18,0.023464116540567126
2003-11-19,0.00781401630778622
2003-11-20,-0.06239311901095257
2003-11-21,0.025884010267698487
2003-11-24,0.014335617040212023
2003-11-25,0.02242108875563109
2003-11-26,0.02103232810286082
2003-11-28,-0.0007463287358894233
2003-12-01,0.025286826218809955
2003-12-02,0.012991309505927306
2003-12-03,0.020468133461508886
2003-12-04,0.016183379849569635
2003-12-05,-0.043697080246183795
2003-12-08,-0.010263635904739332
2003-12-09,0.02977713561059203
2003-12-10,-0.009787592857472327
2003-12-11,0.00805591806595829
2003-12-12,0.014245201503904736
2003-12-15,0.05093158386771601
2003-12-16,0.004484360930238962
2003-12-17,-0.004501342015701182
2003-12-18,0.016506929883651544
2003-12-19,0.005782060817095314
2003-12-22,-0.010983470023243624
2003-12-23,0.0017849950355477429
2003-12-24,-0.0008765314792940071
2003-12-26,0.0027241988899890934
2003-12-29,0.01515982400677629
2003-12-30,0.006099640137072981
2003-12-31,0.004817668051970925
2004-01-02,0.022350206914890647
2004-01-05,0.019614652720517656
2004-01-06,0.0009010058689904454
2004-01-07,0.007021553034139982
2004-01-08,0.03277980551261894
2004-01-09,-0.013927908103378517
2004-01-12,0.005986908311137684
2004-01-13,0.008492061657839445
2004-01-14,0.008369925213027818
2004-01-15,-0.014822612821379089
2004-01-16,0.015747848964685174
2004-01-20,0.024702501532462895
2004-01-21,-0.03850096223124311
2004-01-22,-0.001992888926782177
2004-01-23,0.009041729100141893
2004-01-26,-0.0016978606118015493
2004-01-27,0.0006329297475247131
2004-01-28,0.02775955534873864
2004-01-29,0.012290327614062013
2004-01-30,0.004943710654344846
2004-02-02,0.02903976279801035
2004-02-03,-0.000988802898865715
2004-02-04,-0.02008664847681585
2004-02-05,0.011549182897409915
2004-02-06,0.01111048654565261
2004-02-09,0.014523523854222953
2004-02-10,0.009230686830003831
2004-02-11,-0.0005409957253176279
2004-02-12,0.006941744543171646
2004-02-13,0.018987764874541124
2004-02-17,0.0356802393484934
2004-02-18,0.006865682072545676
2004-02-19,0.03974655025209661
2004-02-20,-0.011713830520599045
2004-02-23,-0.03486627843710122
2004-02-24,-0.07599481912252748
2004-02-25,0.01737885976586595
2004-02-26,-0.005812014759675521
2004-02-27,0.01733922097393914
2004-03-01,-0.015318508474455594
2004-03-02,0.001025991832222628
2004-03-03,-0.009409986640606438
2004-03-04,-0.004437719071007207
2004-03-05,-0.023132588073406013
2004-03-08,0.056987252364265606
2004-03-09,0.0
2004-03-10,0.0
2004-03-11,0.0
2004-03-12,0.04347478478380373
2004-03-15,0.0
2004-03-16,0.0
2004-03-17,0.0
2004-03-18,0.009341702561644905
2004-03-19,0.015864115744362417
2004-03-22,-0.019260657485520305
2004-03-23,0.0369649285563578
2004-03-24,0.0006135925178263335
2004-03-25,0.013288336373000531
2004-03-26,-0.006960069112547318
2004-03-29,0.031534086960208985
2004-03-30,0.03353228549058995
2004-03-31,0.00975555624922464
2004-04-01,0.015274119840383404
2004-04-02,0.034853218654391505
2004-04-05,-0.015324649819394076
2004-04-06,-0.029642339042859844
2004-04-07,0.000361609665380902
2004-04-08,0.028619926021743458
2004-04-12,0.008250976317930148
2004-04-13,0.01136757653497944
2004-04-14,-0.028215735815333987
2004-04-15,-0.014612667683674085
2004-04-16,0.0009068558844160801
2004-04-19,0.00345975207872673
2004-04-20,0.00849476776738145
2004-04-21,0.006155852437929044
2004-04-22,-0.017255868296301435
2004-04-23,0.020073851053639347
2004-04-26,0.007277969240326865
2004-04-27,0.010186272105165095
2004-04-28,-0.012467360150517859
2004-04-29,-0.0077719496023080925
2004-04-30,0.003027487875225221
2004-05-03,0.03330044124769982
2004-05-04,0.01525859838603516
2004-05-05,0.013647784214284364
2004-05-06,0.004206811715911307
2004-05-07,0.018351974024691797
2004-05-10,-0.015607949889706818
2004-05-11,0.021763688553881888
2004-05-12,-0.016978672875557876
2004-05-13,-0.01187920684896493
2004-05-14,0.005822030291756652
2004-05-17,-0.01975477075519494
2004-05-18,0.022846603768770235
2004-05-19,0.048066332729507444
2004-05-20,0.0014939961552600245
2004-05-21,0.02020587878198077
2004-05-24,0.014951281591674803
2004-05-25,-0.0003839744416993529
2004-05-26,0.00014661802264748225
2004-05-27,0.017534959288415752
2004-05-28,0.0132218747244357
2004-06-01,-0.015946518305197
2004-06-02,0.014405386461003866
2004-06-03,-0.012174972251359217
2004-06-04,0.03382729701224485
2004-06-07,0.01690476669223151
2004-06-08,-0.0021561676474668445
2004-06-09,0.0013981020430282598
2004-06-10,0.020767190441295602
2004-06-14,-0.002075190211180189
2004-06-15,0.025831379625341322
2004-06-16,-0.008097957968086211
2004-06-17,-0.0070735609582863734
2004-06-18,-0.028947469838198958
2004-06-21,0.005796696709781779
2004-06-22,0.011936115853268703
2004-06-23,0.011553539670766
2004-06-24,0.0020791265576551865
2004-06-25,0.012585153645274572
2004-06-28,0.02020361668129511
2004-06-29,0.021096921977828753
2004-06-30,-0.008616088731994376
2004-07-01,0.0034735525245841448
2004-07-02,-0.0024769434006444158
2004-07-06,-0.036419871917084956
2004-07-07,0.004241778223323056
2004-07-08,-0.014388446777889086
2004-07-09,0.013477685163998387
2004-07-12,-0.024262687624514778
2004-07-13,0.013233912686478222
2004-07-14,-0.06882794430956729
2004-07-15,0.00849247599874059
2004-07-16,0.02588748310502975
2004-07-19,-0.0006360010509810499
2004-07-20,0.008361592222250636
2004-07-21,0.027584757470959786
2004-07-22,0.004466066579881023
2004-07-23,-0.017315114339229387
2004-07-26,0.009766296068682623
2004-07-27,0.002043444083195567
2004-07-28,-0.012767073267029305
2004-07-29,0.013983202746710166
2004-07-30,0.0007264113996274801
2004-08-02,-0.01765923492653254
2004-08-03,-0.005048248637423813
2004-08-04,-0.004353582380537069
2004-08-05,0.004231218739305653
2004-08-06,-0.12443751835939876
2004-08-09,0.028804419613488452
2004-08-10,0.0031546787946563626
2004-08-11,-0.03292702280720228
2004-08-12,-0.01048440928888661
2004-08-13,0.01080633254103347
2004-08-16,-0.0050387668816893605
2004-08-17,0.021932094915735556
2004-08-18,-0.0038227063925931892
2004-08-19,-0.003431142305693302
2004-08-20,0.005007393477376887
2004-08-23,0.020518459683037227
2004-08-24,0.021466815573894404
2004-08-25,0.012549799435196407
2004-08-26,-0.0205657037227438
2004-08-27,0.005537105906539885
2004-08-30,-0.006720081979337933
2004-08-31,0.0033286135953387586
2004-09-01,0.006485514171247653
2004-09-02,0.0022472164796252247
2004-09-03,-0.03865933675246769
2004-09-07,0.016265309106659354
2004-09-08,-0.00179274740639368
2004-09-09,0.0264406684089602
2004-09-10,-0.004801998796204687
2004-09-13,0.008137195193282931
2004-09-14,-0.007162593314157473
2004-09-15,-0.024522618926543727
2004-09-16,0.01580663019706563
2004-09-17,0.018265570955341426
2004-09-20,-0.021913100463816115
2004-09-21,0.025255063073508666
2004-09-22,-0.017384773735300008
2004-09-23,0.004164763165140473
2004-09-24,0.006530311918907961
2004-09-27,-0.016076894281535914
2004-09-28,-0.0030245076369785906
2004-09-29,-0.0004320595275055794
2004-09-30,-0.009076128335308131
2004-10-01,0.013964277740482256
2004-10-04,0.01868883209941319
2004-10-05,-0.03535331170387779
2004-10-06,0.0053465499517457715
2004-10-07,0.00654751952562771
2004-10-08,-0.01774556854359477
2004-10-11,-0.00032893737622519126
2004-10-12,-0.041035922452628104
2004-10-13,0.043375917400838127
2004-10-14,-0.006959726709893421
2004-10-15,0.01342395485068315
2004-10-18,-0.014851338392655178
2004-10-19,0.02917716976557161
2004-10-20,-0.008043246977709528
2004-10-21,0.018269998370284757
2004-10-22,0.010426068675824629
2004-10-25,-0.005917051352598901
2004-10-26,0.04883291118517241
2004-10-27,0.0
2004-10-28,0.0
2004-10-29,0.0
2004-11-01,0.008748795744921267
2004-11-02,0.003136976090635457
2004-11-03,0.030692753530702
2004-11-04,0.001754564109748502
2004-11-05,0.013275973665367369
2004-11-08,0.0028926107965712156
2004-11-09,-6.560387260612366e-05
2004-11-10,0.004009837400492877
2004-11-11,0.007257677613650815
2004-11-12,0.0017898374199170064
2004-11-15,-0.0004109460608099358
2004-11-16,-0.00319083164370515
2004-11-17,0.005465658773230686
2004-11-18,0.00547196388435367
2004-11-19,0.029818380476984263
2004-11-22,-0.005027656828308191
2004-11-23,-0.009380072817619212
2004-11-24,0.0024135233620796726
2004-11-26,0.0029516563387401717
2004-11-29,-0.0068675422693447175
2004-11-30,0.0022934909442400286
2004-12-01,0.008335548037773144
2004-12-02,-0.016103959377655408
2004-12-03,0.015279483128114668
2004-12-06,-0.009439066287379005
2004-12-07,-0.015063418130827011
2004-12-08,-0.010851035013348387
2004-12-09,-0.013509317538667909
2004-12-10,-0.007859992361509471
2004-12-13,0.02571709832675717
2004-12-14,0.01160168249671334
2004-12-15,0.00025298645984528356
2004-12-16,-0.022299541794765454
2004-12-17,-0.00933342791606906
2004-12-20,0.01658168453618547
2004-12-21,0.010145732899324855
2004-12-22,0.002607447569956456
2004-12-23,0.00834458705285801
2004-12-27,0.01322149728111044
2004-12-28,0.00443298350537491
2004-12-29,-0.006199933384678835
2004-12-30,0.0020180940679026538
2004-12-31,0.012784427900077722
2005-01-03,0.033839927529525804
2005-01-04,-0.0038235329129546747
2005-01-05,-0.004141513409687825
2005-01-06,0.011057363328054626
2005-01-07,0.015143034907395547
2005-01-10,0.008703082575280074
2005-01-11,0.0037509122403955875
2005-01-12,0.012615431104881614
2005-01-13,-0.003609490474222987
2005-01-14,0.0070516455795783806
2005-01-18,-0.015380834075549354
2005-01-19,0.005788863314389214
2005-01-20,-0.01902026046119465
2005-01-21,0.00550669660347225
2005-01-24,-0.021034834327559926
2005-01-25,0.010591554102861833
2005-01-26,0.011850675950341838
2005-01-27,0.0033386636856478358
2005-01-28,0.008866100136175614
2005-01-31,0.02764247584098456
2005-02-01,-0.008305976404022308
2005-02-02,0.02486483678236917
2005-02-03,-0.01231749836512197
2005-02-04,-0.0005212290355915972
2005-02-07,0.0021715403995161697
2005-02-08,-0.002846485436642232
2005-02-09,-0.014925625224162298
2005-02-10,0.005845696871483064
2005-02-11,0.008960500533197857
2005-02-14,0.014015378861148564
2005-02-15,0.019966530313336284
2005-02-16,-0.0034746845295136053
2005-02-17,0.012474793153219865
2005-02-18,0.040914603730181076
2005-02-22,-0.010222495016818267
2005-02-23,0.0021572453430256378
2005-02-24,-0.007596629407953359
2005-02-25,0.00786861037843134
2005-02-28,-0.0018241981391912132
2005-03-01,0.006014979396785192
2005-03-02,-0.011541317131352535
2005-03-03,0.0029404422452721235
2005-03-04,0.017911153107791122
2005-03-07,0.002662216161200659
2005-03-08,-0.015013763572297001
2005-03-09,-0.017658151731141047
2005-03-10,0.0059885042258449594
2005-03-11,0.012533379936653155
2005-03-14,0.021984901019389103
2005-03-15,0.009202633866681742
2005-03-16,-0.013808775921182348
2005-03-17,0.00794775617141319
2005-03-18,0.02694779922196955
2005-03-21,0.005129180765510499
2005-03-22,0.00040391133821437997
2005-03-23,-0.007186110454133199
2005-03-24,0.008867391332562313
2005-03-28,0.004114073182375
2005-03-29,-7.07375939107413e-05
2005-03-30,0.006575008515240954
2005-03-31,-0.00790117143015745
2005-04-01,0.012766363948919945
2005-04-04,-0.004023236719968515
2005-04-05,0.0034173149606189224
2005-04-06,0.012430112730220655
2005-04-07,0.001294227792071112
2005-04-08,0.003391174140705555
2005-04-11,0.002781621019897873
2005-04-12,-0.0016034605714287942
2005-04-13,-0.0006676758023534957
2005-04-14,-0.0002802650987464572
2005-04-15,-0.022157098388333685
2005-04-18,-0.0009745341525231321
2005-04-19,0.015608067450726626
2005-04-20,0.01203040461888727
2005-04-21,0.021856396465446792
2005-04-22,-0.0006663153658853505
2005-04-25,0.018105035800287883
2005-04-26,0.00017826425666234158
2005-04-27,-0.008784860765879365
2005-04-28,-0.009150465485456727
2005-04-29,0.007697403979306294
2005-05-02,0.005172853560199364
2005-05-03,-0.006038565070388913
2005-05-04,0.0002511227238313207
2005-05-05,0.0027081880592463303
2005-05-06,0.01443907706144798
2005-05-09,0.006409370538651649
2005-05-10,0.0003794282980520425
2005-05-11,0.006355983802083021
2005-05-12,-0.0006101857233188346
2005-05-13,0.026945888709355437
2005-05-16,0.0017163418573917788
2005-05-17,-0.006964263207308696
2005-05-18,0.00026109216190972617
2005-05-19,0.0031947283436812857
2005-05-20,0.0011824067713233077
2005-05-23,0.00699227703618055
2005-05-24,-0.005456584694022992
2005-05-25,-0.002560895346429115
2005-05-26,0.005638505989139508
2005-05-27,-0.0010758471759915178
2005-05-31,-0.002714130420681027
2005-06-01,-0.003894032270461145
2005-06-02,-0.0017728429639257692
2005-06-03,-0.0007421701781917811
2005-06-06,-0.01556238924888409
2005-06-07,-0.00037476262928648474
2005-06-08,0.0052176542816120275
2005-06-09,-0.005677311673610963
2005-06-10,0.0005754755048925642
2005-06-13,-0.0032444037749053134
2005-06-14,-0.0013919756385915028
2005-06-15,0.004117371182958296
2005-06-16,0.0049491341527720945
2005-06-17,0.01586790561385154
2005-06-20,-0.005252256874437422
2005-06-21,0.0020166742852696373
2005-06-22,0.007352083828071843
2005-06-23,-0.0013751278066111983
2005-06-24,-0.0015099413391235217
2005-06-27,-0.005752233493476977
2005-06-28,0.007380255164146643
2005-06-29,0.005167070564363829
2005-06-30,0.0055157901072817594
2005-07-01,-0.0025965846447150165
2005-07-05,0.0005571316808394844
2005-07-06,0.002595906186652952
2005-07-07,-0.015251112944864587
2005-07-08,0.0031380472751967314
2005-07-11,-0.0017211436679250847
2005-07-12,-0.0005415012151972487
2005-07-13,0.00479289406293959
2005-07-14,0.011496949650988464
2005-07-15,0.0006218738184440298
2005-07-18,0.00020279002926493206
2005-07-19,0.008689644463005575
2005-07-20,0.00030544165193502337
2005-07-21,-0.007405853038638943
2005-07-22,-0.009391137153976659
2005-07-25,-0.0091095565886683
2005-07-26,0.005355591433789497
2005-07-27,0.004464258352539607
2005-07-28,0.0018819482787457709
2005-07-29,0.00035703322611779775
2005-08-01,0.00589208015351006
2005-08-02,-0.002033831376487827
2005-08-03,-0.0044869335146847655
2005-08-04,-0.0064474433715716595
2005-08-05,-0.0008854975605562254
2005-08-08,0.0050012192402437705
2005-08-09,0.02560012865153416
2005-08-10,-0.0016262694394373334
2005-08-11,-0.0035305923851790544
2005-08-12,-0.0029720354323140574
2005-08-15,-0.003944437208893592
2005-08-16,-0.0005299603380184426
2005-08-17,-0.0027330769228557372
2005-08-18,-0.009921927640642147
2005-08-19,0.004848179099178784
2005-08-22,0.010832891506673326
2005-08-23,0.0027201383517962974
2005-08-24,-0.006844509365468876
2005-08-25,0.006326770207782939
2005-08-26,-0.013482840646068084
2005-08-29,-0.011873222047398935
2005-08-30,-0.005228524576304183
2005-08-31,0.0025098998946819773
2005-09-01,-0.005630931645575932
2005-09-02,0.0032011112212122494
2005-09-06,0.0024674998924381075
2005-09-07,0.00033104452393950545
2005-09-08,0.0012424354440168095
2005-09-09,0.004376647540130341
2005-09-12,0.0033914019097109893
2005-09-13,-0.0049963200131096785
2005-09-14,-0.001979216404333961
2005-09-15,0.0026670831399657757
2005-09-16,0.0007308045641152283
2005-09-19,-0.004054365309393404
2005-09-20,0.005289421200261657
2005-09-21,-0.0005181679926291594
2005-09-22,-0.00175723607415057
2005-09-23,-0.0014300082629865596
2005-09-26,0.009852229707392635
2005-09-27,0.004729564824311527
2005-09-28,0.00846627800536548
2005-09-29,0.002007591655781793
2005-09-30,0.0037911496703399994
2005-10-03,-0.0036784942177773283
2005-10-04,0.007397073521180131
2005-10-05,0.0045999473130602375
2005-10-06,0.002770763223665762
2005-10-07,0.007893555356066617
2005-10-10,0.012327010975808461
2005-10-11,0.009567622976582202
2005-10-12,-0.02551995353498615
2005-10-13,0.007984103352999483
2005-10-14,0.014738774973903412
2005-10-17,0.006342887620411686
2005-10-18,0.005907715816509285
2005-10-19,-0.019981949388389153
2005-10-20,-0.0014931857195624731
2005-10-21,0.01262527544965808
2005-10-24,0.00948576116691946
2005-10-25,-0.0015689120187092342
2005-10-26,-0.0015889421783978896
2005-10-27,-0.0024715798954316748
2005-10-28,0.013058865581164314
2005-10-31,0.0014701968690378209
2005-11-01,-0.010634172475464165
2005-11-02,0.00519214459439965
2005-11-03,0.01988991680867258
2005-11-04,0.0021691160286398947
2005-11-07,0.01136354876170631
2005-11-08,-0.003074434702901363
2005-11-09,0.0017380635528070343
2005-11-10,0.016947474085768688
2005-11-11,0.0011291997897400208
2005-11-14,-0.009222317345111697
2005-11-15,0.02628783525483902
2005-11-16,-0.0075684888538331
2005-11-17,0.011597194429366464
2005-11-18,0.012068387075487186
2005-11-21,0.018173745040283018
2005-11-22,0.009383658052169785
2005-11-23,0.006533154185850432
2005-11-25,0.01402573798850204
2005-11-28,0.005614095632458627
2005-11-29,-0.029246598767332377
2005-11-30,-0.006581183459217543
2005-12-01,0.018959528804027848
2005-12-02,0.004894578007160311
2005-12-05,-0.009647814723326542
2005-12-06,0.004397664293496195
2005-12-07,0.004164579217014852
2005-12-08,0.0018823547508957095
2005-12-09,0.009392588707918481
2005-12-12,0.011428002315527985
2005-12-13,-0.0018602395958042806
2005-12-14,0.00011633691967172233
2005-12-15,0.0007734181047762689
2005-12-16,0.01201468994068744
2005-12-19,-0.00411676795567506
2005-12-20,-0.0030226258058084765
2005-12-21,0.0004917945975264626
2005-12-22,0.006588796867944113
2005-12-23,0.0030518766643818918
2005-12-27,0.0045565815932788745
2005-12-28,0.0024144034375868095
2005-12-29,-0.0028166813106133004
2005-12-30,-0.005840601068679785
2006-01-03,0.017076314960991823
2006-01-04,0.0065231981903484115
2006-01-05,0.001384249790122194
2006-01-06,0.01520120532276259
2006-01-09,0.007872258238184715
2006-01-10,0.008109516705749664
2006-01-11,0.03260474137914526
2006-01-12,0.009272708463183621
2006-01-13,-0.015051344411793455
2006-01-17,-0.03277860522928944
2006-01-18,-0.03218573924525514
2006-01-19,0.08924733226592085
2006-01-20,0.0
2006-01-23,0.0
2006-01-24,0.0
2006-01-25,0.02727417441519675
2006-01-26,0.019596441422049082
2006-01-27,0.03987700765182045
2006-01-30,-0.020220431994674937
2006-01-31,0.0026421452573417437
2006-02-01,-0.019029393872418088
2006-02-02,-0.004936036842503655
2006-02-03,0.0016070698788133164
2006-02-06,0.010607822101570852
2006-02-07,0.011183047123844547
2006-02-08,0.013849972603699356
2006-02-09,0.007273371879873203
2006-02-10,0.002223488811487373
2006-02-13,-0.011484406751102516
2006-02-14,0.009929424231150064
2006-02-15,-0.008446121125599948
2006-02-16,0.013118363462574223
2006-02-17,-0.03157576464233103
2006-02-21,0.006735467569116471
2006-02-22,-0.0014851240477138372
2006-02-23,-0.0007075363340482976
2006-02-24,0.008132961607757005
2006-02-27,0.008398270287357734
2006-02-28,0.007642299160559585
2006-03-01,0.00901852349990473
2006-03-02,0.0075565930741785525
2006-03-03,0.005165648622832197
2006-03-06,0.006003605969455039
2006-03-07,0.0009171008537893766
2006-03-08,-0.00983042526010347
2006-03-09,-0.009682546023642824
2006-03-10,-0.004032898622753356
2006-03-13,-0.001923405741292905
2006-03-14,-0.005171253351326288
2006-03-15,0.008281562932147102
2006-03-16,0.014215812525296467
2006-03-17,0.00397572968540616
2006-03-20,0.005959626478820423
2006-03-21,-0.029730243174235005
2006-03-22,-0.007677434687238693
2006-03-23,0.01399171547935718
2006-03-24,0.004159879127819011
2006-03-27,0.0010605769232021611
2006-03-28,-0.0009941827120181213
2006-03-29,0.007475239021721425
2006-03-30,0.0037253572210089736
2006-03-31,0.005119090613549204
2006-04-03,-0.008769476485905314
2006-04-04,-0.0024140451636357474
2006-04-05,-0.011561548106055919
2006-04-06,-0.0011369405124954657
2006-04-07,-0.00024897053687455983
2006-04-10,0.0006288963176883655
2006-04-11,0.002748186931766705
2006-04-12,0.002711606320867199
2006-04-13,-0.019728383998641075
2006-04-17,0.0005697526226016159
2006-04-18,-0.01138885203367368
2006-04-19,-0.0018579127927341732
2006-04-20,-0.0054086764620502326
2006-04-21,0.0060884332718493805
2006-04-24,0.006864604660063112
2006-04-25,-0.008570027575677597
2006-04-26,0.00702417073610806
2006-04-27,-0.011034379288997753
2006-04-28,0.0446550987592198
2006-05-01,0.0
2006-05-02,0.0
2006-05-03,0.0
2006-05-04,-0.006129826546905748
2006-05-05,0.013941578245067143
2006-05-08,-0.006545258457694936
2006-05-09,-0.0068076267056054185
2006-05-10,-0.012781676005538034
2006-05-11,0.011114563398611388
2006-05-12,-0.012169854621366216
2006-05-15,-0.004312391026257689
2006-05-16,0.00045580187206328837
2006-05-17,-0.0011616065031095912
2006-05-18,0.008114522790976242
2006-05-19,0.07400616835676166
2006-05-22,0.0
2006-05-23,0.0
2006-05-24,0.0
2006-05-25,0.0205095078428581
2006-05-26,0.00652833825564425
2006-05-30,-0.005534094197891526
2006-05-31,0.018132312600222633
2006-06-01,0.0057830093608641775
2006-06-02,0.01027359695583585
2006-06-05,-0.002030682632554126
2006-06-06,0.006530082359367917
2006-06-07,0.0070195363527219
2006-06-08,-0.017479772876180633
2006-06-09,0.01736853019482787
2006-06-12,-0.006165948388588194
2006-06-13,-0.0064526530939238436
2006-06-14,0.02034342995039884
2006-06-15,0.02175655602379134
2006-06-16,-0.001918392332373009
2006-06-19,0.011185678139735034
2006-06-20,-0.010978291397947149
2006-06-21,-0.002520719088086487
2006-06-22,0.007055780191559169
2006-06-23,0.007667189577805544
2006-06-26,0.004589823773403223
2006-06-27,0.002821957027462574
2006-06-28,0.00432135772399711
2006-06-29,-0.00897946926520199
2006-06-30,0.006021759775783231
2006-07-03,0.009237669935627801
2006-07-05,-0.013063583083887553
2006-07-06,0.005338087839725114
2006-07-07,-0.02741709319089991
2006-07-10,0.0050537046652481266
2006-07-11,-0.006153786206435252
2006-07-12,-0.0022917918011500227
2006-07-13,-0.009294250640017099
2006-07-14,0.005065274209805404
2006-07-17,-0.008214377722752353
2006-07-18,0.003766700023995373
2006-07-19,0.006562058151235561
2006-07-20,0.021706630920107495
2006-07-21,-0.06817669237148372
2006-07-24,-0.006830077578844129
2006-07-25,0.008684358830451044
2006-07-26,0.0022605138929661095
2006-07-27,0.011363011737550499
2006-07-28,0.00681731105700889
2006-07-31,-0.0013116813204795408
2006-08-01,0.0030273296825711338
2006-08-02,0.014908571142884464
2006-08-03,-0.006330634793253909
2006-08-04,0.029443219598289216
2006-08-07,-0.015996406198955704
2006-08-08,0.005351418525203933
2006-08-09,0.027091146852467496
2006-08-10,-0.007456688549776325
2006-08-11,-0.037902909584080824
2006-08-14,0.012507384598489768
2006-08-15,0.03220244904165703
2006-08-16,0.016121708611895658
2006-08-17,0.008220362409519177
2006-08-18,-0.02079448610807444
2006-08-21,-0.01723043223548615
2006-08-22,0.012152320054214849
2006-08-23,0.011886752828998093
2006-08-24,0.011402377240550265
2006-08-25,-0.00589635649663689
2006-08-28,0.009144787187702397
2006-08-29,0.00580482078297706
2006-08-30,0.006991127679420561
2006-08-31,0.0030289824343894267
2006-09-01,-0.00022032615346778694
2006-09-05,0.004883097557135896
2006-09-06,-0.012627636227797723
2006-09-07,-0.007349321089723415
2006-09-08,0.01445400078376502
2006-09-11,-0.01211411264394302
2006-09-12,-0.0008642989005589463
2006-09-13,0.001985629306746839
2006-09-14,0.007885490659027106
2006-09-15,0.004162146694878022
2006-09-18,0.00506289712018404
2006-09-19,-0.005632974676781144
2006-09-20,0.01565307721278808
2006-09-21,0.004715059161882307
2006-09-22,-0.0029150044060962665
2006-09-25,0.016014949450940286
2006-09-26,-0.002311710944401968
2006-09-27,-0.004443719158924053
2006-09-28,-0.01570481881061825
2006-09-29,0.00217752052197695
2006-10-02,-0.005316061115248183
2006-10-03,-0.0043689004885866245
2006-10-04,0.000804002016137062
2006-10-05,-0.009763153587978413
2006-10-06,-0.0365814438745653
2006-10-09,-0.0034901371796979275
2006-10-10,0.0055954396888058255
2006-10-11,0.0003530373762250516
2006-10-12,0.010522717166450812
2006-10-13,0.005125137918377876
2006-10-16,0.004715259721600251
2006-10-17,-0.009204344118998287
2006-10-18,0.010411968744146183
2006-10-19,0.042358719659198574
2006-10-20,0.0
2006-10-23,0.0
2006-10-24,0.0
2006-10-25,0.0049494113072861
2006-10-26,0.0009821135733676378
2006-10-27,-0.004920389355061672
2006-10-30,-0.002023796430255298
2006-10-31,0.008654866767994207
2006-11-01,0.0008389540932101092
2006-11-02,-0.0025635080608200633
2006-11-03,0.00742060454298521
2006-11-06,0.007809124055446537
2006-11-07,0.010752632849732935
2006-11-08,-0.011365401875287118
2006-11-09,0.015147629864922685
2006-11-10,-0.0031137172174916516
2006-11-13,0.0009954595636560981
2006-11-14,0.00603275447648266
2006-11-15,9.389547248539465e-05
2006-11-16,0.006884492281082011
2006-11-17,-0.004397583902969626
2006-11-20,-0.006934557149570586
2006-11-21,-0.0018358887571914284
2006-11-22,0.00220745128486155
2006-11-24,-0.007347850467216976
2006-11-27,-0.003923864026721513
2006-11-28,-0.0018901201787716593
2006-11-29,0.007996210531984849
2006-11-30,0.0005231274529478025
2006-12-01,-0.005726100641370024
2006-12-04,0.00636388235217944
2006-12-05,-0.0029144496674945453
2006-12-06,-0.002856987051219284
2006-12-07,0.003432570757043951
2006-12-08,-0.0034573172791759754
2006-12-11,0.004251912304614303
2006-12-12,-0.005923511309632534
2006-12-13,0.019532682167113347
2006-12-14,0.004348627198488941
2006-12-15,0.008657356017818252
2006-12-18,-0.004153075874759549
2006-12-19,-0.012397832161393785
2006-12-20,-0.0012892580193490932
2006-12-21,0.002324704855926063
2006-12-22,0.0031328269001464903
2006-12-26,0.0025892609616289253
2006-12-27,-0.023673374089722143
2006-12-28,-0.010620808248137159
2006-12-29,0.02486670138914593
2007-01-03,0.013577800022579467
2007-01-04,0.0007903179869430677
2007-01-05,0.0002525933402883762
2007-01-08,0.008737376563143107
2007-01-09,0.009835702326209228
2007-01-10,0.012196106106738824
2007-01-11,-0.005447272483637744
2007-01-12,-0.011709813042113715
2007-01-16,-0.0003250490548454277
2007-01-17,-0.0009153868652638231
2007-01-18,-0.016100214521073908
2007-01-19,-0.0031393096175252877
2007-01-22,0.006031824400090979
2007-01-23,-0.011996219029131394
2007-01-24,0.01239254200290274
2007-01-25,0.004296606326638086
2007-01-26,0.0050638975385808305
2007-01-29,0.005587840398368238
2007-01-30,0.00768604881459134
2007-01-31,-0.00703658730202783
2007-02-01,0.0042700878826269495
2007-02-02,0.00932828964129806
2007-02-05,0.004624055182662179
2007-02-06,-0.0015949924076459343
2007-02-07,0.03349936978734824
2007-02-08,0.0
2007-02-09,0.0
2007-02-12,0.0
2007-02-13,0.0076167285152730635
2007-02-14,0.002004311278113402
2007-02-15,0.003283297405092478
2007-02-16,-0.0018691119833512682
2007-02-20,-0.0006716993993493015
2007-02-21,-0.010195253257096581
2007-02-22,0.0049531500898472025
2007-02-23,-0.00041399157456312174
2007-02-26,0.004870963984301868
2007-02-27,-0.01916270038547796
2007-02-28,0.0006579118537777262
2007-03-01,-0.02700510860551686
2007-03-02,-0.010389849712283628
2007-03-05,-0.03687335649912793
2007-03-06,0.027697638366604327
2007-03-07,-0.008073332682405177
2007-03-08,0.019134779175890015
2007-03-09,0.01446107009241393
2007-03-12,-0.012495216285662636
2007-03-13,-0.013476874344463652
2007-03-14,0.0018501638168302303
2007-03-15,-0.0031914598027331653
2007-03-16,0.0034738704810945986
2007-03-19,0.002978243601202024
2007-03-20,-0.0026033122841705447
2007-03-21,0.023456877855038583
2007-03-22,0.0037629412261481754
2007-03-23,-0.003794403123575707
2007-03-26,0.0028124005401171104
2007-03-27,-0.0009676993260053779
2007-03-28,-0.009011062598072606
2007-03-29,0.012165837014425973
2007-03-30,0.007854214555870875
2007-04-02,0.0008350831326442432
2007-04-03,0.001981254675596622
2007-04-04,-0.0032936940869111586
2007-04-05,0.0028251912605345986
2007-04-09,0.017062934129988383
2007-04-10,0.0006608671698042912
2007-04-11,0.003108096995839693
2007-04-12,-0.0020170200843345754
2007-04-13,0.003337102364514122
2007-04-16,0.0036099422043545104
2007-04-17,0.010224155472434937
2007-04-18,-0.00256665381602017
2007-04-19,-0.008411380911208854
2007-04-20,0.020485956408387684
2007-04-23,-0.005976702329201
2007-04-24,-0.0016258196330325436
2007-04-25,0.002663332075967917
2007-04-26,0.008399705785987921
2007-04-27,-0.012066674532514532
2007-04-30,0.007060523610936453
2007-05-01,0.008446112994372257
2007-05-02,-0.00010244409414372768
2007-05-03,0.004248182589262406
2007-05-04,0.008203134779145804
2007-05-07,0.003230282653662986
2007-05-08,-0.008096184438252996
2007-05-09,-0.0029783211986822433
2007-05-10,-0.004942641678460813
2007-05-11,0.003097288207255744
2007-05-14,0.007299135195558248
2007-05-15,0.0014436455229789313
2007-05-16,0.0077785282853990445
2007-05-17,0.000806927986967132
2007-05-18,0.008831497832276325
2007-05-21,0.005115293339607918
2007-05-22,0.0030615497714043816
2007-05-23,-0.005712308895571949
2007-05-24,-0.001350444446615695
2007-05-25,0.009269666837067536
2007-05-29,0.005253978880813914
2007-05-30,-0.004249341275393781
2007-05-31,0.01133396274938403
2007-06-01,0.002036810937795508
2007-06-04,-0.0025433184858536517
2007-06-05,-0.0004804117720290657
2007-06-06,-0.005200093667328876
2007-06-07,0.001812527761682503
2007-06-08,0.017915113862156717
2007-06-11,0.008376135217760927
2007-06-12,-0.018710379964622326
2007-06-13,0.009064273941137069
2007-06-14,0.0007699401479051016
2007-06-15,0.020110367613015656
2007-06-18,0.019237484861639675
2007-06-19,-0.004856293286261026
2007-06-20,0.006256026194485731
2007-06-21,-0.0012879467988061721
2007-06-22,0.0033579031539339166
2007-06-25,0.008529284971107165
2007-06-26,0.012369074211039166
2007-06-27,0.0008629705896934237
2007-06-28,0.004856283748539081
2007-06-29,0.017877461926027793
2007-07-02,-0.0028956328999327763
2007-07-03,0.004635067823767214
2007-07-05,0.008197403298454864
2007-07-06,0.0025233861302758065
2007-07-09,-0.0002661773983982929
2007-07-10,-0.008068240726513354
2007-07-11,-0.0017669491197693787
2007-07-12,0.009380094695417451
2007-07-13,0.004949692365785463
2007-07-16,0.003890568764510771
2007-07-17,0.0018442311134854172
2007-07-18,-0.009485856262869463
2007-07-19,0.017687790534226533
2007-07-20,0.006219074311200057
2007-07-23,0.014451038447653053
2007-07-24,-0.040503735647177574
2007-07-25,0.01928869348680573
2007-07-26,0.035129187519509886
2007-07-27,0.002841554876752639
2007-07-30,0.005736201364779703
2007-07-31,0.016838774397903267
2007-08-01,0.006341644486336895
2007-08-02,0.009077877194072048
2007-08-03,-0.008051387086701056
2007-08-06,0.00582049727695777
2007-08-07,-0.003687563356225887
2007-08-08,0.00930769446334656
2007-08-09,-0.010898226798440325
2007-08-10,-0.04427383716894795
2007-08-13,0.016685662359762432
2007-08-14,0.0026620831123964628
2007-08-15,-0.006008614804878687
2007-08-16,-0.008523726543853916
2007-08-17,0.03302877132666948
2007-08-20,0.0001133704368034838
2007-08-21,-0.0011970667055341
2007-08-22,0.021734574986653765
2007-08-23,0.006990169157230275
2007-08-24,-0.006114894232639889
2007-08-27,0.010704350118813544
2007-08-28,-0.0054341683053674705
2007-08-29,0.018327915757938573
2007-08-30,-0.01196844894598792
2007-08-31,0.02392498961918088
2007-09-04,0.004649047626298808
2007-09-05,-0.0022965186560274242
2007-09-06,0.007830202688005494
2007-09-07,-0.04330998710613321
2007-09-10,0.042222103770681585
2007-09-11,0.019194233244899772
2007-09-12,0.006783721968976364
2007-09-13,0.024249027813971535
2007-09-14,-0.014064987973331555
2007-09-17,-0.004262653312038123
2007-09-18,0.011233477977046213
2007-09-19,0.01971266475984379
2007-09-20,-0.003348899856613352
2007-09-21,0.012849342273136832
2007-09-24,0.014982750145937196
2007-09-25,-0.013256700137577071
2007-09-26,0.011846620364948324
2007-09-27,0.012863539494683662
2007-09-28,-0.005893220867516535
2007-10-01,0.010461091719280668
2007-10-02,0.0026942334425357206
2007-10-03,-0.01148047798874452
2007-10-04,0.00044719170302709443
2007-10-05,0.02291917503649743
2007-10-08,0.015867400678591048
2007-10-09,0.013420772408832216
2007-10-10,0.002078804964342318
2007-10-11,0.01115643880373729
2007-10-12,0.007064461346843576
2007-10-15,0.0010644810891644596
2007-10-16,-0.016227941929482292
2007-10-17,0.03883628937625705
2007-10-18,-0.012371965639624838
2007-10-19,0.002534529339500935
2007-10-22,-0.005115186025649532
2007-10-23,0.08249094963089498
2007-10-24,0.0
2007-10-25,0.0
2007-10-26,0.0
2007-10-29,-0.004084345173507753
2007-10-30,0.00308352837248127
2007-10-31,0.0027584542595378014
2007-11-01,-0.02046750725808355
2007-11-02,0.012830008631186551
2007-11-05,-0.010635858014235167
2007-11-06,0.004028385956676761
2007-11-07,-0.010699979276262317
2007-11-08,-0.004927044220499721
2007-11-09,-0.0015838471930095244
2007-11-12,-0.0021630855452927644
2007-11-13,0.014055015364670354
2007-11-14,0.012832133945761326
2007-11-15,-0.0060331492889875715
2007-11-16,0.006914582386683854
2007-11-19,-0.011165104167497386
2007-11-20,0.010248715666537178
2007-11-21,-0.011305098534210689
2007-11-23,0.007253498679438808
2007-11-26,0.0002388001069675294
2007-11-27,0.007924591751772292
2007-11-28,0.004891180815696172
2007-11-29,-0.0035822308336109776
2007-11-30,0.018096039113058682
2007-12-03,0.007026069412691127
2007-12-04,-0.0010771319191539286
2007-12-05,0.021843885584132305
2007-12-06,-0.0004068636263766523
2007-12-07,0.0006523192154672675
2007-12-10,-0.0002954623899568132
2007-12-11,0.009080532967601362
2007-12-12,0.023042066011742968
2007-12-13,-0.005710245191238528
2007-12-14,-0.0032775579006897315
2007-12-17,-0.0051523905303633155
2007-12-18,0.01038485136196221
2007-12-19,-0.0008065437360765815
2007-12-20,0.010223611069437588
2007-12-21,0.004755392945177128
2007-12-24,0.0005722109493149219
2007-12-26,0.0014296922450549587
2007-12-27,-0.002594453480393666
2007-12-28,0.005326477729433954
2007-12-31,-0.004885908227452607
2008-01-02,4.74339300051696e-05
2008-01-03,0.004358952701723817
2008-01-04,-0.015050572904516946
2008-01-07,0.007900008793088498
2008-01-08,0.006230567050244273
2008-01-09,0.0031124357631964195
2008-01-10,-0.010496479183115026
2008-01-11,-0.0061420385390267285
2008-01-14,0.019140470146407962
2008-01-15,-0.016737450296095524
2008-01-16,-0.0338048025026233
2008-01-17,0.011558409518635848
2008-01-18,0.019905072378163524
2008-01-22,-0.06051222541516077
2008-01-23,-0.024845538678990864
2008-01-24,0.02158608894340297
2008-01-25,0.02575267471163123
2008-01-28,-0.01811961042955279
2008-01-29,0.01182025085304228
2008-01-30,-0.007701235432013509
2008-01-31,-0.02026684461764816
2008-02-01,0.01290980995460389
2008-02-04,0.00874224091759479
2008-02-05,-0.01860855119876792
2008-02-06,0.010531073889388232
2008-02-07,-0.020486094099960717
2008-02-08,-0.003471072728768676
2008-02-11,0.00774631429958994
2008-02-12,0.012886560098910316
2008-02-13,0.012201097577607456
2008-02-14,-0.010853178969060795
2008-02-15,-0.0012896438296524648
2008-02-19,0.022734128940796516
2008-02-20,-0.011614481067971139
2008-02-21,0.010162990239353631
2008-02-22,0.003526537642041916
2008-02-25,-0.00011618679587643843
2008-02-26,-0.004908254474041973
2008-02-27,-0.0053188710565115205
2008-02-28,-0.007431987938913975
2008-02-29,-0.010021098481314272
2008-03-03,0.0010777601515157276
2008-03-04,-0.009314732637641265
2008-03-05,0.007675706192721288
2008-03-06,-0.0013290475980008987
2008-03-07,-0.016701097744860394
2008-03-10,-0.001829002525609802
2008-03-11,0.017247422331142293
2008-03-12,0.002945591926072799
2008-03-13,-0.010329016262671353
2008-03-14,0.006177793863944014
2008-03-17,-0.025004012857791746
2008-03-18,0.014364264437682683
2008-03-19,-0.007315041212610951
2008-03-20,0.0030833050397844897
2008-03-24,0.00948090929557055
2008-03-25,0.005074596110159479
2008-03-26,-0.005245148126734045
2008-03-27,-0.0010460684982999124
2008-03-28,0.01076351150725463
2008-03-31,0.002465920091529572
2008-04-01,0.01674288180957939
2008-04-02,0.0026674477477810488
2008-04-03,0.002977510333464828
2008-04-04,-0.005719906115030371
2008-04-07,0.011819209152020616
2008-04-08,-0.0170610727029068
2008-04-09,0.005007967479064845
2008-04-10,0.00574331188023014
2008-04-11,-0.015058155607246548
2008-04-14,-0.000720375217119984
2008-04-15,0.004526411369955019
2008-04-16,0.020927507239806076
2008-04-17,-0.015655293506073087
2008-04-18,0.01966043418146013
2008-04-21,-0.0018598241947518357
2008-04-22,-0.007470156661028682
2008-04-23,0.010704499970378034
2008-04-24,0.001010110246507434
2008-04-25,0.005758975380286913
2008-04-28,-0.0016439734570502518
2008-04-29,-0.0034767935743694744
2008-04-30,0.005055653085191514
2008-05-01,0.0034465482786147916
2008-05-02,0.008784866606878605
2008-05-05,0.0016024446611859755
2008-05-06,-6.272603050638814e-05
2008-05-07,0.0009365532755805095
2008-05-08,0.006348601100987894
2008-05-09,0.005946316398740992
2008-05-12,-0.00041909916887472587
2008-05-13,0.0026104325140199336
2008-05-14,-0.0014219482730295496
2008-05-15,-0.001070024985526552
2008-05-16,0.003118709847318435
2008-05-19,0.0015982132209939603
2008-05-20,-0.005388336689106876
2008-05-21,-0.0012600790280148377
2008-05-22,0.003892214227881885
2008-05-23,-0.006962537312858119
2008-05-27,0.003309856730778993
2008-05-28,0.005887133651956367
2008-05-29,0.0016108916887882518
2008-05-30,0.003203540292022744
2008-06-02,-0.0011512233536951078
2008-06-03,0.001353846782317536
2008-06-04,-0.0029628416335775176
2008-06-05,0.001809457743143339
2008-06-06,-0.008890647201369006
2008-06-09,0.0017843041937697368
2008-06-10,-0.01284192525071326
2008-06-11,-0.004556517909658497
2008-06-12,0.010054045462562389
2008-06-13,0.010821707803884362
2008-06-16,-0.007276127254288056
2008-06-17,0.0038429562615085455
2008-06-18,-0.0026988129664924365
2008-06-19,-0.0024740937899436766
2008-06-20,-0.01262091529733389
2008-06-23,0.006390320903688851
2008-06-24,-0.007021521540906406
2008-06-25,0.0077105291905636975
2008-06-26,-0.017999820219769536
2008-06-27,-0.0029247923782038665
2008-06-30,-0.005748525474548183
2008-07-01,-0.012425891655032606
2008-07-02,0.0
2008-07-03,0.0
2008-07-07,0.0
2008-07-08,0.0
2008-07-09,0.0
2008-07-10,0.0
2008-07-11,0.0
2008-07-14,0.0
2008-07-15,0.0
2008-07-16,0.0
2008-07-17,0.0
2008-07-18,0.0
2008-07-21,0.0
2008-07-22,0.0
2008-07-23,0.0
2008-07-24,0.0
2008-07-25,0.0
2008-07-28,0.0
2008-07-29,0.0
2008-07-30,0.0
2008-07-31,0.0
2008-08-01,0.0
2008-08-04,-0.00016064615422262118
2008-08-05,0.012389167821984293
2008-08-06,0.002275804557296368
2008-08-07,-0.0033351732254830457
2008-08-08,0.0028547376155731996
2008-08-11,0.002801354125895328
2008-08-12,0.0050015782195760305
2008-08-13,0.01175027458099831
2008-08-14,-0.0038724976065867
2008-08-15,0.00667953891038775
2008-08-18,0.003091787163396642
2008-08-19,-0.009714882667740565
2008-08-20,0.007478737610468578
2008-08-21,-0.005817185860815588
2008-08-22,0.006088608062355005
2008-08-25,0.0017412111548020803
2008-08-26,-0.0039131283466479205
2008-08-27,-0.004019997168246081
2008-08-28,0.0049248837403321755
2008-08-29,-0.011742966846938985
2008-09-02,0.009724945148227748
2008-09-03,-0.005317035464125097
2008-09-04,-0.007917517525858453
2008-09-05,-0.008474006835923809
2008-09-08,0.013183053312448179
2008-09-09,-0.000914748935686438
2008-09-10,0.005655118466015185
2008-09-11,-0.019600212291111085
2008-09-12,-0.005648800682995336
2008-09-15,-0.0218571956234912
2008-09-16,-0.019463054157410675
2008-09-17,-0.01193404270304066
2008-09-18,0.010874799177179373
2008-09-19,0.032628008555322774
2008-09-22,0.0
2008-09-23,0.0
2008-09-24,0.0
2008-09-25,0.0036432493498743668
2008-09-26,-0.022062001646372953
2008-09-29,-0.015893403563252306
2008-09-30,0.015828731844502064
2008-10-01,0.0
2008-10-02,0.0
2008-10-03,0.0
2008-10-06,-0.019779268732902366
2008-10-07,0.0344770185433545
2008-10-08,0.0
2008-10-09,0.0
2008-10-10,0.0
2008-10-13,0.03745683604091421
2008-10-14,0.0
2008-10-15,0.0
2008-10-16,0.0
2008-10-17,-0.003046824510578583
2008-10-20,0.010103193789436915
2008-10-21,-0.011114567403659792
2008-10-22,-0.005167984961666261
2008-10-23,-0.0012984527641065613
2008-10-24,-0.04027099073764051
2008-10-27,-0.004911999906997311
2008-10-28,0.019235872668272425
2008-10-29,0.0
2008-10-30,0.0
2008-10-31,0.0
2008-11-03,0.004602203745358802
2008-11-04,0.01919330939413455
2008-11-05,0.0
2008-11-06,0.0
2008-11-07,0.0
2008-11-10,0.012501143187507502
2008-11-11,0.0
2008-11-12,0.0
2008-11-13,0.0
2008-11-14,-0.008855961432351456
2008-11-17,-0.0007570278140698328
2008-11-18,0.005862194300428891
2008-11-19,-0.0022689003287107434
2008-11-20,-0.0027114662597650385
2008-11-21,0.008168405656138411
2008-11-24,0.0
2008-11-25,0.0
2008-11-26,0.0
2008-11-28,-0.002546292400724681
2008-12-01,-0.008172180850798516
2008-12-02,0.005178262604721651
2008-12-03,-0.0028890586946594965
2008-12-04,-0.0068039719962191825
2008-12-05,-0.0029749622960640876
2008-12-08,0.006722085607755668
2008-12-09,-0.0029301346760273184
2008-12-10,0.004768091925030582
2008-12-11,-0.0021459097149705286
2008-12-12,-0.00735876157060289
2008-12-15,0.0014569034249780621
2008-12-16,0.003580557594029976
2008-12-17,-0.00680429873916788
2008-12-18,0.0015126039067590025
2008-12-19,0.006532683499090419
2008-12-22,-0.003920952679439593
2008-12-23,0.002159313153689224
2008-12-24,-0.005387355618293066
2008-12-26,0.00428371446256115
2008-12-29,0.001341986198114764
2008-12-30,0.0031302825862131733
2008-12-31,-0.002290606015661223
2009-01-02,-4.972538544556482e-05
2009-01-05,-0.0012260273280984002
2009-01-06,0.005242144903943258
2009-01-07,-0.0066889124830885605
2009-01-08,-0.003538177310189572
2009-01-09,-0.0009105164879475991
2009-01-12,-0.0008783079471563759
2009-01-13,-0.006009178058424269
2009-01-14,-0.010330802715034948
2009-01-15,0.0012311782074934108
2009-01-16,0.00767495849583133
2009-01-20,-0.004281186662774328
2009-01-21,0.006319572194229961
2009-01-22,-0.009003515685458985
2009-01-23,-0.007965861335539448
2009-01-26,0.0006293695403647437
2009-01-27,0.004772011086927375
2009-01-28,0.010573824027753087
2009-01-29,0.0
2009-01-30,0.0
2009-02-02,0.0
2009-02-03,0.0006545994911009156
2009-02-04,0.0013663560461589785
2009-02-05,-0.0022208774038864343
2009-02-06,0.0021017362014585927
2009-02-09,0.0003646410488047369
2009-02-10,-0.00218437594065346
2009-02-11,-0.008023707401629387
2009-02-12,-0.004363748258023548
2009-02-13,-0.0004837678859104244
2009-02-17,-0.014899672109961015
2009-02-18,0.0029807403102675156
2009-02-19,0.0066316244694348825
2009-02-20,-0.0058461217229048845
2009-02-23,0.004162879880750925
2009-02-24,0.007809133545421121
2009-02-25,-0.0010277955446007514
2009-02-26,0.007014978786764825
2009-02-27,-0.006758726132784498
2009-03-02,-0.008551060452259063
2009-03-03,0.0
2009-03-04,0.0
2009-03-05,0.0
2009-03-06,0.0
2009-03-09,0.0
2009-03-10,0.0
2009-03-11,0.0
2009-03-12,0.0
2009-03-13,0.0
2009-03-16,0.0
2009-03-17,0.0
2009-03-18,0.0
2009-03-19,0.0
2009-03-20,0.0
2009-03-23,0.0
2009-03-24,0.0
2009-03-25,0.0
2009-03-26,0.0
2009-03-27,0.0
2009-03-30,0.0
2009-03-31,0.0
2009-04-01,0.0
2009-04-02,0.0
2009-04-03,0.0
2009-04-06,0.0
2009-04-07,0.0
2009-04-08,0.0
2009-04-09,0.0
2009-04-13,0.0
2009-04-14,0.0
2009-04-15,0.0
2009-04-16,0.0
2009-04-17,0.0
2009-04-20,0.0
2009-04-21,0.0
2009-04-22,0.0
2009-04-23,0.0
2009-04-24,0.0
2009-04-27,0.0
2009-04-28,0.0
2009-04-29,0.0
2009-04-30,0.0
2009-05-01,0.0
2009-05-04,0.020217417307660135
2009-05-05,0.008863950835605872
2009-05-06,0.009195701295920733
2009-05-07,0.006396609347667281
2009-05-08,0.01642488928137298
2009-05-11,-0.021576813958681496
2009-05-12,0.0075710171377012525
2009-05-13,-0.018461285090160873
2009-05-14,-0.004926057935180639
2009-05-15,-0.003684808486799307
2009-05-18,0.014597118854292823
2009-05-19,-0.005136696776291028
2009-05-20,0.012900602118738114
2009-05-21,-0.015990354463633172
2009-05-22,0.006070385599926897
2009-05-26,-0.006170760995550695
2009-05-27,0.0017645975426947569
2009-05-28,0.01438702194456698
2009-05-29,0.003459996841874924
2009-06-01,0.013466733969330846
2009-06-02,-0.013101091495381967
2009-06-03,-0.018359320075873153
2009-06-04,0.0029915870825891755
2009-06-05,0.010856724777527083
2009-06-08,-0.008386612069268051
2009-06-09,0.01328031805990526
2009-06-10,0.00866566025029969
2009-06-11,-0.007508857628617527
2009-06-12,-0.004304795467612088
2009-06-15,-0.01389833587346423
2009-06-16,0.005573232912810644
2009-06-17,-0.0003414219577413391
2009-06-18,0.002370903358056564
2009-06-19,0.010646364263722008
2009-06-22,-0.0020637765103010963
2009-06-23,-0.0005712145278312653
2009-06-24,0.009743090150682754
2009-06-25,-0.0065114978861354755
2009-06-26,-0.0052242951628738155
2009-06-29,0.0031979797577685876
2009-06-30,0.006072418924028655
2009-07-01,0.008561154994450204
2009-07-02,-0.013939739075394919
2009-07-06,-0.009917003242044808
2009-07-07,0.006135752793726468
2009-07-08,0.0035042657838197933
2009-07-09,0.00864891397574219
2009-07-10,-0.0035216334319188025
2009-07-13,0.0057134323318637215
2009-07-14,-0.0009391975796357865
2009-07-15,0.027714873137235863
2009-07-16,-0.005147467602879985
2009-07-17,0.009045184831641295
2009-07-20,0.011330907862515893
2009-07-21,0.00421061940415024
2009-07-22,0.018287755083433943
2009-07-23,-0.0017250225019981302
2009-07-24,-0.008984335044235015
2009-07-27,0.0015692765783714702
2009-07-28,-0.008440253203357062
2009-07-29,-0.006059871771574743
2009-07-30,0.014559602262630866
2009-07-31,0.0006555319538990023
2009-08-03,0.014133690091375994
2009-08-04,0.0006797671116376414
2009-08-05,-0.004171918654746309
2009-08-06,0.000770595244908856
2009-08-07,0.018317532771601197
2009-08-10,0.0013524210925552893
2009-08-11,-0.001833776204162696
2009-08-12,0.00036649128798171837
2009-08-13,0.0018470376113852716
2009-08-14,-0.006102093927022434
2009-08-17,-0.03133219901728468
2009-08-18,0.008545386445866887
2009-08-19,-0.018541034092131925
2009-08-20,0.000742351653717277
2009-08-21,0.01119502666240213
2009-08-24,0.00938095182169496
2009-08-25,0.0036523832780768206
2009-08-26,0.0019959235062474434
2009-08-27,-0.0029084403294473704
2009-08-28,0.03570379341063168
2009-08-31,-0.015451811780721636
2009-09-01,-0.0040222195053490895
2009-09-02,-0.004363525694041859
2009-09-03,0.00860226959657373
2009-09-04,0.0004146552299182371
2009-09-08,0.01372927208595276
2009-09-09,0.005020172645627818
2009-09-10,0.008263281235427744
2009-09-11,0.008145454055885626
2009-09-14,-0.007808761793678398
2009-09-15,0.006887719638566603
2009-09-16,0.0079751611225225
2009-09-17,-0.005166870094705733
2009-09-18,0.00816181109060321
2009-09-21,-0.006672978530619322
2009-09-22,0.012295589422749664
2009-09-23,0.00689289056588227
2009-09-24,0.00876211172172181
2009-09-25,-0.008344497216739577
2009-09-28,0.006354235547679332
2009-09-29,-0.00067278016188832
2009-09-30,0.002586025112730317
2009-10-01,-0.0020391314040957287
2009-10-02,-0.017140727164094538
2009-10-05,0.002151145386005693
2009-10-06,0.014210141772395657
2009-10-07,-0.000885871438813135
2009-10-08,0.01054395855925705
2009-10-09,-0.0013462918823836656
2009-10-12,0.013492907878855265
2009-10-13,0.0016876839284538647
2009-10-14,0.026461077369817065
2009-10-15,-0.009365717084076741
2009-10-16,-0.013823328089693776
2009-10-19,0.009067063470616477
2009-10-20,0.008845620982026015
2009-10-21,-0.011323053942820627
2009-10-22,-0.007749013304450103
2009-10-23,0.007597947689630402
2009-10-26,-0.0002346887647033391
2009-10-27,-0.0018178695747683715
2009-10-28,-0.009842202560046087
2009-10-29,0.01031795587235207
2009-10-30,0.0035087266987676724
2009-11-02,0.003228867111168432
2009-11-03,-0.01276059946654362
2009-11-04,0.008971916816524761
2009-11-05,0.010425702497030231
2009-11-06,0.007084629767473816
2009-11-09,0.010127271740728583
2009-11-10,0.0005669077040189041
2009-11-11,0.008963273623298074
2009-11-12,0.02528158786856083
2009-11-13,0.0
2009-11-16,0.0
2009-11-17,0.0
2009-11-18,-0.0012241160003253482
2009-11-19,-0.013547682314411391
2009-11-20,-0.009524330434324546
2009-11-23,0.007551954782585968
2009-11-24,0.00027955952717961807
2009-11-25,0.004099445881407426
2009-11-27,-0.025277002694908624
2009-11-30,0.003444318119519396
2009-12-01,0.0075193906848760594
2009-12-02,0.007726821449075327
2009-12-03,0.006748361609676401
2009-12-04,0.030705561462084807
2009-12-07,0.008638533292496753
2009-12-08,-0.002917691286413282
2009-12-09,0.008255515531569335
2009-12-10,0.012534919861338922
2009-12-11,0.0069668475472584035
2009-12-14,0.0115158764065999
2009-12-15,-0.007172185229011641
2009-12-16,0.012745624061355487
2009-12-17,-0.010775150829969604
2009-12-18,0.005080302236784906
2009-12-21,0.008480392944847592
2009-12-22,0.007144410439161586
2009-12-23,0.009061547781292756
2009-12-24,0.009262068839773763
2009-12-28,0.012662022387804228
2009-12-29,0.002784804681364994
2009-12-30,-0.0028960873595712533
2009-12-31,0.008548107691485951
2010-01-04,0.019070840631507213
2010-01-05,0.0014999786471183718
2010-01-06,-0.0015440956997172517
2010-01-07,0.0006578755788289037
2010-01-08,-0.006158578843390661
2010-01-11,0.006501830736966863
2010-01-12,-0.011819245128265488
2010-01-13,0.0050989078081087325
2010-01-14,-0.0051175840876411804
2010-01-15,0.005142898331303769
2010-01-19,0.007066125995600636
2010-01-20,-0.01013917643674267
2010-01-21,0.0069699956863127355
2010-01-22,-0.01319816175386479
2010-01-25,0.024681608295952007
2010-01-26,0.008383467956559087
2010-01-27,0.0018275969888414956
2010-01-28,-0.00719795267174661
2010-01-29,0.01336658049374373
2010-02-01,0.007607224056205286
2010-02-02,-0.0026319819699820446
2010-02-03,-0.014485250779236125
2010-02-04,-0.007473591846432592
2010-02-05,-0.00025651818938299265
2010-02-08,0.013617657034750819
2010-02-09,0.02423346979246177
2010-02-10,-0.007585779616257393
2010-02-11,0.0007839986921889253
2010-02-12,-0.014753263051815901
2010-02-16,0.010742479221961476
2010-02-17,0.005078104124099925
2010-02-18,-0.007296991208431858
2010-02-19,-0.004618608789973888
2010-02-22,0.0065297109868676095
2010-02-23,-0.0029806957133610146
2010-02-24,0.009039683663363052
2010-02-25,-0.023264308449035376
2010-02-26,-0.003625278497920159
2010-03-01,0.008231273633404479
2010-03-02,0.0031378972802120764
2010-03-03,0.0009560144451288277
2010-03-04,0.0006978555575609668
2010-03-05,0.016807568224274982
2010-03-08,0.0017688507817872345
2010-03-09,-0.008515849064119396
2010-03-10,0.006635976083293915
2010-03-11,-0.00405144465724494
2010-03-12,0.013457995068522077
2010-03-15,-0.0056516687612671035
2010-03-16,0.0038126073284321382
2010-03-17,0.006122444916937031
2010-03-18,-0.002339380188905338
2010-03-19,0.0029860966964057045
2010-03-22,-0.00966853225643638
2010-03-23,0.0060923310086049565
2010-03-24,-0.005222375611894203
2010-03-25,0.014948661470419289
2010-03-26,0.010169332570786338
2010-03-29,0.010809909189429145
2010-03-30,0.016947630544259962
2010-03-31,-0.00672010856559202
2010-04-01,0.01617428599650128
2010-04-05,0.0018298509939878027
2010-04-06,-0.003104649894773326
2010-04-07,0.0005861694689472952
2010-04-08,-0.0024637372481858266
2010-04-09,0.00780929950805187
2010-04-12,0.002321390195086037
2010-04-13,-0.00394863154023728
2010-04-14,0.016781642936025243
2010-04-15,-0.001224652482661126
2010-04-16,-0.006474308357152125
2010-04-19,-0.005361883238959475
2010-04-20,0.01015409136824763
2010-04-21,0.04303323775291812
2010-04-22,0.0
2010-04-23,0.0
2010-04-26,0.0
2010-04-27,-0.00870157830090501
2010-04-28,0.008162947258885334
2010-04-29,0.009064833672317807
2010-04-30,0.0006682057662461549
2010-05-03,0.01180134918436515
2010-05-04,-0.01727828593619396
2010-05-05,-0.022850242563768997
2010-05-06,-0.005450812828192153
2010-05-07,-0.006445154035662259
2010-05-10,0.0664147995212605
2010-05-11,0.0
2010-05-12,0.0
2010-05-13,0.0
2010-05-14,-0.01747153002438029
2010-05-17,0.0016365751321441024
2010-05-18,0.013240199714190881
2010-05-19,-0.011989987420341408
2010-05-20,-0.028869540051611686
2010-05-21,-0.022375682814463005
2010-05-24,0.013765153877799197
2010-05-25,-0.03934709632471001
2010-05-26,0.02279359242409207
2010-05-27,0.03255208674264454
2010-05-28,0.017954840753816592
2010-06-01,0.0010755755400020384
2010-06-02,0.005914836933038181
2010-06-03,0.001625490686190556
2010-06-04,-0.017680823435907267
2010-06-07,0.004993324752344819
2010-06-08,0.0009132538753189312
2010-06-09,0.005677436709614181
2010-06-10,0.011418613254126964
2010-06-11,-0.006751812923671552
2010-06-14,0.012099939447229424
2010-06-15,0.007353015839156152
2010-06-16,-0.005780773456251942
2010-06-17,0.008328652157939098
2010-06-18,-0.0003009012218380125
2010-06-21,0.012268647206430838
2010-06-22,0.0021873648680879043
2010-06-23,0.0018321200018212025
2010-06-24,-0.0016606236204138591
2010-06-25,0.0031028145437068666
2010-06-28,0.005014912418015438
2010-06-29,-0.017903901484117357
2010-06-30,0.0018392582896715748
2010-07-01,0.0011747022931565265
2010-07-02,0.0020894633702563947
2010-07-06,0.012743367283381435
2010-07-07,0.0033063458792874645
2010-07-08,0.004202250085273418
2010-07-09,-0.0018456156130914891
2010-07-12,0.000446470550502287
2010-07-13,0.00915147097693314
2010-07-14,0.011806325241448423
2010-07-15,0.00029646931784443886
2010-07-16,-0.004971384316939109
2010-07-19,0.0031875621094967777
2010-07-20,-0.010553276362450736
2010-07-21,0.0016323676021912092
2010-07-22,0.006490353233168156
2010-07-23,-0.002901315902938184
2010-07-26,-0.0006896589078601023
2010-07-27,-0.00235501224318313
2010-07-28,-0.0026965189477321516
2010-07-29,-0.009120202907236807
2010-07-30,-0.008135809933837668
2010-08-02,0.00841588551718142
2010-08-03,-0.0030133764426651943
2010-08-04,0.0031435183744461526
2010-08-05,-0.0011053117789413536
2010-08-06,-0.003691955128382496
2010-08-09,0.003948489271519584
2010-08-10,-0.012334744004920406
2010-08-11,-0.013486485968093098
2010-08-12,-0.010770674276795233
2010-08-13,0.0018909748486903855
2010-08-16,-0.0029276500511435932
2010-08-17,0.0068651500279413025
2010-08-18,-5.3076921770034424e-05
2010-08-19,-0.002094350784122012
2010-08-20,0.007898831248450477
2010-08-23,0.00332095715299352
2010-08-24,-0.01096211648292078
2010-08-25,-0.0026328475931971518
2010-08-26,0.004468093530414219
2010-08-27,0.005038056275941338
2010-08-30,-0.0011462137330354727
2010-08-31,-0.0051402501680887225
2010-09-01,0.008277157616962016
2010-09-02,0.0019713784393415867
2010-09-03,0.007947723239844162
2010-09-07,0.0007309567579949494
2010-09-08,0.000378172636401386
2010-09-09,-0.0015365521857099163
2010-09-10,0.0002465885240607868
2010-09-13,-0.0004833529421737204
2010-09-14,-0.00030496405207369737
2010-09-15,-0.005290953997659886
2010-09-16,-0.0013863676206294917
2010-09-17,0.0032469519276756564
2010-09-20,0.001287789194904132
2010-09-21,0.0005552786974767354
2010-09-22,-0.0017171096719961199
2010-09-23,-0.0026155125838978055
2010-09-24,0.010286391347410051
2010-09-27,0.001717139140642976
2010-09-28,0.002294313468554021
2010-09-29,-0.0018117531982970725
2010-09-30,0.005491184244681202
2010-10-01,0.005345588962518688
2010-10-04,-0.006880933333979655
2010-10-05,0.019621327002790734
2010-10-06,-0.003010025444014075
2010-10-07,0.004710083909631013
2010-10-08,0.009493905120554702
2010-10-11,0.005630807861852549
2010-10-12,-0.0014836372166713296
2010-10-13,0.015399871294380363
2010-10-14,0.0006800018093964244
2010-10-15,0.017192446096830016
2010-10-18,0.009245718000866043
2010-10-19,-0.04220102616472443
2010-10-20,0.0012050698018784
2010-10-21,0.04634767961297093
2010-10-22,0.0
2010-10-25,0.0
2010-10-26,0.0
2010-10-27,0.00212639058242603
2010-10-28,0.0031142439570224223
2010-10-29,-0.002872302640312907
2010-11-01,0.0061052392414315815
2010-11-02,0.004894331896545312
2010-11-03,0.004808830904468264
2010-11-04,0.012457349853618682
2010-11-05,0.006230955861895815
2010-11-08,-0.0033247686257374953
2010-11-09,0.019286036588520572
2010-11-10,-0.00362269497635348
2010-11-11,-0.007065661867138084
2010-11-12,-0.006111560293956431
2010-11-15,-0.00012217219311794203
2010-11-16,-0.008816725401650682
2010-11-17,-0.00014067818362795137
2010-11-18,0.0172978912325783
2010-11-19,0.0005406617118548507
2010-11-22,0.01114555360234104
2010-11-23,-0.012086231468864783
2010-11-24,0.014309537338831113
2010-11-26,-0.007472276580500203
2010-11-29,0.002063592705111139
2010-11-30,-0.013023668924932008
2010-12-01,0.01625861299978415
2010-12-02,-0.008722842424028765
2010-12-03,-0.0003659438102987522
2010-12-06,0.003834028079695573
2010-12-07,0.02340712425673508
2010-12-08,-0.005814687275958796
2010-12-09,0.012355108094239453
2010-12-10,0.015313845908736079
2010-12-13,0.005961825010158517
2010-12-14,-0.005885528889858493
2010-12-15,-0.00035297231950992547
2010-12-16,0.0026501037803698946
2010-12-17,0.005563486705863152
2010-12-20,0.008011691193712034
2010-12-21,0.011069327449218402
2010-12-22,0.004978935405361096
2010-12-23,-0.0012096362952543904
2010-12-27,-0.015761276246438083
2010-12-28,0.0015859074388508976
2010-12-29,0.004175021512228483
2010-12-30,-0.0008001626482374569
2010-12-31,-0.003944688187814127
2011-01-03,0.008728393782374333
2011-01-04,0.008155608046872098
2011-01-05,0.000973323107394064
2011-01-06,-0.006380567243247648
2011-01-07,0.0025623113780923745
2011-01-10,-0.004837040954755345
2011-01-11,0.008995827517816801
2011-01-12,0.008306624388182415
2011-01-13,-0.0034925537908235826
2011-01-14,-0.004488134734710769
2011-01-18,-0.002259322880677761
2011-01-19,-0.003596564637333266
2011-01-20,-0.009932124973559109
2011-01-21,0.005224309741532318
2011-01-24,0.007854763937891862
2011-01-25,-0.004050694548183853
2011-01-26,0.004226246311066495
2011-01-27,0.04669565976181378
2011-01-28,0.0
2011-01-31,0.0
2011-02-01,0.0
2011-02-02,-0.012260364416656122
2011-02-03,0.0011243504084024192
2011-02-04,0.007945165437317714
2011-02-07,0.0036098107696433956
2011-02-08,0.0018235515285387471
2011-02-09,0.0005424850792739022
2011-02-10,-0.012103488365826753
2011-02-11,-0.0021821588806787418
2011-02-14,0.014656125828225619
2011-02-15,-0.007726235066104148
2011-02-16,0.009230135538379036
2011-02-17,-0.010240288874968972
2011-02-18,0.0051127451913401956
2011-02-22,-0.035523709042379226
2011-02-23,-0.015169200022979612
2011-02-24,0.016788897372725486
2011-02-25,0.010043221588550644
2011-02-28,0.011097178932414353
2011-03-01,-0.0011338982477668846
2011-03-02,-0.0011689841216667718
2011-03-03,0.019452761900423665
2011-03-04,0.001387361385243313
2011-03-07,0.01050770020602787
2011-03-08,-0.013046157763931143
2011-03-09,-0.004221059942484673
2011-03-10,-0.022281220051784456
2011-03-11,0.0009231436031615914
2011-03-14,0.0007554668156395383
2011-03-15,-0.0313839828665462
2011-03-16,0.00454238059936074
2011-03-17,0.023643286667771157
2011-03-18,0.01331624367340023
2011-03-21,0.02093788673713859
2011-03-22,0.015690859636333432
2011-03-23,0.0002705752335947498
2011-03-24,0.025937429786467625
2011-03-25,-0.0006905034521981213
2011-03-28,0.013933590397174234
2011-03-29,0.0012861499263137066
2011-03-30,0.010087064735470497
2011-03-31,-0.001592369385195358
2011-04-01,0.01229686804745822
2011-04-04,0.007522414522092236
2011-04-05,0.0020286930267972014
2011-04-06,0.011726447500387982
2011-04-07,-0.008735654950952187
2011-04-08,0.010382062035084516
2011-04-11,-0.00123824844594711
2011-04-12,-0.013390355859022596
2011-04-13,0.009982394936910888
2011-04-14,-0.006757509327025124
2011-04-15,-0.0011831140177349653
2011-04-18,-0.015857029625163888
2011-04-19,0.0020882360229967922
2011-04-20,0.019479010548397513
2011-04-21,0.003113536396618377
2011-04-25,0.004471298186468076
2011-04-26,-0.01831830588771921
2011-04-27,0.004467145744676326
2011-04-28,-0.004984065587246955
2011-04-29,-0.00263746505122453
2011-05-02,0.01587083335693218
2011-05-03,-0.0047982136294763
2011-05-04,0.001878195687917028
2011-05-05,-0.0100053344018729
2011-05-06,0.0146486872810776
2011-05-09,0.007796364140815415
2011-05-10,0.005507435158195406
2011-05-11,0.002106461091819334
2011-05-12,-0.0019615097347164268
2011-05-13,-0.008951845170308004
2011-05-16,-0.005168379949890722
2011-05-17,-0.008922022253874617
2011-05-18,0.0036153335183164437
2011-05-19,0.005016256903081162
2011-05-20,-0.005675072066412823
2011-05-23,-0.018229206713016755
2011-05-24,0.008195832114925361
2011-05-25,-0.004079183394996244
2011-05-26,-0.0038362735516960234
2011-05-27,0.0032252999812314442
2011-05-31,0.015135025481879616
2011-06-01,-0.005635602705886478
2011-06-02,0.0013791966298715153
2011-06-03,-0.004778099653598988
2011-06-06,-9.795942162582616e-05
2011-06-07,0.002827016376103053
2011-06-08,-0.00243011778118174
2011-06-09,0.0009202138968034124
2011-06-10,0.0007443803126259141
2011-06-13,0.0002733809856441116
2011-06-14,0.0043354174855567695
2011-06-15,-0.0038028926175223132
2011-06-16,0.0011660908359918398
2011-06-17,0.003815500554514628
2011-06-20,-0.0009941686272458838
2011-06-21,0.002571584559084794
2011-06-22,-0.0011036307798354406
2011-06-23,-0.004603106008070568
2011-06-24,-0.009643007535203862
2011-06-27,0.0008129459747672207
2011-06-28,0.00045203897708856466
2011-06-29,0.001957085892460464
2011-06-30,0.0020442678866989805
2011-07-01,-0.00018625996954479973
2011-07-05,0.0012543501601478546
2011-07-06,-0.0016908088158972268
2011-07-07,0.0031322503049537875
2011-07-08,-0.004931639930371601
2011-07-11,-0.00596114879385734
2011-07-12,-0.002608246020763705
2011-07-13,0.0028740161681413134
2011-07-14,0.0008923909802904806
2011-07-15,0.0022668161278196486
2011-07-18,-0.0024038003136972463
2011-07-19,0.0029750138447524055
2011-07-20,0.001469567720555398
2011-07-21,0.0017400170140955407
2011-07-22,0.005417896794605026
2011-07-25,-0.005641325227748184
2011-07-26,-0.0018598452592494263
2011-07-27,-0.0029840862089453024
2011-07-28,-0.0008520412696745305
2011-07-29,-0.0036722663917772014
2011-08-01,0.006652066476496188
2011-08-02,-0.0024515113659134835
2011-08-03,0.00014452015398358498
2011-08-04,-0.007223046709854075
2011-08-05,0.005810117330608211
2011-08-08,-0.016888458796266992
2011-08-09,0.008689931654932037
2011-08-10,-0.012822166575218397
2011-08-11,0.003044960742267566
2011-08-12,0.013614910779870204
2011-08-15,0.0
2011-08-16,0.0
2011-08-17,-0.0009270974317090452
2011-08-18,0.00312824675038037
2011-08-19,0.006590881500617707
2011-08-22,-0.00926958378030518
2011-08-23,-0.0017389102184004468
2011-08-24,0.002428204993278227
2011-08-25,-0.0013729762610453777
2011-08-26,0.0012858369206414366
2011-08-29,0.0034104855727830063
2011-08-30,-0.0009533117353103249
2011-08-31,-0.002362511552555624
2011-09-01,-0.000931926838268482
2011-09-02,0.00552305950230636
2011-09-06,0.0022688135882504845
2011-09-07,0.003726088334166322
2011-09-08,0.004471696136883363
2011-09-09,0.006049777550198865
2011-09-12,0.010211457444463612
2011-09-13,0.00036715713583812537
2011-09-14,-0.00046280368833051533
2011-09-15,-0.004183999599558508
2011-09-16,-0.0011949416379685163
2011-09-19,0.0031515155999861655
2011-09-20,-0.0017276637893635094
2011-09-21,-0.0012683731423835942
2011-09-22,0.007557674361918787
2011-09-23,0.004382005064374583
2011-09-26,-0.0010287518616985958
2011-09-27,-0.006954543852522144
2011-09-28,-0.0038572287128899596
2011-09-29,-0.014424020519399727
2011-09-30,0.0020531335518036986
2011-10-03,0.0020415076290052347
2011-10-04,0.0010543068397181887
2011-10-05,-5.212084631467384e-05
2011-10-06,0.0018939642562416648
2011-10-07,0.0018159613274491004
2011-10-10,-0.005378477999398612
2011-10-11,-0.00010099142948061246
2011-10-12,-0.0014765049686201737
2011-10-13,-0.0002380412068273552
2011-10-14,-0.003455681269681876
2011-10-17,0.0006938953487107824
2011-10-18,0.0011258150542843293
2011-10-19,0.004349236331070205
2011-10-20,-0.004704257329679162
2011-10-21,-0.002382041442736793
2011-10-24,-0.0017137500924867544
2011-10-25,-0.0031975615452828343
2011-10-26,0.00492873301309249
2011-10-27,0.010387660449117098
2011-10-28,0.0
2011-10-31,0.0
2011-11-01,0.0
2011-11-02,0.014768064698103656
2011-11-03,0.006135261459231156
2011-11-04,-0.006982331076494819
2011-11-07,-0.003641554451838891
2011-11-08,0.005251986531164432
2011-11-09,-0.02655655806543422
2011-11-10,0.009826294219472231
2011-11-11,0.010278336211799077
2011-11-14,-0.002880728898541074
2011-11-15,0.001388771186094484
2011-11-16,-0.004773789180287258
2011-11-17,-0.001712380798337021
2011-11-18,0.004122513446200626
2011-11-21,-0.016210526307212647
2011-11-22,0.0025186533295051827
2011-11-23,-0.008999767966169525
2011-11-25,-0.002579893445716408
2011-11-28,0.03491853591386529
2011-11-29,-0.0008192147680066153
2011-11-30,0.030390620552961378
2011-12-01,-0.004934573547322074
2011-12-02,0.006887258312742617
2011-12-05,0.013733407440158274
2011-12-06,-0.004644162670869534
2011-12-07,-0.0037346337715017386
2011-12-08,-0.003992901525460502
2011-12-09,0.0039446134678959854
2011-12-12,-0.010388181717967848
2011-12-13,0.0059483230586876434
2011-12-14,-0.006703888182549522
2011-12-15,0.00845193302279057
2011-12-16,0.008705417737255416
2011-12-19,0.003924754908397832
2011-12-20,0.011673520699287954
2011-12-21,-0.00041695154923782063
2011-12-22,0.0033479448295410386
2011-12-23,0.0036724732768558255
2011-12-27,-0.0018853706507138135
2011-12-28,0.00354169324910103
2011-12-29,0.0030502201749282865
2011-12-30,-0.0010696563052793318
2012-01-03,0.012216745417521713
2012-01-04,-0.002573181875360153
2012-01-05,-0.006377643061043492
2012-01-06,0.0030066141171387617
2012-01-09,-0.00018668692982048984
2012-01-10,0.017313959143425484
2012-01-11,-0.0003306626517379785
2012-01-12,0.007913998232690567
2012-01-13,-0.008003216389013024
2012-01-17,0.01765349343857192
2012-01-18,0.0007383905952627057
2012-01-19,0.013324907439094424
2012-01-20,-0.06819653684552263
2012-01-23,0.0037098146590404113
2012-01-24,-0.002197415916804224
2012-01-25,0.0467056376926811
2012-01-26,0.007213943136362033
2012-01-27,0.004654166338470933
2012-01-30,-0.00608554422159624
2012-01-31,0.014391764826212627
2012-02-01,0.012395527958966035
2012-02-02,0.0011577673207130434
2012-02-03,0.008105494724523155
2012-02-06,-0.005042255025794473
2012-02-07,0.0008652702581271043
2012-02-08,0.00304399163946667
2012-02-09,0.005385738300302201
2012-02-10,-0.006148806043436705
2012-02-13,0.012423358289802344
2012-02-14,0.0018859934128354627
2012-02-15,0.008139222691623704
2012-02-16,-0.010347008753718412
2012-02-17,0.0013886779532779059
2012-02-21,0.00597265056129026
2012-02-22,-0.002293579032433324
2012-02-23,0.0019867939842375115
2012-02-24,0.0052199521033529095
2012-02-27,-0.001126918744315586
2012-02-28,0.004398697053296763
2012-02-29,0.009259644027260094
2012-03-01,0.008566841911741951
2012-03-02,-0.0006338535176289017
2012-03-05,-0.0011328379373981567
2012-03-06,-0.01588860387262847
2012-03-07,0.009399365702038365
2012-03-08,0.007864341076267545
2012-03-09,0.0031808138559596966
2012-03-12,0.0039315787181868345
2012-03-13,0.010115329908126247
2012-03-14,0.013788927501186654
2012-03-15,0.012280290324727439
2012-03-16,-0.0011399366682108836
2012-03-19,0.01326348387521592
2012-03-20,-0.003994250579584135
2012-03-21,-0.00209705355246248
2012-03-22,-0.007116798037163474
2012-03-23,-0.00020361230983168
2012-03-26,0.006959302231110742
2012-03-27,-0.0003747446300176316
2012-03-28,0.0029178945513814725
2012-03-29,-0.007415890056792218
2012-03-30,0.001817485695133847
2012-04-02,0.0023618092570834026
2012-04-03,0.008621630857502227
2012-04-04,-0.009581140402091126
2012-04-05,0.0026461486625821706
2012-04-09,-0.013045639124101172
2012-04-10,0.004370625137692041
2012-04-11,0.012291012381008715
2012-04-12,0.0006645134552210052
2012-04-13,-0.00037212387156160265
2012-04-16,0.006871260503619858
2012-04-17,0.0002437268542219151
2012-04-18,0.002973660667285438
2012-04-19,-0.010116547866990011
2012-04-20,0.003983180049932367
2012-04-23,-0.007150758432840965
2012-04-24,-0.010759095581608813
2012-04-25,0.07191700815119706
2012-04-26,0.0
2012-04-27,0.0
2012-04-30,0.0
2012-05-01,0.0007274201300495609
2012-05-02,-0.0025416498017589717
2012-05-03,0.006524219465668946
2012-05-04,-0.0056708020216351684
2012-05-07,-0.004489447451193174
2012-05-08,-0.001517042198976859
2012-05-09,-0.010486821975316252
2012-05-10,0.002966068893115459
2012-05-11,-0.010344862327376414
2012-05-14,-0.008698237642642215
2012-05-15,0.004033243326623692
2012-05-16,0.002890043456936331
2012-05-17,-0.00015663551228239925
2012-05-18,0.006358028640177871
2012-05-21,0.006171743567692234
2012-05-22,0.01144935650240475
2012-05-23,-0.001340782155534015
2012-05-24,0.007486146574963826
2012-05-25,-0.0008307759884119692
2012-05-29,0.014102401101231843
2012-05-30,-0.00780176283576639
2012-05-31,0.0018780834442455596
2012-06-01,-0.01798390326729382
2012-06-04,0.0005238680816384012
2012-06-05,0.0009158529353203715
2012-06-06,0.0016247702094085437
2012-06-07,0.0027709543666916137
2012-06-08,-0.0007034143611100996
2012-06-11,0.002398062817948521
2012-06-12,0.000990845591763767
2012-06-13,-0.00023879239943880304
2012-06-14,-6.424721372566555e-05
2012-06-15,0.00034346123448947274
2012-06-18,-0.0011004527614810744
2012-06-19,0.001978699322879862
2012-06-20,0.000701244771722731
2012-06-21,-0.0008440762669861268
2012-06-22,0.0009489050863127346
2012-06-25,-0.0014211554687837413
2012-06-26,0.0006311704055035339
2012-06-27,0.0005806381306416863
2012-06-28,-0.0019787400527655485
2012-06-29,0.004023517331277482
2012-07-02,0.0031837247051349493
2012-07-03,0.0001637486265839705
2012-07-05,-0.0017151696553699969
2012-07-06,-0.0022391042329378275
2012-07-09,-0.0007451966102484109
2012-07-10,-0.0009226656917626919
2012-07-11,0.000321700487725618
2012-07-12,-0.0011450288001474407
2012-07-13,0.0001995901166653713
2012-07-16,-0.0007460448503838757
2012-07-17,0.000758402352114329
2012-07-18,-0.0006003746832252688
2012-07-19,0.0022279957776447645
2012-07-20,0.0001321726438021642
2012-07-23,-0.0033712817038641374
2012-07-24,0.00022879040464029998
2012-07-25,0.0006860995468720432
2012-07-26,0.003557513615967123
2012-07-27,0.0012173631029270826
2012-07-30,-0.0016321963944898599
2012-07-31,0.0005762287109420949
2012-08-01,0.0014106544339276272
2012-08-02,-0.0013631268389862061
2012-08-03,0.004606093140390399
2012-08-06,0.0008987902819757032
2012-08-07,0.002724154960336289
2012-08-08,-0.0009334268391339995
2012-08-09,-0.0005247563109059827
2012-08-10,-0.0005609206553904844
2012-08-13,-0.0002760555403032994
2012-08-14,0.0015095634326112162
2012-08-15,8.128508675508961e-05
2012-08-16,0.0006893244824992539
2012-08-17,-0.002486190761907481
2012-08-20,-0.0004926744316207099
2012-08-21,0.0006711527118923311
2012-08-22,-0.0006532379935112465
2012-08-23,-0.0007312310926149701
2012-08-24,-0.00027552574078826275
2012-08-27,0.00031420692599448685
2012-08-28,-0.000622897658027699
2012-08-29,0.00038174743527830124
2012-08-30,-0.00037373207910973427
2012-08-31,0.0012736105320942936
2012-09-04,-0.0005404929993233498
2012-09-05,-0.0009529506534595722
2012-09-06,0.005653879390161709
2012-09-07,0.0034584335439340474
2012-09-10,-0.0008275874793880478
2012-09-11,0.0024869332456500803
2012-09-12,0.007574490198213102
2012-09-13,0.006990374431965929
2012-09-14,0.008756508404797136
2012-09-17,0.008629711135737628
2012-09-18,-0.001393562335741727
2012-09-19,-0.0006333371410043309
2012-09-20,-0.00450789154157083
2012-09-21,0.0038648715763831554
2012-09-24,-0.01592612789429626
2012-09-25,-0.0005414762815734164
2012-09-26,-0.005523309724200787
2012-09-27,0.0007611382534593591
2012-09-28,-0.0035807579032286485
2012-10-01,0.006850202418317908
2012-10-02,0.0011315853730100578
2012-10-03,0.0008938949035575128
2012-10-04,0.000787026594261997
2012-10-05,0.0010578476747846732
2012-10-08,-0.0011450411090302426
2012-10-09,-0.0006207775746066568
2012-10-10,-0.00047692533463727926
2012-10-11,0.000948448888801634
2012-10-12,-0.0021696277292323485
2012-10-15,0.0007976443896002827
2012-10-16,0.0011076895874895243
2012-10-17,-0.0012709353949550417
2012-10-18,-0.0002386998185622824
2012-10-19,-0.0020828883594464775
2012-10-22,0.001981445051963515
2012-10-23,-0.002223495016814181
2012-10-24,0.0023636814461134303
2012-10-25,0.0014294835463759537
2012-10-26,-0.0001857515820785638
2012-10-31,0.0016301770052233877
2012-11-01,0.0012678091428757199
2012-11-02,0.000614868783409328
2012-11-05,-0.001017729775664833
2012-11-06,0.0006396945567930246
2012-11-07,-0.0028811286369007094
2012-11-08,0.0005251324710444649
2012-11-09,0.00018014337673499803
2012-11-12,0.0005761375311685857
2012-11-13,-0.0013815723771047894
2012-11-14,0.0015544615894940161
2012-11-15,0.00028177041314880746
2012-11-16,0.0015867617191660521
2012-11-19,0.0017479104587037053
2012-11-20,5.873828229918665e-05
2012-11-21,-0.00018786579700436068
2012-11-23,0.0019976005264106256
2012-11-26,0.0004386364783655061
2012-11-27,0.00022672851522842485
2012-11-28,-0.0010655029102810687
2012-11-29,-0.00010746533001182446
2012-11-30,0.00045027023925037213
2012-12-03,0.0014628357174175655
2012-12-04,0.0008806277734840773
2012-12-05,-1.1457712212337157e-07
2012-12-06,2.3380003756789947e-05
2012-12-07,0.0003856974445874961
2012-12-10,-0.0005564308202670176
2012-12-11,0.0009855805409069163
2012-12-12,0.0010970965861141213
2012-12-13,0.0006332630849454901
2012-12-14,0.00023058165680844844
2012-12-17,0.00045113176072364425
2012-12-18,0.0008695982308133399
2012-12-19,0.0009964254245806714
2012-12-20,0.0003952348419999918
2012-12-21,-0.004178776973994602
2012-12-24,-7.716238249511065e-05
2012-12-26,0.00024947694738819415
2012-12-27,-9.805518786343281e-05
2012-12-28,-0.00168534512746088
2012-12-31,-2.7266975885065214e-05
2013-01-02,0.004760445592466578
2013-01-03,0.0
2013-01-04,0.0
2013-01-07,0.0
2013-01-08,0.0002621744637607559
2013-01-09,0.0011730256459823174
2013-01-10,0.0018046913959322008
2013-01-11,-9.487934925611619e-06
2013-01-14,-0.00026931723446466105
2013-01-15,-0.001400350954700924
2013-01-16,-9.05865663607397e-05
2013-01-17,0.0011050325852821619
2013-01-18,-0.0007188482662749962
2013-01-22,0.000130356082246319
2013-01-23,0.0011078958517185544
2013-01-24,-0.0007356328038569115
2013-01-25,0.0013842038144946667
2013-01-28,0.001494573749381889
2013-01-29,-0.0007611222476181512
2013-01-30,0.000127283408133394
2013-01-31,0.0008169533055044642
2013-02-01,0.0023316613849411194
2013-02-04,-0.014611425823693125
2013-02-05,0.00045614790223091894
2013-02-06,0.001673932510924958
2013-02-07,0.002910665692711145
2013-02-08,0.00435399528548297
2013-02-11,-0.002836724698986104
2013-02-12,-0.004623180617752909
2013-02-13,0.0057083942340270255
2013-02-14,0.0010610076811461422
2013-02-15,0.0020182551267151627
2013-02-19,0.0025971494784948757
2013-02-20,0.002737951764620883
2013-02-21,-0.006387423342571252
2013-02-22,-0.0008170159448950276
2013-02-25,0.004569925003522046
2013-02-26,0.0034632823887563724
2013-02-27,-0.001232705474301543
2013-02-28,0.00018057113414182702
2013-03-01,-0.005923330269619886
2013-03-04,-0.0026478689265733157
2013-03-05,0.009968334396346368
2013-03-06,0.009648536106819261
2013-03-07,-0.00034876694772456585
2013-03-08,0.002311503668727344
2013-03-11,-0.0013078784369919827
2013-03-12,-0.005609332318550764
2013-03-13,0.003857285017056622
2013-03-14,0.004522195018289876
2013-03-15,-0.0019101548206231778
2013-03-18,-0.016489030711982267
2013-03-19,0.005543706493096545
2013-03-20,0.009583180205595454
2013-03-21,-0.006006525180320743
2013-03-22,0.00933817779183821
2013-03-25,0.004260015169153419
2013-03-26,0.006165819976863718
2013-03-27,-0.008527134920791268
2013-03-28,0.001498184388044388
2013-04-01,0.006525227404443612
2013-04-02,0.007211469074161592
2013-04-03,0.0023729001023840013
2013-04-04,0.0011792258470280093
2013-04-05,-0.01592932411341763
2013-04-08,-0.0011539723576773353
2013-04-09,-0.0008949462238733163
2013-04-10,0.0044842766621089325
2013-04-11,0.0027187294231845183
2013-04-12,0.003274621640709796
2013-04-15,-0.0028841763775911966
2013-04-16,0.008607313932537775
2013-04-17,-0.008109885423466578
2013-04-18,0.001497075422799643
2013-04-19,0.002739998351249273
2013-04-22,0.005430755378881491
2013-04-23,0.047725525101353306
2013-04-24,0.0
2013-04-25,0.0
2013-04-26,0.0
2013-04-29,0.00679919051715161
2013-04-30,0.0013136528473884912
2013-05-01,0.0006820651135908129
2013-05-02,0.010338777357896678
2013-05-03,0.013887208767388248
2013-05-06,-0.0014876692280733073
2013-05-07,0.0006097231186297236
2013-05-08,-0.0007158455083403625
2013-05-09,0.009591970386499504
2013-05-10,0.0016164617608938059
2013-05-13,0.0027447370404876104
2013-05-14,0.012423984706468216
2013-05-15,0.0009006302887950568
2013-05-16,0.014963259880086843
2013-05-17,0.006089995559033667
2013-05-20,-0.0023222220229773827
2013-05-21,0.0001793121590254465
2013-05-22,-0.0034027322487408806
2013-05-23,-0.017264933662692328
2013-05-24,-0.003427128144329883
2013-05-28,0.021085960985261387
2013-05-29,0.0024502888227724284
2013-05-30,0.0014576239121755208
2013-05-31,0.004774431398904433
2013-06-03,-9.876603302094722e-05
2013-06-04,-0.001181551911181744
2013-06-05,-0.010640705144210005
2013-06-06,0.000996365360364404
2013-06-07,0.00887855271256166
2013-06-10,-0.0065091850546417085
2013-06-11,-0.013599774963047317
2013-06-12,0.01303951448531282
2013-06-13,0.004358492480164289
2013-06-14,0.004377012510551781
2013-06-17,0.023774139763225177
2013-06-18,0.0012732029540067913
2013-06-19,-0.0025136125218876426
2013-06-20,-0.011890803047298504
2013-06-21,0.012646848077980666
2013-06-24,-0.016069880270017656
2013-06-25,0.010195032453972797
2013-06-26,0.01264020629974949
2013-06-27,0.008522989088148192
2013-06-28,-2.5774334549866218e-05
2013-07-01,0.013367027949528598
2013-07-02,0.0011121046792936795
2013-07-03,-0.0028362671477151213
2013-07-05,0.011639242069356515
2013-07-08,0.009546822136170752
2013-07-09,0.010001694549525153
2013-07-10,-0.0036642283720336177
2013-07-11,0.016936278589394282
2013-07-12,0.0018705360378901137
2013-07-15,0.007321967693507014
2013-07-16,-1.4001997944435018e-06
2013-07-17,0.0004296978106175242
2013-07-18,0.004391062184912364
2013-07-19,-0.010386766548502235
2013-07-22,0.004283048702196535
2013-07-23,-0.001276127199032806
2013-07-24,0.0072486155724298396
2013-07-25,-0.004254960618656822
2013-07-26,0.0018328670973382089
2013-07-29,-0.0003219198868421591
2013-07-30,0.0045010863050682914
2013-07-31,0.00439102378519074
2013-08-01,0.009382756203912823
2013-08-02,-0.0010981006395019977
2013-08-05,0.006287116426954009
2013-08-06,-0.0028784802987859015
2013-08-07,-0.0032188000308343012
2013-08-08,0.0418656617944273
2013-08-09,-0.004948663673351672
2013-08-12,-0.014211730708120207
2013-08-13,0.00846419153098421
2013-08-14,-0.009734811169123558
2013-08-15,-0.017323572918139796
2013-08-16,0.009040662438148273
2013-08-19,0.0067462048968225385
2013-08-20,0.01616090580299967
2013-08-21,-0.0013748371040585017
2013-08-22,0.006163889379044329
2013-08-23,0.007768649304325637
2013-08-26,0.0096894484904817
2013-08-27,-0.017016123567647035
2013-08-28,0.007986779991408621
2013-08-29,-0.0015904056970053038
2013-08-30,0.007574877303150762
2013-09-03,0.01963076669550823
2013-09-04,0.00798781666095838
2013-09-05,0.0019456376026403266
2013-09-06,0.0029126080843469015
2013-09-09,-0.0015955911107596865
2013-09-10,0.0072844851818740786
2013-09-11,-0.0012096555228160444
2013-09-12,0.00303679803451673
2013-09-13,-0.0015056310458787525
2013-09-16,0.013949320674866872
2013-09-17,-0.002450359697684812
2013-09-18,-0.0006598558443362545
2013-09-19,0.01209541455857388
2013-09-20,0.005576649956765323
2013-09-23,0.002245156828217354
2013-09-24,0.010526752480810808
2013-09-25,0.011268429610369557
2013-09-26,0.010331035343884576
2013-09-27,-0.004197074164966952
2013-09-30,-0.01887735801916024
2013-10-01,0.0006459050481162354
2013-10-02,-0.009403147032211345
2013-10-03,-0.002837432967772502
2013-10-04,0.011447569983351613
2013-10-07,-0.0008547275663496334
2013-10-08,0.003810660382971731
2013-10-09,0.003517119801187185
2013-10-10,0.02197708649230612
2013-10-11,-0.0020648096590413223
2013-10-14,-0.017368314615662683
2013-10-15,0.014936460725387013
2013-10-16,0.009800352431759807
2013-10-17,-0.00012908087890028952
2013-10-18,0.024185801141533014
2013-10-21,0.005727836710872181
2013-10-22,0.003851124976070208
2013-10-23,-0.016573959101626512
2013-10-24,0.005883686932853571
2013-10-25,0.010540854547720357
2013-10-28,-0.0039033626416566936
2013-10-29,0.0073520235619579655
2013-10-30,0.008698212556995877
2013-10-31,-0.02500944233084068
2013-11-01,0.01236261130044225
2013-11-04,0.00011620290613434392
2013-11-05,0.0008324414592846274
2013-11-06,-0.02871852959914878
2013-11-07,-0.006166762081553867
2013-11-08,0.00014773650988342268
2013-11-11,-0.0013463655508404448
2013-11-12,-0.0023606601078292044
2013-11-13,-0.0007937242496715013
2013-11-14,0.0014176222248667436
2013-11-15,0.0022887698502886966
2013-11-18,-0.006063188196043678
2013-11-19,0.0010652914675290948
2013-11-20,0.006583575606987635
2013-11-21,0.012712412226139946
2013-11-22,0.002435855230773498
2013-11-25,0.009860045379006976
2013-11-26,-0.0037901651898712974
2013-11-27,0.003981195145749794
2013-11-29,0.010421839042739078
2013-12-02,-0.0026684932362827096
2013-12-03,-0.004866051534304305
2013-12-04,-0.005778633861771132
2013-12-05,-0.0030491474578387967
2013-12-06,0.012518862484342641
2013-12-09,0.006026065037510575
2013-12-10,-0.0025649209076237245
2013-12-11,-0.0006673033550153029
2013-12-12,0.01251734005323657
2013-12-13,0.006293003090735105
2013-12-16,0.0014377523983366558
2013-12-17,0.008537563146430172
2013-12-18,0.00034918510074311016
2013-12-19,-0.011750326884526596
2013-12-20,0.0013919640421820034
2013-12-23,0.0020066337414268443
2013-12-24,0.005345125123523031
2013-12-26,0.0035513954896775335
2013-12-27,-0.0006136811863163283
2013-12-30,-0.003955032997887464
2013-12-31,0.00467038113627205
2014-01-02,0.00024024760776808485
2014-01-03,0.0009399517842876293
2014-01-06,-0.00030989776719403395
2014-01-07,0.00436893059069865
2014-01-08,0.008392510364619854
2014-01-09,0.004946841650868894
2014-01-10,0.0015259607455333501
2014-01-13,-0.0007604316752264362
2014-01-14,0.006266464499383284
2014-01-15,0.00892804591642471
2014-01-16,-0.0036916476428683342
2014-01-17,-8.5030189068247e-05
2014-01-21,0.007011237597848163
2014-01-22,0.005298718221344645
2014-01-23,0.00291787404667887
2014-01-24,-0.011200677290592598
2014-01-27,0.00412022903062903
2014-01-28,0.00821513097426152
2014-01-29,-0.011346457357864326
2014-01-30,0.06850576146120813
2014-01-31,0.0
2014-02-03,0.0
2014-02-04,0.0
2014-02-05,-0.0022625085898083652
2014-02-06,-0.0023737245765297343
2014-02-07,0.007772208331706665
2014-02-10,2.714065551634448e-05
2014-02-11,0.0004023647917534845
2014-02-12,0.002781891916990187
2014-02-13,-0.006840744526502962
2014-02-14,0.0019927803946599987
2014-02-18,0.0012194383135464282
2014-02-19,-0.004229400611889478
2014-02-20,-0.00046290626584366557
2014-02-21,0.008166495303864707
2014-02-24,0.0033266446651716297
2014-02-25,0.0036713118479498874
2014-02-26,0.004748426780026405
2014-02-27,-8.15593209623211e-05
2014-02-28,0.004337878551239127
2014-03-03,-0.016048167768150767
2014-03-04,0.024159847011684166
2014-03-05,0.008432186092110827
2014-03-06,0.005896328980244059
2014-03-07,0.0031047261663732506
2014-03-10,0.0009598673151394177
2014-03-11,0.0012011592597314102
2014-03-12,-0.007420056980558254
2014-03-13,0.0073098505328996755
2014-03-14,-0.006133597122042311
2014-03-17,0.010417589558579632
2014-03-18,0.00467403372921571
2014-03-19,0.0016432775504062747
2014-03-20,-0.0017702676992691346
2014-03-21,0.007165449913414168
2014-03-24,0.001994309280248352
2014-03-25,0.010937703504825924
2014-03-26,0.00408918225660404
2014-03-27,-0.0005705949744929661
2014-03-28,0.0046591735150049995
2014-03-31,0.01312719050751654
2014-04-01,0.006867908155064217
2014-04-02,0.017887826939684492
2014-04-03,0.002749129252530347
2014-04-04,0.010655809379970016
2014-04-07,-0.007565151743014531
2014-04-08,0.010762434657001219
2014-04-09,0.018174596314251
2014-04-10,0.005720184340278545
2014-04-11,-0.020147968460451526
2014-04-14,0.019714773781930095
2014-04-15,0.007591041787116115
2014-04-16,0.01391374936713019
2014-04-17,-0.006532254468803789
2014-04-21,0.008831054523058102
2014-04-22,0.011586596895690748
2014-04-23,0.0031051516430604664
2014-04-24,0.022545594297291416
2014-04-25,-0.011371101580919696
2014-04-28,0.005896029906628186
2014-04-29,0.0011983671155721964
2014-04-30,-0.006185434013102231
2014-05-01,0.005753005618253981
2014-05-02,0.0030385978003841796
2014-05-05,-0.010702895160320636
2014-05-06,-0.0022337807842172097
2014-05-07,0.004341574238068802
2014-05-08,-0.016749758505380297
2014-05-09,0.0005875215624004948
2014-05-12,0.01084297573384485
2014-05-13,-0.0011267637404152042
2014-05-14,-0.003972238791128957
2014-05-15,-0.0005516844610606864
2014-05-16,0.003680544591477819
2014-05-19,-0.006313881507836516
2014-05-20,0.0038976394257856928
2014-05-21,0.004248201303256982
2014-05-22,0.002563977098813286
2014-05-23,-0.000510538627984336
2014-05-27,0.005218341505193846
2014-05-28,-0.0014022906604275187
2014-05-29,0.005812808600630381
2014-05-30,0.002140046370509463
2014-06-02,0.0006491515090505384
2014-06-03,-0.005611052105400138
2014-06-04,-0.004351459480404607
2014-06-05,0.0036034575857042395
2014-06-06,0.005358272312805834
2014-06-09,-0.0011840042946591467
2014-06-10,0.0023524182026954943
2014-06-11,-0.003222229689910816
2014-06-12,9.712986046350736e-05
2014-06-13,0.004398151917777593
2014-06-16,-0.0025492247440153104
2014-06-17,0.0012803415823521291
2014-06-18,0.002031008197191486
2014-06-19,0.0014494077082340961
2014-06-20,0.0025454537500115837
2014-06-23,-0.0009775095912121223
2014-06-24,0.00018598528904756328
2014-06-25,-0.0010433459030333436
2014-06-26,0.0029454202206127267
2014-06-27,-0.0005004187898709489
2014-06-30,0.0021088372727806615
2014-07-01,0.009144753144330942
2014-07-02,0.0006820407519236849
2014-07-03,0.0054534022559875606
2014-07-07,-0.0018559992243526446
2014-07-08,-0.004690966704469668
2014-07-09,0.004029603988341179
2014-07-10,-0.020757382478288178
2014-07-11,0.003459691684334798
2014-07-14,0.008626216937152709
2014-07-15,0.0006205146289566255
2014-07-16,0.010608238518253321
2014-07-17,-0.00822181411361067
2014-07-18,0.0014744983542200885
2014-07-21,0.00045199556103581173
2014-07-22,0.0027381156308370347
2014-07-23,0.005130892091593786
2014-07-24,0.020774994535209146
2014-07-25,-0.0020334417442341435
2014-07-28,0.00025234300466547843
2014-07-29,0.001026514308819504
2014-07-30,0.0044251776078825245
2014-07-31,-0.011545138548808787
2014-08-01,-0.0012060613322268932
2014-08-04,0.0021732644945222646
2014-08-05,-0.004032263926208257
2014-08-06,-0.005323408446249234
2014-08-07,0.005493108290393289
2014-08-08,0.0003559041038925237
2014-08-11,0.008919314327737515
2014-08-12,-0.002703134211406222
2014-08-13,0.004069516536989504
2014-08-14,0.001126197244506244
2014-08-15,0.0035771865310878503
2014-08-18,0.005362187153114206
2014-08-19,0.0027407983082110565
2014-08-20,-0.00328755155781435
2014-08-21,0.0004780607294536665
2014-08-22,-0.000550618203627895
2014-08-25,0.005654501912945031
2014-08-26,0.00129156418557419
2014-08-27,0.00018314619623360784
2014-08-28,-0.0055264920134930895
2014-08-29,0.00812130953274881
2014-09-02,0.006033879130035391
2014-09-03,0.0013916734696837185
2014-09-04,0.0003196804022866928
2014-09-05,0.0025510050765229497
2014-09-08,0.0009466169000900138
2014-09-09,0.0017815946790538106
2014-09-10,0.00096992046151545
2014-09-11,-0.005084864539769307
2014-09-12,-0.001704197121491835
2014-09-15,0.0031240255669071626
2014-09-16,-0.013329358411911185
2014-09-17,0.0022446157881148565
2014-09-18,0.004653033333707368
2014-09-19,0.006281099453524286
2014-09-22,0.0015503337864450906
2014-09-23,-0.0053628716722836645
2014-09-24,-0.0008024033521339957
2014-09-25,-0.006474371696380099
2014-09-26,0.01090687474691121
2014-09-29,-0.017436138150616398
2014-09-30,0.005254768049180791
2014-10-01,-0.0015689667686555886
2014-10-02,0.00028255146766942296
2014-10-03,0.002471373244272046
2014-10-06,0.0004222941993174967
2014-10-07,-0.0044161802039087705
2014-10-08,6.315308176585432e-05
2014-10-09,0.0011470669460227345
2014-10-10,-0.009199680665052501
2014-10-13,0.006970999244167997
2014-10-14,0.011382542799798667
2014-10-15,-0.019069394773668757
2014-10-16,-0.02243588291381049
2014-10-17,0.019213069117768322
2014-10-20,0.0030187744728040755
2014-10-21,0.024036742929349764
2014-10-22,0.003951703562191877
2014-10-23,0.013194085706561554
2014-10-24,0.003271109330746702
2014-10-27,-0.0005499175578750348
2014-10-28,0.0026418484001804465
2014-10-29,-0.021830324578870797
2014-10-30,-0.007151035844957354
2014-10-31,0.017077136554118244
2014-11-03,0.0036501109743996007
2014-11-04,-0.00393257945582115
2014-11-05,0.005703908993012208
2014-11-06,0.002268664920237473
2014-11-07,0.003333142868257921
2014-11-10,0.0034375965680115694
2014-11-11,0.00030358942702690683
2014-11-12,-0.0032585034292625936
2014-11-13,0.003059607046220547
2014-11-14,0.0005479540143755735
2014-11-17,-0.002844491192530607
2014-11-18,0.0016647237077631605
2014-11-19,-0.004427719838287825
2014-11-20,-0.0011514887946040275
2014-11-21,0.01359614171724255
2014-11-24,0.004385837437429041
2014-11-25,0.0035947814862560268
2014-11-26,0.0013379996656750492
2014-11-28,0.0017250588480326456
2014-12-01,-0.003503783614310141
2014-12-02,-0.002835909908571854
2014-12-03,0.002668284865668502
2014-12-04,-0.00047417691890183633
2014-12-05,0.0033635186488198965
2014-12-08,-0.004832727442598772
2014-12-09,-0.01724190365688061
2014-12-10,-0.001080701782375626
2014-12-11,0.005184567225537284
2014-12-12,-0.010884815130002168
2014-12-15,0.008463029906851993
2014-12-16,-0.011307164732479169
2014-12-17,0.0006390655237753506
2014-12-18,0.021664614827272777
2014-12-19,-8.28551907092745e-05
2014-12-22,-0.007135446311637983
2014-12-23,0.004658158743067409
2014-12-24,-0.0007089490577698587
2014-12-26,0.0032056142811718313
2014-12-29,0.001172355815322046
2014-12-30,-0.0028444745075226763
2014-12-31,0.0033081679426505417
2015-01-02,0.007068975456466342
2015-01-05,-0.004966379968905477
2015-01-06,0.005000946278535645
2015-01-07,0.0076529679678007945
2015-01-08,0.012466285318233572
2015-01-09,0.004905785807597152
2015-01-12,0.003795662649233922
2015-01-13,0.013294014997320636
2015-01-14,-0.011792123767179974
2015-01-15,0.003184026484826852
2015-01-16,-0.00014388193594316867
2015-01-20,0.00928719421830193
2015-01-21,-0.002569581986077152
2015-01-22,0.00474385755058937
2015-01-23,-0.0017964752496935077
2015-01-26,0.00023858657032027608
2015-01-27,-0.011917149043251363
2015-01-28,0.03614450464204633
2015-01-29,0.0
2015-01-30,0.0
2015-02-02,0.0
2015-02-03,-0.0007075535191992666
2015-02-04,-0.010099371088418518
2015-02-05,0.006216901393241381
2015-02-06,0.0005136033449499866
2015-02-09,-0.003949845935385388
2015-02-10,0.005100725676069562
2015-02-11,0.003522709130279189
2015-02-12,0.008527035101559832
2015-02-13,0.004966891231041659
2015-02-17,0.0010904048159858792
2015-02-18,-0.001414942076830461
2015-02-19,-0.0008383588000774322
2015-02-20,0.00047640002176452256
2015-02-23,0.003066789252106128
2015-02-24,0.0004977744814167462
2015-02-25,-0.002742069897587962
2015-02-26,0.00117311682666843
2015-02-27,-0.00027603509631213274
2015-03-02,0.006927086297505491
2015-03-03,-0.0018550815109780183
2015-03-04,-0.002703435811724164
2015-03-05,0.0021013153705657928
2015-03-06,0.005316101985688437
2015-03-09,0.005600909539785537
2015-03-10,-0.007824679171492321
2015-03-11,0.0016919196181399698
2015-03-12,0.0014923844030112488
2015-03-13,-0.0013586621590078174
2015-03-16,0.004681869739368905
2015-03-17,0.0012156629569795019
2015-03-18,-0.0016346078605899983
2015-03-19,0.0021637481203558018
2015-03-20,0.010857735964892479
2015-03-23,0.002292607664028168
2015-03-24,-0.00018189285867864502
2015-03-25,-0.0011562502475671588
2015-03-26,-0.007659211576979241
2015-03-27,0.0019717234594243127
2015-03-30,0.0072572510987487515
2015-03-31,-0.0029672038342113405
2015-04-01,0.0005743463987730735
2015-04-02,0.0012995399310380407
2015-04-06,-0.0009158444296709645
2015-04-07,-2.517089689690888e-05
2015-04-08,-0.0005854438199702772
2015-04-09,-0.00027625680894216575
2015-04-10,-9.309716515659705e-05
2015-04-13,4.6997391003111844e-05
2015-04-14,-0.0003325172967464374
2015-04-15,0.0007464964185810441
2015-04-16,-0.0007683232430273357
2015-04-17,-0.0013915158594347554
2015-04-20,0.0003633734236310193
2015-04-21,0.0007709189611317946
2015-04-22,0.0014159127785711156
2015-04-23,-0.0015913178293386343
2015-04-24,0.00046442309041871965
2015-04-27,0.00029398686504755744
2015-04-28,3.0052077664821653e-05
2015-04-29,-0.0009395861150802709
2015-04-30,-0.0002110373440673552
2015-05-01,0.0005708575052352227
2015-05-04,0.0047637972920555605
2015-05-05,0.0007462117313923322
2015-05-06,0.004719425941158484
2015-05-07,0.002845305403812226
2015-05-08,0.008924605000600216
2015-05-11,8.566588339808945e-06
2015-05-12,-0.0055382404775566885
2015-05-13,0.0013061850403717212
2015-05-14,0.008688180161559922
2015-05-15,0.0037924981731589646
2015-05-18,-0.0026277074429480463
2015-05-19,0.002989980347771981
2015-05-20,-0.0004089511343469132
2015-05-21,0.0012809589699958046
2015-05-22,0.0005596894276860276
2015-05-26,-0.00026782181650597536
2015-05-27,0.004072485148884475
2015-05-28,-0.0009994610413263105
2015-05-29,-0.0020626040030319315
2015-06-01,0.0018381419702839796
2015-06-02,-0.00023511904293016528
2015-06-03,0.0009646156111786652
2015-06-04,-0.0005252285536351264
2015-06-05,-0.00015726543217997602
2015-06-08,-0.0003440779289221041
2015-06-09,0.00016451096703828938
2015-06-10,0.00033854632909102733
2015-06-11,-7.595286500150511e-05
2015-06-12,-0.0006826635241176104
2015-06-15,-0.0020638835205087913
2015-06-16,-0.0004241272369234217
2015-06-17,2.6219696516172064e-05
2015-06-18,0.000485970188997209
2015-06-19,0.000586210979957702
2015-06-22,9.043555854737484e-05
2015-06-23,0.00027376199840212223
2015-06-24,4.502203688327988e-05
2015-06-25,0.00021827428207621402
2015-06-26,-0.006549228635794657
2015-06-29,-0.0015131634656032622
2015-06-30,0.0010506606548017494
2015-07-01,0.0013836422029118722
2015-07-02,0.00012315603942614217
2015-07-06,-0.0012928889798651255
2015-07-07,-0.001295068009143474
2015-07-08,-0.001390244600136925
2015-07-09,0.0015986191374810499
2015-07-10,0.001314139070350162
2015-07-13,0.0012930836730091766
2015-07-14,0.005724553783354347
2015-07-15,0.0
2015-07-16,0.0
2015-07-17,0.0
2015-07-20,0.00022826677834930642
2015-07-21,-3.9958564581943357e-05
2015-07-22,-0.002819104892394564
2015-07-23,0.0014680906237101166
2015-07-24,5.1279065270692925e-05
2015-07-27,-0.0010912675968002272
2015-07-28,0.0010888350286715198
2015-07-29,0.0005845548112208832
2015-07-30,-0.0010330831927591877
2015-07-31,0.0006565861710658982
2015-08-03,0.0006136480653047283
2015-08-04,0.00034688405758931395
2015-08-05,0.0008543193269350269
2015-08-06,-9.386398868294066e-05
2015-08-07,-0.00041082704472128473
2015-08-10,0.0003736754526724173
2015-08-11,-0.0010507989526886696
2015-08-12,-0.0017186126287181969
2015-08-13,1.283299898791057e-06
2015-08-14,-7.867693065610748e-05
2015-08-17,-0.0014569354754666586
2015-08-18,-0.00043925329446814487
2015-08-19,-0.0005417623064410959
2015-08-20,-0.0019929762205336266
2015-08-21,-0.001228050724522478
2015-08-24,-0.0050844166481444075
2015-08-25,0.004094993630114008
2015-08-26,0.0
2015-08-27,0.0
2015-08-28,0.0
2015-08-31,-0.0005579042673234946
2015-09-01,-0.003399875442765432
2015-09-02,0.0021617881972129105
2015-09-03,0.0011686055750221858
2015-09-04,-0.002001562301089388
2015-09-08,0.003494265890152004
2015-09-09,-0.010573728770624236
2015-09-10,0.0008301554784870824
2015-09-11,0.0036737552837160514
2015-09-14,-0.002934911016216235
2015-09-15,-0.0020213739614032278
2015-09-16,9.197030365504233e-06
2015-09-17,0.0006385290299104618
2015-09-18,0.011970782013589254
2015-09-21,-0.003785308536575771
2015-09-22,0.01193661618207309
2015-09-23,-0.001956932084157814
2015-09-24,0.007459349201936805
2015-09-25,-0.00860381912048691
2015-09-28,0.002929588991134935
2015-09-29,-0.0018878522992280544
2015-09-30,-0.010846760871253025
2015-10-01,-0.0030144609022542124
2015-10-02,0.012273506058700256
2015-10-05,-0.00469741904262444
2015-10-06,0.0022711131599377765
2015-10-07,-0.004126584350196305
2015-10-08,0.003204986471343929
2015-10-09,-0.0012786081660619564
2015-10-12,-0.0005471494746852601
2015-10-13,0.0036831335861688963
2015-10-14,0.0006801693272968645
2015-10-15,-0.003125228579430095
2015-10-16,-0.0019054641874478584
2015-10-19,0.0015231398463866341
2015-10-20,0.0009735213431227852
2015-10-21,-0.005365691790234717
2015-10-22,-0.007079513517402658
2015-10-23,-0.022739093842346847
2015-10-26,0.00017214362653250603
2015-10-27,0.0007576457937887859
2015-10-28,0.0012181569518150415
2015-10-29,-0.0023919245312041815
2015-10-30,0.0008694637095079116
2015-11-02,0.0012469124855511993
2015-11-03,-0.0016044724494003182
2015-11-04,0.0032547071621076284
2015-11-05,0.012139503199896762
2015-11-06,-0.0007476889638685646
2015-11-09,-0.0035427585040036513
2015-11-10,-0.004502044098850355
2015-11-11,0.00469631335811016
2015-11-12,-0.004103742262354881
2015-11-13,-0.004105968968089235
2015-11-16,-0.0031312328131033462
2015-11-17,0.004098265687132008
2015-11-18,0.005124879004009486
2015-11-19,0.003028941827557974
2015-11-20,0.00873272902314004
2015-11-23,0.0008764479152221227
2015-11-24,-0.009237330606184813
2015-11-25,0.004088647872684481
2015-11-27,0.002273947580905711
2015-11-30,0.0024930079887253154
2015-12-01,0.007345015438015912
2015-12-02,0.001469844865940706
2015-12-03,0.004461057176261107
2015-12-04,0.0013248901757618725
2015-12-07,0.0019248221191523474
2015-12-08,-0.01461487089697655
2015-12-09,-0.0021069778003879325
2015-12-10,0.003912018996677924
2015-12-11,-0.013717321505709035
2015-12-14,0.003367600180572916
2015-12-15,0.009356109058728634
2015-12-16,0.008347032705967594
2015-12-17,0.0065512949013677435
2015-12-18,-0.004318424054706949
2015-12-21,0.008704105236671422
2015-12-22,0.004452078527649839
2015-12-23,0.004977555781310539
2015-12-24,0.00025342934308003606
2015-12-28,0.00038321482701508813
2015-12-29,0.005753788245564273
2015-12-30,-0.0014118611797975245
2015-12-31,-0.003642452051894618
2016-01-04,-0.026102313135954236
2016-01-05,0.00706004818792616
2016-01-06,-0.0175549563277132
2016-01-07,-0.0193564079800983
2016-01-08,0.012365248436740028
2016-01-11,0.005056103451179572
2016-01-12,0.010963549668726813
2016-01-13,0.0050893421623825486
2016-01-14,0.0014461532264542498
2016-01-15,-0.03778710939727503
2016-01-19,0.014773732818178287
2016-01-20,-0.015119558375079167
2016-01-21,0.004905459632809306
2016-01-22,0.005219400710140487
2016-01-25,0.0030067442904921915
2016-01-26,0.002748331506084778
2016-01-27,0.0046384324474644245
2016-01-28,0.036349185693394626
2016-01-29,-0.0007525876426164313
2016-02-01,0.004435002296584001
2016-02-02,0.0035217573478669717
2016-02-03,-0.0034521314862588914
2016-02-04,0.0024493184827629744
2016-02-05,0.0029226395576471553
2016-02-08,0.014847063373109703
2016-02-09,0.010357176808118984
2016-02-10,-0.009592665227951325
2016-02-11,0.009568022992004543
2016-02-12,-0.008111077559418312
2016-02-16,-0.01174232629336025
2016-02-17,-0.006680520209593976
2016-02-18,-0.00032826042336542294
2016-02-19,0.0035333951421678833
2016-02-22,-0.007231602981412233
2016-02-23,0.004965828930963312
2016-02-24,0.009343584666282378
2016-02-25,-0.000974345429479051
2016-02-26,-0.005242339753398162
2016-02-29,0.0011529959957390368
2016-03-01,-0.0076303046337169445
2016-03-02,0.0008905378086712101
2016-03-03,0.0012625781130142233
2016-03-04,0.0011295329434692913
2016-03-07,0.0032214131125491985
2016-03-08,0.005787184007592705
2016-03-09,-0.0024452878316569837
2016-03-10,-0.003910631790701058
2016-03-11,-0.008325561219264643
2016-03-14,0.001899746154836457
2016-03-15,0.0032504328496838486
2016-03-16,0.0018360214797996655
2016-03-17,0.002955782633996762
2016-03-18,-0.0017098445845500354
2016-03-21,0.002074633909803225
2016-03-22,0.0040452093889731255
2016-03-23,0.0011664666082558117
2016-03-24,0.004584838805473002
2016-03-28,-0.0020476973614460547
2016-03-29,0.0012890998342429683
2016-03-30,-0.004889174396264795
2016-03-31,0.0004816086224554983
2016-04-01,0.0040555511383935094
2016-04-04,-0.0019620888883307153
2016-04-05,-0.00016544064444667939
2016-04-06,-0.0004951040521256056
2016-04-07,0.0014395183619462237
2016-04-08,0.00014118813742425296
2016-04-11,-0.0005705829222617531
2016-04-12,0.0018608010314131729
2016-04-13,0.008767215188020039
2016-04-14,0.00012918749319568157
2016-04-15,-2.5915035955281773e-05
2016-04-18,-0.0010032782902460458
2016-04-19,0.0034877032201376945
2016-04-20,0.002157374189004191
2016-04-21,0.001000735067836489
2016-04-22,-0.019330479317498095
2016-04-25,-0.003677262119543112
2016-04-26,0.0027085993059121627
2016-04-27,-0.003983862623311962
2016-04-28,0.02432157377505373
2016-04-29,0.011107420611758956
2016-05-02,0.003711744606262224
2016-05-03,-0.009672979009294314
2016-05-04,-0.007889135833322736
2016-05-05,0.004758073764157711
2016-05-06,-0.004760245002504604
2016-05-09,0.0011444872070929257
2016-05-10,0.006302013475962598
2016-05-11,-0.0011146270154233084
2016-05-12,0.0048463289854860925
2016-05-13,-0.00016651736820039176
2016-05-16,-0.0020163751446382605
2016-05-17,-0.0005012125760988084
2016-05-18,0.0037616026823350524
2016-05-19,-0.0034581096997144956
2016-05-20,0.004074363521717528
2016-05-23,0.0008652384470801966
2016-05-24,0.002797203944807203
2016-05-25,0.0026687504034799137
2016-05-26,0.0009661373987281952
2016-05-27,2.6161374581556984e-05
2016-05-31,0.0005690192880043465
2016-06-01,-0.0019130133470265376
2016-06-02,-0.0008908044851032582
2016-06-03,0.00040852606072494524
2016-06-06,0.0006701867410034978
2016-06-07,0.0030874610947324577
2016-06-08,0.0011127056552087122
2016-06-09,-0.004861766579818516
2016-06-10,-0.009611095306685469
2016-06-13,-0.00496451503707529
2016-06-14,8.796132201371876e-05
2016-06-15,0.002719576617491004
2016-06-16,-0.004227252096686618
2016-06-17,-0.0001683698588770266
2016-06-20,0.011309823507970496
2016-06-21,0.0035389700209425
2016-06-22,-0.004085502923087514
2016-06-23,0.006256964636280671
2016-06-24,-0.03879329944475429
2016-06-27,-0.007998942516666108
2016-06-28,0.014211906332492363
2016-06-29,0.009708350725083914
2016-06-30,0.0035405846389169326
2016-07-01,-0.003076307530783473
2016-07-05,-0.007172487727937549
2016-07-06,-0.00563510372294973
2016-07-07,0.0008614131045900919
2016-07-08,0.007072510572663004
2016-07-11,0.0062304548548577365
2016-07-12,0.005141196474371279
2016-07-13,0.002647388396600503
2016-07-14,0.006400809623746673
2016-07-15,0.004015730013484431
2016-07-18,0.002316658714392794
2016-07-19,-0.0036081251487221078
2016-07-20,0.0056487284886990174
2016-07-21,-0.00020521633961700925
2016-07-22,0.002207976967163683
2016-07-25,0.0028230215163038697
2016-07-26,0.003789255499067945
2016-07-27,0.004668697743558381
2016-07-28,0.005686723258753856
2016-07-29,0.0025367016844517476
2016-08-01,0.0011258526598074692
2016-08-02,-0.0016078581986410656
2016-08-03,-0.0023172146718694053
2016-08-04,0.0009238413910821475
2016-08-05,0.008385010771317702
2016-08-08,0.0005312434690176726
2016-08-09,0.00241844200991137
2016-08-10,0.00019525268332709622
2016-08-11,0.002709624883455275
2016-08-12,-0.0006870104519525189
2016-08-15,0.0017410137532825054
2016-08-16,-0.0014194247874125265
2016-08-17,0.00038197192747646547
2016-08-18,0.0004174270272252478
2016-08-19,-0.00021092594409810594
2016-08-22,-0.0007757363288123376
2016-08-23,0.004476233807750418
2016-08-24,0.0003719425489696615
2016-08-25,-0.0008045715224065386
2016-08-26,0.001790920350915437
2016-08-29,0.0007998622151905721
2016-08-30,0.0008659625389892955
2016-08-31,-0.0012737294475645422
2016-09-01,0.001081949881731381
2016-09-02,0.004204215137351808
2016-09-06,0.001814130772723077
2016-09-07,-0.0002138960714824778
2016-09-08,-0.0022212041855840248
2016-09-09,-0.006117806013530069
2016-09-12,-0.005602347128577878
2016-09-13,-0.005106785137031444
2016-09-14,-0.0008094831707411432
2016-09-15,0.0007427565197368757
2016-09-16,0.00301975568039059
2016-09-19,0.004761136737973626
2016-09-20,0.004505750164966571
2016-09-21,0.005655616318066103
2016-09-22,0.005535425063494026
2016-09-23,-0.004666399980866265
2016-09-26,-0.005546608539677145
2016-09-27,0.0013857020631520278
2016-09-28,0.0028365066759989954
2016-09-29,-0.000647374408448087
2016-09-30,0.0033969830345792484
2016-10-03,-0.0014282958873601537
2016-10-04,0.0027374258669756735
2016-10-05,0.0028931803792702215
2016-10-06,-0.001363859268142531
2016-10-07,0.002251933931866734
2016-10-10,0.004619056398267096
2016-10-11,-0.0020009261456485072
2016-10-12,0.00020471936225319176
2016-10-13,-0.007309808856039379
2016-10-14,0.0070257518933865
2016-10-17,0.0003872751214546444
2016-10-18,0.010167863238225383
2016-10-19,-0.0019223371539162093
2016-10-20,-0.0033730553237520944
2016-10-21,-0.003787601327272405
2016-10-24,0.005689041192089794
2016-10-25,0.00026858369439786145
2016-10-26,-0.0019944823241114795
2016-10-27,0.008596990499981638
2016-10-28,-0.006078827775717555
2016-10-31,0.004880438703605883
2016-11-01,0.004022452852619152
2016-11-02,-0.0007047476976993483
2016-11-03,0.002933726566225703
2016-11-04,-0.008243447110272806
2016-11-07,0.017237027370506475
2016-11-08,-0.00046861165039624453
2016-11-09,-0.020992727483203688
2016-11-10,0.004520861592585357
2016-11-11,0.0018556746762428133
2016-11-14,0.002301315095341483
2016-11-15,0.010242314914106432
2016-11-16,-0.0019433385247987767
2016-11-17,0.0036492030324941638
2016-11-18,0.0019604515027371594
2016-11-21,0.00554910633712824
2016-11-22,0.006415869888143133
2016-11-23,-0.0030370494877624
2016-11-25,0.0025312254631548736
2016-11-28,-0.0027232244357403568
2016-11-29,-0.0006367549854998655
2016-11-30,0.0014511389009865816
2016-12-01,-0.00021409650698578364
2016-12-02,-0.003689810963834028
2016-12-05,0.005705334670076834
2016-12-06,0.004032460561290696
2016-12-07,8.95780975371796e-05
2016-12-08,0.002353704769353371
2016-12-09,0.004728372433258743
2016-12-12,-0.0041334043124998665
2016-12-13,0.004641270529067043
2016-12-14,-0.00041936278996457244
2016-12-15,0.0019344629724433737
2016-12-16,0.00516747662253203
2016-12-19,0.0012213974914574433
2016-12-20,0.005935971905891568
2016-12-21,0.0005093795924715483
2016-12-22,0.005124915551927733
2016-12-23,-0.0034037264368432796
2016-12-27,0.0037225920314614136
2016-12-28,0.004623817474911585
2016-12-29,-0.006829263177856815
2016-12-30,0.002120687594755921
2017-01-03,0.004236161636066438
2017-01-04,0.002606391472383507
2017-01-05,-0.0005372469421999204
2017-01-06,0.002740255850046225
2017-01-09,0.0007533756662350122
2017-01-10,0.001403159680720245
2017-01-11,-0.001086545997817323
2017-01-12,-0.005165872381007852
2017-01-13,0.0010596502291813081
2017-01-17,-0.004004273023417881
2017-01-18,-0.0005414524928968323
2017-01-19,0.003334041357812234
2017-01-20,0.005541750011120561
2017-01-23,-0.00156735719660539
2017-01-24,0.0025265861978378545
2017-01-25,0.008909434783437087
2017-01-26,0.004166694601999588
2017-01-27,0.004065019803771275
2017-01-30,-0.0055591959724566875
2017-01-31,-0.005036291697783302
2017-02-01,0.014638580006851365
2017-02-02,-0.002759529388954296
2017-02-03,-0.004478663103045233
2017-02-06,-0.0007530183433290816
2017-02-07,0.004588108887215725
2017-02-08,-0.00048568228985834683
2017-02-09,0.004076796742231048
2017-02-10,0.00796289039275866
2017-02-13,0.003840064293021861
2017-02-14,-0.0019532641439047316
2017-02-15,-0.0017153807861826076
2017-02-16,0.0007705872982481932
2017-02-17,-0.004187473501516381
2017-02-21,0.005185267801892657
2017-02-22,0.0017164362993344895
2017-02-23,-0.004863774104411078
2017-02-24,-0.010508882587298984
2017-02-27,-0.003252131443250983
2017-02-28,0.0029304032194046314
2017-03-01,0.01368399280840249
2017-03-02,-0.0017669449113738578
2017-03-03,-0.001850688741436568
2017-03-06,-0.005142539499309762
2017-03-07,-0.0011158797958071842
2017-03-08,0.002085400839031415
2017-03-09,-0.00029901448808533626
2017-03-10,0.006509548297263912
2017-03-13,0.003704610247522444
2017-03-14,-0.0023484628499457205
2017-03-15,0.0012511718668766214
2017-03-16,0.0031738001594914245
2017-03-17,0.002166916374372052
2017-03-20,0.002119350614221638
2017-03-21,0.002375063483488038
2017-03-22,-0.0004281070392926356
2017-03-23,-0.0011361104047576953
2017-03-24,0.012488374272516145
2017-03-27,-0.010607146801543732
2017-03-28,0.0014941651833801917
2017-03-29,-0.0001667542273002809
2017-03-30,0.0006862315105706784
2017-03-31,-0.0007295084604527213
2017-04-03,0.0027087146526338923
2017-04-04,-0.00825155044114878
2017-04-05,0.00068218417290411
2017-04-06,-0.001394310642018337
2017-04-07,-0.00014800633679612485
2017-04-10,0.002486740089372219
2017-04-11,-0.0025571734739932017
2017-04-12,-0.0014134465745234692
2017-04-13,-0.002105591222367864
2017-04-17,0.0036936424906024445
2017-04-18,-0.004273853509100256
2017-04-19,0.006258660661136783
2017-04-20,0.006097583782891602
2017-04-21,-0.0003748694237117878
2017-04-24,0.012281597132314026
2017-04-25,0.0045430371255308355
2017-04-26,-0.0005634362001857296
2017-04-27,0.004370091060056591
2017-04-28,0.008657495576218865
2017-05-01,0.003848859067922872
2017-05-02,-0.0042512791296867025
2017-05-03,-0.003376645133916112
2017-05-04,0.00011923498659971443
2017-05-05,0.0034391467971324197
2017-05-08,0.001760654390142058
2017-05-09,0.004020810823483156
2017-05-10,0.0070007145041026675
2017-05-11,-0.004868125094816267
2017-05-12,0.004781024047957327
2017-05-15,-0.0007955779665990148
2017-05-16,0.005648367013508571
2017-05-17,-0.014030853057001802
2017-05-18,0.0017152519447027892
2017-05-19,0.009782971283937014
2017-05-22,0.006487787583891347
2017-05-23,0.0032028480833936612
2017-05-24,0.00770839931552314
2017-05-25,0.005546766453540464
2017-05-26,-0.00035543116905745187
2017-05-30,0.001757534307905928
2017-05-31,0.006750270848562501
2017-06-01,0.004261246168974608
2017-06-02,0.0028992997831294165
2017-06-05,-0.0028371852969664157
2017-06-06,-0.002127293752484216
2017-06-07,0.006175707360874139
2017-06-08,0.010669064440959275
2017-06-09,0.010309232951313252
2017-06-12,-0.016954533562880014
2017-06-13,0.01881724544093899
2017-06-14,0.005752449861361253
2017-06-15,-0.020996118810964193
2017-06-16,0.00921402706958352
2017-06-19,0.016128697612464826
2017-06-20,0.007208567573569358
2017-06-21,0.008701175397036742
2017-06-22,0.0020270767429686476
2017-06-23,-0.0002479596201567791
2017-06-26,0.007383370358875485
2017-06-27,-0.004876685454510921
2017-06-28,0.009190878392439927
2017-06-29,-0.006992585264475992
2017-06-30,0.006205391704110497
2017-07-03,0.007839725167930078
2017-07-05,0.005842671823127699
2017-07-06,-0.013836094362697171
2017-07-07,0.009234834671431491
2017-07-10,0.007220610296376551
2017-07-11,-0.0007496959616899446
2017-07-12,0.011592952494807518
2017-07-13,0.001164445455245744
2017-07-14,0.0025633733772292278
2017-07-17,0.0023553609779738416
2017-07-18,-0.0032524213940869906
2017-07-19,0.004310411020624683
2017-07-20,0.003466673919490182
2017-07-21,-0.004762605339017512
2017-07-24,0.0021482992319075134
2017-07-25,-0.001564840646477439
2017-07-26,0.008591559641742519
2017-07-27,0.014707574567768944
2017-07-28,-0.009406111086419755
2017-07-31,0.0015766158183398993
2017-08-01,0.0033271538381853816
2017-08-02,0.004617050068392414
2017-08-03,0.009194395669601674
2017-08-04,0.0014977383285832424
2017-08-07,0.0033313030972619284
2017-08-08,0.0025380251492663763
2017-08-09,-0.01181916329830035
2017-08-10,-0.0065739212116454615
2017-08-11,-0.00410167421991825
2017-08-14,0.013622899922775877
2017-08-15,0.004492776656176645
2017-08-16,0.0023209338720093786
2017-08-17,-0.0033403969987781945
2017-08-18,0.0037167684420844616
2017-08-21,0.0005506491623563647
2017-08-22,0.007201008834065492
2017-08-23,-0.007511569215688629
2017-08-24,0.003522570166591743
2017-08-25,0.004026446605752243
2017-08-28,0.0028042571865769528
2017-08-29,-0.012064652384067842
2017-08-30,0.003844696929028668
2017-08-31,0.003102019503064435
2017-09-01,0.003111694648317842
2017-09-05,-0.0049306868883646215
2017-09-06,0.003678749604485887
2017-09-07,0.002532381068171663
2017-09-08,-0.00167736129330609
2017-09-11,0.010324159168217495
2017-09-12,0.004348955797064624
2017-09-13,-0.0015992867091139118
2017-09-14,-0.00427282135190199
2017-09-15,0.0020789159629046594
2017-09-18,0.006295444915379811
2017-09-19,0.0005040861025635834
2017-09-20,-0.0008559313587969131
2017-09-21,-0.0034792294833698723
2017-09-22,-0.005266069913972493
2017-09-25,-0.0055274862640948275
2017-09-26,0.011199297209156578
2017-09-27,0.011924263757188136
2017-09-28,-0.0010709598000505638
2017-09-29,0.004084169126025161
2017-10-02,0.004164022923767385
2017-10-03,-0.0009654038635698026
2017-10-04,0.00016992122489067896
2017-10-05,0.004532068031297243
2017-10-06,-0.005146315976797933
2017-10-09,0.0009487730236454883
2017-10-10,0.0095497023478468
2017-10-11,-0.0009032117880919399
2017-10-12,-0.0009355712082619316
2017-10-13,0.007134853365606597
2017-10-16,0.003748971487009145
2017-10-17,-0.0015928431762698425
2017-10-18,0.002893406051007741
2017-10-19,-0.006798470860603256
2017-10-20,0.00696601253832374
2017-10-23,0.004189100064116991
2017-10-24,0.0020312833236455496
2017-10-25,-0.002651932521699263
2017-10-26,0.0041247838676068405
2017-10-27,0.017993635263556795
2017-10-30,-0.0017410902463909084
2017-10-31,0.002183205327338733
2017-11-01,0.005479253213079849
2017-11-02,-0.003374418331906992
2017-11-03,0.007681128357110767
2017-11-06,0.00018792931827937842
2017-11-07,0.0016144751001256896
2017-11-08,-0.0005054556166996793
2017-11-09,-0.01018374087394891
2017-11-10,0.0010322835428482335
2017-11-13,-0.0055128053285177225
2017-11-14,-0.0030150571996145903
2017-11-15,-0.008596310443891197
2017-11-16,0.00911651576910244
2017-11-17,0.002575566752102132
2017-11-20,0.0016517301721172828
2017-11-21,0.007166834032213076
2017-11-22,0.0019519339851381545
2017-11-24,0.0016894115069034932
2017-11-27,-0.0005790698656708004
2017-11-28,0.0038940435194789735
2017-11-29,-0.003073036281688868
2017-11-30,0.007489329728679772
2017-12-01,-0.007948653434723396
2017-12-04,0.00905666856617171
2017-12-05,-0.006363309658422911
2017-12-06,-0.0071672557108848345
2017-12-07,0.0066626745960343126
2017-12-08,0.011362976256429125
2017-12-11,0.0018125497218159925
2017-12-12,-0.004114225913005698
2017-12-13,0.004745315442131526
2017-12-14,0.0012031239344243438
2017-12-15,0.006886537259422676
2017-12-18,0.009537113598585778
2017-12-19,-0.0009629067247645118
2017-12-20,0.009901177175584808
2017-12-21,0.0004948826460133837
2017-12-22,-0.003005009136497261
2017-12-26,-0.006711422563411729
2017-12-27,0.001374322828043173
2017-12-28,0.004179359551499173
2017-12-29,-0.0008478889226305464
2018-01-02,0.007906865535728391
2018-01-03,0.0044481389172570385
2018-01-04,0.004389208912443099
2018-01-05,0.004154982589688272
2018-01-08,0.0012913782887009617
2018-01-09,0.002248623932461058
2018-01-10,-0.0077862944041913185
2018-01-11,0.0035254208548565202
2018-01-12,-0.00422686245934345
2018-01-16,0.009115335790940593
2018-01-17,0.005197869710054315
2018-01-18,0.00021474512879260388
2018-01-19,0.005832500756410175
2018-01-22,-0.0005669743430446461
2018-01-23,0.01277757063638929
2018-01-24,0.0012892115538076787
2018-01-25,0.00951489904630054
2018-01-26,0.009990515028629687
2018-01-29,-0.001709729468635346
2018-01-30,-0.01623060004611032
2018-01-31,0.00970748993733217
2018-02-01,-0.0113336985019592
2018-02-02,0.005855971929318526
2018-02-05,-0.016380318202556143
2018-02-06,-0.020125838730358225
2018-02-07,0.0002855084371093941
2018-02-08,0.008145882421862094
2018-02-09,0.0259185528852921
2018-02-12,0.013620372335714226
2018-02-13,-0.0032356164435706214
2018-02-14,-0.006098997993643107
2018-02-15,0.011196988891782444
2018-02-16,-0.003792883664533564
2018-02-20,-0.0018242253826272758
2018-02-21,0.00950556741323294
2018-02-22,0.00734953154766993
2018-02-23,0.008876332325427727
2018-02-26,0.0076990976891426754
2018-02-27,-0.0001607296418019155
2018-02-28,0.00569195500404307
2018-03-01,0.0009933534615051975
2018-03-02,-0.016967845644640156
2018-03-05,-0.004883959849934616
2018-03-06,0.010805634011663345
2018-03-07,-0.01078660509602758
2018-03-08,0.004355746389698378
2018-03-09,0.008394872523435515
2018-03-12,0.008778046091002967
2018-03-13,0.012849569627692237
2018-03-14,0.0052146584896906045
2018-03-15,0.002185335956542467
2018-03-16,0.0050455584429771605
2018-03-19,-0.009101532286124092
2018-03-20,0.00157345059427616
2018-03-21,-9.228038788944293e-05
2018-03-22,-0.013070773882395303
2018-03-23,-0.003744700802606138
2018-03-26,0.02716525515186552
2018-03-27,0.008085313888555268
2018-03-28,-0.013328145557612414
2018-03-29,0.0014873499910290633
2018-04-02,-0.013825295079765154
2018-04-03,0.015232378103065436
2018-04-04,-0.031009105510479085
2018-04-05,0.008877805420559381
2018-04-06,-0.01848375629329191
2018-04-09,0.011665965366258524
2018-04-10,0.02521445336993544
2018-04-11,-0.00013182616056717222
2018-04-12,0.011265937949017202
2018-04-13,0.008489526236241218
2018-04-16,0.0076776335797383854
2018-04-17,0.018071095199925447
2018-04-18,-0.0008829566773205233
2018-04-19,-0.0037575595215547652
2018-04-20,0.0003092056519964359
2018-04-23,0.007008970929408331
2018-04-24,0.008988799526570723
2018-04-25,9.350361406457175e-05
2018-04-26,0.01903883937923756
2018-04-27,0.03673908218168265
2018-04-30,0.0
2018-05-01,0.0
2018-05-02,0.0
2018-05-03,-9.960938907693784e-05
2018-05-04,-0.001262308867190698
2018-05-07,0.0026865549739159
2018-05-08,-0.00030921479322232326
2018-05-09,0.0008060191897312219
2018-05-10,0.0016673249501195642
2018-05-11,-0.0034657800865599553
2018-05-14,0.0029464055022034863
2018-05-15,-0.0005082644925307189
2018-05-16,0.0017298484032812755
2018-05-17,-0.0009177271970951528
2018-05-18,-0.0001258313499201691
2018-05-21,0.006204545048388299
2018-05-22,0.0049798886616301274
2018-05-23,-0.0013930105675028503
2018-05-24,9.771057292518037e-05
2018-05-25,-0.0005306824635870067
2018-05-29,-0.0008843624927830085
2018-05-30,0.002591085324240572
2018-05-31,-0.005770872777715819
2018-06-01,0.003517471165886521
2018-06-04,0.00023888299495689047
2018-06-05,0.003687541187426202
2018-06-06,0.0003821066349800617
2018-06-07,0.002297716408981021
2018-06-08,-0.006956381281098767
2018-06-11,-0.00022123290899644932
2018-06-12,0.003198540062445021
2018-06-13,0.0008393770539614209
2018-06-14,0.0063359914402405515
2018-06-15,-0.005012935872275026
2018-06-18,-0.007746620472513288
2018-06-19,-0.012023137493690883
2018-06-20,0.008434952766556814
2018-06-21,0.010098207050197816
2018-06-22,0.005684473964184367
2018-06-25,-0.012841169863339386
2018-06-26,0.009507008557397167
2018-06-27,0.008550244997274303
2018-06-28,0.001426209821735469
2018-06-29,0.007748924155228654
2018-07-02,-0.011186191989678296
2018-07-03,0.004630036500435253
2018-07-05,0.008749219281298792
2018-07-06,-0.001205782213360207
2018-07-09,0.010002246226187506
2018-07-10,0.0012078508352753037
2018-07-11,-0.010606615890928817
2018-07-12,0.005267100225281984
2018-07-13,-0.0003083305917744861
2018-07-16,0.0031462983293437663
2018-07-17,-0.026104325742449586
2018-07-18,0.002522624119803085
2018-07-19,-0.0057492069477531604
2018-07-20,0.004465130444087695
2018-07-23,-0.004479725178450078
2018-07-24,0.009618182076556403
2018-07-25,0.0004776223772435806
2018-07-26,-0.0037094781625052198
2018-07-27,0.011778903150899467
2018-07-30,0.0010002716234673859
2018-07-31,0.0024690186893361332
2018-08-01,0.004721950536217268
2018-08-02,-0.0058939613565803795
2018-08-03,0.002304445085383078
2018-08-06,0.00036945359901952024
2018-08-07,0.0038477311712612483
2018-08-08,-0.0006342151212186398
2018-08-09,0.001132971833787133
2018-08-10,-0.0062599504999651945
2018-08-13,0.0015394239910084817
2018-08-14,0.007551914665524517
2018-08-15,-0.006129098326298377
2018-08-16,0.009882318933753798
2018-08-17,-0.004136062998933654
2018-08-20,0.0015262257632562282
2018-08-21,0.004209798297640344
2018-08-22,-0.0025011158224945707
2018-08-23,0.00129078095951618
2018-08-24,0.007669699998097856
2018-08-27,0.009373766438603104
2018-08-28,0.004704323918142794
2018-08-29,0.000616327934606975
2018-08-30,-0.0020505131613729466
2018-08-31,0.0014156295431984045
2018-09-04,0.001770937638987391
2018-09-05,0.003267280650038007
2018-09-06,-0.002723940285318305
2018-09-07,-0.0031949659755728943
2018-09-10,0.003907439361034326
2018-09-11,-0.002047323418474245
2018-09-12,-0.004486698936519762
2018-09-13,0.006097962286876424
2018-09-14,0.005932070270515455
2018-09-17,-0.005246597163534705
2018-09-18,0.003412767491119295
2018-09-19,-0.0016001347500150809
2018-09-20,0.004786653425070009
2018-09-21,-0.0015991323839243954
2018-09-24,-0.0004961002224924682
2018-09-25,0.003639592337389308
2018-09-26,-0.0016133075880895298
2018-09-27,-0.001307805115949301
2018-09-28,-0.0010733538756240169
2018-10-01,0.00044635082282784566
2018-10-02,-0.0034802421585231613
2018-10-03,0.0038905605562347123
2018-10-04,-0.005372066795619079
2018-10-05,0.0011195338356104756
2018-10-08,-0.010587203451803529
2018-10-09,-0.002424179991931674
2018-10-10,-0.005924983688103791
2018-10-11,-0.01038951945296629
2018-10-12,0.04248311282662298
2018-10-15,0.0
2018-10-16,0.0
2018-10-17,0.0
2018-10-18,-0.008292711002282904
2018-10-19,0.00902743957369756
2018-10-22,0.008055014088475199
2018-10-23,-0.028723796648415956
2018-10-24,0.00032985933917872856
2018-10-25,-0.0007798070954954106
2018-10-26,-0.045563823230789224
2018-10-29,0.013072298267957638
2018-10-30,-0.01898054033581964
2018-10-31,0.025719596702558523
2018-11-01,0.00959871499122622
2018-11-02,0.0009433365190263387
2018-11-05,-0.0011647361803157619
2018-11-06,-0.0018404105870881704
2018-11-07,0.0049089796209371706
2018-11-08,-0.0019099098962001015
2018-11-09,-0.0043833117272013
2018-11-12,-0.004618759827838215
2018-11-13,0.003008042617454354
2018-11-14,0.006358739645767608
2018-11-15,0.0015615748781765415
2018-11-16,-0.016218043275270433
2018-11-19,0.0024727309666265906
2018-11-20,0.005161205582427941
2018-11-21,-0.004061273500056695
2018-11-23,0.007461863909099531
2018-11-26,-0.012762315386098066
2018-11-27,0.004506092751257906
2018-11-28,-0.0005610086056461183
2018-11-29,0.0025019312682244
2018-11-30,-0.0017476224827571718
2018-12-03,-0.008220573740228332
2018-12-04,0.004664473380699308
2018-12-06,0.018263804130089767
2018-12-07,0.004278981467980447
2018-12-10,-0.0005214460893997463
2018-12-11,-0.008551044100246097
2018-12-12,-0.010507303502372833
2018-12-13,-0.002785510817808423
2018-12-14,0.0076452831354607564
2018-12-17,0.0032374328800641727
2018-12-18,-0.004316426791392658
2018-12-19,-0.0017092859950895711
2018-12-20,0.0026876564625828436
2018-12-21,-0.0013657989020895434
2018-12-24,0.002381058821049109
2018-12-26,-0.006969550982445671
2018-12-27,0.007170789716674175
2018-12-28,-0.003805726880724225
2018-12-31,-0.005744850798531376
2019-01-02,0.013661758348867625
2019-01-03,0.008352129286937071
2019-01-04,-0.009546816733641772
2019-01-07,0.002269694531062738
2019-01-08,-0.003848503153294769
2019-01-09,0.0003937806494429541
2019-01-10,0.004646976941855563
2019-01-11,0.003431897652599103
2019-01-14,0.004243614085389424
2019-01-15,-0.0018355603131374743
2019-01-16,-0.0009425253127388622
2019-01-17,0.0012422095714019754
2019-01-18,-0.003968367141348295
2019-01-22,0.003861466656255086
2019-01-23,-0.0017755522374975907
2019-01-24,0.0017961435027951111
2019-01-25,-0.005968707444269583
2019-01-28,-0.0073450689481566744
2019-01-29,-0.0006916771560880886
2019-01-30,-0.00027959454517845206
2019-01-31,-0.00503043732603381
2019-02-01,0.004548474578841777
2019-02-04,-0.0007080785801660827
2019-02-05,0.0001742390393431048
2019-02-06,0.002735768531829663
2019-02-07,-0.0007843117488338658
2019-02-08,-0.004904747193561043
2019-02-11,0.002668122409374085
2019-02-12,0.0025394660984781048
2019-02-13,-0.0013873269859057125
2019-02-14,-0.0023831554929423238
2019-02-15,-0.00038400504609636954
2019-02-19,-0.0009444015786046478
2019-02-20,0.001663336971898799
2019-02-21,0.0015990178142615274
2019-02-22,0.0034166298692719366
2019-02-25,0.0014752359354543998
2019-02-26,-0.0015184709861165713
2019-02-27,0.002655296077487268
2019-02-28,0.0009613183308727624
2019-03-01,-0.0007974020969969686
2019-03-04,-0.0006933308330876464
2019-03-05,-0.001005520710464114
2019-03-06,0.0002996712383827038
2019-03-07,-0.0005544598149163082
2019-03-08,-0.008713003972035782
2019-03-11,0.0025577318307981045
2019-03-12,0.00020586344880380025
2019-03-13,0.0018441970497526938
2019-03-14,0.0010007689340303383
2019-03-15,0.0007704668907728696
2019-03-18,0.0009723174494762343
2019-03-19,0.002833843548054382
2019-03-20,0.0014866017335788406
2019-03-21,-0.0016037724933549713
2019-03-22,-0.004200451880298717
2019-03-25,-0.003742477675432676
2019-03-26,0.007774823660253505
2019-03-27,0.0007061319825880652
2019-03-28,0.004793294967028183
2019-03-29,0.005249499540616265
2019-04-01,0.009041501853940703
2019-04-02,-6.386498884325409e-05
2019-04-03,0.0049467057288945515
2019-04-04,-0.00784349229728587
2019-04-05,0.0028055276657841244
2019-04-08,-0.0006583138444892223
2019-04-09,-0.004119148121612515
2019-04-10,0.0023811331123126944
2019-04-11,-0.0010301700923323054
2019-04-12,0.0021269298568267203
2019-04-15,0.00040230730183377084
2019-04-16,0.003575819949596548
2019-04-17,0.004789639181028482
2019-04-18,0.0012803543155688324
2019-04-22,-0.003172213502234178
2019-04-23,-4.091577664500079e-05
2019-04-24,0.000775646917183348
2019-04-25,0.0027490437359007913
2019-04-26,-0.003615983434018699
2019-04-29,2.910146032641947e-05
2019-04-30,6.315973602633029e-05
2019-05-01,0.0021506315039727664
2019-05-02,0.00039735926680051215
2019-05-03,0.011074576761813004
2019-05-06,-0.025147199404416343
2019-05-07,-0.008948515008017965
2019-05-08,-0.003543234819423091
2019-05-09,-0.01124711244382015
2019-05-10,-0.003329932027169469
2019-05-13,-0.028185500961306564
2019-05-14,0.007803729330933873
2019-05-15,-0.006118862840204575
2019-05-16,2.761669383111176e-05
2019-05-17,-0.010015918011179181
2019-05-20,-0.016133734338226624
2019-05-21,0.01232955220083043
2019-05-22,-0.008706824987696482
2019-05-23,-0.014166692593636676
2019-05-24,0.00802145987049907
2019-05-28,0.0062828861992929586
2019-05-29,-0.006351646282563683
2019-05-30,0.003505564011555995
2019-05-31,-0.014305318046041293
2019-06-03,0.001507682707125868
2019-06-04,0.0041076363147081185
2019-06-05,0.0034388072247353296
2019-06-06,0.0011536298753811458
2019-06-07,0.0007925278218128273
2019-06-10,0.005172265872990245
2019-06-11,0.0037046036988916953
2019-06-12,-0.0028676435195170713
2019-06-13,0.0014656381437960775
2019-06-14,-0.006592895274914801
2019-06-17,-0.0004423518062650622
2019-06-18,0.003283470736289873
2019-06-19,0.0015111622560242122
2019-06-20,0.005135765134817394
2019-06-21,-0.001559613376454938
2019-06-24,0.0010998987759855972
2019-06-25,0.00021542995594092673
2019-06-26,0.007980973949619274
2019-06-27,0.0
2019-06-28,0.0
2019-07-01,0.0
2019-07-02,-0.0016060676217142245
2019-07-03,0.0009540065158069044
2019-07-05,-0.009060345789533963
2019-07-08,-0.005446223336397771
2019-07-09,-0.004142176884206816
2019-07-10,0.006795850304545326
2019-07-11,0.003970419628406718
2019-07-12,0.0012196946573883594
2019-07-15,0.0027878164037618003
2019-07-16,-0.0018696130239406195
2019-07-17,0.0026415608362229115
2019-07-18,-0.010102981626203045
2019-07-19,0.007253641183360804
2019-07-22,0.0050306299751925465
2019-07-23,0.004759291689839351
2019-07-24,-0.0035165207270081433
2019-07-25,-0.0018876012623796345
2019-07-26,-0.0005977874124469817
2019-07-29,-0.0022719407362213895
2019-07-30,-0.007464702606886919
2019-07-31,-0.004035574227196581
2019-08-01,0.0008311717051663337
2019-08-02,-0.007141747098149409
2019-08-05,-0.022303917575946297
2019-08-06,0.011600946118007105
2019-08-07,-0.008449786477768284
2019-08-08,0.010896766037100658
2019-08-09,-0.005651822524349814
2019-08-12,-0.006815234551597826
2019-08-13,0.001042908754462113
2019-08-14,-0.020133033332744854
2019-08-15,0.003142529860492571
2019-08-16,0.01332415850195856
2019-08-19,0.017665976380156767
2019-08-20,-0.001659968955683988
2019-08-21,0.01056437883174155
2019-08-22,0.002301021945563697
2019-08-23,-0.008965188651029243
2019-08-26,0.013778415153622214
2019-08-27,0.007495215548681156
2019-08-28,-0.00418583153421781
2019-08-29,0.014114874283660761
2019-08-30,0.006203665419962867
2019-09-03,-0.008928193357711889
2019-09-04,0.011511181343051513
2019-09-05,0.014356305001335778
2019-09-06,0.0007392794736216235
2019-09-09,0.0054941580280774005
2019-09-10,-0.005633588203946216
2019-09-11,0.00016629623496267065
2019-09-12,0.007815758643672233
2019-09-13,-0.0032100356609817693
2019-09-16,-0.008349254291564745
2019-09-17,0.001231374105535643
2019-09-18,-0.001178227501294704
2019-09-19,0.002205376478757737
2019-09-20,0.0010929318867942683
2019-09-23,-0.0013517076419147234
2019-09-24,0.005911945165004928
2019-09-25,0.0006427318046315911
2019-09-26,-0.0011856754880021914
2019-09-27,-0.00021672043705600608
2019-09-30,0.004173290649447825
2019-10-01,0.005031733886586842
2019-10-02,-0.005609040870155124
2019-10-03,0.0009562665424749373
2019-10-04,0.006571445409765397
2019-10-07,-0.00244056973423179
2019-10-08,-0.006910184571063516
2019-10-09,0.009939251708264818
2019-10-10,0.0010818024808594284
2019-10-11,0.010181910447072617
2019-10-14,-0.002163279416825814
2019-10-15,0.003402568656765359
2019-10-16,-0.0063390781723488
2019-10-17,0.005120201179089623
2019-10-18,-0.0012368623866128026
2019-10-21,0.0056826842372310615
2019-10-22,0.0023049608955720835
2019-10-23,-0.0029654109404505524
2019-10-24,0.007026971773770541
2019-10-25,0.00028649448942807965
2019-10-28,0.0055077229629514335
2019-10-29,0.0004939471628426784
2019-10-30,0.0028540034299293637
2019-10-31,0.0050642577287187684
2019-11-01,0.004051531870904235
2019-11-04,0.007543031136510336
2019-11-05,0.0018346941588489596
2019-11-06,-0.000934416479819622
2019-11-07,0.00666208874860974
2019-11-08,-0.002607656632499844
2019-11-11,-0.002981769355938968
2019-11-12,0.002192044402499649
2019-11-13,-0.0012442180740135367
2019-11-14,-0.0014879193404393476
2019-11-15,0.007013982639835881
2019-11-18,-0.0005701475715358395
2019-11-19,0.0028956738693854955
2019-11-20,-0.004233462312903558
2019-11-21,-0.001462575787457343
2019-11-22,-0.002319574857469364
2019-11-25,0.008847235510650586
2019-11-26,-0.0004877705096113516
2019-11-27,0.004966769092094925
2019-11-29,-0.00329212555526448
2019-12-02,0.00024769467360319375
2019-12-03,-0.016924649180417695
2019-12-04,0.006982381921522229
2019-12-05,0.003727973808920204
2019-12-06,0.009345785754949265
2019-12-09,-0.0012836856674286468
2019-12-10,0.002608916805177941
2019-12-11,0.0019349962006227628
2019-12-12,-0.002174764804497409
2019-12-13,-0.0005830994352974406
2019-12-16,0.008124695139031246
2019-12-17,0.0015027358583614703
2019-12-18,0.001312936933304476
2019-12-19,0.0034123102703040864
2019-12-20,0.008782630642619083
2019-12-23,0.004888084915927182
2019-12-24,0.0015823116461670672
2019-12-26,0.0026326317147704614
2019-12-27,0.004612290447656875
2019-12-30,-0.0012920710371585598
2019-12-31,-0.006307932416619866
2020-01-02,0.010494909344473724
2020-01-03,-0.010674177944283825
2020-01-06,-0.010041661615233455
2020-01-07,0.0073733080337943235
2020-01-08,0.0005744859612830666
2020-01-09,0.012418811485201076
2020-01-10,0.004346283793061678
2020-01-13,0.010445566362994985
2020-01-14,0.007291354571196118
2020-01-15,-0.004084654497632623
2020-01-16,-0.005031805096472386
2020-01-17,0.001547304185206766
2020-01-21,0.006525761276078068
2020-01-22,0.016907142823223698
2020-01-23,-0.0012163105287730236
2020-01-24,0.005405245631203259
2020-01-27,-0.03228328582690376
2020-01-28,0.013309660319037242
2020-01-29,0.008018254209473996
2020-01-30,0.022828754618895664
2020-01-31,-0.005428290913934042
2020-02-03,0.007391462604415144
2020-02-04,0.06834490170068586
2020-02-05,0.0
2020-02-06,0.0
2020-02-07,0.0
2020-02-10,0.027601005737386552
2020-02-11,0.003998819057450476
2020-02-12,0.006849397908066601
2020-02-13,-0.020117563271716654
2020-02-14,-0.00598425295591265
2020-02-18,0.014888893392701164
2020-02-19,0.04366045075573233
2020-02-20,0.0
2020-02-21,0.0
2020-02-24,0.0
2020-02-25,0.017078786123544187
2020-02-26,-0.008601762784162803
2020-02-27,-0.05063288195980442
2020-02-28,-0.05747057576405035
2020-03-02,0.045474721882920344
2020-03-03,0.0
2020-03-04,0.0
2020-03-05,0.0
2020-03-06,0.0
2020-03-09,0.0
2020-03-10,0.0
2020-03-11,0.0
2020-03-12,0.0
2020-03-13,0.0
2020-03-16,0.0
2020-03-17,0.0
2020-03-18,0.0
2020-03-19,0.0
2020-03-20,0.0
2020-03-23,0.0
2020-03-24,0.0
2020-03-25,-0.0045440929811265685
2020-03-26,-0.008030978322831728
2020-03-27,0.021879551934859576
2020-03-30,-0.008290064603722391
2020-03-31,0.0018907421060878615
2020-04-01,0.026822464175008998
2020-04-02,0.0036064507730364515
2020-04-03,0.0012340611983889804
2020-04-06,-0.020193508190533227
2020-04-07,-0.027079033255048457
2020-04-08,-0.00869804060100976
2020-04-09,-0.007769893334007905
2020-04-13,0.0012641397476667038
2020-04-14,-0.010431445300901454
2020-04-15,0.00619452416755828
2020-04-16,-0.0030063227401786463
2020-04-17,-0.00695082485870635
2020-04-20,0.0018738321235916011
2020-04-21,0.005524241363477955
2020-04-22,-0.008422248328962989
2020-04-23,-0.0034220712237669204
2020-04-24,-0.001811263686587683
2020-04-27,-0.009285411478608063
2020-04-28,0.005142056143265794
2020-04-29,0.001686296075255056
2020-04-30,-0.0017646843853328376
2020-05-01,-0.007538776535901404
2020-05-04,0.0
2020-05-05,0.0
2020-05-06,0.0
2020-05-07,0.0
2020-05-08,0.0
2020-05-11,0.0
2020-05-12,0.0
2020-05-13,0.0
2020-05-14,0.0
2020-05-15,0.0
2020-05-18,0.0
2020-05-19,0.0
2020-05-20,0.0
2020-05-21,0.0
2020-05-22,0.0
2020-05-26,0.0
2020-05-27,0.0
2020-05-28,0.0
2020-05-29,0.0
2020-06-01,0.0
2020-06-02,-0.00016236993371143704
2020-06-03,0.0029059145561036726
2020-06-04,-0.0011833189070562522
2020-06-05,0.0022558794264342374
2020-06-08,0.010214486150067037
2020-06-09,-0.002839756368658297
2020-06-10,0.02549215069962174
2020-06-11,-0.02504240650287426
2020-06-12,0.024176899775010696
2020-06-15,-0.014584239197069526
2020-06-16,0.01944655168591325
2020-06-17,0.00857724735898624
2020-06-18,0.004042524790968782
2020-06-19,0.009944194046735966
2020-06-22,0.0026179076578647376
2020-06-23,0.006034557240633731
2020-06-24,-0.0009725590386308047
2020-06-25,3.993050871087256e-05
2020-06-26,0.0034651389403994592
2020-06-29,0.0023093320609357537
2020-06-30,0.0025823330233394337
2020-07-01,0.0006819816852301486
2020-07-02,0.03570469759893591
2020-07-06,0.0
2020-07-07,0.0
2020-07-08,0.0
2020-07-09,0.017370092215586386
2020-07-10,0.0016937020612328713
2020-07-13,0.043086190421663506
2020-07-14,0.0
2020-07-15,0.0
2020-07-16,0.0
2020-07-17,0.007157690725876131
2020-07-20,0.011465224162930054
2020-07-21,0.004790497041722963
2020-07-22,0.009241864052068172
2020-07-23,0.029445263964818835
2020-07-24,-0.0441371837631126
2020-07-27,0.014753931036155743
2020-07-28,-0.014227276333817707
2020-07-29,0.01651126137675729
2020-07-30,-0.006855705337988183
2020-07-31,0.034862851032526176
2020-08-03,0.0
2020-08-04,0.0
2020-08-05,0.0
2020-08-06,0.0012051251514402228
2020-08-07,0.0026225547442175756
2020-08-10,0.001063348152849919
2020-08-11,-0.014143663003646889
2020-08-12,0.03345707568465661
2020-08-13,0.0
2020-08-14,0.0
2020-08-17,0.0
2020-08-18,0.021807578940393535
2020-08-19,-0.005728149331424959
2020-08-20,-0.010058562444176022
2020-08-21,0.010601631019236946
2020-08-24,0.026125482558571278
2020-08-25,-0.011457160948061706
2020-08-26,0.011638196866209594
2020-08-27,0.008727818879149085
2020-08-28,0.017372067693958382
2020-08-31,0.002594471655823938
2020-09-01,0.01160800066143497
2020-09-02,0.026629799881314087
2020-09-03,-0.07828181785025057
2020-09-04,-0.012746106870372365
2020-09-08,-0.14295092661614028
2020-09-09,0.07299251682360475
2020-09-10,0.0
2020-09-11,0.0
2020-09-14,0.0
2020-09-15,0.04855413680304754
2020-09-16,0.0
2020-09-17,0.0
2020-09-18,0.0
2020-09-21,0.002861943484611107
2020-09-22,-0.01723187630947709
2020-09-23,-0.03021151832276603
2020-09-24,-0.035469003492864415
2020-09-25,0.01310123611134606
2020-09-28,0.04582761052082396
2020-09-29,0.0
2020-09-30,0.0
2020-10-01,0.0
2020-10-02,-0.05291300849470382
2020-10-05,0.01717806753162887
2020-10-06,-0.00011535061412759617
2020-10-07,0.01623681729395754
2020-10-08,0.024992638478350315
2020-10-09,0.003971498426565967
2020-10-12,0.026205897364684816
2020-10-13,0.005884960337663614
2020-10-14,0.005646247159294626
2020-10-15,-0.027501277487368747
2020-10-16,0.010946083875753576
2020-10-19,0.012755664908164599
2020-10-20,0.0032868095701859
2020-10-21,-0.0004594638135089202
2020-10-22,0.0212821345374703
2020-10-23,0.0008646307133914899
2020-10-26,-0.012781623805262932
2020-10-27,0.006414982421016235
2020-10-28,-0.016013980405119588
2020-10-29,0.00893760071227434
2020-10-30,-0.02373092949234723
2020-11-02,0.008884908308171457
2020-11-03,0.012073046184924108
2020-11-04,0.041294428090485
2020-11-05,0.0
2020-11-06,0.0
2020-11-09,0.0
2020-11-10,-0.0058223379665826025
2020-11-11,0.017370066843590992
2020-11-12,0.006527004796204272
2020-11-13,0.006806868028388813
2020-11-16,-0.007666373157709572
2020-11-17,0.03137845158440267
2020-11-18,0.0013803312319475847
2020-11-19,0.0008767978890467099
2020-11-20,0.0004946015888926958
2020-11-23,0.01131845557322153
2020-11-24,0.013490584925833327
2020-11-25,-0.0012529651270990483
2020-11-27,0.009753347716466187
2020-11-30,0.012515202574824746
2020-12-01,0.025826851428795372
2020-12-02,-0.022513408728694118
2020-12-03,0.018733823426930973
2020-12-04,-0.0008901313624234408
2020-12-07,0.005469723534313742
2020-12-08,-0.010288476264450619
2020-12-09,0.003216966296910373
2020-12-10,-0.026807711708647042
2020-12-11,-0.013930143779557147
2020-12-14,0.009052657750192594
2020-12-15,0.010087659539298244
2020-12-16,-0.004460697839181127
2020-12-17,0.008791575839688592
2020-12-18,0.013239232157240322
2020-12-21,-0.031636149903730426
2020-12-22,0.004633468753767689
2020-12-23,-0.007208314004616967
2020-12-24,-0.002127124764203181
2020-12-28,0.019595534952016935
2020-12-29,0.0008410480565497203
2020-12-30,0.007873461967903728
2020-12-31,0.005841796069625538
2021-01-04,0.015956963749442332
2021-01-05,-0.007043040161135883
2021-01-06,0.012819511843884301
2021-01-07,0.025688532572869516
2021-01-08,0.04057504485553798
2021-01-11,0.0
2021-01-12,0.0
2021-01-13,0.0
2021-01-14,-0.007878653985253448
2021-01-15,0.006034001118846444
2021-01-19,0.013765189557207957
2021-01-20,0.014962313751081036
2021-01-21,0.007326005930390123
2021-01-22,-0.006634519758262791
2021-01-25,0.017063265949306183
2021-01-26,0.007070945808514084
2021-01-27,-0.014710500329606413
2021-01-28,-0.02657846214559212
2021-01-29,-0.0027469048269195273
2021-02-01,0.019369702333967398
2021-02-02,0.01090606103223446
2021-02-03,0.007269707192568031
2021-02-04,0.006463608441167112
2021-02-05,0.00029571554436857994
2021-02-08,0.015620199312619043
2021-02-09,-0.0029471977041115593
2021-02-10,0.0008587181567505375
2021-02-11,0.01052770842670614
2021-02-12,-0.0053493605507530795
2021-02-16,0.005046372015102385
2021-02-17,-0.0148014034431877
2021-02-18,-0.017102426223200795
2021-02-19,0.011743074864242642
2021-02-22,-0.016010770095976734
2021-02-23,-0.03827121875839501
2021-02-24,0.0013638469783230356
2021-02-25,-0.01389298247221038
2021-02-26,0.01626771544097072
2021-03-01,0.023248643243845013
2021-03-02,0.0014229840796256
2021-03-03,0.0002456061983171498
2021-03-04,0.000357250585885982
2021-03-05,0.01062076442463411
2021-03-08,0.00016160771054352097
2021-03-09,0.0450652237007938
2021-03-10,0.0
2021-03-11,0.0
2021-03-12,0.0
2021-03-15,0.0019576995457375457
2021-03-16,0.0026965704147550174
2021-03-17,-0.0219277727916406
2021-03-18,-0.021629234982942225
2021-03-19,-0.00324654786164158
2021-03-22,0.024380507069855728
2021-03-23,0.0035057593587659586
2021-03-24,0.009224959535115484
2021-03-25,-0.01901331155348951
2021-03-26,0.0010632156226748624
2021-03-29,-0.004060008858236652
2021-03-30,-0.00855082285107256
2021-03-31,0.012892351877788366
2021-04-01,0.02600145879418103
2021-04-05,0.03570196350826271
2021-04-06,0.0
2021-04-07,0.0
2021-04-08,0.0
2021-04-09,-0.005217757910703447
2021-04-12,0.0018464939278699521
2021-04-13,0.00691360645084349
2021-04-14,0.004074915589104888
2021-04-15,0.010989522825543663
2021-04-16,-0.0045355656094391295
2021-04-19,-0.012532642910807357
2021-04-20,0.0006860874448191279
2021-04-21,-0.007523461255784181
2021-04-22,-0.0014538142949872546
2021-04-23,0.002839261350698674
2021-04-26,0.0065854640090032834
2021-04-27,-0.007952345864617238
2021-04-28,-0.0028757543641871885
2021-04-29,0.006842940815261933
2021-04-30,-0.00970155668345718
2021-05-03,-0.00018537600968338008
2021-05-04,-0.00846992459110718
2021-05-05,0.00944498980657138
2021-05-06,0.004280204245478814
2021-05-07,0.006741590973178946
2021-05-10,-0.007911144944132698
2021-05-11,-0.027513499905333583
2021-05-12,-0.01659678013698973
2021-05-13,0.011603420105538609
2021-05-14,0.012614921196499207
2021-05-17,-0.010446649099418392
2021-05-18,-0.0011043154023917534
2021-05-19,-0.02419673212921436
2021-05-20,0.00934999028803385
2021-05-21,0.009544741338132434
2021-05-24,0.005818054427095154
2021-05-25,0.004466215293519982
2021-05-26,0.004585828288870664
2021-05-27,0.00030132444176134143
2021-05-28,0.0017319599869656255
2021-06-01,0.0058899368372546945
2021-06-02,-0.0004163125895122466
2021-06-03,-0.008096286873628067
2021-06-04,0.00803456795203683
2021-06-07,-0.004484273897682023
2021-06-08,0.011000490342752522
2021-06-09,0.0031044212143400696
2021-06-10,0.002757074325895559
2021-06-11,0.0007837559821488593
2021-06-14,0.0025727872432985688
2021-06-15,-0.000989419309798234
2021-06-16,0.00011992344216338324
2021-06-17,-0.0031451258591609355
2021-06-18,-0.003311083998912112
2021-06-21,-0.0007079324420020683
2021-06-22,-0.0007959877387861969
2021-06-23,0.0042545241810119094
2021-06-24,0.011061137025653922
2021-06-25,0.003867737737648591
2021-06-28,0.004738298454306289
2021-06-29,-0.0018861503774239008
2021-06-30,-0.0012353833121830915
2021-07-01,0.00040105084876218555
2021-07-02,0.005694934821371511
2021-07-06,0.0047486316969753695
2021-07-07,0.006598384706984817
2021-07-08,-0.017149161420776937
2021-07-09,0.00021317524892405793
2021-07-12,0.0047172262314469915
2021-07-13,-0.0022363770497064728
2021-07-14,0.006464167802089804
2021-07-15,0.00040857710664088387
2021-07-16,0.0028938511440395054
2021-07-19,-0.01025979067392735
2021-07-20,0.0033977134006084597
2021-07-21,0.002621370968778569
2021-07-22,0.0019983331681203698
2021-07-23,0.005006792611792932
2021-07-26,-0.0009400715495037071
2021-07-27,-0.0012011196648983313
2021-07-28,0.007753479662518492
2021-07-29,-0.004098918100649218
2021-07-30,-0.018790540686672075
2021-08-02,0.005568503148836834
2021-08-03,0.0010130421972898151
2021-08-04,0.002257290055801109
2021-08-05,0.0006451566822640586
2021-08-06,-0.004507879651389213
2021-08-09,0.0027396549444274054
2021-08-10,0.001546556439058211
2021-08-11,0.0036666000703196033
2021-08-12,-0.002126798453549239
2021-08-13,0.0011902973600770306
2021-08-16,-0.0017540599161407489
2021-08-17,-0.005805855021229878
2021-08-18,-0.0010938148841904693
2021-08-19,-0.0028561672483138345
2021-08-20,0.0029289786381292426
2021-08-23,0.0035299113882152344
2021-08-24,0.002706784273289964
2021-08-25,0.0021106751877388863
2021-08-26,-0.0006243715228313462
2021-08-27,0.002159628298294747
2021-08-30,0.0040261059333925875
2021-08-31,0.0005817597451345247
2021-09-01,0.0020914921359729277
2021-09-02,0.003362772906693623
2021-09-03,-0.0013689699861704208
2021-09-07,0.002341209749543438
2021-09-08,0.00047683083416338867
2021-09-09,0.0005918953724062259
2021-09-10,0.0071424368989785325
2021-09-13,0.006183863862236683
2021-09-14,0.0044454379947092
2021-09-15,0.002735138655676872
2021-09-16,-0.003644050962363976
2021-09-17,-0.00158633657755336
2021-09-20,-0.02107499786460021
2021-09-21,0.0070232808166772465
2021-09-22,0.0024591480809039723
2021-09-23,0.005342978017883748
2021-09-24,-0.008331202609003108
2021-09-27,-0.008978966784821019
2021-09-28,-0.014070504122585481
2021-09-29,0.005510860100749859
2021-09-30,0.004647916887963621
2021-10-01,0.002655657726446048
2021-10-04,-0.000818419612254484
2021-10-05,0.004844832218368955
2021-10-06,-0.010406373508146438
2021-10-07,0.0090708242649018
2021-10-08,0.004376297978951671
2021-10-11,-0.00404077094508104
2021-10-12,0.005581054422932441
2021-10-13,0.006344994045918595
2021-10-14,0.011224952403602995
2021-10-15,0.0036887394734095302
2021-10-18,0.0002581491587434481
2021-10-19,0.005231415826234764
2021-10-20,0.0023156394991576956
2021-10-21,-0.0032795916028046657
2021-10-22,-0.003866917151531757
2021-10-25,0.013148760125920367
2021-10-26,0.006979924467405807
2021-10-27,0.005856632331451506
2021-10-28,0.014364445330091513
2021-10-29,-0.004144172107117483
2021-11-01,0.009462672359490165
2021-11-02,-0.014717863990064584
2021-11-03,0.0037032296441108503
2021-11-04,0.010850210579673725
2021-11-05,0.0039288562317889575
2021-11-08,-0.023124963721916192
2021-11-09,0.013438447266511222
2021-11-10,-0.0167439084485852
2021-11-11,0.02382787001554032
2021-11-12,-0.007004294610586825
2021-11-15,-0.005627798236692461
2021-11-16,-0.006843315477963796
2021-11-17,0.004933058692327741
2021-11-18,0.029571609614374994
2021-11-19,0.007395966566034806
2021-11-22,0.01634374513535186
2021-11-23,-0.0018757620681633114
2021-11-24,-0.01605158206364321
2021-11-26,-0.01108292850093373
2021-11-29,0.01872445912698506
2021-11-30,0.0016412968695176389
2021-12-01,0.014921460857094226
2021-12-02,-0.002515560897571545
2021-12-03,0.0024311148259301696
2021-12-06,-0.01330163946589169
2021-12-07,0.029926072392218117
2021-12-08,-0.002028681831422352
2021-12-09,-0.004583685641353474
2021-12-10,0.011746960841142906
2021-12-13,-0.0026439448514891106
2021-12-14,-0.018199221982776792
2021-12-15,-0.0007574620203628646
2021-12-16,0.009376075114887916
2021-12-17,-0.012821008600399253
2021-12-20,-0.017502328565893066
2021-12-21,0.016220012833183972
2021-12-22,0.005450566144892033
2021-12-23,0.002162395874996781
2021-12-27,0.004608384818631794
2021-12-28,0.009471995356471474
2021-12-29,0.002710171856599608
2021-12-30,-0.008897496153157047
2021-12-31,0.0018936366504214153
2022-01-03,0.02954500392451309
2022-01-04,-0.0007850963296065494
2022-01-05,-0.006839954766284628
2022-01-06,-0.00826472816606616
2022-01-07,0.004968446240940949
2022-01-10,-0.024401032840212
2022-01-11,-0.00279049591967917
2022-01-12,0.012259994683655462
2022-01-13,0.007325256620261511
2022-01-14,-0.008891252908669545
2022-01-18,-0.021963532763646598
2022-01-19,0.009268283777712272
2022-01-20,0.00938243926344895
2022-01-21,-0.005935654405745172
2022-01-24,-0.02919787167962229
2022-01-25,-0.022629680503992278
2022-01-26,0.0410461550777621
2022-01-27,0.0
2022-01-28,0.0
2022-01-31,0.0
2022-02-01,0.0073952360208693335
2022-02-02,0.0216836435441079
2022-02-03,-0.024024767265818592
2022-02-04,0.0007671424588613363
2022-02-07,0.0016619087230471674
2022-02-08,-0.004988322692564551
2022-02-09,0.01658371159505556
2022-02-10,-0.026696999731636306
2022-02-11,0.004306454334192633
2022-02-14,0.003022410518731533
2022-02-15,0.011097580990050204
2022-02-16,-0.005753671817080974
2022-02-17,-0.008699894292342747
2022-02-18,0.0071765497274540735
2022-02-22,-0.007298214419909521
2022-02-23,0.004576853931473002
2022-02-24,-0.025901707234475713
2022-02-25,0.0005968378572287492
2022-02-28,0.00331041408876942
2022-03-01,-0.00087434072955761
2022-03-02,0.0014060629949996795
2022-03-03,-0.0073196300228199895
2022-03-04,0.003398165017992172
2022-03-07,2.2199512975440427e-05
2022-03-08,0.0017654904463646481
2022-03-09,-0.01046591809159314
2022-03-10,0.010888210824498756
2022-03-11,-0.008062074570919009
2022-03-14,0.0042026621969424305
2022-03-15,-0.004546970209904244
2022-03-16,-0.0022460547770110084
2022-03-17,-0.0029750377796737837
2022-03-18,0.0032259563641039435
2022-03-21,0.0019325030711678792
2022-03-22,-0.0021210459609202204
2022-03-23,0.002791541218150284
2022-03-24,0.000519259011789952
2022-03-25,-0.0023169190555571983
2022-03-28,-0.0022143710886819434
2022-03-29,-0.002251175623678825
2022-03-30,0.0018959566593419463
2022-03-31,-0.0034235618680328317
2022-04-01,0.0013269388467225252
2022-04-04,0.000921679051945512
2022-04-05,0.0009047774150390264
2022-04-06,0.002376240160494758
2022-04-07,0.003021698289006558
2022-04-08,0.0004777171692902371
2022-04-11,0.001287020803650174
2022-04-12,-0.005118062162164594
2022-04-13,0.0015153906552936025
2022-04-14,0.0026873701825673724
2022-04-18,0.001043735234404819
2022-04-19,0.0007353939153875722
2022-04-20,0.0019155129457852915
2022-04-21,-0.0069867988572328565
2022-04-22,0.0007818367049092778
2022-04-25,0.0038239227797012276
2022-04-26,0.0024754769474326643
2022-04-27,-0.0026485568259768666
2022-04-28,-0.00746782326870199
2022-04-29,0.006238461629766601
2022-05-02,0.0021337913541932263
2022-05-03,-0.0006124711343321598
2022-05-04,0.008975705610209106
2022-05-05,0.012491041182476792
2022-05-06,0.007194933357518751
2022-05-09,0.017225438537592952
2022-05-10,-0.011657544998784686
2022-05-11,0.007101482064472142
2022-05-12,0.013760063731500072
2022-05-13,-0.01352952414133679
2022-05-16,0.0007969151278397479
2022-05-17,-0.004984556604886503
2022-05-18,0.013513538893994648
2022-05-19,0.006292598666030713
2022-05-20,-0.011431486263692836
2022-05-23,-0.009562285889735067
2022-05-24,0.008684578571831691
2022-05-25,0.0024650315284548974
2022-05-26,-0.00763758160552086
2022-05-27,-0.0034021581371089793
2022-05-31,0.001942584576884343
2022-06-01,-0.004449776513891557
2022-06-02,0.003154638277758526
2022-06-03,0.01516853045330091
2022-06-06,-0.013448716412252093
2022-06-07,0.010179126022793694
2022-06-08,0.0023350779575885827
2022-06-09,0.005339004790245294
2022-06-10,0.017283914238712894
2022-06-13,0.028078581607955178
2022-06-14,-0.007195119940870076
2022-06-15,-0.01085691893372609
2022-06-16,0.023221205467449213
2022-06-17,-0.001407227127644961
2022-06-21,-0.015009241086123892
2022-06-22,0.008161465749331187
2022-06-23,-0.008031600849882081
2022-06-24,-0.009393172415881779
2022-06-27,-0.004881368218213056
2022-06-28,-0.00126919799449976
2022-06-29,0.000792664954051725
2022-06-30,0.00969103669973137
2022-07-01,0.003976905133566744
2022-07-05,0.007323994171271941
2022-07-06,-0.0006979765023535922
2022-07-07,0.0019335956185768666
2022-07-08,0.0042131246784429255
2022-07-11,0.003249622201617397
2022-07-12,-0.0028049570302811633
2022-07-13,0.012412787779842782
2022-07-14,0.00856174307641755
2022-07-15,-0.006510429315130795
2022-07-18,-0.004035425990410735
2022-07-19,-0.00701046176672615
2022-07-20,-0.0027910306760253745
2022-07-21,-0.0008365530112355302
2022-07-22,0.0003876593964764474
2022-07-25,-0.0034636514135081287
2022-07-26,0.0038943926024157527
2022-07-27,-0.008463879998073187
2022-07-28,0.002155126012583164
2022-07-29,-0.00690827911055103
2022-08-01,0.006225402900061905
2022-08-02,0.0002178226332856248
2022-08-03,-0.0012995512270819187
2022-08-04,0.0027582594198365395
2022-08-05,-0.0010673334983192229
2022-08-08,0.0044064024979446614
2022-08-09,0.001126827434527966
2022-08-10,0.006506462018849968
2022-08-11,-0.00678205797747633
2022-08-12,-0.005200830259302958
2022-08-15,0.00271213438287754
2022-08-16,0.004409322976867136
2022-08-17,-8.526874550995878e-05
2022-08-18,0.001232311325155111
2022-08-19,-0.0011049495535864207
2022-08-22,0.0008597318052920855
2022-08-23,0.002779525982832265
2022-08-24,0.0010222798042909265
2022-08-25,0.0032540615464045075
2022-08-26,0.0005229503712125272
2022-08-29,0.0011574166249117557
2022-08-30,0.0015879931303943717
2022-08-31,-0.0040984122938690914
2022-09-01,6.72649193771413e-05
2022-09-02,-0.005881549882128634
2022-09-06,-0.00024049719709695605
2022-09-07,0.00017687299850965843
2022-09-08,0.004545519898289996
2022-09-09,-0.00395270097986089
2022-09-12,-0.004835644481741341
2022-09-13,0.016833629466581845
2022-09-14,-0.0026060535186214207
2022-09-15,0.004387761340408636
2022-09-16,0.008097088225743843
2022-09-19,0.005088094615615546
2022-09-20,0.005583983948126425
2022-09-21,-0.0024119667629803887
2022-09-22,0.003018400854122305
2022-09-23,0.0054342265700295656
2022-09-26,0.0016852247669585374
2022-09-27,-0.007063199978763368
2022-09-28,-0.00018848446545660646
2022-09-29,0.00884903122964853
2022-09-30,0.0019047216011522927
2022-10-03,-0.003252963542989762
2022-10-04,-0.01811475915864813
2022-10-05,0.011962765299183609
2022-10-06,0.003894594954597874
2022-10-07,0.015461587868378368
2022-10-10,-0.0008633361988964472
2022-10-11,0.005268317177348658
2022-10-12,-0.0014715633114660287
2022-10-13,0.026187844120119763
2022-10-14,-0.008323448086051344
2022-10-17,-0.0213885876933414
2022-10-18,-0.02425861645390548
2022-10-19,0.005089169149294914
2022-10-20,0.003568948979556952
2022-10-21,0.0034542001903332675
2022-10-24,-0.0009430331616846477
2022-10-25,-0.00287138457016034
2022-10-26,0.017959612511756706
2022-10-27,0.003899154087979806
2022-10-28,0.0023368790925941685
2022-10-31,0.007174119398752454
2022-11-01,-0.011329406407981968
2022-11-02,0.005664735525733766
2022-11-03,0.00702304242023799
2022-11-04,-0.009242442133030937
2022-11-07,-0.003576871209225896
2022-11-08,-0.005410993095807837
2022-11-09,0.0063298474545860905
2022-11-10,-0.02999681286708844
2022-11-11,-0.00012747528519685414
2022-11-14,0.0065584736064105975
2022-11-15,-0.021353138428211738
2022-11-16,-0.0012398978733578758
2022-11-17,0.010096187845457072
2022-11-18,-0.005629300696363582
2022-11-21,0.000984256836208619
2022-11-22,-0.0014593734936088065
2022-11-23,0.0003215306453636657
2022-11-25,0.002766109872743616
2022-11-28,0.0032487639679101843
2022-11-29,-0.00016439224583764123
2022-11-30,-0.0004164435015415746
2022-12-01,0.00039202970429763617
2022-12-02,0.010565275176460664
2022-12-05,0.004575455576614873
2022-12-06,0.0009088729102835202
2022-12-07,0.003358492271988256
2022-12-08,-0.003020702318281332
2022-12-09,0.003799115072041337
2022-12-12,-0.0008826572634518248
2022-12-13,-0.025876527859392984
2022-12-14,0.001799745707083522
2022-12-15,0.012761641288306258
2022-12-16,0.0026445414093632102
2022-12-19,-0.0005826349288557964
2022-12-20,0.0025168057393025745
2022-12-21,-0.0019226304118979964
2022-12-22,0.00835039606253174
2022-12-23,0.004423800968725633
2022-12-27,0.0026918841275553884
2022-12-28,0.0014318440948903888
2022-12-29,-0.0070537036429660915
2022-12-30,0.00716464831770014
2023-01-03,-0.005352786050783709
2023-01-04,-0.0039222333594827186
2023-01-05,0.004174994044826352
2023-01-06,-0.002942262600011736
2023-01-09,-0.006811121628108929
2023-01-10,0.0026967006758880085
2023-01-11,-0.003465092370400713
2023-01-12,-0.0005811475903982899
2023-01-13,0.007062342935127086
2023-01-17,-1.1319558775091387e-05
2023-01-18,-0.00417936944860231
2023-01-19,0.004700213469461367
2023-01-20,-0.002915038444187834
2023-01-23,-0.0020531174176680045
2023-01-24,0.004305751092472221
2023-01-25,0.011454826518593864
2023-01-26,-0.00919468937985679
2023-01-27,0.0027449302565214495
2023-01-30,0.0074548924973758535
2023-01-31,-0.00021738449303310148
2023-02-01,0.0008614295158546614
2023-02-02,-0.017633446952283194
2023-02-03,0.011329236076988325
2023-02-06,0.003750575313311799
2023-02-07,0.0012760977349350888
2023-02-08,0.003596898337212995
2023-02-09,-0.006779434200560819
2023-02-10,0.0017201029864652995
2023-02-13,-0.0014702994836756078
2023-02-14,0.002688156427982813
2023-02-15,0.00246177419166993
2023-02-16,-0.0076030723434145076
2023-02-17,-0.0034327487681925506
2023-02-21,-0.00544261858078976
2023-02-22,0.0017234846970237694
2023-02-23,0.016801432714008024
2023-02-24,0.0
2023-02-27,0.0
2023-02-28,0.0
2023-03-01,9.136188396907663e-05
2023-03-02,-0.003317027408945239
2023-03-03,0.0010169053371589243
2023-03-06,-0.00031625143778446496
2023-03-07,0.00054299628661858
2023-03-08,0.0015872445720777062
2023-03-09,-0.0002523298090005843
2023-03-10,0.0005031715659713498
2023-03-13,-0.0033368107833565697
2023-03-14,0.005984984180947617
2023-03-15,-0.004897660282283445
2023-03-16,-0.002251714930116555
2023-03-17,0.002311916315626883
2023-03-20,-0.001596149979364414
2023-03-21,0.0035540854316580273
2023-03-22,0.0015347166227173137
2023-03-23,0.007320787866313294
2023-03-24,-0.0022765231884238624
2023-03-27,0.001236869777240246
2023-03-28,-0.0007264873614996059
2023-03-29,0.0048535508018277
2023-03-30,0.0043181575674544614
2023-03-31,-0.0010051924598045714
2023-04-03,-0.002639101470479188
2023-04-04,0.0013207584957386498
2023-04-05,-0.00604419521210231
2023-04-06,-0.00556064805327261
2023-04-10,-0.005722197411674346
2023-04-11,0.0009385804540975595
2023-04-12,0.004827982330089409
2023-04-13,0.00412931065185429
2023-04-14,-0.0029591350156147334
2023-04-17,-0.001913202967510741
2023-04-18,0.007064388306712521
2023-04-19,-0.006248261334965588
2023-04-20,-0.0048991395407052
2023-04-21,-0.0021652569948421574
2023-04-24,-0.001180240538903754
2023-04-25,-0.0028671915738187614
2023-04-26,0.01183414594330845
2023-04-27,0.009324527790021131
2023-04-28,-0.0005878493732722756
2023-05-01,0.0006085046522275039
2023-05-02,-0.0011142222747444475
2023-05-03,-0.004516885593559006
2023-05-04,-1.7428204046709972e-05
2023-05-05,0.001401714179127822
2023-05-08,-0.0013458692945166328
2023-05-09,-0.003725660489380611
2023-05-10,0.006259648514929994
2023-05-11,0.0006949617856173429
2023-05-12,0.00039098642235235737
2023-05-15,0.0026589698272443396
2023-05-16,-0.002241355021098679
2023-05-17,0.00419918098734251
2023-05-18,0.0028073681156461916
2023-05-19,-0.002119206698257159
2023-05-22,-0.00233988259440987
2023-05-23,-0.0038510344698905463
2023-05-24,-0.00640365728706993
2023-05-25,0.048055470463637784
2023-05-26,0.0
2023-05-30,0.0
2023-05-31,0.0
2023-06-01,0.001643521741411913
2023-06-02,0.010168338187299009
2023-06-05,0.0010216370203275371
2023-06-06,-0.0047878382446613355
2023-06-07,0.01211175749056026
2023-06-08,0.002046653718488889
2023-06-09,0.027511651695807604
2023-06-12,0.013103879119711337
2023-06-13,0.016664187337087633
2023-06-14,0.0019423011871588791
2023-06-15,-0.01787283010003682
2023-06-16,0.015528544321694149
2023-06-20,-0.0013811670076256943
2023-06-21,-0.0022603428401488657
2023-06-22,-0.01932827952167826
2023-06-23,-0.019969397295024227
2023-06-26,-0.008514930007419985
2023-06-27,0.010094725511259783
2023-06-28,-0.011890451166992388
2023-06-29,0.0074579645274415185
2023-06-30,0.01682588693659315
2023-07-03,0.025990226665705718
2023-07-05,-0.003754867362373626
2023-07-06,-0.013602349209863807
2023-07-07,0.004385713462630836
2023-07-10,0.0041161294735625464
2023-07-11,-0.0009971674869970748
2023-07-12,0.01757920674309177
2023-07-13,0.011798887192288943
2023-07-14,0.0021510532211437283
2023-07-17,0.010529805918239044
2023-07-18,-0.00010708102999013036
2023-07-19,0.006499707443066605
2023-07-20,-0.022867782557924432
2023-07-21,0.011037742395223704
2023-07-24,-0.0019671377315482186
2023-07-25,0.00802353404966083
2023-07-26,-0.005089766371984661
2023-07-27,0.022901510516243118
2023-07-28,0.014827143635310014
2023-07-31,0.002958572176026353
2023-08-01,-0.0037382747695896557
2023-08-02,-0.013088111438473993
2023-08-03,-0.008229761789471768
2023-08-04,0.009311048591039484
2023-08-07,0.0020786715447049797
2023-08-08,-0.012490894333447078
2023-08-09,-4.239421482643557e-05
2023-08-10,0.006743330207221954
2023-08-11,-0.011520604725183459
2023-08-14,-0.010205523319596566
2023-08-15,0.0003031540271130062
2023-08-16,-0.004670582308762605
2023-08-17,0.0035464554300885798
2023-08-18,-0.01654966523066459
2023-08-21,0.014796154589711952
2023-08-22,0.01834071907703727
2023-08-23,-0.001308074335631182
2023-08-24,0.021521110276126798
2023-08-25,0.0015843189023039272
2023-08-28,0.010523818343709301
2023-08-29,-0.002307398094941404
2023-08-30,-0.0013016476091861628
2023-08-31,-0.0005850589629923242
2023-09-01,0.005774505220470516
2023-09-05,-0.0032915317550392675
2023-09-06,-0.003199510453508081
2023-09-07,-0.02469410142603312
2023-09-08,-0.0018871865108248675
2023-09-11,0.024620595011601187
2023-09-12,-0.008517108107102267
2023-09-13,0.001355608117620699
2023-09-14,0.0051151705616299115
2023-09-15,-0.0019548969360376756
2023-09-18,-0.011175398789564861
2023-09-19,-0.004358234192195498
2023-09-20,0.0026768871454077026
2023-09-21,-0.01566104666869883
2023-09-22,0.008428278394512878
2023-09-25,-0.0035591253863308525
2023-09-26,-0.010187266896130032
2023-09-27,0.0040690277660624385
2023-09-28,-0.0032628189019220377
2023-09-29,0.013996223361007809
2023-10-02,-0.003355793917566574
2023-10-03,-0.00487802111140101
2023-10-04,0.006677271967271192
2023-10-05,0.005344742125090063
2023-10-06,6.554976064632179e-05
2023-10-09,-0.001545880989041848
2023-10-10,0.012760838353735426
2023-10-11,0.007421522166050076
2023-10-12,0.000852739535144087
2023-10-13,0.00014103764508299754
2023-10-16,-0.0010787314731162123
2023-10-17,-0.010256140710931394
2023-10-18,-0.006570990355516004
2023-10-19,0.003617592673801573
2023-10-20,-0.0007289729102537557
2023-10-23,-0.0012543865746663663
2023-10-24,0.0013378228420617422
2023-10-25,-0.00178773525317244
2023-10-26,0.0003015367553613757
2023-10-27,0.004822648318207001
2023-10-30,0.0027049199491731013
2023-10-31,-0.0028227486652343536
2023-11-01,0.000576905897807789
2023-11-02,0.005174631440984401
2023-11-03,0.003258361461156767
2023-11-06,0.0014541190504768764
2023-11-07,-0.00011900167786316196
2023-11-08,0.0006949835230090073
2023-11-09,0.004386158555425235
2023-11-10,0.0033384859072684847
2023-11-13,-0.0006560261864279049
2023-11-14,0.007058490865462508
2023-11-15,0.0018987789165545443
2023-11-16,-0.0017900007329151313
2023-11-17,0.00013502259331543698
2023-11-20,0.0001723657724972405
2023-11-21,-0.0022649878913584276
2023-11-22,0.00033664506303354713
2023-11-24,-0.0011426614287212145
2023-11-27,-0.00025223556681930326
2023-11-28,-0.0008085642475960109
2023-11-29,0.0036041320409720967
2023-11-30,-0.000628148038176235
2023-12-01,-0.001895458106950354
2023-12-04,-0.012069662118291857
2023-12-05,-0.006411420670332402
2023-12-06,0.010759863790260171
2023-12-07,0.00680985252524513
2023-12-08,-0.005208147529244034
2023-12-11,-0.0015344406971856683
2023-12-12,-0.004792397406680915
2023-12-13,-0.002168416157495634
2023-12-14,0.004252854507679871
2023-12-15,0.0017205827938893137
2023-12-18,0.0030068174523336655
2023-12-19,-0.0007126284646548076
2023-12-20,-0.002821112283974969
2023-12-21,0.014136131592488388
2023-12-22,0.0034721897879026464
2023-12-26,0.004298434038608523
2023-12-27,0.004013188332597117
2023-12-28,0.004723117418170775
2023-12-29,0.0035106365737380685
2024-01-02,-0.004218056883624088
2024-01-03,-0.00806668155977297
2024-01-04,-0.001825795253292628
2024-01-05,0.0019905531841268864
2024-01-08,0.00472714606384228
2024-01-09,-0.003435742611745285
2024-01-10,0.003158682190808726
2024-01-11,0.005397871753746841
2024-01-12,0.0011825507582396977
2024-01-16,0.0030483369785931913
2024-01-17,-0.003635628937594615
2024-01-18,0.011708393512199544
2024-01-19,0.007063585095752556
2024-01-22,0.005306974195965708
2024-01-23,-0.0009476158364284393
2024-01-24,0.009882762778164356
2024-01-25,0.010560103540496302
2024-01-26,-0.008664044810639204
2024-01-29,0.0028344431839750772
2024-01-30,-0.0005479237614243182
2024-01-31,-0.015144161305972959
2024-02-01,0.006108337740337699
2024-02-02,0.017917812255276555
2024-02-05,0.007046320788414162
2024-02-06,0.002355192529389205
2024-02-07,0.004432975543959161
2024-02-08,0.0005511698317901548
2024-02-09,0.007037823852430902
2024-02-12,0.0025111130862935926
2024-02-13,-0.02568714515322046
2024-02-14,0.014193006625259574
2024-02-15,0.003042762936583454
2024-02-16,0.005779821494071413
2024-02-20,-0.008219264725391251
2024-02-21,-0.014530330923183454
2024-02-22,0.052703763466664055
2024-02-23,0.0
2024-02-26,0.0
2024-02-27,0.0
2024-02-28,-0.007840774851750276
2024-02-29,0.011923876551195312
2024-03-01,0.007187635236947321
2024-03-04,0.012192754317694732
2024-03-05,-0.0072802345803385515
2024-03-06,0.023480037458181613
2024-03-07,0.014168542608743895
2024-03-08,0.01102739535781394
2024-03-11,-0.009756258723757516
2024-03-12,0.016004010723481343
2024-03-13,-0.006301761745011958
2024-03-14,-0.0059450012362156635
2024-03-15,-0.011041526656515366
2024-03-18,0.01605511348055244
2024-03-19,-0.020169534121686872
2024-03-20,0.003963652401576034
2024-03-21,0.02375477944545823
2024-03-22,-0.005571999058530452
2024-03-25,-0.0058904335697768095
2024-03-26,0.007640729532517376
2024-03-27,0.009685248223856524
2024-03-28,-0.0005988176969433656
2024-04-01,-0.0005386578256740826
2024-04-02,-0.020928714517551517
2024-04-03,-0.0077425904261237966
2024-04-04,0.016236071844982547
2024-04-05,0.0070373776594629955
2024-04-08,0.007933057737889992
2024-04-09,0.00443413590111108
2024-04-10,-0.014720549595925614
2024-04-11,0.0033322318949031704
2024-04-12,-0.012096761493107566
2024-04-15,0.00836676956105542
2024-04-16,0.0011048061216212268
2024-04-17,0.00496672104876783
2024-04-18,0.0040752057286408405
2024-04-19,-0.00792142590605982
2024-04-22,0.011139080232416276
2024-04-23,0.008458954828114207
2024-04-24,0.010484667791647473
2024-04-25,-0.017451193756716443
2024-04-26,0.006291292807759863
2024-04-29,0.00010937950224532145
2024-04-30,-0.0038205757837259657
2024-05-01,-0.009103051308987031
2024-05-02,0.009982625082708863
2024-05-03,0.014538610862306012
2024-05-06,0.0065638899164228715
2024-05-07,-0.003602031928533367
2024-05-08,-0.008222631308616557
2024-05-09,-0.0004547318196906902
2024-05-10,0.007627861866604579
2024-05-13,0.0020839065643194488
2024-05-14,-0.004712421275690271
2024-05-15,0.007618741705466059
2024-05-16,0.0006303128187739038
2024-05-17,0.003159107103272385
2024-05-20,0.004510526932352876
2024-05-21,-0.006794282638135418
2024-05-22,0.002574939094762696
2024-05-23,0.026024340897897735
2024-05-24,0.0
2024-05-28,0.0
2024-05-29,0.0
2024-05-30,-0.00043093873311794706
2024-05-31,0.005957172236018771
2024-06-03,0.01638267933383042
2024-06-04,0.0009568611260259985
2024-06-05,0.01104285545252992
2024-06-06,0.004379377433462395
2024-06-07,-0.0030754036735968215
2024-06-10,-0.0040017124319827735
2024-06-11,-0.0015353106815526596
2024-06-12,0.012198801866779352
2024-06-13,0.01459737823644014
2024-06-14,-0.0012276347968537271
2024-06-17,0.0037509524131595917
2024-06-18,0.0003459969542096708
2024-06-20,0.01321520506895335
2024-06-21,-0.012231194084996955
2024-06-24,-0.011746541488566464
2024-06-25,0.011592981904436694
2024-06-26,-0.000610934097412863
2024-06-27,-0.006716484645945098
2024-06-28,0.002348359886488849
2024-07-01,0.0008532626897104212
2024-07-02,-0.011620062654885799
2024-07-03,-0.003035241033106706
2024-07-05,-7.420542958547216e-06
2024-07-08,0.005656906101032977
2024-07-09,0.006912153843086077
2024-07-10,0.00917064066432527
2024-07-11,0.0018836279353784402
2024-07-12,0.002102263632600687
2024-07-15,0.0083382389197173
2024-07-16,0.002913823447727504
2024-07-17,-0.0265540659217669
2024-07-18,0.015067902779589915
2024-07-19,-0.0032426344291829334
2024-07-22,0.013143070919671151
2024-07-23,-0.0020768898454539553
2024-07-24,-0.014479545907558733
2024-07-25,-0.002529248906454895
2024-07-26,0.014497432151149736
2024-07-29,0.005182018742950989
2024-07-30,0.0022131095739337248
2024-07-31,0.0312550359314292
2024-08-01,0.0
2024-08-02,0.0
2024-08-05,0.0
2024-08-06,0.010584111507378147
2024-08-07,0.017329835876420008
2024-08-08,0.018709549232448275
2024-08-09,-0.0018569975359444824
2024-08-12,0.0031350046659430753
2024-08-13,0.012490620259198781
2024-08-14,0.006573348312422622
2024-08-15,0.011483727826057555
2024-08-16,-0.005496645701543734
2024-08-19,0.0003520423323273292
2024-08-20,-0.0026545590066402447
2024-08-21,0.0017046145668728752
2024-08-22,0.006128836208184163
2024-08-23,0.01030991169003892
2024-08-26,-0.0025834238634212525
2024-08-27,-0.005276206751271162
2024-08-28,-0.0005753304828431949
2024-08-29,-0.0019739597951210497
2024-08-30,0.009601091592805755
2024-09-03,-0.009738417441022329
2024-09-04,-0.008052683263375715
2024-09-05,-0.002343683373698058
2024-09-06,0.0019486108584370054
2024-09-09,0.010503164415456512
2024-09-10,0.004960110810717566
2024-09-11,0.002746047267055518
2024-09-12,-0.0017114902991928194
2024-09-13,0.00036813730049645166
2024-09-16,-0.008400482548062804
2024-09-17,0.006071492638696885
2024-09-18,0.0021555566339375165
2024-09-19,0.019235806677249334
2024-09-20,-0.002887351849520048
2024-09-23,0.003810370208948477
2024-09-24,0.0041590561430597806
2024-09-25,-0.0002420440958876835
2024-09-26,0.015387289451473496
2024-09-27,0.002165097330209642
2024-09-30,-0.007463045779301347
2024-10-01,7.623766779829566e-05
2024-10-02,-0.0012473045028636998
2024-10-03,0.003136582564623236
2024-10-04,0.0056826475521361
2024-10-07,-0.00025068434309538645
2024-10-08,0.004079753741619507
2024-10-09,0.0016929401868963634
2024-10-10,-0.0018964595012342933
2024-10-11,-0.0017972482871163598
2024-10-14,0.0040634853966625695
2024-10-15,-0.0005500775474954755
2024-10-16,0.004960160824363902
2024-10-17,0.007663693368555657
2024-10-18,0.00342067004658686
2024-10-21,5.0956095907883636e-05
2024-10-22,-0.0020085000157550326
2024-10-23,-0.0035692142186224407
2024-10-24,0.0033345746309305646
2024-10-25,0.0018555532929713792
2024-10-28,0.003386526765650988
2024-10-29,0.0008369105440770852
2024-10-30,-0.0068358809703873424
2024-10-31,-0.002773981451470897
2024-11-01,0.0029690502951063014
2024-11-04,-0.001284192064715195
2024-11-05,0.007888265851350162
2024-11-06,0.026133309025956786
2024-11-07,0.0
2024-11-08,0.0
2024-11-11,0.0
2024-11-12,-0.002696145050901211
2024-11-13,0.005557519115306553
2024-11-14,0.0024632977930179045
2024-11-15,-0.005134569910111186
2024-11-18,0.01066615682346983
2024-11-19,-0.002761358104596101
2024-11-20,0.003860884209335058
2024-11-21,0.015585831659549632
2024-11-22,0.0010958281838497896
2024-11-25,0.01190085342487901
2024-11-26,0.00020290952887225266
2024-11-27,0.004572717355681322
2024-11-29,0.007021478162646533
2024-12-02,0.006896840012326377
2024-12-03,-0.0026979813157923527
2024-12-04,0.004832902230186953
2024-12-05,0.006487877867766612
2024-12-06,0.0011867804836489526
2024-12-09,-0.004589442848216607
2024-12-10,0.0021091940358100025
2024-12-11,0.005519969296088334
2024-12-12,-0.002304169918659893
2024-12-13,0.007789275103658122
2024-12-16,0.003922819691495993
2024-12-17,-0.003847096340446332
2024-12-18,0.00389911667853049
2024-12-19,0.005765869795757661
2024-12-20,-0.00242089842163562
2024-12-23,0.002163368670209831
2024-12-24,0.004280479145710725
2024-12-26,-0.001953328796310827
2024-12-27,-0.0014543851245445438
2024-12-30,-0.005924725268672049
2024-12-31,0.0024136094792699403
2025-01-02,0.004440497475925342
2025-01-03,0.002930683248520527
2025-01-06,0.00816383026281442
2025-01-07,0.003447468916297325
2025-01-08,0.0012767135966818
2025-01-10,-0.0038718709174953014
2025-01-13,-0.010077618180177605
2025-01-14,0.0055495248346171255
2025-01-15,0.005578214133546089
2025-01-16,0.0043318645665966216
2025-01-17,0.007483905899506205
2025-01-21,0.0024580407262253523
2025-01-22,0.004800371046302043
2025-01-23,-0.004307958398284462
2025-01-24,0.002638496614033148
2025-01-27,-0.02578581980198924
2025-01-28,0.004093369007220682
2025-01-29,-0.0014768489536112206
2025-01-30,0.0026920586118293066
2025-01-31,-0.00027590123967791147
2025-02-03,-0.012178958870344259
2025-02-04,-0.00021351406778491455
2025-02-05,0.004378390446406311
2025-02-06,0.0039301885491727084
2025-02-07,0.0022265941252204158
2025-02-10,0.001817834715709843
2025-02-11,-0.002721088874927502
2025-02-12,-0.006383936445439997
2025-02-13,0.0005853263762638505
2025-02-14,0.0017906072435509568
2025-02-18,0.003769823021714913
2025-02-19,0.0002218547700407747
2025-02-20,0.0013918329721851475
2025-02-21,0.0006550554066679926
2025-02-24,0.003798956319688962
2025-02-25,-0.001734435749541241
2025-02-26,0.0061342027433364255
2025-02-27,0.006080297921923883
2025-02-28,-0.003103755380483908
2025-03-03,0.0021511568550180993
2025-03-04,-0.005292033499119886
2025-03-05,0.0029480289447787467
2025-03-06,-0.009082717859975276
2025-03-07,0.00151892804759024
2025-03-10,-0.007260518268579208
2025-03-11,0.0013499813350694723
2025-03-12,0.009824332732867092
2025-03-13,0.0
2025-03-14,0.0
2025-03-17,0.0
2025-03-18,-0.004263560391360333
2025-03-19,0.003601068933223761
2025-03-20,-0.0029292949226630283
2025-03-21,-0.004724111817374754
2025-03-24,0.0061261621486063955
2025-03-25,-0.00170385452991062
2025-03-26,-0.0039726773006177885
2025-03-27,-0.005633342471692782
2025-03-28,-0.0008911875214675513
2025-03-31,0.004292865905397347
2025-04-01,0.0039631365279064745
2025-04-02,0.0068649131305762445
2025-04-03,0.021802753457899726
2025-04-04,0.019508211465631087
2025-04-07,0.01818409335919391
2025-04-08,-0.017979966866721542
2025-04-09,0.0010761034856103802
2025-04-10,0.020303379349901673
2025-04-11,0.003454568283702386
2025-04-14,-0.012109264786859697
2025-04-15,-0.0019464046545796254
2025-04-16,0.017826829489140605
2025-04-17,-0.005137548345840792
2025-04-21,0.0074148003074274715
2025-04-22,-0.006965190883154171
2025-04-23,-0.014066860073089216
2025-04-24,-0.004278492508422271
2025-04-25,0.0009168431393480336
2025-04-28,-0.0005687078850540317
2025-04-29,0.002408877755025296
2025-04-30,0.0059512448810430385
2025-05-01,-0.005014279023394019
2025-05-02,-0.009696782196330633
2025-05-05,0.007759489140390707
2025-05-06,0.011942374095256447
2025-05-07,-0.0009518351856405705
2025-05-08,-0.005351961430636654
2025-05-09,-0.0020821697982216225
2025-05-12,-0.024415486490337313
2025-05-13,-0.0023696478711235924
2025-05-14,-0.0019867772900254987
2025-05-15,0.00379108695421726
2025-05-16,0.00035436737809257934
2025-05-19,0.007329938261614988
2025-05-20,0.002490291004988876
2025-05-21,0.004981569495207561
2025-05-22,-1.815039575159272e-05
2025-05-23,0.00977336475303936
2025-05-27,-0.00707614899607667
2025-05-28,0.0005610996954368286
2025-05-29,0.00916402334215971
2025-05-30,0.0
2025-06-02,0.0
2025-06-03,0.0
2025-06-04,0.0011042461244437085
2025-06-05,-0.0021888692909243224
2025-06-06,0.013450711186470121
2025-06-09,-0.002641803543731669
2025-06-10,0.003428080132930278
2025-06-11,0.006177332763865451
2025-06-12,-0.003950734026754055
2025-06-13,-0.009748870862761438
2025-06-16,0.007838465705271025
2025-06-17,-0.0033534537420967236
2025-06-18,0.0010221559810337233
2025-06-20,0.005580047451261505
2025-06-23,0.001827845981520193
2025-06-24,0.008666874628283416
2025-06-25,0.00413090161194285
2025-06-26,0.002098664782134607
2025-06-27,0.000700457336700433
2025-06-30,0.0038141029917448943
2025-07-01,-0.013506437860220322
2025-07-02,-0.000833263258464223
2025-07-03,0.003566693935912024
2025-07-07,-0.002344036633077806
2025-07-08,0.002612262576697777
2025-07-09,0.00217506145106805
2025-07-10,0.002876347319315853
2025-07-11,-0.0016088064249625278
2025-07-14,-0.00025119396610273625
2025-07-15,0.008590504636831975
2025-07-16,0.00012819490139848178
2025-07-17,0.0006022521428721284
2025-07-18,0.0015422769319497487
2025-07-21,0.001004752523856789
2025-07-22,-0.0003219641468737988
2025-07-23,0.0020113805158694653
2025-07-24,0.002911115530552344
2025-07-25,-0.0010305742312489707
2025-07-28,0.0029706687534933884
2025-07-29,0.0028597095462816746
2025-07-30,0.001196572904812232
2025-07-31,0.008343981018145152
2025-08-01,-0.007615133330106882
2025-08-04,0.005555779105157033
2025-08-05,0.003252435537037357
2025-08-06,-0.0031003070917278164
2025-08-07,0.0047139808419038864
2025-08-08,0.0021340071887276935
2025-08-11,-5.708240869306547e-05
2025-08-12,0.0031592815417449405
2025-08-13,0.003048524705814959
2025-08-14,-0.0038661627570586443
2025-08-15,-1.737864240713982e-05
2025-08-18,-0.002074694819172329
2025-08-19,-0.0015968760266775739
2025-08-20,-0.002849718224738118
2025-08-21,-0.0010445398494746128
2025-08-22,-0.001618279430812164
2025-08-25,-0.002107770936341291
2025-08-26,0.0007004264867964682
2025-08-27,-2.1243573038454144e-06
2025-08-28,0.0006272496134362981
2025-08-29,-0.003483506813364179
2025-09-02,-0.011162399323887628
2025-09-03,0.005223787666258639
2025-09-04,0.0007204438260122181
2025-09-05,0.004817934831694348
2025-09-08,0.0038809907101631236
2025-09-09,0.002695785320585564
2025-09-10,0.009927031444658452
2025-09-11,0.004389038481995344
2025-09-12,0.0030119112775703893
2025-09-15,0.007821713226877414
2025-09-16,0.001631560933488263
2025-09-17,-0.004229845703961788
2025-09-18,0.00901829352297523
2025-09-19,0.0020561376796819353
2025-09-22,-0.00031672275894090163
2025-09-23,0.002435123088758928
2025-09-24,0.004314224000965483
2025-09-25,-0.00965443920916953
2025-09-26,0.0034866351162707865
2025-09-29,0.005669550144547841
2025-09-30,-0.0012821707971575336
2025-10-01,-0.004234693460284822
2025-10-02,0.011293981908364614
2025-10-03,0.0034589070002393196
2025-10-06,0.017980417107387847
2025-10-07,0.0009174651031993442
2025-10-08,0.00372333529198432
2025-10-09,-0.0016310132931431909
2025-10-10,0.001383058195830733
2025-10-13,0.018430628840254704
2025-10-14,-0.012567442775981763
2025-10-15,0.012610360433577661
2025-10-16,0.004029403479745675
2025-10-17,-0.004835868151469969
2025-10-20,0.006981348732448378
2025-10-21,-0.000858306076751858
2025-10-22,-0.0013987620277469137
2025-10-23,-0.005915549900826433
2025-10-24,0.008147044184064978
2025-10-27,0.012975438214464674
2025-10-28,0.0030823572767681995
2025-10-29,0.008955096702547571
2025-10-30,-0.008711435127140565
2025-10-31,0.01569623274240617
2025-11-03,0.009802124119564493
2025-11-04,-0.019070690139823987
2025-11-05,0.0013135172050848798
2025-11-06,-0.00021521811337132934
2025-11-07,-0.008649397082987287
2025-11-10,0.01813542831214887
2025-11-11,-0.0074914094407602105
2025-11-12,0.007864117470316456
2025-11-13,-0.008042085914487407
2025-11-14,-0.017359899373506238
2025-11-17,-0.006224314237996076
2025-11-18,-0.008629834173243478
2025-11-19,0.004274148982343018
2025-11-20,0.022961268793454392
2025-11-21,0.004843351125666917
2025-11-24,0.011204353761702368
2025-11-25,-0.007923381127550089
2025-11-26,0.008283525316404639
2025-11-28,0.0027890243875901
2025-12-01,-0.009228612547991344
2025-12-02,0.0041614168714994015
2025-12-03,-0.0012912623137627532
2025-12-04,0.005342317682984321
2025-12-05,0.002862871816877721
2025-12-08,-0.0003773358301029095
2025-12-09,-0.0022332300963188167
2025-12-10,-0.000576625378467921
2025-12-11,-0.007187972742698889
2025-12-12,-0.00365070736476647
2025-12-15,0.009007842191387727
2025-12-16,-0.0036785374361781864
2025-12-17,0.0003490575153128894
2025-12-18,0.01678862530706149
2025-12-19,0.005453874265551439
2025-12-22,0.010422800026369972
2025-12-23,-0.0013255421244630083
2025-12-24,-0.0003724144623151737
2025-12-26,0.0015179507708107387
2025-12-29,-0.00663445818623154
2025-12-30,0.00021427347741487246
2025-12-31,0.001668456481087377
2026-01-02,0.009956477075683923
2026-01-05,0.01028518172089643
2026-01-06,0.0015088974509771536
2026-01-07,0.00016311685655523434
2026-01-08,3.6208343363819395e-05
2026-01-09,0.0021968003032504235
2026-01-12,-0.004950337496094859
2026-01-13,0.0015820548632072828
2026-01-14,-0.004994842697061852
2026-01-15,0.009408324083417074
2026-01-16,0.006039190198354083
2026-01-20,-0.01118650415664968
2026-01-21,0.0040600774778174475
2026-01-22,0.00722199129642398
2026-01-23,-0.0012356440370516752
2026-01-26,-0.0018230123442245505
2026-01-27,0.005909331724971656
2026-01-28,0.006449998666040235
2026-01-29,-0.0007919458048051276
2026-01-30,-0.00125492546463557
2026-02-02,-0.0058461528413898955
2026-02-03,0.0068588686154464895
2026-02-04,-0.004274267830105316
2026-02-05,-0.008712098347641417
2026-02-06,0.004138796007815637
2026-02-09,-0.004769321401187354
2026-02-10,0.0002823630223458551
2026-02-11,0.010100348426207661
2026-02-12,0.004277445275232328
2026-02-13,-0.0016418386409143837
2026-02-17,-0.007004347539331657
2026-02-18,0.0021140384781037636
2026-02-19,-0.005254606205354229
2026-02-20,-0.004137210901831945
2026-02-23,-0.00222208969831561
2026-02-24,0.00298102659752586
2026-02-25,0.00546887447042721
2026-02-26,-0.002793657016994411
2026-02-27,-0.010499258329966787
2026-03-02,-0.012725785197382877
2026-03-03,-0.017942021066309155
2026-03-04,0.005946492845270601
2026-03-05,-0.004339231751087302
2026-03-06,-0.013207301034569352
2026-03-09,-0.007515571337730287
2026-03-10,0.001148477053996011
2026-03-11,0.0029726735407931137
2026-03-12,-0.006224990874711955
2026-03-13,0.005146158113836785
2026-03-16,0.009373774347424924
2026-03-17,0.0037051421011309316
2026-03-18,-0.000500820608487218
2026-03-19,-0.01095608317159058
2026-03-20,-0.0012785683520766256
2026-03-23,0.011052362148429085
2026-03-24,-0.00484550100527481
2026-03-25,0.005840789770212629
2026-03-26,-0.008236890198822677
2026-03-27,-0.0027913412379821922
2026-03-30,0.005318453366060849
2026-03-31,0.007758854212900346
2026-04-01,0.007521340646136965
2026-04-02,0.0015940267979814848
2026-04-06,0.00045382670808202796
2026-04-07,0.0027367197435514967
2026-04-08,-0.0054224443115560295
2026-04-09,0.0005202528565322329
2026-04-10,-0.002122024111598897
2026-04-13,0.0025731577510834658
2026-04-14,0.0048441692931744385
2026-04-15,-0.001450151405621103
2026-04-16,-0.0006384228745327514
2026-04-17,0.0075365821226445195
2026-04-20,-4.132801897327454e-05
2026-04-21,0.002851703371527403
2026-04-22,0.008264417987253747
2026-04-23,0.00041879168155434243
2026-04-24,0.015877746846771235
2026-04-27,0.0014221409196912838
2026-04-28,-0.01606898428193082
2026-04-29,0.004903964435206243
2026-04-30,0.00990849845036168
2026-05-01,-0.0005124859591926212
2026-05-04,0.00285258034661684
2026-05-05,0.011899024372054257
2026-05-06,0.017192984237253572
2026-05-07,-0.0036913756867447134
2026-05-08,0.01079214231243597
2026-05-11,0.0074295625677034405
2026-05-12,-0.011105364391193029
2026-05-13,0.01352757333901633
2026-05-14,-0.004369277992850584
2026-05-15,-0.021076457563817597
2026-05-18,0.011014564613609945
2026-05-19,-0.010345150096996436
2026-05-20,0.014573793622110198
2026-05-21,-0.0028229074513670405
2026-05-22,0.005649120690683684
2026-05-26,0.02098566774484345
2026-05-27,0.011815543658883598
2026-05-28,0.0007573840920629404
2026-05-29,0.0083789620028476
2026-06-01,0.001466857312357961
2026-06-02,0.005805891781639261
2026-06-03,0.007987938215540336
2026-06-04,-0.029847450023985256
2026-06-05,-0.02548574886815469
2026-06-08,0.0344065629513044
2026-06-09,0.0
2026-06-10,0.0
2026-06-11,0.0
2026-06-12,-0.0040372854132558755
2026-06-15,0.03369582046157915
2026-06-16,0.0
2026-06-17,0.0
2026-06-18,0.0
2026-06-22,0.0126830759622103
2026-06-23,-0.05582543909960891
2026-06-24,0.007013461915525099
2026-06-25,0.04951043557401369
2026-06-26,0.0
2026-06-29,0.0
2026-06-30,0.0
2026-07-01,-0.026544983869919436
2026-07-02,0.0011005174032885368
2026-07-06,0.0152549741706145
2026-07-07,-0.02870774083020311
2026-07-08,-0.011559036435136338
2026-07-09,0.02674145608263534
2026-07-10,0.0
2026-07-13,0.0
2026-07-14,0.0
2026-07-15,0.0038260763219755134
2026-07-16,-0.014245896109421508
2026-07-17,-0.01947540054292396
2026-07-20,0.013984564450604475
2026-07-21,0.02452106581672564
2026-07-22,0.0
2026-07-23,0.0
2026-07-24,0.0
2026-07-27,0.006302772909574372
2026-07-28,-0.01745030219353305
2026-07-29,-8.817627475676826e-05
2026-07-30,0.020895677560482273
2026-07-31,0.0
2026-08-03,0.0
2026-08-04,0.0
2026-08-05,-0.0016296961805105648
2026-08-06,-0.01087337693977286
2026-08-07,0.010684425306138445
2026-08-10,-0.0027924350550976307
2026-08-11,0.005491989727385516
2026-08-12,0.014232695156412234
2026-08-13,0.001167966910530227
2026-08-14,0.003555263680480314
