index,return
2000-01-03,0.0
2000-01-04,0.0
2000-01-05,0.0
2000-01-06,0.02256321922346327
2000-01-07,-0.03174407314285521
2000-01-10,0.03812439168452486
2000-01-11,-0.005413492655268581
2000-01-12,-0.0019039684942425694
2000-01-13,0.016480464752825608
2000-01-14,-0.00818756723324432
2000-01-18,0.0033739604571896287
2000-01-19,0.01442311325522283
2000-01-20,0.08121740150145573
2000-01-21,0.0
2000-01-24,0.0
2000-01-25,0.0
2000-01-26,-0.04553402678810803
2000-01-27,0.023895565760451598
2000-01-28,-0.013102705409212545
2000-01-31,0.015653394550035227
2000-02-01,0.009624792358510659
2000-02-02,0.011881101329170862
2000-02-03,0.012858885546139565
2000-02-04,0.003406774338694074
2000-02-07,0.0013176544150699243
2000-02-08,-0.0026333615387100773
2000-02-09,0.0018496341625824364
2000-02-10,0.012059053552338383
2000-02-11,-0.0011812570045435233
2000-02-14,-0.033174089746972446
2000-02-15,0.024176070996226207
2000-02-16,0.02158742204370445
2000-02-17,0.007264498443629863
2000-02-18,-0.004770303313244573
2000-02-22,-0.021231598798237328
2000-02-23,0.0021088917261204987
2000-02-24,0.013204096397606557
2000-02-25,0.003828824780170992
2000-02-28,0.0032493139408806826
2000-02-29,0.02369160624527966
2000-03-01,0.054840515916708465
2000-03-02,0.0
2000-03-03,0.0
2000-03-06,0.0
2000-03-07,0.0
2000-03-08,0.0
2000-03-09,0.0
2000-03-10,0.0
2000-03-13,0.0
2000-03-14,0.0
2000-03-15,0.0
2000-03-16,0.0
2000-03-17,0.0
2000-03-20,0.0
2000-03-21,0.0
2000-03-22,0.0
2000-03-23,0.0
2000-03-24,0.0
2000-03-27,0.0
2000-03-28,0.0
2000-03-29,0.0
2000-03-30,0.0
2000-03-31,0.0
2000-04-03,0.0
2000-04-04,0.0454918876133783
2000-04-05,0.0
2000-04-06,0.0
2000-04-07,0.0
2000-04-10,0.016185269297525506
2000-04-11,-0.03827951230354765
2000-04-12,0.0004982063667846592
2000-04-13,0.025752865286808646
2000-04-14,-0.05264237353573509
2000-04-17,-0.07124644674217129
2000-04-18,-0.0012611733700493843
2000-04-19,0.006459654517310565
2000-04-20,0.011085007066131247
2000-04-24,-0.06366902130962682
2000-04-25,0.046447728283474765
2000-04-26,0.0
2000-04-27,0.0
2000-04-28,0.0
2000-05-01,0.024761809969020554
2000-05-02,0.0012340292807933029
2000-05-03,0.004300218945086032
2000-05-04,0.006820985588819939
2000-05-05,0.0013915214292383737
2000-05-08,-0.005627229165757419
2000-05-09,0.006055513604812601
2000-05-10,-0.008879220913000085
2000-05-11,0.028352291687478992
2000-05-12,0.010092715251503792
2000-05-15,-0.0007540233907837868
2000-05-16,0.03097322394116886
2000-05-17,0.02799075610877866
2000-05-18,0.0059320798082374004
2000-05-19,-0.0039017780189114504
2000-05-22,4.3704308100966927e-05
2000-05-23,0.014087999028726594
2000-05-24,0.003424637281917331
2000-05-25,0.051205443992857536
2000-05-26,0.0
2000-05-30,0.0
2000-05-31,0.0
2000-06-01,0.03412647412561576
2000-06-02,0.10486983849734566
2000-06-05,0.0
2000-06-06,0.0
2000-06-07,0.0
2000-06-08,0.029806143314303757
2000-06-09,0.016506251021707996
2000-06-12,0.011731427844039688
2000-06-13,-0.014929176895547736
2000-06-14,0.01278986862446918
2000-06-15,-0.0062766744541673525
2000-06-16,0.004783594342314679
2000-06-19,0.00464153921317223
2000-06-20,0.0026044082226357457
2000-06-21,-0.016585992748067047
2000-06-22,0.016594756995151005
2000-06-23,-0.01099157167707332
2000-06-26,0.013129158466134383
2000-06-27,0.007521005153326987
2000-06-28,0.01696328648433032
2000-06-29,-0.023164294404151464
2000-06-30,0.0109165892607328
2000-07-03,0.02646519218904131
2000-07-05,-0.03815833876289976
2000-07-06,-0.0024065414971836674
2000-07-07,0.003299229328586506
2000-07-10,-0.002823901589966926
2000-07-11,-0.0030698117175440576
2000-07-12,0.03328681574500014
2000-07-13,0.030423966995603235
2000-07-14,0.029428600385468462
2000-07-17,0.007052428536995059
2000-07-18,-0.028711636299824095
2000-07-19,-0.013948502458129397
2000-07-20,-0.0036276177737067927
2000-07-21,-0.04031242275413238
2000-07-24,0.01383985141842592
2000-07-25,0.016772968352005035
2000-07-26,-0.02585111231580739
2000-07-27,-0.02976890875352778
2000-07-28,0.008638187696492272
2000-07-31,0.03539419882324446
2000-08-01,0.0
2000-08-02,0.0
2000-08-03,0.0
2000-08-04,0.02456502341929867
2000-08-07,-0.00734873163041605
2000-08-08,0.005128195036504746
2000-08-09,0.038794156409945435
2000-08-10,-0.03434072807543542
2000-08-11,-0.006337282819352419
2000-08-14,0.03776317129882556
2000-08-15,0.01589928137785268
2000-08-16,0.021428974972989234
2000-08-17,-0.024631370186162016
2000-08-18,0.025331123122796395
2000-08-21,0.010161065641485889
2000-08-22,-0.004304126419707566
2000-08-23,0.0029271131298107544
2000-08-24,0.011520030812501858
2000-08-25,-0.0064120126087710005
2000-08-28,0.009189523562169954
2000-08-29,0.00025686379792855263
2000-08-30,-0.006429280143870897
2000-08-31,0.0009426121523095077
2000-09-01,0.023619263930366063
2000-09-05,0.000392461178519099
2000-09-06,-0.06918711307147407
2000-09-07,0.011777125856356374
2000-09-08,-0.02155406667429327
2000-09-11,-0.02333930298743958
2000-09-12,0.0026202631717846536
2000-09-13,-0.016575107332755468
2000-09-14,0.02396520849369299
2000-09-15,-0.01866576007889109
2000-09-18,0.02075405638739336
2000-09-19,0.014528048018696005
2000-09-20,-0.005302143874638565
2000-09-21,-0.014193893388932288
2000-09-22,-0.0339893342232116
2000-09-25,0.015819599655528815
2000-09-26,0.009242402706327368
2000-09-27,0.02416115221993609
2000-09-28,-0.014566483604332103
2000-09-29,-0.024459685394584207
2000-10-02,0.0026461370756907243
2000-10-03,0.03669070934737406
2000-10-04,0.0
2000-10-05,0.0
2000-10-06,0.0
2000-10-09,0.011845695695829273
2000-10-10,-0.028912318253023317
2000-10-11,-0.033708023605595994
2000-10-12,0.044538670255071855
2000-10-13,0.0
2000-10-16,0.0
2000-10-17,0.0
2000-10-18,-0.008777243618799058
2000-10-19,0.11493644275256032
2000-10-20,0.0
2000-10-23,0.0
2000-10-24,0.0
2000-10-25,-0.03613338323739845
2000-10-26,0.01609163795741142
2000-10-27,0.006755726515620175
2000-10-30,-0.007819119608895586
2000-10-31,0.0551559946284601
2000-11-01,0.0
2000-11-02,0.0
2000-11-03,0.0
2000-11-06,0.03304359323072581
2000-11-07,0.02711778517171859
2000-11-08,0.004550475750813021
2000-11-09,-0.038581412194623965
2000-11-10,-0.016890967474374352
2000-11-13,-0.029785201528457317
2000-11-14,0.0419720869707636
2000-11-15,0.0
2000-11-16,0.0
2000-11-17,0.0
2000-11-20,-0.02353552571827644
2000-11-21,0.010682684289093691
2000-11-22,0.029321307546547493
2000-11-24,0.0
2000-11-27,0.0
2000-11-28,0.0
2000-11-29,0.005254438943730122
2000-11-30,-0.07472429094227484
2000-12-01,0.0181233604595179
2000-12-04,0.0131659161677542
2000-12-05,0.024963233069011048
2000-12-06,0.0
2000-12-07,0.0
2000-12-08,0.0
2000-12-11,0.00031754410674333933
2000-12-12,-0.005057509618888956
2000-12-13,0.008128953233530689
2000-12-14,0.0035273192116436203
2000-12-15,-0.014239335140698195
2000-12-18,0.009504048703999013
2000-12-19,-0.009236727530292366
2000-12-20,-0.04028357775288394
2000-12-21,-0.00040848859555853156
2000-12-22,0.03796641356548003
2000-12-26,0.0
2000-12-27,0.0
2000-12-28,0.0
2000-12-29,1.601325424571698e-05
2001-01-02,0.018699164271991364
2001-01-03,-0.007585926917729413
2001-01-04,-0.0062533577280768915
2001-01-05,0.0017698276990978368
2001-01-08,-0.001980665849704022
2001-01-09,0.026694553236185525
2001-01-10,0.0
2001-01-11,0.0
2001-01-12,0.0
2001-01-16,-0.0022688335044070973
2001-01-17,0.05018204113032687
2001-01-18,0.0
2001-01-19,0.0
2001-01-22,0.0
2001-01-23,-0.007136845259314906
2001-01-24,2.768644812589649e-05
2001-01-25,-0.0019942931428813537
2001-01-26,-0.02682904710803713
2001-01-29,-0.001279469637438524
2001-01-30,0.016103439269170128
2001-01-31,-0.003907071047821065
2001-02-01,0.005103841812897025
2001-02-02,0.011680710354863955
2001-02-05,-0.018368060883779846
2001-02-06,0.0034823285207969956
2001-02-07,-0.01758818615183322
2001-02-08,0.002685712420116282
2001-02-09,-0.011716365374970561
2001-02-12,-0.0017486488305240577
2001-02-13,0.025813353292294616
2001-02-14,0.01020257430874616
2001-02-15,0.009174792860819903
2001-02-16,-0.051118326546030324
2001-02-20,0.003998724623369698
2001-02-21,-0.030430517285229608
2001-02-22,-0.011984491934697417
2001-02-23,-0.07691934905232756
2001-02-26,0.018905770235883468
2001-02-27,-0.016223603926790342
2001-02-28,0.009239767046936631
2001-03-01,-0.002056793200471918
2001-03-02,-0.04514627935578697
2001-03-05,0.0374359645597675
2001-03-06,0.0
2001-03-07,0.0
2001-03-08,0.0
2001-03-09,-0.06192996449587318
2001-03-12,-0.016533244353204024
2001-03-13,0.04035882557397108
2001-03-14,0.0
2001-03-15,0.0
2001-03-16,0.0
2001-03-19,-0.00012103512841399322
2001-03-20,0.008735206889789016
2001-03-21,-0.00031562508491067565
2001-03-22,0.05130914879621895
2001-03-23,0.0
2001-03-26,0.0
2001-03-27,0.0
2001-03-28,-0.05128208618249441
2001-03-29,-0.011948085282307064
2001-03-30,-0.033311843686231524
2001-04-02,-0.007267107776012471
2001-04-03,0.0
2001-04-04,0.0
2001-04-05,0.0
2001-04-06,0.0
2001-04-09,0.0
2001-04-10,0.0
2001-04-11,0.0
2001-04-12,0.0
2001-04-16,0.0
2001-04-17,0.0
2001-04-18,0.0
2001-04-19,0.0
2001-04-20,0.0
2001-04-23,0.0
2001-04-24,0.0
2001-04-25,0.0
2001-04-26,0.0
2001-04-27,0.0
2001-04-30,0.0
2001-05-01,0.0
2001-05-02,0.006083391951725581
2001-05-03,-0.04003766407451792
2001-05-04,-0.05140563947518195
2001-05-07,0.0028019352827186594
2001-05-08,0.01639836322528332
2001-05-09,-0.029015247699848312
2001-05-10,0.0665527949127902
2001-05-11,0.0
2001-05-14,0.0
2001-05-15,0.0
2001-05-16,-0.005056509776994456
2001-05-17,0.00964941476413017
2001-05-18,-0.006856861861383012
2001-05-21,-0.01852197431590319
2001-05-22,-0.005835430178165346
2001-05-23,0.0049964201484651305
2001-05-24,-0.002505216860343884
2001-05-25,0.006126478478422737
2001-05-29,-0.017757794107833624
2001-05-30,-0.020086597769500503
2001-05-31,-0.0007557619386693304
2001-06-01,0.014193124360798448
2001-06-04,-0.015901170546300025
2001-06-05,0.012405544148095249
2001-06-06,0.011987527165778333
2001-06-07,-0.003884711248607897
2001-06-08,0.012684477466103461
2001-06-11,-0.002787097758756185
2001-06-12,-0.031377946933892065
2001-06-13,0.008346414667372404
2001-06-14,-0.0297272382491216
2001-06-15,-0.0175371664825813
2001-06-18,-0.004498420179878226
2001-06-19,0.03669503365965299
2001-06-20,0.0
2001-06-21,0.0
2001-06-22,0.0
2001-06-25,0.02953234665945148
2001-06-26,-0.016363886757746027
2001-06-27,0.0018621081563712227
2001-06-28,0.017234339819557576
2001-06-29,0.004354391869606289
2001-07-02,0.002089585347288647
2001-07-03,-0.008883617767251883
2001-07-05,-0.02335650685288926
2001-07-06,-0.08538582743244993
2001-07-09,0.018580020575569955
2001-07-10,0.01268592891979714
2001-07-11,-0.011668125303219923
2001-07-12,0.05889733048868662
2001-07-13,0.0
2001-07-16,0.0
2001-07-17,0.0
2001-07-18,-0.011761308112375302
2001-07-19,0.01943708552643475
2001-07-20,0.01817072820814869
2001-07-23,0.012696929421690761
2001-07-24,-0.02244119489736618
2001-07-25,-0.0036719585040606573
2001-07-26,0.00022474014561435496
2001-07-27,-0.011082388848965397
2001-07-30,0.01957466437616673
2001-07-31,0.015637624893618307
2001-08-01,0.032461521189332876
2001-08-02,0.0
2001-08-03,0.0
2001-08-06,0.0
2001-08-07,-0.003097507513366793
2001-08-08,-0.007740107540550878
2001-08-09,-0.012015862834734325
2001-08-10,0.0011891511029296087
2001-08-13,0.024342577693815093
2001-08-14,-0.012836830434185265
2001-08-15,0.01902523236194864
2001-08-16,-0.01938024413897066
2001-08-17,-0.02915829939486081
2001-08-20,-0.0073697341406210315
2001-08-21,0.007666067310738933
2001-08-22,0.023575514603741743
2001-08-23,-0.0018864961363729282
2001-08-24,0.017313296404604772
2001-08-27,-0.012205204743705123
2001-08-28,0.0025268628505916713
2001-08-29,0.00642892786641136
2001-08-30,-0.014596127414203686
2001-08-31,-0.005720021252766494
2001-09-04,-0.012975097238567823
2001-09-05,-0.003081646846504138
2001-09-06,-0.022168010200949606
2001-09-07,-0.013604411720388287
2001-09-10,-0.005852001142304442
2001-09-17,-0.11239894742435763
2001-09-18,0.009885483212178636
2001-09-19,0.02004673957412506
2001-09-20,-0.04014650738115244
2001-09-21,-0.05694367012377721
2001-09-24,0.06455210086231555
2001-09-25,0.0
2001-09-26,0.0
2001-09-27,0.0
2001-09-28,0.026817496094990956
2001-10-01,-0.007428956541758791
2001-10-02,-0.013144365088544219
2001-10-03,-0.006848272800888733
2001-10-04,0.05542111381922177
2001-10-05,0.0
2001-10-08,0.0
2001-10-09,0.0
2001-10-10,-0.014701083157646067
2001-10-11,0.05425946098557377
2001-10-12,0.0
2001-10-15,0.0
2001-10-16,0.0
2001-10-17,0.039319018434788466
2001-10-18,-0.004027241008674687
2001-10-19,-0.013464394624622122
2001-10-22,-0.009449818783002994
2001-10-23,0.014110300564299294
2001-10-24,-0.010579305260173255
2001-10-25,-0.019904632549502366
2001-10-26,-0.004938474111762958
2001-10-29,-0.0065467274096948636
2001-10-30,-0.012308062993982016
2001-10-31,0.044455190843261994
2001-11-01,0.0
2001-11-02,0.0
2001-11-05,0.0
2001-11-06,-0.0075072973037101365
2001-11-07,-0.008158093162797697
2001-11-08,0.041424912448165596
2001-11-09,0.0
2001-11-12,0.0
2001-11-13,0.0
2001-11-14,0.009462081195028116
2001-11-15,-0.007638490779987128
2001-11-16,-0.0039653429724269
2001-11-19,0.00805424060380533
2001-11-20,-0.0077485945587012495
2001-11-21,-0.01230697752487575
2001-11-23,0.004360275645010292
2001-11-26,0.023728641297968922
2001-11-27,-0.0060700038893525265
2001-11-28,-0.011936756299564144
2001-11-29,0.04756248580136724
2001-11-30,0.0
2001-12-03,0.0
2001-12-04,0.0
2001-12-05,0.04712297360604212
2001-12-06,0.0
2001-12-07,0.0
2001-12-10,0.0
2001-12-11,0.017736859182849063
2001-12-12,0.010804578532777054
2001-12-13,-0.043267165107053196
2001-12-14,0.0007742498945151333
2001-12-17,0.004527612851517704
2001-12-18,0.007378073875471847
2001-12-19,-0.03610130907692444
2001-12-20,-0.0029981265400229606
2001-12-21,0.013874628551690638
2001-12-24,-0.001152639424161106
2001-12-26,0.0060382017922693265
2001-12-27,0.01861796940322402
2001-12-28,0.020454135962143738
2001-12-31,0.014630112487603153
2002-01-02,0.0341504595136386
2002-01-03,0.0032000525407307467
2002-01-04,0.011106745022832154
2002-01-07,0.00399376246493377
2002-01-08,1.7526647797527772e-06
2002-01-09,0.012591824203132651
2002-01-10,-0.0038612497959965575
2002-01-11,0.003355381197072127
2002-01-14,-0.004590211466585559
2002-01-15,0.027791506160642854
2002-01-16,-0.01738628250221419
2002-01-17,0.028477291636956892
2002-01-18,-0.03259118561805607
2002-01-22,0.006807178840991801
2002-01-23,0.007375802389397945
2002-01-24,0.009390197142846501
2002-01-25,-0.012141179132337698
2002-01-28,0.014225952799344688
2002-01-29,0.002117559606473529
2002-01-30,-0.00022625466194969857
2002-01-31,0.010081077467481325
2002-02-01,-0.000877682499215382
2002-02-04,-0.024081394200801798
2002-02-05,-0.019747304439037938
2002-02-06,0.0290969565919319
2002-02-07,0.0007279820619010557
2002-02-08,0.012112314004692148
2002-02-11,0.0036839284135041783
2002-02-12,-0.0180754114354309
2002-02-13,0.014445667163056397
2002-02-14,0.0069466204011245924
2002-02-15,-0.03023908279639176
2002-02-19,-0.03947062263307699
2002-02-20,-0.005897762859832234
2002-02-21,-0.011058203402843247
2002-02-22,-0.01705862873444286
2002-02-25,0.003611181961750143
2002-02-26,0.010868086148607015
2002-02-27,0.01865532736560005
2002-02-28,-0.002995832115789465
2002-03-01,0.005328068321956536
2002-03-04,0.0022605022460620017
2002-03-05,-0.019862933020006746
2002-03-06,-0.03945664859602083
2002-03-07,0.012402009858551333
2002-03-08,0.02146847194451751
2002-03-11,-0.015857488767281214
2002-03-12,-0.029271869869806788
2002-03-13,-0.010604237332430433
2002-03-14,-0.01678396101161128
2002-03-15,0.0011842309835161657
2002-03-18,0.01637376321203665
2002-03-19,0.007506061819243515
2002-03-20,-0.01714229491620689
2002-03-21,0.010773572349833005
2002-03-22,0.012241962877169499
2002-03-25,-0.002820692032249661
2002-03-26,-0.008475875411729228
2002-03-27,-0.02763612525410808
2002-03-28,0.01066382961701895
2002-04-01,-0.03692605804480209
2002-04-02,-0.015236446545842885
2002-04-03,-0.011913159281521701
2002-04-04,-0.023833839639992527
2002-04-05,0.0064257168272205956
2002-04-08,-0.0297938100926336
2002-04-09,0.004202738916744719
2002-04-10,-0.0034757815546548887
2002-04-11,-0.02757082327121929
2002-04-12,0.012060393120212565
2002-04-15,-0.0028632808560125067
2002-04-16,0.031683543062134945
2002-04-17,0.02287915504066773
2002-04-18,-0.009564477832689544
2002-04-19,0.019010973280295218
2002-04-22,0.0065979883113331805
2002-04-23,0.011826656099538146
2002-04-24,0.019950624858113164
2002-04-25,0.00650398462554036
2002-04-26,0.009244765817552292
2002-04-29,0.0011519596019164968
2002-04-30,-0.02674958377230563
2002-05-01,0.010888367377397401
2002-05-02,0.011521992766517775
2002-05-03,-0.001658433047875607
2002-05-06,-0.021686314737663026
2002-05-07,0.027945808895180946
2002-05-08,0.0887874518234737
2002-05-09,0.0
2002-05-10,0.0
2002-05-13,0.0
2002-05-14,0.08503392949158184
2002-05-15,0.0
2002-05-16,0.0
2002-05-17,0.0
2002-05-20,-0.0011211471559436914
2002-05-21,0.017310291774718323
2002-05-22,-0.002648027296555222
2002-05-23,0.005938312914158139
2002-05-24,-0.01848241324482225
2002-05-28,0.012536234735295304
2002-05-29,-0.019029224603037243
2002-05-30,-0.02303011493617224
2002-05-31,0.004959165914175223
2002-06-03,-0.015464356022711234
2002-06-04,-0.004425509676607486
2002-06-05,-0.0032768624882364428
2002-06-06,-0.00937620588071375
2002-06-07,-0.09291838086786619
2002-06-10,0.0076673336146775295
2002-06-11,0.012085660250018337
2002-06-12,-0.013898335174129861
2002-06-13,-0.0007768387545367128
2002-06-14,-0.027766940981576615
2002-06-17,0.024398136303459994
2002-06-18,-0.009838899321970906
2002-06-19,-0.06023981514602961
2002-06-20,0.0015219679002782538
2002-06-21,0.0021183646014253377
2002-06-24,-0.0185368714937999
2002-06-25,0.023286068394234416
2002-06-26,-0.10526535332794651
2002-06-27,0.046010453734211865
2002-06-28,0.0
2002-07-01,0.0
2002-07-02,0.0
2002-07-03,-0.012367533968673516
2002-07-05,0.07931871620846831
2002-07-08,0.0
2002-07-09,0.0
2002-07-10,0.0
2002-07-11,-0.008462377256471365
2002-07-12,0.04572103260651539
2002-07-15,0.0
2002-07-16,0.0
2002-07-17,0.0
2002-07-18,-0.02955517028250032
2002-07-19,-0.02588868702878433
2002-07-22,-0.0054844467417127785
2002-07-23,0.017851340615168798
2002-07-24,-0.019979762611564977
2002-07-25,-0.047862768031699976
2002-07-26,0.023339670221221853
2002-07-29,0.03785183136803005
2002-07-30,0.0
2002-07-31,0.0
2002-08-01,0.0
2002-08-02,-0.011744021990220066
2002-08-05,-0.0011600086433909418
2002-08-06,0.03367934078556223
2002-08-07,0.0
2002-08-08,0.0
2002-08-09,0.0
2002-08-12,-0.017158804448131892
2002-08-13,-0.00333999817248376
2002-08-14,0.005528048282235742
2002-08-15,0.014799919280403584
2002-08-16,-0.013663812442535672
2002-08-19,0.01887005266678221
2002-08-20,-0.012712643705952376
2002-08-21,0.032745080304717566
2002-08-22,0.0
2002-08-23,0.0
2002-08-26,0.0
2002-08-27,0.006602981314935086
2002-08-28,-0.00794511007269616
2002-08-29,-0.02380277685932819
2002-08-30,-0.009211853128989755
2002-09-03,-0.020094711655268327
2002-09-04,0.002501140213872377
2002-09-05,-0.015254743845864005
2002-09-06,0.02849176306228407
2002-09-09,0.0
2002-09-10,0.0
2002-09-11,0.0
2002-09-12,-0.01908645239495721
2002-09-13,-0.014985403607206682
2002-09-16,-0.006087981062121495
2002-09-17,0.02208836130755465
2002-09-18,0.0
2002-09-19,0.0
2002-09-20,0.0
2002-09-23,-0.017052619178481998
2002-09-24,-0.015612325055680998
2002-09-25,0.014484603323258405
2002-09-26,0.00929003174919818
2002-09-27,-0.003387329784238724
2002-09-30,-0.005607882650227158
2002-10-01,0.009996597826877673
2002-10-02,-0.002642903404465713
2002-10-03,-0.018373589109700994
2002-10-04,0.005663451679833731
2002-10-07,-0.004619385075545934
2002-10-08,0.012249439353288372
2002-10-09,-0.008396609568518953
2002-10-10,0.00103515537790555
2002-10-11,0.029657679356391853
2002-10-14,0.0
2002-10-15,0.0
2002-10-16,0.0
2002-10-17,0.04914971967327797
2002-10-18,0.0
2002-10-21,0.0
2002-10-22,0.0
2002-10-23,0.0010771391719555101
2002-10-24,0.014299669475758447
2002-10-25,-0.009973771464358738
2002-10-28,0.03000872330300708
2002-10-29,0.0
2002-10-30,0.0
2002-10-31,0.0
2002-11-01,-0.0016817869465320934
2002-11-04,0.012316720621581512
2002-11-05,-0.009937398015316234
2002-11-06,0.010891702635077438
2002-11-07,-0.012246083647120765
2002-11-08,-0.003346272240313475
2002-11-11,0.0011021081776205754
2002-11-12,0.027034079716268256
2002-11-13,-0.010978577108601173
2002-11-14,0.006425916156440392
2002-11-15,-0.00843388385898658
2002-11-18,0.002608893984364924
2002-11-19,-0.009019873549484969
2002-11-20,0.00111266926073883
2002-11-21,0.008704871416011617
2002-11-22,-0.010162569291353063
2002-11-25,-0.0015336522725012403
2002-11-26,-0.00818489808455003
2002-11-27,0.008121119067045157
2002-11-29,0.007445746857579927
2002-12-02,0.016173639923954708
2002-12-03,-0.011678776754109332
2002-12-04,-0.028470134859194696
2002-12-05,0.031060058697144566
2002-12-06,-0.0169050805800548
2002-12-09,-0.025997252137217375
2002-12-10,0.010416386494743968
2002-12-11,-0.00974859565881081
2002-12-12,0.011151298634810791
2002-12-13,-0.021448443725333832
2002-12-16,0.007012759348822728
2002-12-17,-0.001744742691314416
2002-12-18,-0.021378661657554976
2002-12-19,-0.003614569451551697
2002-12-20,0.008353169878638322
2002-12-23,0.003343562883481477
2002-12-24,-0.010907858518963587
2002-12-26,0.007333600655574646
2002-12-27,-0.003948355056854758
2002-12-30,-0.0017079421883260393
2002-12-31,0.0015470092503704347
2003-01-02,0.012141239896861444
2003-01-03,0.00019452115994966768
2003-01-06,0.0014428971885029895
2003-01-07,0.003963684261392597
2003-01-08,-0.007008996895626285
2003-01-09,0.009572557491924094
2003-01-10,-0.015570322916846902
2003-01-13,0.010175240450702727
2003-01-14,-0.0036883942445105067
2003-01-15,0.0026913526714518188
2003-01-16,0.005761942364119754
2003-01-17,-0.0015539554227993468
2003-01-21,0.0029506666974590257
2003-01-22,-0.008821433682273394
2003-01-23,0.00814154218129759
2003-01-24,-0.012428315857936245
2003-01-27,-0.015377748837199001
2003-01-28,0.007384216963520762
2003-01-29,-0.012810775877813652
2003-01-30,-0.002628708432056648
2003-01-31,-0.008328125083900462
2003-02-03,0.0033843692704165207
2003-02-04,-0.0028860891864535
2003-02-05,0.005593668873060009
2003-02-06,0.008805554461677634
2003-02-07,0.0113277504971665
2003-02-10,-0.0024392648516872173
2003-02-11,-0.0016252578579023513
2003-02-12,-0.0013456126578905714
2003-02-13,0.0033540023500111538
2003-02-14,0.0217813232185311
2003-02-18,0.0
2003-02-19,0.0
2003-02-20,0.0
2003-02-21,0.0008756417261392979
2003-02-24,-0.0040785685605230215
2003-02-25,-0.014066244847195875
2003-02-26,-0.0068138984398965485
2003-02-27,0.0027279872192627064
2003-02-28,-0.004722735542291412
2003-03-03,0.004445008569360809
2003-03-04,-0.00019022065427787282
2003-03-05,-0.003062930418914478
2003-03-06,-0.0029094523461677957
2003-03-07,-0.013743157774272707
2003-03-10,-0.003753449440807577
2003-03-11,0.0031595628714276014
2003-03-12,-0.0014610639790388902
2003-03-13,0.016598186190868836
2003-03-14,-0.001169981977223289
2003-03-17,-0.00793027375337274
2003-03-18,0.0017274516903498238
2003-03-19,0.001944398883759968
2003-03-20,2.0584895026543037e-05
2003-03-21,0.020047567850823844
2003-03-24,0.0
2003-03-25,0.0
2003-03-26,0.0
2003-03-27,-0.009905371601920288
2003-03-28,-0.004687740516026717
2003-03-31,-0.019794912297018574
2003-04-01,0.006302329046307786
2003-04-02,0.021499559668673562
2003-04-03,0.0
2003-04-04,0.0
2003-04-07,0.0
2003-04-08,-0.008620102820676712
2003-04-09,-0.00399217305521371
2003-04-10,0.005197076983413984
2003-04-11,0.006989542947604788
2003-04-14,-0.0032900887083483488
2003-04-15,-0.010125983441785169
2003-04-16,0.014142221893329143
2003-04-17,-0.006369025692142705
2003-04-21,0.006135603603974138
2003-04-22,0.0017343413647950001
2003-04-23,0.0011947582615825514
2003-04-24,-0.0014486506774471497
2003-04-25,-0.005710711891262044
2003-04-28,0.000955306249117216
2003-04-29,0.009353477088074769
2003-04-30,-0.006167294746740382
2003-05-01,-0.002294223868070544
2003-05-02,0.0009928057224821707
2003-05-05,0.0194103383910329
2003-05-06,0.004040758630699193
2003-05-07,-0.01890708471033531
2003-05-08,-0.01841836514226247
2003-05-09,0.04637064660873258
2003-05-12,0.0
2003-05-13,0.0
2003-05-14,0.0
2003-05-15,0.011904290932024386
2003-05-16,-0.006329605635705615
2003-05-19,-0.01902431510237723
2003-05-20,0.01098119952239518
2003-05-21,-0.011896475344046697
2003-05-22,0.009331813526525234
2003-05-23,0.003166144131527826
2003-05-27,-0.01384043015203451
2003-05-28,0.012593202863808273
2003-05-29,0.004668657865182002
2003-05-30,0.07137728043337344
2003-06-02,0.0
2003-06-03,0.0
2003-06-04,0.0
2003-06-05,-0.011150573052055912
2003-06-06,0.03136792574335745
2003-06-09,-0.008974852058042049
2003-06-10,0.0007729962633242771
2003-06-11,-0.0020352639191922872
2003-06-12,0.006328819618838244
2003-06-13,-0.019012463329359908
2003-06-16,0.013212390685474196
2003-06-17,0.009048886954558855
2003-06-18,-0.013018098411780366
2003-06-19,-0.007139997778577767
2003-06-20,0.016484053937680043
2003-06-23,-0.0005695476650132703
2003-06-24,-0.010457749028635943
2003-06-25,0.004783348459291847
2003-06-26,0.0027861255609122892
2003-06-27,0.0070053989207781164
2003-06-30,0.009230668783004603
2003-07-01,-0.007989113335906128
2003-07-02,0.01083638331343817
2003-07-03,-0.013054191124295733
2003-07-07,0.01238118521305287
2003-07-08,-0.0096506727779474
2003-07-09,0.0007057021372294248
2003-07-10,-0.024403353765968805
2003-07-11,0.006441088452433963
2003-07-14,0.0394843817298538
2003-07-15,0.0
2003-07-16,0.0
2003-07-17,0.0
2003-07-18,0.005172312312095473
2003-07-21,0.00015981788958541188
2003-07-22,0.009099625206989481
2003-07-23,-0.003060629408571769
2003-07-24,0.0172041843421058
2003-07-25,0.007451408869966869
2003-07-28,0.006166684456272664
2003-07-29,0.0026731646293933764
2003-07-30,-0.004181195169105423
2003-07-31,0.011610303521029763
2003-08-01,-0.00032434401708669736
2003-08-04,-0.00014399455564029218
2003-08-05,0.010699272889734823
2003-08-06,-0.0017357186942537073
2003-08-07,-0.00399024309071494
2003-08-08,-0.03756577699265995
2003-08-11,0.002380212230227441
2003-08-12,0.005222935952473806
2003-08-13,0.004227492662690402
2003-08-14,-0.010003535515204609
2003-08-15,0.002621672023044308
2003-08-18,0.012516632431064156
2003-08-19,0.01677308186573523
2003-08-20,-0.021020672805325935
2003-08-21,0.016374501013657117
2003-08-22,0.043920592135851866
2003-08-25,0.0
2003-08-26,0.0
2003-08-27,0.0
2003-08-28,0.008447599737938072
2003-08-29,-0.004156758221631085
2003-09-02,0.007902652473843474
2003-09-03,0.013020328591803576
2003-09-04,-0.004141183819854066
2003-09-05,-0.00280596310139547
2003-09-08,0.008938295015467501
2003-09-09,-0.010963494990806066
2003-09-10,-0.024545772129243804
2003-09-11,0.010380394554685424
2003-09-12,-0.003971725058413589
2003-09-15,0.006713711864763772
2003-09-16,0.009373826714608846
2003-09-17,0.0023482334130875415
2003-09-18,-0.01575008700336944
2003-09-19,0.0006557341605608613
2003-09-22,-0.031017128183687404
2003-09-23,0.0069474823448487655
2003-09-24,0.006471567433204761
2003-09-25,0.011634531580933638
2003-09-26,-0.0065307249611368245
2003-09-29,0.015183878040983645
2003-09-30,-0.020166815182838804
2003-10-01,0.005738753344538106
2003-10-02,0.0016342436521334935
2003-10-03,0.052485135622605705
2003-10-06,0.0
2003-10-07,0.0
2003-10-08,0.0
2003-10-09,0.02243749756544733
2003-10-10,0.017909323432197866
2003-10-13,0.00994560434016889
2003-10-14,-0.012869890328030098
2003-10-15,0.06499269568826405
2003-10-16,0.0
2003-10-17,0.0
2003-10-20,0.0
2003-10-21,0.009331399294742582
2003-10-22,-0.02323209796029546
2003-10-23,-0.01847030734269628
2003-10-24,0.0037608451192241432
2003-10-27,0.03151794659803575
2003-10-28,0.02900921247225008
2003-10-29,-0.08475406886905723
2003-10-30,0.016774729988602965
2003-10-31,0.0012280056605806777
2003-11-03,0.018070218650027448
2003-11-04,-0.006412588680279385
2003-11-05,-0.00013492295709771618
2003-11-06,0.008675329493227801
2003-11-07,0.0072686519641465
2003-11-10,-0.011834902114862156
2003-11-11,-0.005522301434192856
2003-11-12,0.004672611446281394
2003-11-13,-0.01183393007645317
2003-11-14,0.0014969365098957965
2003-11-17,-0.02009582768072804
2003-11-18,0.01600215779626457
2003-11-19,0.0038351931546616314
2003-11-20,-0.01827641795836099
2003-11-21,0.0139679670972499
2003-11-24,0.012998789739734562
2003-11-25,0.007531865873331212
2003-11-26,0.01346791222306476
2003-11-28,-0.003628717793842773
2003-12-01,0.014315346286893238
2003-12-02,0.00405117102073449
2003-12-03,0.006671691049941364
2003-12-04,0.005069416850418174
2003-12-05,-0.02819607328284579
2003-12-08,-0.006226148958204947
2003-12-09,0.01391634282075005
2003-12-10,-0.0019988173511010787
2003-12-11,0.0035063495673413048
2003-12-12,0.006893923428872517
2003-12-15,0.025560172286978267
2003-12-16,8.793648266203213e-05
2003-12-17,-0.00025844267171859503
2003-12-18,0.006827212866535426
2003-12-19,0.0026439393036157277
2003-12-22,-0.006187948277856958
2003-12-23,0.001919452932234611
2003-12-24,-0.0013380429792153592
2003-12-26,0.0030789783799147763
2003-12-29,0.009121921529351873
2003-12-30,0.003784393372495032
2003-12-31,0.007042935508857262
2004-01-02,0.011980313652718566
2004-01-05,0.012427282742402346
2004-01-06,0.00040903241502676657
2004-01-07,0.011367569984208625
2004-01-08,0.011352617746369198
2004-01-09,-0.012024089015394424
2004-01-12,0.0082248699134424
2004-01-13,0.005414361780185617
2004-01-14,0.006500739924358623
2004-01-15,-0.01540164343869077
2004-01-16,0.009518405846112188
2004-01-20,0.009931014421894035
2004-01-21,-0.01969434001145276
2004-01-22,0.0013808834841941842
2004-01-23,0.00694873027258347
2004-01-26,-0.002736778664472528
2004-01-27,-0.0005554125201741034
2004-01-28,0.013107324989600988
2004-01-29,0.007922472125974966
2004-01-30,0.000855539388284976
2004-02-02,0.01433962405999667
2004-02-03,0.027530607034028654
2004-02-04,-0.055903703575773456
2004-02-05,0.013397880257272066
2004-02-06,0.007092544325584926
2004-02-09,0.013349315223653013
2004-02-10,0.007662538216655079
2004-02-11,0.016496165248127248
2004-02-12,0.027198605110597907
2004-02-13,0.025210910133175002
2004-02-17,0.0364300639008599
2004-02-18,0.0
2004-02-19,0.0
2004-02-20,0.0
2004-02-23,-0.007289331391843179
2004-02-24,-0.0498785513547475
2004-02-25,0.007272118593296684
2004-02-26,0.001746411879917309
2004-02-27,0.018016492240460646
2004-03-01,0.0021642325396620254
2004-03-02,-0.0048320764449615305
2004-03-03,-0.009428695557340716
2004-03-04,-0.008068648462757233
2004-03-05,-0.014576546637706245
2004-03-08,0.031018439757767968
2004-03-09,-0.002680098871007286
2004-03-10,-0.001741881723480665
2004-03-11,-0.02531673132576573
2004-03-12,0.022652097048704523
2004-03-15,-0.0007467471690596472
2004-03-16,0.018379937063993212
2004-03-17,0.014549034606240019
2004-03-18,0.00046499464895077836
2004-03-19,0.0062475092134255394
2004-03-22,-0.013069779743832055
2004-03-23,0.023689532732367402
2004-03-24,-0.0020332571130097232
2004-03-25,0.00842456842246242
2004-03-26,-0.0027540253440171414
2004-03-29,0.018885456526716027
2004-03-30,0.01638956356105692
2004-03-31,0.007437581365719703
2004-04-01,0.01039737608094593
2004-04-02,0.04027750594256507
2004-04-05,0.0
2004-04-06,0.0
2004-04-07,0.0
2004-04-08,0.038509835194790565
2004-04-12,0.0
2004-04-13,0.0
2004-04-14,0.0
2004-04-15,0.01443194994920205
2004-04-16,0.006012266680162748
2004-04-19,0.023392679906499847
2004-04-20,-0.07117274298705101
2004-04-21,-0.07521291826544496
2004-04-22,0.021887361900096325
2004-04-23,0.0017599197577782277
2004-04-26,-0.0054723492433188525
2004-04-27,0.009146573458130858
2004-04-28,-0.08060202981084852
2004-04-29,0.015437263241296906
2004-04-30,-0.00725105039967433
2004-05-03,-0.039667302544454164
2004-05-04,0.005257292295892668
2004-05-05,0.005619449706381285
2004-05-06,-0.0016268265610489552
2004-05-07,0.002633237670630839
2004-05-10,-0.004124234784240732
2004-05-11,0.008909389337627749
2004-05-12,-0.0061777805163582
2004-05-13,-0.004327425993695844
2004-05-14,0.002506776823472112
2004-05-17,-0.007900311222913792
2004-05-18,0.007896994820231429
2004-05-19,0.016545207596441847
2004-05-20,0.0009853029176076777
2004-05-21,0.013794176613552978
2004-05-24,0.00635412465072438
2004-05-25,0.00023852721028627677
2004-05-26,-0.00028887972461733025
2004-05-27,0.004927693483646189
2004-05-28,0.0011713253740450735
2004-06-01,-0.006893393426588235
2004-06-02,0.00256030448249156
2004-06-03,-0.004343650721020276
2004-06-04,0.012810764605876601
2004-06-07,0.005985060690534949
2004-06-08,-0.0031696379614953862
2004-06-09,-0.0005905714011456009
2004-06-10,0.007315717902196539
2004-06-14,-0.0032382211655058724
2004-06-15,0.009846756242105625
2004-06-16,-0.002542687339559313
2004-06-17,-0.0031029923112332325
2004-06-18,-0.0075745259449886415
2004-06-21,0.0022841636937622756
2004-06-22,0.0035218546223743097
2004-06-23,0.00244088472719306
2004-06-24,0.0002438040564283206
2004-06-25,0.001809293896300801
2004-06-28,0.005104356007542554
2004-06-29,0.00943196763275811
2004-06-30,-0.0017560962403668778
2004-07-01,-0.0007503242446216252
2004-07-02,-1.8090168465989542e-05
2004-07-06,-0.013490426629635177
2004-07-07,0.0012972385413390075
2004-07-08,-0.004793951104960947
2004-07-09,0.006719849090535135
2004-07-12,-0.01049535462938822
2004-07-13,0.003408300993138935
2004-07-14,-0.02235990432610757
2004-07-15,0.001395852797496655
2004-07-16,0.008992822263430789
2004-07-19,0.0007829003697183978
2004-07-20,0.001967626579819637
2004-07-21,0.008289480388447457
2004-07-22,0.002394663624045279
2004-07-23,-0.00734666842522802
2004-07-26,0.0024795731274456223
2004-07-27,0.0017103753872789174
2004-07-28,-0.005987782702553401
2004-07-29,0.0049396091751174875
2004-07-30,-0.0003355145283214789
2004-08-02,-0.0057780128615073645
2004-08-03,-0.0025187936355706153
2004-08-04,-0.0010813510462990283
2004-08-05,0.0013454859777970452
2004-08-06,-0.031018341029277363
2004-08-09,0.008850264816291364
2004-08-10,0.002220237043606632
2004-08-11,-0.015764484099426768
2004-08-12,-0.0055945864498520015
2004-08-13,0.0045034057723394305
2004-08-16,-0.00013870276748673138
2004-08-17,0.007072882099400379
2004-08-18,-0.0027100929426930875
2004-08-19,-0.001553202569731127
2004-08-20,-0.0008238619761736787
2004-08-23,0.005455141968072175
2004-08-24,0.0052006102335770965
2004-08-25,0.0018016522104546961
2004-08-26,-0.007336981213700522
2004-08-27,0.001171181245002595
2004-08-30,-0.0025834164901386014
2004-08-31,0.0002893958363316962
2004-09-01,0.0015221783380539033
2004-09-02,0.0005246420137474672
2004-09-03,-0.01578893925255198
2004-09-07,0.006787139033775258
2004-09-08,-0.0015668404840627481
2004-09-09,0.009824268446802176
2004-09-10,-0.0004928631229790259
2004-09-13,0.0034770770821743735
2004-09-14,-0.003823512614061886
2004-09-15,-0.009223898647384154
2004-09-16,0.006283058854560375
2004-09-17,0.0039206229926878056
2004-09-20,-0.006351983046555709
2004-09-21,0.005786008955513955
2004-09-22,-0.007180365920916643
2004-09-23,0.001742219525442401
2004-09-24,0.0025056378610197605
2004-09-27,-0.005438702653480232
2004-09-28,-0.0011364186917927066
2004-09-29,-0.001617024622676766
2004-09-30,-0.000849984387839342
2004-10-01,0.005452535286304405
2004-10-04,0.005405848742128017
2004-10-05,-0.008373017911777136
2004-10-06,-0.0004219612515282689
2004-10-07,0.0006342669989249927
2004-10-08,-0.005783236586677121
2004-10-11,-0.002910565828364353
2004-10-12,-0.013548987757531439
2004-10-13,0.01571783064843868
2004-10-14,-0.0028594550886844594
2004-10-15,-0.00032060916511844617
2004-10-18,-0.004211978064285304
2004-10-19,0.01084464459232426
2004-10-20,-0.0025961267346504835
2004-10-21,0.0060987717936258345
2004-10-22,0.0019493550136788773
2004-10-25,-0.004551873674894402
2004-10-26,0.012552447003029377
2004-10-27,0.0014832002296158997
2004-10-28,-0.0014824246890453585
2004-10-29,-0.00451338632959164
2004-11-01,0.0026254695696648067
2004-11-02,-0.0029894121680577035
2004-11-03,0.023990343842361206
2004-11-04,0.005612041613188623
2004-11-05,0.0030903605954051283
2004-11-08,0.024365229366557495
2004-11-09,0.011990158252738192
2004-11-10,0.010333264497988992
2004-11-11,0.04215444814522229
2004-11-12,0.0
2004-11-15,0.0
2004-11-16,0.0
2004-11-17,0.01505945768699557
2004-11-18,-0.000939368025753784
2004-11-19,-0.030590044056476584
2004-11-22,-0.06557376580894703
2004-11-23,0.01457511232094122
2004-11-24,0.0127161947792791
2004-11-26,-0.04149550640315702
2004-11-29,0.023491216296914974
2004-11-30,0.025895392322224042
2004-12-01,0.04893416475494439
2004-12-02,0.0
2004-12-03,0.0
2004-12-06,0.0
2004-12-07,-0.00901011383694783
2004-12-08,-0.00985625028531023
2004-12-09,-0.007181289978007599
2004-12-10,-0.004704071642290475
2004-12-13,0.016257616526287988
2004-12-14,0.008154813717185183
2004-12-15,-0.002790279350413205
2004-12-16,-0.021815607229088707
2004-12-17,-0.0034970926517849943
2004-12-20,0.01514071728511368
2004-12-21,0.009684837947181224
2004-12-22,0.001590055509022692
2004-12-23,0.00822135310387373
2004-12-27,0.010629930599240778
2004-12-28,0.002572988472874238
2004-12-29,-0.006670572729314483
2004-12-30,0.0010063169715741616
2004-12-31,0.011778074893509904
2005-01-03,0.0319239962684672
2005-01-04,-0.008754092067791763
2005-01-05,-0.007255747367986398
2005-01-06,0.012242913707859904
2005-01-07,0.016913653459717626
2005-01-10,0.006506957612256725
2005-01-11,0.004120445299869324
2005-01-12,0.008504264308104137
2005-01-13,-0.0009307227351029734
2005-01-14,0.006411885898942815
2005-01-18,0.002498200142496687
2005-01-19,0.006091137244614631
2005-01-20,-0.03235259471618812
2005-01-21,0.0053984906420510015
2005-01-24,-0.0015933005187135363
2005-01-25,0.009924573234202816
2005-01-26,0.016558720601334675
2005-01-27,-0.002224563093825571
2005-01-28,0.01434072347925408
2005-01-31,0.02809298047703601
2005-02-01,-0.009162476440286227
2005-02-02,0.08887666068409317
2005-02-03,0.0
2005-02-04,0.0
2005-02-07,0.0
2005-02-08,0.004591736947899605
2005-02-09,0.004230256112839559
2005-02-10,0.002776269122924946
2005-02-11,0.007800736896208749
2005-02-14,-0.002906157499157791
2005-02-15,0.020078754006240374
2005-02-16,-0.004035997189308582
2005-02-17,0.0047697292065318475
2005-02-18,0.011783521034474775
2005-02-22,-0.009779660256262313
2005-02-23,0.017698658663507727
2005-02-24,-0.03802614720908426
2005-02-25,0.006786340008449576
2005-02-28,0.0018096805799960869
2005-03-01,0.008090557988720048
2005-03-02,-0.007527925079334752
2005-03-03,0.004671436957722763
2005-03-04,0.018637332973552967
2005-03-07,0.0008488254380867311
2005-03-08,-0.02222839698518786
2005-03-09,-0.015114629409311964
2005-03-10,0.005279949867364131
2005-03-11,0.008407648721860284
2005-03-14,0.00891178605256382
2005-03-15,0.005897083654857749
2005-03-16,-0.001456388058513558
2005-03-17,0.007138821551574637
2005-03-18,0.019359022815520932
2005-03-21,0.0049366819226337455
2005-03-22,0.003994354219511553
2005-03-23,-0.006940507631588599
2005-03-24,0.0070329318502795335
2005-03-28,0.004570471716200508
2005-03-29,-0.0006180646997959727
2005-03-30,0.005430095218438069
2005-03-31,-0.0058012153782094344
2005-04-01,0.01081363040361305
2005-04-04,-0.0014429759959251331
2005-04-05,0.00039226947395576417
2005-04-06,0.0038540075983919397
2005-04-07,0.00018635845648651284
2005-04-08,0.0008332803069492911
2005-04-11,0.0013620572852173218
2005-04-12,-0.0005671776356961367
2005-04-13,-0.001522850013890853
2005-04-14,0.0006167467880238142
2005-04-15,-0.006860582277653737
2005-04-18,-0.0005948068063650336
2005-04-19,0.0049450585101353806
2005-04-20,0.0045027749035286835
2005-04-21,0.008285889501738586
2005-04-22,-0.0002516435694994712
2005-04-25,0.0047228075081544585
2005-04-26,-0.0004381596047020597
2005-04-27,-0.0033514396748552944
2005-04-28,-0.0023097113240432288
2005-04-29,-0.0011972365013416253
2005-05-02,0.002214316962005247
2005-05-03,-0.0014818210488062311
2005-05-04,0.0008156392398948054
2005-05-05,0.0007815284531578204
2005-05-06,0.004183872610293182
2005-05-09,0.0016555571722447482
2005-05-10,-0.0011171135765972728
2005-05-11,0.001957517916830964
2005-05-12,0.0002264429180054428
2005-05-13,0.00807066480125096
2005-05-16,0.000915550391789921
2005-05-17,-0.001969177272679312
2005-05-18,0.0005289080501600374
2005-05-19,0.0001866452516696704
2005-05-20,0.000833830493748966
2005-05-23,0.0014561597972551077
2005-05-24,-0.002230900402773961
2005-05-25,-0.0012538907868225868
2005-05-26,0.002670144684850717
2005-05-27,5.409740484374481e-05
2005-05-31,0.0006626671229830183
2005-06-01,-0.0014312849362287938
2005-06-02,-0.0007917664577660188
2005-06-03,-0.0002445757293200179
2005-06-06,-0.0035549939906562855
2005-06-07,-0.0004652232184300109
2005-06-08,0.00234672202000219
2005-06-09,-0.0007425831751514123
2005-06-10,-0.0002690863851364522
2005-06-13,-0.0006813967763551476
2005-06-14,0.00015449288982849474
2005-06-15,-0.001118440742773008
2005-06-16,0.0010483684621913625
2005-06-17,0.004362102404177115
2005-06-20,-0.002330668638417688
2005-06-21,0.00021715673733813112
2005-06-22,0.0025988586615577347
2005-06-23,0.0003081998782235029
2005-06-24,-0.00035974553347906113
2005-06-27,-0.0013454773135030962
2005-06-28,0.0017994641151248825
2005-06-29,0.0010627980875035359
2005-06-30,0.00145354968891942
2005-07-01,-0.0001173006596756343
2005-07-05,0.0037040660228886413
2005-07-06,0.007761420385618445
2005-07-07,-0.013286934942681738
2005-07-08,0.0038525274416429944
2005-07-11,8.062943778774923e-05
2005-07-12,-6.720996912523702e-05
2005-07-13,0.004310365796448723
2005-07-14,0.03215762553577428
2005-07-15,0.0015848827124116394
2005-07-18,-0.005495436683522814
2005-07-19,0.013205365013200687
2005-07-20,-0.01932936355074344
2005-07-21,0.00697686139279563
2005-07-22,-0.034622998366168334
2005-07-25,-0.002440243395940178
2005-07-26,-0.002568526365071877
2005-07-27,0.008364992451438624
2005-07-28,0.0024768958249801187
2005-07-29,-0.006146701317870762
2005-08-01,0.002745590787438079
2005-08-02,-0.0006524890441435005
2005-08-03,-0.006587782135836662
2005-08-04,-0.01000445998802646
2005-08-05,-0.0015794074454044127
2005-08-08,0.006545733466839065
2005-08-09,0.009608428047858775
2005-08-10,-0.0014334816220277213
2005-08-11,-8.632423635379638e-05
2005-08-12,-0.004724491325129643
2005-08-15,-0.0012243984532712693
2005-08-16,0.0034956353750894564
2005-08-17,-0.0014947620000325124
2005-08-18,-0.045570144347611974
2005-08-19,0.003416577819023825
2005-08-22,0.005485415526767179
2005-08-23,0.0053707200358990015
2005-08-24,-0.006677063935544347
2005-08-25,0.0014048025084949511
2005-08-26,0.0004755681450991922
2005-08-29,-0.009775834094326918
2005-08-30,-0.006398216728640271
2005-08-31,0.0049322975761478816
2005-09-01,-0.0019246332572113722
2005-09-02,0.0012551615522067294
2005-09-06,0.001886918831974782
2005-09-07,-0.0026128447744873107
2005-09-08,0.00016452526562149572
2005-09-09,0.005274227296626188
2005-09-12,0.0067319020506870775
2005-09-13,-0.002834270374234449
2005-09-14,-0.006990199813384668
2005-09-15,-0.006675566701549007
2005-09-16,0.0031810667722693697
2005-09-19,0.0005372824420617484
2005-09-20,0.006459337429757905
2005-09-21,0.0019630529448437795
2005-09-22,-0.0022348583990738913
2005-09-23,0.006547595982934418
2005-09-26,0.019863181746424763
2005-09-27,0.003913309538910337
2005-09-28,0.003142913984964135
2005-09-29,0.0032964263085459855
2005-09-30,0.021445124027775986
2005-10-03,-0.013331078959867626
2005-10-04,0.0037500365309937056
2005-10-05,0.004867241273557532
2005-10-06,0.008932576782437529
2005-10-07,0.007501726957626964
2005-10-10,0.004811136264751825
2005-10-11,0.0028844775639977893
2005-10-12,-0.009545450518423038
2005-10-13,0.003444496717869061
2005-10-14,0.00863649848386161
2005-10-17,0.005745528290501456
2005-10-18,0.0011271808545159079
2005-10-19,-0.007616200625506053
2005-10-20,0.0030150953364112
2005-10-21,0.09774584366482442
2005-10-24,0.0
2005-10-25,0.0
2005-10-26,0.0
2005-10-27,0.000983509606380606
2005-10-28,0.008595969677025916
2005-10-31,0.006940237354496004
2005-11-01,-0.0033865546878125707
2005-11-02,0.0013370322301047288
2005-11-03,0.0070893841211785436
2005-11-04,0.0007533869376250557
2005-11-07,0.0035147308109266806
2005-11-08,-0.00125880642051579
2005-11-09,-0.0004637059376877417
2005-11-10,0.004317595443793065
2005-11-11,0.0004067375665721684
2005-11-14,-0.0016992261665177422
2005-11-15,0.006199960368998392
2005-11-16,-0.0017995201909509762
2005-11-17,0.0035860432440948387
2005-11-18,0.009027607904264823
2005-11-21,0.00411999629963633
2005-11-22,0.0021463916959245655
2005-11-23,0.001827630123728996
2005-11-25,0.004184897830019185
2005-11-28,0.002361702472516658
2005-11-29,-0.006625165573789893
2005-11-30,-0.0016357375909232807
2005-12-01,0.006868983200151169
2005-12-02,0.007828720743370488
2005-12-05,-0.008904251174438826
2005-12-06,0.02065985077486765
2005-12-07,0.0023492714274042648
2005-12-08,-0.006406237817956906
2005-12-09,0.0037220341004862156
2005-12-12,0.008622756137299792
2005-12-13,-0.0017526604436081117
2005-12-14,-0.022210152020664897
2005-12-15,0.005627140492921123
2005-12-16,0.0033844184972215974
2005-12-19,-0.001536814399387132
2005-12-20,0.0009679236498369992
2005-12-21,0.005813616993842308
2005-12-22,0.001850083930700741
2005-12-23,0.0015218587360914526
2005-12-27,0.0071253429292186254
2005-12-28,0.002712273255316866
2005-12-29,0.0003055577344905913
2005-12-30,-0.006868655954489045
2006-01-03,0.010021909052308375
2006-01-04,0.00449087713804075
2006-01-05,0.00023201954742413378
2006-01-06,0.00850846167371122
2006-01-09,0.00484488165617547
2006-01-10,0.0032724740097260785
2006-01-11,0.028200107648550077
2006-01-12,0.009073178183357733
2006-01-13,-0.0017652918207585744
2006-01-17,-0.011407564233811174
2006-01-18,-0.0181358041928944
2006-01-19,0.026758440437603115
2006-01-20,-0.0029839332279167907
2006-01-23,0.002894853002203046
2006-01-24,0.01185057090094599
2006-01-25,0.01768928596393149
2006-01-26,0.009514212663383592
2006-01-27,0.015590261192189647
2006-01-30,-0.012781866895842375
2006-01-31,0.001613768189024034
2006-02-01,-0.012253790404764042
2006-02-02,-0.004333252915091568
2006-02-03,0.0015925752944350169
2006-02-06,0.008085508043338407
2006-02-07,0.0078644150085041
2006-02-08,0.01261210914057842
2006-02-09,0.005713165691203725
2006-02-10,0.002471185233494655
2006-02-13,-0.009753799611213365
2006-02-14,0.007632984250670827
2006-02-15,-0.007223320970173974
2006-02-16,0.010498856403714285
2006-02-17,-0.019334640362364652
2006-02-21,0.00497156435935997
2006-02-22,-0.00141372598910261
2006-02-23,0.0018743425382830026
2006-02-24,0.005831148256461249
2006-02-27,0.006385559502420257
2006-02-28,0.006556997509403084
2006-03-01,0.006035646563268271
2006-03-02,0.00231670957837804
2006-03-03,3.9655914835678985e-05
2006-03-06,0.002445682520417769
2006-03-07,0.0019240321517879355
2006-03-08,-0.004031975405629051
2006-03-09,-3.577148100986083e-05
2006-03-10,-0.000910645188571868
2006-03-13,0.00981197802038003
2006-03-14,-0.0017669221013824066
2006-03-15,0.005758583615776081
2006-03-16,0.010067857943353742
2006-03-17,0.003921549077812392
2006-03-20,0.005744912066135699
2006-03-21,-0.02361246659435201
2006-03-22,-0.0020427793901297564
2006-03-23,0.008299499710747282
2006-03-24,0.0025548451233503577
2006-03-27,0.0024663411503880184
2006-03-28,0.00023406748615384387
2006-03-29,0.006331234263183383
2006-03-30,0.004547373365154872
2006-03-31,0.005315021415779775
2006-04-03,-0.00017355017959497232
2006-04-04,0.002806182892629794
2006-04-05,-0.0002621496005015267
2006-04-06,0.00044825927764580165
2006-04-07,0.005528825815730887
2006-04-10,-0.0002271512941263154
2006-04-11,0.005403264921411077
2006-04-12,0.004386495189366846
2006-04-13,-0.015404303395534114
2006-04-17,0.0035870699099771475
2006-04-18,-0.0004000718146531801
2006-04-19,0.002830798566415549
2006-04-20,-0.0010028807638354786
2006-04-21,0.0044450941546387845
2006-04-24,0.004791739077926405
2006-04-25,-0.0008913319991781243
2006-04-26,0.0014219277872549174
2006-04-27,-0.006856735140938652
2006-04-28,0.011387058386338467
2006-05-01,0.007121670820172898
2006-05-02,0.0037971892131158924
2006-05-03,-0.002084301536768418
2006-05-04,-0.0008915628825895139
2006-05-05,0.008894421068109226
2006-05-08,-0.003499894259678449
2006-05-09,-0.00347338798261998
2006-05-10,-0.004786315092839888
2006-05-11,0.0036123449334053426
2006-05-12,-0.0036405573411720793
2006-05-15,-0.0024166770198271736
2006-05-16,0.0011893045519528744
2006-05-17,-0.00025067270570278133
2006-05-18,0.0038107085412009134
2006-05-19,0.031037017592950855
2006-05-22,0.0
2006-05-23,0.0
2006-05-24,0.0
2006-05-25,0.008293787305399203
2006-05-26,0.003511131369147158
2006-05-30,-0.002686542084394117
2006-05-31,0.007521250673048874
2006-06-01,0.0015898250896941857
2006-06-02,0.005959348711351176
2006-06-05,-0.000539072441360644
2006-06-06,0.001731421718051962
2006-06-07,0.002595635381259065
2006-06-08,-0.007422639979504209
2006-06-09,0.008684334915360692
2006-06-12,0.0003218365449697558
2006-06-13,-0.0032550157536821445
2006-06-14,0.009231017961322197
2006-06-15,0.008372437776162256
2006-06-16,-0.0012316542261670005
2006-06-19,0.005273820346880287
2006-06-20,-0.00263960326527779
2006-06-21,0.00014439027737722654
2006-06-22,0.0010520260701440964
2006-06-23,0.0018819897204813696
2006-06-26,0.0013925321424030912
2006-06-27,-0.013192959633955947
2006-06-28,0.0004874257707163654
2006-06-29,-0.0013350134081937526
2006-06-30,0.001955856636427944
2006-07-03,0.0033003345916202687
2006-07-05,-0.009980646885549671
2006-07-06,0.0007947346976087122
2006-07-07,-0.007421388615667768
2006-07-10,0.0024367647212160115
2006-07-11,-0.0023898324128118764
2006-07-12,-0.001214911964021459
2006-07-13,-0.004603191793756234
2006-07-14,0.0025629804979168114
2006-07-17,-0.0016170277981180092
2006-07-18,0.00048476175431533264
2006-07-19,0.0007982084007136514
2006-07-20,0.0067229876594712135
2006-07-21,-0.023397940749944834
2006-07-24,-0.0013075053904132439
2006-07-25,0.003655259705814151
2006-07-26,-0.00030835351207736394
2006-07-27,0.005302269906970247
2006-07-28,0.003844211253615226
2006-07-31,-0.00013678747676593161
2006-08-01,-0.00011566740404078679
2006-08-02,0.004811764574547794
2006-08-03,-0.004574965017833166
2006-08-04,0.010946179341046358
2006-08-07,-0.005000798792687111
2006-08-08,0.001205024218196682
2006-08-09,0.010571866216960046
2006-08-10,-0.0026520979339269557
2006-08-11,-0.009198543778751067
2006-08-14,0.004357506615684681
2006-08-15,0.01215412178508224
2006-08-16,0.00691173873051798
2006-08-17,0.00043195454278288636
2006-08-18,-0.014912356590237819
2006-08-21,-0.006685789952065591
2006-08-22,0.0042243840309634795
2006-08-23,0.004636706806731894
2006-08-24,0.004991134759320115
2006-08-25,-0.0018292072864125597
2006-08-28,0.0028090012616481808
2006-08-29,0.002042504766372577
2006-08-30,0.002091952369309036
2006-08-31,0.0012816098512267171
2006-09-01,0.0012626790277776578
2006-09-05,0.002883312211596767
2006-09-06,-0.008333895868870345
2006-09-07,-0.004389135988686177
2006-09-08,0.0003340220576109054
2006-09-11,-0.003629016048540268
2006-09-12,0.001651530959422498
2006-09-13,0.005343923627747049
2006-09-14,-0.0024880847532947614
2006-09-15,0.007938244467764033
2006-09-18,0.0011584081704558713
2006-09-19,-0.0001921333964012284
2006-09-20,0.00999828172661954
2006-09-21,0.006649067600648539
2006-09-22,-0.003720267490779028
2006-09-25,0.008238224575403352
2006-09-26,0.0009039819194196497
2006-09-27,-0.0029306437130230956
2006-09-28,-0.002141183156241233
2006-09-29,0.0034454307051536848
2006-10-02,-0.0005163530393663684
2006-10-03,-0.004418278558636191
2006-10-04,-0.0016150585090367597
2006-10-05,-0.008384880991846422
2006-10-06,-0.013297975020161612
2006-10-09,-0.004888406570722981
2006-10-10,0.000875020507751012
2006-10-11,-0.002908066704942036
2006-10-12,0.006670564160945469
2006-10-13,0.0028293404917385523
2006-10-16,0.002092139896461287
2006-10-17,-0.005674816332102983
2006-10-18,0.007073910245313675
2006-10-19,0.04167995311307848
2006-10-20,0.0
2006-10-23,0.0
2006-10-24,0.0
2006-10-25,0.0028219945585483686
2006-10-26,0.0063681523655623185
2006-10-27,-0.00465275377532226
2006-10-30,-0.0034853553136159343
2006-10-31,0.008659267646770052
2006-11-01,-0.001009468117330048
2006-11-02,-0.004141983407451644
2006-11-03,0.005777686528245729
2006-11-06,0.0067177548876511395
2006-11-07,0.007706397698646894
2006-11-08,-0.009371315888369924
2006-11-09,0.009242760368435077
2006-11-10,-0.0015048960594977734
2006-11-13,-0.0003481311779844898
2006-11-14,0.0047113935008311625
2006-11-15,-0.00157855770650972
2006-11-16,0.00857834349029174
2006-11-17,-0.007994517211267427
2006-11-20,-0.0032727912794721092
2006-11-21,0.0068914671410871264
2006-11-22,0.004364443051348976
2006-11-24,-0.012889757945357405
2006-11-27,0.0022295510893659554
2006-11-28,0.002694648885690487
2006-11-29,0.011831697488478232
2006-11-30,0.0002319557565144681
2006-12-01,-0.0030188146956050543
2006-12-04,0.010980018443442763
2006-12-05,0.004710792480049797
2006-12-06,-0.002754611617766245
2006-12-07,0.003889231523282355
2006-12-08,5.2254001235541025e-05
2006-12-11,0.0032749463897683295
2006-12-12,-0.0022616174140139833
2006-12-13,0.01861001825658226
2006-12-14,0.0006787774349132913
2006-12-15,0.006385152456906296
2006-12-18,-0.0011901363059116932
2006-12-19,-0.009270611155525188
2006-12-20,0.0011812360215353035
2006-12-21,0.001644919598160266
2006-12-22,0.004662564573154837
2006-12-26,0.001691923838608611
2006-12-27,-0.024938384870605734
2006-12-28,-0.010811116237891882
2006-12-29,0.024002762996150784
2007-01-03,0.013708080916809084
2007-01-04,0.0009897469614668086
2007-01-05,-0.002286724456310285
2007-01-08,0.00819374466873346
2007-01-09,0.008823756335928357
2007-01-10,0.013421544107589778
2007-01-11,-0.006651280891172062
2007-01-12,-0.010052321194053637
2007-01-16,0.00342678941921859
2007-01-17,0.001056874661149676
2007-01-18,-0.01775658339007158
2007-01-19,-0.0031250484324928385
2007-01-22,0.005435865099328918
2007-01-23,-0.010247643338901158
2007-01-24,0.01027818864517216
2007-01-25,0.0037694685529607863
2007-01-26,0.005649325749966128
2007-01-29,0.006126044201064884
2007-01-30,0.005550617914648059
2007-01-31,-0.006410235496250083
2007-02-01,0.004447514080420545
2007-02-02,0.007913464877569165
2007-02-05,-0.0007342174431803627
2007-02-06,0.005176429919647951
2007-02-07,0.022738770324373547
2007-02-08,-0.00619915684886807
2007-02-09,-0.0002114721489971938
2007-02-12,-0.004121364709309461
2007-02-13,0.0060746797280277764
2007-02-14,0.0020515157312819277
2007-02-15,0.0039556846818187275
2007-02-16,-0.0008858233202876376
2007-02-20,-0.003894484496048456
2007-02-21,-0.011532179143332821
2007-02-22,0.007652158789692276
2007-02-23,-0.0015308483162952413
2007-02-26,0.007708457720422279
2007-02-27,-0.02856648173358234
2007-02-28,0.0017212700345792253
2007-03-01,-0.031057670654873637
2007-03-02,-0.003383544360422097
2007-03-05,-0.01397206345831159
2007-03-06,0.00868260939323906
2007-03-07,-0.002576994571257041
2007-03-08,0.007533714078329146
2007-03-09,0.005239883124259492
2007-03-12,-0.0032306121902772045
2007-03-13,-0.007243394666550218
2007-03-14,0.000804552121725477
2007-03-15,-0.0007214666716136575
2007-03-16,0.0007256329031655184
2007-03-19,0.0017724152380016456
2007-03-20,-0.0007078768109762823
2007-03-21,0.006280024869079526
2007-03-22,0.0011021644253996765
2007-03-23,-0.0012348958495564943
2007-03-26,0.0001722771220167285
2007-03-27,-0.0012917898845644649
2007-03-28,-0.002920126773378273
2007-03-29,0.004429365838608312
2007-03-30,0.0026527065276706896
2007-04-02,0.00020339980731387541
2007-04-03,0.000672563549855898
2007-04-04,-0.00040209254650247495
2007-04-05,0.0013933344133374437
2007-04-09,0.005189072689263385
2007-04-10,-0.0003227279522729498
2007-04-11,0.0007746924355338525
2007-04-12,-0.0011680159406062263
2007-04-13,0.001128130426493179
2007-04-16,0.0012729733983449787
2007-04-17,0.0028941561308490904
2007-04-18,-0.0002600911378085602
2007-04-19,-0.0031805125447318394
2007-04-20,0.007315101880336128
2007-04-23,-0.0023488847520654055
2007-04-24,0.00040564787373753575
2007-04-25,0.00011500966154986969
2007-04-26,0.0020854483419157077
2007-04-27,-0.0047664474968871495
2007-04-30,0.0016966584830357956
2007-05-01,0.0027982036639753183
2007-05-02,0.0008098715112192512
2007-05-03,0.0029438419470300126
2007-05-04,0.004396560551088502
2007-05-07,0.001414553301123611
2007-05-08,-0.0052515993812976
2007-05-09,-0.00027144821484370585
2007-05-10,-0.003923165775416182
2007-05-11,0.0028474993393501347
2007-05-14,0.008030855267934012
2007-05-15,0.0015804927527276469
2007-05-16,0.006329322899377932
2007-05-17,-0.00177021975668612
2007-05-18,0.006902151069491991
2007-05-21,0.001508391974519574
2007-05-22,0.00321544405858476
2007-05-23,-0.001238573173593216
2007-05-24,-0.0003673971441306989
2007-05-25,0.008785711872016266
2007-05-29,0.005509532869044431
2007-05-30,-0.0022531925909264894
2007-05-31,0.009188634488240588
2007-06-01,0.0011294161564392446
2007-06-04,0.00012668403497984038
2007-06-05,7.314553900150678e-05
2007-06-06,-0.004495328681001776
2007-06-07,0.005254766418624657
2007-06-08,0.011507368402209783
2007-06-11,0.008239663258309271
2007-06-12,-0.008323339507740002
2007-06-13,0.006303760347828868
2007-06-14,-0.0010388524088288387
2007-06-15,0.014432911807095161
2007-06-18,0.01787395930853597
2007-06-19,-0.004855321543508095
2007-06-20,0.002782838071864191
2007-06-21,8.831967236178073e-05
2007-06-22,0.00021270480459345542
2007-06-25,0.007743811587978211
2007-06-26,0.010717289589311507
2007-06-27,0.0037403013766568183
2007-06-28,0.0032452806122742484
2007-06-29,0.010812281427874826
2007-07-02,-0.004021943238333381
2007-07-03,0.006076406115692379
2007-07-05,0.008359461442821514
2007-07-06,0.002295818855100995
2007-07-09,0.0015675630139917462
2007-07-10,-0.009074375178806382
2007-07-11,-0.0007962054996016876
2007-07-12,0.010022543509756954
2007-07-13,0.005553465160159865
2007-07-16,0.0023456834083350753
2007-07-17,0.003564653798699302
2007-07-18,-0.007213989682373523
2007-07-19,0.0156927605058792
2007-07-20,0.010037010981134076
2007-07-23,0.004226660948615457
2007-07-24,-0.031896070818419275
2007-07-25,0.05967863779326765
2007-07-26,0.0
2007-07-27,0.0
2007-07-30,0.0
2007-07-31,0.015936013716427277
2007-08-01,0.005896938225209869
2007-08-02,0.011975877176462868
2007-08-03,-0.008800402546750297
2007-08-06,0.007326066674938625
2007-08-07,-0.0036735495779739447
2007-08-08,0.012546683251801527
2007-08-09,-0.020441870486489933
2007-08-10,-0.03128738793590424
2007-08-13,0.025081439910539682
2007-08-14,0.0032074334513199076
2007-08-15,-0.009351384871591817
2007-08-16,-0.018771219039601883
2007-08-17,0.04049319594702627
2007-08-20,0.0
2007-08-21,0.0
2007-08-22,0.0
2007-08-23,0.005767035275564547
2007-08-24,-0.004957185684198451
2007-08-27,-0.005991214467592099
2007-08-28,-0.00818302399492099
2007-08-29,0.021085545710715303
2007-08-30,-0.011034599810744172
2007-08-31,0.023182019164762924
2007-09-04,0.008478638753742551
2007-09-05,0.0020316011681349444
2007-09-06,-0.0016302320299693696
2007-09-07,-0.023189319726752866
2007-09-10,0.030567862596355688
2007-09-11,0.009872055126985746
2007-09-12,0.0037044248164863625
2007-09-13,0.01404398304979626
2007-09-14,-0.006407663242344763
2007-09-17,-0.0006886858374207661
2007-09-18,0.006278941322499065
2007-09-19,0.014066214043648939
2007-09-20,-0.003064213964489082
2007-09-21,0.006864593765534277
2007-09-24,0.013798716667363875
2007-09-25,-0.009427730992111694
2007-09-26,0.008070598025834652
2007-09-27,0.0077079463757634414
2007-09-28,-0.0049159425999723005
2007-10-01,0.007428399631344451
2007-10-02,0.001401005198149674
2007-10-03,-0.005683396784626038
2007-10-04,0.0001532778246338129
2007-10-05,0.013470948629379365
2007-10-08,0.011321078078780689
2007-10-09,0.011204386796123345
2007-10-10,-0.0003591841130029527
2007-10-11,0.011525007736997717
2007-10-12,0.004815817005519696
2007-10-15,0.0028461641714123687
2007-10-16,-0.01063231810527665
2007-10-17,0.022594424463313834
2007-10-18,-0.006971624127461218
2007-10-19,0.005928918778242753
2007-10-22,-0.002412773963535564
2007-10-23,0.06837590919395287
2007-10-24,0.0
2007-10-25,0.0
2007-10-26,0.0
2007-10-29,0.0007338952345978811
2007-10-30,0.003424671544131508
2007-10-31,0.002295407473213329
2007-11-01,-0.010389613144724308
2007-11-02,0.0039517984364143555
2007-11-05,-0.0033203942401593967
2007-11-06,0.0012366673344679224
2007-11-07,-0.0033253511189764717
2007-11-08,-0.0014874131715501004
2007-11-09,-0.0004777864345003602
2007-11-12,-0.0006710032507677433
2007-11-13,0.004289922402839874
2007-11-14,0.003953757023879234
2007-11-15,-0.0018881222518113416
2007-11-16,0.0021364979952878116
2007-11-19,-0.003488789950934601
2007-11-20,0.0031618141452594006
2007-11-21,-0.0035294344386596066
2007-11-23,0.0022336157553410896
2007-11-26,6.595107054829796e-05
2007-11-27,0.002454148611495066
2007-11-28,0.001520053470711824
2007-11-29,-0.001130598755614609
2007-11-30,0.005649492869084671
2007-12-03,0.002215963172165436
2007-12-04,-0.0003504569701985316
2007-12-05,0.006934019006130443
2007-12-06,-0.00013917688631126524
2007-12-07,0.00020211615195186994
2007-12-10,-0.00010339121872160462
2007-12-11,0.002920619451608486
2007-12-12,0.007469088395679169
2007-12-13,-0.0018890855405697682
2007-12-14,-0.0010833366642036824
2007-12-17,-0.0016949891028236186
2007-12-18,0.0033820310750087845
2007-12-19,-0.00027249326198663937
2007-12-20,0.0033507464991751057
2007-12-21,0.0015653546892924197
2007-12-24,0.00018267181773357066
2007-12-26,0.0004671170656076473
2007-12-27,-0.000869295419447802
2007-12-28,0.001759511588179441
2007-12-31,-0.0016331181349702462
2008-01-02,8.984423940372466e-06
2008-01-03,0.0014397060520288107
2008-01-04,-0.005014339141773405
2008-01-07,0.0025958342906717835
2008-01-08,0.0020569808976809156
2008-01-09,0.0010286101149887816
2008-01-10,-0.0035039174372437643
2008-01-11,-0.002039003252305105
2008-01-14,0.006299794310489215
2008-01-15,-0.005592318316871681
2008-01-16,-0.011161028120419858
2008-01-17,0.003719636684244021
2008-01-18,0.006460554000552232
2008-01-22,-0.019931828517054995
2008-01-23,-0.007849707181986854
2008-01-24,0.006688180293257684
2008-01-25,0.008098456520005293
2008-01-28,-0.005812955045567114
2008-01-29,0.0037304217195524014
2008-01-30,-0.002465242560293235
2008-01-31,-0.006438608497642995
2008-02-01,0.00402905245727192
2008-02-04,0.0027491456644987977
2008-02-05,-0.006408754387721816
2008-02-06,0.0032930031988234187
2008-02-07,-0.006479097906922249
2008-02-08,-0.0010896133587234846
2008-02-11,0.0023976440930326692
2008-02-12,0.004015781711222743
2008-02-13,0.0038353746075285855
2008-02-14,-0.0034567942878858116
2008-02-15,-0.00041510483534890064
2008-02-19,0.007154081689925151
2008-02-20,-0.0037237807431507175
2008-02-21,0.0032177252779292953
2008-02-22,0.0011192864228539712
2008-02-25,-4.489453360412288e-05
2008-02-26,-0.0015800055878267827
2008-02-27,-0.0017058511345326988
2008-02-28,-0.002371947009774167
2008-02-29,-0.003179299648899514
2008-03-03,0.00033121261118096434
2008-03-04,-0.0029374826695101053
2008-03-05,0.002391625889104354
2008-03-06,-0.0004249969801090048
2008-03-07,-0.005249847097829274
2008-03-10,-0.0005747952157646452
2008-03-11,0.005338076369833633
2008-03-12,0.0009165007073670406
2008-03-13,-0.003252691932380758
2008-03-14,0.0019200006645401224
2008-03-17,-0.007841228171943437
2008-03-18,0.004415551151483399
2008-03-19,-0.002281730600829368
2008-03-20,0.0009467530652278455
2008-03-24,0.002932120320672249
2008-03-25,0.0015761210990337116
2008-03-26,-0.0016499625068212564
2008-03-27,-0.0003338234074538038
2008-03-28,0.0033485381080009535
2008-03-31,0.0007671460774167915
2008-04-01,0.005260334579064052
2008-04-02,0.0008410992526568517
2008-04-03,0.0009414110855230362
2008-04-04,-0.0018351727578763688
2008-04-07,0.0037530113163404266
2008-04-08,-0.005480769790162321
2008-04-09,0.0015797115368083592
2008-04-10,0.0018188857487555499
2008-04-11,-0.004817306424472201
2008-04-14,-0.00023582996359639008
2008-04-15,0.0014220735121794892
2008-04-16,0.006624228791818121
2008-04-17,-0.005039707828502937
2008-04-18,0.006243645130438846
2008-04-21,-0.0006072471593836504
2008-04-22,-0.0024121766490932117
2008-04-23,0.003419371057841847
2008-04-24,0.00031758168555739985
2008-04-25,0.001850391351174041
2008-04-28,-0.0005409628350744322
2008-04-29,-0.0011334713408107655
2008-04-30,0.0016241638212846077
2008-05-01,0.0011085970063742234
2008-05-02,0.0034432657731382488
2008-05-05,0.0040276028445276335
2008-05-06,-0.00036346280148835675
2008-05-07,-0.0019478793926084315
2008-05-08,0.0062411005495945915
2008-05-09,-0.005228931501273459
2008-05-12,0.006152300860594595
2008-05-13,0.0024326925948652267
2008-05-14,0.003986208896149757
2008-05-15,0.0015193525769381377
2008-05-16,0.0023279035857888264
2008-05-19,0.0012456136559308995
2008-05-20,-0.008172460286138494
2008-05-21,-0.0015943099455426601
2008-05-22,0.005059021850024603
2008-05-23,0.011581507209815545
2008-05-27,0.006969964066332546
2008-05-28,0.005516954551123554
2008-05-29,-0.0004380426596168885
2008-05-30,0.0036944569034302877
2008-06-02,-0.0010447118081300388
2008-06-03,0.0037853278402051327
2008-06-04,-0.006098202225649052
2008-06-05,0.0061557032984682625
2008-06-06,-0.009385583185258062
2008-06-09,-0.00208675185247742
2008-06-10,-0.010288529709339689
2008-06-11,-0.007139954158523754
2008-06-12,0.006790279689697254
2008-06-13,-0.0014565172133914617
2008-06-16,-0.008313430859690385
2008-06-17,0.005805179198849597
2008-06-18,-0.0028715585705744173
2008-06-19,-0.002517008022568823
2008-06-20,-0.01114100616239977
2008-06-23,0.0005501469765851752
2008-06-24,-0.0050078000205585615
2008-06-25,0.007944476934881983
2008-06-26,-0.021183792429676496
2008-06-27,-0.0076905594106140285
2008-06-30,-0.0015629631358894391
2008-07-01,-0.01785559646545387
2008-07-02,0.0
2008-07-03,0.0
2008-07-07,0.0
2008-07-08,0.0
2008-07-09,0.0
2008-07-10,0.0
2008-07-11,0.0
2008-07-14,0.0
2008-07-15,0.0
2008-07-16,0.0
2008-07-17,0.0
2008-07-18,0.0
2008-07-21,0.0
2008-07-22,0.0
2008-07-23,0.0
2008-07-24,0.0
2008-07-25,0.0
2008-07-28,0.0
2008-07-29,0.0
2008-07-30,0.0
2008-07-31,0.0
2008-08-01,0.0
2008-08-04,-6.0317984865942975e-05
2008-08-05,0.004067318665778918
2008-08-06,0.0007477318420465728
2008-08-07,-0.0011144363019368608
2008-08-08,0.0009392581052116711
2008-08-11,0.000923402944998708
2008-08-12,0.0016570197035323808
2008-08-13,0.003914786450387675
2008-08-14,-0.001309210648604453
2008-08-15,0.0022338352006374684
2008-08-18,0.0010348043234233995
2008-08-19,-0.0032872116342694824
2008-08-20,0.002501946763897145
2008-08-21,-0.00196827860283344
2008-08-22,0.002037734057635854
2008-08-25,0.0005800784344975884
2008-08-26,-0.0013278822666351608
2008-08-27,-0.0013603001089713684
2008-08-28,0.0016470825161571945
2008-08-29,-0.003963253226424768
2008-09-02,0.0032442054701329326
2008-09-03,-0.0017955412562995487
2008-09-04,-0.0026609051657768834
2008-09-05,-0.0028324188117747617
2008-09-08,0.004365023233058318
2008-09-09,-0.0003124474779824249
2008-09-10,0.0018841946092686968
2008-09-11,-0.006583732917454177
2008-09-12,-0.0018770585938475692
2008-09-15,-0.007217445557742619
2008-09-16,-0.006332584024744348
2008-09-17,-0.0038340197822593902
2008-09-18,0.0034538247874522643
2008-09-19,0.0104511562443379
2008-09-22,0.0
2008-09-23,0.0
2008-09-24,0.0
2008-09-25,0.0011865774612953572
2008-09-26,-0.007250856809386419
2008-09-29,-0.005147574482864292
2008-09-30,0.005057974754802075
2008-10-01,0.0
2008-10-02,0.0
2008-10-03,0.0
2008-10-06,-0.006402812813302794
2008-10-07,0.01099290739235892
2008-10-08,0.0
2008-10-09,0.0
2008-10-10,0.0
2008-10-13,0.012221311738400686
2008-10-14,0.0
2008-10-15,0.0
2008-10-16,0.0
2008-10-17,-0.0010256969015420836
2008-10-20,0.0033672608264005977
2008-10-21,-0.003742326115107164
2008-10-22,-0.0017304354118599097
2008-10-23,-0.0004376857299096537
2008-10-24,-0.013384606737139038
2008-10-27,-0.0015931467586817183
2008-10-28,0.006190130083350898
2008-10-29,0.0
2008-10-30,0.0
2008-10-31,0.0
2008-11-03,0.0014952964103831512
2008-11-04,0.0062754789560452995
2008-11-05,0.0
2008-11-06,0.0
2008-11-07,0.0
2008-11-10,0.004138401763468025
2008-11-11,0.0
2008-11-12,0.0
2008-11-13,0.0
2008-11-14,-0.0029648505680202053
2008-11-17,-0.0002561246134502593
2008-11-18,0.0019423453063154295
2008-11-19,-0.0007608380271837412
2008-11-20,-0.000906818116155006
2008-11-21,0.0027103060751412222
2008-11-24,0.0
2008-11-25,0.0
2008-11-26,0.0
2008-11-28,-0.0008550248028251772
2008-12-01,-0.0027300265526475354
2008-12-02,0.001713771651631557
2008-12-03,-0.0009656251909411218
2008-12-04,-0.0022644850092687907
2008-12-05,-0.0009878075789276908
2008-12-08,0.002214695897914787
2008-12-09,-0.0009753888567318736
2008-12-10,0.0015737216653022301
2008-12-11,-0.0007164632918744696
2008-12-12,-0.0024433598924801236
2008-12-15,0.00047632508437156496
2008-12-16,0.0011780450762095551
2008-12-17,-0.002256100923529014
2008-12-18,0.0004940383209328658
2008-12-19,0.002150078664189925
2008-12-22,-0.0013031302262765943
2008-12-23,0.0007091107911785244
2008-12-24,-0.001786467875021458
2008-12-26,0.0014079809678786415
2008-12-29,0.00043962843036227106
2008-12-30,0.0010318831427016395
2008-12-31,-0.0007635504838539031
2009-01-02,-2.049371736101424e-05
2009-01-05,-0.0004100023925375229
2009-01-06,0.0017299512743229606
2009-01-07,-0.0022246347254832877
2009-01-08,-0.0011734270845906725
2009-01-09,-0.00030437883951583977
2009-01-12,-0.0002934827142004881
2009-01-13,-0.001982761098077601
2009-01-14,-0.0033921033375722276
2009-01-15,0.0003969201407592049
2009-01-16,0.0024974893235780726
2009-01-20,-0.001406984253403909
2009-01-21,0.002060399273386304
2009-01-22,-0.002958157034273934
2009-01-23,-0.002601824404973474
2009-01-26,0.00019980581451450874
2009-01-27,0.0015440000110686913
2009-01-28,0.003437435970091718
2009-01-29,0.0
2009-01-30,0.0
2009-02-02,0.0
2009-02-03,0.00020979178307389823
2009-02-04,0.00044325581484305765
2009-02-05,-0.0007339791976253007
2009-02-06,0.000683918355602442
2009-02-09,0.00011455718386810254
2009-02-10,-0.0007224247284357554
2009-02-11,-0.0026357512867930533
2009-02-12,-0.001428044528045569
2009-02-13,-0.00016240129760769495
2009-02-17,-0.004847995808500261
2009-02-18,0.0009541073041006154
2009-02-19,0.002133114683263715
2009-02-20,-0.0018979836248493864
2009-02-23,0.0013380730971579435
2009-02-24,0.002521371445802334
2009-02-25,-0.0003390672935205119
2009-02-26,0.0022746637989916607
2009-02-27,-0.002211631649605139
2009-03-02,-0.002784144694494173
2009-03-03,0.0
2009-03-04,0.0
2009-03-05,0.0
2009-03-06,0.0
2009-03-09,0.0
2009-03-10,0.0
2009-03-11,0.0
2009-03-12,0.0
2009-03-13,0.0
2009-03-16,0.0
2009-03-17,0.0
2009-03-18,0.0
2009-03-19,0.0
2009-03-20,0.0
2009-03-23,0.0
2009-03-24,0.0
2009-03-25,0.0
2009-03-26,0.0
2009-03-27,0.0
2009-03-30,0.0
2009-03-31,0.0
2009-04-01,0.0
2009-04-02,0.0
2009-04-03,0.0
2009-04-06,0.0
2009-04-07,0.0
2009-04-08,0.0
2009-04-09,0.0
2009-04-13,0.0
2009-04-14,0.0
2009-04-15,0.0
2009-04-16,0.0
2009-04-17,0.0
2009-04-20,0.0
2009-04-21,0.0
2009-04-22,0.0
2009-04-23,0.0
2009-04-24,0.0
2009-04-27,0.0
2009-04-28,0.0
2009-04-29,0.0
2009-04-30,0.0
2009-05-01,0.0
2009-05-04,0.013512665029782989
2009-05-05,0.0010235371660158865
2009-05-06,0.0086535016363678
2009-05-07,0.00399651720672245
2009-05-08,0.0063421372227250306
2009-05-11,-0.018453826889432645
2009-05-12,0.005117081568960069
2009-05-13,-0.014904964248808716
2009-05-14,5.254892038730752e-05
2009-05-15,-0.0038005738965987135
2009-05-18,0.014988806899647322
2009-05-19,-0.001963156963433077
2009-05-20,0.007737572102548995
2009-05-21,-0.010386858654223285
2009-05-22,0.002065627531089964
2009-05-26,0.0034867982704316347
2009-05-27,0.003359522756706035
2009-05-28,0.008289928640001332
2009-05-29,0.00320220211685851
2009-06-01,0.01009167473043937
2009-06-02,-0.004983987416569913
2009-06-03,-0.009976855749402436
2009-06-04,0.00665671018128311
2009-06-05,0.011417479503276207
2009-06-08,-0.010474735885215636
2009-06-09,0.004749256446969552
2009-06-10,0.0038572652953225983
2009-06-11,-0.004188444941614966
2009-06-12,-0.004666593006128927
2009-06-15,-0.01028017404970194
2009-06-16,0.005864720883492103
2009-06-17,0.00013348932519186008
2009-06-18,0.001535595856321459
2009-06-19,0.01003591003877613
2009-06-22,-0.006345750498321423
2009-06-23,-0.0014004766351879416
2009-06-24,0.008385105478857069
2009-06-25,-0.0048547656177577725
2009-06-26,-0.005309374275078493
2009-06-29,0.0020547441358331753
2009-06-30,0.0016731582897597796
2009-07-01,0.007162122644770674
2009-07-02,-0.010922733700877041
2009-07-06,-0.009385946912223053
2009-07-07,0.00117075879719164
2009-07-08,0.006992638914923965
2009-07-09,0.008905185946565863
2009-07-10,-0.0029032261725094877
2009-07-13,0.006525276756149001
2009-07-14,-0.001458268830831555
2009-07-15,0.022539252558176903
2009-07-16,-0.0059621773788758325
2009-07-17,-0.001475610057637633
2009-07-20,0.008079496481625315
2009-07-21,0.0033320171763104867
2009-07-22,0.020254093330767775
2009-07-23,0.0017291506196275286
2009-07-24,-0.017217946863680833
2009-07-27,0.00048201867419117583
2009-07-28,-0.007150360429094893
2009-07-29,-0.00611527650376642
2009-07-30,0.012599599720370946
2009-07-31,0.003679794274401349
2009-08-03,0.011204923853615156
2009-08-04,-0.007620619437932574
2009-08-05,0.0003711074904162448
2009-08-06,0.002754285334014117
2009-08-07,0.01475786108967192
2009-08-10,0.0016347000366165876
2009-08-11,-0.0054600410328524696
2009-08-12,-0.00047500261891775253
2009-08-13,0.007230601449667251
2009-08-14,-0.004691006191194225
2009-08-17,-0.025799870166726357
2009-08-18,0.010567126802294657
2009-08-19,-0.012750171520924058
2009-08-20,0.000749636209371074
2009-08-21,0.009434951960467064
2009-08-24,0.005899616990325818
2009-08-25,0.0029720195818074835
2009-08-26,-0.000842263936184473
2009-08-27,0.003066914559786804
2009-08-28,0.020714014751849197
2009-08-31,-0.011831863861982983
2009-09-01,-0.002304032962272662
2009-09-02,-0.004281481662170128
2009-09-03,0.0077601160387910095
2009-09-04,0.0022759157890093196
2009-09-08,0.014535171477218167
2009-09-09,0.001197486086959243
2009-09-10,0.0050664182508977085
2009-09-11,0.004797303802690056
2009-09-14,-0.009432793791936178
2009-09-15,0.005400907583078096
2009-09-16,0.01236162137709429
2009-09-17,-0.0020793845840487712
2009-09-18,0.007980349770328798
2009-09-21,-0.005340254769764852
2009-09-22,0.008513760504089696
2009-09-23,0.005574026954854094
2009-09-24,0.009206258435318082
2009-09-25,-0.009176867712130776
2009-09-28,0.007597206986766469
2009-09-29,0.0019949405096348904
2009-09-30,0.004400161496709298
2009-10-01,-0.0009000298863758305
2009-10-02,-0.004374780977641657
2009-10-05,0.0052940489475972186
2009-10-06,0.010640910607708554
2009-10-07,-0.0012151012080067192
2009-10-08,0.004892751318477773
2009-10-09,-0.0015298585925976882
2009-10-12,0.006259729439655137
2009-10-13,-0.00010970601039439476
2009-10-14,0.01636514776994691
2009-10-15,-0.0088635604511903
2009-10-16,-0.00883656707262137
2009-10-19,0.0027056375182277215
2009-10-20,0.03604687287828212
2009-10-21,0.0
2009-10-22,0.0
2009-10-23,0.0
2009-10-26,-0.0007771834017351598
2009-10-27,-0.0033735575695417186
2009-10-28,-0.0021049114237959854
2009-10-29,0.012636748669809572
2009-10-30,8.222052433426441e-05
2009-11-02,0.0054012840792145855
2009-11-03,-0.004167275356241729
2009-11-04,0.002894839568105656
2009-11-05,0.0033852345307905374
2009-11-06,0.0023144521779292493
2009-11-09,0.0033268147828111605
2009-11-10,0.00018149834261271813
2009-11-11,0.002964685095118824
2009-11-12,0.008423674530418479
2009-11-13,0.0
2009-11-16,0.0
2009-11-17,0.0
2009-11-18,-0.0004212952955200411
2009-11-19,-0.004595469239970118
2009-11-20,-0.0032034527899768017
2009-11-23,0.00251286434282072
2009-11-24,8.743478547112993e-05
2009-11-25,0.001368351035568871
2009-11-27,-0.008505043581437888
2009-11-30,0.001132506572612213
2009-12-01,0.0024853423096455884
2009-12-02,0.007321686370488578
2009-12-03,0.006926569220076395
2009-12-04,0.020195380213775982
2009-12-07,0.003183689881790741
2009-12-08,-0.000743953579712131
2009-12-09,0.005700936194824147
2009-12-10,0.009616589604483972
2009-12-11,0.006381066961830717
2009-12-14,0.0022311488155386527
2009-12-15,-0.006645126384307587
2009-12-16,0.0078053849555659305
2009-12-17,-0.003943192420272412
2009-12-18,0.006327080755927694
2009-12-21,0.007869061604786953
2009-12-22,0.006287383369610433
2009-12-23,0.006906724535896913
2009-12-24,0.006746408084460143
2009-12-28,0.011669890207780309
2009-12-29,0.0063339524867986885
2009-12-30,-0.003673219098417224
2009-12-31,0.007434971670123858
2010-01-04,0.015734044372753386
2010-01-05,0.0016471338903665256
2010-01-06,8.930834568654511e-05
2010-01-07,0.0019285162458024807
2010-01-08,-0.003487818940799192
2010-01-11,0.004618390669663963
2010-01-12,-0.007341835264330632
2010-01-13,-0.005325185198176596
2010-01-14,-0.004546119209475341
2010-01-15,0.006363788129672088
2010-01-19,0.007035730796723927
2010-01-20,-0.0049844344727683065
2010-01-21,0.004908796944613769
2010-01-22,-0.019126950933673337
2010-01-25,0.014856169753830306
2010-01-26,0.006763326785736767
2010-01-27,0.0014328511375050201
2010-01-28,-0.006743513996284367
2010-01-29,0.011865203508508282
2010-02-01,0.006962013005697765
2010-02-02,0.0030694636284467336
2010-02-03,-0.00803821937289484
2010-02-04,-0.011862145758377296
2010-02-05,0.0017238658193614587
2010-02-08,0.006886912539644685
2010-02-09,0.017312164860431523
2010-02-10,-0.0038164748558509043
2010-02-11,-0.0007549276867160337
2010-02-12,-0.0028329872387385935
2010-02-16,0.009141050904365233
2010-02-17,0.004009318736617695
2010-02-18,-0.005906952074518745
2010-02-19,-0.005285806038539342
2010-02-22,0.004238477653801143
2010-02-23,-0.0025022069231229738
2010-02-24,0.007387317136523075
2010-02-25,-0.020059056474619474
2010-02-26,-0.00023607613808507288
2010-03-01,0.006623973463045996
2010-03-02,0.004250668969034255
2010-03-03,0.0005566651588431171
2010-03-04,0.00030960446766648
2010-03-05,0.014874774947696512
2010-03-08,0.002728752746569807
2010-03-09,-0.0046295090329442345
2010-03-10,0.0036602176198543557
2010-03-11,-0.003151361206810477
2010-03-12,0.008523873070221066
2010-03-15,-0.00426850976136306
2010-03-16,0.001972192078911972
2010-03-17,0.0032302258321692534
2010-03-18,-0.0005771394166487198
2010-03-19,0.0013088505410983053
2010-03-22,-0.0068149646049950885
2010-03-23,0.004172076143271308
2010-03-24,-0.0036083538097866352
2010-03-25,0.008570351960917488
2010-03-26,0.007542093925655191
2010-03-29,0.008535589865725557
2010-03-30,0.013600428046843582
2010-03-31,-0.0034272088581620563
2010-04-01,0.010956550552425393
2010-04-05,0.00027564448896399973
2010-04-06,-0.0020962432964747313
2010-04-07,0.0006253760375380946
2010-04-08,-0.001498230493253483
2010-04-09,0.005148608991391246
2010-04-12,0.0015098310337180454
2010-04-13,-0.002281207316376044
2010-04-14,0.011034057624987437
2010-04-15,-6.0812212938854415e-05
2010-04-16,-0.004136910136827265
2010-04-19,-0.002308426572174449
2010-04-20,0.007849644791072974
2010-04-21,0.04069364112252427
2010-04-22,0.0
2010-04-23,0.0
2010-04-26,0.0
2010-04-27,-0.00866725742670138
2010-04-28,0.00555800633941228
2010-04-29,0.0065237822654238276
2010-04-30,0.000853045600294644
2010-05-03,0.008710890378752945
2010-05-04,-0.014404941332844201
2010-05-05,-0.020333571207277634
2010-05-06,-0.0077363743189208245
2010-05-07,-0.00689336291886089
2010-05-10,0.05950284531037098
2010-05-11,0.0
2010-05-12,0.0
2010-05-13,0.0
2010-05-14,-0.017021989194781484
2010-05-17,0.0016481789331390662
2010-05-18,0.011026471316147424
2010-05-19,-0.010639761478789755
2010-05-20,-0.027265851952547937
2010-05-21,-0.020334546286088773
2010-05-24,0.013989238910742996
2010-05-25,-0.034163195659929646
2010-05-26,0.02047777133608286
2010-05-27,0.027342185406449948
2010-05-28,0.016750981314600732
2010-06-01,0.003559454165507736
2010-06-02,0.002114575197676327
2010-06-03,0.0005782589917013858
2010-06-04,-0.006378843668355172
2010-06-07,0.001772529306189874
2010-06-08,0.0003202438266065588
2010-06-09,0.002024546026145879
2010-06-10,0.0040927614747010566
2010-06-11,-0.002447335200617351
2010-06-14,0.004350000845171564
2010-06-15,0.0026616387729310187
2010-06-16,-0.0021129255237395395
2010-06-17,0.003018536013554396
2010-06-18,-0.00011580457864557303
2010-06-21,0.004472165506652637
2010-06-22,0.0007988937281593333
2010-06-23,0.0006693934085968412
2010-06-24,-0.0006179120157653317
2010-06-25,0.001137735507019233
2010-06-28,0.001845871138857813
2010-06-29,-0.00663470660608223
2010-06-30,0.0006683132916540657
2010-07-01,0.0004255056110018529
2010-07-02,0.0007613041307705792
2010-07-06,0.004675160082166618
2010-07-07,0.0012190643439620175
2010-07-08,-0.004568065301045476
2010-07-09,-0.0007406803934691952
2010-07-12,0.000870759931535181
2010-07-13,-0.0028134169538903686
2010-07-14,0.0026261613860654176
2010-07-15,0.0019266624893095052
2010-07-16,0.0017360228659204502
2010-07-19,0.00016892122640355112
2010-07-20,0.007752308630247784
2010-07-21,-0.006338336519352894
2010-07-22,-0.007116332093428546
2010-07-23,0.0017844310724539625
2010-07-26,-0.0006284652642668531
2010-07-27,-0.00266833969144864
2010-07-28,-0.00037604146643055447
2010-07-29,-0.004872868123904306
2010-07-30,0.0026042995134498703
2010-08-02,-0.004851787034340971
2010-08-03,-0.0011434975798290115
2010-08-04,0.001179119366635506
2010-08-05,-0.0004230951720567422
2010-08-06,-0.0013989617677079291
2010-08-09,0.00148095171620799
2010-08-10,-0.004661278509092703
2010-08-11,-0.005056542405208586
2010-08-12,-0.004005185207786255
2010-08-13,0.0006919380902987715
2010-08-16,-0.0010866704877039446
2010-08-17,0.002524865021705791
2010-08-18,-2.5221575239653404e-05
2010-08-19,-0.0007807854771479938
2010-08-20,0.002914700202717224
2010-08-23,0.0012282885832253232
2010-08-24,-0.004086798689268312
2010-08-25,0.004333526194028936
2010-08-26,-0.001644310807131233
2010-08-27,-0.003939280963091596
2010-08-30,0.0042771485762176376
2010-08-31,0.003304919959163488
2010-09-01,-0.007496435468655194
2010-09-02,-0.0005339219550989371
2010-09-03,-0.005005166788089044
2010-09-07,0.0014525623971084478
2010-09-08,-0.0017438952997641533
2010-09-09,-0.003516542090017505
2010-09-10,-0.00028519358385292737
2010-09-13,-0.0028816619100376917
2010-09-14,0.000388629071637947
2010-09-15,-0.0020231506006025413
2010-09-16,-0.0005322116590174009
2010-09-17,0.0012280635891581682
2010-09-20,0.00048490950138013744
2010-09-21,0.00020634538830588411
2010-09-22,-0.0006593225648949819
2010-09-23,-0.0010006489078420167
2010-09-24,0.0039038616534385895
2010-09-27,0.0006513759800732544
2010-09-28,0.0008729951052823814
2010-09-29,-0.0006999201856980886
2010-09-30,0.0020974647040226113
2010-10-01,0.002048695658809274
2010-10-04,-0.003925734312887674
2010-10-05,0.01302964374647897
2010-10-06,-0.00044453527202992227
2010-10-07,0.003628827176784144
2010-10-08,0.0069249804963191774
2010-10-11,0.003209790804144408
2010-10-12,-0.0006392390061661368
2010-10-13,0.008574932258233803
2010-10-14,0.0021625839563395033
2010-10-15,0.014080578168834679
2010-10-18,0.00871988113474198
2010-10-19,-0.03601300305382227
2010-10-20,0.0007089538680886687
2010-10-21,0.021022778957806354
2010-10-22,-0.006024615576405656
2010-10-25,0.005863728044653627
2010-10-26,-0.004779108547607991
2010-10-27,-4.209817030886853e-05
2010-10-28,0.0013144925880745895
2010-10-29,-0.002548379549807578
2010-11-01,0.004812594044093732
2010-11-02,0.005311449666075108
2010-11-03,0.0031757329422006375
2010-11-04,0.009028812065299263
2010-11-05,0.0017039668947169684
2010-11-08,-0.0024575009354016464
2010-11-09,0.010200940640672673
2010-11-10,-0.002987696767001391
2010-11-11,-0.00827320078799898
2010-11-12,-0.005905299649646811
2010-11-15,-0.0011675174647179931
2010-11-16,-0.008972361012384855
2010-11-17,-0.0007059443335910576
2010-11-18,0.020246438525144406
2010-11-19,-0.0007544718786588467
2010-11-22,0.002316622034039595
2010-11-23,-0.014026841058523365
2010-11-24,0.015018538542159066
2010-11-26,-0.007733154088957805
2010-11-29,0.0006820588697780128
2010-11-30,-0.01692771609354049
2010-12-01,0.019323328975667797
2010-12-02,-0.0022395718184731184
2010-12-03,-0.002588297608126955
2010-12-06,0.004045047460963236
2010-12-07,0.014068623247091017
2010-12-08,-0.0007453702534268025
2010-12-09,0.006465478604433805
2010-12-10,0.006226528329489112
2010-12-13,0.006889722442841695
2010-12-14,-0.0024361437903631655
2010-12-15,-0.00047752532327416386
2010-12-16,0.001847390921804637
2010-12-17,0.002781264479679635
2010-12-20,0.004318881539867148
2010-12-21,0.005376954228792474
2010-12-22,0.0024509147648228424
2010-12-23,-0.0007504580480730549
2010-12-27,-0.007581061107949538
2010-12-28,0.0016992047376083175
2010-12-29,0.0024665174310487537
2010-12-30,-0.0003472368494048528
2010-12-31,-0.002383976145621136
2011-01-03,0.007929726741665144
2011-01-04,0.009212058674381352
2011-01-05,-0.0034990244819802507
2011-01-06,-0.0017414097400835216
2011-01-07,0.0035343519686223956
2011-01-10,0.0005339126070176281
2011-01-11,0.008547699306670875
2011-01-12,0.008382208464747132
2011-01-13,-0.0005510767918933679
2011-01-14,-0.001313087971962723
2011-01-18,-0.02483792683764663
2011-01-19,0.009505635856631223
2011-01-20,-0.007928640798088415
2011-01-21,0.012027832411748873
2011-01-24,0.0010804076159429687
2011-01-25,-0.005006219463248307
2011-01-26,0.0026474882593268134
2011-01-27,0.022075222653802795
2011-01-28,-0.006414163983915033
2011-01-31,-0.001035319861387718
2011-02-01,0.0068185306548405045
2011-02-02,-0.008690331635235027
2011-02-03,-0.001200741939442862
2011-02-04,0.004342542841376806
2011-02-07,0.004049925899634044
2011-02-08,0.0052677378774741435
2011-02-09,-0.00083519787658759
2011-02-10,-0.008867696920038304
2011-02-11,-0.0019426469764403098
2011-02-14,0.006196843302657573
2011-02-15,-0.006013544730979703
2011-02-16,0.007718600836681855
2011-02-17,-0.017398805245145144
2011-02-18,0.002807609412579959
2011-02-22,-0.03782594422145469
2011-02-23,-0.006786991320659741
2011-02-24,0.011042736743951176
2011-02-25,0.012268046597833981
2011-02-28,0.007973080143830247
2011-03-01,0.005115575425759911
2011-03-02,0.0007581613042726421
2011-03-03,0.019631503200270295
2011-03-04,0.0017557587605738778
2011-03-07,0.007665272737956252
2011-03-08,-0.007665890577411627
2011-03-09,-0.00459104994439663
2011-03-10,-0.01782070882847664
2011-03-11,-0.003258853041644305
2011-03-14,0.0009320140354092121
2011-03-15,-0.04101638228640048
2011-03-16,-0.0055658011602715
2011-03-17,0.028447519227010387
2011-03-18,0.012471092515456528
2011-03-21,0.0238752814368981
2011-03-22,0.01336416603460866
2011-03-23,-0.003706025282501413
2011-03-24,0.017291763593831444
2011-03-25,0.006128020739526896
2011-03-28,0.009917174522738215
2011-03-29,-0.004462850244754346
2011-03-30,0.005008296715608429
2011-03-31,-0.0051034764519855
2011-04-01,0.011249583408021513
2011-04-04,0.0034589866872718478
2011-04-05,-0.0066034381959901856
2011-04-06,0.011661474109114112
2011-04-07,-0.004711151047838702
2011-04-08,0.009405761260463219
2011-04-11,-0.0024964505841181817
2011-04-12,-0.00823049324206393
2011-04-13,0.010847349512006055
2011-04-14,-0.00733599421452602
2011-04-15,0.0009059286866990313
2011-04-18,-0.012097072858156643
2011-04-19,0.003050900754456798
2011-04-20,0.022197581561023583
2011-04-21,0.022294990290129713
2011-04-25,0.0014833847170425685
2011-04-26,-0.00607061392166075
2011-04-27,0.005286593734999734
2011-04-28,-0.009862925692291857
2011-04-29,-0.000986195757290087
2011-05-02,0.006420823230071981
2011-05-03,0.0007021232770327845
2011-05-04,0.0010149535965497947
2011-05-05,-0.007992987887194047
2011-05-06,0.014516522977746416
2011-05-09,0.005999094863065713
2011-05-10,0.005211983460467362
2011-05-11,-0.0012909274967696227
2011-05-12,-0.0036300187564892727
2011-05-13,-0.005887613197492203
2011-05-16,-0.005398890776992626
2011-05-17,-0.007377748546994356
2011-05-18,0.002426618378422507
2011-05-19,0.0060882407093763025
2011-05-20,-0.004871765476275325
2011-05-23,-0.02060719837465208
2011-05-24,0.005946187054748142
2011-05-25,2.934026605672102e-06
2011-05-26,-0.0038457218569903917
2011-05-27,0.0015448295185411798
2011-05-31,0.014457435187733791
2011-06-01,-0.001940475296602906
2011-06-02,0.0006007337154982917
2011-06-03,-0.0021046078907892563
2011-06-06,-4.774360177972614e-05
2011-06-07,0.0012342107851615047
2011-06-08,-0.0010713816947325316
2011-06-09,0.0003987802972238441
2011-06-10,0.0003218316656572462
2011-06-13,0.00011535315915600641
2011-06-14,0.0018980009126112751
2011-06-15,-0.00167731430103224
2011-06-16,0.0005075482387595365
2011-06-17,0.0016718005912470524
2011-06-20,-0.00044181979106405755
2011-06-21,0.0011270276654982148
2011-06-22,-0.0004907286216209172
2011-06-23,-0.002031317486808848
2011-06-24,-0.004239599604486943
2011-06-27,0.0003505715139948684
2011-06-28,0.00019289084391838074
2011-06-29,0.0008508528134822946
2011-06-30,0.0008900017765129942
2011-07-01,-8.619701360879084e-05
2011-07-05,0.0005447767385164948
2011-07-06,-0.0007458518992304874
2011-07-07,0.0013671688806489168
2011-07-08,-0.0021682266107641013
2011-07-11,-0.002612591865318481
2011-07-12,-0.0011417343397772672
2011-07-13,0.0012469783148039149
2011-07-14,0.0003847297339929501
2011-07-15,0.0009846390444241404
2011-07-18,-0.001054666606436605
2011-07-19,0.001293640612049618
2011-07-20,0.0006379005390271253
2011-07-21,0.0007567563690202839
2011-07-22,0.002367764495074365
2011-07-25,-0.0024819719530502216
2011-07-26,-0.0008187049981627226
2011-07-27,-0.001309340390353353
2011-07-28,-0.00037623143533860315
2011-07-29,-0.0016067185027823783
2011-08-01,0.0028925195420970162
2011-08-02,-0.0010757608742859581
2011-08-03,5.889533139180614e-05
2011-08-04,-0.003157389749990802
2011-08-05,0.0025217298736819327
2011-08-08,-0.007370600290757312
2011-08-09,0.0037497725873205656
2011-08-10,-0.005570867295856985
2011-08-11,0.0013077607937144187
2011-08-12,0.0058728022440661665
2011-08-15,0.0
2011-08-16,0.0
2011-08-17,-0.0012154791664343856
2011-08-18,0.016022459142635448
2011-08-19,0.00788914222050141
2011-08-22,-0.01537382669798626
2011-08-23,-0.004665684232516454
2011-08-24,0.002180650491773406
2011-08-25,6.388737113605103e-05
2011-08-26,0.002619519204270615
2011-08-29,-0.003876297704742293
2011-08-30,0.0016509954036578733
2011-08-31,-0.004246515258405026
2011-09-01,-0.002028000805728958
2011-09-02,0.011008315674366331
2011-09-06,0.013488098758941192
2011-09-07,-0.0059030821324136395
2011-09-08,0.004504089772139119
2011-09-09,0.006095404678576166
2011-09-12,0.008821455182727034
2011-09-13,-0.00160116554885803
2011-09-14,-0.0026123439878283916
2011-09-15,-0.007230179009736437
2011-09-16,-0.0017606850429311427
2011-09-19,0.00776750967181683
2011-09-20,-0.003204267039654485
2011-09-21,-0.0029318619300426896
2011-09-22,0.015215600945400753
2011-09-23,0.005953067502129317
2011-09-26,-0.0030864860273182027
2011-09-27,-0.010681694589261714
2011-09-28,-0.0045331519211092575
2011-09-29,-0.01386175562376768
2011-09-30,0.007645135279447768
2011-10-03,0.005807564464504589
2011-10-04,0.00620150252643481
2011-10-05,0.0012684940960623337
2011-10-06,0.001188585731654479
2011-10-07,0.0007014931263742419
2011-10-10,-0.010156715319138754
2011-10-11,0.0011738564587999711
2011-10-12,-0.006041315634361055
2011-10-13,0.0012853899283904457
2011-10-14,-0.008894334273992777
2011-10-17,0.0026940079185178156
2011-10-18,0.001567397157213657
2011-10-19,0.004510952218699904
2011-10-20,-0.001796669555299668
2011-10-21,-0.006140368844016475
2011-10-24,-0.002839170237779687
2011-10-25,-0.0013892497648572144
2011-10-26,0.002126203846592567
2011-10-27,0.0044985563477757395
2011-10-28,0.0
2011-10-31,0.0
2011-11-01,0.0
2011-11-02,0.00974319579606675
2011-11-03,0.0042337317818677
2011-11-04,-0.004153770100859822
2011-11-07,-0.00196251343950149
2011-11-08,0.004709346984246743
2011-11-09,-0.020326671806466412
2011-11-10,0.005872178533441463
2011-11-11,0.005783973181252344
2011-11-14,-0.0024084325774776927
2011-11-15,0.0019311490521776165
2011-11-16,-0.0037165859696971504
2011-11-17,-0.0021938221719228768
2011-11-18,0.0036712521163093648
2011-11-21,-0.014690715885295691
2011-11-22,0.0027040088187078037
2011-11-23,-0.007994158167331844
2011-11-25,-0.001837931578977825
2011-11-28,0.031092591907637468
2011-11-29,-0.0007660024684346123
2011-11-30,0.02689185566194552
2011-12-01,-0.0016537227185918768
2011-12-02,0.006114008192442899
2011-12-05,0.012201100801159326
2011-12-06,-0.0028932476229177606
2011-12-07,-0.003351198664561794
2011-12-08,0.0020895350467871054
2011-12-09,0.005229629240249611
2011-12-12,-0.007650579349316344
2011-12-13,0.004289264371359014
2011-12-14,-0.0059567487978275935
2011-12-15,0.008103627855703621
2011-12-16,0.005747606855323495
2011-12-19,0.003678846128218005
2011-12-20,0.01262305250097695
2011-12-21,0.0007282403161341655
2011-12-22,0.0021144780038486743
2011-12-23,0.0031616815729982317
2011-12-27,-0.0012504464414393457
2011-12-28,0.0019745618908588725
2011-12-29,0.002441896904387564
2011-12-30,-0.0024074512563441175
2012-01-03,0.013021489727041313
2012-01-04,-0.002386275461849441
2012-01-05,-0.0024371950150930966
2012-01-06,0.001979317685667281
2012-01-09,0.0011409026734054972
2012-01-10,0.01012426875283512
2012-01-11,-0.00022793128466036539
2012-01-12,0.0037660440775051374
2012-01-13,-0.004908532410781596
2012-01-17,0.010704269382020515
2012-01-18,0.0009998335796457258
2012-01-19,0.006840541613447826
2012-01-20,-0.031335848676505185
2012-01-23,0.0021913881024113735
2012-01-24,-0.0021296277828612986
2012-01-25,0.030568485383081878
2012-01-26,0.0
2012-01-27,0.0
2012-01-30,0.0
2012-01-31,0.0075912407628899725
2012-02-01,0.006463990596008218
2012-02-02,0.0008619485777787705
2012-02-03,0.008187804492556072
2012-02-06,-0.004885150889153311
2012-02-07,-3.1251378026508903e-06
2012-02-08,0.0023376069922069753
2012-02-09,0.005053222079742792
2012-02-10,-0.006128026849881785
2012-02-13,0.0125760808788129
2012-02-14,0.0016991471738139197
2012-02-15,0.007346666690764447
2012-02-16,-0.008788108636649139
2012-02-17,0.0016686695714589472
2012-02-21,0.006785076732847006
2012-02-22,-0.002874689130450081
2012-02-23,0.002008187279221252
2012-02-24,0.004681256959950808
2012-02-27,-0.0024872840791270168
2012-02-28,0.003949034654242567
2012-02-29,0.008341171274750092
2012-03-01,0.008009643124463839
2012-03-02,-0.0002866287511070764
2012-03-05,-0.0006097893228992346
2012-03-06,-0.01514095169772045
2012-03-07,0.008871601395131767
2012-03-08,0.007936457191418222
2012-03-09,0.003784303978884962
2012-03-12,0.004175981230195358
2012-03-13,0.009638045245109694
2012-03-14,0.01251132633961416
2012-03-15,0.012169984223321606
2012-03-16,-0.0009286386644682398
2012-03-19,0.014387707068933775
2012-03-20,-0.0039282384690279
2012-03-21,-0.0028829366076728036
2012-03-22,-0.006999742897894734
2012-03-23,0.0011354712088258445
2012-03-26,0.006858303283656886
2012-03-27,-0.0005323890438525547
2012-03-28,0.0035000081024587626
2012-03-29,-0.00718110359309676
2012-03-30,0.0014456040197214914
2012-04-02,0.0020266534202872943
2012-04-03,0.008949270542992549
2012-04-04,-0.00855745365563354
2012-04-05,0.002546653557808254
2012-04-09,-0.01317975675937788
2012-04-10,0.004194165088546198
2012-04-11,0.011800793503420115
2012-04-12,0.00033190563897744774
2012-04-13,-8.5885365699645e-05
2012-04-16,0.007257115638520162
2012-04-17,0.0004475427493577655
2012-04-18,0.003933667465810142
2012-04-19,-0.012674006347355826
2012-04-20,0.004918128609374239
2012-04-23,-0.006319155966541756
2012-04-24,-0.009773307859738956
2012-04-25,0.07071672277282426
2012-04-26,0.0
2012-04-27,0.0
2012-04-30,0.0
2012-05-01,0.0008291048700297399
2012-05-02,-0.003413023435028917
2012-05-03,0.005313457331169058
2012-05-04,-0.007250616131489918
2012-05-07,-0.005222618825228342
2012-05-08,-0.0018500286339518945
2012-05-09,-0.009620068572642304
2012-05-10,0.008623793038680994
2012-05-11,-0.008924761380903923
2012-05-14,-0.008145082658784664
2012-05-15,0.003968167080354412
2012-05-16,0.002538375675182225
2012-05-17,-0.0007275654677785237
2012-05-18,0.006274734855336472
2012-05-21,0.006007520143901379
2012-05-22,0.011264376162024137
2012-05-23,-0.0008142633434934377
2012-05-24,0.008432333034044115
2012-05-25,-0.0010044653879316412
2012-05-29,0.014112887697663279
2012-05-30,-0.007523443251884143
2012-05-31,0.0017252651802315278
2012-06-01,-0.017982260685250884
2012-06-04,0.0002283952354127372
2012-06-05,0.0004012746521173671
2012-06-06,0.0007141466218734127
2012-06-07,0.001220807908650201
2012-06-08,-0.00031352430738917914
2012-06-11,0.001057481324792553
2012-06-12,0.0004361338783596125
2012-06-13,-0.00010814344990950353
2012-06-14,-3.08116114460244e-05
2012-06-15,0.00014973230433490414
2012-06-18,-0.00048968684704076
2012-06-19,0.0008733979796426983
2012-06-20,0.000308384793219707
2012-06-21,-0.00037647913799943034
2012-06-22,0.0004181066592270355
2012-06-25,-0.0006322761881381034
2012-06-26,0.0002772346522701419
2012-06-27,0.0002549098293065377
2012-06-28,-0.0008794282388642216
2012-06-29,0.001778980274032227
2012-07-02,0.0014102641130269156
2012-07-03,7.033872447448353e-05
2012-07-05,-0.0007650059074597593
2012-07-06,-0.0009969423571943858
2012-07-09,-0.0003329709073175424
2012-07-10,-0.0004114725081636461
2012-07-11,0.00014024413169866357
2012-07-12,-0.0005099150997575075
2012-07-13,8.603668287876509e-05
2012-07-16,-0.0003329167033322422
2012-07-17,0.00033348511297104366
2012-07-18,-0.00026833134677994863
2012-07-19,0.0009843219313563356
2012-07-20,5.6187207593705324e-05
2012-07-23,-0.001497407769946224
2012-07-24,9.89252965080123e-05
2012-07-25,0.0003014428581464834
2012-07-26,0.0015731878534044341
2012-07-27,0.0005378575515051498
2012-07-30,-0.0007271375120750934
2012-07-31,0.00025329442598232
2012-08-01,0.0006236997789403897
2012-08-02,-0.0006077345435061554
2012-08-03,0.0020418154103980513
2012-08-06,0.00039748145746298924
2012-08-07,0.0012102202674408868
2012-08-08,-0.00041864833069349405
2012-08-09,-0.00023629143120407203
2012-08-10,-0.0002523549866414454
2012-08-13,-0.00012540485692347225
2012-08-14,0.0006696429714978525
2012-08-15,3.374695620217416e-05
2012-08-16,0.00030473413785836456
2012-08-17,-0.0011108996570707852
2012-08-20,-0.0002217732141528428
2012-08-21,0.00029631501094562473
2012-08-22,-0.0002932512472851867
2012-08-23,-0.00032784058082591105
2012-08-24,-0.00012491291235139368
2012-08-27,0.0001374507516325174
2012-08-28,-0.00027944049220141043
2012-08-29,0.00016754447960520835
2012-08-30,-0.00016847272763420573
2012-08-31,0.0005643178206220512
2012-09-04,-0.0002427259235916468
2012-09-05,-0.00034645790043752456
2012-09-06,0.005647123348630156
2012-09-07,0.0019971259680242603
2012-09-10,0.0004977346474739353
2012-09-11,0.001634119719164051
2012-09-12,0.006405891472437419
2012-09-13,0.0077224972820757465
2012-09-14,0.008375923991493117
2012-09-17,0.007594024542733946
2012-09-18,-0.0013543222320853143
2012-09-19,-0.001279592950332309
2012-09-20,-0.0044807491222104145
2012-09-21,0.004931967999083797
2012-09-24,-0.015183218569001178
2012-09-25,-0.0006157028710800372
2012-09-26,-0.004499791493464134
2012-09-27,0.001826200824366131
2012-09-28,-0.0040794577839256
2012-10-01,0.00663850818257683
2012-10-02,0.0005010381102652506
2012-10-03,0.00039553102833567166
2012-10-04,0.00034815724709624796
2012-10-05,0.000468935557102812
2012-10-08,-0.0005127664241891816
2012-10-09,-0.0002788193863646482
2012-10-10,-0.0002146212642127887
2012-10-11,0.00042007461051363215
2012-10-12,-0.0009687033199202721
2012-10-15,0.000352735766163903
2012-10-16,0.0004908776085057465
2012-10-17,-0.0005682759037125562
2012-10-18,-0.00010842675753097719
2012-10-19,-0.0009292047392760461
2012-10-22,0.0008785658012433473
2012-10-23,-0.0009917847690843473
2012-10-24,0.0010482252628576383
2012-10-25,0.0006338393656177832
2012-10-26,-8.512252328629621e-05
2012-10-31,0.0007236326159802964
2012-11-01,0.0005627707179050034
2012-11-02,0.00027186232908826824
2012-11-05,-0.00045654892989732687
2012-11-06,0.0002828358029942635
2012-11-07,-0.0012878280328156855
2012-11-08,0.00023148184939514316
2012-11-09,7.782810345613456e-05
2012-11-12,0.00025426228308278453
2012-11-13,-0.000618313153592509
2012-11-14,0.0006898678002542624
2012-11-15,0.00012315348819025296
2012-11-16,0.0007049911833303391
2012-11-19,0.0007775199488284645
2012-11-20,2.3809376663130877e-05
2012-11-21,-8.628049149195238e-05
2012-11-23,0.0008899828804060927
2012-11-26,0.00019390816887088214
2012-11-27,9.924509487779787e-05
2012-11-28,-0.00047874950344151124
2012-11-29,-5.018264485012747e-05
2012-11-30,0.0001991459074415225
2012-12-03,0.0006519228317940495
2012-12-04,0.0003918940807903226
2012-12-05,-2.243719590233617e-06
2012-12-06,8.219556214994483e-06
2012-12-07,0.0001704073564690045
2012-12-10,-0.0002514696163448127
2012-12-11,0.000438937449393606
2012-12-12,0.0004891274846008375
2012-12-13,0.0002815032271277218
2012-12-14,0.00010106739873294579
2012-12-17,0.0001999950311690757
2012-12-18,0.0003877244514229883
2012-12-19,0.0004448176767180012
2012-12-20,0.0001751121946220735
2012-12-21,-0.0018790070279250948
2012-12-24,-3.6901908219366675e-05
2012-12-26,0.00010939030261458704
2012-12-27,-4.623809897563724e-05
2012-12-28,-0.0007574313055854764
2012-12-31,-1.4445440370214335e-05
2013-01-02,0.002128823645045186
2013-01-03,0.0
2013-01-04,0.0
2013-01-07,0.0
2013-01-08,0.0001154363153352822
2013-01-09,0.000524334824661965
2013-01-10,0.0008084091619386946
2013-01-11,-6.5339105503881e-06
2013-01-14,-0.0001233590577651711
2013-01-15,-0.0006318183183806614
2013-01-16,-4.293750871842139e-05
2013-01-17,0.0004941530667117444
2013-01-18,-0.00032532800166840126
2013-01-22,5.6313394207307965e-05
2013-01-23,0.0004955522145855262
2013-01-24,-0.00033303400137363326
2013-01-25,0.0006198240883017458
2013-01-28,0.0006698503566102687
2013-01-29,-0.0003450311293310415
2013-01-30,5.486056545245255e-05
2013-01-31,0.00036518480282743404
2013-02-01,0.0010472612165373096
2013-02-04,-0.012350695120896926
2013-02-05,0.00272340769136159
2013-02-06,-0.0037545223747792456
2013-02-07,0.0006554353856211836
2013-02-08,0.006035350782707782
2013-02-11,-0.005084910144666721
2013-02-12,-0.0033042522793009788
2013-02-13,0.00520616819979236
2013-02-14,-0.0021942258833821393
2013-02-15,0.0006241502774286811
2013-02-19,0.0034873484123583154
2013-02-20,0.0010074075799380022
2013-02-21,-0.0008287563637761064
2013-02-22,0.0021504273677985797
2013-02-25,0.004581926390393232
2013-02-26,0.004166628156609731
2013-02-27,0.001530509746188402
2013-02-28,0.0003799611609787146
2013-03-01,-0.00378418183316076
2013-03-04,-0.0022118667853034957
2013-03-05,0.0092356370583353
2013-03-06,0.005126205603083189
2013-03-07,0.0010520983812398743
2013-03-08,0.002504281556492849
2013-03-11,-0.0009914587123466267
2013-03-12,-0.0037076603129678753
2013-03-13,0.0019723874982591205
2013-03-14,0.002874301810526614
2013-03-15,-0.0022779188328332367
2013-03-18,-0.01191266094793808
2013-03-19,0.0033237376748780356
2013-03-20,0.00814484197216614
2013-03-21,-0.005596449935987957
2013-03-22,0.006179814927870897
2013-03-25,0.0032306492319689184
2013-03-26,0.005036358489951098
2013-03-27,-0.006862325742270414
2013-03-28,0.0011008367371345695
2013-04-01,0.0032218430008805754
2013-04-02,0.005042961547472524
2013-04-03,0.0012094312035113575
2013-04-04,0.000762325512554618
2013-04-05,-0.014073736421429506
2013-04-08,-0.00020098840556470599
2013-04-09,-7.381588292276753e-06
2013-04-10,0.003201238489863645
2013-04-11,7.311400561293979e-05
2013-04-12,0.0007150578551080589
2013-04-15,-0.003954075757959141
2013-04-16,0.006788116505163311
2013-04-17,-0.007456479076776268
2013-04-18,0.0022515747551572485
2013-04-19,-0.00033725105995274784
2013-04-22,0.003105397822401823
2013-04-23,0.02420959744317641
2013-04-24,-0.001226873487153446
2013-04-25,0.003165149247849275
2013-04-26,0.0006066896184606652
2013-04-29,0.004234786155564052
2013-04-30,0.00015718457810187658
2013-05-01,-0.00016374562799081893
2013-05-02,0.005133661018989377
2013-05-03,0.011563428213312577
2013-05-06,0.0003968733660291157
2013-05-07,0.0006606355846683343
2013-05-08,-0.00021977731175493176
2013-05-09,0.003089749972460698
2013-05-10,0.0025397667263511448
2013-05-13,0.0002109782574093444
2013-05-14,0.0061549556972053665
2013-05-15,0.003536328882629114
2013-05-16,0.00828098141969269
2013-05-17,0.005337212303549332
2013-05-20,-0.0024639588640480437
2013-05-21,-9.810220037220763e-05
2013-05-22,-0.004927614409098502
2013-05-23,-0.014774469753913277
2013-05-24,-0.006001522854762409
2013-05-28,0.01590043335653024
2013-05-29,-0.002267372293304093
2013-05-30,0.0017414510993083443
2013-05-31,0.0006030396071436961
2013-06-03,0.0009355802521548995
2013-06-04,0.00021010278073974042
2013-06-05,-0.004434128811450222
2013-06-06,0.0025181236195730428
2013-06-07,0.006099376147823632
2013-06-10,-0.002505879134597655
2013-06-11,-0.011312102520503853
2013-06-12,0.009804940721075184
2013-06-13,0.0008689565284025758
2013-06-14,0.003523825530832525
2013-06-17,0.014100959456114337
2013-06-18,0.0015392827225784167
2013-06-19,-0.0010962919182858633
2013-06-20,-0.010072752097922022
2013-06-21,0.008039989464733832
2013-06-24,-0.01251488002478729
2013-06-25,0.009039409417017197
2013-06-26,0.010456148481071237
2013-06-27,0.006922359927614696
2013-06-28,-0.0015392203877737654
2013-07-01,0.009637391993979616
2013-07-02,0.0008031587294146103
2013-07-03,-0.003542152740048876
2013-07-05,0.007655344529835739
2013-07-08,0.006926234338745951
2013-07-09,0.008168426736195
2013-07-10,-0.0024538395555069314
2013-07-11,0.012117368591372246
2013-07-12,0.0005122354654445438
2013-07-15,0.0034536285432302805
2013-07-16,-2.9309790708698102e-05
2013-07-17,0.0017101489107524959
2013-07-18,0.0025781767585357773
2013-07-19,-0.017596137967483827
2013-07-22,0.004978605503178413
2013-07-23,-0.0005210703234092007
2013-07-24,0.006411708523547999
2013-07-25,-0.00524739987471845
2013-07-26,0.00036674334688324706
2013-07-29,-0.0016985026026942185
2013-07-30,0.004617031709424513
2013-07-31,0.0034772054067289115
2013-08-01,0.009343961267370693
2013-08-02,-0.00037455257820684373
2013-08-05,0.0027790263043498964
2013-08-06,-0.0014174173325589567
2013-08-07,-0.002567514866739229
2013-08-08,0.02376065468440003
2013-08-09,-0.00031209389394282194
2013-08-12,-0.009442590943383733
2013-08-13,0.004997368923751466
2013-08-14,-0.005858441802118253
2013-08-15,-0.014521443861160388
2013-08-16,0.004929520851009173
2013-08-19,0.0031949636428691974
2013-08-20,0.008983613619187869
2013-08-21,-0.0003233728801824709
2013-08-22,0.004502448538686421
2013-08-23,0.00517827004801763
2013-08-26,0.005927176498877529
2013-08-27,-0.012065634906200717
2013-08-28,0.004278788472257933
2013-08-29,-0.0011708611001971514
2013-08-30,0.004393352303024178
2013-09-03,0.014844333521458308
2013-09-04,0.014655103071971487
2013-09-05,0.0022948800433848504
2013-09-06,0.005013733247606567
2013-09-09,0.005507349588262711
2013-09-10,0.0047248835598838745
2013-09-11,-0.026176798123972778
2013-09-12,0.0022814131754551603
2013-09-13,-0.0036596304992293494
2013-09-16,0.005821564165441329
2013-09-17,-0.0033682502085544685
2013-09-18,0.00854539933387044
2013-09-19,0.01247070042329379
2013-09-20,0.008384659991037324
2013-09-23,0.027328101621802103
2013-09-24,0.009695052100548773
2013-09-25,0.0062881131969081405
2013-09-26,0.010827221845207236
2013-09-27,-0.005793553369006332
2013-09-30,-0.017629356962148734
2013-10-01,0.0025342613657224344
2013-10-02,-0.009353441757333436
2013-10-03,-0.0010558601051523508
2013-10-04,0.007065338841411917
2013-10-07,-5.152582187306631e-05
2013-10-08,0.004188601612264531
2013-10-09,0.005572667990529245
2013-10-10,0.022435472530139444
2013-10-11,-0.0038812635764834402
2013-10-14,-0.011388943674563334
2013-10-15,0.007726837778316398
2013-10-16,0.008453085512965863
2013-10-17,-0.0025085147563259635
2013-10-18,0.01670915562802766
2013-10-21,0.007654851322353329
2013-10-22,0.014231456686571775
2013-10-23,-0.01150287074044487
2013-10-24,0.004841459866711251
2013-10-25,0.005761145689415548
2013-10-28,-0.0013045237704502055
2013-10-29,0.010809407934911697
2013-10-30,0.008567889961425657
2013-10-31,-0.01265724033124982
2013-11-01,0.010548056949990059
2013-11-04,0.0020962389263801118
2013-11-05,-0.0011366661610355822
2013-11-06,-0.014410432321319777
2013-11-07,-0.0014912568404300552
2013-11-08,0.0014086938313444541
2013-11-11,-0.0022288932743561585
2013-11-12,-0.0031166362551229287
2013-11-13,-0.002804878533762989
2013-11-14,0.0012284153777306628
2013-11-15,0.0023223162737386893
2013-11-18,-0.0023657596421182703
2013-11-19,-0.00017404943969301367
2013-11-20,0.0069175315144553995
2013-11-21,0.008957204765345228
2013-11-22,0.003086166810496893
2013-11-25,0.007012529326161365
2013-11-26,-0.0011121325346105104
2013-11-27,0.003539899691449744
2013-11-29,0.006298924235417225
2013-12-02,5.685424589896293e-05
2013-12-03,0.009957500159707644
2013-12-04,-0.004226136554619453
2013-12-05,0.004196154310390776
2013-12-06,0.007139375639344969
2013-12-09,0.0035738787120598303
2013-12-10,-0.0047501652947197215
2013-12-11,0.0002924484085975454
2013-12-12,0.006755479736632264
2013-12-13,0.005254305579279972
2013-12-16,0.002318395811338414
2013-12-17,0.0030388295231043028
2013-12-18,-0.0033868446116741557
2013-12-19,-0.007771655296548774
2013-12-20,0.002331451325410683
2013-12-23,0.015988005879066236
2013-12-24,0.007075666238809841
2013-12-26,0.0051553674629973845
2013-12-27,-0.0003157535257979349
2013-12-30,-0.0037379588639223638
2013-12-31,0.0019693162556329025
2014-01-02,-0.004304571917478572
2014-01-03,0.0003240715746339884
2014-01-06,-0.0024454199435149926
2014-01-07,0.0029843958028550333
2014-01-08,0.00376055959308208
2014-01-09,0.005013818063940523
2014-01-10,0.003725723798030378
2014-01-13,-0.0021524181906888984
2014-01-14,0.005062404779005991
2014-01-15,0.009266082893630845
2014-01-16,-0.0037579372455952553
2014-01-17,-0.0020282652883767405
2014-01-21,0.004559938388448925
2014-01-22,0.003940663307597347
2014-01-23,-0.0006057695958204823
2014-01-24,-0.007763962454528706
2014-01-27,0.004787570242294592
2014-01-28,-0.021556781184517315
2014-01-29,-0.008098305761388036
2014-01-30,0.038802122825697616
2014-01-31,0.0
2014-02-03,0.0
2014-02-04,0.0
2014-02-05,-0.00013846512973958447
2014-02-06,0.002556641795037562
2014-02-07,0.008310474420461622
2014-02-10,-0.0004353251364348498
2014-02-11,0.0041564175975881135
2014-02-12,0.0005803504336330256
2014-02-13,-0.006970522034650539
2014-02-14,-0.001316098094523932
2014-02-18,0.0035424762831137713
2014-02-19,-0.004277971514654255
2014-02-20,0.01043920691425626
2014-02-21,0.006576192951495807
2014-02-24,0.0019261617339332293
2014-02-25,0.009584446777898714
2014-02-26,0.008918001504812922
2014-02-27,0.004189657220300402
2014-02-28,0.0009711411902306732
2014-03-03,-0.016237831975948414
2014-03-04,0.017346979143349817
2014-03-05,0.00433811665895778
2014-03-06,0.004383180400727049
2014-03-07,0.004615176637633001
2014-03-10,0.0005083728334196458
2014-03-11,0.00153849814780882
2014-03-12,-0.006044975985085355
2014-03-13,0.005902138881353602
2014-03-14,-0.005315576345506057
2014-03-17,0.008569989279120227
2014-03-18,0.0039890291135498135
2014-03-19,0.0013096711492834867
2014-03-20,-0.0015657414531822234
2014-03-21,0.0075674268119751975
2014-03-24,0.0015953455926285276
2014-03-25,0.008787992348355589
2014-03-26,0.004100804989120466
2014-03-27,-3.4124847212990694e-05
2014-03-28,0.00477949002736433
2014-03-31,0.011655684079003636
2014-04-01,0.005972204551902172
2014-04-02,0.013247937705052504
2014-04-03,0.0018395320564723594
2014-04-04,0.008456305454033863
2014-04-07,-0.007311679067862675
2014-04-08,0.007341734196744554
2014-04-09,0.012341656044585925
2014-04-10,0.0030161654711833297
2014-04-11,-0.016072663664925324
2014-04-14,0.015938331965678065
2014-04-15,0.005373964634365791
2014-04-16,0.012176009763649853
2014-04-17,-0.003230021320842158
2014-04-21,0.005881816883774871
2014-04-22,0.01432977336465635
2014-04-23,0.0008010559398308192
2014-04-24,0.015613262887030022
2014-04-25,-0.010260540692668019
2014-04-28,0.004833607030483078
2014-04-29,0.001670354417838249
2014-04-30,-0.006207106884768221
2014-05-01,0.003929065761111072
2014-05-02,0.0039049469719716345
2014-05-05,-0.008564947311809679
2014-05-06,-0.0028116238000280847
2014-05-07,0.002930269259312057
2014-05-08,-0.01113883182376385
2014-05-09,0.0002207678316410444
2014-05-12,0.008684894560701428
2014-05-13,-0.0001468273504610096
2014-05-14,-0.002693864268676349
2014-05-15,-0.0016577868384778371
2014-05-16,0.0027899306393373013
2014-05-19,-0.004849459609210127
2014-05-20,0.001931447356976923
2014-05-21,0.003729545581679483
2014-05-22,0.001756647585763993
2014-05-23,0.0008664376769542681
2014-05-27,0.00433196490842902
2014-05-28,-0.0007131522542249691
2014-05-29,0.004195252802021265
2014-05-30,0.0015724274515789283
2014-06-02,0.000652611473738185
2014-06-03,-0.003985812943499312
2014-06-04,-0.0032540968439106477
2014-06-05,0.002826422326086986
2014-06-06,0.005202644409011414
2014-06-09,0.0009214684518203953
2014-06-10,0.004204634461477896
2014-06-11,-0.0032426071971842774
2014-06-12,5.0726438260984e-06
2014-06-13,0.004070337318913708
2014-06-16,-0.0010690922628877608
2014-06-17,0.0007616989187295697
2014-06-18,0.0026692387115239136
2014-06-19,0.0015164890263210662
2014-06-20,0.001469832851946018
2014-06-23,0.00045035107875079916
2014-06-24,-0.00036793590563644063
2014-06-25,-0.001239533184302699
2014-06-26,0.0017780430785039325
2014-06-27,-0.0008584365175177133
2014-06-30,0.001402753208901819
2014-07-01,0.007134862406448228
2014-07-02,0.0012618566902862227
2014-07-03,0.004000335183874659
2014-07-07,-0.0009521884617145204
2014-07-08,-0.0032169566188191556
2014-07-09,0.0029627401517138274
2014-07-10,-0.01801486475247993
2014-07-11,0.0028495345618391177
2014-07-14,0.007487339532842308
2014-07-15,0.0014733537928226514
2014-07-16,0.010270782774499887
2014-07-17,-0.003564352555128991
2014-07-18,0.006165452876126798
2014-07-21,0.00039422588965121186
2014-07-22,0.003749612148055137
2014-07-23,0.0047959084814530595
2014-07-24,0.011137850606440347
2014-07-25,-0.002782479370673774
2014-07-28,0.00012340560623580465
2014-07-29,0.0011430898281457047
2014-07-30,0.003456927808080712
2014-07-31,-0.01011710313334091
2014-08-01,-0.0019467284144473185
2014-08-04,0.00221728082511774
2014-08-05,-0.003877282569538232
2014-08-06,-0.00511194317867858
2014-08-07,0.005812262517258082
2014-08-08,0.0008672154596633952
2014-08-11,0.006052789375764922
2014-08-12,-0.0023289999285690532
2014-08-13,0.0034915632112477724
2014-08-14,0.0008390017408197448
2014-08-15,0.0059549137325012325
2014-08-18,0.00450492798399682
2014-08-19,0.00218927168686589
2014-08-20,-0.002472608202030102
2014-08-21,0.00015848463097833942
2014-08-22,-1.5702432524578036e-05
2014-08-25,0.004866829398701977
2014-08-26,0.0012148575375077186
2014-08-27,7.081510218864828e-05
2014-08-28,-0.003940415741318204
2014-08-29,0.005409943793069916
2014-09-02,0.0037803955662274458
2014-09-03,0.0023196670182670243
2014-09-04,0.0014339456053336086
2014-09-05,0.00044831578557791296
2014-09-08,0.00015667186693102408
2014-09-09,0.001687648158619215
2014-09-10,0.0007816735241261696
2014-09-11,-0.0037216761305522983
2014-09-12,-0.0009773278300955202
2014-09-15,0.00012485440628484668
2014-09-16,-0.007898103959365743
2014-09-17,0.0009069627241065081
2014-09-18,0.003790881662527612
2014-09-19,0.0026311598504449307
2014-09-22,-0.0012293187003679096
2014-09-23,-0.005507600360145082
2014-09-24,0.00027579419862022725
2014-09-25,-0.0041574278464000525
2014-09-26,0.0063276903410378615
2014-09-29,-0.013019170986635631
2014-09-30,0.003621410630422872
2014-10-01,-0.0015675987585842543
2014-10-02,0.002859864361040021
2014-10-03,0.003971182404366669
2014-10-06,0.003035178880389733
2014-10-07,-0.004744588447063047
2014-10-08,0.0004276631930562047
2014-10-09,0.00016620902600172904
2014-10-10,-0.010299709026873494
2014-10-13,0.003230881387700668
2014-10-14,0.011119158805164453
2014-10-15,-0.017831050628757783
2014-10-16,-0.03368478665503327
2014-10-17,0.015375157544198492
2014-10-20,0.00026223671705816187
2014-10-21,0.017455705237996888
2014-10-22,0.000920622691711559
2014-10-23,0.012174506811663433
2014-10-24,0.0024248291004209666
2014-10-27,-0.0015528276430434307
2014-10-28,0.005302685856702238
2014-10-29,-0.012813743013297185
2014-10-30,-0.005441230132921193
2014-10-31,0.01730275585320662
2014-11-03,0.00214240894827733
2014-11-04,-0.00629846831918468
2014-11-05,0.00593141348000592
2014-11-06,0.0026348872756696284
2014-11-07,0.0027646986858111955
2014-11-10,0.0006666325899609138
2014-11-11,0.00027419086692503924
2014-11-12,-0.0033169205551146774
2014-11-13,0.0028155836229624143
2014-11-14,0.00029086720603666016
2014-11-17,-0.0025912408838787426
2014-11-18,0.001674190403275766
2014-11-19,-0.0035123936771136455
2014-11-20,-0.003556608442115361
2014-11-21,0.012454599928755972
2014-11-24,0.0028415629407756438
2014-11-25,0.0024692242223440797
2014-11-26,-5.3732220799407315e-05
2014-11-28,0.0017596251128786378
2014-12-01,-0.0034558556232471282
2014-12-02,-0.0012962343668572185
2014-12-03,0.0014886814020991235
2014-12-04,-0.0006244219417680386
2014-12-05,0.002712125867589732
2014-12-08,-0.0032823948855722485
2014-12-09,-0.012079441595459262
2014-12-10,-0.0008510758382564987
2014-12-11,0.004274556968417498
2014-12-12,-0.0075263568097792
2014-12-15,0.006178911132296294
2014-12-16,-0.007539580234642629
2014-12-17,0.000815223438377144
2014-12-18,0.014317311293692514
2014-12-19,0.00048190602944164773
2014-12-22,-0.003484195014661462
2014-12-23,0.00398364575356136
2014-12-24,0.0004048118484303309
2014-12-26,0.0021750927481716253
2014-12-29,3.934696511631586e-05
2014-12-30,-0.0025164296544739617
2014-12-31,0.002439937684309168
2015-01-02,0.0048539059353731595
2015-01-05,-0.004021074909470124
2015-01-06,0.0028277742206319623
2015-01-07,0.005663581043005239
2015-01-08,0.008734170250796591
2015-01-09,0.002923662312023678
2015-01-12,0.0025760996191721564
2015-01-13,0.00906060170156886
2015-01-14,-0.007970564244366929
2015-01-15,0.0025324133772579582
2015-01-16,-0.00044705869515582197
2015-01-20,0.006111717758298774
2015-01-21,-0.0023661305542980182
2015-01-22,0.00393444408454835
2015-01-23,-0.0006246796285706013
2015-01-26,0.0001032114462531375
2015-01-27,-0.012439642910126447
2015-01-28,0.022361069717843574
2015-01-29,0.002253934329403462
2015-01-30,-0.003314055181070752
2015-02-02,0.004208208172448158
2015-02-03,0.00021692192073041738
2015-02-04,-0.0075204967334745465
2015-02-05,0.004499016904106812
2015-02-06,0.00038419916172194313
2015-02-09,-0.00416258084795984
2015-02-10,0.00473021102301896
2015-02-11,0.0014546170653944035
2015-02-12,0.0050710597971470595
2015-02-13,0.003640100323766271
2015-02-17,-0.00039720618927896467
2015-02-18,-0.001394076736462746
2015-02-19,-0.0006258286094662502
2015-02-20,6.669886671883951e-05
2015-02-23,0.0014025518654756652
2015-02-24,-0.0013889414518569732
2015-02-25,-0.0024018359177192528
2015-02-26,0.0006414548491833205
2015-02-27,2.7743646221933815e-05
2015-03-02,0.004789251720854537
2015-03-03,-0.0022869613473512906
2015-03-04,-0.001783813803177936
2015-03-05,0.0016413493632188025
2015-03-06,0.0027522722298432
2015-03-09,0.0032608014768846783
2015-03-10,-0.005240607662705066
2015-03-11,0.001328035066202382
2015-03-12,-0.0002731796526750374
2015-03-13,-0.0008982849351488742
2015-03-16,0.003175319814203048
2015-03-17,-4.75756394721083e-05
2015-03-18,-0.000989737299806337
2015-03-19,0.0011410952157779874
2015-03-20,0.006940373281880241
2015-03-23,0.0010907715337045154
2015-03-24,-0.00015726471775279194
2015-03-25,-0.0007903247747662601
2015-03-26,-0.005766476414119315
2015-03-27,0.0013475545108989628
2015-03-30,0.004424787423071175
2015-03-31,-0.0018023820213237673
2015-04-01,7.234610552742105e-05
2015-04-02,0.0007647500467709012
2015-04-06,-0.0005419903001868676
2015-04-07,-1.6492658943434435e-05
2015-04-08,-0.00034692582057549437
2015-04-09,-0.00016454180509128946
2015-04-10,-5.653679345540841e-05
2015-04-13,2.60496452308967e-05
2015-04-14,-0.00019768070901371448
2015-04-15,0.00043847011065034636
2015-04-16,-0.00045468097955780884
2015-04-17,-0.0008219131102060739
2015-04-20,0.00021251823077172993
2015-04-21,0.0004526871375625241
2015-04-22,0.0008330461491476981
2015-04-23,-0.0009401468577833194
2015-04-24,0.00027209587349141806
2015-04-27,0.00017173409109649818
2015-04-28,1.618202727082796e-05
2015-04-29,-0.0005555037219999726
2015-04-30,-0.00012589000385276883
2015-05-01,0.0003349370333511903
2015-05-04,0.0030983318040798125
2015-05-05,-0.00043222142609311565
2015-05-06,0.0036256558192939714
2015-05-07,0.0018654719863056002
2015-05-08,0.007383283168647781
2015-05-11,0.0002544533408106453
2015-05-12,-0.004409576128661885
2015-05-13,0.0012557459957274197
2015-05-14,0.007608383629669424
2015-05-15,0.0030590203437637076
2015-05-18,-0.0020502926258079146
2015-05-19,0.0024786313144449235
2015-05-20,-0.0001670863188318883
2015-05-21,0.00025926798108288907
2015-05-22,0.0006328443283261098
2015-05-26,-0.00030433188967582403
2015-05-27,0.002828374155418256
2015-05-28,-0.0014471926712832373
2015-05-29,-0.0014526120241452611
2015-06-01,0.0014408559824665712
2015-06-02,-0.00014151917626159527
2015-06-03,0.0005720364189245597
2015-06-04,-0.0003141948482792145
2015-06-05,-9.524558497431279e-05
2015-06-08,-0.00020637171796689113
2015-06-09,9.620000599741552e-05
2015-06-10,0.00019975477924627505
2015-06-11,-4.682810304668106e-05
2015-06-12,-0.0004077616736534173
2015-06-15,-0.0012290761044801979
2015-06-16,-0.00025368540617409785
2015-06-17,1.3877255207406236e-05
2015-06-18,0.00028701522138785407
2015-06-19,0.00034661954744263923
2015-06-22,5.2016254631359615e-05
2015-06-23,0.00016095998847909243
2015-06-24,2.5005327383809117e-05
2015-06-25,0.00012801581958377106
2015-06-26,-0.0038953408558841662
2015-06-29,-0.0008986866691219619
2015-06-30,0.0006210604334273562
2015-07-01,0.000818718294455012
2015-07-02,7.148805037338057e-05
2015-07-06,-0.0007685153435826875
2015-07-07,-0.000769370508608147
2015-07-08,-0.0008253590024960289
2015-07-09,0.0009452129106279905
2015-07-10,0.0007772691234013696
2015-07-13,0.0007651415190867983
2015-07-14,0.0033945161595949624
2015-07-15,0.0
2015-07-16,0.0
2015-07-17,0.0
2015-07-20,0.00013392860005145835
2015-07-21,-2.5539365723914464e-05
2015-07-22,-0.0016782416671643485
2015-07-23,0.0008703092795083744
2015-07-24,2.8667120550718295e-05
2015-07-27,-0.0006504038080934471
2015-07-28,0.000645112283310878
2015-07-29,0.0003457292759618813
2015-07-30,-0.0006158976610524114
2015-07-31,0.00038845959349154136
2015-08-03,0.00036309820967006523
2015-08-04,0.00020453541664933184
2015-08-05,0.000506319621724538
2015-08-06,-5.7505020848225286e-05
2015-08-07,-0.00024601440718363676
2015-08-10,0.0002206108414095631
2015-08-11,-0.0006267385808065296
2015-08-12,-0.001023509110155696
2015-08-13,-8.4537411515484e-07
2015-08-14,-4.831508007829832e-05
2015-08-17,-0.0008671423913800824
2015-08-18,-0.0002623427555210611
2015-08-19,-0.0003231221205612922
2015-08-20,-0.0011844275934531634
2015-08-21,-0.0007297243873232162
2015-08-24,-0.003015384286596978
2015-08-25,0.0024209967858797032
2015-08-26,0.0
2015-08-27,0.0
2015-08-28,0.0
2015-08-31,-0.0003322893598793897
2015-09-01,-0.002015828802521158
2015-09-02,0.0012772415408455196
2015-09-03,0.0006902518902649479
2015-09-04,-0.0011874251927338486
2015-09-08,0.002066630735209074
2015-09-09,-0.01059533801073631
2015-09-10,0.0008273136887562149
2015-09-11,0.0036737358230880535
2015-09-14,-0.0031820007656724325
2015-09-15,-0.0023728962231477357
2015-09-16,5.011182458458663e-05
2015-09-17,0.0005836850372631375
2015-09-18,0.012728037853270813
2015-09-21,-0.004053835937833261
2015-09-22,0.012757085982676664
2015-09-23,-0.001962741187220396
2015-09-24,0.0076787669845173046
2015-09-25,-0.009033705098569489
2015-09-28,0.0033098730810536825
2015-09-29,-0.0022210140306239134
2015-09-30,-0.011489507084673445
2015-10-01,-0.0028161161338627894
2015-10-02,0.012179327359462588
2015-10-05,-0.0051907702816632595
2015-10-06,0.0022215171548045642
2015-10-07,-0.00451312742279153
2015-10-08,0.0033072486178342686
2015-10-09,-0.0011362832492483044
2015-10-12,-0.0008680460763699216
2015-10-13,0.004119770711302317
2015-10-14,0.0002364810359030134
2015-10-15,-0.0032856631402420344
2015-10-16,-0.002027567402302144
2015-10-19,0.0016284810564750618
2015-10-20,0.0013139873983583072
2015-10-21,-0.005157040579080285
2015-10-22,-0.007368129598727791
2015-10-23,-0.023335513470454372
2015-10-26,0.00041467797783334426
2015-10-27,0.0014078695113273199
2015-10-28,0.000720868929840135
2015-10-29,-0.0014213118606971609
2015-10-30,0.0005138483615305667
2015-11-02,0.0007378974329610433
2015-11-03,-0.0024477928688321215
2015-11-04,0.002791945487913061
2015-11-05,0.007011564021246253
2015-11-06,-0.0021635670193356216
2015-11-09,-0.005941670407659139
2015-11-10,-0.004239170492455924
2015-11-11,0.004138459091670876
2015-11-12,-0.004047100471434861
2015-11-13,-0.003736308741499328
2015-11-16,-0.0020974329499579003
2015-11-17,0.0021861217555378953
2015-11-18,0.0037678732037662588
2015-11-19,0.002608921601015668
2015-11-20,0.007848387593318407
2015-11-23,0.0007952928613099708
2015-11-24,-0.007081969883245165
2015-11-25,0.0025652366465522825
2015-11-27,0.002042233189474496
2015-11-30,0.002609375501790412
2015-12-01,0.005057183247271446
2015-12-02,0.0008467439205508409
2015-12-03,0.0038747932851339595
2015-12-04,0.0015206141667367667
2015-12-07,0.000954425090649913
2015-12-08,-0.011582916643087748
2015-12-09,-0.0031053054748595432
2015-12-10,0.002860360072298729
2015-12-11,-0.011378444809029165
2015-12-14,0.002637268556910266
2015-12-15,0.008389146069269326
2015-12-16,0.007508183752383157
2015-12-17,0.0045834178466679365
2015-12-18,-0.004732763878254276
2015-12-21,0.007504449074885011
2015-12-22,0.004702603783693027
2015-12-23,0.004759833064862162
2015-12-24,0.00043030919108599797
2015-12-28,-0.0011837477639432548
2015-12-29,0.004772159911623941
2015-12-30,-0.0012338146297535824
2015-12-31,-0.0032912434261482826
2016-01-04,-0.020771304543667157
2016-01-05,0.00504442243223413
2016-01-06,-0.014411059837670881
2016-01-07,-0.017392649696709506
2016-01-08,0.009198925146134185
2016-01-11,0.0044597943746416124
2016-01-12,0.009196260047062088
2016-01-13,0.00397617906925829
2016-01-14,0.0019316813220904283
2016-01-15,-0.03310262817272924
2016-01-19,0.013158353810638568
2016-01-20,-0.014839999227340028
2016-01-21,0.004499798483381001
2016-01-22,0.001982755486936716
2016-01-25,0.002393668382074221
2016-01-26,0.000471844433377111
2016-01-27,0.003461038623653545
2016-01-28,0.02078420748130516
2016-01-29,-0.0007607102460293058
2016-02-01,0.004429022039939445
2016-02-02,0.0035169494355522524
2016-02-03,-0.004345495993039572
2016-02-04,0.0025104580316452907
2016-02-05,0.0029996570582779825
2016-02-08,0.015610137477963582
2016-02-09,0.010998465312398675
2016-02-10,-0.010193441395143665
2016-02-11,0.010342060729832125
2016-02-12,-0.008644107704754322
2016-02-16,-0.012468878786973558
2016-02-17,-0.0071003532519272605
2016-02-18,-0.0012560891801717267
2016-02-19,0.0036300466921155294
2016-02-22,-0.007758499566784982
2016-02-23,0.005169966004129112
2016-02-24,0.009815905153519378
2016-02-25,-0.001113011848168921
2016-02-26,-0.005626030563997908
2016-02-29,0.0011155045404924735
2016-03-01,-0.008041988650706267
2016-03-02,0.001041873982461805
2016-03-03,0.0011604988159008567
2016-03-04,0.00024812347010438884
2016-03-07,0.0036449620032541485
2016-03-08,0.006184703726391572
2016-03-09,-0.002740725249192555
2016-03-10,-0.004259288085934676
2016-03-11,-0.008709793830069534
2016-03-14,0.0021314719185376862
2016-03-15,0.0033199246786534964
2016-03-16,0.00204098734324476
2016-03-17,0.0030519081848159324
2016-03-18,-0.0018249337131337473
2016-03-21,0.002154040012597447
2016-03-22,0.004218265036206148
2016-03-23,0.0011328217166135524
2016-03-24,0.004885445518893361
2016-03-28,-0.002097327489529288
2016-03-29,0.0014306468917157922
2016-03-30,-0.005050282553889174
2016-03-31,0.0005389706151650575
2016-04-01,0.0043547788419959765
2016-04-04,0.0016586581330273464
2016-04-05,0.0005078219148324514
2016-04-06,-0.0008330801080608241
2016-04-07,0.0024333702549861336
2016-04-08,-0.0008540730070638602
2016-04-11,-0.001564088615640058
2016-04-12,0.0005353692454597159
2016-04-13,0.006096562881012346
2016-04-14,-0.00021531897383308962
2016-04-15,3.715099222389995e-05
2016-04-18,-0.0015540278027166288
2016-04-19,0.0020720385467285496
2016-04-20,0.0011096148487814705
2016-04-21,0.000253450734590821
2016-04-22,-0.012236631621572402
2016-04-25,-0.0026711737756835996
2016-04-26,0.001946361501280247
2016-04-27,-0.0026474302626166013
2016-04-28,0.01362768637842815
2016-04-29,0.006319426108397197
2016-05-02,0.002714516535347933
2016-05-03,-0.006386629462840965
2016-05-04,-0.005449135459567267
2016-05-05,0.003418451146819379
2016-05-06,-0.00336911531222861
2016-05-09,0.0008405493238909933
2016-05-10,0.004949764275974378
2016-05-11,-0.0006124208917891449
2016-05-12,0.0033946526988071213
2016-05-13,-0.0002312549816186893
2016-05-16,-0.0014650265438035381
2016-05-17,-0.00036548755667942245
2016-05-18,0.0017664374424655183
2016-05-19,-0.0031477443090175417
2016-05-20,0.0029065992613990232
2016-05-23,0.00010793878057646644
2016-05-24,0.002437934895932692
2016-05-25,0.0019093967503185372
2016-05-26,0.00011944330430435635
2016-05-27,0.00014065585529543512
2016-05-31,0.00044107212142630026
2016-06-01,-0.0013289513360498217
2016-06-02,-0.0009074886261072335
2016-06-03,5.871882487418212e-05
2016-06-06,0.000863308431390486
2016-06-07,0.002139199168650796
2016-06-08,0.0010823309016660954
2016-06-09,-0.003602240248833044
2016-06-10,-0.007552050250198894
2016-06-13,-0.0050927030230299986
2016-06-14,-0.0003270795543006688
2016-06-15,0.0015898957948883297
2016-06-16,-0.002915323252606905
2016-06-17,-7.555052571284193e-05
2016-06-20,0.007794690064011789
2016-06-21,0.002393354277721693
2016-06-22,-0.0027392659480902637
2016-06-23,0.004368243190576049
2016-06-24,-0.026880019335289385
2016-06-27,-0.0060627143502092196
2016-06-28,0.009784887319358893
2016-06-29,0.006963634035383359
2016-06-30,0.0026175677728479396
2016-07-01,-0.0019737267198101094
2016-07-05,-0.004491563691465417
2016-07-06,-0.00352258813471229
2016-07-07,0.0005197670291829937
2016-07-08,0.004378967090478136
2016-07-11,0.003866018765296797
2016-07-12,0.003194776898693963
2016-07-13,0.0016407568139102935
2016-07-14,0.003993281716255792
2016-07-15,0.0025055684906132303
2016-07-18,0.0014412256996014783
2016-07-19,-0.002286087974518458
2016-07-20,0.0035349080061042315
2016-07-21,-0.0001444030992895362
2016-07-22,0.001375302867208994
2016-07-25,0.0017641077431858054
2016-07-26,0.002375625059365394
2016-07-27,0.0029354485585468826
2016-07-28,0.0035852663629913906
2016-07-29,0.001594804032993613
2016-08-01,0.0007003181509164236
2016-08-02,-0.0010362633507379204
2016-08-03,-0.0014858792196001946
2016-08-04,0.0005707455717764987
2016-08-05,0.005304638853534049
2016-08-08,0.0003227331719428683
2016-08-09,0.0015241335698672476
2016-08-10,0.00010923353027458838
2016-08-11,0.0017114820021235655
2016-08-12,-0.0004529767323008249
2016-08-15,0.0010953559850506167
2016-08-16,-0.0009203471560076393
2016-08-17,0.0002289985790533411
2016-08-18,0.0002517498647571781
2016-08-19,-0.00014891354309454208
2016-08-22,-0.0005090384983257312
2016-08-23,0.002840379383865832
2016-08-24,0.0002235291862988653
2016-08-25,-0.000527739488304424
2016-08-26,0.0011304950524859692
2016-08-29,0.0004983971217913385
2016-08-30,0.000541117071034547
2016-08-31,-0.0008268048786337356
2016-09-01,0.0006795819464811004
2016-09-02,0.00267646988711312
2016-09-06,0.0011497796603869848
2016-09-07,-0.0001492301231186266
2016-09-08,-0.0014357826587164668
2016-09-09,-0.003930242300412834
2016-09-12,-0.003592179850340438
2016-09-13,-0.0032696481974785474
2016-09-14,-0.0005287581305791766
2016-09-15,0.0004588049747793477
2016-09-16,0.001907871132965644
2016-09-19,0.0030194100558027515
2016-09-20,0.002861189329429692
2016-09-21,0.003601067254064505
2016-09-22,0.003531277463940885
2016-09-23,-0.003010407646612756
2016-09-26,-0.003569607525969576
2016-09-27,0.000871046378278395
2016-09-28,0.0017997394965170166
2016-09-29,-0.0004301631501696379
2016-09-30,0.002378362277468682
2016-10-03,0.000217846712345926
2016-10-04,0.0017978569736634142
2016-10-05,0.0019278519016598938
2016-10-06,-0.0009469643241145631
2016-10-07,0.001454346791019745
2016-10-10,0.0029829673031094295
2016-10-11,-0.0013002561050621253
2016-10-12,0.00011730192736125744
2016-10-13,-0.004707939894318169
2016-10-14,0.004485500902610573
2016-10-17,0.0002346201675769155
2016-10-18,0.00651593948593443
2016-10-19,-0.0012523706589627759
2016-10-20,-0.0021859164688019517
2016-10-21,-0.0024500175149665404
2016-10-24,0.003641270771441274
2016-10-25,0.0001591210603286708
2016-10-26,-0.001297949623590089
2016-10-27,0.005517186706881727
2016-10-28,-0.003936662266898594
2016-10-31,0.003128875944517606
2016-11-01,0.002580668991860602
2016-11-02,-0.0008788067570405511
2016-11-03,-0.0015545548112041452
2016-11-04,-0.008032556719551498
2016-11-07,0.016411575308370896
2016-11-08,-0.000409558255907716
2016-11-09,-0.019346944719147108
2016-11-10,0.00464458695483061
2016-11-11,-0.0009315480393085052
2016-11-14,0.002019845912684781
2016-11-15,0.010965033794939405
2016-11-16,-0.0053807909373692064
2016-11-17,0.001832903843684175
2016-11-18,0.0013499884656387184
2016-11-21,0.00418418901254336
2016-11-22,0.005311666004866877
2016-11-23,-0.0018199074175875296
2016-11-25,0.0023087385435378582
2016-11-28,-0.002267985817781426
2016-11-29,0.000326462715124487
2016-11-30,0.0002640762772792016
2016-12-01,0.00025044294207043905
2016-12-02,-0.002465410557229597
2016-12-05,0.004934435650608027
2016-12-06,0.0036470629601117466
2016-12-07,7.887438308129546e-05
2016-12-08,0.0018210639873743606
2016-12-09,0.0037807451414388904
2016-12-12,-0.0033466740885805812
2016-12-13,0.003948738048830558
2016-12-14,0.00034458941743653604
2016-12-15,0.0008366937679398223
2016-12-16,0.004022847986012934
2016-12-19,0.0009511307052925133
2016-12-20,0.004307029904797144
2016-12-21,0.00012232964546043945
2016-12-22,0.002967778754480843
2016-12-23,-0.0025209514657725807
2016-12-27,0.0028482963352136625
2016-12-28,0.003748699357136065
2016-12-29,-0.004496467634784618
2016-12-30,0.0015752664559283147
2017-01-03,0.0028151284125992326
2017-01-04,0.001756498823683339
2017-01-05,-0.00032699635842869945
2017-01-06,0.0019346194133176287
2017-01-09,0.00047791985630674105
2017-01-10,0.0008803777890380449
2017-01-11,-0.0007581510638291489
2017-01-12,-0.0034916477228863485
2017-01-13,0.0006830582482808545
2017-01-17,-0.002657930746492898
2017-01-18,-0.0003708108604851823
2017-01-19,0.0021779798246976956
2017-01-20,0.003638607943309724
2017-01-23,-0.0010501407343186386
2017-01-24,0.001653578040740289
2017-01-25,0.005876095483894339
2017-01-26,0.002756750802395347
2017-01-27,0.0029483918902808437
2017-01-30,-0.004006565162609221
2017-01-31,-0.0036580372266976635
2017-02-01,0.009424275286638029
2017-02-02,-0.0026558358297780194
2017-02-03,-0.0029996551297009066
2017-02-06,-0.0005001270959397175
2017-02-07,0.003493717352622161
2017-02-08,-0.0005916816238045186
2017-02-09,0.0030284847479906674
2017-02-10,0.00519018802361404
2017-02-13,0.0039084346299886885
2017-02-14,-0.0010958278723156578
2017-02-15,-0.0006059241346024757
2017-02-16,0.0007994770546380092
2017-02-17,-0.0032259794515702156
2017-02-21,0.004087985280470274
2017-02-22,0.0005629791586203581
2017-02-23,-0.002750460723396686
2017-02-24,-0.007803304139523015
2017-02-27,-0.0017507547008157598
2017-02-28,0.002011566447276847
2017-03-01,0.009985148864563032
2017-03-02,-0.001471642749706903
2017-03-03,-0.0014870146128228567
2017-03-06,-0.004427408198704907
2017-03-07,-0.0010824688116193304
2017-03-08,0.0017865838804902445
2017-03-09,-0.00011227708704442119
2017-03-10,0.0053541062116353455
2017-03-13,0.0024462889391341225
2017-03-14,-0.001895001994834944
2017-03-15,0.0012189088189447084
2017-03-16,0.0025969797249574267
2017-03-17,0.0018392628458161475
2017-03-20,0.001119777667591526
2017-03-21,0.0021156582860550888
2017-03-22,-0.0003996151157987793
2017-03-23,-0.0015950835630746951
2017-03-24,0.009168864937396881
2017-03-27,-0.008849732615882178
2017-03-28,0.0015838699170338533
2017-03-29,0.0006130840379634517
2017-03-30,0.0008480900004641523
2017-03-31,-0.0008376961508897995
2017-04-03,0.0018505553471670488
2017-04-04,-0.006321303661955602
2017-04-05,0.0009485171726193453
2017-04-06,-0.0008041851026208136
2017-04-07,-3.119296290432505e-05
2017-04-10,0.001705619398339131
2017-04-11,-0.0019016225421978339
2017-04-12,-0.0011223913288089804
2017-04-13,-0.001356652175003692
2017-04-17,0.002872774307901338
2017-04-18,-0.003156138304952427
2017-04-19,0.0045069996961499825
2017-04-20,0.004567496380831759
2017-04-21,-0.00021318913682710772
2017-04-24,0.009212178860306786
2017-04-25,0.0032078601183225253
2017-04-26,-3.610873258608205e-05
2017-04-27,0.003985383018075606
2017-04-28,0.006708546116124481
2017-05-01,0.0034604879106490127
2017-05-02,-0.0028735247094122673
2017-05-03,-0.002243974446285879
2017-05-04,0.00014512559080714915
2017-05-05,0.002901385371077092
2017-05-08,0.001216973041391567
2017-05-09,0.0028064184214438015
2017-05-10,0.005777891120428258
2017-05-11,-0.00410682936519291
2017-05-12,0.003518947699052033
2017-05-15,-0.0006244439472130603
2017-05-16,0.004400574499348275
2017-05-17,-0.012754887831500472
2017-05-18,0.0013256012974911524
2017-05-19,0.0074325898913860655
2017-05-22,0.005050275140790816
2017-05-23,0.0036576004375534765
2017-05-24,0.006960555092696552
2017-05-25,0.0046217455748831515
2017-05-26,-2.2406700683541558e-05
2017-05-30,0.001152182512555111
2017-05-31,0.00507188700197414
2017-06-01,0.0037260661544127327
2017-06-02,0.0024125577961280342
2017-06-05,-0.0018979573040089903
2017-06-06,-0.001780177791979476
2017-06-07,0.004774886471645257
2017-06-08,0.008129832780346291
2017-06-09,0.007124832865093911
2017-06-12,-0.01386088850617928
2017-06-13,0.014988640296441424
2017-06-14,0.00592186789127136
2017-06-15,-0.019205353261521063
2017-06-16,0.005319420314101153
2017-06-19,0.013862172606291523
2017-06-20,0.005387427927464383
2017-06-21,0.006850881556057509
2017-06-22,0.0005887333313230325
2017-06-23,-0.0011607799420020326
2017-06-26,0.006967864006951041
2017-06-27,-0.005382283492150197
2017-06-28,0.007604317088370172
2017-06-29,-0.007569656105002376
2017-06-30,0.006253151900601717
2017-07-03,0.0073484788178870275
2017-07-05,0.00473755282293542
2017-07-06,-0.011347313947508986
2017-07-07,0.006994352885706379
2017-07-10,0.0051994655061973205
2017-07-11,-0.0010200220092307921
2017-07-12,0.009880106842981462
2017-07-13,0.0010376544153190004
2017-07-14,0.002584975069187978
2017-07-17,0.0014911569496314225
2017-07-18,-0.0028418534002817575
2017-07-19,0.0039157488471526225
2017-07-20,0.003384838334537621
2017-07-21,-0.004742509346321699
2017-07-24,0.001667469930167531
2017-07-25,-0.004269523118542118
2017-07-26,0.007121190287915136
2017-07-27,0.011850392206128602
2017-07-28,-0.00801869042739567
2017-07-31,0.0016184741748830334
2017-08-01,0.003340321618615416
2017-08-02,0.009249360380229943
2017-08-03,0.006930118179777178
2017-08-04,0.0020874812787103902
2017-08-07,0.0031983897008196482
2017-08-08,0.000999718455082732
2017-08-09,-0.011598300768603464
2017-08-10,-0.005945527937456063
2017-08-11,-0.0015946407338151003
2017-08-14,0.01260195714916823
2017-08-15,0.004021799785630886
2017-08-16,0.002475597808436758
2017-08-17,-0.003111171713093497
2017-08-18,0.0023525258863974496
2017-08-21,0.00031131470370393544
2017-08-22,0.006005257796009245
2017-08-23,-0.006078751038678165
2017-08-24,0.002688321279819883
2017-08-25,0.003636629554792714
2017-08-28,0.0025555502159138044
2017-08-29,-0.010132791933396001
2017-08-30,0.0027639610937715275
2017-08-31,0.0026308544194586503
2017-09-01,0.0024171170231686023
2017-09-05,-0.005019066388458504
2017-09-06,0.003264362704851864
2017-09-07,0.0022687061220696414
2017-09-08,-0.0012124034236036252
2017-09-11,0.008483134792383717
2017-09-12,0.0032368121072980927
2017-09-13,-0.0013060736331327316
2017-09-14,-0.0034598610489415815
2017-09-15,0.001611192845473175
2017-09-18,0.004690563865132669
2017-09-19,0.0007871156301093585
2017-09-20,-0.0005626523144297568
2017-09-21,-0.001965821354152353
2017-09-22,-0.005008177884681109
2017-09-25,-0.004700290414586417
2017-09-26,0.009062426062484974
2017-09-27,0.009952826945299531
2017-09-28,-0.0015359174685645183
2017-09-29,0.0030404756122193177
2017-10-02,0.0036597531371687086
2017-10-03,-0.00034473828610614987
2017-10-04,-0.0010381333199454001
2017-10-05,0.004324760638535707
2017-10-06,-0.0044705656315853215
2017-10-09,0.001253355275620427
2017-10-10,0.00754950920074271
2017-10-11,-0.000687291756282904
2017-10-12,-0.0009178816546059343
2017-10-13,0.006329160190914118
2017-10-16,0.003487719834375902
2017-10-17,-0.0014391219340269545
2017-10-18,0.002137973436867835
2017-10-19,-0.007902026551628527
2017-10-20,0.006169438512599434
2017-10-23,0.003650696146385801
2017-10-24,0.0016802351574187746
2017-10-25,-0.003962548188368165
2017-10-26,0.0038843647887523147
2017-10-27,0.016658240597559715
2017-10-30,-0.0017564643716438955
2017-10-31,0.0023444364480489366
2017-11-01,0.005381501718720871
2017-11-02,-0.006048717467454501
2017-11-03,0.005300290342558078
2017-11-06,0.0005749099756648945
2017-11-07,0.0012685618035472856
2017-11-08,-0.0007627955177512691
2017-11-09,-0.009005223905195203
2017-11-10,0.0002463482826204899
2017-11-13,-0.004870414871276041
2017-11-14,-0.002678201953189907
2017-11-15,-0.00717612273606727
2017-11-16,0.007489734799982495
2017-11-17,0.005072669123178608
2017-11-20,0.0006013034555654162
2017-11-21,0.006097439843430585
2017-11-22,0.0013256232941851742
2017-11-24,0.001329971760163584
2017-11-27,-0.001079205942178585
2017-11-28,0.002833816323492222
2017-11-29,-0.002708338124997045
2017-11-30,0.005939622209972795
2017-12-01,-0.007461242114091382
2017-12-04,0.007145759072877178
2017-12-05,-0.004579258139460696
2017-12-06,-0.005414073018369714
2017-12-07,0.005004844753594639
2017-12-08,0.009274994377119095
2017-12-11,0.001079742374844761
2017-12-12,-0.003309600679641478
2017-12-13,0.004600910356853838
2017-12-14,0.0012895576830629363
2017-12-15,0.006022476500835872
2017-12-18,0.007760792674922801
2017-12-19,-0.001811592632829595
2017-12-20,0.0076335118341333
2017-12-21,0.0004827830435201186
2017-12-22,-0.0025354100897166942
2017-12-26,-0.008308812844045499
2017-12-27,0.0007916345150382753
2017-12-28,0.0036800438520780965
2017-12-29,-0.000797660033559966
2018-01-02,0.0062271095216774874
2018-01-03,0.0039278283975374695
2018-01-04,0.004714504043663803
2018-01-05,0.004132922524699101
2018-01-08,0.0008940980725795633
2018-01-09,0.0015698263407577517
2018-01-10,-0.006819360491434723
2018-01-11,0.0031342127010889342
2018-01-12,-0.003539919679760306
2018-01-16,0.0078105026029609
2018-01-17,0.004806337937115934
2018-01-18,0.00010429815320334157
2018-01-19,0.004642209019282362
2018-01-22,-0.00032813452700841683
2018-01-23,0.010016464093510757
2018-01-24,0.0016190214055176178
2018-01-25,0.00838129871977511
2018-01-26,0.00888253311571674
2018-01-29,-0.0021775106319846804
2018-01-30,-0.01203044671486897
2018-01-31,0.00846784605686346
2018-02-01,-0.007392502270090251
2018-02-02,2.419678975495998e-05
2018-02-05,-0.015135267678749065
2018-02-06,-0.01975378974397002
2018-02-07,-0.0002814502689106879
2018-02-08,0.0070591124188612575
2018-02-09,0.02326362049637276
2018-02-12,0.013022130073581772
2018-02-13,-0.003772438111080856
2018-02-14,-0.005576422149480287
2018-02-15,0.01239106749605079
2018-02-16,-0.003054433655896527
2018-02-20,-0.0025447203365437376
2018-02-21,0.008124703992287152
2018-02-22,0.006839152095313494
2018-02-23,0.009854122933621312
2018-02-26,0.006652047528455274
2018-02-27,9.06129382423071e-05
2018-02-28,0.005260581942085674
2018-03-01,0.001254690883865539
2018-03-02,-0.015940376994330707
2018-03-05,-0.00541489279793772
2018-03-06,0.010038598389270126
2018-03-07,-0.010020322937891013
2018-03-08,0.004473011628873369
2018-03-09,0.008294029129151781
2018-03-12,0.006821120629057376
2018-03-13,0.009496681759480374
2018-03-14,0.004942251875203807
2018-03-15,0.001996154399710681
2018-03-16,0.00456524325067198
2018-03-19,-0.009242978109759159
2018-03-20,0.0014755403338286843
2018-03-21,-0.0009250192337402208
2018-03-22,-0.012643426453542772
2018-03-23,-0.0028412913011089946
2018-03-26,0.025306443468694262
2018-03-27,0.008024821046729524
2018-03-28,-0.010609791774823019
2018-03-29,0.0027040332349717033
2018-04-02,-0.01202349362284516
2018-04-03,0.013863825878104086
2018-04-04,-0.030040165100091998
2018-04-05,0.008877854011822617
2018-04-06,-0.01651688129024742
2018-04-09,0.011048968981202334
2018-04-10,0.02278337174571554
2018-04-11,-0.0022809292805141546
2018-04-12,0.009714994529854915
2018-04-13,0.008607175251857946
2018-04-16,0.007712896808188763
2018-04-17,0.01600045831045982
2018-04-18,-0.0011689419401827994
2018-04-19,-0.00781633578051355
2018-04-20,-0.002392923793593904
2018-04-23,0.007046088401775341
2018-04-24,0.007271318802933413
2018-04-25,0.00045622816009682765
2018-04-26,0.015415331742080873
2018-04-27,0.027637262876692104
2018-04-30,0.0017768038328229707
2018-05-01,-0.0022733945079771445
2018-05-02,-0.0009881351973671793
2018-05-03,-7.895775506960856e-05
2018-05-04,-0.0009581193556584822
2018-05-07,0.002027405054588094
2018-05-08,-0.00023744775127609863
2018-05-09,0.0006061115170894471
2018-05-10,0.0012578565048453338
2018-05-11,-0.0026268204604014134
2018-05-14,0.002224501982332594
2018-05-15,-0.0003884281685986313
2018-05-16,0.0013051731750046702
2018-05-17,-0.000698668092044108
2018-05-18,-9.919274344938334e-05
2018-05-21,0.004691852954510356
2018-05-22,0.003770645218287738
2018-05-23,-0.0010611689508258637
2018-05-24,6.994199127907663e-05
2018-05-25,-0.0004068174360820631
2018-05-29,-0.0006751033717531385
2018-05-30,0.0019607823575320538
2018-05-31,-0.0043836916122758085
2018-06-01,0.002661240348345917
2018-06-04,0.00016548066827426489
2018-06-05,0.0027812421808559584
2018-06-06,0.0002741171242577334
2018-06-07,0.001728558930181201
2018-06-08,-0.00530085766291899
2018-06-11,-0.0001840674024140565
2018-06-12,0.0024096407536327025
2018-06-13,0.0006209875666114417
2018-06-14,0.004794082914404196
2018-06-15,-0.0038277431566937636
2018-06-18,-0.0058994823050935175
2018-06-19,-0.009275638759265403
2018-06-20,0.006377672792877709
2018-06-21,0.007626156798481665
2018-06-22,0.004420281048621355
2018-06-25,-0.009830037876351283
2018-06-26,0.00717909539802819
2018-06-27,0.006568493853265744
2018-06-28,0.001188850765999172
2018-06-29,0.006539872794980139
2018-07-02,-0.00867025704153157
2018-07-03,0.004016355096480462
2018-07-05,0.007255020209514962
2018-07-06,-0.0008840325389943837
2018-07-09,0.007944340227920454
2018-07-10,0.0010363257671801573
2018-07-11,-0.009014112475448366
2018-07-12,0.0020883092040648865
2018-07-13,3.196710753261556e-05
2018-07-16,0.0022668264789127424
2018-07-17,-0.020830539829270855
2018-07-18,0.0015719825125062314
2018-07-19,-0.004775188216201487
2018-07-20,0.0032995789378382767
2018-07-23,-0.0035413783637181506
2018-07-24,0.00986052969603235
2018-07-25,0.00018385271912757517
2018-07-26,-0.002995675923417762
2018-07-27,0.009325638039384021
2018-07-30,0.0003715136421438281
2018-07-31,0.0022333867756405557
2018-08-01,0.004317794635991801
2018-08-02,-0.005093611698838041
2018-08-03,0.0019914184036387006
2018-08-06,-0.000212429203380049
2018-08-07,0.0034114051167069004
2018-08-08,-0.000662462386321172
2018-08-09,-0.0003642404670791688
2018-08-10,-0.006392149889004495
2018-08-13,0.0014735935964520497
2018-08-14,0.006061386845159555
2018-08-15,-0.005779421683960395
2018-08-16,0.00822052224320835
2018-08-17,-0.003430918318283571
2018-08-20,0.0011867153840670053
2018-08-21,0.00377768232080955
2018-08-22,-0.0022533136118624286
2018-08-23,0.0007087324978809484
2018-08-24,0.006449728045649916
2018-08-27,0.007964229690816449
2018-08-28,0.003933662182879827
2018-08-29,0.0005362725537001456
2018-08-30,-0.002524565900203779
2018-08-31,0.0006541646045425953
2018-09-04,0.0009240228316687027
2018-09-05,0.002517032488599913
2018-09-06,-0.0021084049006224737
2018-09-07,-0.0024707030895668725
2018-09-10,0.0030090119522663272
2018-09-11,-0.0015856147353604522
2018-09-12,-0.0034672513633757784
2018-09-13,0.004695310604333924
2018-09-14,0.004573754340059022
2018-09-17,-0.004061117430368633
2018-09-18,0.0026291416001711365
2018-09-19,-0.0012419262190597191
2018-09-20,0.003691563929366648
2018-09-21,-0.00124195485022216
2018-09-24,-0.00038893965309394485
2018-09-25,0.0028071505688247456
2018-09-26,-0.0012535536697522165
2018-09-27,-0.0010166644812105163
2018-09-28,-0.0008350718621806807
2018-10-01,0.00033970336922850564
2018-10-02,-0.00321624209972593
2018-10-03,0.004200657132717112
2018-10-04,-0.005308851008987814
2018-10-05,0.0006166487561438672
2018-10-08,-0.009367975677770035
2018-10-09,-0.002150503050770025
2018-10-10,-0.005860188773549768
2018-10-11,-0.00863482479112232
2018-10-12,0.037795843532898665
2018-10-15,0.0
2018-10-16,0.0
2018-10-17,0.0
2018-10-18,-0.00576135247550047
2018-10-19,0.00957914437967422
2018-10-22,0.00751091761222944
2018-10-23,-0.025529742125876886
2018-10-24,-0.0005884143078065396
2018-10-25,0.00020576379908510134
2018-10-26,-0.04482020918951535
2018-10-29,0.014642835803684084
2018-10-30,-0.015301186196486904
2018-10-31,0.02520586858213658
2018-11-01,0.007753647365704053
2018-11-02,0.0007186681496778036
2018-11-05,-0.0008969037092636523
2018-11-06,-0.0014143679033861156
2018-11-07,0.003755571212696207
2018-11-08,-0.0014688228867481001
2018-11-09,-0.003363717560113777
2018-11-12,-0.003540431694074808
2018-11-13,0.0022969092980993366
2018-11-14,0.004862930820081379
2018-11-15,0.0017061287935848934
2018-11-16,-0.010346516731118971
2018-11-19,0.0030803381998396606
2018-11-20,0.008782930056505878
2018-11-21,-0.005865158610662391
2018-11-23,0.007454981939204242
2018-11-26,-0.012771011691395606
2018-11-27,0.004499696792353625
2018-11-28,-0.001956969448510426
2018-11-29,0.0027302722855431227
2018-11-30,-0.0016507306511858166
2018-12-03,-0.010983729443079016
2018-12-04,0.004659035897170982
2018-12-06,0.018256687556339024
2018-12-07,0.004272617690721736
2018-12-10,-8.544490035766739e-05
2018-12-11,-0.00996334611805827
2018-12-12,-0.01114668787313533
2018-12-13,-0.003367570027690503
2018-12-14,0.008336849582621708
2018-12-17,0.003379979135320621
2018-12-18,-0.00506430861650542
2018-12-19,-0.0009246607164742349
2018-12-20,0.0026945463219583132
2018-12-21,-0.0017571441720898306
2018-12-24,0.0032670632465028326
2018-12-26,-0.007622792884776519
2018-12-27,0.00808004921537786
2018-12-28,-0.00407880630541968
2018-12-31,-0.006506187853483558
2019-01-02,0.01477603608609157
2019-01-03,0.009546659879638097
2019-01-04,-0.01062812494097154
2019-01-07,0.0013622289641457286
2019-01-08,-0.004946565483367693
2019-01-09,-0.00042220832440609257
2019-01-10,0.005148036509064591
2019-01-11,0.0038929686159570043
2019-01-14,0.005181715889412297
2019-01-15,-0.0023142014385030274
2019-01-16,-0.0010827569289107997
2019-01-17,0.0017458672120183039
2019-01-18,-0.004538823730957042
2019-01-22,0.004479912856982349
2019-01-23,-0.0023706243322616505
2019-01-24,0.0008110385968682632
2019-01-25,-0.00626107044361901
2019-01-28,-0.002830701330837182
2019-01-29,-0.0005886002026430637
2019-01-30,-0.0026862370475230213
2019-01-31,-0.0050362457382352455
2019-02-01,0.0045427347087878545
2019-02-04,-0.0007141615727120909
2019-02-05,-0.0003355086386895856
2019-02-06,0.0015757400727725024
2019-02-07,0.0005128843400730165
2019-02-08,-0.0020169227417295987
2019-02-11,0.0024013407125957897
2019-02-12,0.00038617735703705414
2019-02-13,-0.002041687796326297
2019-02-14,-0.0011171907729539132
2019-02-15,-0.0018496060061067299
2019-02-19,-0.00020568726208836097
2019-02-20,0.0011090864918636978
2019-02-21,0.0018565626261575208
2019-02-22,0.0021007719624910326
2019-02-25,-0.0005643448187128142
2019-02-26,-0.0005186298944344081
2019-02-27,0.0029931342151767737
2019-02-28,0.0013248939056385023
2019-03-01,-0.0021663624096252
2019-03-04,-0.001671753838578427
2019-03-05,-0.0008518210013962468
2019-03-06,0.00021774142862240886
2019-03-07,-0.00043736055076404323
2019-03-08,-0.006694878432794704
2019-03-11,0.0019459322305437343
2019-03-12,0.00014563990686866646
2019-03-13,0.0014005690819207661
2019-03-14,0.0007547817060526985
2019-03-15,0.000578384579848823
2019-03-18,0.0007331972268092013
2019-03-19,0.002160305818693642
2019-03-20,0.0011278950645168262
2019-03-21,-0.001244159680228396
2019-03-22,-0.0032365898130506388
2019-03-25,-0.0028821067511370924
2019-03-26,0.005941871186388115
2019-03-27,0.000528663770505089
2019-03-28,0.00366564494250321
2019-03-29,0.004020295479584046
2019-04-01,0.006942425568148947
2019-04-02,-6.189871221595755e-05
2019-04-03,0.0038008218807801253
2019-04-04,-0.006065632050897496
2019-04-05,0.002149040589072504
2019-04-08,-0.0005198226580632737
2019-04-09,-0.0031872456748729405
2019-04-10,0.0018214099345852386
2019-04-11,-0.0008058826859840273
2019-04-12,0.0016265123558962813
2019-04-15,0.00029833359707209794
2019-04-16,0.0027450776305983915
2019-04-17,0.003683827450394528
2019-04-18,0.0009778845237058409
2019-04-22,-0.0024615244907469913
2019-04-23,-4.2666077575526096e-05
2019-04-24,0.0005877295059149024
2019-04-25,0.0021114834947266736
2019-04-26,-0.0028047646826067085
2019-04-29,1.1231409696721428e-05
2019-04-30,3.732367313324936e-05
2019-05-01,0.0016488194245176668
2019-05-02,0.0002905465059155343
2019-05-03,0.008538251306122069
2019-05-06,-0.01949064969395009
2019-05-07,-0.006984064337951179
2019-05-08,-0.002751917516378155
2019-05-09,-0.008764307933482152
2019-05-10,-0.0026929257717900335
2019-05-13,-0.022101347751825817
2019-05-14,0.006165978202283373
2019-05-15,-0.004919313334947661
2019-05-16,-9.81951372436285e-08
2019-05-17,-0.00799147565794378
2019-05-20,-0.012961498776020486
2019-05-21,0.009742035983403952
2019-05-22,-0.006811152496792983
2019-05-23,-0.0113577991258621
2019-05-24,0.006428421902677339
2019-05-28,0.004875263710234945
2019-05-29,-0.004888382411141756
2019-05-30,0.002779672808793876
2019-05-31,-0.011174293443516614
2019-06-03,0.0011206121905804611
2019-06-04,0.0030975397690307105
2019-06-05,0.0025950116278083968
2019-06-06,0.0008688834462433626
2019-06-07,0.0005958369637675265
2019-06-10,0.003909820257977925
2019-06-11,0.0028027765132978555
2019-06-12,-0.00217836477032074
2019-06-13,0.0011068926068826812
2019-06-14,-0.005001361549238248
2019-06-17,-0.00033836220786842564
2019-06-18,0.0024812503242890305
2019-06-19,0.0011409207729120574
2019-06-20,0.003887473191617641
2019-06-21,-0.0011866286919847147
2019-06-24,0.0008305320901085267
2019-06-25,0.0001598719539759319
2019-06-26,0.0060504034242028215
2019-06-27,0.0
2019-06-28,0.0
2019-07-01,0.0
2019-07-02,-0.001291393783528938
2019-07-03,0.000942332417498859
2019-07-05,-0.007179843965845478
2019-07-08,-0.004342125240717309
2019-07-09,-0.003395019285820977
2019-07-10,0.005689431833654668
2019-07-11,0.0030200415400862823
2019-07-12,0.0010140020876274747
2019-07-15,0.002231800662554795
2019-07-16,-0.0014258454085870342
2019-07-17,0.001950141975203712
2019-07-18,-0.0077828336705754175
2019-07-19,0.0055339053939480465
2019-07-22,0.003846732678441711
2019-07-23,0.003658803889023954
2019-07-24,-0.0027181211731034383
2019-07-25,-0.0015063631407155054
2019-07-26,-0.0006561579411391572
2019-07-29,-0.0016930021783958527
2019-07-30,-0.005904892371364379
2019-07-31,-0.0030577669422683362
2019-08-01,0.0006141668386023813
2019-08-02,-0.005422588547232765
2019-08-05,-0.01687796373205086
2019-08-06,0.008709256456193026
2019-08-07,-0.006386384915385013
2019-08-08,0.008185140977606808
2019-08-09,-0.004279957433159676
2019-08-12,-0.005150847918446111
2019-08-13,0.0007691283101780577
2019-08-14,-0.015165000744552959
2019-08-15,0.0023367583842601736
2019-08-16,0.009967128847356843
2019-08-19,0.013264024443162992
2019-08-20,-0.0012696367137881026
2019-08-21,0.007956810622194777
2019-08-22,0.0017247262855650813
2019-08-23,-0.006803804274692515
2019-08-26,0.010393420693503908
2019-08-27,0.00566527795987648
2019-08-28,-0.003194419015190797
2019-08-29,0.010691770018436575
2019-08-30,0.004706605021688182
2019-09-03,-0.0068210704431879154
2019-09-04,0.009656992582473212
2019-09-05,0.011697939935009227
2019-09-06,0.000790337067425595
2019-09-09,0.003989639657589805
2019-09-10,-0.004642801420238318
2019-09-11,0.00018675371865572998
2019-09-12,0.00629780111743572
2019-09-13,-0.002567142915331111
2019-09-16,-0.006585603497868409
2019-09-17,0.0009023874578582003
2019-09-18,-0.0009536595526766778
2019-09-19,0.0017565547380309354
2019-09-20,0.000806617910282359
2019-09-23,-0.0010519180504136028
2019-09-24,0.004866201172784912
2019-09-25,5.666717001862054e-05
2019-09-26,-0.0008980905340761902
2019-09-27,-9.890674969981195e-05
2019-09-30,0.003178887366318106
2019-10-01,0.003933450816131723
2019-10-02,-0.004314769965260257
2019-10-03,0.0007177012588959197
2019-10-04,0.005017920067918347
2019-10-07,-0.001886953262969393
2019-10-08,-0.0053123615532219
2019-10-09,0.007592769331314697
2019-10-10,0.0008154591712790094
2019-10-11,0.007799098152331707
2019-10-14,-0.001678093902244271
2019-10-15,0.002601688598649732
2019-10-16,-0.00489173660509068
2019-10-17,0.00391949134562708
2019-10-18,-0.0009657736602527445
2019-10-21,0.004355923365094938
2019-10-22,0.0017610981760349809
2019-10-23,-0.002298313579224276
2019-10-24,0.005396780711848903
2019-10-25,0.00020728987891049933
2019-10-28,0.004233879315837408
2019-10-29,0.00036757436121082065
2019-10-30,0.0021903753921583835
2019-10-31,0.0038999971889659424
2019-11-01,0.003121056181254911
2019-11-04,0.005824878813260659
2019-11-05,0.0014062838543067446
2019-11-06,-0.0008305234924239624
2019-11-07,0.005170499763202718
2019-11-08,-0.0020908446612293297
2019-11-11,-0.0023739879747917136
2019-11-12,0.0016960186383752074
2019-11-13,-0.0010269723575649925
2019-11-14,-0.001197284402223442
2019-11-15,0.0054896036519525016
2019-11-18,-0.00048463013417043843
2019-11-19,0.0025151398810303593
2019-11-20,-0.0033781187469179574
2019-11-21,-0.0012188157151592494
2019-11-22,-0.0016700952469137498
2019-11-25,0.006988993329099857
2019-11-26,-0.0004080645798280047
2019-11-27,0.0038710320171166934
2019-11-29,-0.0026093638313183787
2019-12-02,0.00020299539231949382
2019-12-03,-0.01318441652583191
2019-12-04,0.005395864366044112
2019-12-05,0.0028779566456598182
2019-12-06,0.007245510651935794
2019-12-09,-0.0010154263929021967
2019-12-10,0.0020149904498418802
2019-12-11,0.0014911723570372182
2019-12-12,-0.0017106211896251722
2019-12-13,-0.00047033159180576156
2019-12-16,0.0063105376006642455
2019-12-17,0.0011553198762908057
2019-12-18,0.0010075265595916871
2019-12-19,0.0026466477236648522
2019-12-20,0.006877931632158774
2019-12-23,0.0038088777319109646
2019-12-24,0.001226456899194428
2019-12-26,0.0020764035721452245
2019-12-27,0.0036764297716764816
2019-12-30,-0.0010451999453370275
2019-12-31,-0.004985001845344783
2020-01-02,0.008317993082167296
2020-01-03,-0.00860370580684
2020-01-06,-0.008262958409892995
2020-01-07,0.0057369192262717306
2020-01-08,0.00048644580259038506
2020-01-09,0.010120176375035594
2020-01-10,0.0035822201407735843
2020-01-13,0.00872276170509112
2020-01-14,0.005749736542017825
2020-01-15,-0.0031680904202392446
2020-01-16,-0.0034940760451483976
2020-01-17,0.001955285025187825
2020-01-21,0.0046404785500280266
2020-01-22,0.014203207288197683
2020-01-23,-0.0008883080258250686
2020-01-24,0.005184185276836173
2020-01-27,-0.028601259719555294
2020-01-28,0.011758001356709347
2020-01-29,0.007082355424007369
2020-01-30,0.01641332048962063
2020-01-31,-0.003540709329695191
2020-02-03,0.007992250581885019
2020-02-04,0.05858128918231853
2020-02-05,0.0
2020-02-06,0.0
2020-02-07,0.0
2020-02-10,0.021190526544210275
2020-02-11,0.004372046351474479
2020-02-12,0.006305123956297676
2020-02-13,-0.017077566955130075
2020-02-14,-0.0040961823616650905
2020-02-18,0.010586287965842489
2020-02-19,0.036248127532026775
2020-02-20,0.0
2020-02-21,0.0
2020-02-24,0.0
2020-02-25,0.01485572134762081
2020-02-26,-0.00565488200180142
2020-02-27,-0.04594247216282976
2020-02-28,-0.0505632884691799
2020-03-02,0.037656243565263425
2020-03-03,0.0
2020-03-04,0.0
2020-03-05,0.0
2020-03-06,0.0
2020-03-09,0.0
2020-03-10,0.0
2020-03-11,0.0
2020-03-12,0.0
2020-03-13,0.0
2020-03-16,0.0
2020-03-17,0.0
2020-03-18,0.0
2020-03-19,0.0
2020-03-20,0.0
2020-03-23,0.0
2020-03-24,0.0
2020-03-25,-0.004550386734771483
2020-03-26,-0.008036782146356725
2020-03-27,0.021872847025259157
2020-03-30,-0.008295996885868462
2020-03-31,0.0018844544286942266
2020-04-01,0.02681666025449614
2020-04-02,0.0037179913214504534
2020-04-03,0.0015202086904482215
2020-04-06,-0.022728010841163382
2020-04-07,-0.02708393953738597
2020-04-08,-0.00870396119253114
2020-04-09,-0.007775747390612042
2020-04-13,0.0017069986332878262
2020-04-14,-0.011933530436927797
2020-04-15,0.007780782280842891
2020-04-16,-0.004305216757769514
2020-04-17,-0.007858246465090368
2020-04-20,0.0029164002103274633
2020-04-21,0.006134489467725102
2020-04-22,-0.010415027242741015
2020-04-23,-0.003428128011941367
2020-04-24,-0.0018174271751960624
2020-04-27,-0.00929147589236623
2020-04-28,0.004152230515473976
2020-04-29,0.0013595917512734257
2020-04-30,-0.0014339283187654317
2020-05-01,-0.006106490592103109
2020-05-04,0.0
2020-05-05,0.0
2020-05-06,0.0
2020-05-07,0.0
2020-05-08,0.0
2020-05-11,0.0
2020-05-12,0.0
2020-05-13,0.0
2020-05-14,0.0
2020-05-15,0.0
2020-05-18,0.0
2020-05-19,0.0
2020-05-20,0.0
2020-05-21,0.0
2020-05-22,0.0
2020-05-26,0.0
2020-05-27,0.0
2020-05-28,0.0
2020-05-29,0.0
2020-06-01,0.0
2020-06-02,8.14463011964417e-05
2020-06-03,0.003955753973179377
2020-06-04,-0.0013598253027388152
2020-06-05,0.0028741120272719467
2020-06-08,0.007666023169734082
2020-06-09,-0.0036233193874076752
2020-06-10,0.021180869822871484
2020-06-11,-0.023806807612381853
2020-06-12,0.021771799992659213
2020-06-15,-0.015150219701689283
2020-06-16,0.01936130371531708
2020-06-17,0.008042665214787803
2020-06-18,0.0032916381856396004
2020-06-19,0.009988987746550437
2020-06-22,0.002544414295025943
2020-06-23,0.005352916984798561
2020-06-24,-0.0017818903161156419
2020-06-25,8.633028388449482e-05
2020-06-26,0.002524771473670917
2020-06-29,0.002455866228078696
2020-06-30,0.004597304056146001
2020-07-01,0.0008348976265475372
2020-07-02,0.030877369565163848
2020-07-06,0.0
2020-07-07,0.0
2020-07-08,0.0
2020-07-09,0.01685214505136723
2020-07-10,0.0013314909321835433
2020-07-13,0.03605109354960456
2020-07-14,0.0
2020-07-15,0.0
2020-07-16,0.0
2020-07-17,0.006215559078509569
2020-07-20,0.010670549864316259
2020-07-21,0.005158549181094374
2020-07-22,0.007972702321477732
2020-07-23,0.021732558826054627
2020-07-24,-0.03822476464436386
2020-07-27,0.01244735675805142
2020-07-28,-0.01202134419605938
2020-07-29,0.013766616854552938
2020-07-30,-0.007691721764234494
2020-07-31,0.02925300618833293
2020-08-03,0.012735274368584681
2020-08-04,0.002596198134621197
2020-08-05,0.0026848206318634826
2020-08-06,0.0009672928659976154
2020-08-07,0.0015749481520150876
2020-08-10,0.0010396165273882652
2020-08-11,-0.01256589236550476
2020-08-12,0.029079815423494804
2020-08-13,0.01858950763321232
2020-08-14,0.011771597952772161
2020-08-17,0.012011948404165196
2020-08-18,0.017588055827901572
2020-08-19,-0.00417596138201104
2020-08-20,-0.00844740972487168
2020-08-21,0.007814667962737776
2020-08-24,0.022103008411709535
2020-08-25,-0.009434867653487
2020-08-26,0.010106943750542996
2020-08-27,0.008026856639539393
2020-08-28,0.014680874956396028
2020-08-31,0.0010466491339422568
2020-09-01,0.00973007225037148
2020-09-02,0.0215342981403861
2020-09-03,-0.06343398223146601
2020-09-04,-0.0105135253840688
2020-09-08,-0.11533088731480945
2020-09-09,0.064913380298246
2020-09-10,0.0
2020-09-11,0.0
2020-09-14,0.0
2020-09-15,0.03958929657215671
2020-09-16,0.0
2020-09-17,0.0
2020-09-18,0.0
2020-09-21,0.004775053521723249
2020-09-22,-0.018910271393395295
2020-09-23,-0.02972693378482716
2020-09-24,-0.0323246051246916
2020-09-25,0.011428863347620277
2020-09-28,0.03996891316275364
2020-09-29,0.0
2020-09-30,0.0
2020-10-01,0.0
2020-10-02,-0.05695112974620131
2020-10-05,0.01804589036088533
2020-10-06,-0.0027027793971236003
2020-10-07,0.017224471622865778
2020-10-08,0.02270558411201673
2020-10-09,0.003880139800944704
2020-10-12,0.02058621255477555
2020-10-13,0.004629790168044989
2020-10-14,0.004449321034736942
2020-10-15,-0.02184968436269663
2020-10-16,0.008613320171308336
2020-10-19,0.010232050437777751
2020-10-20,0.0031461289031269324
2020-10-21,-0.00040255901172281394
2020-10-22,0.018104061774707025
2020-10-23,0.0021655088129848288
2020-10-26,-0.01112455024108916
2020-10-27,0.006742175213650503
2020-10-28,-0.015820723261117275
2020-10-29,0.009940790140597455
2020-10-30,-0.018818018182005902
2020-11-02,0.009107917090168227
2020-11-03,0.009484632020954953
2020-11-04,0.0325813752508195
2020-11-05,0.0
2020-11-06,0.0
2020-11-09,0.0
2020-11-10,-0.009038429064718856
2020-11-11,0.01385021206681869
2020-11-12,0.005202578712438344
2020-11-13,0.00543752522202956
2020-11-16,-0.006196148085700126
2020-11-17,0.02516056723686
2020-11-18,0.0010915380033240663
2020-11-19,0.0006824647720393706
2020-11-20,0.0003695042017750616
2020-11-23,0.010507286382720693
2020-11-24,0.011038715712368363
2020-11-25,0.0006323855382548427
2020-11-27,0.010259801620446485
2020-11-30,0.011065689149606373
2020-12-01,0.022495853436307334
2020-12-02,-0.01831797307700256
2020-12-03,0.015418646320229268
2020-12-04,1.3832445961980966e-06
2020-12-07,0.004098392298372611
2020-12-08,-0.008392305581651827
2020-12-09,0.0020490312277783307
2020-12-10,-0.022835089165098466
2020-12-11,-0.011914449267459548
2020-12-14,0.009282795965134039
2020-12-15,0.010160391776317113
2020-12-16,-0.002473063113350382
2020-12-17,0.00876899099649342
2020-12-18,0.0121815845659623
2020-12-21,-0.027202713296398784
2020-12-22,0.004221649109655612
2020-12-23,-0.005822265838437812
2020-12-24,-0.001612901429748792
2020-12-28,0.017273746533877032
2020-12-29,0.0007868542258084865
2020-12-30,0.0069666471192531
2020-12-31,0.0043129734377720386
2021-01-04,0.013300171233918912
2021-01-05,-0.004975012944396395
2021-01-06,0.009234822497092177
2021-01-07,0.02461579162029892
2021-01-08,0.035850447311809086
2021-01-11,0.0
2021-01-12,0.0
2021-01-13,0.0
2021-01-14,-0.005860057407766184
2021-01-15,0.004820892505492891
2021-01-19,0.013837299342262854
2021-01-20,0.014384490733426958
2021-01-21,0.006795894076537801
2021-01-22,-0.0062996979071684445
2021-01-25,0.014801004604159118
2021-01-26,0.00596571315694816
2021-01-27,-0.016049493978525953
2021-01-28,-0.018234866075884426
2021-01-29,-0.0031157312383069957
2021-02-01,0.01828740727140099
2021-02-02,0.010880144636886024
2021-02-03,0.005979191296074271
2021-02-04,0.007048698482763127
2021-02-05,0.0008413491525929295
2021-02-08,0.014373712370226555
2021-02-09,-0.0028008116773500236
2021-02-10,0.0016748274670772556
2021-02-11,0.009216180802603002
2021-02-12,-0.004642109213364831
2021-02-16,0.003981822940434032
2021-02-17,-0.012551604055843435
2021-02-18,-0.014380345596051058
2021-02-19,0.009604244643249604
2021-02-22,-0.0139856498364207
2021-02-23,-0.03205551339252066
2021-02-24,0.00015665515895846305
2021-02-25,-0.011597157370745625
2021-02-26,0.014400800641253486
2021-03-01,0.01946946062182575
2021-03-02,0.0011310670807711531
2021-03-03,0.00018246544989741764
2021-03-04,0.00027314282012169677
2021-03-05,0.008552005001046803
2021-03-08,0.0001156810250424467
2021-03-09,0.03641028856248085
2021-03-10,0.0
2021-03-11,0.0
2021-03-12,0.0
2021-03-15,0.001574255980324013
2021-03-16,0.0021857905240083575
2021-03-17,-0.01817351465779815
2021-03-18,-0.018334673991934003
2021-03-19,-0.0023259021549127956
2021-03-22,0.0197749254574604
2021-03-23,0.003042485310912335
2021-03-24,0.007811180298759268
2021-03-25,-0.015499649411459315
2021-03-26,0.000848514286605484
2021-03-29,-0.0033058648070420915
2021-03-30,-0.006989700440899971
2021-03-31,0.010403444956332608
2021-04-01,0.02110271931869767
2021-04-05,0.029101209534825756
2021-04-06,0.0
2021-04-07,0.0
2021-04-08,0.0
2021-04-09,-0.004298197830584383
2021-04-12,0.0014993187519609652
2021-04-13,0.0056568336948708
2021-04-14,0.0033318574477967378
2021-04-15,0.009018350952303189
2021-04-16,-0.0037505208177401883
2021-04-19,-0.010328567118167209
2021-04-20,0.000548877509836343
2021-04-21,-0.006192401595336405
2021-04-22,-0.0012065378383918635
2021-04-23,0.002314066342443022
2021-04-26,0.005388353848142957
2021-04-27,-0.006545482521280177
2021-04-28,-0.0023721537238441393
2021-04-29,0.0055961151494619
2021-04-30,-0.007975961006030818
2021-05-03,-0.00016524047511257134
2021-05-04,-0.0069540914279359045
2021-05-05,0.007712658823248342
2021-05-06,0.0034935011627985624
2021-05-07,0.005514993548201286
2021-05-10,-0.006510174235761945
2021-05-11,-0.022573791436384605
2021-05-12,-0.013553937087963042
2021-05-13,0.009423523389703314
2021-05-14,0.010268551395060221
2021-05-17,-0.008548288395007653
2021-05-18,-0.0009143363805221849
2021-05-19,-0.019739895429505716
2021-05-20,0.007573751703202403
2021-05-21,0.007745038560217576
2021-05-24,0.004723978600402745
2021-05-25,0.0036265578080212357
2021-05-26,0.0037271497600650516
2021-05-27,0.000231107068997094
2021-05-28,0.0013994916937145607
2021-06-01,0.004796790518960314
2021-06-02,-0.00035754245650299055
2021-06-03,-0.006638474395653127
2021-06-04,0.006545005810219884
2021-06-07,-0.0036843267530871637
2021-06-08,0.008972674577754525
2021-06-09,0.0025252942180948867
2021-06-10,0.0022424239101195287
2021-06-11,0.000626223652107738
2021-06-14,0.0020933064577062233
2021-06-15,-0.0008273956386175563
2021-06-16,8.290404546462682e-05
2021-06-17,-0.0025946952336189932
2021-06-18,-0.0027295562749798385
2021-06-21,-0.0005953164775907016
2021-06-22,-0.0006678169883610474
2021-06-23,0.0034686528761092017
2021-06-24,0.009050511251260884
2021-06-25,0.0031605969851540294
2021-06-28,0.003878363038865462
2021-06-29,-0.0015676693087667282
2021-06-30,-0.0010320860853043623
2021-07-01,0.0003135963358105176
2021-07-02,0.004666421755023631
2021-07-06,0.0038922281043602958
2021-07-07,0.005419305488704618
2021-07-08,-0.014159776181141392
2021-07-09,0.00015889553914338883
2021-07-12,0.003862184586883144
2021-07-13,-0.0018570926732500714
2021-07-14,0.0053014014735455195
2021-07-15,0.00032023050247986795
2021-07-16,0.002367579222039895
2021-07-19,-0.008471110499865042
2021-07-20,0.002779485220003819
2021-07-21,0.0021425364760547794
2021-07-22,0.0016303187008039899
2021-07-23,0.004109471623862548
2021-07-26,-0.0007906602546484676
2021-07-27,-0.0010058367929295375
2021-07-28,0.006376029498480484
2021-07-29,-0.0033986905939784595
2021-07-30,-0.01551501018086876
2021-08-02,0.004561796423630637
2021-08-03,0.0008207563393534123
2021-08-04,0.0018448492248348547
2021-08-05,0.0005179496403078243
2021-08-06,-0.0037258022516988287
2021-08-09,0.002241016109845173
2021-08-10,0.0012599023542352317
2021-08-11,0.003006300718446875
2021-08-12,-0.0017658873281465315
2021-08-13,0.0009672466562682391
2021-08-16,-0.0014585509268378871
2021-08-17,-0.004795450950514146
2021-08-18,-0.0009128906244277868
2021-08-19,-0.002362399026771045
2021-08-20,0.0023958302126703135
2021-08-23,0.0028912037650274947
2021-08-24,0.0022150691130298217
2021-08-25,0.0017249923588216198
2021-08-26,-0.0005279143745063886
2021-08-27,0.0017663233363236497
2021-08-30,0.003305518303727162
2021-08-31,0.00046699097341917906
2021-09-01,0.0017126366981536911
2021-09-02,0.0028060581469040446
2021-09-03,-0.0011480042206259977
2021-09-07,0.0019181817602693663
2021-09-08,0.0003761742074903651
2021-09-09,0.00046810296863664114
2021-09-10,0.005882475836981538
2021-09-13,0.005097355585002683
2021-09-14,0.0036634449307622052
2021-09-15,0.002248950105165237
2021-09-16,-0.0030384839003751996
2021-09-17,-0.0013318315711690065
2021-09-20,-0.01747379851955244
2021-09-21,0.005896534102852735
2021-09-22,0.0020748737354707725
2021-09-23,0.004398209470289238
2021-09-24,-0.007026439360157344
2021-09-27,-0.0076674572538363295
2021-09-28,-0.012352724239747204
2021-09-29,0.004920038744053334
2021-09-30,0.004193763190099009
2021-10-01,0.0024528649978172723
2021-10-04,-0.0010467201692478945
2021-10-05,0.004680245264186533
2021-10-06,-0.009318112262651335
2021-10-07,0.008698576157165405
2021-10-08,0.0040453538911569
2021-10-11,-0.004001344849860589
2021-10-12,0.005039283687409357
2021-10-13,0.006465486450461411
2021-10-14,0.010331478988067744
2021-10-15,0.003538770242875522
2021-10-18,-0.0006931982610774989
2021-10-19,0.004049697032372679
2021-10-20,0.0022058115807817025
2021-10-21,-0.002919038132438767
2021-10-22,-0.003665522806356236
2021-10-25,0.010877437826866787
2021-10-26,0.0068890779576917804
2021-10-27,0.00512584134415861
2021-10-28,0.012071697177337137
2021-10-29,-0.007155989376143257
2021-11-01,0.008278201847968125
2021-11-02,-0.012309962281528919
2021-11-03,0.0029806357387642812
2021-11-04,0.0091821473569893
2021-11-05,0.002998193103668223
2021-11-08,-0.018507708359740915
2021-11-09,0.011301002304072938
2021-11-10,-0.014907227531871903
2021-11-11,0.020655502052256747
2021-11-12,-0.005321229913824221
2021-11-15,-0.004382803470881269
2021-11-16,-0.005893898191037028
2021-11-17,0.0044003286941594055
2021-11-18,0.024694063734495897
2021-11-19,0.006677634881933736
2021-11-22,0.01380318389205426
2021-11-23,-0.001734042767230659
2021-11-24,-0.013863644794471885
2021-11-26,-0.010352114951683866
2021-11-29,0.017029348799797894
2021-11-30,0.0010202436740203158
2021-12-01,0.014623667863145062
2021-12-02,-0.007493806358876198
2021-12-03,0.002829197365567415
2021-12-06,-0.00840330312277704
2021-12-07,0.029455576714796594
2021-12-08,-0.0008038393725415816
2021-12-09,-0.004282337988852247
2021-12-10,0.011031863424896926
2021-12-13,-0.0022461320047227895
2021-12-14,-0.015995352691043463
2021-12-15,0.00021112867113970424
2021-12-16,0.007768123083832901
2021-12-17,-0.013679841881213184
2021-12-20,-0.018597256917337046
2021-12-21,0.016603378420819714
2021-12-22,0.004406080209790941
2021-12-23,0.0022265512388934816
2021-12-27,0.004974053106742371
2021-12-28,0.007836612397076559
2021-12-29,0.0023236507219592806
2021-12-30,-0.007248739376731206
2021-12-31,0.0013443515200517453
2022-01-03,0.025039636384154518
2022-01-04,-0.0005986454144909503
2022-01-05,-0.005779701333913367
2022-01-06,-0.007012578658858959
2022-01-07,0.004120709902115882
2022-01-10,-0.02100708270894025
2022-01-11,-0.0024437244112957
2022-01-12,0.010614461078472637
2022-01-13,0.006167978343913694
2022-01-14,-0.007904972068566551
2022-01-18,-0.019509190000282062
2022-01-19,0.007910574330749265
2022-01-20,0.008470645094549312
2022-01-21,-0.008877275101358162
2022-01-24,-0.02644782637542331
2022-01-25,-0.020278717729428464
2022-01-26,0.0352426412249256
2022-01-27,0.0
2022-01-28,0.0
2022-01-31,0.0
2022-02-01,0.005453948675879339
2022-02-02,0.018300258062385666
2022-02-03,-0.02074578209792788
2022-02-04,0.0006264724639495345
2022-02-07,0.001389080192965464
2022-02-08,-0.004205309795777157
2022-02-09,0.014247858318956474
2022-02-10,-0.02306582390374068
2022-02-11,0.003814281627467331
2022-02-14,0.0027613394622789666
2022-02-15,0.007964629598588902
2022-02-16,-0.004810249048207482
2022-02-17,-0.0061113001306922765
2022-02-18,0.005596501051998937
2022-02-22,-0.00555198710555771
2022-02-23,0.002823572683882558
2022-02-24,-0.019787676053197756
2022-02-25,-0.0002566461516789742
2022-02-28,0.0031065341582416917
2022-03-01,-1.3816188206505764e-05
2022-03-02,0.0005617863846667515
2022-03-03,-0.007333040834073934
2022-03-04,0.00387766732569772
2022-03-07,5.546883329321517e-06
2022-03-08,0.0018136226699771996
2022-03-09,-0.01256358358324483
2022-03-10,0.010881820825425548
2022-03-11,-0.0080681178574874
2022-03-14,0.004196392620782641
2022-03-15,-0.005008284163534382
2022-03-16,-0.0036846238979361123
2022-03-17,-0.0016812341128286112
2022-03-18,0.003380752275071952
2022-03-21,0.0018913723888511758
2022-03-22,-0.0020121361840846896
2022-03-23,0.0035037850476471455
2022-03-24,-0.00036797489377271564
2022-03-25,-0.0019202868590663114
2022-03-28,-0.0018470459704553743
2022-03-29,-0.003472093150997946
2022-03-30,0.0022796640125100076
2022-03-31,-0.0028478127046338564
2022-04-01,0.0008739876055705587
2022-04-04,0.00042192390196715834
2022-04-05,0.0012886014247879274
2022-04-06,0.0042051764432777805
2022-04-07,0.0029654874727360614
2022-04-08,0.0011300301809131774
2022-04-11,0.002965301245023033
2022-04-12,-0.00634310507064606
2022-04-13,0.0011381364741644973
2022-04-14,0.0021776702124625125
2022-04-18,0.0013279860867470017
2022-04-19,0.0009757798874361345
2022-04-20,0.0011843431027269702
2022-04-21,-0.007611521190766024
2022-04-22,0.0006449382419193572
2022-04-25,0.003944878334885216
2022-04-26,0.002997769735997524
2022-04-27,-0.0021744489461529293
2022-04-28,-0.008608748671722788
2022-04-29,0.00709995625806914
2022-05-02,0.0021040971076486947
2022-05-03,-0.0004634149847598801
2022-05-04,0.0073130790271025425
2022-05-05,0.012484591797402578
2022-05-06,0.007188576146472059
2022-05-09,0.017218901185823032
2022-05-10,-0.01329317122095175
2022-05-11,0.0070951321474816975
2022-05-12,0.013753605398794555
2022-05-13,-0.013535467274224167
2022-05-16,0.0013914389240941016
2022-05-17,-0.007004054609555332
2022-05-18,0.013507044693086723
2022-05-19,0.006286273486721505
2022-05-20,-0.011437443243738521
2022-05-23,-0.008579317972361444
2022-05-24,0.009904550410596347
2022-05-25,0.0028479754480115194
2022-05-26,-0.006074984101173242
2022-05-27,-0.004427433279903026
2022-05-31,0.0016299790545928339
2022-06-01,-0.004683073183125108
2022-06-02,0.003148371302323927
2022-06-03,0.015162041844112517
2022-06-06,-0.01345465120747491
2022-06-07,0.010172744231534914
2022-06-08,0.002328832814461501
2022-06-09,0.005332705291943407
2022-06-10,0.017277324587735565
2022-06-13,0.028071824806496837
2022-06-14,-0.007201165847163349
2022-06-15,-0.01086292661018784
2022-06-16,0.02321455472885381
2022-06-17,-0.001413388283422079
2022-06-21,-0.015015159202580453
2022-06-22,0.008155089140075678
2022-06-23,-0.008037625863241527
2022-06-24,-0.009399169072394908
2022-06-27,-0.004887462541313892
2022-06-28,-0.0012753652588695097
2022-06-29,0.0007864584884216264
2022-06-30,0.00968464955737569
2022-07-01,0.003970638977829566
2022-07-05,0.008102413536121178
2022-07-06,-0.0007717136262612723
2022-07-07,0.0011604950108445866
2022-07-08,0.004888649403150591
2022-07-11,0.003934818083034086
2022-07-12,-0.002979198681047457
2022-07-13,0.013280546128586312
2022-07-14,0.008557610219140255
2022-07-15,-0.0070383284256733125
2022-07-18,-0.004850152987755707
2022-07-19,-0.007738291965231903
2022-07-20,-0.0026846335758576867
2022-07-21,-0.0009328661026127838
2022-07-22,0.0007504344258524309
2022-07-25,-0.0029024251744237395
2022-07-26,0.004172149583511642
2022-07-27,-0.009372514415944555
2022-07-28,0.0018127702248729172
2022-07-29,-0.0065682908057707046
2022-08-01,0.006051000874174095
2022-08-02,0.0012611936293500658
2022-08-03,-0.0019231517744214832
2022-08-04,0.0022044409104977625
2022-08-05,0.0013858822978962682
2022-08-08,0.0032471589584364136
2022-08-09,0.0018266027153048814
2022-08-10,0.002074516244880975
2022-08-11,-0.006788103639720933
2022-08-12,-0.00520691904035131
2022-08-15,0.0027058885709307923
2022-08-16,0.004142993602701317
2022-08-17,0.001284093307710732
2022-08-18,0.001057437673637196
2022-08-19,0.000398442916129893
2022-08-22,0.0026906425394932487
2022-08-23,0.0024967776592816904
2022-08-24,0.0010688625577668365
2022-08-25,0.0019078429478631698
2022-08-26,0.0005355281890409014
2022-08-29,0.002344705088534349
2022-08-30,0.0005366868813410086
2022-08-31,-0.004846656131062721
2022-09-01,0.0012852599423662792
2022-09-02,-0.006335981486156439
2022-09-06,-0.0003634867588176993
2022-09-07,-3.8701258121109916e-05
2022-09-08,0.004820876078495129
2022-09-09,-0.004379890045739465
2022-09-12,-0.004794802108798568
2022-09-13,0.01828583395376282
2022-09-14,-0.002781019272874552
2022-09-15,0.004659937606802611
2022-09-16,0.008516774044192044
2022-09-19,0.005525837210335949
2022-09-20,0.0059344550235529425
2022-09-21,-0.002476001425713137
2022-09-22,0.003315560484008051
2022-09-23,0.005854880941875473
2022-09-26,0.0017221373747215996
2022-09-27,-0.007743542198304421
2022-09-28,-0.00013370205009455294
2022-09-29,0.009466169825022241
2022-09-30,0.0021542753527894476
2022-10-03,-0.0037807866988511796
2022-10-04,-0.01812057255099253
2022-10-05,0.011956316753412466
2022-10-06,0.0038883281208044185
2022-10-07,0.015455053633140148
2022-10-10,-0.0008695067261851319
2022-10-11,0.005262028507924343
2022-10-12,-0.001477719846643355
2022-10-13,0.026181085143752503
2022-10-14,-0.008329471754005668
2022-10-17,-0.021394313123077047
2022-10-18,-0.024264278107768433
2022-10-19,0.005082873405862998
2022-10-20,0.003562686009364935
2022-10-21,0.003447949313307719
2022-10-24,-0.0009492038036713613
2022-10-25,-0.002877520509173892
2022-10-26,0.017953071227279738
2022-10-27,0.0038928809672560405
2022-10-28,0.002330641413992085
2022-10-31,0.00716778733992407
2022-11-01,-0.011335351789778292
2022-11-02,0.004786922704386409
2022-11-03,0.007362248259726867
2022-11-04,-0.010538523395085542
2022-11-07,-0.0035829944533452007
2022-11-08,-0.005417072304441439
2022-11-09,0.006323537100834997
2022-11-10,-0.03215068837566004
2022-11-11,-0.00013366369542566758
2022-11-14,0.006552149530262952
2022-11-15,-0.02135890395988682
2022-11-16,-7.93399610229395e-05
2022-11-17,0.010809116680497999
2022-11-18,-0.0062456902944509896
2022-11-21,0.0015661670277051787
2022-11-22,-0.0015708466342007066
2022-11-23,0.00020740641899963386
2022-11-25,0.003130403115282565
2022-11-28,0.003766080433681207
2022-11-29,-0.0002606509910517696
2022-11-30,-0.0004897524099222172
2022-12-01,0.0001804672674909913
2022-12-02,0.011396976936896897
2022-12-05,0.004865661047622094
2022-12-06,0.0008940976116960098
2022-12-07,0.0035211505774057628
2022-12-08,-0.0032302256289026277
2022-12-09,0.0037270010494474537
2022-12-12,-0.0008352202205975656
2022-12-13,-0.027336448207704422
2022-12-14,0.0017935192946350043
2022-12-15,0.012755165334653595
2022-12-16,0.002638293279455972
2022-12-19,-0.0005770792567348915
2022-12-20,0.002844047310331055
2022-12-21,-0.0021736767684120695
2022-12-22,0.008696000360305156
2022-12-23,0.0045881160274543475
2022-12-27,0.002653617955253873
2022-12-28,0.0014836825972297518
2022-12-29,-0.007447849833411624
2022-12-30,0.007609048990879996
2023-01-03,-0.0057681965322372575
2023-01-04,-0.004443078803850642
2023-01-05,0.004446994233744173
2023-01-06,-0.0033314643790597342
2023-01-09,-0.006885686160121196
2023-01-10,0.0028613125761172142
2023-01-11,-0.0034874877585516773
2023-01-12,-0.0006904885548589812
2023-01-13,0.0072649176813310845
2023-01-17,0.0001357178838372608
2023-01-18,-0.004382898038583383
2023-01-19,0.004868974903998291
2023-01-20,-0.0033019865970562723
2023-01-23,-0.0021096838286466246
2023-01-24,0.004476428787995479
2023-01-25,0.011920249111811554
2023-01-26,-0.009441351251877395
2023-01-27,0.002989343462848515
2023-01-30,0.007867343561349882
2023-01-31,-0.00022835481767591315
2023-02-01,0.0008225075587213748
2023-02-02,-0.017937762539294022
2023-02-03,0.012492332320295452
2023-02-06,0.0044253239120573
2023-02-07,0.0011390658150733923
2023-02-08,0.0036553378822041793
2023-02-09,-0.0077458253710451785
2023-02-10,0.002546494796535237
2023-02-13,-0.0019136394352297081
2023-02-14,0.0030791318093359443
2023-02-15,0.0029778597058403022
2023-02-16,-0.0063869027095478925
2023-02-17,-0.002884043294556382
2023-02-21,-0.0045657803621649284
2023-02-22,0.0014354466469441718
2023-02-23,0.014057514523054815
2023-02-24,0.0
2023-02-27,0.0
2023-02-28,0.0
2023-03-01,6.958615086216646e-05
2023-03-02,-0.002791256546253895
2023-03-03,0.0008459877411184369
2023-03-06,-0.00027245405283526924
2023-03-07,0.00044866844452173815
2023-03-08,0.0013250678205056765
2023-03-09,-0.0002187009137107898
2023-03-10,0.0004156795913210498
2023-03-13,-0.002807360228837541
2023-03-14,0.0050144776237632804
2023-03-15,-0.004119466877901989
2023-03-16,-0.0018961116006509515
2023-03-17,0.001932250604428809
2023-03-20,-0.0013463620224413164
2023-03-21,0.0029741512923011637
2023-03-22,0.001280809573909858
2023-03-23,0.006139166022632647
2023-03-24,-0.0019210920202729076
2023-03-27,0.0010320143742157395
2023-03-28,-0.0006178171389579212
2023-03-29,0.004071532881501083
2023-03-30,0.003624409464581202
2023-03-31,-0.0008532763536847066
2023-04-03,-0.002228149013103975
2023-04-04,0.0010990713726681811
2023-04-05,-0.005096729844039527
2023-04-06,-0.00468523181542535
2023-04-10,-0.004816916990307507
2023-04-11,0.0007758214801500962
2023-04-12,0.004039994535491198
2023-04-13,0.003456771535254921
2023-04-14,-0.0024977303690688624
2023-04-17,-0.0016177905371488333
2023-04-18,0.005921753695073972
2023-04-19,-0.00526257542892461
2023-04-20,-0.0041242458584693775
2023-04-21,-0.0018265959208179083
2023-04-24,-0.00099945717992167
2023-04-25,-0.0024139714003782453
2023-04-26,0.009912739281740635
2023-04-27,0.007823447069768452
2023-04-28,-0.000503759971932749
2023-05-01,0.0005022899101718714
2023-05-02,-0.0009483765401464561
2023-05-03,-0.003810101007958866
2023-05-04,-2.5572871426127186e-05
2023-05-05,0.001167057627368795
2023-05-08,-0.0011428104824710017
2023-05-09,-0.0031430603006086244
2023-05-10,0.005246873541934205
2023-05-11,0.0005727968824758012
2023-05-12,0.00031711710025739137
2023-05-15,0.0022247170397293736
2023-05-16,-0.0018976604593771151
2023-05-17,0.003520189741575974
2023-05-18,0.0023508619528138652
2023-05-19,-0.001797051018760265
2023-05-22,-0.001982399376239785
2023-05-23,-0.0032535159222703003
2023-05-24,-0.005398344282928957
2023-05-25,0.04036128512948811
2023-05-26,0.0
2023-05-30,0.0
2023-05-31,0.0
2023-06-01,0.001376645567939816
2023-06-02,0.008908578129467104
2023-06-05,0.0006389788322185286
2023-06-06,-0.004169052651645022
2023-06-07,0.01016207287301385
2023-06-08,0.0016942892796698583
2023-06-09,0.0233343655693099
2023-06-12,0.01114726262697574
2023-06-13,0.014212322192112437
2023-06-14,0.0016349453998849572
2023-06-15,-0.015347441135533768
2023-06-16,0.013232261229838116
2023-06-20,-0.0012512177388175338
2023-06-21,-0.0019805269230518396
2023-06-22,-0.01658905705879088
2023-06-23,-0.017097224997046467
2023-06-26,-0.0073414233358497505
2023-06-27,0.0085406029162165
2023-06-28,-0.010170157955122439
2023-06-29,0.0062967923454104735
2023-06-30,0.01428092971127426
2023-07-03,0.022114453954198643
2023-07-05,-0.003940329450519586
2023-07-06,-0.012867979940280994
2023-07-07,0.003585809436608356
2023-07-10,0.0027200600294714494
2023-07-11,-0.0005023121969410793
2023-07-12,0.016509309722658516
2023-07-13,0.010916703612933842
2023-07-14,0.0017010659131897476
2023-07-17,0.00948601255401793
2023-07-18,-0.0006779880769144375
2023-07-19,0.005623020884484076
2023-07-20,-0.02039978531482156
2023-07-21,0.01044322090125327
2023-07-24,-0.0015162863761872813
2023-07-25,0.006926723498269283
2023-07-26,-0.005200851611195101
2023-07-27,0.021842500107410068
2023-07-28,0.014285880534417927
2023-07-31,0.0026762205862005395
2023-08-01,-0.0045567190819367775
2023-08-02,-0.013083517264338651
2023-08-03,-0.0076804706087094665
2023-08-04,0.008329058089347807
2023-08-07,0.002794394168465164
2023-08-08,-0.011776975199729312
2023-08-09,0.00021426891171261175
2023-08-10,0.00719121274616219
2023-08-11,-0.01086799356493895
2023-08-14,-0.008957115277770322
2023-08-15,-0.0001975890829174487
2023-08-16,-0.00453966194431521
2023-08-17,0.0038919053055390673
2023-08-18,-0.015115035891450024
2023-08-21,0.012774544088584916
2023-08-22,0.015815546882915532
2023-08-23,-0.0008972577589649866
2023-08-24,0.018821533803389023
2023-08-25,0.0013227933717256946
2023-08-28,0.009301003727784307
2023-08-29,-0.0020752500637369886
2023-08-30,-0.0011845126713960763
2023-08-31,-0.0004894738857597059
2023-09-01,0.005852348481819369
2023-09-05,-0.0033183377902538114
2023-09-06,-0.0029900678150321935
2023-09-07,-0.021999667586271587
2023-09-08,-0.0017000788729353289
2023-09-11,0.021586383957515443
2023-09-12,-0.0076591204206925
2023-09-13,0.001136438003634055
2023-09-14,0.004744546827474938
2023-09-15,-0.0018163591713014071
2023-09-18,-0.009664083762638609
2023-09-19,-0.004045775212361158
2023-09-20,0.0023035977471383973
2023-09-21,-0.014033690374002927
2023-09-22,0.007764728346839833
2023-09-25,-0.003602684166563397
2023-09-26,-0.00913841024796258
2023-09-27,0.003633724631206814
2023-09-28,-0.003201135776601416
2023-09-29,0.012513594898294622
2023-10-02,-0.0029156823709272084
2023-10-03,-0.004739930750062515
2023-10-04,0.006442605083880615
2023-10-05,0.005372476967477002
2023-10-06,0.00039705793251476607
2023-10-09,-0.0009342457026870754
2023-10-10,0.012665043267125808
2023-10-11,0.0071586038668407515
2023-10-12,0.0008321590467397222
2023-10-13,0.00011652628584468694
2023-10-16,-0.0009353381032538577
2023-10-17,-0.008849179917234995
2023-10-18,-0.005663127763875897
2023-10-19,0.0031074782276443447
2023-10-20,-0.0006323504367671262
2023-10-23,-0.0010844253790717184
2023-10-24,0.001146312522875892
2023-10-25,-0.0015437337174510901
2023-10-26,0.00025462788530350444
2023-10-27,0.0041453344867539155
2023-10-30,0.002324508062620634
2023-10-31,-0.002436363021114607
2023-11-01,0.00049202973571294
2023-11-02,0.004451260734214202
2023-11-03,0.0028028420185437497
2023-11-06,0.0012483273989734034
2023-11-07,-0.00010805955656600919
2023-11-08,0.0005938354759735809
2023-11-09,0.0037772773310225105
2023-11-10,0.0028754801079651227
2023-11-13,-0.0005720898173050548
2023-11-14,0.006087802899921169
2023-11-15,0.0016349708572538368
2023-11-16,-0.0015527703925845016
2023-11-17,0.00011109409860110553
2023-11-20,0.00014343351572843055
2023-11-21,-0.001962905909189905
2023-11-22,0.00028539929163162725
2023-11-24,-0.000992686358103012
2023-11-27,-0.0002235006044312149
2023-11-28,-0.0007039430957395121
2023-11-29,0.003107497792244507
2023-11-30,-0.0005483454827841516
2023-12-01,-0.001643166462562795
2023-12-04,-0.01044373774783447
2023-12-05,-0.005546451601852187
2023-12-06,0.009254583768670388
2023-12-07,0.0058599060252348956
2023-12-08,-0.004515870678279188
2023-12-11,-0.0013419339026594646
2023-12-12,-0.0041532374045877285
2023-12-13,-0.0018877012821857386
2023-12-14,0.0036492459225732077
2023-12-15,0.0014666013660760147
2023-12-18,0.002576632189119854
2023-12-19,-0.0006061970987981669
2023-12-20,-0.002541587405638146
2023-12-21,0.012449400396911114
2023-12-22,0.0029963207640999467
2023-12-26,0.0037737806885680403
2023-12-27,0.003509101456607322
2023-12-28,0.004097311263582704
2023-12-29,0.0030231719801980805
2024-01-02,-0.0036733632830819873
2024-01-03,-0.0070010107493045926
2024-01-04,-0.0015932659339247257
2024-01-05,0.0017086838624196243
2024-01-08,0.004077198812574512
2024-01-09,-0.0029888293855533377
2024-01-10,0.0027198321930805847
2024-01-11,0.004659730269789497
2024-01-12,0.0010106507967055922
2024-01-16,0.002627881927627307
2024-01-17,-0.003166219543128901
2024-01-18,0.010133103132127674
2024-01-19,0.006117953881673355
2024-01-22,0.004597139385177584
2024-01-23,-0.0008376035286716821
2024-01-24,0.008577341150985962
2024-01-25,0.009177790820622977
2024-01-26,-0.007566531461683512
2024-01-29,0.00245279154496969
2024-01-30,-0.0004928112287628794
2024-01-31,-0.013205619831963555
2024-02-01,0.0052937881124
2024-02-02,0.015571407623230726
2024-02-05,0.006127387883478219
2024-02-06,0.0020382914648477968
2024-02-07,0.003852884956635272
2024-02-08,0.00046393721405868504
2024-02-09,0.006130837138760281
2024-02-12,0.002177991272348301
2024-02-13,-0.022485969083043233
2024-02-14,0.012379583881110268
2024-02-15,0.0026389951547962642
2024-02-16,0.005029442339273826
2024-02-20,-0.007204913268287649
2024-02-21,-0.012709746290932467
2024-02-22,0.04593416542467543
2024-02-23,0.0
2024-02-26,0.0
2024-02-27,0.0
2024-02-28,-0.006916570760409635
2024-02-29,0.010564940817676671
2024-03-01,0.006291522480287082
2024-03-04,0.010690564976030048
2024-03-05,-0.006529514776563938
2024-03-06,0.020778279726923365
2024-03-07,0.012472667229593837
2024-03-08,0.009734588595069926
2024-03-11,-0.008641599282022572
2024-03-12,0.014157867366892063
2024-03-13,-0.0056030272893695665
2024-03-14,-0.005071211439086731
2024-03-15,-0.00991404382491945
2024-03-18,0.014391043729858444
2024-03-19,-0.01802647024253934
2024-03-20,0.0035930418089857863
2024-03-21,0.02136508463052733
2024-03-22,-0.004703266966539665
2024-03-25,-0.005378364832497762
2024-03-26,0.006818272705861661
2024-03-27,0.008989362832767744
2024-03-28,-0.0004863916808791613
2024-04-01,-0.00040144403266073603
2024-04-02,-0.018657824763258835
2024-04-03,-0.0069479938825962595
2024-04-04,0.014370638354529897
2024-04-05,0.00619719022903098
2024-04-08,0.006994019701815679
2024-04-09,0.0039055549946720447
2024-04-10,-0.013046088318541815
2024-04-11,0.002928232394540542
2024-04-12,-0.010709918895214332
2024-04-15,0.007369962637052696
2024-04-16,0.0009610334572924817
2024-04-17,0.004374653028495601
2024-04-18,0.003589638862757427
2024-04-19,-0.007022011770381975
2024-04-22,0.009832874103951728
2024-04-23,0.00747301542090173
2024-04-24,0.009274618915722233
2024-04-25,-0.015492446275272465
2024-04-26,0.005555263883371575
2024-04-29,8.242467058861003e-05
2024-04-30,-0.003399202669181922
2024-05-01,-0.008075210468706295
2024-05-02,0.008816439256498887
2024-05-03,0.012860990192237631
2024-05-06,0.005807962160796487
2024-05-07,-0.003212832608126881
2024-05-08,-0.007311982086736113
2024-05-09,-0.00041842251860146895
2024-05-10,0.00674749893370552
2024-05-13,0.001834162514137594
2024-05-14,-0.00419738297287775
2024-05-15,0.006743702598565271
2024-05-16,0.0005445340374596874
2024-05-17,0.002790095933963732
2024-05-20,0.003991730784637326
2024-05-21,-0.006052706248332873
2024-05-22,0.0022724758222754105
2024-05-23,0.02310427761063094
2024-05-24,0.0
2024-05-28,0.0
2024-05-29,0.0
2024-05-30,-0.00039852932968109656
2024-05-31,0.0052926138207298745
2024-06-03,0.01459013189692926
2024-06-04,0.0008394770923032535
2024-06-05,0.009847480090827476
2024-06-06,0.0039004926344936575
2024-06-07,-0.002766660268744614
2024-06-10,-0.003594531577420401
2024-06-11,-0.0013883873379566536
2024-06-12,0.010887592688809233
2024-06-13,0.013048253521640296
2024-06-14,-0.0011166477592012836
2024-06-17,0.003345536645453784
2024-06-18,0.00029405106044211315
2024-06-20,0.011833058779950223
2024-06-21,-0.010998251281233329
2024-06-24,-0.010550197557583907
2024-06-25,0.010366994411439956
2024-06-26,-0.0005645921558308231
2024-06-27,-0.006039666209023187
2024-06-28,0.002087721614583371
2024-07-01,0.0007484561372672616
2024-07-02,-0.010445712068509083
2024-07-03,-0.0027365332985975765
2024-07-05,-2.5659279184964134e-05
2024-07-08,0.005044819375038534
2024-07-09,0.006172410073233436
2024-07-10,0.008201623353541132
2024-07-11,0.00167161065805832
2024-07-12,0.0018688857856528074
2024-07-15,0.007466436076057015
2024-07-16,0.002600204382490423
2024-07-17,-0.023879852485950925
2024-07-18,0.013487080664109419
2024-07-19,-0.002927033218724895
2024-07-22,0.01177684830471959
2024-07-23,-0.0018823836739401134
2024-07-24,-0.013022769726243832
2024-07-25,-0.002283190615704145
2024-07-26,0.012986781065903896
2024-07-29,0.004639540533125652
2024-07-30,0.0019742705702952
2024-07-31,0.028079198438473396
2024-08-01,0.0
2024-08-02,0.0
2024-08-05,0.0
2024-08-06,0.009526531653452741
2024-08-07,0.015624411831196783
2024-08-08,0.016898265363858522
2024-08-09,-0.0016986868763442242
2024-08-12,0.0028220601153348124
2024-08-13,0.011297382712710302
2024-08-14,0.00594413644325531
2024-08-15,0.010403821769667587
2024-08-16,-0.00501038511193308
2024-08-19,0.00030243387417727696
2024-08-20,-0.0024279636919787295
2024-08-21,0.0015300621638933976
2024-08-22,0.005547294054702778
2024-08-23,0.009349944064158011
2024-08-26,-0.0023657758056194744
2024-08-27,-0.004813108021415324
2024-08-28,-0.0005389989196180611
2024-08-29,-0.0018094958396138727
2024-08-30,0.008707837995741263
2024-09-03,-0.008870723361272481
2024-09-04,-0.007328792908942949
2024-09-05,-0.0021400223771009808
2024-09-06,0.0017566351184692408
2024-09-09,0.009524203678844767
2024-09-10,0.004495823793329468
2024-09-11,0.0024846782084999575
2024-09-12,-0.0015689569022658834
2024-09-13,0.0003219643432195163
2024-09-16,-0.007651777376881164
2024-09-17,0.005504248908659193
2024-09-18,0.0019473050405627301
2024-09-19,0.01747988299136849
2024-09-20,-0.002642727768505715
2024-09-23,0.0034574030317613413
2024-09-24,0.0037753915722176234
2024-09-25,-0.00023435286579787107
2024-09-26,0.014009344974036386
2024-09-27,0.0019618852854179636
2024-09-30,-0.006826049397179679
2024-10-01,5.5621813224604466e-05
2024-10-02,-0.0011438404648891343
2024-10-03,0.0028549717308683498
2024-10-04,0.00517872998823754
2024-10-07,-0.00023490682418447761
2024-10-08,0.0037180968822516647
2024-10-09,0.0015397115919077997
2024-10-10,-0.0017382106262586738
2024-10-11,-0.00164722585060606
2024-10-14,0.0037039303963983805
2024-10-15,-0.0005085152578625518
2024-10-16,0.004524267111076341
2024-10-17,0.00699615428432554
2024-10-18,0.00312139529871458
2024-10-21,4.0436219838735354e-05
2024-10-22,-0.0018430285511378264
2024-10-23,-0.0032699062681690316
2024-10-24,0.003042459450479207
2024-10-25,0.001690865816633469
2024-10-28,0.0030914587560728624
2024-10-29,0.0007599230404320423
2024-10-30,-0.006259981292925376
2024-10-31,-0.002542035719376279
2024-11-01,0.00270883640639763
2024-11-04,-0.0011865241127053672
2024-11-05,0.007200122643379103
2024-11-06,0.023898098453838834
2024-11-07,0.0
2024-11-08,0.0
2024-11-11,0.0
2024-11-12,-0.0024863386663614984
2024-11-13,0.005080512831709738
2024-11-14,0.0022451434193608844
2024-11-15,-0.0047244556567000995
2024-11-18,0.00976675255131454
2024-11-19,-0.002549013526631727
2024-11-20,0.003527602522745532
2024-11-21,0.014291268851637229
2024-11-22,0.0009920830566731986
2024-11-25,0.010923803735071846
2024-11-26,0.00017174736135383561
2024-11-27,0.004192255175603066
2024-11-29,0.006447918178993595
2024-12-02,0.006336694565300061
2024-12-03,-0.002491849012488112
2024-12-04,0.004446933926514518
2024-12-05,0.00597373474122076
2024-12-06,0.0010884876875114635
2024-12-09,-0.004238327162518818
2024-12-10,0.0019388682165204507
2024-12-11,0.005084165735391499
2024-12-12,-0.002131257267837139
2024-12-13,0.007178371222775315
2024-12-16,0.0036145389929287397
2024-12-17,-0.003557215688744675
2024-12-18,0.003592587966377181
2024-12-19,0.005317166318094646
2024-12-20,-0.0022414116069791046
2024-12-23,0.0019919058763142594
2024-12-24,0.003947454050929222
2024-12-26,-0.0018104701998987727
2024-12-27,-0.0013490843754849768
2024-12-30,-0.0054776979253903235
2024-12-31,0.0022229917876697147
2025-01-02,0.0040951117101029055
2025-01-03,0.002701823303048023
2025-01-06,0.007537198265891165
2025-01-07,0.0031814617852103932
2025-01-08,0.0011751582984129705
2025-01-10,-0.0035863822389640143
2025-01-13,-0.009322919748329106
2025-01-14,0.005121558606818066
2025-01-15,0.005150300350429848
2025-01-16,0.00399991590527482
2025-01-17,0.006916957409076163
2025-01-21,0.0022695244189196995
2025-01-22,0.004438177244201258
2025-01-23,-0.003994391664033259
2025-01-24,0.002437210919051802
2025-01-27,-0.023879421095157838
2025-01-28,0.0037782922263502883
2025-01-29,-0.0013701666447207828
2025-01-30,0.0024829028729438374
2025-01-31,-0.00026059541830258937
2025-02-03,-0.011264307659102357
2025-02-04,-0.00020289103607418202
2025-02-05,0.004037910257702615
2025-02-06,0.0036250264789636777
2025-02-07,0.002051670791247906
2025-02-10,0.001674317126562297
2025-02-11,-0.0025216752448827817
2025-02-12,-0.005906595656151925
2025-02-13,0.0005347465971410337
2025-02-14,0.0016482311185508358
2025-02-18,0.0034771914996587494
2025-02-19,0.00019889241360249166
2025-02-20,0.001280359074627313
2025-02-21,0.0005994668802209446
2025-02-24,0.0035062574398914137
2025-02-25,-0.0016094494853837737
2025-02-26,0.005666366381978927
2025-02-27,0.00561940480353651
2025-02-28,-0.002876963429531587
2025-03-03,0.001985690492925629
2025-03-04,-0.004901675358178759
2025-03-05,0.0027225487340776233
2025-03-06,-0.00840850733038534
2025-03-07,0.0013999583971164853
2025-03-10,-0.006718669348194095
2025-03-11,0.0012432441662264537
2025-03-12,0.009076254645276949
2025-03-13,0.0
2025-03-14,0.0
2025-03-17,0.0
2025-03-18,-0.0039492931614131255
2025-03-19,0.0033246671886630885
2025-03-20,-0.002715018480732634
2025-03-21,-0.00437435569433775
2025-03-24,0.005657703101302758
2025-03-25,-0.0015817497589001306
2025-03-26,-0.003679696976347624
2025-03-27,-0.0052135231187997455
2025-03-28,-0.0008289551773178472
2025-03-31,0.005002232479761393
2025-04-01,0.003906088308519573
2025-04-02,0.007297147122791614
2025-04-03,0.023014565568374445
2025-04-04,0.019973081077891752
2025-04-07,0.019223796579460384
2025-04-08,-0.018969043884364267
2025-04-09,0.0010698902471029115
2025-04-10,0.0202967622611816
2025-04-11,0.00344830276436503
2025-04-14,-0.012755657947343124
2025-04-15,-0.0019525592068643238
2025-04-16,0.017820267070718154
2025-04-17,-0.00514363688346231
2025-04-21,0.007775070432260112
2025-04-22,-0.0073300334804095035
2025-04-23,-0.015123324662703719
2025-04-24,-0.0042845990857787175
2025-04-25,0.0009106284125637298
2025-04-28,-0.0005748924755862861
2025-04-29,0.002553903448056616
2025-04-30,0.006714351102083738
2025-05-01,-0.005738573055445673
2025-05-02,-0.009702777889765812
2025-05-05,0.00775313265161115
2025-05-06,0.011935931552533585
2025-05-07,-0.000959207947826668
2025-05-08,-0.005676251950895939
2025-05-09,-0.002173602071020131
2025-05-12,-0.025227786915480888
2025-05-13,-0.0023757986282375576
2025-05-14,-0.001992936698815395
2025-05-15,0.0037848083118430242
2025-05-16,0.00017239019801240651
2025-05-19,0.0077251000752938115
2025-05-20,0.0026319862672745664
2025-05-21,0.005114248180569492
2025-05-22,-8.312195702653291e-05
2025-05-23,0.010112032986342223
2025-05-27,-0.0074661086913221375
2025-05-28,0.0005140966776697731
2025-05-29,0.008462632270749282
2025-05-30,0.0
2025-06-02,0.0
2025-06-03,0.0
2025-06-04,0.0010075776447189266
2025-06-05,-0.0020373092835448414
2025-06-06,0.012422602109675385
2025-06-09,-0.0024580485443993494
2025-06-10,0.003158599432347975
2025-06-11,0.0057037294005486405
2025-06-12,-0.003671734606990107
2025-06-13,-0.009037902569922207
2025-06-16,0.007237895569015329
2025-06-17,-0.0031171156168028347
2025-06-18,0.0009329986104003041
2025-06-20,0.0051512333618037864
2025-06-23,0.0016796033495238838
2025-06-24,0.008012239634193286
2025-06-25,0.0038142834547261195
2025-06-26,0.0019318102049807884
2025-06-27,0.0006358701514614928
2025-06-30,0.0035226442262938917
2025-07-01,-0.012539182114622571
2025-07-02,-0.0007816908145714674
2025-07-03,0.00329433326090367
2025-07-07,-0.0021820581267675276
2025-07-08,0.002410568087502396
2025-07-09,0.0020060303470514906
2025-07-10,0.002656322914454501
2025-07-11,-0.001501067073425233
2025-07-14,-0.00024246707377528764
2025-07-15,0.007953356960479274
2025-07-16,0.00010916634976432249
2025-07-17,0.0005487874075540411
2025-07-18,0.001420745116689437
2025-07-21,0.0009223066525789747
2025-07-22,-0.0003085832335372185
2025-07-23,0.001856777288296918
2025-07-24,0.002691881806959895
2025-07-25,-0.0009659280445102336
2025-07-28,0.0027476673066051394
2025-07-29,0.0026453183111114775
2025-07-30,0.0011020861418842287
2025-07-31,0.007738998511475748
2025-08-01,-0.007084179102677335
2025-08-04,0.005149818708152898
2025-08-05,0.0030115717259175945
2025-08-06,-0.0028908896596718803
2025-08-07,0.0043691612568550475
2025-08-08,0.0019728849242810487
2025-08-11,-6.35088627660707e-05
2025-08-12,0.0029261992676963278
2025-08-13,0.0028237707204272766
2025-08-14,-0.0036056666091931477
2025-08-15,-2.665200678275692e-05
2025-08-18,-0.0019392428500734082
2025-08-19,-0.0014948364817197746
2025-08-20,-0.002658913447325384
2025-08-21,-0.0009809248031292794
2025-08-22,-0.0015141405170172595
2025-08-25,-0.0019689679779768543
2025-08-26,0.0006400553538896681
2025-08-27,-1.2698102237362896e-05
2025-08-28,0.0005720366863946058
2025-08-29,-0.0032473277000257816
2025-09-02,-0.01037908854875258
2025-09-03,0.0048357185321965535
2025-09-04,0.0006561310404040732
2025-09-05,0.004460903821651652
2025-09-08,0.003592251434178406
2025-09-09,0.002491786255433892
2025-09-10,0.00921271950346969
2025-09-11,0.004068795806645653
2025-09-12,0.0027887740853427267
2025-09-15,0.007264742422889325
2025-09-16,0.0015051807613666313
2025-09-17,-0.003952680320960966
2025-09-18,0.00838117357725432
2025-09-19,0.0019011603453167325
2025-09-22,-0.00030927972079419774
2025-09-23,0.00225371356592885
2025-09-24,0.004005262323902414
2025-09-25,-0.009013634980395757
2025-09-26,0.0032329861167996743
2025-09-29,0.0052674272558046464
2025-09-30,-0.0012101078599299209
2025-10-01,-0.003961951272145048
2025-10-02,0.010506694494764934
2025-10-03,0.003208890975456624
2025-10-06,0.016754475136717017
2025-10-07,0.0008403918028980772
2025-10-08,0.003460969945706438
2025-10-09,-0.0015403868871466386
2025-10-10,0.0012752542815781531
2025-10-13,0.017201850033317756
2025-10-14,-0.01177076190338655
2025-10-15,0.011769114516861023
2025-10-16,0.0037527557161509684
2025-10-17,-0.0045403367001686235
2025-10-20,0.0065138800368451655
2025-10-21,-0.0008186528614573252
2025-10-22,-0.0013240205723984433
2025-10-23,-0.005549660919342392
2025-10-24,0.007604781401016725
2025-10-27,0.012127401251488035
2025-10-28,0.002871606258958437
2025-10-29,0.00837352230180044
2025-10-30,-0.008181071881772861
2025-10-31,0.014689212017105824
2025-11-03,0.0091763419899622
2025-11-04,-0.017910324201125705
2025-11-05,0.001215827800214564
2025-11-06,-0.00021725807408934372
2025-11-07,-0.008122373997597632
2025-11-10,0.016974360082172346
2025-11-11,-0.007041614915177297
2025-11-12,0.007356901858742715
2025-11-13,-0.0075582253910592145
2025-11-14,-0.016289417191748146
2025-11-17,-0.005844114853907345
2025-11-18,-0.008093784101179224
2025-11-19,0.003983567953222744
2025-11-20,0.02147311225576276
2025-11-21,0.004524361018070522
2025-11-24,0.010489070176161075
2025-11-25,-0.007449863227045994
2025-11-26,0.007751226146313517
2025-11-28,0.0025999684606214934
2025-12-01,-0.008677012945773499
2025-12-02,0.0038869002612584858
2025-12-03,-0.0012271965073294977
2025-12-04,0.004995750220482931
2025-12-05,0.0026708429214372664
2025-12-08,-0.00036986337956002036
2025-12-09,-0.0021114780814993628
2025-12-10,-0.000556414045531417
2025-12-11,-0.006760784283127985
2025-12-12,-0.0034397886303997316
2025-12-15,0.008433066713541049
2025-12-16,-0.003466730635038884
2025-12-17,0.0003124920096582162
2025-12-18,0.015737004787179654
2025-12-19,0.005107636243988356
2025-12-22,0.009777630601185416
2025-12-23,-0.001261488265036692
2025-12-24,-0.0003651096918498853
2025-12-26,0.001412414755179725
2025-12-29,-0.006251206385292196
2025-12-30,0.00018786954443617
2025-12-31,0.001554517986403381
2026-01-02,0.009345134889208406
2026-01-05,0.009660948904091748
2026-01-06,0.0014078655507592241
2026-01-07,0.00014133505812963243
2026-01-08,2.1712682410024442e-05
2026-01-09,0.0020553813921075914
2026-01-12,-0.0046724312288252134
2026-01-13,0.0014762458560741987
2026-01-14,-0.0047135307593770825
2026-01-15,0.008840023239252703
2026-01-16,0.005673350580310377
2026-01-20,-0.010547245857437826
2026-01-21,0.0038093689260614294
2026-01-22,0.006786712904717884
2026-01-23,-0.0011752215672300448
2026-01-26,-0.0017283851130015515
2026-01-27,0.0055529376993732615
2026-01-28,0.006063815638159165
2026-01-29,-0.0007585954256602578
2026-01-30,-0.0011949324604809686
2026-02-02,-0.00552140185991834
2026-02-03,0.0064481193061343145
2026-02-04,-0.004040268473636144
2026-02-05,-0.008220030935686573
2026-02-06,0.003884964473119812
2026-02-09,-0.004505217054356803
2026-02-10,0.000252417693475282
2026-02-11,0.009497748539798456
2026-02-12,0.004016781581535511
2026-02-13,-0.0015607185104626886
2026-02-17,-0.0066144111332282485
2026-02-18,0.001977915966604682
2026-02-19,-0.004964249581310698
2026-02-20,-0.003910166261795411
2026-02-23,-0.002105773354984186
2026-02-24,0.002793597061158559
2026-02-25,0.005136917589982692
2026-02-26,-0.0026453075551482463
2026-02-27,-0.009902704630911474
2026-03-02,-0.011992760780762612
2026-03-03,-0.016890487176307478
2026-03-04,0.005574304018229448
2026-03-05,-0.004092269733496634
2026-03-06,-0.012424909668108719
2026-03-09,-0.00707006082803463
2026-03-10,0.00106492140160519
2026-03-11,0.0027774895923651233
2026-03-12,-0.005857121530178033
2026-03-13,0.004817183427365812
2026-03-16,0.008787900230202483
2026-03-17,0.003468305170376995
2026-03-18,-0.0004827094529901155
2026-03-19,-0.010305830542077232
2026-03-20,-0.001212531492087221
2026-03-23,0.010364934422322225
2026-03-24,-0.004564684713651901
2026-03-25,0.005473636523606995
2026-03-26,-0.007751699223238928
2026-03-27,-0.002633426237533265
2026-03-30,0.004982243239630257
2026-03-31,0.007276653806109534
2026-04-01,0.007056433965462405
2026-04-02,0.0024663185962452427
2026-04-06,0.00030601500811422433
2026-04-07,0.0028316478153094238
2026-04-08,-0.006953461849068643
2026-04-09,0.0005140323745405073
2026-04-10,-0.0021281907611062634
2026-04-13,0.002566894273660525
2026-04-14,0.004546467920234498
2026-04-15,-0.0013764171986969664
2026-04-16,-0.0006125359164523836
2026-04-17,0.007080586347604445
2026-04-20,-5.082611532714054e-05
2026-04-21,0.0026730039109335024
2026-04-22,0.007771003496863216
2026-04-23,0.0003830573289274053
2026-04-24,0.014947981677802202
2026-04-27,0.00132939015405098
2026-04-28,-0.015166773641104636
2026-04-29,0.004608926914787093
2026-04-30,0.009327131818025025
2026-05-01,-0.000495062516983169
2026-05-04,0.0026785198650356445
2026-05-05,0.011211756101765946
2026-05-06,0.016215712277680705
2026-05-07,-0.0035000369582138813
2026-05-08,0.010181567001557257
2026-05-11,0.007008881236377773
2026-05-12,-0.010514183182285475
2026-05-13,0.0127697617811795
2026-05-14,-0.004145797696635589
2026-05-15,-0.019941308349267328
2026-05-18,0.010388274063662273
2026-05-19,-0.009789263938584924
2026-05-20,0.013750443521107103
2026-05-21,-0.0026823564618746465
2026-05-22,0.005324418567842937
2026-05-26,0.0198249773873731
2026-05-27,0.011168239564075089
2026-05-28,0.0007027352112614071
2026-05-29,0.007921127537826367
2026-06-01,0.001375310193164614
2026-06-02,0.005484412993137733
2026-06-03,0.007554269744825426
2026-06-04,-0.02832341911480807
2026-06-05,-0.024149365527344036
2026-06-08,0.03251636360111809
2026-06-09,0.0
2026-06-10,0.0
2026-06-11,0.0
2026-06-12,-0.0038420260294688147
2026-06-15,0.031895547966584115
2026-06-16,0.0
2026-06-17,0.0
2026-06-18,0.0
2026-06-22,0.012014872986676695
2026-06-23,-0.05301849762136834
2026-06-24,0.006612360584482335
2026-06-25,0.04686478133848282
2026-06-26,0.0
2026-06-29,0.0
2026-06-30,0.0
2026-07-01,-0.025220051169398072
2026-07-02,0.001026938863203597
2026-07-06,0.01444777070820491
2026-07-07,-0.027255656746933754
2026-07-08,-0.01096703577633773
2026-07-09,0.02530574762438098
2026-07-10,0.0
2026-07-13,0.0
2026-07-14,0.0
2026-07-15,0.003613648984108764
2026-07-16,-0.013524813593728147
2026-07-17,-0.01847070322015787
2026-07-20,0.013226325317992282
2026-07-21,0.023219189476059388
2026-07-22,0.0
2026-07-23,0.0
2026-07-24,0.0
2026-07-27,0.005967000548800616
2026-07-28,-0.01657166437329405
2026-07-29,-9.438013785079136e-05
2026-07-30,0.019801744448461056
2026-07-31,0.0
2026-08-03,0.0
2026-08-04,0.0
2026-08-05,-0.00155954358341992
2026-08-06,-0.010332545089424827
2026-08-07,0.010122094058412356
2026-08-10,-0.002663050614660989
2026-08-11,0.005199105379226188
2026-08-12,0.013497877945195746
2026-08-13,0.0010969497139168283
2026-08-14,0.0033649428544539894
