index,return
2000-01-03,0.0
2000-01-04,0.0
2000-01-05,-0.013512349289519499
2000-01-06,-0.0015444528164624272
2000-01-07,-0.005967680308127332
2000-01-10,0.03384457213141223
2000-01-11,-0.0063437508439161405
2000-01-12,0.009664504073071623
2000-01-13,0.009512067303490968
2000-01-14,0.008124158996080988
2000-01-18,0.011703871003926558
2000-01-19,0.002464914342666935
2000-01-20,0.04689894968697361
2000-01-21,0.0033266772587401405
2000-01-24,0.007063297484196429
2000-01-25,0.00596037464248389
2000-01-26,-0.01645287398857198
2000-01-27,0.010329447968765004
2000-01-28,-0.018140476430734798
2000-01-31,0.0034680398816120395
2000-02-01,0.004058266260157817
2000-02-02,0.0053953192927478355
2000-02-03,0.019621495506482844
2000-02-04,0.0059318493066709
2000-02-07,-0.000884531723421067
2000-02-08,0.017038784757536396
2000-02-09,0.011559823959355953
2000-02-10,0.015504047160985301
2000-02-11,0.004898060290186246
2000-02-14,-0.005814772939773727
2000-02-15,0.005092052669345204
2000-02-16,0.004561526183456177
2000-02-17,0.0075790512605009575
2000-02-18,-0.00825362096454163
2000-02-22,-0.018448792060575148
2000-02-23,0.007883440988504464
2000-02-24,0.0054367130806640684
2000-02-25,0.0005437391892275656
2000-02-28,-0.0020085208221428674
2000-02-29,0.011104514204993032
2000-03-01,0.02120076407783933
2000-03-02,0.0
2000-03-03,0.0
2000-03-06,0.0
2000-03-07,0.0
2000-03-08,0.0
2000-03-09,0.0
2000-03-10,0.0
2000-03-13,0.0
2000-03-14,0.0
2000-03-15,0.0
2000-03-16,0.0
2000-03-17,0.0
2000-03-20,0.0
2000-03-21,0.0
2000-03-22,0.0
2000-03-23,0.0
2000-03-24,0.0
2000-03-27,0.0
2000-03-28,0.0
2000-03-29,0.0
2000-03-30,0.0
2000-03-31,0.0
2000-04-03,0.0
2000-04-04,0.022002304166784947
2000-04-05,-0.011899563116833933
2000-04-06,0.04548469133650168
2000-04-07,0.03165951448405124
2000-04-10,0.0071300400066298675
2000-04-11,-0.032049705327148126
2000-04-12,5.7978334302433154e-05
2000-04-13,0.013689753326012744
2000-04-14,-0.03482455784408256
2000-04-17,-0.042438861970608754
2000-04-18,0.01473752603001488
2000-04-19,0.006606946914564649
2000-04-20,0.01630113891474383
2000-04-24,-0.04889345419230107
2000-04-25,0.04017219595121202
2000-04-26,0.019209702988804533
2000-04-27,-0.04643003054239703
2000-04-28,0.009732439791235947
2000-05-01,0.015674531429167304
2000-05-02,0.0013040610275265596
2000-05-03,0.0011925743290128743
2000-05-04,0.0013896988586588055
2000-05-05,-0.004538446795017803
2000-05-08,-0.012666239336318608
2000-05-09,0.011141606339208687
2000-05-10,-0.011527827823635484
2000-05-11,0.020842001285487743
2000-05-12,0.010498844228242543
2000-05-15,-0.002051194175089477
2000-05-16,0.033046422710780954
2000-05-17,0.02000509533191064
2000-05-18,0.005064835039954252
2000-05-19,-0.013682947795458866
2000-05-22,-0.0009539732705065029
2000-05-23,0.0017144547773013663
2000-05-24,-7.104222488052425e-05
2000-05-25,0.025457482129449982
2000-05-26,0.0053486771523239
2000-05-30,0.03873642456285209
2000-05-31,0.0021975201425938895
2000-06-01,0.05711232012710621
2000-06-02,0.05991574721705062
2000-06-05,-0.009427342442168252
2000-06-06,-0.002227916528453444
2000-06-07,0.012067015274738857
2000-06-08,0.0213354548231659
2000-06-09,0.015638828303365493
2000-06-12,0.009926628527812786
2000-06-13,-0.009276858312385339
2000-06-14,0.009964466037447162
2000-06-15,0.002937424683631784
2000-06-16,0.007718921957040159
2000-06-19,0.004666638067268414
2000-06-20,0.012525819122030324
2000-06-21,-0.011730714227643602
2000-06-22,0.0077757082826510615
2000-06-23,0.0007626719612587873
2000-06-26,0.0132720156538082
2000-06-27,0.004807311464027686
2000-06-28,0.007511724371608075
2000-06-29,-0.026740312896434415
2000-06-30,0.004653706510055811
2000-07-03,0.009809912405958965
2000-07-05,-0.020698617231784344
2000-07-06,-0.011577024476740583
2000-07-07,0.014460737601297735
2000-07-10,-0.008248830904056148
2000-07-11,-0.005222692763091286
2000-07-12,0.028074780804544286
2000-07-13,0.019258162773094556
2000-07-14,0.016432548512499645
2000-07-17,0.010780440662488955
2000-07-18,-0.020219787532050115
2000-07-19,-0.004058273532511203
2000-07-20,0.004743508280042663
2000-07-21,-0.007324154557490581
2000-07-24,0.012476993909567913
2000-07-25,0.005350567222587976
2000-07-26,-0.016801712794298207
2000-07-27,-0.019141233740160857
2000-07-28,0.0013586302817369944
2000-07-31,0.025159030231613366
2000-08-01,-0.0035824710078588007
2000-08-02,-0.011829169693381991
2000-08-03,-0.06821336541385581
2000-08-04,0.028611432272527937
2000-08-07,-0.00020165514526948591
2000-08-08,-0.007500460193588299
2000-08-09,0.036645968722875955
2000-08-10,-0.00878336986325634
2000-08-11,-0.0005197035104896885
2000-08-14,0.02499496739990459
2000-08-15,0.011469815564908004
2000-08-16,0.02106349613505043
2000-08-17,-0.004565640771548751
2000-08-18,0.013017736845155614
2000-08-21,0.0063566237330414666
2000-08-22,-0.005386008880723048
2000-08-23,-0.0173238952370528
2000-08-24,0.00794491122806873
2000-08-25,-0.010129324242644455
2000-08-28,0.0063311041713574046
2000-08-29,0.004258866473773049
2000-08-30,-0.0012662167024717341
2000-08-31,0.0055405539775750245
2000-09-01,0.026295751994923844
2000-09-05,0.007358820440350744
2000-09-06,-0.02233815803138728
2000-09-07,0.009624178958951068
2000-09-08,-0.007222597385997176
2000-09-11,-0.017418471303966565
2000-09-12,0.009265550287210766
2000-09-13,-0.010925861516479118
2000-09-14,0.012813385871638161
2000-09-15,-0.009083217609528016
2000-09-18,0.0013267442590061407
2000-09-19,0.00330046127040462
2000-09-20,-0.005507714133187069
2000-09-21,-0.008344684207947761
2000-09-22,-0.03718348165145313
2000-09-25,0.01482413363234536
2000-09-26,0.004283675497322559
2000-09-27,0.008493610698721454
2000-09-28,-0.005590615478141103
2000-09-29,-0.023257532667505743
2000-10-02,0.009407928753768502
2000-10-03,0.02441703719564914
2000-10-04,0.0042515745267168725
2000-10-05,-0.005284425377637181
2000-10-06,-0.00794224153167511
2000-10-09,-0.004205752425056719
2000-10-10,-0.019565708459398645
2000-10-11,-0.036192333579570524
2000-10-12,0.02957658984027689
2000-10-13,0.007791438222835456
2000-10-16,0.005828896971177944
2000-10-17,-0.033814670528790836
2000-10-18,-0.04958479818102224
2000-10-19,0.0795080840821496
2000-10-20,0.0001238959531053574
2000-10-23,-0.01899007964434074
2000-10-24,0.0001779514022242079
2000-10-25,-0.031161055820236983
2000-10-26,0.017080071107233863
2000-10-27,0.04368585005086301
2000-10-30,5.697487418987457e-05
2000-10-31,0.028431312150632992
2000-11-01,-0.02918258876434643
2000-11-02,0.02885254418777161
2000-11-03,0.017926773812974695
2000-11-06,0.020246483853023856
2000-11-07,-0.0022512177048963355
2000-11-08,-0.004726778669292053
2000-11-09,-0.03434412000526532
2000-11-10,-0.02351650119942006
2000-11-13,-0.030382662400193605
2000-11-14,0.03783460529256821
2000-11-15,-0.004622538219393402
2000-11-16,-0.03552797888956283
2000-11-17,0.0005423684079031155
2000-11-20,-0.0293632528222334
2000-11-21,0.015275208737875356
2000-11-22,-0.0013318963776712822
2000-11-24,0.04544625558058901
2000-11-27,0.0421255475437361
2000-11-28,-0.009689127806169151
2000-11-29,0.023504032742827308
2000-11-30,-0.07047175348181467
2000-12-01,0.051231964911374606
2000-12-04,0.011306423637011065
2000-12-05,0.05554508611834441
2000-12-06,0.017078026271702962
2000-12-07,-0.028370587160624905
2000-12-08,0.09437127384547384
2000-12-11,0.010587179331685403
2000-12-12,-0.006600841579060157
2000-12-13,0.011446535926982415
2000-12-14,-0.002198517396975075
2000-12-15,-0.02356395652088994
2000-12-18,0.007250802558998348
2000-12-19,-0.0008190518681945314
2000-12-20,-0.03373773198916197
2000-12-21,-0.0013843327385261173
2000-12-22,0.04150748352256972
2000-12-26,0.009832870325454879
2000-12-27,-0.014175868296724237
2000-12-28,-0.028813126508646647
2000-12-29,-0.006078923097850963
2001-01-02,0.010434480741083885
2001-01-03,-0.016479728444003694
2001-01-04,-0.01284319343172391
2001-01-05,0.021827681420056866
2001-01-08,-0.0001010327273885947
2001-01-09,0.02336889275505505
2001-01-10,-0.020809607490663184
2001-01-11,-0.014823966948123601
2001-01-12,0.004297180008443924
2001-01-16,-0.011077454756586835
2001-01-17,0.0705621663622229
2001-01-18,0.0029128101600719436
2001-01-19,0.0235767875487638
2001-01-22,-0.025756444295498948
2001-01-23,-0.010366058295600666
2001-01-24,0.00429881715932412
2001-01-25,-0.006443376222692088
2001-01-26,-0.03338989529536829
2001-01-29,-0.007628065850727284
2001-01-30,0.008552488825617433
2001-01-31,-0.0014933601924890239
2001-02-01,0.004498174470281224
2001-02-02,0.009663717913941383
2001-02-05,-0.009082202455496735
2001-02-06,0.0062108151204827156
2001-02-07,-0.007809021250828385
2001-02-08,0.004532525068006388
2001-02-09,-0.007924489479819163
2001-02-12,-0.0036547392520412947
2001-02-13,0.00791395053924937
2001-02-14,-0.0001665515635528303
2001-02-15,0.006843694549773183
2001-02-16,-0.03647784596948889
2001-02-20,0.007833329388902133
2001-02-21,-0.029041820831503196
2001-02-22,-0.010847495006478303
2001-02-23,-0.027667823934639846
2001-02-26,0.02013727209388194
2001-02-27,-0.040501180487743316
2001-02-28,0.005602996345097422
2001-03-01,-0.008616772120309646
2001-03-02,-0.0413953420021852
2001-03-05,0.010886148019069175
2001-03-06,0.052010510924995756
2001-03-07,0.013078149757979718
2001-03-08,-0.007419507842933326
2001-03-09,-0.042541071870268676
2001-03-12,-0.019312431441828593
2001-03-13,0.031790483455795604
2001-03-14,-0.04523730592818631
2001-03-15,0.04365662791678604
2001-03-16,-0.02735747999927529
2001-03-19,0.011239739007875782
2001-03-20,0.007619749081787974
2001-03-21,0.01451221514743195
2001-03-22,0.023814773532871314
2001-03-23,0.03817713456212246
2001-03-26,0.019613060682429406
2001-03-27,-0.0022136942876782584
2001-03-28,-0.050239502309189055
2001-03-29,-0.009405047864088134
2001-03-30,-0.021333995055642485
2001-04-02,-0.002335353656331418
2001-04-03,0.0
2001-04-04,0.0
2001-04-05,0.0
2001-04-06,0.0
2001-04-09,0.0
2001-04-10,0.0
2001-04-11,0.0
2001-04-12,0.0
2001-04-16,0.0
2001-04-17,0.0
2001-04-18,0.0
2001-04-19,0.0
2001-04-20,0.0
2001-04-23,0.0
2001-04-24,0.0
2001-04-25,0.0
2001-04-26,0.0
2001-04-27,0.0
2001-04-30,0.0
2001-05-01,0.0
2001-05-02,0.03236288750833172
2001-05-03,-0.04759533545713179
2001-05-04,-0.03981282241113371
2001-05-07,-0.00016654342237376607
2001-05-08,0.039343233675809275
2001-05-09,-0.02786800366449993
2001-05-10,0.05063301944887333
2001-05-11,0.0052040417514107595
2001-05-14,-0.0011502577106895506
2001-05-15,0.005678537753083246
2001-05-16,-0.015393036933449289
2001-05-17,0.002113186880348117
2001-05-18,-0.010295322365115545
2001-05-21,-0.001586628806820145
2001-05-22,-0.0006860681506956068
2001-05-23,-0.004242043785424143
2001-05-24,-0.010771525776911095
2001-05-25,0.010313323212973735
2001-05-29,-0.008689997644006464
2001-05-30,-0.018486338143678394
2001-05-31,-0.006176092343143869
2001-06-01,0.01754151557221295
2001-06-04,-0.011337642942773174
2001-06-05,0.012517194582895241
2001-06-06,0.028088663343265985
2001-06-07,-0.008935529864080527
2001-06-08,0.0018768019537585001
2001-06-11,-0.011714272454959596
2001-06-12,-0.032325932340415364
2001-06-13,0.005222626177172396
2001-06-14,-0.020696466824233872
2001-06-15,-0.015813105500890434
2001-06-18,0.00592624032294653
2001-06-19,0.03343398463444758
2001-06-20,-0.0325901600123073
2001-06-21,-0.006261994010313576
2001-06-22,-0.0010518488264247283
2001-06-25,0.017439235537627606
2001-06-26,-0.019000028712933492
2001-06-27,-0.0006419750648145595
2001-06-28,0.013789156663597923
2001-06-29,0.0025488898760306355
2001-07-02,0.0009629478886774567
2001-07-03,-0.006395421086889175
2001-07-05,-0.017051164598314017
2001-07-06,-0.05119331837373142
2001-07-09,0.020908612111475433
2001-07-10,0.009025317522256548
2001-07-11,-0.004198817926663434
2001-07-12,0.03391279238159428
2001-07-13,-0.008537482989277256
2001-07-16,0.005220684364195538
2001-07-17,-0.0206426341299476
2001-07-18,-0.012850489107944618
2001-07-19,0.018866320411818682
2001-07-20,-0.0036760916617091244
2001-07-23,0.011489509680566501
2001-07-24,-0.010326366828541267
2001-07-25,0.005205447667944396
2001-07-26,0.002166590247406841
2001-07-27,-0.02205407076533583
2001-07-30,0.01134852360195504
2001-07-31,0.010464804573679709
2001-08-01,0.058999029378597134
2001-08-02,0.018749962453200375
2001-08-03,-0.009126928487049324
2001-08-06,-0.015366313311712343
2001-08-07,-0.00760951088398909
2001-08-08,-0.008741709234361905
2001-08-09,0.00010938005026961406
2001-08-10,-0.006847028506095754
2001-08-13,0.018603629301626956
2001-08-14,-0.0027614241766952263
2001-08-15,0.018896459185837156
2001-08-16,-0.010246857295925671
2001-08-17,-0.023210341635906073
2001-08-20,-0.0018796824179736493
2001-08-21,0.010054662618689036
2001-08-22,0.025170248654004412
2001-08-23,-0.0004033287201590241
2001-08-24,0.017234458750893467
2001-08-27,0.0023165403883860236
2001-08-28,-0.001974404098676552
2001-08-29,0.010677492834497038
2001-08-30,-0.010386619053992296
2001-08-31,-0.00811994496824453
2001-09-04,-0.0210623540227437
2001-09-05,-0.00851147595924484
2001-09-06,-0.026575429003014683
2001-09-07,-0.014000124586557972
2001-09-10,-0.009677665661454449
2001-09-17,-0.12947490326762923
2001-09-18,-0.005746099165447327
2001-09-19,0.024212585237733952
2001-09-20,-0.0342485038175564
2001-09-21,-0.05881077017635783
2001-09-24,0.05087843473474063
2001-09-25,0.030140669129092634
2001-09-26,-0.001826818133459085
2001-09-27,-0.011099017584975668
2001-09-28,0.04396487948934258
2001-10-01,-0.003914136611041563
2001-10-02,-0.007537804027700767
2001-10-03,-0.013491514846856623
2001-10-04,0.029569079709258927
2001-10-05,-0.013844119716588277
2001-10-08,-0.014561448682720357
2001-10-09,0.01077629551804149
2001-10-10,0.012363131588753795
2001-10-11,0.05584874346850244
2001-10-12,-0.01302579349502786
2001-10-15,-0.037430942863573735
2001-10-16,0.017484835820931854
2001-10-17,0.04801037311477119
2001-10-18,0.007976548648626292
2001-10-19,-0.006316242065712463
2001-10-22,0.00249663851031956
2001-10-23,0.032012512235668034
2001-10-24,0.0077815009473825025
2001-10-25,-0.01614005085493786
2001-10-26,0.00441872831254253
2001-10-29,0.0061103160588946714
2001-10-30,-0.0016331446425670304
2001-10-31,0.05608711339391559
2001-11-01,0.011250046366638289
2001-11-02,-0.0051414553913230465
2001-11-05,0.015087624327540183
2001-11-06,-0.014850100083849238
2001-11-07,-0.0064559795449123936
2001-11-08,0.03429922322197765
2001-11-09,0.014283354966724504
2001-11-12,0.007180999783809927
2001-11-13,0.027561650143185235
2001-11-14,0.017140798568346938
2001-11-15,0.0047105881611733125
2001-11-16,0.01751577417870598
2001-11-19,0.022173040767424768
2001-11-20,-0.0062218852969387894
2001-11-21,-0.0025193800939617983
2001-11-23,0.012526561608510844
2001-11-26,0.026499746328273233
2001-11-27,-0.011360783029706778
2001-11-28,-0.014490639524506466
2001-11-29,0.020558092898505853
2001-11-30,-0.010531781834119847
2001-12-03,-0.004365265637176097
2001-12-04,0.01152583414743047
2001-12-05,0.037697814179934896
2001-12-06,-0.007420937069446465
2001-12-07,0.018923373107089914
2001-12-10,-0.019561953115512898
2001-12-11,0.0055808308044567045
2001-12-12,0.018423109551086725
2001-12-13,-0.04527326057752035
2001-12-14,0.010065571588280031
2001-12-17,0.008921192941283351
2001-12-18,0.015703176874488856
2001-12-19,-0.025296953656917642
2001-12-20,-0.016888236923464195
2001-12-21,0.016916482603930305
2001-12-24,-0.008875135518128352
2001-12-26,0.0028086096559460927
2001-12-27,0.00781536150561224
2001-12-28,0.006911205489152694
2001-12-31,0.005068369922998972
2002-01-02,0.03175134340638763
2002-01-03,-0.0037434530334813365
2002-01-04,0.0010908060468308722
2002-01-07,0.015732732323970877
2002-01-08,0.026917866695284953
2002-01-09,0.04747752074201195
2002-01-10,-0.014046762136486701
2002-01-11,0.006987950672282972
2002-01-14,-0.013051737940500963
2002-01-15,0.013345993473235174
2002-01-16,-0.012151309464424331
2002-01-17,0.02861688252355199
2002-01-18,-0.02584655655795909
2002-01-22,0.005950871058815421
2002-01-23,0.007658985252646078
2002-01-24,0.01643148555084406
2002-01-25,-0.0075700534809295394
2002-01-28,0.007687962057478792
2002-01-29,-0.003389202336477104
2002-01-30,0.0005908339579649979
2002-01-31,0.025356018927970014
2002-02-01,-0.011553798632505052
2002-02-04,-0.013074286857059803
2002-02-05,-0.014371047095014577
2002-02-06,0.016090820226295044
2002-02-07,0.0007334078794349885
2002-02-08,0.014079197026942047
2002-02-11,0.00140745098608841
2002-02-12,-0.009464918267955036
2002-02-13,0.0076300045933856975
2002-02-14,-0.0019336188845610058
2002-02-15,-0.011645014972545775
2002-02-19,-0.015274513108882726
2002-02-20,-0.0017157340666983378
2002-02-21,-0.009131202330144084
2002-02-22,-0.00980258103211984
2002-02-25,0.009000471202161409
2002-02-26,-0.013118707538591234
2002-02-27,0.01781405643134204
2002-02-28,0.01786153920858169
2002-03-01,0.006309104668431376
2002-03-04,0.009752523044379346
2002-03-05,-0.003940858299145922
2002-03-06,-0.02568796203144663
2002-03-07,0.013071722841313083
2002-03-08,0.015755874023889227
2002-03-11,-0.001790312362329738
2002-03-12,-0.011794525020754176
2002-03-13,-0.008050337900238569
2002-03-14,-0.007701788862717107
2002-03-15,0.021330740056052067
2002-03-18,0.010162548580941122
2002-03-19,0.0033763697981223917
2002-03-20,-0.011830927866195329
2002-03-21,0.00911061612577102
2002-03-22,-0.003114447333589565
2002-03-25,0.005678914776815258
2002-03-26,-0.008361646705096648
2002-03-27,-0.011337910884060443
2002-03-28,0.00395880692305095
2002-04-01,-0.019331699725100626
2002-04-02,-0.012216406781425326
2002-04-03,0.004751069252805662
2002-04-04,0.00022605481358572987
2002-04-05,-0.0005278569214026696
2002-04-08,-0.013544843943591012
2002-04-09,-0.00015595875697649308
2002-04-10,0.005338796572949889
2002-04-11,-0.011629548931822553
2002-04-12,0.007857386562846624
2002-04-15,0.004304439288110196
2002-04-16,0.01964845588197628
2002-04-17,0.00929598639192597
2002-04-18,-0.0003876952077449536
2002-04-19,0.007881570883130351
2002-04-22,-0.008240459027280878
2002-04-23,0.011002183105851548
2002-04-24,0.024444589924771165
2002-04-25,-0.00809918568758905
2002-04-26,0.004687699112436272
2002-04-29,0.008330002779723289
2002-04-30,0.007722576675652126
2002-05-01,0.005721370894876232
2002-05-02,0.006962632625256093
2002-05-03,-0.015898707826322522
2002-05-06,-0.00496476020512393
2002-05-07,0.017720457371822373
2002-05-08,0.06569617348496326
2002-05-09,-0.007064909224325122
2002-05-10,0.005342812239627515
2002-05-13,0.012791315342538967
2002-05-14,0.04848246696123493
2002-05-15,-0.0016342228689142368
2002-05-16,0.0025114142495472613
2002-05-17,0.02388178131568508
2002-05-20,0.008175784833767352
2002-05-21,0.007801939416443471
2002-05-22,-0.01585510306486404
2002-05-23,0.00934795270969313
2002-05-24,-0.012792378242930669
2002-05-28,0.01620787208251495
2002-05-29,-0.00887601786932457
2002-05-30,-0.026386143534228856
2002-05-31,0.016076302041594603
2002-06-03,-0.0011748563466839057
2002-06-04,0.0016582324998151154
2002-06-05,-0.003894040071932947
2002-06-06,-0.003232106991431505
2002-06-07,-0.07919793393857166
2002-06-10,0.0027784400921566643
2002-06-11,0.011089377255938171
2002-06-12,-0.010863448694814481
2002-06-13,0.010386412120387378
2002-06-14,-0.013314969968694967
2002-06-17,0.022511734786687
2002-06-18,-0.0010574767753764869
2002-06-19,-0.05027254187074626
2002-06-20,0.020388811484040703
2002-06-21,-0.0016848131218342166
2002-06-24,-0.010793553177781967
2002-06-25,0.040818006498354986
2002-06-26,-0.07358878905728305
2002-06-27,0.047671374121775356
2002-06-28,0.06248939004602394
2002-07-01,0.02667733274526074
2002-07-02,-0.012536160136160213
2002-07-03,-0.009751691390786243
2002-07-05,0.0767598865167054
2002-07-08,0.0037535709024736352
2002-07-09,-0.004025508455265836
2002-07-10,0.03398733365067952
2002-07-11,0.005276545833160062
2002-07-12,0.0284594372676239
2002-07-15,0.012071824897044392
2002-07-16,-0.01033526274299379
2002-07-17,0.06406203833651714
2002-07-18,-0.006299701952256043
2002-07-19,-0.018723736996421936
2002-07-22,0.010276226553408208
2002-07-23,0.020205890366847834
2002-07-24,-0.017961929416418054
2002-07-25,-0.04696502128190527
2002-07-26,0.009631307211195761
2002-07-29,0.04140074662844473
2002-07-30,-0.005835442548784653
2002-07-31,-0.023478073086968698
2002-08-01,0.00011162293289412872
2002-08-02,0.0036991873224123673
2002-08-05,-0.0005659541739163609
2002-08-06,0.038327977551550374
2002-08-07,0.03565278452198428
2002-08-08,0.008411506389775392
2002-08-09,-0.018446563624003764
2002-08-12,-0.009429820819879642
2002-08-13,-0.006829934968006435
2002-08-14,0.007584207435244794
2002-08-15,0.004138377541885285
2002-08-16,-0.013585770869731228
2002-08-19,0.017826355676915595
2002-08-20,-0.012066095515714137
2002-08-21,0.04452315444010568
2002-08-22,0.009463136647388515
2002-08-23,-0.01833170691831376
2002-08-26,0.007698349915512104
2002-08-27,0.009486170519110493
2002-08-28,-0.013249008081273717
2002-08-29,-0.021179574983831162
2002-08-30,-0.007092863076080036
2002-09-03,-0.028477137317962753
2002-09-04,0.006718113477861554
2002-09-05,-0.0350688372157113
2002-09-06,0.04228576431061226
2002-09-09,-0.01370114686543844
2002-09-10,0.010584525286659652
2002-09-11,0.01856940853928113
2002-09-12,-0.02310187976940603
2002-09-13,-0.02569546932396438
2002-09-16,-0.0124527475363716
2002-09-17,0.024361873204585383
2002-09-18,-0.01634822705352912
2002-09-19,-0.0320120746362883
2002-09-20,0.016529750716968383
2002-09-23,-0.034783685410024745
2002-09-24,-0.03699730298966353
2002-09-25,0.034323649459322425
2002-09-26,0.02696193605604047
2002-09-27,-0.016139331976885885
2002-09-30,-0.00367109273463595
2002-10-01,0.011352722153229466
2002-10-02,-0.006626064696778844
2002-10-03,-0.04394480473840057
2002-10-04,0.005305756068427758
2002-10-07,-0.01847386759052394
2002-10-08,0.023365713619823092
2002-10-09,-0.013538738557704932
2002-10-10,0.005093907060689684
2002-10-11,0.05170142336456496
2002-10-14,-0.018290052025735637
2002-10-15,0.09843642852000878
2002-10-16,-0.0724512583871666
2002-10-17,0.1322032591644935
2002-10-18,-0.0074752798767065975
2002-10-21,0.011414793370889909
2002-10-22,-0.04989686103991131
2002-10-23,0.0030349453460845055
2002-10-24,0.006402253586436313
2002-10-25,-0.025014776405718586
2002-10-28,0.04738740920737783
2002-10-29,-0.007614120411559844
2002-10-30,0.015036234760315015
2002-10-31,0.02101829766858665
2002-11-01,-0.008011653382768769
2002-11-04,0.01629946564558149
2002-11-05,-0.0013828432223005338
2002-11-06,0.009229122430218561
2002-11-07,-0.010205890679829022
2002-11-08,-0.0002529395032165871
2002-11-11,-0.0008912760703364553
2002-11-12,0.003920168510231026
2002-11-13,-0.0075035683768067685
2002-11-14,0.014614351179521146
2002-11-15,-0.017060806055231525
2002-11-18,0.0020820433038850616
2002-11-19,-0.0007810543766526568
2002-11-20,0.0013082731649065593
2002-11-21,0.0006433593542471971
2002-11-22,-0.0040299521501634405
2002-11-25,-0.009198799507830535
2002-11-26,-0.005144261022983376
2002-11-27,0.010687128955337855
2002-11-29,0.009621381417972863
2002-12-02,0.015787497601706058
2002-12-03,0.003571775113748288
2002-12-04,-0.02887650741881931
2002-12-05,0.014902412512676877
2002-12-06,-0.014832702480095494
2002-12-09,-0.005408244350854852
2002-12-10,0.020778258266949123
2002-12-11,0.005409262725937447
2002-12-12,0.005650401398461069
2002-12-13,0.0021566666431749315
2002-12-16,0.002043097355366008
2002-12-17,-0.0022085191618612665
2002-12-18,-0.010930659738741744
2002-12-19,0.0012486640035809238
2002-12-20,0.012921940743001459
2002-12-23,0.0026684878592455608
2002-12-24,0.0002977321529444854
2002-12-26,-0.0008059275501951513
2002-12-27,-0.005844118790468311
2002-12-30,-0.007928665607438434
2002-12-31,-0.0030411981113139808
2003-01-02,0.024164070750700706
2003-01-03,0.008820470852558548
2003-01-06,0.006775781461614505
2003-01-07,0.02983548453653717
2003-01-08,-0.0045605713482320676
2003-01-09,0.006119056129215039
2003-01-10,-0.007573452514227363
2003-01-13,0.015525843574378806
2003-01-14,-0.0052830818039130145
2003-01-15,-0.007950995377417835
2003-01-16,-0.004086717562389652
2003-01-17,-0.013511618214263055
2003-01-21,0.006324495962552801
2003-01-22,-0.006301728400708084
2003-01-23,0.004076137581304762
2003-01-24,0.0015586276731649473
2003-01-27,-0.010616252710586749
2003-01-28,0.006506485942237683
2003-01-29,-0.01590771832884852
2003-01-30,0.0027727713957168554
2003-01-31,0.026491939020455657
2003-02-03,-0.005831843073960452
2003-02-04,-0.008769996864179674
2003-02-05,0.006161903337531527
2003-02-06,0.006194516613325041
2003-02-07,0.01461343410097471
2003-02-10,-0.006643712106195299
2003-02-11,-0.0026838539901168357
2003-02-12,-0.009756311493977932
2003-02-13,0.0023984419654732303
2003-02-14,0.0271876081957092
2003-02-18,0.026789937444878342
2003-02-19,0.013347018462398719
2003-02-20,0.002642989669993989
2003-02-21,0.0030716532904864202
2003-02-24,-0.010280772776385061
2003-02-25,-0.02187009861621525
2003-02-26,-0.015452567385134341
2003-02-27,0.0033949503916892443
2003-02-28,0.009610341062054495
2003-03-03,0.006724109286231572
2003-03-04,-0.0048216767792511606
2003-03-05,-0.0023210819574920327
2003-03-06,-0.006986808528387289
2003-03-07,-0.023256314667314593
2003-03-10,-0.007261298609174127
2003-03-11,0.0016535462275586443
2003-03-12,0.0018693992154146244
2003-03-13,0.027460093403606223
2003-03-14,0.007876203577325214
2003-03-17,-0.010730853943136442
2003-03-18,0.023696269994867514
2003-03-19,0.014890519268649038
2003-03-20,-0.003930930240346964
2003-03-21,0.028535947780245152
2003-03-24,-0.04793652676779969
2003-03-25,-0.0021607782768507944
2003-03-26,0.0019263790079697696
2003-03-27,-0.020128603319715888
2003-03-28,-0.010217954912294158
2003-03-31,-0.0248930140048238
2003-04-01,0.010082080692979556
2003-04-02,0.03857687688324618
2003-04-03,0.01406795564699137
2003-04-04,0.005423106654746546
2003-04-07,0.057064507945406184
2003-04-08,-0.0005040405712107843
2003-04-09,-0.0034891206187741552
2003-04-10,0.003201227133258433
2003-04-11,0.005984200243284166
2003-04-14,-0.008548056989970965
2003-04-15,-0.009671574011689277
2003-04-16,0.024073176023000187
2003-04-17,-0.011731659512353887
2003-04-21,0.01108781105720702
2003-04-22,0.004015114886592119
2003-04-23,0.007483587225286525
2003-04-24,-0.0035892706441069677
2003-04-25,-0.005411615416621052
2003-04-28,0.003231739910323217
2003-04-29,0.02394724817352878
2003-04-30,-0.03916609825235706
2003-05-01,-0.0034622978765919132
2003-05-02,0.004427393659031997
2003-05-05,0.012756011035372605
2003-05-06,-0.0037721514328675765
2003-05-07,-0.009487790675643981
2003-05-08,-0.008100765009601996
2003-05-09,0.04076225812934964
2003-05-12,0.003991268102703227
2003-05-13,-0.012939287028178592
2003-05-14,0.012363188104358658
2003-05-15,0.010171868631779102
2003-05-16,-0.004141648239430862
2003-05-19,-0.014466387873821596
2003-05-20,0.010910505623590305
2003-05-21,-0.03246119685264648
2003-05-22,0.018290865093350428
2003-05-23,0.009505084456290058
2003-05-27,-0.005839317993701187
2003-05-28,0.010374500230188044
2003-05-29,-0.0003492878800624988
2003-05-30,0.02388641417495374
2003-06-02,0.01138990019482522
2003-06-03,-0.017335019184382183
2003-06-04,-0.0020424561474500225
2003-06-05,-0.01773181021433734
2003-06-06,0.016882324737754084
2003-06-09,0.0012051094263192397
2003-06-10,0.00812441433924227
2003-06-11,-0.0018939032907696607
2003-06-12,0.015856521391787393
2003-06-13,-0.014423707096332006
2003-06-16,0.002025319058568842
2003-06-17,0.005585900077709649
2003-06-18,-0.012253938037422918
2003-06-19,-0.005465290900548925
2003-06-20,-0.01362976633079116
2003-06-23,-0.002508471090299058
2003-06-24,-0.0080330399189954
2003-06-25,-0.0006799197216407205
2003-06-26,0.004132856281683139
2003-06-27,0.008859362211957489
2003-06-30,0.006303148077603904
2003-07-01,-1.8220668350554803e-05
2003-07-02,0.014033096402239043
2003-07-03,-0.01391702137781703
2003-07-07,0.00702813015613124
2003-07-08,0.003177522643532882
2003-07-09,1.145274026015386e-05
2003-07-10,-0.02302497749025001
2003-07-11,0.0021702123991684807
2003-07-14,0.01837202448148001
2003-07-15,-0.004053264666727063
2003-07-16,0.010226299415373674
2003-07-17,-0.02417423158820675
2003-07-18,0.005836522758013274
2003-07-21,-0.00015362066954516251
2003-07-22,0.016628100748383057
2003-07-23,-0.009829528823207534
2003-07-24,0.01856157225035826
2003-07-25,0.03873869594483792
2003-07-28,0.004011418921720855
2003-07-29,0.005598123559282575
2003-07-30,-0.014007933607402268
2003-07-31,0.012613042976107103
2003-08-01,-0.0027415367802507973
2003-08-04,-0.0028620641926700996
2003-08-05,0.010422804209148984
2003-08-06,-0.00015796222885933187
2003-08-07,-0.008085201565832811
2003-08-08,-0.024190494894998027
2003-08-11,0.0008252333048741622
2003-08-12,0.0032822672413614917
2003-08-13,0.002401133722831572
2003-08-14,-0.006674882128311244
2003-08-15,0.0005359676473044583
2003-08-18,0.010794598562348767
2003-08-19,0.014044677258161498
2003-08-20,-0.018831921229295667
2003-08-21,0.01631314608038892
2003-08-22,0.03121024345021839
2003-08-25,0.00028730560562451046
2003-08-26,-0.0065664801524935035
2003-08-27,0.004353672520799545
2003-08-28,0.00814737086834283
2003-08-29,-0.004080170331871025
2003-09-02,0.006680041433887229
2003-09-03,0.003398470097274453
2003-09-04,-0.003284003898744614
2003-09-05,-0.0010970596495010199
2003-09-08,0.010236448170512169
2003-09-09,-0.008624621499108476
2003-09-10,-0.01964416205580166
2003-09-11,0.0023074662416691094
2003-09-12,-0.002600457815235546
2003-09-15,0.008831133732730923
2003-09-16,0.004872926428330704
2003-09-17,0.0013943875547715034
2003-09-18,-0.010232134621768751
2003-09-19,-0.0028727875684778637
2003-09-22,-0.03147202091150225
2003-09-23,0.00399468150685478
2003-09-24,0.0052294394070517836
2003-09-25,0.010793925441328511
2003-09-26,-0.009202597964915848
2003-09-29,0.01676364576567191
2003-09-30,-0.013247713483841461
2003-10-01,0.006522833543722184
2003-10-02,0.0007801612462847718
2003-10-03,0.04250650421587343
2003-10-06,0.00624578812812282
2003-10-07,-0.0004715111433203356
2003-10-08,0.004964819226090267
2003-10-09,0.019029135612072867
2003-10-10,0.009422495504696426
2003-10-13,0.005777935560125513
2003-10-14,-0.01320396671046542
2003-10-15,0.043629961163786035
2003-10-16,-0.012563379920814355
2003-10-17,0.00699772513260255
2003-10-20,0.002430051089544083
2003-10-21,0.008004414247805736
2003-10-22,-0.015814895839124654
2003-10-23,-0.020625791265529103
2003-10-24,-0.0015858824825986106
2003-10-27,0.018296215831543394
2003-10-28,0.026533027412745547
2003-10-29,-0.04865512373908032
2003-10-30,0.013273697869762069
2003-10-31,0.0026326528936948534
2003-11-03,0.017551489436047785
2003-11-04,-0.011410156204655797
2003-11-05,0.0006506494934801488
2003-11-06,0.009389863962657952
2003-11-07,0.003700598702228053
2003-11-10,-0.013727139655326792
2003-11-11,-0.0004189467973343408
2003-11-12,-0.002479856716609219
2003-11-13,-0.008613696365784573
2003-11-14,0.005614848031743502
2003-11-17,-0.013110890654267515
2003-11-18,0.010765264663613605
2003-11-19,0.003146716048116005
2003-11-20,-0.020448259694826
2003-11-21,0.016466477101030996
2003-11-24,0.010956203676036447
2003-11-25,0.008587895908141352
2003-11-26,0.005734872363356347
2003-11-28,-0.0007227657928122744
2003-12-01,0.012828279239230023
2003-12-02,0.003994261758895057
2003-12-03,0.011769619841726753
2003-12-04,0.005220420902807721
2003-12-05,-0.022414624182249376
2003-12-08,-0.0034814879271355403
2003-12-09,0.013075834017699073
2003-12-10,-0.0012052352223110852
2003-12-11,0.003281932136577126
2003-12-12,0.008303606509470818
2003-12-15,0.029732442906738266
2003-12-16,0.0015354040428026128
2003-12-17,-0.002760464282077879
2003-12-18,0.008447601108451996
2003-12-19,0.002829171761243421
2003-12-22,-0.004408201846362703
2003-12-23,-0.0009160822873832686
2003-12-24,-8.455856876388168e-05
2003-12-26,0.0021709911997678244
2003-12-29,0.007843676774279329
2003-12-30,0.004680203065837052
2003-12-31,0.005379616020404043
2004-01-02,0.01222918176538923
2004-01-05,0.012817597780376166
2004-01-06,-0.0009441589176248932
2004-01-07,0.007849115793699957
2004-01-08,0.019348748702189944
2004-01-09,-0.0076532532535635855
2004-01-12,0.008824338948644872
2004-01-13,0.005152249003894216
2004-01-14,0.018699380328984327
2004-01-15,-0.018064242939623387
2004-01-16,0.011776507071994402
2004-01-20,0.014191875523203334
2004-01-21,-0.01854626776867474
2004-01-22,-0.0029498483521681607
2004-01-23,0.00955864967354536
2004-01-26,0.0004480553488090955
2004-01-27,-0.0005197080682778354
2004-01-28,0.01111423057710681
2004-01-29,0.01072303384961626
2004-01-30,-0.0023158485784962046
2004-02-02,0.004728139932364206
2004-02-03,0.02830952746216764
2004-02-04,-0.018757823472500657
2004-02-05,0.01022175184631302
2004-02-06,0.002958592655369907
2004-02-09,0.010910697313903706
2004-02-10,0.006780878325981288
2004-02-11,0.012595530851076342
2004-02-12,0.022782500129092442
2004-02-13,0.015406752686438985
2004-02-17,0.024883106348394746
2004-02-18,-0.0007526809606187568
2004-02-19,0.02252991051472275
2004-02-20,-0.012187649155892544
2004-02-23,-0.0028811448740954093
2004-02-24,-0.03782173843787007
2004-02-25,0.007049555618271697
2004-02-26,-0.0007650179923420763
2004-02-27,0.012263630095658673
2004-03-01,-0.0022459571999644545
2004-03-02,-0.007000259814022081
2004-03-03,-0.008666168332381208
2004-03-04,0.007549103844379346
2004-03-05,-0.013042868728398882
2004-03-08,0.01805859417036282
2004-03-09,-0.004458763112740849
2004-03-10,-0.0004127996923972699
2004-03-11,-0.015596095849802039
2004-03-12,0.008873352581164173
2004-03-15,0.0006602085823528281
2004-03-16,0.016005436613812485
2004-03-17,0.011006116892132933
2004-03-18,0.001379012694685544
2004-03-19,1.0723807734480673e-05
2004-03-22,-0.010413878190265402
2004-03-23,0.015661294693829042
2004-03-24,-0.0034752663523698324
2004-03-25,0.011277330814074782
2004-03-26,-0.0016703729848331905
2004-03-29,0.029628386737329038
2004-03-30,-0.001659578535155637
2004-03-31,0.002345239069760696
2004-04-01,0.004065321102851627
2004-04-02,0.026680699445586153
2004-04-05,-0.020652734056447186
2004-04-06,-0.004480792517755239
2004-04-07,0.0036094573673308705
2004-04-08,0.0243719185389899
2004-04-12,0.003431173786792696
2004-04-13,0.006876144920530569
2004-04-14,-0.018689854931390748
2004-04-15,-0.0012756524539678793
2004-04-16,-0.020344951515789633
2004-04-19,0.0025586517113871388
2004-04-20,-0.016537270991076825
2004-04-21,-0.029771617080556645
2004-04-22,-0.000385038451486297
2004-04-23,0.010112694422560242
2004-04-26,0.0021658400961519497
2004-04-27,0.00800298698012103
2004-04-28,-0.03097311565304972
2004-04-29,-0.0018355011343254013
2004-04-30,0.0027995978382679976
2004-05-03,-0.0043577650596049455
2004-05-04,0.0074940693495368915
2004-05-05,0.006413778549412719
2004-05-06,-0.005283621171700226
2004-05-07,0.004758804350238011
2004-05-10,-0.01377005023849287
2004-05-11,0.01334859636811525
2004-05-12,-0.01039531018811335
2004-05-13,-0.007743683619165553
2004-05-14,0.004553488355602653
2004-05-17,-0.014456399559727329
2004-05-18,0.011796300380649383
2004-05-19,0.02470087887788419
2004-05-20,0.0002625291793543205
2004-05-21,0.013429668223047031
2004-05-24,0.010765000675612812
2004-05-25,0.0002467960063501362
2004-05-26,-0.0031136380490545124
2004-05-27,0.0084066383054211
2004-05-28,0.0023907342057531977
2004-06-01,-0.010569393253843429
2004-06-02,0.005902845996291761
2004-06-03,-0.007790423766521726
2004-06-04,0.021998720920772596
2004-06-07,0.011647546345387783
2004-06-08,-0.004844322695325642
2004-06-09,-0.004262303468152928
2004-06-10,0.010490957493462627
2004-06-14,-0.010627317589288032
2004-06-15,0.01970243221803636
2004-06-16,-0.006496496330550716
2004-06-17,-0.005407131253409969
2004-06-18,-0.008338797210170612
2004-06-21,0.004161570196938191
2004-06-22,0.005946781495169695
2004-06-23,0.003922872953963985
2004-06-24,0.0035343582232574278
2004-06-25,0.004245049430338321
2004-06-28,0.010649031672826936
2004-06-29,0.006386111812962003
2004-06-30,-0.0034016411314115036
2004-07-01,0.0026524757784289754
2004-07-02,-0.0025874328361352728
2004-07-06,-0.019547293204909
2004-07-07,0.0007832346118492595
2004-07-08,-0.00988168708962156
2004-07-09,0.006474724602030468
2004-07-12,-0.01719002285024107
2004-07-13,0.0053855648710758874
2004-07-14,-0.0316253544653875
2004-07-15,0.002006941032106191
2004-07-16,0.01734407197714627
2004-07-19,-0.0009442405678500299
2004-07-20,0.0033959981150593066
2004-07-21,0.012036721441118559
2004-07-22,-0.002145771988923628
2004-07-23,-0.011835269214650168
2004-07-26,0.006960187866584366
2004-07-27,0.002194025210907613
2004-07-28,-0.014137169182032339
2004-07-29,0.007531066263734898
2004-07-30,-0.001896109258087364
2004-08-02,-0.006813168028223404
2004-08-03,-0.005253833752475567
2004-08-04,-0.0055307058259567166
2004-08-05,0.00158060160475193
2004-08-06,-0.07041754707189463
2004-08-09,0.013517042810784474
2004-08-10,0.015069257787921009
2004-08-11,-0.032712673106466306
2004-08-12,-0.013586403090110055
2004-08-13,0.010512254106062047
2004-08-16,0.001399449738670011
2004-08-17,0.015319166417941954
2004-08-18,-0.007051734104288276
2004-08-19,-0.0028880626234228934
2004-08-20,-0.0003800203087178655
2004-08-23,0.009812702341350787
2004-08-24,0.009194894570621726
2004-08-25,0.0023042871996341585
2004-08-26,-0.00851038494850298
2004-08-27,0.0020643893670408975
2004-08-30,-0.0020798563885756627
2004-08-31,-0.004978113866949574
2004-09-01,0.0037221334245709503
2004-09-02,-0.0031825342323326122
2004-09-03,-0.026457609740420995
2004-09-07,0.013644969296934928
2004-09-08,-0.002464833023678503
2004-09-09,0.011317743129132696
2004-09-10,0.0009816382403735613
2004-09-13,0.017817792174753544
2004-09-14,-0.007102096092327481
2004-09-15,-0.015739764007131063
2004-09-16,0.007425992956970218
2004-09-17,0.0109789916648797
2004-09-20,-0.013374457804627204
2004-09-21,0.01376140413175353
2004-09-22,-0.0059396663154618334
2004-09-23,0.004718425842375362
2004-09-24,0.0037402470086422834
2004-09-27,-0.00853208973706443
2004-09-28,-0.002988452684350551
2004-09-29,-0.009083460409403554
2004-09-30,-6.57083651420809e-05
2004-10-01,0.01080864070616494
2004-10-04,0.014137049261528034
2004-10-05,-0.012965851310759446
2004-10-06,0.002932702211513538
2004-10-07,-0.0033621480894056033
2004-10-08,-0.009396750547651989
2004-10-11,-0.003679496142795058
2004-10-12,-0.025057916794787083
2004-10-13,0.02327040663857316
2004-10-14,-0.0020858465176096797
2004-10-15,0.009893842710680723
2004-10-18,-0.009215548266045426
2004-10-19,0.01663706508605256
2004-10-20,-0.0038799860981512113
2004-10-21,0.010583442505890162
2004-10-22,0.0034505507571538363
2004-10-25,-0.0038040508001518925
2004-10-26,0.019532107543761335
2004-10-27,0.037549414255016345
2004-10-28,-0.0009570597365633482
2004-10-29,-0.006855676837300595
2004-11-01,0.003745154416711305
2004-11-02,0.002770264618569218
2004-11-03,0.02342095454023685
2004-11-04,0.0007261147324844064
2004-11-05,0.006226316863048531
2004-11-08,0.002738830736395359
2004-11-09,-0.0028143191376632792
2004-11-10,0.0021601835316038542
2004-11-11,0.009785488508778029
2004-11-12,0.004516158489478617
2004-11-15,-0.002492592336374111
2004-11-16,-0.002094765305785118
2004-11-17,0.009278572841494137
2004-11-18,-0.0015433765527699261
2004-11-19,0.0073191424641276814
2004-11-22,-0.0062939991106190085
2004-11-23,-5.2269521901293636e-05
2004-11-24,0.004457344921329653
2004-11-26,0.007146623590935874
2004-11-29,0.005221879100463678
2004-11-30,-0.0013304604841626322
2004-12-01,0.011022783747627107
2004-12-02,-0.004282007313227143
2004-12-03,0.00825833274768284
2004-12-06,3.356601338677656e-05
2004-12-07,-0.0041604740611599356
2004-12-08,-0.0051299600983587545
2004-12-09,-0.005410054030815736
2004-12-10,0.0007317386076444166
2004-12-13,0.011814386805055088
2004-12-14,0.0037207707623427844
2004-12-15,-0.001478889678227846
2004-12-16,-0.005529453142163465
2004-12-17,-0.00380510965384262
2004-12-20,0.0033863648960354986
2004-12-21,0.006374795948384415
2004-12-22,-0.0004859260773084628
2004-12-23,0.011520512139158168
2004-12-27,0.00931048282302438
2004-12-28,0.0027653894119004097
2004-12-29,-0.00378716540116808
2004-12-30,0.0034449073413609366
2004-12-31,0.00259918026722894
2005-01-03,0.01893570260335853
2005-01-04,-0.0014046755433718694
2005-01-05,-0.0043170092387496695
2005-01-06,0.006318149921396232
2005-01-07,0.011676806543855944
2005-01-10,0.008962962791598805
2005-01-11,0.0014926382876192523
2005-01-12,0.008439675503721267
2005-01-13,-0.0009147135676280671
2005-01-14,0.008093168946648355
2005-01-18,-0.0015735913975579718
2005-01-19,0.004931893515871533
2005-01-20,-0.012310711575279853
2005-01-21,0.004535768995733269
2005-01-24,-0.005244227924799394
2005-01-25,0.005803706912251183
2005-01-26,0.007164821155820622
2005-01-27,0.0024192022803846136
2005-01-28,0.005752598680191623
2005-01-31,0.016982061773028745
2005-02-01,-0.00087864991379627
2005-02-02,0.03394451416454647
2005-02-03,-0.005185580839804915
2005-02-04,-0.0035925825603538852
2005-02-07,0.005258309829405228
2005-02-08,0.0018925036719925625
2005-02-09,-0.009754927488775267
2005-02-10,0.004354635609671531
2005-02-11,0.0020888258214788458
2005-02-14,0.0003240887061579656
2005-02-15,0.007771258347540666
2005-02-16,-0.0011303059613485544
2005-02-17,0.006246950156456377
2005-02-18,0.019427588073477775
2005-02-22,-0.004357292258197587
2005-02-23,0.007798979313279997
2005-02-24,-0.015290970640308266
2005-02-25,0.003657154153533959
2005-02-28,-0.0008361967222474398
2005-03-01,0.004977276084356497
2005-03-02,-0.0038367341861521576
2005-03-03,0.005732886187683528
2005-03-04,0.009672206540666473
2005-03-07,0.001539357907771599
2005-03-08,-0.010177511350952129
2005-03-09,-0.007950694299233119
2005-03-10,0.0026687511130516484
2005-03-11,0.005200342703524985
2005-03-14,0.017207508441713593
2005-03-15,0.004845368306309439
2005-03-16,-0.027896320073090286
2005-03-17,0.004501739693011153
2005-03-18,0.0185310502721181
2005-03-21,0.000695860604065901
2005-03-22,0.0033250870024290613
2005-03-23,-0.0037091762100717185
2005-03-24,0.004483177300704133
2005-03-28,0.004502093254287631
2005-03-29,0.0010582985394327338
2005-03-30,0.0031408833515809143
2005-03-31,-0.0002208624315023222
2005-04-01,0.00924907141093878
2005-04-04,-0.005250723908932109
2005-04-05,-0.00017376578813332877
2005-04-06,0.008932896712299465
2005-04-07,0.0012022991628706237
2005-04-08,0.003783926400770854
2005-04-11,0.005298164171559039
2005-04-12,-0.004300400173047669
2005-04-13,-0.010959134934272585
2005-04-14,0.007598786236121757
2005-04-15,-0.012949430902354675
2005-04-18,-0.001078577696356109
2005-04-19,0.01068784140529222
2005-04-20,0.011238940754281002
2005-04-21,0.018244180601868054
2005-04-22,-0.0013107783580598165
2005-04-25,0.013642915562201319
2005-04-26,0.0025513599309094914
2005-04-27,-0.008587395041105284
2005-04-28,-0.0033677621651554412
2005-04-29,-0.030011558924115778
2005-05-02,0.008966337547906544
2005-05-03,-0.003017025488302627
2005-05-04,0.0016436905438765859
2005-05-05,0.005531565169197172
2005-05-06,0.009315144137053588
2005-05-09,0.003572847951168523
2005-05-10,-0.004354175334752131
2005-05-11,0.005210404107805822
2005-05-12,-0.0008909186358537768
2005-05-13,0.02064882493856901
2005-05-16,-0.0012493488110957296
2005-05-17,-0.00551133603212739
2005-05-18,-0.0015059886710359072
2005-05-19,-0.0006095382075647082
2005-05-20,-0.00041637282332196435
2005-05-23,0.005395823071898231
2005-05-24,-0.00765630575402898
2005-05-25,-0.0007194026094515804
2005-05-26,0.00560787052620304
2005-05-27,-0.0014229460307236819
2005-05-31,-0.001119203559580395
2005-06-01,-0.002957358516631592
2005-06-02,0.0008528161528242872
2005-06-03,-0.0030856944294688216
2005-06-06,-0.01228623925247041
2005-06-07,-0.00588095016308976
2005-06-08,0.006428103220699866
2005-06-09,-0.0011066209310396369
2005-06-10,0.0015472647868501888
2005-06-13,-0.0036870228957012197
2005-06-14,0.0027920216148584753
2005-06-15,0.002335933362039855
2005-06-16,0.0034172977211837097
2005-06-17,0.004909976234767521
2005-06-20,-0.005458643202189695
2005-06-21,0.0006532608548981411
2005-06-22,0.006116364302205302
2005-06-23,0.005074538656263838
2005-06-24,-0.0006706927160293752
2005-06-27,-0.0017546112479813747
2005-06-28,0.0011115337611327103
2005-06-29,0.006193073944493532
2005-06-30,0.0020088346903883725
2005-07-01,0.000983988694817306
2005-07-05,-0.002572020434990163
2005-07-06,0.001747101646934146
2005-07-07,-0.013925292109643772
2005-07-08,0.002807539055235342
2005-07-11,0.0038462730570487658
2005-07-12,-0.00016758520294246626
2005-07-13,0.0030553530983725707
2005-07-14,0.008163933886503383
2005-07-15,0.0007233373269455168
2005-07-18,-0.0018435599193722396
2005-07-19,0.0073341787326117736
2005-07-20,-0.0037730473534852704
2005-07-21,-0.0041579494530967764
2005-07-22,-0.002356768842170287
2005-07-25,-0.00945261221536764
2005-07-26,0.030700603564647322
2005-07-27,0.0033048807505275946
2005-07-28,0.0012042730678671898
2005-07-29,0.0018222832633350006
2005-08-01,-0.0010046288336628129
2005-08-02,-0.0030417051992747135
2005-08-03,-0.003178418944000616
2005-08-04,-0.0034531269149814525
2005-08-05,-0.002234206574083575
2005-08-08,0.0056122033931456095
2005-08-09,0.025368108288498004
2005-08-10,-0.001679238394297844
2005-08-11,-0.0037893932642468764
2005-08-12,-0.0027104095145047413
2005-08-15,-0.002642930453298664
2005-08-16,0.0012103576026625262
2005-08-17,-0.00450975225246264
2005-08-18,-0.005921756285435675
2005-08-19,-0.0017979977249819035
2005-08-22,0.0010729848841983802
2005-08-23,-4.1535568354067465e-05
2005-08-24,-0.005468132710967133
2005-08-25,0.0047677616584334
2005-08-26,-0.010255588783861902
2005-08-29,-0.011353477924716415
2005-08-30,-6.049380104056201e-05
2005-08-31,0.003101835508152906
2005-09-01,-0.00278143197679781
2005-09-02,0.005230976036556534
2005-09-06,0.004948257344083329
2005-09-07,0.0017178944729254741
2005-09-08,0.0029766668396384866
2005-09-09,0.005123430970983334
2005-09-12,0.0030964821048720115
2005-09-13,-0.003001449654017607
2005-09-14,-0.0019816148694296043
2005-09-15,-0.0037353620313694824
2005-09-16,0.00437813615499838
2005-09-19,0.0014630849961676518
2005-09-20,0.0037808812305446526
2005-09-21,-0.0026994720788371396
2005-09-22,-0.0006401542059109033
2005-09-23,0.00048387631658686203
2005-09-26,0.0063967919632326176
2005-09-27,0.0036784805260687836
2005-09-28,0.007854532484030008
2005-09-29,0.00575863323057324
2005-09-30,0.0008334280160713359
2005-10-03,0.000536783799617524
2005-10-04,0.00658308745395586
2005-10-05,-0.0007992873789119948
2005-10-06,-0.0003608275695949903
2005-10-07,0.006056422616305346
2005-10-10,0.0075828644640298926
2005-10-11,0.005143538026960437
2005-10-12,0.0007510979922649152
2005-10-13,0.0033142126221483714
2005-10-14,0.01046354907544167
2005-10-17,0.002648788690367443
2005-10-18,0.0012250243529305926
2005-10-19,-0.010618300679411385
2005-10-20,-0.006350092815933572
2005-10-21,0.0071091303131454175
2005-10-24,0.004950131987701889
2005-10-25,-0.0015031300794067226
2005-10-26,-0.001966011064942652
2005-10-27,0.005801789396993273
2005-10-28,0.0077874185823478825
2005-10-31,-0.007147982749288628
2005-11-01,-0.005555108788062979
2005-11-02,0.002505236292438484
2005-11-03,0.013951531190634414
2005-11-04,-0.0010987200309995337
2005-11-07,0.0032435320856398775
2005-11-08,-0.004424158428100067
2005-11-09,0.0005529489603097737
2005-11-10,0.01002602543709652
2005-11-11,0.0020085113539565214
2005-11-14,-0.002527346612539949
2005-11-15,0.006651066345685797
2005-11-16,-0.005565363463201467
2005-11-17,0.0030515381359719207
2005-11-18,0.007109470058505929
2005-11-21,0.007069523973576963
2005-11-22,0.004340261586009753
2005-11-23,0.0030783497004376326
2005-11-25,0.005307352071750371
2005-11-28,0.002616839141595273
2005-11-29,-0.013798850964458098
2005-11-30,-0.002615222104191517
2005-12-01,0.011331150809847701
2005-12-02,0.004864777866341319
2005-12-05,-0.005310455082291554
2005-12-06,0.005207275555431989
2005-12-07,0.002514850966123916
2005-12-08,-0.0008459784603345177
2005-12-09,0.004282123482733713
2005-12-12,0.008507787364911978
2005-12-13,-0.0014234887198046886
2005-12-14,-0.007663472753386746
2005-12-15,0.001298405828764393
2005-12-16,0.004904857425005904
2005-12-19,0.001582903900635646
2005-12-20,4.5333257155277806e-05
2005-12-21,0.003849037516993281
2005-12-22,-0.0033839560765993593
2005-12-23,0.0017262759369560676
2005-12-27,0.002400020689321325
2005-12-28,0.00181990461150483
2005-12-29,-0.0026748286502895624
2005-12-30,-0.006182503750449708
2006-01-03,0.013815720996573466
2006-01-04,0.0036369787077055182
2006-01-05,0.004628833669661603
2006-01-06,0.0026000980467979495
2006-01-09,0.007377836025232787
2006-01-10,0.0024748258937614676
2006-01-11,0.009518268893862869
2006-01-12,0.01068227403886457
2006-01-13,0.00671086204571969
2006-01-17,-0.017155075741225434
2006-01-18,-0.015959782990091265
2006-01-19,0.030817326031128855
2006-01-20,-0.001768175237011893
2006-01-23,0.0073024676740043315
2006-01-24,0.0074302210270600355
2006-01-25,0.016807921498688705
2006-01-26,0.012473400671383805
2006-01-27,0.01409288656039731
2006-01-30,-0.003758377047939465
2006-01-31,0.0032392304808324113
2006-02-01,-0.005948651449011133
2006-02-02,-0.0009442072135902313
2006-02-03,-0.001590878372337623
2006-02-06,0.008632493184757228
2006-02-07,0.008754078676243227
2006-02-08,0.006881897970397732
2006-02-09,0.005634860117550655
2006-02-10,-0.0012699852694794123
2006-02-13,-0.00595459980251567
2006-02-14,0.006040579509078103
2006-02-15,-0.0024748662244705733
2006-02-16,0.006508125974688417
2006-02-17,-0.007605520475586158
2006-02-21,0.004763827731341763
2006-02-22,0.0006855131106051626
2006-02-23,0.0004203711399211052
2006-02-24,0.004508684594087375
2006-02-27,0.005924112944950988
2006-02-28,0.0017036208779677153
2006-03-01,0.0037309200025279488
2006-03-02,-0.0004925784199379946
2006-03-03,0.0002515259016748761
2006-03-06,0.0028421238882709865
2006-03-07,-0.002559488970083401
2006-03-08,-0.008120367924639216
2006-03-09,-0.00021865317128044737
2006-03-10,0.0019912689977052977
2006-03-13,0.0018328865549526174
2006-03-14,-0.0022183901068587586
2006-03-15,0.005432790513682395
2006-03-16,0.008491728330615622
2006-03-17,0.0007999682349966175
2006-03-20,0.004422801582973479
2006-03-21,-0.026410713336472047
2006-03-22,-0.0071486548588542975
2006-03-23,0.0071635597363570724
2006-03-24,-0.00013807563790058097
2006-03-27,0.0006123612790505106
2006-03-28,-0.001395923308343594
2006-03-29,0.004935800258986767
2006-03-30,0.002530911715831863
2006-03-31,0.01056272955211024
2006-04-03,0.004004589519591706
2006-04-04,-0.001723942039317361
2006-04-05,-0.005486610112204304
2006-04-06,-0.0001618814989405859
2006-04-07,0.00838921265305781
2006-04-10,0.0034108592437571694
2006-04-11,0.0023168764027026167
2006-04-12,0.005870653825065242
2006-04-13,-0.006377318164444201
2006-04-17,0.0019899714262949786
2006-04-18,-0.0018375926423107591
2006-04-19,-0.0020030106533088787
2006-04-20,-0.0008045935681330052
2006-04-21,0.005384263236654752
2006-04-24,0.0039938038604923065
2006-04-25,-0.0012189264969317826
2006-04-26,0.011343534719951975
2006-04-27,-0.009940095948235639
2006-04-28,0.03788773111828103
2006-05-01,0.009188660425439643
2006-05-02,0.007657877175153205
2006-05-03,-0.0036065728475763725
2006-05-04,-0.001175579457086906
2006-05-05,0.007979912934076072
2006-05-08,-0.0013669502973762127
2006-05-09,-0.005861392255364528
2006-05-10,-0.005476402890377319
2006-05-11,0.00321226082764281
2006-05-12,-0.01076906186708837
2006-05-15,-0.002853923743680764
2006-05-16,0.004660726438235896
2006-05-17,-0.00017027973573557897
2006-05-18,0.005096575798337888
2006-05-19,0.02694507934287671
2006-05-22,-0.009201982041339707
2006-05-23,0.02448797604046704
2006-05-24,0.005842755168360636
2006-05-25,0.009794832010579846
2006-05-26,0.0012215782517706053
2006-05-30,-0.0009177332127873195
2006-05-31,0.00969676605086156
2006-06-01,0.0006741444125355489
2006-06-02,0.005385686966355108
2006-06-05,-0.0021387497169266245
2006-06-06,0.0012866665827862
2006-06-07,0.0032180801336614273
2006-06-08,-0.007004500377505329
2006-06-09,0.006993532863955432
2006-06-12,-9.876668599273497e-05
2006-06-13,-0.001959874357055136
2006-06-14,0.011489749790962955
2006-06-15,0.016852720621500117
2006-06-16,-0.0025470948039485464
2006-06-19,0.006692245515588446
2006-06-20,-0.007694273336120383
2006-06-21,0.0022899806773246656
2006-06-22,0.0014020794520352986
2006-06-23,0.0006168759087386011
2006-06-26,0.002635204945115932
2006-06-27,0.0019185635220166919
2006-06-28,0.002755872976818452
2006-06-29,-0.0073785499593236326
2006-06-30,0.004235662445543742
2006-07-03,0.005215237416195784
2006-07-05,-0.011086333664614645
2006-07-06,0.003559780576897209
2006-07-07,-0.014409710306482415
2006-07-10,0.004681177273604398
2006-07-11,-0.005490775844775642
2006-07-12,-0.0032433076948465978
2006-07-13,-0.011003350044936244
2006-07-14,0.005760485428171425
2006-07-17,-0.005758584034373793
2006-07-18,0.009385402365003293
2006-07-19,0.004560830502596147
2006-07-20,0.010936146050481987
2006-07-21,-0.033679337918081864
2006-07-24,0.0036070091304492014
2006-07-25,0.004894876759428124
2006-07-26,-0.0031058086555219022
2006-07-27,0.00880801963394795
2006-07-28,-0.0031644045122029008
2006-07-31,-0.006212091921390606
2006-08-01,-0.0039579972506371686
2006-08-02,0.010603696789242223
2006-08-03,-0.0053976214599843475
2006-08-04,0.013608381519262025
2006-08-07,-0.008138163259782893
2006-08-08,0.00189959803990436
2006-08-09,0.016648748078740505
2006-08-10,-0.005068599509646776
2006-08-11,-0.019869120538899887
2006-08-14,0.002407408994828719
2006-08-15,0.020943637879922594
2006-08-16,0.010923043840471713
2006-08-17,-0.0007529076084968889
2006-08-18,-0.006805049050232825
2006-08-21,-0.00842050705359676
2006-08-22,-0.0002690168214918298
2006-08-23,0.003048395774435164
2006-08-24,0.005543559530215791
2006-08-25,-0.004083329642655675
2006-08-28,0.0035755457218500375
2006-08-29,0.004666050515093945
2006-08-30,0.0021611303838953155
2006-08-31,-0.00015255366349464783
2006-09-01,-0.0012386452875405851
2006-09-05,0.001438043661179389
2006-09-06,-0.008505589324035445
2006-09-07,-0.0027319115242088188
2006-09-08,0.0057180379892383115
2006-09-11,-0.008010779072753937
2006-09-12,-0.0019224048361936585
2006-09-13,0.0027903849717780815
2006-09-14,0.005421030464206833
2006-09-15,0.00026946662577098657
2006-09-18,0.003280146988765331
2006-09-19,0.0010407403285435102
2006-09-20,0.010391474570953019
2006-09-21,0.003342704795824769
2006-09-22,-0.0021244229421678584
2006-09-25,0.008148984420038197
2006-09-26,0.0021461552292543207
2006-09-27,-0.0007529848138845274
2006-09-28,-0.0019159671112517485
2006-09-29,0.000689874545815039
2006-10-02,-0.0017462757529491668
2006-10-03,-0.00960330787471586
2006-10-04,-0.0015223748488447653
2006-10-05,-0.004197968607346891
2006-10-06,-0.019391179009364712
2006-10-09,-0.002913021142358474
2006-10-10,0.004286754255387715
2006-10-11,0.001742111361083376
2006-10-12,0.007051386379814062
2006-10-13,0.0020979223384549606
2006-10-16,0.003929791771325908
2006-10-17,-0.008226300248593499
2006-10-18,0.007083033471650069
2006-10-19,0.010032380251827622
2006-10-20,0.0011235477852997722
2006-10-23,-0.0051200949553289465
2006-10-24,-0.004778363237339489
2006-10-25,-0.0038653431765717228
2006-10-26,-0.009618806170294314
2006-10-27,-0.004623957854590355
2006-10-30,-0.0055795398767989335
2006-10-31,-0.0061112918641774705
2006-11-01,0.008622314497590988
2006-11-02,-0.004031852082755916
2006-11-03,0.0021169660279556357
2006-11-06,0.002955059459673226
2006-11-07,0.0008592883997970979
2006-11-08,-0.009495646094736632
2006-11-09,0.004948393594923717
2006-11-10,-0.002884040444824154
2006-11-13,-0.002389977118201214
2006-11-14,-0.006159269535065182
2006-11-15,0.0026578621984936213
2006-11-16,0.006391738387074408
2006-11-17,-0.0016153818978545953
2006-11-20,-0.0030448589417083616
2006-11-21,-0.0023534363464143837
2006-11-22,0.0006108192945823987
2006-11-24,-0.007334781993783679
2006-11-27,-0.010127874888485766
2006-11-28,0.00044785124939394905
2006-11-29,0.00615146164316549
2006-11-30,-0.0013222659051552732
2006-12-01,-0.0032841205939497797
2006-12-04,0.007603857998885966
2006-12-05,-0.0011842331687832441
2006-12-06,-0.0009625924226766003
2006-12-07,0.0024757522435998602
2006-12-08,-0.001480931045356737
2006-12-11,0.0006623332122952519
2006-12-12,-0.0030855060024149727
2006-12-13,0.010509535820204752
2006-12-14,0.002305214598341987
2006-12-15,0.005126174497646074
2006-12-18,-0.0022645940193687375
2006-12-19,-0.007211802191623096
2006-12-20,7.828421083355686e-05
2006-12-21,0.0013887778694749997
2006-12-22,0.0005604670592547212
2006-12-26,0.0018281393128947165
2006-12-27,-0.0036940483381003864
2006-12-28,-0.003724330738553605
2006-12-29,0.006771970636692437
2007-01-03,0.004724344326121566
2007-01-04,0.00015724189410160072
2007-01-05,-0.0064433402473775825
2007-01-08,0.003532241484980325
2007-01-09,0.003775285273030171
2007-01-10,-0.0008345019075106652
2007-01-11,-0.0005641436665374533
2007-01-12,-0.0053756212039483
2007-01-16,0.001139406494641948
2007-01-17,-0.003265526836526589
2007-01-18,-0.0078103763872146015
2007-01-19,-0.003782832991736096
2007-01-22,0.00342458900844278
2007-01-23,-0.004764954161889712
2007-01-24,0.007601736413779703
2007-01-25,0.00424905301681755
2007-01-26,0.002371558565649856
2007-01-29,0.0009921350466288725
2007-01-30,0.0330878754552959
2007-01-31,-0.005179625244374431
2007-02-01,-0.007756570591216927
2007-02-02,-0.000621911464579239
2007-02-05,-0.00537317034037299
2007-02-06,-0.0092383891749247
2007-02-07,0.012541506334414754
2007-02-08,-0.0018153046079038004
2007-02-09,0.0005586558344676806
2007-02-12,0.007840488543017443
2007-02-13,0.019229217257503484
2007-02-14,0.0004214871907433082
2007-02-15,0.0011407063686017516
2007-02-16,-0.0007512879488160706
2007-02-20,-0.0028012916942925514
2007-02-21,-0.006701042510941391
2007-02-22,0.0038088853817881407
2007-02-23,2.427647063174554e-05
2007-02-26,0.002730693468653289
2007-02-27,-0.016138432612358034
2007-02-28,-0.0019202633843268258
2007-03-01,-0.02527708415236951
2007-03-02,-0.007413781031957334
2007-03-05,-0.019755267060450388
2007-03-06,0.015549349547866465
2007-03-07,-0.004330244249370008
2007-03-08,0.013243356218066271
2007-03-09,0.007093448847583783
2007-03-12,-0.003780049588197998
2007-03-13,-0.00974295712022677
2007-03-14,0.006023505714521926
2007-03-15,-0.0005615530909999222
2007-03-16,0.0031052526101551514
2007-03-19,0.0021008087090161887
2007-03-20,-0.0033657945242087095
2007-03-21,0.009193247516675163
2007-03-22,0.0020344921376387326
2007-03-23,-0.0021904692517479285
2007-03-26,0.0007505361740895999
2007-03-27,-0.0059326614729813265
2007-03-28,-0.005930546705855466
2007-03-29,0.011096362066326915
2007-03-30,0.003024456980802004
2007-04-02,0.0018628787059313812
2007-04-03,0.0021833069437056096
2007-04-04,-0.00030139912930915447
2007-04-05,0.005150673362049885
2007-04-09,0.00798541165684874
2007-04-10,-0.0018283600875743655
2007-04-11,0.00030589001127667714
2007-04-12,-0.009105345390658548
2007-04-13,0.001908759568221008
2007-04-16,0.0029028175040255455
2007-04-17,0.004946881020609251
2007-04-18,0.006585595570921088
2007-04-19,-0.0071111581057669015
2007-04-20,0.014390717996660474
2007-04-23,-0.0059452811746144585
2007-04-24,0.003308767031526605
2007-04-25,-0.0011443877354281318
2007-04-26,0.0003563318279640182
2007-04-27,-0.007223082430513839
2007-04-30,0.0013206367112221784
2007-05-01,0.005810110543816194
2007-05-02,-0.0017913528821148494
2007-05-03,0.0024476804632678206
2007-05-04,0.01433392742089823
2007-05-07,0.0009379512842850879
2007-05-08,-0.007398356774420356
2007-05-09,-0.005034786700522931
2007-05-10,-0.004555582467236197
2007-05-11,0.001032454377541736
2007-05-14,0.002004352006329091
2007-05-15,-0.0002592168452933974
2007-05-16,0.0022113816985900314
2007-05-17,0.004418435753820171
2007-05-18,0.006975007333950067
2007-05-21,0.005227603103046485
2007-05-22,0.0011093290633426012
2007-05-23,-0.012327180823500372
2007-05-24,-0.002277816257611809
2007-05-25,0.0031853004181543465
2007-05-29,0.0011256602736218202
2007-05-30,-0.007167982065892531
2007-05-31,0.0045744814863799554
2007-06-01,0.0054710125792745146
2007-06-04,-0.005250698674794441
2007-06-05,-0.00010150218201876449
2007-06-06,-0.003382084645535244
2007-06-07,-0.005186245176055815
2007-06-08,0.000745702880310839
2007-06-11,0.0030616565258216877
2007-06-12,-0.007668345495381201
2007-06-13,0.004992550236692761
2007-06-14,0.006234507411357004
2007-06-15,0.015823696348190364
2007-06-18,0.00591969094544309
2007-06-19,0.003468432584329051
2007-06-20,0.006096397567527445
2007-06-21,-0.002788187983250645
2007-06-22,0.010928481669487677
2007-06-25,0.006900174070120668
2007-06-26,0.006590496439926596
2007-06-27,-0.008472442581940798
2007-06-28,0.007902151878721675
2007-06-29,0.02312147719663149
2007-07-02,0.00476168712692826
2007-07-03,0.0022300499352498893
2007-07-05,0.0031257285935077928
2007-07-06,-0.0008205864143342456
2007-07-09,0.0007974810193367432
2007-07-10,-0.0018300006381576361
2007-07-11,-6.0252531575266666e-05
2007-07-12,0.005294878680956794
2007-07-13,-0.0018773315874905938
2007-07-16,0.0022501669428149906
2007-07-17,0.0029760418647750697
2007-07-18,-0.008054712144613507
2007-07-19,0.01281924708726212
2007-07-20,-0.0006634810412983194
2007-07-23,0.025782325496265246
2007-07-24,-0.021444872465448683
2007-07-25,0.04058856917150244
2007-07-26,-0.00014768955404509398
2007-07-27,0.001208980039943297
2007-07-30,0.006185602102597665
2007-07-31,0.01755387550063392
2007-08-01,-0.0032604992179611214
2007-08-02,-0.004115512487389061
2007-08-03,-0.041483687808359204
2007-08-06,0.00959137369172125
2007-08-07,-0.0034801631649760134
2007-08-08,-0.008498755628446486
2007-08-09,-0.02550744808511962
2007-08-10,-0.032451368167239036
2007-08-13,0.018807812852561945
2007-08-14,0.0014161519345519125
2007-08-15,-0.0042499607773314185
2007-08-16,-0.01212765919412051
2007-08-17,0.05141388307057637
2007-08-20,0.00707867778527782
2007-08-21,-0.0019262566365704226
2007-08-22,0.01745173082168816
2007-08-23,0.005917749921741766
2007-08-24,-0.004974310692358097
2007-08-27,-0.004969316043593186
2007-08-28,-0.008699621127079116
2007-08-29,0.012872745300741562
2007-08-30,-0.0026064188529850707
2007-08-31,0.02027360586194038
2007-09-04,0.011011697060761882
2007-09-05,-0.004465803771818155
2007-09-06,0.012715708924253555
2007-09-07,-0.021944825836553217
2007-09-10,0.015984701857788775
2007-09-11,0.008808524573413967
2007-09-12,0.0017775722329702592
2007-09-13,0.01451154185388348
2007-09-14,-0.007824271952382222
2007-09-17,0.003871182420427388
2007-09-18,0.006613792057090562
2007-09-19,0.013348065177261503
2007-09-20,0.0015947367629545184
2007-09-21,0.008579982778649464
2007-09-24,0.00849718554642065
2007-09-25,-0.008589487308526156
2007-09-26,0.005739826837130257
2007-09-27,0.01070939111556135
2007-09-28,-0.0010321713859906545
2007-10-01,0.005985292776233386
2007-10-02,0.0014044367074050879
2007-10-03,-0.006921402084641981
2007-10-04,-0.0028966215654563365
2007-10-05,0.006722595211132498
2007-10-08,0.008102323827394953
2007-10-09,0.005268328395112931
2007-10-10,-0.004494888572084577
2007-10-11,0.004002342311017371
2007-10-12,0.004600552501946131
2007-10-15,0.002948715044393868
2007-10-16,-0.01145034492558894
2007-10-17,0.032960332141191095
2007-10-18,-0.009031421740271495
2007-10-19,0.001692371039563545
2007-10-22,-0.0016207257941253106
2007-10-23,0.03571105422972387
2007-10-24,-0.013086925646832337
2007-10-25,-0.003048139067904132
2007-10-26,0.010219516838058995
2007-10-29,-0.00391208379622765
2007-10-30,-0.0008911000826049564
2007-10-31,0.0013534781023321063
2007-11-01,-0.015254654485933328
2007-11-02,0.012674252395237895
2007-11-05,-0.010456533005728796
2007-11-06,0.006332753534393998
2007-11-07,-0.008671193821006007
2007-11-08,0.000667951385864507
2007-11-09,-0.0051441921533138535
2007-11-12,-0.00040958667633395063
2007-11-13,0.013816273361043852
2007-11-14,0.012233600790939603
2007-11-15,-0.006293939140007421
2007-11-16,0.005865506665331255
2007-11-19,-0.01025100147166147
2007-11-20,0.010664609118463009
2007-11-21,-0.006232256711774631
2007-11-23,0.009437198314296236
2007-11-26,0.005705845332357962
2007-11-27,0.008125561396904235
2007-11-28,0.012398688330191199
2007-11-29,-0.006887167060430244
2007-11-30,0.02184053161249655
2007-12-03,0.006798692726027067
2007-12-04,-0.00521758331144917
2007-12-05,0.024391363629505225
2007-12-06,-0.002515197352650045
2007-12-07,-0.00033861194966233743
2007-12-10,-0.0005032958835555768
2007-12-11,0.006105054227123041
2007-12-12,0.02662912559096653
2007-12-13,-0.0037506458860815384
2007-12-14,-0.006646598971051132
2007-12-17,-0.005329610183050337
2007-12-18,0.014104879066114018
2007-12-19,5.169568934393354e-05
2007-12-20,0.009302299007103665
2007-12-21,0.0019409806905639204
2007-12-24,0.0006527864316532295
2007-12-26,-0.001017761884165913
2007-12-27,-0.0026020806839185395
2007-12-28,0.004705984247525663
2007-12-31,-0.005615296370925171
2008-01-02,0.0003446788180043736
2008-01-03,0.0019272782059271965
2008-01-04,-0.01199780743389045
2008-01-07,0.00623643753014913
2008-01-08,0.00942986177071048
2008-01-09,0.004151417315625405
2008-01-10,-0.017738345740261008
2008-01-11,-0.007011094134517615
2008-01-14,0.028296121937133822
2008-01-15,-0.021467140163631493
2008-01-16,-0.04961230430096053
2008-01-17,0.008228954932452348
2008-01-18,0.022086514352314124
2008-01-22,-0.06473979515579398
2008-01-23,-0.03442439933750008
2008-01-24,0.018532463282565637
2008-01-25,0.01678921154709556
2008-01-28,-0.001337960882817013
2008-01-29,0.006160849617117048
2008-01-30,-0.008206338508462419
2008-01-31,-0.02401790651210456
2008-02-01,0.011738373967876026
2008-02-04,-0.02116528406214202
2008-02-05,-0.012595793364287289
2008-02-06,0.007718075494678178
2008-02-07,-0.0209028005021743
2008-02-08,-0.00411683343066116
2008-02-11,0.004250751767331806
2008-02-12,0.009122393367673842
2008-02-13,0.015320403593884535
2008-02-14,-0.0075282218653327515
2008-02-15,-0.004960902092302377
2008-02-19,0.02621223055504296
2008-02-20,-0.011400998956115238
2008-02-21,0.00983311392225561
2008-02-22,0.0047108914671616375
2008-02-25,-0.003089897898895022
2008-02-26,-0.0045136145523715365
2008-02-27,-0.007692434327228881
2008-02-28,-0.010126012079351265
2008-02-29,-0.013289186820991561
2008-03-03,-0.0028272413169704302
2008-03-04,-0.016468188641927783
2008-03-05,0.010178632526989473
2008-03-06,-0.0029925637898620128
2008-03-07,-0.007065055524779873
2008-03-10,0.0024133773636396683
2008-03-11,0.022729302606583346
2008-03-12,0.002130401951070615
2008-03-13,-0.017024262210849517
2008-03-14,0.00706847160248647
2008-03-17,-0.027199283838795774
2008-03-18,0.014993801764603631
2008-03-19,-0.011172681564838527
2008-03-20,0.0051922386861757985
2008-03-24,0.010023763294351395
2008-03-25,0.0059655136295471145
2008-03-26,-0.006785890257149041
2008-03-27,0.006889084984362581
2008-03-28,0.013999723012250831
2008-03-31,0.0038911925192308683
2008-04-01,0.019852295505291107
2008-04-02,0.0036890416794630454
2008-04-03,-0.0004247057707219559
2008-04-04,-0.004655807819747837
2008-04-07,0.011801821891437081
2008-04-08,-0.02644797224602402
2008-04-09,0.0030872948178850557
2008-04-10,0.0030919119235737202
2008-04-11,-0.014017554041339308
2008-04-14,0.0008858639803346335
2008-04-15,0.007253291949840479
2008-04-16,0.025410657433235784
2008-04-17,-0.013007586597096998
2008-04-18,0.019486939522080027
2008-04-21,-0.007055508735376859
2008-04-22,-0.006013126929350299
2008-04-23,0.013010119977986623
2008-04-24,-0.002369766521319927
2008-04-25,0.008063830238754566
2008-04-28,-0.005291056440572484
2008-04-29,-0.0024115188962027245
2008-04-30,0.007337456181344182
2008-05-01,0.003918086519729025
2008-05-02,0.007077042601866701
2008-05-05,0.0007284209076963144
2008-05-06,0.0005900462536732043
2008-05-07,0.006303886389381619
2008-05-08,0.004456581344306487
2008-05-09,0.019796924697581098
2008-05-12,-0.0001632163157669897
2008-05-13,0.00024472897191429865
2008-05-14,-0.015434348016474475
2008-05-15,0.002306658005051032
2008-05-16,0.0044501973786037485
2008-05-19,-0.0020544871850713964
2008-05-20,-0.009052951863145808
2008-05-21,-0.0003929459461754492
2008-05-22,0.0006871216441157735
2008-05-23,-0.008714494258643457
2008-05-27,0.0017457958650601846
2008-05-28,0.008893838150219269
2008-05-29,-0.0012478915085334386
2008-05-30,0.0013657438854415282
2008-06-02,0.004161338214329291
2008-06-03,-0.002402324828997271
2008-06-04,-0.0028410886505796373
2008-06-05,-0.0030205528517676106
2008-06-06,-0.006694864422556734
2008-06-09,-8.905147228044363e-05
2008-06-10,-0.010057201470766164
2008-06-11,-0.0121178643277835
2008-06-12,0.010237985098182412
2008-06-13,0.008575976521555617
2008-06-16,-0.007212521274811867
2008-06-17,0.0016894623812861997
2008-06-18,-0.0036470068522661547
2008-06-19,-0.00013722387641545986
2008-06-20,-0.0033069084086332357
2008-06-23,0.004865136652173474
2008-06-24,-0.007762019671938791
2008-06-25,0.006614238763653413
2008-06-26,-0.014040202823352055
2008-06-27,-0.0035846465442499476
2008-06-30,-7.96449024607071e-05
2008-07-01,-0.00917706126160045
2008-07-02,0.0
2008-07-03,0.0
2008-07-07,0.0
2008-07-08,0.0
2008-07-09,0.0
2008-07-10,0.0
2008-07-11,0.0
2008-07-14,0.0
2008-07-15,0.0
2008-07-16,0.0
2008-07-17,0.0
2008-07-18,0.0
2008-07-21,0.0
2008-07-22,0.0
2008-07-23,0.0
2008-07-24,0.0
2008-07-25,0.0
2008-07-28,0.0
2008-07-29,0.0
2008-07-30,0.0
2008-07-31,0.0
2008-08-01,0.0
2008-08-04,-0.002943839317110175
2008-08-05,0.002390422128927261
2008-08-06,-0.0014822387566316708
2008-08-07,-0.008569342847698058
2008-08-08,-0.0020392934925177464
2008-08-11,-0.0028234627643484167
2008-08-12,0.007804256307665014
2008-08-13,0.01714393614917209
2008-08-14,-0.008525729446801522
2008-08-15,0.008910220840840033
2008-08-18,0.00028743948403664454
2008-08-19,-0.01707978262574561
2008-08-20,0.009265195363575174
2008-08-21,-0.006438069633417531
2008-08-22,0.008199177863218221
2008-08-25,0.0005157719683679396
2008-08-26,0.006266768708933279
2008-08-27,-0.003274650712173921
2008-08-28,0.006940262654398621
2008-08-29,-0.012228765147728193
2008-09-02,0.020029716066947367
2008-09-03,-0.006821165433520959
2008-09-04,-0.012425365943003919
2008-09-05,-0.015823481865241074
2008-09-08,0.02180482016808649
2008-09-09,-0.0033147069984100774
2008-09-10,0.007560480570814043
2008-09-11,-0.032936709242107565
2008-09-12,-0.011012319354211875
2008-09-15,-0.0360950742704087
2008-09-16,-0.03353074401838352
2008-09-17,-0.021885576235101678
2008-09-18,0.01757738801476072
2008-09-19,0.06497765349447482
2008-09-22,-0.011553596897825091
2008-09-23,-0.0016598095028657056
2008-09-24,0.007747398763891855
2008-09-25,0.01009636431123817
2008-09-26,-0.03329374978494337
2008-09-29,-0.02869992871731797
2008-09-30,0.039291869004209445
2008-10-01,-0.02866007639394652
2008-10-02,-0.010202972162733581
2008-10-03,0.017940466001911348
2008-10-06,-0.030712853096094284
2008-10-07,0.07096756595881493
2008-10-08,-0.008960239884668209
2008-10-09,0.03176101934868991
2008-10-10,-0.042831716571190115
2008-10-13,0.07700696814533803
2008-10-14,0.028737720408303913
2008-10-15,-0.014802307666292536
2008-10-16,0.018480230760798744
2008-10-17,-0.00917703651265267
2008-10-20,0.01913526546863431
2008-10-21,-0.02459882817443737
2008-10-22,-0.015483633625390847
2008-10-23,0.00273298502356778
2008-10-24,-0.0845678617555472
2008-10-27,-0.008889648154462582
2008-10-28,0.040531590188476185
2008-10-29,-0.003845526195497384
2008-10-30,0.043854878195283886
2008-10-31,-0.03116490745970968
2008-11-03,0.006184251440033206
2008-11-04,0.032660286691643
2008-11-05,-0.03311834511144973
2008-11-06,-0.023806240221266317
2008-11-07,0.04538456528022494
2008-11-10,0.031892796139919355
2008-11-11,-0.01416264953551405
2008-11-12,-0.030013200462765233
2008-11-13,-0.0014640631197366805
2008-11-14,-0.03176700322949455
2008-11-17,0.002422785629334623
2008-11-18,0.022187675613296376
2008-11-19,-0.007302240501141255
2008-11-20,-0.00802585473657036
2008-11-21,0.04394265025627786
2008-11-24,0.03476145478342785
2008-11-25,0.029791702243635143
2008-11-26,-0.0012898805055279183
2008-11-28,-0.007639289616352962
2008-12-01,-0.032813310348748126
2008-12-02,0.025265841763071784
2008-12-03,-0.03400610975574658
2008-12-04,-0.028240614276450526
2008-12-05,-0.014862078182386607
2008-12-08,0.02581676417050227
2008-12-09,-0.011370808838537805
2008-12-10,0.02229559023384997
2008-12-11,-0.0066144497699855975
2008-12-12,-0.0281380223867298
2008-12-15,0.007477181297749214
2008-12-16,0.011863609782555962
2008-12-17,-0.02208046542252362
2008-12-18,0.006991480803430594
2008-12-19,0.027175407213248404
2008-12-22,-0.01192410065972882
2008-12-23,0.014722258754903628
2008-12-24,-0.02117234017814673
2008-12-26,0.0210927975772357
2008-12-29,0.006684928362369114
2008-12-30,0.009818402580170194
2008-12-31,-0.0027405015319074133
2009-01-02,-0.0001826661080820413
2009-01-05,-0.0002216019200338426
2009-01-06,0.020588420603881996
2009-01-07,-0.01880507891055727
2009-01-08,-0.009504573968296959
2009-01-09,-0.0047464973363345875
2009-01-12,-0.005310099614619923
2009-01-13,-0.020939505087889443
2009-01-14,-0.04108559543668844
2009-01-15,0.006875514910502867
2009-01-16,0.02859037141250398
2009-01-20,-0.01874837994942591
2009-01-21,0.025629554133132837
2009-01-22,-0.03486211471244449
2009-01-23,-0.03893465256124484
2009-01-26,0.0007539155413605059
2009-01-27,0.0151146275922589
2009-01-28,0.03746673967722125
2009-01-29,-0.0254576417287512
2009-01-30,0.006096516255342577
2009-02-02,0.005034448495676802
2009-02-03,0.002576563117988595
2009-02-04,0.001133222145007995
2009-02-05,-0.011206843863306615
2009-02-06,0.01116914287615911
2009-02-09,-0.001015485853805842
2009-02-10,-0.01034110652154907
2009-02-11,-0.008034126025504018
2009-02-12,-0.00914138128129216
2009-02-13,0.00413224345027885
2009-02-17,-0.041453120610991934
2009-02-18,0.003262085845917584
2009-02-19,0.020581202949202737
2009-02-20,-0.022055358866597707
2009-02-23,0.01030467748363062
2009-02-24,0.015522475856780238
2009-02-25,-0.0023650349073434107
2009-02-26,0.018763070672194182
2009-02-27,-0.019496579678571546
2009-03-02,-0.02399977961133548
2009-03-03,0.0
2009-03-04,0.0
2009-03-05,0.0
2009-03-06,0.0
2009-03-09,0.0
2009-03-10,0.0
2009-03-11,0.0
2009-03-12,0.0
2009-03-13,0.0
2009-03-16,0.0
2009-03-17,0.0
2009-03-18,0.0
2009-03-19,0.0
2009-03-20,0.0
2009-03-23,0.0
2009-03-24,0.0
2009-03-25,0.0
2009-03-26,0.0
2009-03-27,0.0
2009-03-30,0.0
2009-03-31,0.0
2009-04-01,0.0
2009-04-02,0.0
2009-04-03,0.0
2009-04-06,0.0
2009-04-07,0.0
2009-04-08,0.0
2009-04-09,0.0
2009-04-13,0.0
2009-04-14,0.0
2009-04-15,0.0
2009-04-16,0.0
2009-04-17,0.0
2009-04-20,0.0
2009-04-21,0.0
2009-04-22,0.0
2009-04-23,0.0
2009-04-24,0.0
2009-04-27,0.0
2009-04-28,0.0
2009-04-29,0.0
2009-04-30,0.0
2009-05-01,0.0
2009-05-04,0.01969185174220467
2009-05-05,-0.007254629040234439
2009-05-06,0.000640831518594398
2009-05-07,-0.01197017572824599
2009-05-08,0.009971160802120682
2009-05-11,-0.025945366151418847
2009-05-12,0.01677124037939337
2009-05-13,-0.013904555440336086
2009-05-14,-0.001103852212543166
2009-05-15,-0.00025409164869394374
2009-05-18,0.015867776590844374
2009-05-19,-0.009314038793818868
2009-05-20,0.00696711830249086
2009-05-21,-0.011935249482647459
2009-05-22,0.009241805732450814
2009-05-26,-0.006042231298722722
2009-05-27,-0.006904339432459938
2009-05-28,0.01632532917862517
2009-05-29,0.0046704186158614824
2009-06-01,0.015472594818705554
2009-06-02,-0.018577290140755265
2009-06-03,-0.022901040560510677
2009-06-04,0.010261215736044216
2009-06-05,0.015072370201293595
2009-06-08,-0.009301435143677872
2009-06-09,0.024888471412161994
2009-06-10,0.01177208788012174
2009-06-11,-0.0035569745413452925
2009-06-12,0.001620314559132252
2009-06-15,-0.021331307501697094
2009-06-16,0.001845385768223462
2009-06-17,-0.004823012018193573
2009-06-18,0.003068016894490766
2009-06-19,0.015830068119887075
2009-06-22,-0.001054013147370969
2009-06-23,0.0058398497505893765
2009-06-24,0.019580670503723363
2009-06-25,-0.0044298653573142666
2009-06-26,-0.00820521833682153
2009-06-29,0.005844605430579408
2009-06-30,0.003256258024952219
2009-07-01,0.012278999911611521
2009-07-02,-0.012631010340126703
2009-07-06,-0.00795870430686385
2009-07-07,0.01313477540667951
2009-07-08,0.0013829762486325947
2009-07-09,0.013047776535950018
2009-07-10,-0.009874740989280983
2009-07-13,0.005386256936360079
2009-07-14,2.329039815984757e-05
2009-07-15,0.0370132532267653
2009-07-16,-0.0023630263108014304
2009-07-17,0.0008317273074753828
2009-07-20,0.008821880758996592
2009-07-21,0.005456023632870455
2009-07-22,-0.027815651360324267
2009-07-23,-0.007127165097217336
2009-07-24,-0.008729593949427517
2009-07-27,0.0016341208847456823
2009-07-28,-0.009207902828869186
2009-07-29,-0.004645655933804282
2009-07-30,0.019664207305378323
2009-07-31,-0.0012687209839263858
2009-08-03,0.016625252723915462
2009-08-04,-0.002594075131607254
2009-08-05,-0.007341003131193902
2009-08-06,0.007596625834958015
2009-08-07,0.015644986940559713
2009-08-10,0.005781725611458732
2009-08-11,0.0035608467128060983
2009-08-12,0.0006264372817423869
2009-08-13,0.004803324242534268
2009-08-14,-0.004801666671310101
2009-08-17,-0.03234111557420316
2009-08-18,0.01657699226889764
2009-08-19,-0.0204873856871306
2009-08-20,0.013096994884935986
2009-08-21,0.011983178690744944
2009-08-24,0.019309890932733165
2009-08-25,0.007978123412916593
2009-08-26,0.0009172139132123114
2009-08-27,-0.0033249333926663738
2009-08-28,0.028621697531033385
2009-08-31,-0.01451320669062739
2009-09-01,-0.003764935565875871
2009-09-02,-0.00754969406060968
2009-09-03,0.011600785318810924
2009-09-04,0.0030586521433701996
2009-09-08,0.012164641344212246
2009-09-09,0.0014980827082837767
2009-09-10,0.014760184181676683
2009-09-11,0.014182372342506078
2009-09-14,-0.010131621571276561
2009-09-15,0.0037101047467062997
2009-09-16,0.007472873457867069
2009-09-17,0.0001176178812460904
2009-09-18,0.006870087526459123
2009-09-21,-0.010117811311657898
2009-09-22,0.009089713892102669
2009-09-23,0.007211238380528062
2009-09-24,0.006233761350737943
2009-09-25,-0.014165931452367664
2009-09-28,0.004886521146541423
2009-09-29,-0.0017015497795113133
2009-09-30,0.004244873956746886
2009-10-01,0.002332370481547885
2009-10-02,-0.019924528393010177
2009-10-05,0.0022730795912482282
2009-10-06,0.014804965649898305
2009-10-07,0.0028370072041286054
2009-10-08,0.009016902473957256
2009-10-09,-0.0022821355110765884
2009-10-12,0.013252732597721417
2009-10-13,0.004749711729380435
2009-10-14,0.023934051193937433
2009-10-15,-0.004877546473119776
2009-10-16,-0.018203078818992968
2009-10-19,0.00581099132077445
2009-10-20,0.00996864275493281
2009-10-21,-0.0061276443202208375
2009-10-22,0.004306064884908922
2009-10-23,3.727866520808476e-05
2009-10-26,9.859923149213579e-05
2009-10-27,0.007478858584098136
2009-10-28,-0.00907568251062052
2009-10-29,0.009855680523483068
2009-10-30,0.0013748866543261684
2009-11-02,0.007636704785250581
2009-11-03,-0.02020470039565392
2009-11-04,0.008106235142885998
2009-11-05,0.014905120406156325
2009-11-06,0.010638211120546748
2009-11-09,0.012832435736964687
2009-11-10,0.002760269819432004
2009-11-11,0.011697966485793021
2009-11-12,0.052008760641299556
2009-11-13,-0.008296827332594736
2009-11-16,0.004018187922954608
2009-11-17,-0.0042083676207467224
2009-11-18,-0.001341367165229146
2009-11-19,-0.018168158642592913
2009-11-20,-0.011533022597452702
2009-11-23,0.010475746673416886
2009-11-24,-0.001556421418972942
2009-11-25,0.005466362905921285
2009-11-27,-0.03636151519028952
2009-11-30,0.004606534589929101
2009-12-01,0.008451227327938238
2009-12-02,0.0032201489937884187
2009-12-03,0.0013195406473158755
2009-12-04,0.013123722291381368
2009-12-07,-0.0012131321871966527
2009-12-08,-0.005931968768784879
2009-12-09,-0.0021282211068759382
2009-12-10,0.005078626829542854
2009-12-11,0.006458582637601351
2009-12-14,0.012244320306940448
2009-12-15,-0.0052662610835995105
2009-12-16,0.011077126164527495
2009-12-17,-0.009511227044201598
2009-12-18,0.004490963108768398
2009-12-21,0.008655076734974676
2009-12-22,0.007541777182683562
2009-12-23,0.01026709677977422
2009-12-24,0.004665534728475862
2009-12-28,0.006082317594158448
2009-12-29,0.002139262282797816
2009-12-30,-0.003878159160262795
2009-12-31,0.0031255764259301433
2010-01-04,0.00893118396203163
2010-01-05,0.0011572132253880874
2010-01-06,-0.0014600180750585778
2010-01-07,-0.0057242172019889015
2010-01-08,-0.008880460279127922
2010-01-11,0.0018708165452916425
2010-01-12,-0.010789147787164
2010-01-13,0.01216025243695995
2010-01-14,-0.003125702750764847
2010-01-15,0.0008651725769952545
2010-01-19,-0.0019076133782429672
2010-01-20,-0.009137949782899168
2010-01-21,0.012223941855006526
2010-01-22,-0.013327110133020237
2010-01-25,0.01668424564764992
2010-01-26,-0.0003714371154848184
2010-01-27,-0.002657341067700103
2010-01-28,0.005972580073100309
2010-01-29,0.01180959016314187
2010-02-01,0.010698262650924883
2010-02-02,-0.0057044000333910105
2010-02-03,-0.01197056331493418
2010-02-04,-0.00772566707869371
2010-02-05,-0.0005328609746430013
2010-02-08,0.004845255677901061
2010-02-09,0.02382377532103841
2010-02-10,-0.012438527584610504
2010-02-11,0.0008053678864601288
2010-02-12,-0.011647361688170377
2010-02-16,0.010860667296556992
2010-02-17,0.007769788107508502
2010-02-18,-0.005005191882293425
2010-02-19,-0.004223830202817247
2010-02-22,0.008913774326112067
2010-02-23,-0.006028011494249141
2010-02-24,0.005779914435398492
2010-02-25,-0.019610909622103212
2010-02-26,-0.002079887484806031
2010-03-01,0.010562812501901497
2010-03-02,0.006055133067456753
2010-03-03,0.0036718331600964493
2010-03-04,0.0007895648247773224
2010-03-05,0.0022991014349922345
2010-03-08,0.003906557441977654
2010-03-09,-0.00878363233784707
2010-03-10,0.005435056353739753
2010-03-11,-0.00197315228984829
2010-03-12,0.010645134633439524
2010-03-15,-0.002418975989626815
2010-03-16,0.0037213129405302414
2010-03-17,0.006845780327400908
2010-03-18,-0.0007782435416554545
2010-03-19,-0.0014107404712934146
2010-03-22,-0.009313156196120387
2010-03-23,0.003092536065646634
2010-03-24,-0.0035156125138644523
2010-03-25,0.014209792820587985
2010-03-26,0.005619655542665303
2010-03-29,0.006661813056445531
2010-03-30,0.006016412408305305
2010-03-31,-0.008482080471172715
2010-04-01,0.017307141611354382
2010-04-05,0.009785051102402242
2010-04-06,-0.004558047554102385
2010-04-07,0.0013098733939236329
2010-04-08,-0.004052509539433591
2010-04-09,0.006667566379223722
2010-04-12,0.0027808793606800553
2010-04-13,-0.004944836154467391
2010-04-14,0.017413664393966855
2010-04-15,-0.002756848526250688
2010-04-16,-0.011197369365823828
2010-04-19,-0.007476333815974234
2010-04-20,0.011595746134204443
2010-04-21,0.006825919479001907
2010-04-22,-0.014114938066453697
2010-04-23,0.001272167130709656
2010-04-26,0.004580269405613846
2010-04-27,-0.004988304122520049
2010-04-28,0.010044151086323616
2010-04-29,0.00874761533312185
2010-04-30,0.0002918652445274006
2010-05-03,0.010753425053761534
2010-05-04,-0.020201263112328838
2010-05-05,-0.021785369906990204
2010-05-06,-0.0035503367361876537
2010-05-07,-0.0030751553365104822
2010-05-10,0.06728077450573
2010-05-11,-0.015110519223945018
2010-05-12,0.010007396001270985
2010-05-13,0.00037172588034817267
2010-05-14,-0.018723736203674735
2010-05-17,0.0001222490419827693
2010-05-18,0.014018967627427381
2010-05-19,-0.010138081069930638
2010-05-20,-0.028481637957862294
2010-05-21,-0.02061928301988092
2010-05-24,0.0030477169059983655
2010-05-25,-0.038248112567417114
2010-05-26,0.01902380307140006
2010-05-27,0.029905600653654885
2010-05-28,0.007298546322098476
2010-06-01,-0.007406173393019078
2010-06-02,0.0051120709363543515
2010-06-03,0.001153075598687936
2010-06-04,-0.025601122091791217
2010-06-07,0.007698902622556014
2010-06-08,0.003885807994987056
2010-06-09,0.01045866264419737
2010-06-10,0.019979679732454958
2010-06-11,-0.01479885433387984
2010-06-14,0.015179480726409178
2010-06-15,0.010646428160515198
2010-06-16,-0.008535451632715296
2010-06-17,0.015789081563967855
2010-06-18,0.0016234265902208556
2010-06-21,0.019445156366575844
2010-06-22,0.0024352615194354055
2010-06-23,0.006206351680807742
2010-06-24,-0.0025230849134265654
2010-06-25,0.008227566593658864
2010-06-28,0.009014045698807926
2010-06-29,-0.029867474394879023
2010-06-30,0.0028630545877390556
2010-07-01,0.0035753800616802334
2010-07-02,0.005405855151562555
2010-07-06,0.018410364940243173
2010-07-07,0.005285917482950708
2010-07-08,0.008151498649191513
2010-07-09,0.00014057159416158704
2010-07-12,-0.00156262070610802
2010-07-13,0.018268835418157492
2010-07-14,0.017345910926983565
2010-07-15,0.0008685703443349624
2010-07-16,-0.008253233852509534
2010-07-19,0.006370365937318656
2010-07-20,-0.018129998988561047
2010-07-21,0.007828782968257286
2010-07-22,0.013847289164570453
2010-07-23,-0.0038269526177210356
2010-07-26,0.00015582252585000234
2010-07-27,0.005356278351817734
2010-07-28,-0.008914873055352546
2010-07-29,-0.013369878573772809
2010-07-30,-0.011812871690254134
2010-08-02,0.014722632339385644
2010-08-03,-0.004463457230885148
2010-08-04,0.005956318262824167
2010-08-05,-0.00523168081209302
2010-08-06,-0.006950052993607403
2010-08-09,0.006892204787498413
2010-08-10,-0.02289882750348582
2010-08-11,-0.03545377284561091
2010-08-12,-0.013307306511965655
2010-08-13,0.00417495136844348
2010-08-16,-0.004990090056459895
2010-08-17,0.011668854785755745
2010-08-18,-0.0021774498220614724
2010-08-19,-0.004703223375139731
2010-08-20,-0.0073207372424271
2010-08-23,0.004764974283675727
2010-08-24,-0.02224383725139656
2010-08-25,-0.006322377385998723
2010-08-26,0.008791674901373447
2010-08-27,0.00884214496216229
2010-08-30,-0.00442415301593313
2010-08-31,-0.0111577619543618
2010-09-01,0.016593548566647076
2010-09-02,0.004321592585383005
2010-09-03,0.013754319855526997
2010-09-07,-0.005843791849532209
2010-09-08,0.0014066464366226938
2010-09-09,0.012115447241366262
2010-09-10,0.00012352758891043258
2010-09-13,0.01404658189665553
2010-09-14,-0.003653096963666891
2010-09-15,-0.011347555199615167
2010-09-16,-0.003104105535134405
2010-09-17,0.00674224127429679
2010-09-20,0.00434136060701551
2010-09-21,0.0006705954450816343
2010-09-22,-0.002925230801737344
2010-09-23,-0.00513986858105242
2010-09-24,0.019231464072452686
2010-09-27,0.007942004111927803
2010-09-28,0.004334490077079423
2010-09-29,-0.005134538707908143
2010-09-30,0.010227760442119704
2010-10-01,0.00977018026724652
2010-10-04,-0.001926443742214623
2010-10-05,0.011286792655900157
2010-10-06,0.0018623243879218876
2010-10-07,0.0036179895210235458
2010-10-08,0.002236319607531456
2010-10-11,0.00014830902713991456
2010-10-12,-0.00950204461166737
2010-10-13,0.009093998716688256
2010-10-14,-0.0026130678430128507
2010-10-15,0.012018173609943616
2010-10-18,0.0024285451217505027
2010-10-19,-0.020766318543783857
2010-10-20,0.0038712045481159585
2010-10-21,0.0011739108088073547
2010-10-22,0.00014124569442253154
2010-10-25,0.005508031434112937
2010-10-26,-0.003454925776150808
2010-10-27,-0.003604124039669032
2010-10-28,-0.0006365765984908123
2010-10-29,0.00034487967461616087
2010-11-01,0.005312345287187492
2010-11-02,0.00808082194565296
2010-11-03,-0.0009357694747391676
2010-11-04,0.008796651654351173
2010-11-05,0.003022312493726087
2010-11-08,0.00037272514698316606
2010-11-09,0.020182336279577218
2010-11-10,0.0003947984961396589
2010-11-11,-0.010123805490403592
2010-11-12,-0.007670955377144351
2010-11-15,-0.001609811460196675
2010-11-16,-0.0045332148721526355
2010-11-17,0.0005894673836777109
2010-11-18,0.014938677732824202
2010-11-19,-0.000655475452483012
2010-11-22,-0.0016670263703535415
2010-11-23,-0.009483229763300183
2010-11-24,0.007149036743350878
2010-11-26,-0.007400667451277321
2010-11-29,-0.001500296089987252
2010-11-30,-0.012702059104850782
2010-12-01,0.01566617733935849
2010-12-02,-0.009851907469027865
2010-12-03,-0.003945134989478127
2010-12-06,0.00447405111813004
2010-12-07,0.0131737682023918
2010-12-08,0.0031830289359513486
2010-12-09,0.02830796355472076
2010-12-10,0.01274789451779057
2010-12-13,0.006708317590667479
2010-12-14,-0.006070958749969768
2010-12-15,0.0029605189339871885
2010-12-16,0.005657372571988839
2010-12-17,0.00583756898770349
2010-12-20,0.006487501275198371
2010-12-21,0.005391702169377011
2010-12-22,0.0036047903673686044
2010-12-23,-0.007752788444225556
2010-12-27,-0.021226389457769446
2010-12-28,0.0034264931099015072
2010-12-29,0.008416168517380918
2010-12-30,-0.0021166503895283517
2010-12-31,-0.0005509013072736435
2011-01-03,0.006821953560333105
2011-01-04,0.0026408232112784535
2011-01-05,0.0035341158588260146
2011-01-06,0.003939469002133045
2011-01-07,-0.00215776043750715
2011-01-10,-0.0020157786187348092
2011-01-11,0.008175575560959603
2011-01-12,0.020546989393893433
2011-01-13,-0.002308816285293558
2011-01-14,-0.003536923106657208
2011-01-18,-0.0018035669788994957
2011-01-19,-0.007192953651880218
2011-01-20,-0.012594324728743
2011-01-21,0.008187086251339126
2011-01-24,0.009517729913198103
2011-01-25,-0.007804317036905761
2011-01-26,0.011298615207945728
2011-01-27,0.004478486504501555
2011-01-28,0.0016450122869102746
2011-01-31,-0.0008049966136904896
2011-02-01,0.007489061309245981
2011-02-02,-0.005287761503510069
2011-02-03,0.0010822542178263728
2011-02-04,0.004998995717359955
2011-02-07,0.0035645430185025084
2011-02-08,0.0029885181945699113
2011-02-09,0.0025519136146909815
2011-02-10,-0.012723000545165286
2011-02-11,-0.006181014265546514
2011-02-14,0.007218883334574766
2011-02-15,-0.0027050229765152034
2011-02-16,0.007898534836817905
2011-02-17,-0.009620565001282055
2011-02-18,0.003130356656483091
2011-02-22,-0.020352224069144165
2011-02-23,-0.004979025167194062
2011-02-24,0.017435847146079375
2011-02-25,0.013234108833693137
2011-02-28,0.0127383522527591
2011-03-01,0.000581768987464315
2011-03-02,-0.0019482644430490748
2011-03-03,0.02057520102984256
2011-03-04,0.001281694752509166
2011-03-07,0.0021263839306531196
2011-03-08,-0.001720319381089741
2011-03-09,0.0008610104657758022
2011-03-10,-0.02619228890226699
2011-03-11,-0.006770019676067274
2011-03-14,0.012087229261041
2011-03-15,-0.038806765324999715
2011-03-16,-0.0031486548339705323
2011-03-17,0.01513338867759173
2011-03-18,0.01621379731095063
2011-03-21,0.018113353488349304
2011-03-22,-0.0017595245004637938
2011-03-23,0.0007441935125960253
2011-03-24,0.022609255664287176
2011-03-25,0.003663364903192079
2011-03-28,0.009795679685915548
2011-03-29,0.001092621148766515
2011-03-30,0.011086253480788066
2011-03-31,0.0006106872326365753
2011-04-01,0.003726173124757093
2011-04-04,0.006049254791079761
2011-04-05,0.005179538514718862
2011-04-06,0.0093268841398928
2011-04-07,0.0002965944436879031
2011-04-08,0.01691198366789215
2011-04-11,0.006854673493142505
2011-04-12,-0.01212103820806687
2011-04-13,0.01205960916572546
2011-04-14,-0.008292870325685042
2011-04-15,-0.002135335392889459
2011-04-18,-0.01817208135747639
2011-04-19,0.0033286172392892333
2011-04-20,0.026276438602780283
2011-04-21,0.006507806106369918
2011-04-25,0.0016812078746981651
2011-04-26,0.006088100227343185
2011-04-27,0.012024257793363802
2011-04-28,-0.000824983020906167
2011-04-29,0.0032197805587796946
2011-05-02,0.010037718785562921
2011-05-03,-0.004877324710804376
2011-05-04,0.002309100680985665
2011-05-05,-0.01048504520712501
2011-05-06,0.01727310943988236
2011-05-09,0.006031407446652093
2011-05-10,0.003324151548938392
2011-05-11,-0.0004263433355117252
2011-05-12,-0.0051418917134481434
2011-05-13,-0.011542599056624692
2011-05-16,0.0012115726496204626
2011-05-17,-0.00877670031139599
2011-05-18,0.004906206342665698
2011-05-19,0.002670211562984637
2011-05-20,-0.003476853696675608
2011-05-23,-0.015102558254301401
2011-05-24,0.007537560045226099
2011-05-25,-0.005715007630880065
2011-05-26,-0.004566514090545315
2011-05-27,0.0045104758760421415
2011-05-31,0.018219731917318738
2011-06-01,-0.007745287826545599
2011-06-02,0.002871094144174524
2011-06-03,-0.011929009422517511
2011-06-06,0.00033654256427895213
2011-06-07,0.009662777759762875
2011-06-08,-0.005420924742566502
2011-06-09,0.007640831449244656
2011-06-10,0.0019109405005997004
2011-06-13,0.0011297753056915827
2011-06-14,0.011058789740965969
2011-06-15,-0.00819390261145847
2011-06-16,0.004520936173974643
2011-06-17,0.011535144691569466
2011-06-20,-0.003985619623879888
2011-06-21,0.008299222305829579
2011-06-22,-0.0006407784998214705
2011-06-23,-0.00921762259376202
2011-06-24,-0.022802916066627765
2011-06-27,0.0020374018255460147
2011-06-28,0.006318220094144067
2011-06-29,0.004951325113085714
2011-06-30,0.0031534649587661168
2011-07-01,0.0008075015794792861
2011-07-05,0.001531182252362484
2011-07-06,-0.004485426847008145
2011-07-07,0.00746559078867981
2011-07-08,-0.013623496231845444
2011-07-11,-0.016422637978893095
2011-07-12,-0.006038722828548004
2011-07-13,0.010401863304106085
2011-07-14,0.0045817640735070775
2011-07-15,0.0033091243962473094
2011-07-18,-0.006377879494477323
2011-07-19,0.009310443433127702
2011-07-20,0.004552334663324498
2011-07-21,0.0015800037114437337
2011-07-22,0.02176598264470675
2011-07-25,-0.015768492199850104
2011-07-26,-0.004453642937232605
2011-07-27,-0.007914337770170254
2011-07-28,0.0017816415244193973
2011-07-29,-0.01630145997150345
2011-08-01,0.02074190693803435
2011-08-02,-0.007068170768666948
2011-08-03,-0.01293143834264121
2011-08-04,-0.016052305335791495
2011-08-05,0.016882915987690206
2011-08-08,-0.04598600582703294
2011-08-09,0.024388669373450966
2011-08-10,-0.03864017061612712
2011-08-11,0.007947102892402969
2011-08-12,0.03403762782504671
2011-08-15,0.010451934250020445
2011-08-16,-0.010785347360729225
2011-08-17,0.007874596794334776
2011-08-18,-0.0352200506371676
2011-08-19,-0.012963124029514717
2011-08-22,0.025862466892728975
2011-08-23,0.010477692214952539
2011-08-24,0.017263616395628345
2011-08-25,-0.0029628272365608277
2011-08-26,-0.004651884588666166
2011-08-29,0.024549063113359804
2011-08-30,-0.011209822573107653
2011-08-31,0.007693077428689632
2011-09-01,0.0036529645861875792
2011-09-02,-0.027995552148682434
2011-09-06,-0.033890934754013724
2011-09-07,0.03728739613844878
2011-09-08,-0.008130354599756973
2011-09-09,-0.011711732333199776
2011-09-12,-0.01406112886159483
2011-09-13,0.009573231585992215
2011-09-14,0.012340031463392576
2011-09-15,0.01532034653399772
2011-09-16,0.003251892159419123
2011-09-19,-0.018753761330151275
2011-09-20,0.007529359705227945
2011-09-21,0.007006194276127697
2011-09-22,-0.03942985390549514
2011-09-23,-0.00623016208601157
2011-09-26,0.010953509550611695
2011-09-27,0.021532092125089664
2011-09-28,-0.006284982117202298
2011-09-29,-0.011014122842856189
2011-09-30,-0.024457681437348944
2011-10-03,-0.007421237913497802
2011-10-04,-0.01675824630649214
2011-10-05,-0.0058326845617214795
2011-10-06,0.004467097170943735
2011-10-07,0.0058033115789739576
2011-10-10,0.023356599033607095
2011-10-11,-0.002752092057225375
2011-10-12,0.013672211322105277
2011-10-13,-0.006041350339576312
2011-10-14,0.01731734821505837
2011-10-17,-0.00992092704072578
2011-10-18,-0.0014574502890707386
2011-10-19,-0.0013235016880503991
2011-10-20,-0.007227083410477175
2011-10-21,0.016845153307651017
2011-10-24,0.0031793454091626483
2011-10-25,-0.010687965167115454
2011-10-26,0.013859058025631477
2011-10-27,0.028226251478055575
2011-10-28,0.00626928352008882
2011-10-31,-0.019912060602161885
2011-11-01,-0.04802144914789375
2011-11-02,0.012209839146470891
2011-11-03,0.006077771248200525
2011-11-04,-0.007082759844509012
2011-11-07,-0.0021758029828422565
2011-11-08,0.005049337996781089
2011-11-09,-0.021355349909627286
2011-11-10,0.010448838083113143
2011-11-11,0.009344013765796966
2011-11-14,-0.003321222665785162
2011-11-15,-0.003834368299485247
2011-11-16,-0.007994982365724379
2011-11-17,0.003315422531890322
2011-11-18,0.003546892716893346
2011-11-21,-0.013116496390274679
2011-11-22,0.000909868473625064
2011-11-23,-0.0076090690787757875
2011-11-25,-0.003242339757917878
2011-11-28,0.03236109576775048
2011-11-29,7.780099892773507e-05
2011-11-30,0.027474210379055952
2011-12-01,-0.030125538112945938
2011-12-02,0.011110356205850103
2011-12-05,0.01310268246992341
2011-12-06,-0.0012632156350765866
2011-12-07,-0.004360230649925856
2011-12-08,-0.002416088283034079
2011-12-09,0.005496090506846407
2011-12-12,-0.009453702170037825
2011-12-13,0.004552079610891546
2011-12-14,-0.005524933994452197
2011-12-15,0.009035795207316566
2011-12-16,0.007181639028116971
2011-12-19,0.006021477309867462
2011-12-20,0.012947051359563977
2011-12-21,0.0007083182903848684
2011-12-22,0.0012874592834399845
2011-12-23,0.0020527153973224355
2011-12-27,-0.001174370185799023
2011-12-28,0.0007968130047222299
2011-12-29,0.002636360275437344
2011-12-30,-0.002755695439041972
2012-01-03,0.015086012116160452
2012-01-04,-0.002426918945125145
2012-01-05,-0.0049607299300648
2012-01-06,0.0016904065222729248
2012-01-09,-0.0002643652484387582
2012-01-10,0.011061711519859463
2012-01-11,-0.0013465538051061765
2012-01-12,0.005214241296517708
2012-01-13,-0.0069654061218057395
2012-01-17,0.012034562368404389
2012-01-18,-0.005671198259188159
2012-01-19,0.007861224974209158
2012-01-20,-0.032232748281904366
2012-01-23,0.0010317962767185662
2012-01-24,-0.0006867085990460708
2012-01-25,0.013614356513976578
2012-01-26,0.005251141442923712
2012-01-27,-0.0005654962770419436
2012-01-30,-0.00468306015656017
2012-01-31,0.0077139343255565596
2012-02-01,0.007760765134413372
2012-02-02,0.007196045603012902
2012-02-03,0.016790768788429666
2012-02-06,-0.010205240489089773
2012-02-07,-0.0028071877669946232
2012-02-08,0.002758584906822348
2012-02-09,0.0013322848708186008
2012-02-10,0.003518242987958553
2012-02-13,0.01196525989341013
2012-02-14,-0.0017865570955571952
2012-02-15,0.006099971313720642
2012-02-16,0.0027642413516539843
2012-02-17,0.00044034296153649954
2012-02-21,-0.003293799041512613
2012-02-22,-0.0014896789448561876
2012-02-23,-0.0004941100817407174
2012-02-24,0.005913690026489338
2012-02-27,0.005411484281186318
2012-02-28,0.005397098160798031
2012-02-29,0.004667083730148791
2012-03-01,0.006531630072234007
2012-03-02,0.0010364812035195126
2012-03-05,-0.0009155002993888051
2012-03-06,-0.016382956229972212
2012-03-07,0.008300725781368978
2012-03-08,0.01033869880367777
2012-03-09,0.002115924554808579
2012-03-12,-0.0018595737327663509
2012-03-13,0.01118647237640702
2012-03-14,0.016263153724585866
2012-03-15,0.0061127804306524425
2012-03-16,0.0004559920431075337
2012-03-19,0.0022193868000250916
2012-03-20,-0.007654140755931849
2012-03-21,0.003232386410414234
2012-03-22,-0.005325003009785667
2012-03-23,-0.00491003909858867
2012-03-26,0.007101315035459743
2012-03-27,0.003504468766953206
2012-03-28,0.00012575426073424545
2012-03-29,-0.005698450995173521
2012-03-30,0.005942044935203894
2012-04-02,0.00022816380679158144
2012-04-03,-0.0054483784456056394
2012-04-04,-0.012773601697930625
2012-04-05,-0.0073897838941030525
2012-04-09,-0.016579358109975573
2012-04-10,-0.0036530296541993357
2012-04-11,0.012193346447524123
2012-04-12,0.007977246550249228
2012-04-13,-0.008194495984381711
2012-04-16,0.009819258995560798
2012-04-17,0.007311462003528391
2012-04-18,-0.010011654488277677
2012-04-19,0.0028960280223080392
2012-04-20,0.00540230766299632
2012-04-23,-0.015445548338881343
2012-04-24,0.004811541475154613
2012-04-25,0.0172120401463709
2012-04-26,-0.011178344600986878
2012-04-27,0.005720682179453318
2012-04-30,-0.001058008516195863
2012-05-01,-0.002246853484801359
2012-05-02,-0.005458586521360109
2012-05-03,0.002062468916973259
2012-05-04,-0.005780435494880831
2012-05-07,-0.013796488733087253
2012-05-08,-0.004929515574684018
2012-05-09,-0.03384948500999019
2012-05-10,0.003530860035714234
2012-05-11,-0.011731612103245914
2012-05-14,-0.010243096460439971
2012-05-15,0.0016808955912470669
2012-05-16,0.004363409372364346
2012-05-17,-8.80511605613199e-05
2012-05-18,0.00458232072186715
2012-05-21,0.005697930179580979
2012-05-22,0.0024534475826261115
2012-05-23,-0.006193316573575247
2012-05-24,0.004324667977277485
2012-05-25,9.199969608753022e-05
2012-05-29,0.01621919039200015
2012-05-30,-0.010950055819911486
2012-05-31,0.0024355411775467406
2012-06-01,-0.0241323432143431
2012-06-04,0.005190081598415608
2012-06-05,0.0005121214317849176
2012-06-06,0.011217109441543416
2012-06-07,0.014825539818451139
2012-06-08,-0.0028029585168889426
2012-06-11,0.016683246738454338
2012-06-12,0.006377876445962549
2012-06-13,-0.0014509775460599394
2012-06-14,-0.00026388924832798644
2012-06-15,0.0018916825077486266
2012-06-18,-0.007577549504248049
2012-06-19,0.013616084601094869
2012-06-20,0.006721066002242315
2012-06-21,-0.006806449168964113
2012-06-22,0.006759467894171367
2012-06-25,-0.011394594319585116
2012-06-26,0.0036065977272510263
2012-06-27,0.001544693669826902
2012-06-28,-0.011294656453555207
2012-06-29,0.022687883483233806
2012-07-02,0.013621438051310442
2012-07-03,0.0019241050176257435
2012-07-05,-0.01074556415876271
2012-07-06,-0.018122488898127176
2012-07-09,-0.0035963425191916087
2012-07-10,-0.019545425357389345
2012-07-11,0.003605677763691695
2012-07-12,-0.007921048340166603
2012-07-13,0.0005088918149633859
2012-07-16,-0.005208255638791237
2012-07-17,0.004363405671523601
2012-07-18,-0.004787273241787293
2012-07-19,0.010899069315277954
2012-07-20,-0.007205946594501467
2012-07-23,-0.020306984948529894
2012-07-24,0.006838662582030697
2012-07-25,0.0025431832918225705
2012-07-26,0.016892962050233384
2012-07-27,0.009270176488089366
2012-07-30,-0.0026341331322821127
2012-07-31,-0.009467255271648045
2012-08-01,0.00906188787046358
2012-08-02,-0.008868699762178411
2012-08-03,0.018128796719813822
2012-08-06,0.008798148233761793
2012-08-07,0.009835552331624697
2012-08-08,-0.00039670656367085666
2012-08-09,-0.004181941268553091
2012-08-10,-0.0037290956577379353
2012-08-13,-0.001704380748786316
2012-08-14,0.008960443203804624
2012-08-15,-0.00032161342907366386
2012-08-16,0.005088718702464856
2012-08-17,0.005010590738096177
2012-08-20,-0.0008882167897744653
2012-08-21,0.0027124221414469574
2012-08-22,-0.006385207794001757
2012-08-23,-0.0047486383735130255
2012-08-24,-0.0024182323504713388
2012-08-27,0.0011077302120534593
2012-08-28,-0.0008701570238515144
2012-08-29,0.0019017994273027305
2012-08-30,-0.0007399360784663411
2012-08-31,0.010210767699927237
2012-09-04,-0.0050771300674087305
2012-09-05,-0.003716773195093226
2012-09-06,0.007131395726863277
2012-09-07,0.0004503050219581972
2012-09-10,-0.005521710627446219
2012-09-11,0.0032598485320753934
2012-09-12,0.005080923128764292
2012-09-13,0.0006449893590823041
2012-09-14,0.00623397296173045
2012-09-17,-0.0033089294714530038
2012-09-18,0.005149071097652724
2012-09-19,-0.0025096473961491172
2012-09-20,-0.0017279799425645725
2012-09-21,0.0014582842896362358
2012-09-24,-0.0074482882983828436
2012-09-25,0.009579889758426274
2012-09-26,-0.004720738912471489
2012-09-27,0.00898744577442634
2012-09-28,-0.005487242774231849
2012-10-01,0.0020638964475792054
2012-10-02,0.00550409266217633
2012-10-03,0.0030762159968724667
2012-10-04,0.002140071199898008
2012-10-05,0.005813818624785805
2012-10-08,-0.006689028195427715
2012-10-09,-0.00390665420700409
2012-10-10,-0.0011495972259767395
2012-10-11,0.009472504965550188
2012-10-12,-0.02396671535172412
2012-10-15,0.007902420489195539
2012-10-16,0.004489194855407774
2012-10-17,-0.006509176804179728
2012-10-18,-0.0016846967319695816
2012-10-19,-0.005933952141125465
2012-10-22,0.007662845480012059
2012-10-23,-0.01985906948442373
2012-10-24,0.007276014786695484
2012-10-25,0.00806524476139514
2012-10-26,-0.0005538377944224182
2012-10-31,-0.01950261144446197
2012-11-01,0.008604302477001502
2012-11-02,0.0046852950917888325
2012-11-05,-0.007453847226867705
2012-11-06,0.002535132932018014
2012-11-07,-0.009419757013371721
2012-11-08,0.008860565016829192
2012-11-09,0.002398766524193574
2012-11-12,0.0027267787760965057
2012-11-13,-0.009048780239931165
2012-11-14,0.0016656144321354205
2012-11-15,0.004972685006292776
2012-11-16,-9.719818167142069e-05
2012-11-19,0.009358214552226851
2012-11-20,-0.0005840973259284565
2012-11-21,-0.0011812511506911205
2012-11-23,0.010274769454727828
2012-11-26,0.002113728393022818
2012-11-27,-0.0020168391736117286
2012-11-28,-0.00722620981415667
2012-11-29,0.009400040912481478
2012-11-30,0.008965093705439742
2012-12-03,0.01486934977461618
2012-12-04,0.012530363393094879
2012-12-05,0.003186038222644294
2012-12-06,0.002282742220086842
2012-12-07,-0.0005157653399262552
2012-12-10,0.000606021393803946
2012-12-11,0.006064878422028963
2012-12-12,0.009170933072332632
2012-12-13,0.006551339677058232
2012-12-14,-0.00014953075163925966
2012-12-17,0.004011422767666861
2012-12-18,0.006511202611447775
2012-12-19,0.004383586171460729
2012-12-20,0.0017605324673855005
2012-12-21,-0.024313228717851354
2012-12-24,-0.002924122625717618
2012-12-26,0.0014546958106833596
2012-12-27,0.0003956454782898522
2012-12-28,-0.014076743659916291
2012-12-31,0.0010138893579507702
2013-01-02,0.034465690810853156
2013-01-03,-0.0018857404874647044
2013-01-04,0.0035035125706106562
2013-01-07,0.0026054715668053507
2013-01-08,0.004097619910121475
2013-01-09,0.007326620392444472
2013-01-10,0.013083797078146553
2013-01-11,0.0012343846800495495
2013-01-14,-0.0027865099269431814
2013-01-15,-0.006869466377470657
2013-01-16,-0.0011722318011050392
2013-01-17,0.005955380113826347
2013-01-18,-0.008035833563149408
2013-01-22,0.0029500084541231875
2013-01-23,0.018197426918234116
2013-01-24,-0.009372305345440535
2013-01-25,0.0064304385117399665
2013-01-28,0.006669560347005277
2013-01-29,-0.0028579774541961367
2013-01-30,-0.00040984718961667443
2013-01-31,0.006193892291030512
2013-02-01,0.008415369239850534
2013-02-04,-0.010061359414410442
2013-02-05,-0.0019459034268139996
2013-02-06,0.01267415409285677
2013-02-07,-0.00479723955718947
2013-02-08,0.004868700301901674
2013-02-11,-0.0066083848704943104
2013-02-12,-0.0008429875628509498
2013-02-13,0.004769973346913758
2013-02-14,-0.006556861664718028
2013-02-15,-0.00022889324038322112
2013-02-19,0.0004963289464832155
2013-02-20,-9.736733199816605e-06
2013-02-21,-0.0065298304755502246
2013-02-22,-0.0044772941634307895
2013-02-25,0.006142425827420972
2013-02-26,0.004247271186877066
2013-02-27,-0.0037831950183871976
2013-02-28,0.0008479160410768127
2013-03-01,-0.007293359550277878
2013-03-04,-0.003488098923989047
2013-03-05,0.011140683747762337
2013-03-06,0.009953639572569672
2013-03-07,-0.000978207080170046
2013-03-08,0.004484300527334728
2013-03-11,-0.0030279052224547742
2013-03-12,-0.003066853482274312
2013-03-13,0.005587877854047019
2013-03-14,0.0035691425754278416
2013-03-15,0.0015065796190514291
2013-03-18,-0.018823153195333453
2013-03-19,0.002964751203953453
2013-03-20,0.006872516367814718
2013-03-21,-0.0042768354960240895
2013-03-22,0.01793207126841523
2013-03-25,0.0019530612714775408
2013-03-26,0.006225891449800569
2013-03-27,-0.009153258421301325
2013-03-28,0.0017941795656302162
2013-04-01,-0.00040551213504447237
2013-04-02,0.006723376962766592
2013-04-03,0.0006645920353487433
2013-04-04,-0.0015737316762736153
2013-04-05,-0.015504900481011608
2013-04-08,0.0012630372789999011
2013-04-09,0.005203106460804463
2013-04-10,0.0018867801289583763
2013-04-11,-9.264195850489099e-05
2013-04-12,0.0012028023609074179
2013-04-15,-0.0031596513347048605
2013-04-16,0.00834282853809798
2013-04-17,-0.013484294201540625
2013-04-18,0.0090942952931794
2013-04-19,0.003536191155817825
2013-04-22,0.008689078360587743
2013-04-23,0.05343348254410141
2013-04-24,-0.002833162506974185
2013-04-25,0.0032937823373369035
2013-04-26,0.0009667375876243334
2013-04-29,0.0036786774557402424
2013-04-30,0.0007569764247699062
2013-05-01,-0.0029632134990185133
2013-05-02,-0.003124380244592162
2013-05-03,0.019078564736388248
2013-05-06,0.014532831557132697
2013-05-07,0.008773144981621073
2013-05-08,0.0043974795570591585
2013-05-09,0.05430779324213231
2013-05-10,-0.003546359799352361
2013-05-13,0.012326216297496861
2013-05-14,0.024957478875809347
2013-05-15,0.0022475165508351047
2013-05-16,0.0049506317570531255
2013-05-17,0.009162461813114753
2013-05-20,0.0034008464380337333
2013-05-21,0.0005252666424750974
2013-05-22,-0.0012571909170341344
2013-05-23,-0.021548926792736234
2013-05-24,-0.0032078041263770007
2013-05-28,0.02007150323567286
2013-05-29,0.0014741596338618823
2013-05-30,-0.005492931313922589
2013-05-31,0.0038580476419927123
2013-06-03,-0.00036456122025729787
2013-06-04,-0.0032381788215927187
2013-06-05,-0.004660836155621295
2013-06-06,7.488085118900756e-05
2013-06-07,0.007516482683681103
2013-06-10,-0.0020179427502390324
2013-06-11,-0.013652240619611233
2013-06-12,0.012555520356182459
2013-06-13,0.00861213959865803
2013-06-14,0.006461697138701261
2013-06-17,0.03504794898018648
2013-06-18,0.004818371608381389
2013-06-19,0.0013392098170059707
2013-06-20,-0.01472244211503071
2013-06-21,0.016467485284625383
2013-06-24,-0.010019288390143322
2013-06-25,0.008676500100508244
2013-06-26,0.010446076571093643
2013-06-27,0.009907927623185486
2013-06-28,-0.0032735463796448316
2013-07-01,0.012994780686471419
2013-07-02,-0.0007553705309103487
2013-07-03,0.002410071867009256
2013-07-05,0.010676256944466722
2013-07-08,0.006981832585210013
2013-07-09,0.009181510140196192
2013-07-10,-0.004328205064989321
2013-07-11,0.025862237805299282
2013-07-12,0.0028086377165503773
2013-07-15,0.00691721629568276
2013-07-16,-0.0010041502677944347
2013-07-17,-0.003237203407773448
2013-07-18,0.007047506905563772
2013-07-19,-0.027973229721473203
2013-07-22,0.000601818759335293
2013-07-23,-0.006312783790295096
2013-07-24,0.007297057697990494
2013-07-25,-0.005789083314351684
2013-07-26,-0.015509452017821834
2013-07-29,0.001793345933508661
2013-07-30,0.007835447423908848
2013-07-31,0.004777847819215086
2013-08-01,0.008974314085944624
2013-08-02,-0.0038701320413457863
2013-08-05,0.004390942797407149
2013-08-06,-0.0019603366805932554
2013-08-07,0.0028924597161861243
2013-08-08,0.032199823508195724
2013-08-09,-0.006283889898743289
2013-08-12,-0.008727602265222734
2013-08-13,0.008855291828157474
2013-08-14,-0.00825915151466905
2013-08-15,-0.01606628400605825
2013-08-16,0.003565336680469988
2013-08-19,0.0022608528123198024
2013-08-20,0.0061848092782101904
2013-08-21,-0.00035621188247403346
2013-08-22,0.006501846322996885
2013-08-23,0.00361125592198408
2013-08-26,0.005483184718282574
2013-08-27,-0.011717785967725325
2013-08-28,0.0017218461351498071
2013-08-29,-0.003701088997297375
2013-08-30,0.0006283068752666043
2013-09-03,0.01698758379901033
2013-09-04,0.020677708748003676
2013-09-05,0.003763088568935924
2013-09-06,0.004009157909582228
2013-09-09,0.0007882976205844106
2013-09-10,0.008258089017697978
2013-09-11,0.0010281607816733374
2013-09-12,0.005741578932185076
2013-09-13,-0.00401846273150952
2013-09-16,0.015575437417809201
2013-09-17,-0.002794871565372281
2013-09-18,0.002465907006054646
2013-09-19,0.007701384692854196
2013-09-20,0.0043668885863688
2013-09-23,-0.0002590063520160335
2013-09-24,0.0012571816014237402
2013-09-25,0.010699966807892425
2013-09-26,0.002475492456883277
2013-09-27,-0.005777435430621369
2013-09-30,-0.015165326952862879
2013-10-01,0.001318809818841915
2013-10-02,-0.007794195487514477
2013-10-03,0.0015491666780171887
2013-10-04,0.005554410577846003
2013-10-07,-0.0029697324539186276
2013-10-08,0.006670851804350564
2013-10-09,-0.000757099088930846
2013-10-10,0.013454656054191494
2013-10-11,-0.006996136216579019
2013-10-14,-0.008987509281568662
2013-10-15,0.009253877724765491
2013-10-16,0.007509547847018627
2013-10-17,-0.0030099674101706775
2013-10-18,-0.02659768948042529
2013-10-21,0.0029217977956739194
2013-10-22,0.0009311626470718259
2013-10-23,-0.006082941545518916
2013-10-24,0.006009298628708137
2013-10-25,0.004075449957020361
2013-10-28,0.0007525776524037742
2013-10-29,0.006053624372661437
2013-10-30,0.007412195703345725
2013-10-31,-0.004132466687265635
2013-11-01,0.007210901030436645
2013-11-04,0.004402991061406514
2013-11-05,0.005512944208829307
2013-11-06,-0.03738641870066439
2013-11-07,-0.004761352060568602
2013-11-08,-0.005361532633747057
2013-11-11,0.004494026017205499
2013-11-12,-0.0006660496295406437
2013-11-13,-0.00586709241965333
2013-11-14,0.0038182629272622837
2013-11-15,0.007400876502800191
2013-11-18,0.0013445892717673935
2013-11-19,-0.0019878891474552907
2013-11-20,0.0029544702750061713
2013-11-21,0.009083627213638534
2013-11-22,-0.002289288144621704
2013-11-25,0.01096564111829057
2013-11-26,0.004036983603882716
2013-11-27,0.00733466035723751
2013-11-29,0.009382333723776837
2013-12-02,0.0006710221141574824
2013-12-03,-0.0013556282671812747
2013-12-04,-0.00634048789377839
2013-12-05,-0.0036271549839640427
2013-12-06,0.013709030092818653
2013-12-09,0.0030445292892338216
2013-12-10,0.0029389124753296247
2013-12-11,-0.0046091405977362054
2013-12-12,0.010160607584753567
2013-12-13,0.0063298896127013116
2013-12-16,0.0030015149277109465
2013-12-17,0.003524227368130184
2013-12-18,-0.0039693576140586995
2013-12-19,-0.0044533192537919986
2013-12-20,0.0011411761100568185
2013-12-23,-0.0049392149915733485
2013-12-24,0.0044604652788513555
2013-12-26,0.0018034783654898856
2013-12-27,0.002294372827560398
2013-12-30,-0.0020959128359524515
2013-12-31,0.002778870684414958
2014-01-02,-0.0016306711045510625
2014-01-03,-0.004380596840859785
2014-01-06,9.722961396807506e-05
2014-01-07,0.0058256049452691805
2014-01-08,0.029623823720777764
2014-01-09,0.0006547911252439143
2014-01-10,0.003248501904641765
2014-01-13,-0.0032038372708623752
2014-01-14,0.002863056035286249
2014-01-15,0.004396954695269795
2014-01-16,-0.0006319763405383538
2014-01-17,-0.0006827429222803216
2014-01-21,0.004236580768880005
2014-01-22,-9.267760014863846e-06
2014-01-23,-0.00985011554177917
2014-01-24,-0.010374756660977758
2014-01-27,0.003063133257328543
2014-01-28,0.00240474457931783
2014-01-29,-0.012329653954281428
2014-01-30,0.04354971327489632
2014-01-31,-0.014839509956508623
2014-02-03,0.010301595974236077
2014-02-04,0.009106231188736214
2014-02-05,-0.004986279529480719
2014-02-06,0.0027264738436956204
2014-02-07,-9.128389693457972e-05
2014-02-10,-0.0031375366930220805
2014-02-11,-0.0005405217074793134
2014-02-12,0.0017446416450122015
2014-02-13,-0.01160186135116592
2014-02-14,-0.0012413588020080413
2014-02-18,0.00275733363159425
2014-02-19,-0.00039214633120499
2014-02-20,0.0033305379761412457
2014-02-21,0.005930630875073284
2014-02-24,0.0013636951824818055
2014-02-25,0.004728550128687781
2014-02-26,0.013133602721057569
2014-02-27,-0.0010304025027422226
2014-02-28,-0.0061699041265422805
2014-03-03,-0.011263534591042679
2014-03-04,0.013732440754848918
2014-03-05,-9.942835163279096e-05
2014-03-06,0.0012547804307849741
2014-03-07,0.0047028616606159535
2014-03-10,-0.0004632830994575343
2014-03-11,0.0049111397478751595
2014-03-12,-0.0032646169804070313
2014-03-13,0.006891296205724817
2014-03-14,-0.0010093545086038436
2014-03-17,0.005427823001204146
2014-03-18,0.0020629819462585353
2014-03-19,0.0012261379339957301
2014-03-20,-0.0024953226894046665
2014-03-21,0.004911951224433331
2014-03-24,0.0038722223528449007
2014-03-25,0.007672716627947107
2014-03-26,0.015425579879738693
2014-03-27,0.0010371879703594544
2014-03-28,0.0011840225713717345
2014-03-31,0.010344278357287351
2014-04-01,0.003741682032527782
2014-04-02,0.003377602121328538
2014-04-03,0.009863633342766631
2014-04-04,0.013129550347950047
2014-04-07,-0.008772838563479546
2014-04-08,0.01417046917901521
2014-04-09,0.015194042054896162
2014-04-10,0.0012120639974022573
2014-04-11,-0.009982710413371843
2014-04-14,0.00758404494744358
2014-04-15,-0.00040959356732295227
2014-04-16,0.012716453955003981
2014-04-17,0.005598831776168156
2014-04-21,0.01664173217521303
2014-04-22,0.004303046581684233
2014-04-23,0.004153581585973232
2014-04-24,0.011933575426136489
2014-04-25,-0.007638648508234369
2014-04-28,0.007301464176595607
2014-04-29,0.006352972472085661
2014-04-30,6.0745799129735545e-05
2014-05-01,0.00019175271308746744
2014-05-02,-0.002699569519225009
2014-05-05,-0.005850812752414947
2014-05-06,0.0064306818504007435
2014-05-07,0.002865544100222328
2014-05-08,-0.00994348339457285
2014-05-09,-0.010768453753391305
2014-05-12,0.009854858492928331
2014-05-13,0.0025015999862598726
2014-05-14,-0.007071486070837074
2014-05-15,-0.0003584123359271496
2014-05-16,0.0019110845784888753
2014-05-19,0.002730654239187613
2014-05-20,0.002183462838826866
2014-05-21,0.009036979267869727
2014-05-22,-0.00041896557080634
2014-05-23,0.0013556269477819072
2014-05-27,0.00555705762800307
2014-05-28,0.0017192077775065595
2014-05-29,0.003929820116226779
2014-05-30,0.007008782433624017
2014-06-02,0.008117669220927715
2014-06-03,-0.0043511987971252
2014-06-04,-0.004280253305678605
2014-06-05,0.002974437390279361
2014-06-06,0.008800876276573444
2014-06-09,0.00016439216597397
2014-06-10,-0.0008663010090773637
2014-06-11,0.007522791638713722
2014-06-12,-0.0016871912492171237
2014-06-13,0.008848437230028816
2014-06-16,0.0020585912890460634
2014-06-17,-0.0005617849469868874
2014-06-18,0.0030689826718044433
2014-06-19,0.005087353161246089
2014-06-20,0.0018580725055306058
2014-06-23,0.0029855893399841626
2014-06-24,0.005071099094879683
2014-06-25,-0.001323646518508692
2014-06-26,0.000254425684956594
2014-06-27,-0.003080016191652546
2014-06-30,0.0055857841120354745
2014-07-01,0.0072898936427086
2014-07-02,0.0005524706081705411
2014-07-03,0.006568934220078981
2014-07-07,-0.00016682665514833328
2014-07-08,-0.0024640276459259036
2014-07-09,0.0017437104741089282
2014-07-10,-0.024868781070610524
2014-07-11,0.0007042529287291099
2014-07-14,0.009741406394136343
2014-07-15,0.0002926972552319551
2014-07-16,0.009939434815235071
2014-07-17,-0.007482380041399672
2014-07-18,0.004493062893874855
2014-07-21,-0.005129742324251119
2014-07-22,0.0013604645706217777
2014-07-23,0.0005436143487669298
2014-07-24,0.009850809897123058
2014-07-25,-0.003954513658775083
2014-07-28,0.0006582095837641688
2014-07-29,0.000843839260841861
2014-07-30,0.008480883072183643
2014-07-31,-0.017877684500976154
2014-08-01,0.003453965340313836
2014-08-04,0.005058229175623152
2014-08-05,-0.0038555792818832924
2014-08-06,-0.0032665122836728067
2014-08-07,0.003990527485364215
2014-08-08,0.0025141007439919427
2014-08-11,0.008451557032331802
2014-08-12,-0.0034395285576913626
2014-08-13,0.00891439107016323
2014-08-14,0.001115671840890009
2014-08-15,0.013611057699300488
2014-08-18,-0.0009804817289020828
2014-08-19,0.006672646267325888
2014-08-20,-0.002442568707117454
2014-08-21,-0.0014615904593004991
2014-08-22,0.0023334341171958872
2014-08-25,0.006097713954022588
2014-08-26,0.0024157475700989917
2014-08-27,0.0032190495375121753
2014-08-28,-0.002094515607528158
2014-08-29,0.010815250596033055
2014-09-02,0.005094567364017477
2014-09-03,0.0029226305467524583
2014-09-04,0.00301473505106431
2014-09-05,0.0004589514665551686
2014-09-08,0.00046920171769326835
2014-09-09,-0.0008311425484919255
2014-09-10,0.0035331267368678976
2014-09-11,-0.0041306604198958485
2014-09-12,-0.0004836839566271234
2014-09-15,-0.0019364605048026728
2014-09-16,-0.0034024597180869476
2014-09-17,0.002089716032708022
2014-09-18,0.006741731240925253
2014-09-19,0.007721277298497142
2014-09-22,-0.0020014246514261647
2014-09-23,-0.00281310441744298
2014-09-24,0.007276935647979377
2014-09-25,0.000890423846277244
2014-09-26,0.01734432399692798
2014-09-29,-0.011264778016970123
2014-09-30,0.0018060717801164916
2014-10-01,0.0012929676520925248
2014-10-02,-0.0019029601428257603
2014-10-03,0.013239223946630796
2014-10-06,0.00044700147029241855
2014-10-07,-0.006305233303556923
2014-10-08,0.0021067360654247747
2014-10-09,-0.004108083499290371
2014-10-10,-0.016752138163020014
2014-10-13,0.011760148613433996
2014-10-14,0.019617799619705778
2014-10-15,-0.023537220242558554
2014-10-16,-0.018836678600558376
2014-10-17,0.01850343855006953
2014-10-20,0.0025079598441024586
2014-10-21,0.015111358516691986
2014-10-22,0.0022063851514160238
2014-10-23,0.012440479744613375
2014-10-24,0.0026063639343585354
2014-10-27,-0.008205823084475594
2014-10-28,0.006852831465313791
2014-10-29,-0.006933450235751204
2014-10-30,-0.00506589399820101
2014-10-31,0.022092333710071355
2014-11-03,0.0013282328017270029
2014-11-04,-0.0028216960733977725
2014-11-05,0.0029527986158186526
2014-11-06,0.0009854629046603947
2014-11-07,-3.9951962778173034e-05
2014-11-10,0.00027852179186305115
2014-11-11,0.00027337642342617485
2014-11-12,-0.002550842835594258
2014-11-13,0.0008963401478603306
2014-11-14,0.0010428974351703868
2014-11-17,-0.004311661342737416
2014-11-18,-0.0002160068911710722
2014-11-19,0.0010824755046803247
2014-11-20,-0.002862684755071787
2014-11-21,0.01518753072587642
2014-11-24,0.006553811756581762
2014-11-25,0.004235212025760049
2014-11-26,-4.9238268354678816e-05
2014-11-28,0.002463443578996971
2014-12-01,-0.0011900094059008604
2014-12-02,0.007357731496260955
2014-12-03,-0.003950645608457037
2014-12-04,0.01963219677964867
2014-12-05,0.004304295082337317
2014-12-08,-0.004810989386786035
2014-12-09,-0.02403367603006601
2014-12-10,-0.0025638375996910323
2014-12-11,0.014196694069253502
2014-12-12,-0.012158884038134365
2014-12-15,0.010428316717947528
2014-12-16,-0.005647589606983527
2014-12-17,0.012011698082917688
2014-12-18,0.017641177252853524
2014-12-19,0.000731423789832597
2014-12-22,0.010425795760547585
2014-12-23,0.008885502218280328
2014-12-24,0.004320745508460844
2014-12-26,0.003783906224251732
2014-12-29,-0.002653213412525446
2014-12-30,-0.003606022600619818
2014-12-31,0.0016766777549224177
2015-01-02,0.004716671523299798
2015-01-05,-0.0018748723422464808
2015-01-06,0.005607742846165165
2015-01-07,0.011525318325745104
2015-01-08,0.010942634897387782
2015-01-09,0.005206997946249903
2015-01-12,0.0013031522607247492
2015-01-13,0.006609718361902717
2015-01-14,-0.00824706492957683
2015-01-15,0.0056391413959266945
2015-01-16,-0.0014631046597419761
2015-01-20,0.002563015436360505
2015-01-21,-0.0028259171944301498
2015-01-22,0.004679003249215663
2015-01-23,-0.0025221847208098946
2015-01-26,0.00011879926171887156
2015-01-27,-0.01462196593254872
2015-01-28,0.009728087048437972
2015-01-29,0.00048351827328696473
2015-01-30,-0.009456128176109968
2015-02-02,0.0013618811706848089
2015-02-03,-0.001582131704819023
2015-02-04,-0.004986524044985896
2015-02-05,0.003729073307212616
2015-02-06,0.0024529021468773227
2015-02-09,-0.005648595870587969
2015-02-10,0.006897580166079775
2015-02-11,0.0007911967136589038
2015-02-12,0.00534353397226317
2015-02-13,0.005615716789856284
2015-02-17,0.00201632408433583
2015-02-18,-4.3483651650855215e-05
2015-02-19,-0.00015731317048184312
2015-02-20,0.0017118757888874292
2015-02-23,0.004441816299514123
2015-02-24,0.0029176975558249385
2015-02-25,-9.131161170272684e-05
2015-02-26,0.009751870342511015
2015-02-27,0.031505035625570166
2015-03-02,0.024206396420474396
2015-03-03,-0.007783276894770319
2015-03-04,-0.004394322039016907
2015-03-05,0.000616985209954457
2015-03-06,-0.012007975664090398
2015-03-09,-0.00026889296513255
2015-03-10,-0.009860297934036866
2015-03-11,-0.0005225478991259802
2015-03-12,0.004601043359879986
2015-03-13,-0.0012149898143630766
2015-03-16,0.005814431986322033
2015-03-17,-0.006209796714027216
2015-03-18,-0.0020047245144518833
2015-03-19,-0.003091896903355984
2015-03-20,0.006526493398134603
2015-03-23,-0.0003586919041954628
2015-03-24,0.002396072354749812
2015-03-25,-0.0007201965948817612
2015-03-26,-0.007423931765767944
2015-03-27,-0.0009147364086236065
2015-03-30,0.005501929576031905
2015-03-31,0.0012662087044539305
2015-04-01,0.0004965075169112154
2015-04-02,0.0045065938235118175
2015-04-06,-0.006678381447113746
2015-04-07,0.0012385696320325046
2015-04-08,-0.00383748771720549
2015-04-09,-0.005762855378977472
2015-04-10,0.002636563181850793
2015-04-13,-0.00023864277071583562
2015-04-14,-0.0030097729315261557
2015-04-15,0.008334138688823156
2015-04-16,-0.0030643068000846263
2015-04-17,-0.03381874992917877
2015-04-20,0.002748507852848636
2015-04-21,0.01017715616781123
2015-04-22,0.0025907340810769064
2015-04-23,-0.012411181245004399
2015-04-24,0.004084215826253512
2015-04-27,0.0032768713323310106
2015-04-28,0.0009753954032860612
2015-04-29,0.005403217507153668
2015-04-30,-0.0024817738926521393
2015-05-01,0.0042746651510015
2015-05-04,0.004688321389057171
2015-05-05,0.0016915934606325234
2015-05-06,0.004388381467206548
2015-05-07,0.00017190886486417867
2015-05-08,0.0092656718140669
2015-05-11,0.0017622521823230652
2015-05-12,-0.00449513167748572
2015-05-13,0.005526217525032795
2015-05-14,0.006705248757417959
2015-05-15,0.008786609004372448
2015-05-18,-0.007301143348336647
2015-05-19,0.004987424485873637
2015-05-20,-1.968112802464006e-05
2015-05-21,0.0012192696944770542
2015-05-22,0.002011919419009578
2015-05-26,0.005733412430389162
2015-05-27,0.002302129182163659
2015-05-28,0.011320155232496187
2015-05-29,0.000675236129393797
2015-06-01,0.0025498721116956613
2015-06-02,-0.0012412440085547427
2015-06-03,0.0057140071734769204
2015-06-04,-0.004617993793567199
2015-06-05,-0.0030253958078908516
2015-06-08,-0.0042122412645603236
2015-06-09,0.0046083412399020585
2015-06-10,0.0027878196936319544
2015-06-11,0.0006095110702615258
2015-06-12,-0.005162792376586456
2015-06-15,-0.010850362492545007
2015-06-16,-0.0031201423219433533
2015-06-17,0.0022712853984883097
2015-06-18,0.005472665469705262
2015-06-19,0.003359329025845348
2015-06-22,0.0017830908142564272
2015-06-23,0.0005663137926699147
2015-06-24,-0.0016033238772675817
2015-06-25,0.001235237954628099
2015-06-26,-0.03592453438542098
2015-06-29,-0.01584471142876276
2015-06-30,0.01466365481424936
2015-07-01,0.016590840897425574
2015-07-02,0.0008203340593624375
2015-07-06,-0.013731492712931281
2015-07-07,-0.0390459120759149
2015-07-08,-0.011608419408913662
2015-07-09,0.014419431599265176
2015-07-10,0.012198898823167825
2015-07-13,0.009174292873278311
2015-07-14,0.03178694798605397
2015-07-15,-0.0011040825070404159
2015-07-16,0.009330032527440135
2015-07-17,-0.0008013031421462147
2015-07-20,0.005525169248696393
2015-07-21,0.00020924587396420335
2015-07-22,-0.018014455615742997
2015-07-23,0.00859702972943932
2015-07-24,0.0024556516069722534
2015-07-27,-0.006964712247404914
2015-07-28,0.034665965952767275
2015-07-29,0.0027070678121301484
2015-07-30,-0.00738445523173592
2015-07-31,0.005108922431705132
2015-08-03,0.005250168027868485
2015-08-04,0.0035620294343039482
2015-08-05,0.0058082934209724435
2015-08-06,0.00018945174933571174
2015-08-07,0.011235939998663236
2015-08-10,-0.014051289417989055
2015-08-11,-0.011010520418174186
2015-08-12,-0.012953639850966647
2015-08-13,0.0002687142586368374
2015-08-14,0.0005512521644532864
2015-08-17,-0.010314809494975208
2015-08-18,-0.004229217259417495
2015-08-19,-0.003967752130205171
2015-08-20,-0.014285493958332673
2015-08-21,-0.016355744349556445
2015-08-24,-0.0585964072911096
2015-08-25,0.041647276005548184
2015-08-26,0.027293715525902318
2015-08-27,0.017413090246644947
2015-08-28,0.0015811775036878029
2015-08-31,-0.0063734363939011995
2015-09-01,-0.029433222004470627
2015-09-02,0.02089546940210263
2015-09-03,0.005110016627873026
2015-09-04,-0.01727265032134484
2015-09-08,0.02597460416356223
2015-09-09,0.009489775176741766
2015-09-10,-0.002207957967562124
2015-09-11,-0.0002348164504436534
2015-09-14,0.0032537996724910645
2015-09-15,0.005804378455946946
2015-09-16,-0.00024857284653911904
2015-09-17,0.0038561332726847475
2015-09-18,-0.01538861189444396
2015-09-21,0.004315745668121096
2015-09-22,-0.01561198884264725
2015-09-23,0.004877384125972162
2015-09-24,-0.007238146423676595
2015-09-25,0.011026648201209799
2015-09-28,-0.007939509277328338
2015-09-29,0.008390362183457789
2015-09-30,0.016817584607798697
2015-10-01,0.0026124379592873392
2015-10-02,0.002059954810808451
2015-10-05,0.007388945547985193
2015-10-06,-0.002876883039327649
2015-10-07,0.005175060007694743
2015-10-08,-0.001980507780331542
2015-10-09,-0.0029799469389260036
2015-10-12,0.005753721743399387
2015-10-13,-0.007514808943918094
2015-10-14,0.005536006869903742
2015-10-15,0.004375696967836129
2015-10-16,0.005219281390019148
2015-10-19,-0.004056332236212157
2015-10-20,-0.006377446619816429
2015-10-21,-0.002485030151058165
2015-10-22,0.004206968658218013
2015-10-23,0.006426490713170141
2015-10-26,-0.003697666198492877
2015-10-27,-0.023947440296559375
2015-10-28,0.007218819800690612
2015-10-29,-0.019527260563756754
2015-10-30,0.006538546234920117
2015-11-02,0.008129877901087657
2015-11-03,-0.0022539642745196264
2015-11-04,0.0028673465482209615
2015-11-05,0.006220619333829891
2015-11-06,-0.001258410826098677
2015-11-09,-0.00626593052041291
2015-11-10,-0.00243624182127844
2015-11-11,0.00502710003619411
2015-11-12,-0.0060939220353598555
2015-11-13,-0.007795197880631655
2015-11-16,-0.004419438649469809
2015-11-17,0.0015774181922447728
2015-11-18,0.0043100780746161416
2015-11-19,0.023463728545836338
2015-11-20,0.009960197729384834
2015-11-23,-0.0018047132198135696
2015-11-24,-0.008755538304322852
2015-11-25,0.0006085615934965372
2015-11-27,-0.0006739935415526199
2015-11-30,0.0006157491776468405
2015-12-01,0.003917853294755691
2015-12-02,0.002965365905724271
2015-12-03,0.007017307495691627
2015-12-04,0.00031688450189437667
2015-12-07,0.00010948419155965006
2015-12-08,-0.014176474046820875
2015-12-09,-0.0029138396388899146
2015-12-10,0.008868065885186516
2015-12-11,-0.013163718046867112
2015-12-14,0.0009184584968502385
2015-12-15,0.007995103030436379
2015-12-16,0.0077161941063255135
2015-12-17,0.004554892718691805
2015-12-18,-0.004491929187261934
2015-12-21,0.005615928891910649
2015-12-22,0.003666788641879526
2015-12-23,0.004774666003755534
2015-12-24,-0.00034055289576284675
2015-12-28,-0.00017008160273590534
2015-12-29,0.00496498958721836
2015-12-30,-0.0009856773932203078
2015-12-31,-0.0036281009985359436
2016-01-04,-0.023899160067850644
2016-01-05,0.009972806610168528
2016-01-06,-0.016157334591828665
2016-01-07,-0.019233188433509962
2016-01-08,0.011675864719545181
2016-01-11,0.0033794381550922292
2016-01-12,0.012086088180712773
2016-01-13,0.00528056210177863
2016-01-14,-0.0024874980725397844
2016-01-15,-0.03249348483443226
2016-01-19,0.01387212999340215
2016-01-20,-0.017972857009555532
2016-01-21,0.005790325056378665
2016-01-22,0.020432225002221305
2016-01-25,-0.00032117152003563465
2016-01-26,0.005211196504246951
2016-01-27,3.9937860557115457e-05
2016-01-28,0.02314546186783306
2016-01-29,-0.016778674029527485
2016-02-01,-0.0001038864553757346
2016-02-02,-0.013242056213060849
2016-02-03,0.01672962145052681
2016-02-04,-0.002087496050806825
2016-02-05,-0.006697117244684581
2016-02-08,-0.01391140650027689
2016-02-09,-0.01617660517981312
2016-02-10,0.011799233172817614
2016-02-11,-0.019368611163995686
2016-02-12,0.013979517883806025
2016-02-16,0.017970837319726485
2016-02-17,0.010300474675221327
2016-02-18,0.023533453116616698
2016-02-19,-0.002511065969121651
2016-02-22,0.014564468849817214
2016-02-23,-0.0029447469628538503
2016-02-24,-0.008504898298420493
2016-02-25,0.0021594654998489116
2016-02-26,0.0076396134799490145
2016-02-29,-0.0015602284221936102
2016-03-01,0.009987378515334155
2016-03-02,-0.0022073655705050488
2016-03-03,0.0017047031323438322
2016-03-04,0.011075590955506032
2016-03-07,-0.011984221188128696
2016-03-08,-0.010591151447140401
2016-03-09,0.0076274501849109555
2016-03-10,0.009768522524613354
2016-03-11,0.011278261334466189
2016-03-14,-0.004485813554020224
2016-03-15,-0.004243044686900732
2016-03-16,-0.0034791570692607188
2016-03-17,0.007186261423999918
2016-03-18,0.0034518411479829147
2016-03-21,-0.004010989130544318
2016-03-22,-0.008873656108802863
2016-03-23,0.0015399739305439475
2016-03-24,-0.006116567904909775
2016-03-28,0.0030255933809228974
2016-03-29,-0.007510131658415076
2016-03-30,0.006143029095898811
2016-03-31,-0.002052121794585249
2016-04-01,-0.011094727536960503
2016-04-04,0.00322138091660662
2016-04-05,-0.00814184857828526
2016-04-06,-0.005910163466781526
2016-04-07,-0.006093559242554614
2016-04-08,0.008092253676492467
2016-04-11,0.006634564916725205
2016-04-12,0.002535921433664212
2016-04-13,0.005476752868487145
2016-04-14,-0.005148160933777457
2016-04-15,-0.0013591873954554856
2016-04-18,-0.0016814116068734064
2016-04-19,0.003591476791249937
2016-04-20,-0.0008721230514410205
2016-04-21,0.0008023079500583119
2016-04-22,-0.0023423444064861743
2016-04-25,-0.002317432416302445
2016-04-26,0.006361791486339197
2016-04-27,-0.006414581969944155
2016-04-28,-0.003489748343683985
2016-04-29,-0.0031977029029489623
2016-05-02,0.005132914600369132
2016-05-03,-0.009974625567404583
2016-05-04,-0.010234773772840766
2016-05-05,0.0085965978487057
2016-05-06,0.004927929437304579
2016-05-09,-0.001327590770847431
2016-05-10,0.002782089352037609
2016-05-11,-0.003361153226315361
2016-05-12,0.0012181362493333125
2016-05-13,0.016552694251443345
2016-05-16,-0.001717002980183402
2016-05-17,-0.0026842985287257592
2016-05-18,-0.004927228589319377
2016-05-19,-0.00566839470319036
2016-05-20,0.006320981715433938
2016-05-23,0.0028157100534875745
2016-05-24,0.005316159173017754
2016-05-25,0.001095281702008677
2016-05-26,0.0008773516911706469
2016-05-27,-0.0009138602424125786
2016-05-31,0.006760505944834794
2016-06-01,-0.004121041792962354
2016-06-02,-0.00020915610813387886
2016-06-03,0.007155937215172825
2016-06-06,0.004046657923312713
2016-06-07,0.007010416889649651
2016-06-08,0.0003067153150702051
2016-06-09,-0.007578613477968954
2016-06-10,-0.011997937916435997
2016-06-13,-0.002274776694489611
2016-06-14,-0.004255874898764778
2016-06-15,0.005857379705155541
2016-06-16,-0.0019826931438271522
2016-06-17,-0.00027076992597918625
2016-06-20,0.017208894881876047
2016-06-21,0.0018492047963158953
2016-06-22,0.0015449156694904431
2016-06-23,0.01594761167246528
2016-06-24,-0.0469263857026061
2016-06-27,-0.010019576639727079
2016-06-28,0.023284407324520195
2016-06-29,0.01712704881738869
2016-06-30,0.0024480813993086326
2016-07-01,-0.0056316351721066304
2016-07-05,-0.006919533561006386
2016-07-06,-0.002540582038714101
2016-07-07,0.004723532359877991
2016-07-08,0.007902632548239863
2016-07-11,0.007299341711584084
2016-07-12,0.007459640070008433
2016-07-13,0.002442920201962462
2016-07-14,0.00771109124098901
2016-07-15,-0.0012484525341018848
2016-07-18,0.010908349222070957
2016-07-19,-0.0025007684879075898
2016-07-20,0.006459536726785231
2016-07-21,-0.0004281617323422804
2016-07-22,0.02084010335666675
2016-07-25,0.003874742443541912
2016-07-26,0.006876518372127993
2016-07-27,0.002530909907205947
2016-07-28,-0.0016117179536467852
2016-07-29,0.002952426624931226
2016-08-01,0.004406925368433345
2016-08-02,-0.002078613650126515
2016-08-03,-0.0061653502091473245
2016-08-04,0.005298522626626001
2016-08-05,0.009659474970437953
2016-08-08,0.006784700558054801
2016-08-09,0.006094881220583215
2016-08-10,-0.005735113734824604
2016-08-11,0.003731121593484543
2016-08-12,0.009042355512935085
2016-08-15,0.0055918756241679635
2016-08-16,-0.00039178740604972617
2016-08-17,-0.0015136117925205195
2016-08-18,0.004677416307435234
2016-08-19,0.02119829208201729
2016-08-22,0.004440499722864644
2016-08-23,0.008602804211407022
2016-08-24,0.0009466651105423107
2016-08-25,0.006567582278905748
2016-08-26,0.00300400945634971
2016-08-29,0.008861909370315502
2016-08-30,0.001777240355111731
2016-08-31,0.0019969574572824556
2016-09-01,-0.0028507092708145443
2016-09-02,0.013897950450558527
2016-09-06,0.005020507805155061
2016-09-07,-0.00582901108423306
2016-09-08,-0.005900470202500507
2016-09-09,-0.0069773100045009695
2016-09-12,-0.010304142801308203
2016-09-13,-0.006746057213035117
2016-09-14,0.001916305411943986
2016-09-15,0.003953963376082337
2016-09-16,0.01609275773686014
2016-09-19,0.010453405666507987
2016-09-20,0.009067338771590494
2016-09-21,0.0071333822812542635
2016-09-22,0.008640876041020817
2016-09-23,-0.0027668405006459063
2016-09-26,-0.005420769356935806
2016-09-27,0.00484579859460843
2016-09-28,0.003773789005229178
2016-09-29,-0.0022771401551243686
2016-09-30,0.006777071861606698
2016-10-03,0.004237881883417671
2016-10-04,0.004090081291285186
2016-10-05,-0.0002325201909649799
2016-10-06,-0.003955506404838216
2016-10-07,-0.0008099056293278117
2016-10-10,0.006826751904355222
2016-10-11,-0.0027064781637354818
2016-10-12,0.003528655790154156
2016-10-13,-0.013207747272541925
2016-10-14,0.01934648972907005
2016-10-17,0.007337257645240403
2016-10-18,0.01366050008347841
2016-10-19,-0.007923666781961325
2016-10-20,0.00016526047803844257
2016-10-21,-0.01726762676587812
2016-10-24,0.007754119320842134
2016-10-25,-0.0036545100009186537
2016-10-26,-0.008616219177446482
2016-10-27,0.011767386592745677
2016-10-28,0.0025159950359929795
2016-10-31,0.007072279482356114
2016-11-01,0.004921271429164653
2016-11-02,-0.0016179838199744667
2016-11-03,-0.0005980722513323489
2016-11-04,-0.006054762582860751
2016-11-07,0.022854294540639808
2016-11-08,-0.0038781544175882088
2016-11-09,-0.02538184361349982
2016-11-10,0.005256479629469846
2016-11-11,0.048610607922483506
2016-11-14,0.009614807408714121
2016-11-15,0.005900711393649116
2016-11-16,0.006680195842791781
2016-11-17,0.008582299309240815
2016-11-18,0.019600979617489855
2016-11-21,0.007076698645396506
2016-11-22,0.007429646217592012
2016-11-23,-0.0009746007579372051
2016-11-25,-0.00038771637220136324
2016-11-28,-0.003283876221005233
2016-11-29,0.001296069258525101
2016-11-30,0.003996815170797641
2016-12-01,0.0012363370886583347
2016-12-02,-0.0038244826602527038
2016-12-05,0.004988582834722699
2016-12-06,0.009614476858223364
2016-12-07,0.009158527930049898
2016-12-08,0.011503016951337042
2016-12-09,0.005524966380416219
2016-12-12,-0.006690178892647114
2016-12-13,0.0040168792446242385
2016-12-14,-0.001693466418259515
2016-12-15,0.006423194686705491
2016-12-16,0.00885529002792329
2016-12-19,-0.0001570436949609455
2016-12-20,0.016398228239333568
2016-12-21,0.003064688511310365
2016-12-22,0.031036797185473697
2016-12-23,-0.008955397439017632
2016-12-27,0.00779597126849918
2016-12-28,0.009544995641919796
2016-12-29,-0.016261065163916677
2016-12-30,0.003556107882788595
2017-01-03,-0.00018193394962606746
2017-01-04,0.0049362870339615394
2017-01-05,0.0012790853277413472
2017-01-06,0.0047151370758231614
2017-01-09,0.00218759266083679
2017-01-10,0.002760727787306072
2017-01-11,-0.0008043927186778266
2017-01-12,-0.01128341905694874
2017-01-13,0.0014006004665816363
2017-01-17,-0.012392864766066825
2017-01-18,-0.004567965471392821
2017-01-19,-0.006667811290589132
2017-01-20,0.007468565053126541
2017-01-23,-0.0033049013729227195
2017-01-24,0.0067493638404843015
2017-01-25,0.01742056228314426
2017-01-26,0.003552172689162969
2017-01-27,0.0036323296529969795
2017-01-30,-0.0067271410328496595
2017-01-31,-0.007615308812034094
2017-02-01,0.02576520166853702
2017-02-02,-0.006631730964523741
2017-02-03,0.003708818427325067
2017-02-06,0.0024178835495045625
2017-02-07,0.012589088355596356
2017-02-08,-0.0035253246021449414
2017-02-09,0.008970022538363542
2017-02-10,0.016656963199621844
2017-02-13,0.01793813070108996
2017-02-14,-0.003760687691295228
2017-02-15,0.0007114239373826603
2017-02-16,0.0009980177198976037
2017-02-17,-0.005455047056730167
2017-02-21,0.00952487991704043
2017-02-22,0.005465998180967491
2017-02-23,-0.008288094258555145
2017-02-24,-0.020970049940207902
2017-02-27,0.005030816182824749
2017-02-28,0.0023233886627289646
2017-03-01,0.02383606767534996
2017-03-02,-0.0037275733788818544
2017-03-03,-0.0023387339050796596
2017-03-06,-0.004857482465580154
2017-03-07,-0.0008432025033306978
2017-03-08,0.0076713064151958665
2017-03-09,0.0011930969210975917
2017-03-10,0.009078126617143578
2017-03-13,0.012714159500264222
2017-03-14,-0.0053241089721292045
2017-03-15,-0.00319659566681163
2017-03-16,-0.00021576356197572366
2017-03-17,-0.000490856974757925
2017-03-20,0.006325649024016444
2017-03-21,0.0006570394306386618
2017-03-22,-8.218654639036149e-05
2017-03-23,-0.00038880129949092623
2017-03-24,0.03895681485555258
2017-03-27,-0.013475773310726802
2017-03-28,0.0008592431211829066
2017-03-29,-0.00030213443533910755
2017-03-30,0.000869741732716145
2017-03-31,9.323500818592123e-05
2017-04-03,0.0024126705987406183
2017-04-04,-0.014994093746531378
2017-04-05,0.0015055860681174593
2017-04-06,-0.009707501142125596
2017-04-07,0.00044757193814737306
2017-04-10,-9.384529224576443e-05
2017-04-11,-0.004505941811926983
2017-04-12,0.0005604009825348477
2017-04-13,-0.00688086345896588
2017-04-17,0.0063487720977810636
2017-04-18,-0.005679868614360539
2017-04-19,0.00819519369761168
2017-04-20,0.006738304536678008
2017-04-21,-0.0005817979262411344
2017-04-24,0.012891155424956224
2017-04-25,0.009498319204413352
2017-04-26,-0.003716111734299643
2017-04-27,0.005256840561922882
2017-04-28,-0.0029657031126490985
2017-05-01,0.004716144004621947
2017-05-02,-0.028994934279097495
2017-05-03,-0.0023988939534125286
2017-05-04,0.003412432977902169
2017-05-05,0.0013307950405796465
2017-05-08,-0.003063723675218233
2017-05-09,0.002675224464518733
2017-05-10,0.03143116742023189
2017-05-11,-0.003643466814648888
2017-05-12,0.002986266602257759
2017-05-15,0.008993926344210479
2017-05-16,0.010869251585263306
2017-05-17,-0.0278224416244075
2017-05-18,0.0009373905184997255
2017-05-19,0.019249715849135374
2017-05-22,0.007695451300043787
2017-05-23,0.0013822848833324741
2017-05-24,0.01115606455772622
2017-05-25,0.00734558599941626
2017-05-26,-0.005131789055478619
2017-05-30,0.003216811540406539
2017-05-31,0.008245406069282923
2017-06-01,0.002337465100744396
2017-06-02,0.0018510947520662402
2017-06-05,-0.0024078003892883393
2017-06-06,-0.0023302677827751195
2017-06-07,0.004736903712475593
2017-06-08,0.011915697398985348
2017-06-09,0.009570957542529568
2017-06-12,-0.014862028182713316
2017-06-13,0.011995095477162154
2017-06-14,0.003639950362692712
2017-06-15,-0.020782893768747646
2017-06-16,0.0013905731172805247
2017-06-19,0.015843792145275204
2017-06-20,0.003997266787227671
2017-06-21,0.002106933489631757
2017-06-22,0.0019713882236462865
2017-06-23,-0.0026494981103696302
2017-06-26,0.009512269304259524
2017-06-27,-0.004806307156241418
2017-06-28,0.010436680544265942
2017-06-29,-0.007041560230163446
2017-06-30,0.009627225937152817
2017-07-03,0.00663638680556633
2017-07-05,0.008258928333599647
2017-07-06,-0.01544330531546756
2017-07-07,0.009382884116614365
2017-07-10,0.004470608935619902
2017-07-11,0.00046502984237495326
2017-07-12,0.01124170245502909
2017-07-13,0.0034972681484450874
2017-07-14,0.0008917613589534135
2017-07-17,0.0020008424185593565
2017-07-18,-0.005922665866357035
2017-07-19,0.0035936146031771976
2017-07-20,0.004115208916168012
2017-07-21,-0.0010597140027592822
2017-07-24,4.701537899665098e-06
2017-07-25,-0.0052832933632205314
2017-07-26,0.00420689222075743
2017-07-27,0.010033936057289194
2017-07-28,0.010426618603695648
2017-07-31,0.005718969976613142
2017-08-01,0.0008435430369477803
2017-08-02,0.007072822142454971
2017-08-03,-0.0025419828617132545
2017-08-04,0.0014882027442919554
2017-08-07,0.007130832786441665
2017-08-08,0.003091110718805856
2017-08-09,-0.00901183648148729
2017-08-10,-0.004365997615135231
2017-08-11,0.012594603148935235
2017-08-14,0.017775081963008255
2017-08-15,0.004336831035008926
2017-08-16,0.004440634663070986
2017-08-17,-0.005681484614619925
2017-08-18,0.007088374958909904
2017-08-21,0.0018929500303963565
2017-08-22,0.0054020000652752476
2017-08-23,-0.009147434855934944
2017-08-24,0.00889520033227953
2017-08-25,0.003555315237547374
2017-08-28,0.004668992135708372
2017-08-29,-0.015076051130608947
2017-08-30,0.001298330795767244
2017-08-31,0.005561118691140621
2017-09-01,0.002915253696709419
2017-09-05,-0.005134792030415558
2017-09-06,0.004637755513394959
2017-09-07,0.0032862959007500248
2017-09-08,-7.444634157982577e-05
2017-09-11,0.013500720463543558
2017-09-12,0.005513547179890388
2017-09-13,0.00033719859952507925
2017-09-14,-0.0037159700617603875
2017-09-15,0.004117352374268357
2017-09-18,0.012406368119502131
2017-09-19,0.0011925883929502223
2017-09-20,0.0017639138347422811
2017-09-21,-0.004726330919196942
2017-09-22,-0.003714099933845416
2017-09-25,-0.0027940973149575
2017-09-26,0.012666800039486947
2017-09-27,0.02424406687466818
2017-09-28,-0.0004015645016888225
2017-09-29,0.005993934833527614
2017-10-02,0.005010675602836301
2017-10-03,0.0019254171962741484
2017-10-04,-0.0022706094498951
2017-10-05,0.004568620293589953
2017-10-06,-0.005861206548893549
2017-10-09,0.0001607118689623821
2017-10-10,0.012143822501901047
2017-10-11,-0.005695263211441981
2017-10-12,-0.00213284119610313
2017-10-13,0.010483052406995652
2017-10-16,0.006513757223360006
2017-10-17,-0.0008039985421057771
2017-10-18,0.006085642060842611
2017-10-19,-0.012820427413932522
2017-10-20,0.00847325489364259
2017-10-23,0.008393731123146786
2017-10-24,0.005490827010261379
2017-10-25,-0.0017838991570168217
2017-10-26,0.005207853410488461
2017-10-27,0.0052898106668570755
2017-10-30,0.0008758109560091931
2017-10-31,0.007160532962739108
2017-11-01,0.008169811017982864
2017-11-02,-0.0026284442741385527
2017-11-03,0.004970829800812426
2017-11-06,-0.0008807216881310254
2017-11-07,0.003998186047995178
2017-11-08,-0.001974811741630389
2017-11-09,-0.012215788534488348
2017-11-10,-0.017950245064222492
2017-11-13,-0.004869678397520838
2017-11-14,-0.001643410949963009
2017-11-15,-0.009662381093588301
2017-11-16,0.008277437806420984
2017-11-17,0.007855574223606165
2017-11-20,0.004433307711158907
2017-11-21,0.009479187029317604
2017-11-22,0.005113913843146856
2017-11-24,0.0025585722814844836
2017-11-27,-0.012823903867978381
2017-11-28,0.0034577024564246273
2017-11-29,-0.0067983455371894985
2017-11-30,0.0072081399538284074
2017-12-01,-0.011080079499462547
2017-12-04,0.006239690832721356
2017-12-05,-0.010738271872155036
2017-12-06,-0.005979536874145763
2017-12-07,0.00641320439039772
2017-12-08,0.013536030846112324
2017-12-11,0.0019921080369582622
2017-12-12,-0.003722727132912884
2017-12-13,0.005486025644851011
2017-12-14,0.003585407860751122
2017-12-15,0.006990890505728098
2017-12-18,0.014399650901262273
2017-12-19,0.008084553107259307
2017-12-20,0.01792531130144348
2017-12-21,0.0006257724131322195
2017-12-22,-0.0036154772441001626
2017-12-26,-0.009569003712257884
2017-12-27,-0.0006457981860223949
2017-12-28,0.004477950890991345
2017-12-29,0.0003561280867256933
2018-01-02,0.007739305863543322
2018-01-03,0.014998607026808664
2018-01-04,0.014900228495603018
2018-01-05,-0.00033761162470635764
2018-01-08,0.001976553166977757
2018-01-09,-7.368121765494173e-05
2018-01-10,-0.01389709580598697
2018-01-11,0.005584978720782896
2018-01-12,0.0005108120822072681
2018-01-16,0.008080226346816266
2018-01-17,0.004908081459287894
2018-01-18,-0.0014880964004650998
2018-01-19,0.006035828628105033
2018-01-22,-0.00016117674494542378
2018-01-23,0.005367693457525746
2018-01-24,-0.003224453352625112
2018-01-25,0.011383585812337005
2018-01-26,0.00983055598891558
2018-01-29,-0.004235383198095799
2018-01-30,-0.019291429081025435
2018-01-31,0.017887056487584596
2018-02-01,-0.00971307709515945
2018-02-02,-0.009197016058028584
2018-02-05,-0.01657570955560239
2018-02-06,-0.01703834842560137
2018-02-07,0.007170543678560293
2018-02-08,0.0011363540501154734
2018-02-09,0.03466889848803323
2018-02-12,0.010980022829373715
2018-02-13,-0.0051792414429718825
2018-02-14,-0.005182927131161419
2018-02-15,0.010686050605517972
2018-02-16,-0.00197367016704153
2018-02-20,-0.00025515676525600384
2018-02-21,0.0003075313565918947
2018-02-22,0.006399869384610346
2018-02-23,0.011592043533481089
2018-02-26,0.005652940002817131
2018-02-27,-0.00302021104673289
2018-02-28,0.0055444809067664025
2018-03-01,-0.00028280929425306134
2018-03-02,-0.01728953571637415
2018-03-05,-0.0026203292229097785
2018-03-06,0.014236727849681552
2018-03-07,-0.012768463662348073
2018-03-08,0.007461082106598793
2018-03-09,0.0051536956252817845
2018-03-12,0.009391531403730724
2018-03-13,0.015252528523545639
2018-03-14,0.006555699047439356
2018-03-15,-0.0001111311335627585
2018-03-16,0.004889035154615806
2018-03-19,-0.007708442785549496
2018-03-20,0.000174368882824405
2018-03-21,-0.0020031857111044715
2018-03-22,-0.014100339891226499
2018-03-23,-0.004508678872145566
2018-03-26,0.0271043424822055
2018-03-27,0.004919059032949313
2018-03-28,-0.007914491953360803
2018-03-29,0.008618831078708755
2018-04-02,-0.00808978843830055
2018-04-03,0.01219651030135993
2018-04-04,-0.03127088471103556
2018-04-05,0.007531477193957858
2018-04-06,-0.02680262909964992
2018-04-09,0.012959053277985078
2018-04-10,0.02407710857383627
2018-04-11,0.00018245124176630156
2018-04-12,0.011063368938801554
2018-04-13,0.010729097516001929
2018-04-16,0.006335221106904987
2018-04-17,0.02125588233382336
2018-04-18,-0.003873216298658444
2018-04-19,-0.008370159268359156
2018-04-20,0.0023990497627597307
2018-04-23,0.006204737386419135
2018-04-24,0.008085568373295438
2018-04-25,0.0022483825598356155
2018-04-26,0.018683216536398595
2018-04-27,0.024925813834698385
2018-04-30,0.0003124285000477567
2018-05-01,-0.003712369517124836
2018-05-02,-0.001858308740729897
2018-05-03,-0.003125567622100589
2018-05-04,-0.005268933868493031
2018-05-07,0.008105803035844739
2018-05-08,-0.0015985507665290388
2018-05-09,0.0010897545216150828
2018-05-10,0.0074654280117074645
2018-05-11,-0.010594558836711343
2018-05-14,0.011752764137888505
2018-05-15,-0.002820429273875713
2018-05-16,0.007813574543220625
2018-05-17,-0.004490199687616658
2018-05-18,0.0023935316034813248
2018-05-21,0.02056480947834305
2018-05-22,0.015014239414093744
2018-05-23,-0.005225029462048947
2018-05-24,0.0002640482867204419
2018-05-25,-0.0012627532814700748
2018-05-29,-0.003606320054242995
2018-05-30,0.008368921074084268
2018-05-31,-0.012965873214833556
2018-06-01,0.011879807372058515
2018-06-04,-0.00465333598845985
2018-06-05,0.004930893725893171
2018-06-06,0.0036597290434539076
2018-06-07,0.004037481874761273
2018-06-08,-0.00524200032068467
2018-06-11,0.0016873658898250987
2018-06-12,0.002724950305823759
2018-06-13,0.005704772581891948
2018-06-14,0.011503093763145733
2018-06-15,-0.005855759787168235
2018-06-18,-0.00693113215634944
2018-06-19,-0.01019724800315358
2018-06-20,0.010987227607219152
2018-06-21,0.013797175192556521
2018-06-22,0.006595288969043489
2018-06-25,-0.01604854400439215
2018-06-26,0.011295536969552655
2018-06-27,0.009983889932322132
2018-06-28,0.0018794145766836134
2018-06-29,0.009123990367309043
2018-07-02,-0.012260077739233766
2018-07-03,0.004142685491552944
2018-07-05,0.01142702063934542
2018-07-06,-0.0023703548309826905
2018-07-09,0.01183585678560961
2018-07-10,-0.00015142874262219497
2018-07-11,-0.014288435164843682
2018-07-12,0.004421889591166739
2018-07-13,0.0006478955075579496
2018-07-16,0.005470781242566725
2018-07-17,-0.027294238789820846
2018-07-18,0.003385794480205817
2018-07-19,-0.006282873500028208
2018-07-20,0.0006528687736140348
2018-07-23,-0.006658266128637291
2018-07-24,0.011457193493920714
2018-07-25,0.0002940902775425691
2018-07-26,0.006949962018391487
2018-07-27,0.021235794978213374
2018-07-30,0.006087586738230177
2018-07-31,0.0010345898405654808
2018-08-01,-0.0010561176926463522
2018-08-02,-0.007882201479777473
2018-08-03,0.005596354341568466
2018-08-06,-0.000602571028958554
2018-08-07,0.006444939938501593
2018-08-08,-0.014285989421886525
2018-08-09,0.00012274089300090552
2018-08-10,0.042040131615525445
2018-08-13,-0.0021951478981274697
2018-08-14,0.006091607613436745
2018-08-15,-0.01015542394828206
2018-08-16,0.011551599610160501
2018-08-17,-0.008172331015848577
2018-08-20,0.002594005702215574
2018-08-21,0.006502518812558922
2018-08-22,-0.00010789013603895725
2018-08-23,0.004181807722378972
2018-08-24,0.011980730196812006
2018-08-27,0.018708642432305966
2018-08-28,0.0072535289786122
2018-08-29,-0.00669857343840452
2018-08-30,-0.0021616143895686335
2018-08-31,-0.0027525842467645
2018-09-04,0.0006945645316078775
2018-09-05,0.006920336715847686
2018-09-06,-0.0080227842180981
2018-09-07,6.730390991638302e-06
2018-09-10,0.01027795426711986
2018-09-11,-0.009009651500831772
2018-09-12,-0.017393361386773498
2018-09-13,0.014476119120719
2018-09-14,0.01127478880211652
2018-09-17,-0.006782521316513246
2018-09-18,0.0072319887711465025
2018-09-19,-0.0005187414742862106
2018-09-20,0.010141324629518778
2018-09-21,-0.0052744155411325044
2018-09-24,-0.0035041402657438603
2018-09-25,0.005473735464218921
2018-09-26,-0.010093997680588385
2018-09-27,-0.0009336828324386648
2018-09-28,-0.0005535983336111272
2018-10-01,0.0036681923278982786
2018-10-02,-0.007281258552592984
2018-10-03,0.009562608193915523
2018-10-04,-0.007663426733494849
2018-10-05,0.0005032439946079936
2018-10-08,-0.012145054734974292
2018-10-09,-0.0017357449025223737
2018-10-10,-0.001290733124137744
2018-10-11,-0.008966025976154923
2018-10-12,0.04795341654624963
2018-10-15,-0.0015793083049828738
2018-10-16,0.014541525042528258
2018-10-17,0.00849719295014606
2018-10-18,-0.006927652579500898
2018-10-19,0.008849997737468529
2018-10-22,0.01131949147210598
2018-10-23,-0.02827753871204597
2018-10-24,-0.0012038126936517735
2018-10-25,-0.06529545028186268
2018-10-26,-0.03954579396170255
2018-10-29,0.021170540771020097
2018-10-30,0.00036446649557841937
2018-10-31,0.025147783442330596
2018-11-01,0.009591373614833199
2018-11-02,0.0006250676470627159
2018-11-05,-0.0036892531110209736
2018-11-06,-0.005475392576495208
2018-11-07,0.016672466866576974
2018-11-08,-0.006005194443910233
2018-11-09,-0.015239585809793343
2018-11-12,-0.018145951133483718
2018-11-13,0.010187084048603579
2018-11-14,0.019502533785070053
2018-11-15,-0.0016548882729719994
2018-11-16,-0.06446844442150268
2018-11-19,-0.008483621990398649
2018-11-20,-0.05375773263765338
2018-11-21,0.02484816457671557
2018-11-23,-0.00902475448611173
2018-11-26,0.026077399191878792
2018-11-27,-0.009697383929294534
2018-11-28,0.01620600214869783
2018-11-29,-0.005505842718047771
2018-11-30,-0.0021659107311488013
2018-12-03,0.04023999626699615
2018-12-04,-0.009524704713912202
2018-12-06,-0.029644487740593473
2018-12-07,0.005943081057073085
2018-12-10,-0.008011335717418744
2018-12-11,0.022251485719908093
2018-12-12,0.011877962573057399
2018-12-13,0.00903678863579982
2018-12-14,-0.011961216849156187
2018-12-17,-0.00180251100663964
2018-12-18,0.013968885254181274
2018-12-19,-0.017368475546565953
2018-12-20,-0.00017875733998407028
2018-12-21,0.006662158625319936
2018-12-24,-0.0158831987549517
2018-12-26,0.011882848379426658
2018-12-27,-0.016125209462246937
2018-12-28,0.004828342003916131
2018-12-31,0.012658178002262765
2019-01-02,-0.020709313984692
2019-01-03,-0.021922678989720668
2019-01-04,0.019007023138893686
2019-01-07,0.014484909910558175
2019-01-08,0.01701381460815643
2019-01-09,0.013561724627433769
2019-01-10,-0.005851638869560194
2019-01-11,-0.007968526616576321
2019-01-14,-0.015948624806766398
2019-01-15,0.007523253565480559
2019-01-16,0.0027801384162284837
2019-01-17,-0.007966378274945618
2019-01-18,0.009233312538872163
2019-01-22,-0.010227615843897642
2019-01-23,0.008101193902289694
2019-01-24,0.01608625556403509
2019-01-25,0.00884377526522373
2019-01-28,-0.06092887368271305
2019-01-29,-0.0010972856702237133
2019-01-30,0.020859148335082622
2019-01-31,-0.006423417779732099
2019-02-01,0.00521121110420486
2019-02-04,0.00045127367256636575
2019-02-05,0.005719426602222022
2019-02-06,-0.0025376558874966593
2019-02-07,-0.009385395335288038
2019-02-08,-0.010278095930259634
2019-02-11,0.010920804511083348
2019-02-12,0.012071865824542005
2019-02-13,0.003758449690854926
2019-02-14,-0.005554858300266363
2019-02-15,0.012383820659257028
2019-02-19,0.00015955804215939118
2019-02-20,-0.00728090647303814
2019-02-21,-0.0011325434429245718
2019-02-22,0.04534276659237357
2019-02-25,0.0035158385925746494
2019-02-26,-0.005533435905270889
2019-02-27,-0.0004350393967438304
2019-02-28,-0.001436961031160311
2019-03-01,0.013525821967323992
2019-03-04,0.006532542446191503
2019-03-05,0.006969189684513655
2019-03-06,0.0022979795975843764
2019-03-07,-0.003084941447237477
2019-03-08,-0.023272157364664814
2019-03-11,0.011893846783689987
2019-03-12,0.005262883732562118
2019-03-13,-0.01436129238913686
2019-03-14,0.0027139339753792235
2019-03-15,-0.00018533714115520628
2019-03-18,0.005414330829450531
2019-03-19,0.0032889938629210302
2019-03-20,0.0019030111845244058
2019-03-21,-0.0036080714103561284
2019-03-22,-0.0056722406620250965
2019-03-25,-0.004258514494706045
2019-03-26,0.011612138283964013
2019-03-27,-0.0021404299240835867
2019-03-28,0.009324025347001053
2019-03-29,0.012407278132093857
2019-04-01,0.01772346734928587
2019-04-02,0.0015131316469421119
2019-04-03,0.007145866186006877
2019-04-04,0.00016324320949379079
2019-04-05,0.005695956128584534
2019-04-08,-0.0024176603124418383
2019-04-09,-0.0044894297840233355
2019-04-10,0.0016428516873683296
2019-04-11,0.0009838282722025582
2019-04-12,0.006060080753368391
2019-04-15,-0.0008768526528850629
2019-04-16,0.0041399220566620265
2019-04-17,0.004811070916718618
2019-04-18,0.00013622422600034767
2019-04-22,-0.0029215344007398336
2019-04-23,0.018041022563257014
2019-04-24,0.004208843039533949
2019-04-25,0.023138090557029534
2019-04-26,-0.0017167205743514602
2019-04-29,0.0006832511244252437
2019-04-30,-0.001241068160497627
2019-05-01,0.0061478716350447105
2019-05-02,-0.00014852087526784352
2019-05-03,0.004617541764894817
2019-05-06,-0.035855861246991805
2019-05-07,-0.011856217188737417
2019-05-08,-0.01472421175762939
2019-05-09,-0.01483359986484134
2019-05-10,-0.004559879732468963
2019-05-13,-0.03294785487775809
2019-05-14,0.010767929675468357
2019-05-15,-0.009752080112239048
2019-05-16,-0.006905874653554855
2019-05-17,-0.010228283719809439
2019-05-20,-0.020391792052377844
2019-05-21,0.01587810557147562
2019-05-22,-0.009161038365580576
2019-05-23,-0.013246648282818851
2019-05-24,0.007153624329045538
2019-05-28,0.010610064177781764
2019-05-29,-0.008548368968088638
2019-05-30,0.003546602467024762
2019-05-31,-0.01699976704621775
2019-06-03,0.01642307519353947
2019-06-04,0.018511951152236028
2019-06-05,0.013959674388606125
2019-06-06,0.003128633032044359
2019-06-07,0.0037393140514561107
2019-06-10,0.016652307248886
2019-06-11,0.017912085087377516
2019-06-12,-0.011370492142218191
2019-06-13,0.005450218735933099
2019-06-14,-0.03258024448100583
2019-06-17,-0.001358462732593213
2019-06-18,0.01329466845825733
2019-06-19,0.006147057879456241
2019-06-20,0.0211285166498818
2019-06-21,-0.006499961180215896
2019-06-24,0.0036387071000925086
2019-06-25,0.0011551200726560573
2019-06-26,0.035354878313991644
2019-06-27,0.007885288360506726
2019-06-28,0.013329252170541706
2019-07-01,0.041996602067993605
2019-07-02,-0.002174132922211358
2019-07-03,0.0028027459089348117
2019-07-05,-0.007100886236936388
2019-07-08,-0.001533699099583563
2019-07-09,-0.007090196870325416
2019-07-10,0.006914242438308182
2019-07-11,0.004010985305614945
2019-07-12,-0.001748351561438266
2019-07-15,0.0054962024260194475
2019-07-16,9.648759182301347e-06
2019-07-17,0.0016622995523365436
2019-07-18,-0.005417362790967384
2019-07-19,0.00774133919508091
2019-07-22,0.008505715593319696
2019-07-23,0.003962200011508266
2019-07-24,-0.0008682826216765971
2019-07-25,-0.0061466953339992525
2019-07-26,0.006144842985561505
2019-07-29,0.0020671252060466827
2019-07-30,-0.00847910884806058
2019-07-31,-0.0073487224845751875
2019-08-01,0.0026512035444006266
2019-08-02,-0.009042704041382188
2019-08-05,-0.03138124835111955
2019-08-06,0.019330908393392576
2019-08-07,-0.00824797029272395
2019-08-08,0.033270805146172755
2019-08-09,-0.008085732966113257
2019-08-12,-0.026309971993999093
2019-08-13,0.005301247681367194
2019-08-14,-0.024884327964025954
2019-08-15,0.006445433335885653
2019-08-16,0.014828529652552769
2019-08-19,0.013981847736844077
2019-08-20,-0.005124090169421169
2019-08-21,0.011732543144032048
2019-08-22,0.007189804076136674
2019-08-23,-0.009227728288321968
2019-08-26,0.015535396719971395
2019-08-27,0.008489647339663842
2019-08-28,-0.0063368561733382345
2019-08-29,0.013761557865166418
2019-08-30,0.007827032154152702
2019-09-03,-0.01269379674208948
2019-09-04,0.014187925936699042
2019-09-05,0.021751839617388136
2019-09-06,-0.00311710824387601
2019-09-09,0.006241338266360419
2019-09-10,-0.011830509154057256
2019-09-11,-0.041965263033876266
2019-09-12,0.00956653060988466
2019-09-13,0.00028022537458882724
2019-09-16,-0.011796506333145329
2019-09-17,0.005279344549265597
2019-09-18,-0.0002109929607364558
2019-09-19,0.00549970514619047
2019-09-20,0.0028583640984489733
2019-09-23,-0.002269026089214199
2019-09-24,0.0073038284443947
2019-09-25,-0.005935494174718281
2019-09-26,-0.00010235397312219341
2019-09-27,0.0011634307231844776
2019-09-30,0.001209423379162411
2019-10-01,0.003038578196728592
2019-10-02,-0.009025773427609796
2019-10-03,0.0018916499039707269
2019-10-04,0.007058523727964561
2019-10-07,-0.0013911292297159594
2019-10-08,-0.01333124303300659
2019-10-09,0.018056214822133487
2019-10-10,0.004898739266903096
2019-10-11,0.02014786759617304
2019-10-14,-0.0031142249116113963
2019-10-15,0.00513594150391139
2019-10-16,-0.010280194745186932
2019-10-17,0.013648168311289233
2019-10-18,-0.0020457765975333553
2019-10-21,0.010937491149342726
2019-10-22,9.468583274863107e-05
2019-10-23,-0.012445086819452444
2019-10-24,0.016107809519835925
2019-10-25,-0.0019272610881003738
2019-10-28,0.010890723573721228
2019-10-29,0.011767794408681809
2019-10-30,0.0005213427004704396
2019-10-31,-0.00885382197475415
2019-11-01,0.012344916090483604
2019-11-04,0.01008042286341504
2019-11-05,0.0029633224055731766
2019-11-06,-0.005111656853872049
2019-11-07,0.008510737309732619
2019-11-08,-0.007395188669065522
2019-11-11,-0.006480770040564909
2019-11-12,0.007222267665583759
2019-11-13,-0.002193553570308926
2019-11-14,-0.0018396912411814403
2019-11-15,0.025482262688877544
2019-11-18,-0.0024153036592162724
2019-11-19,0.0020993455046613985
2019-11-20,-0.004492499736116873
2019-11-21,-0.027523638562122366
2019-11-22,0.0015539398467991905
2019-11-25,0.009756687002997255
2019-11-26,0.0007467640487968108
2019-11-27,0.005686922819690299
2019-11-29,-0.001602339762043492
2019-12-02,0.001167992593519962
2019-12-03,-0.026229733726158777
2019-12-04,0.016824647647894153
2019-12-05,0.007537076497569073
2019-12-06,0.01608932268886365
2019-12-09,-0.0007032370766638651
2019-12-10,0.006556391148644147
2019-12-11,0.0009561310337289353
2019-12-12,-0.0033536932648928763
2019-12-13,-0.0004945879040770818
2019-12-16,0.01452187476833644
2019-12-17,0.009709221078189056
2019-12-18,0.0012030189703129412
2019-12-19,0.010964774673182687
2019-12-20,0.010179377277220958
2019-12-23,0.005479766102055583
2019-12-24,0.001867069764500684
2019-12-26,0.0025668245916823373
2019-12-27,0.003352728551504036
2019-12-30,-0.0028575865684515867
2019-12-31,-0.004977084131373544
2020-01-02,0.017186507629092018
2020-01-03,-0.019893763500757555
2020-01-06,-0.014958760748792543
2020-01-07,0.015541376893429604
2020-01-08,-0.0003286984627698386
2020-01-09,0.012664394611298757
2020-01-10,0.005199332515111399
2020-01-13,0.007683989443924233
2020-01-14,-0.00020673437669616046
2020-01-15,-0.0028205295299255084
2020-01-16,0.010527524299760227
2020-01-17,0.004124947127837286
2020-01-21,-0.0032305839657157387
2020-01-22,0.008556535540315435
2020-01-23,0.005741382981957255
2020-01-24,0.012545099132232451
2020-01-27,-0.03842389217501341
2020-01-28,0.013133520011841204
2020-01-29,-0.008397315617750145
2020-01-30,-0.0016252070661734175
2020-01-31,-0.008850880257480598
2020-02-03,0.0007490367770279782
2020-02-04,0.046635724659978894
2020-02-05,-0.0018385814345057705
2020-02-06,-0.01203993009391191
2020-02-07,-0.015104471127475927
2020-02-10,0.01158511791270933
2020-02-11,0.009972583590871498
2020-02-12,0.006935658713929982
2020-02-13,-0.011378117690324707
2020-02-14,0.010769153038958867
2020-02-18,-0.0038134861085623584
2020-02-19,0.0268637222527488
2020-02-20,-0.005035325226594334
2020-02-21,-0.004983026488135089
2020-02-24,-0.07061865398142242
2020-02-25,0.018203165507588714
2020-02-26,-0.00011459054080131814
2020-02-27,-0.043680243544948816
2020-02-28,-0.04883552680715175
2020-03-02,0.03178938825145439
2020-03-03,0.0
2020-03-04,0.0
2020-03-05,0.0
2020-03-06,0.0
2020-03-09,0.0
2020-03-10,0.0
2020-03-11,0.0
2020-03-12,0.0
2020-03-13,0.0
2020-03-16,0.0
2020-03-17,0.0
2020-03-18,0.0
2020-03-19,0.0
2020-03-20,0.0
2020-03-23,0.0
2020-03-24,0.0
2020-03-25,0.0
2020-03-26,0.0
2020-03-27,0.0
2020-03-30,0.0
2020-03-31,0.0
2020-04-01,0.0
2020-04-02,-0.003858089843559287
2020-04-03,-0.0048090029628444775
2020-04-06,0.04596419513777117
2020-04-07,0.030574876276644902
2020-04-08,0.013465447605198966
2020-04-09,0.018092438355272078
2020-04-13,-0.009201292953578522
2020-04-14,0.023724968811350555
2020-04-15,-0.026917432532892693
2020-04-16,0.014179234997012902
2020-04-17,0.01794732678451938
2020-04-20,-0.01915784440939239
2020-04-21,-0.012778891386998614
2020-04-22,0.030095062638630488
2020-04-23,0.00457355715236063
2020-04-24,-0.0023659613120251555
2020-04-27,0.014411836816494494
2020-04-28,0.015816014627745068
2020-04-29,0.012495008618555126
2020-04-30,-0.008297292462925099
2020-05-01,-0.025220201510380402
2020-05-04,0.0
2020-05-05,0.0
2020-05-06,0.0
2020-05-07,0.0
2020-05-08,0.0
2020-05-11,0.0
2020-05-12,0.0
2020-05-13,0.0
2020-05-14,0.0
2020-05-15,0.0
2020-05-18,0.0
2020-05-19,0.0
2020-05-20,0.0
2020-05-21,0.0
2020-05-22,0.0
2020-05-26,0.0
2020-05-27,0.0
2020-05-28,0.0
2020-05-29,0.0
2020-06-01,0.0
2020-06-02,-0.0013741175067950584
2020-06-03,0.006666523077625497
2020-06-04,-0.0023127281601478256
2020-06-05,0.010012180780700985
2020-06-08,0.00426102676689033
2020-06-09,-0.007773194461402899
2020-06-10,0.020655243102249088
2020-06-11,-0.025779359705114246
2020-06-12,0.029559982158935405
2020-06-15,-0.01649118047478182
2020-06-16,0.024480768686663268
2020-06-17,0.006497550443735456
2020-06-18,0.002355540792856381
2020-06-19,0.00689406216534727
2020-06-22,0.0033581530715682817
2020-06-23,0.007609992037655999
2020-06-24,-0.0025587225122031265
2020-06-25,0.0007500777783826518
2020-06-26,0.0027920718178922055
2020-06-29,0.0016230928703560021
2020-06-30,0.00600999514878664
2020-07-01,0.0006527714047313005
2020-07-02,0.02972750294519111
2020-07-06,0.02964344611528391
2020-07-07,0.007052961690826143
2020-07-08,0.013818065846474825
2020-07-09,0.014886921311314305
2020-07-10,0.0034108782509680857
2020-07-13,0.028043966321783076
2020-07-14,0.002399618877320986
2020-07-15,0.005672394849732365
2020-07-16,-0.023044039267781535
2020-07-17,0.006286243460334351
2020-07-20,0.008506344439496605
2020-07-21,0.009355502130917737
2020-07-22,0.0077240030872705034
2020-07-23,0.010530562507260033
2020-07-24,-0.028793419309268375
2020-07-27,0.009944193853274275
2020-07-28,-0.008506957643866775
2020-07-29,0.016391082138741853
2020-07-30,-0.008256555702006452
2020-07-31,0.017176794967094233
2020-08-03,0.009897256917688724
2020-08-04,0.0031067702071765346
2020-08-05,0.0014360791071739154
2020-08-06,-0.0010820148067328672
2020-08-07,0.00746476143099728
2020-08-10,0.0013871420916171662
2020-08-11,-0.012728392107477338
2020-08-12,0.023511346386496657
2020-08-13,0.011749324451084231
2020-08-14,0.008041337977903407
2020-08-17,0.01374977319366022
2020-08-18,0.0120157024948091
2020-08-19,-0.0009589500062783252
2020-08-20,-0.011046046316166569
2020-08-21,0.006548240805778871
2020-08-24,0.020305877153014906
2020-08-25,-0.006007925959004012
2020-08-26,0.008820029316548794
2020-08-27,0.004854268455317001
2020-08-28,0.012483143220205717
2020-08-31,-0.0009181607199382213
2020-09-01,0.008645909289646037
2020-09-02,0.024394782523247116
2020-09-03,-0.041783307722567
2020-09-04,-0.012094043860077064
2020-09-08,-0.06934351144497775
2020-09-09,0.04313446195727
2020-09-10,0.023010375603102373
2020-09-11,0.01449288469125709
2020-09-14,0.028913407014764747
2020-09-15,0.01937315040543619
2020-09-16,-0.002880391292949258
2020-09-17,-0.03149115706610528
2020-09-18,0.01789974521562465
2020-09-21,-0.0069905210581471255
2020-09-22,-0.003015784044258951
2020-09-23,-0.008764392539013843
2020-09-24,-0.016175318812808315
2020-09-25,0.005987209637515534
2020-09-28,0.023656558244305348
2020-09-29,-0.0037012067709322194
2020-09-30,-0.0008828032665726404
2020-10-01,0.01789297150138247
2020-10-02,-0.03456826124929269
2020-10-05,0.013192443332038728
2020-10-06,0.00011713922629308371
2020-10-07,0.014977093620635262
2020-10-08,0.015723755653566318
2020-10-09,0.0025984701671863952
2020-10-12,0.01858009727783294
2020-10-13,0.0037395629135761332
2020-10-14,0.007575701847909455
2020-10-15,-0.0258002906552377
2020-10-16,0.01069064887275184
2020-10-19,0.006801926544039327
2020-10-20,0.006798858298548094
2020-10-21,0.009704043917741156
2020-10-22,0.0066456742700014
2020-10-23,0.00413417597116883
2020-10-26,-0.012971745541258128
2020-10-27,0.008652322938295987
2020-10-28,-0.01995806564310043
2020-10-29,0.011745571160907575
2020-10-30,-0.011604978370046148
2020-11-02,0.01247510354421788
2020-11-03,-0.0007726075965228674
2020-11-04,0.030535082208527298
2020-11-05,0.05678343242856165
2020-11-06,-0.0012852222129079438
2020-11-09,-0.0019464694201178911
2020-11-10,-0.004807179369738068
2020-11-11,0.026080837383651412
2020-11-12,0.0030349978965371616
2020-11-13,0.010450640982984316
2020-11-16,-0.006317469930599562
2020-11-17,0.02802964095012639
2020-11-18,0.005358993033589332
2020-11-19,9.819484936235412e-05
2020-11-20,0.002737298789331266
2020-11-23,0.005884373742031324
2020-11-24,0.010614598450234158
2020-11-25,0.0007460840961441839
2020-11-27,0.0053477691134156125
2020-11-30,0.00997022503164735
2020-12-01,0.01730223586084878
2020-12-02,-0.007761419373728873
2020-12-03,0.0066560895299601075
2020-12-04,0.006003417910574571
2020-12-07,0.004582761227229559
2020-12-08,0.008027542905240548
2020-12-09,-0.0024230587829714434
2020-12-10,-0.004948853980746293
2020-12-11,-0.009397156622384495
2020-12-14,0.009882843778031836
2020-12-15,0.0090801930395632
2020-12-16,0.0014776740806643485
2020-12-17,0.008604820725688134
2020-12-18,0.005846799186507656
2020-12-21,-0.013500258081929006
2020-12-22,0.0053802806838390005
2020-12-23,0.005471981508921697
2020-12-24,0.005058412610743135
2020-12-28,0.009472090865718874
2020-12-29,0.007920035751368015
2020-12-30,0.006360952597425973
2020-12-31,0.003088580477992986
2021-01-04,0.007626447173092021
2021-01-05,-0.0019145645190756788
2021-01-06,-0.012692102483357504
2021-01-07,0.014211198074121967
2021-01-08,0.01587937697295727
2021-01-11,-0.014945858444200377
2021-01-12,0.009208662392749423
2021-01-13,-0.003968243595621868
2021-01-14,0.005086090692740353
2021-01-15,0.010302942814344629
2021-01-19,0.021859351544885497
2021-01-20,0.01357191103617672
2021-01-21,0.01259154262301565
2021-01-22,0.0020150425722136323
2021-01-25,0.019429617827179557
2021-01-26,-0.0010396007719949418
2021-01-27,-0.036461115301211655
2021-01-28,0.02085252630257406
2021-01-29,0.009461399309719454
2021-02-01,0.02040538950932813
2021-02-02,0.012083859141734044
2021-02-03,0.016494979539473542
2021-02-04,-0.005958139434815712
2021-02-05,0.008144272941557507
2021-02-08,0.030315921934623846
2021-02-09,0.0007139303103478323
2021-02-10,0.0056644515432904274
2021-02-11,0.007304817734829605
2021-02-12,-0.00029063667339435106
2021-02-16,-0.00487340628574906
2021-02-17,-0.009804169812034136
2021-02-18,-0.028593090960416845
2021-02-19,0.020653854801929716
2021-02-22,-0.006307136399407054
2021-02-23,-0.046604028451659785
2021-02-24,0.0003024789330627886
2021-02-25,-0.013850953320504678
2021-02-26,0.01585327604074105
2021-03-01,0.03209749919115534
2021-03-02,0.007359615236818939
2021-03-03,0.011221268426508946
2021-03-04,-0.00996666008434477
2021-03-05,0.031364118929572804
2021-03-08,0.0044019880813317425
2021-03-09,0.05015021067211434
2021-03-10,0.01859223885098893
2021-03-11,0.03170823998012384
2021-03-12,-0.027838643219141646
2021-03-15,0.01778942718125509
2021-03-16,0.007978524247766572
2021-03-17,-0.0170739192587418
2021-03-18,-0.018726758231744745
2021-03-19,0.004737867171604293
2021-03-22,0.00920757593584165
2021-03-23,-0.002924976906200971
2021-03-24,0.027205854165024856
2021-03-25,-0.03256940996450919
2021-03-26,0.002540495517256547
2021-03-29,0.0031094981825872114
2021-03-30,-0.0008583739349797836
2021-03-31,0.01113381397508939
2021-04-01,0.027483028034591905
2021-04-05,0.01735303719644099
2021-04-06,-0.0021083988830665756
2021-04-07,0.0014192307962797024
2021-04-08,0.00559176311862708
2021-04-09,-0.00874543491539792
2021-04-12,-0.006480102254841413
2021-04-13,0.0055705356972943765
2021-04-14,-0.005891887918546779
2021-04-15,0.01201246036798631
2021-04-16,-0.0011457861026835658
2021-04-19,-0.0013468183019882396
2021-04-20,-0.005732431645706915
2021-04-21,0.003242096452693355
2021-04-22,7.149155463181955e-06
2021-04-23,0.00989645308540954
2021-04-26,0.0027145603373670557
2021-04-27,0.00885423082652248
2021-04-28,-0.004897487179611026
2021-04-29,0.013208813037719924
2021-04-30,-0.018489213738492327
2021-05-03,0.005582526653238995
2021-05-04,-0.012850480325529823
2021-05-05,0.01715222367208269
2021-05-06,-0.004162781546384164
2021-05-07,0.011655216061393414
2021-05-10,-0.009545988581607157
2021-05-11,-0.035269948928269956
2021-05-12,-0.020261614875334066
2021-05-13,0.023736247533348687
2021-05-14,0.015739343293004637
2021-05-17,-0.017682260301476682
2021-05-18,0.009429731083535398
2021-05-19,-0.027353610676382645
2021-05-20,0.008114207201124435
2021-05-21,0.00022865924050230468
2021-05-24,0.012198821036779384
2021-05-25,0.011684637469735026
2021-05-26,0.0021606834395457852
2021-05-27,-0.003294068477998624
2021-05-28,0.006741672516710873
2021-06-01,0.009949005304369152
2021-06-02,-0.0013915234532131393
2021-06-03,-0.012827512366600735
2021-06-04,0.00973702433629664
2021-06-07,-0.0033066450157331895
2021-06-08,0.010645112142347646
2021-06-09,0.003267715567036422
2021-06-10,0.0038143357751789786
2021-06-11,0.0036866477780128637
2021-06-14,0.0016562950977383473
2021-06-15,-0.002281524879867769
2021-06-16,0.004913517741581552
2021-06-17,-0.004494387046308113
2021-06-18,-0.016702075918404224
2021-06-21,0.002340726050467312
2021-06-22,-0.0003847106641604592
2021-06-23,0.0019643969616600643
2021-06-24,0.012004106174153373
2021-06-25,0.005001012873474098
2021-06-28,0.01078636559048074
2021-06-29,-0.0009376046671093485
2021-06-30,0.004141326691849967
2021-07-01,-0.007911036286623707
2021-07-02,0.010475009542028957
2021-07-06,0.004167978504274528
2021-07-07,0.008165948845645588
2021-07-08,-0.024274280725987474
2021-07-09,0.003836387647862649
2021-07-12,0.007816343123165037
2021-07-13,-0.004904052248160817
2021-07-14,0.008839676178669542
2021-07-15,-0.00800740608766326
2021-07-16,0.004356353836544757
2021-07-19,-0.017060913101786923
2021-07-20,0.0026722531099341307
2021-07-21,0.003683908412868142
2021-07-22,-0.00213521613513179
2021-07-23,0.005185184250899422
2021-07-26,-0.002576443483231272
2021-07-27,-0.005875220191526864
2021-07-28,0.003987756021428535
2021-07-29,-0.006672736259037526
2021-07-30,-0.009834716013317646
2021-08-02,0.010936841349444615
2021-08-03,0.002436636731512065
2021-08-04,0.0067588269909359955
2021-08-05,0.0071299050510771345
2021-08-06,-0.0057030736250262
2021-08-09,0.004665563931369521
2021-08-10,0.004020543812635946
2021-08-11,0.0036553644594181645
2021-08-12,-0.006366981787254811
2021-08-13,-0.0006409587878519751
2021-08-16,-0.0020153059705659837
2021-08-17,-0.009733336842007168
2021-08-18,-0.00021872062636285605
2021-08-19,-0.002730077002658149
2021-08-20,0.007358710039821581
2021-08-23,0.008115609537389767
2021-08-24,-0.001045087362909758
2021-08-25,0.0017664143135434074
2021-08-26,-0.0008029221763897754
2021-08-27,0.0042848299228333
2021-08-30,0.007149775019575921
2021-08-31,0.002742421469842826
2021-09-01,0.004520908506691956
2021-09-02,0.00637575261273482
2021-09-03,-0.0035555668105172744
2021-09-07,0.002443167301305227
2021-09-08,-0.00521889830909128
2021-09-09,0.00012045666180537928
2021-09-10,0.009713112023720605
2021-09-13,0.005468236139666516
2021-09-14,0.008510970753569769
2021-09-15,0.0011537708343736242
2021-09-16,-0.004884804152384681
2021-09-17,-0.0021547751232329215
2021-09-20,-0.02623519774134342
2021-09-21,0.014211256371833736
2021-09-22,0.0039316874586079464
2021-09-23,0.010487225729602256
2021-09-24,-0.011001360230699975
2021-09-27,-0.015575706898359298
2021-09-28,-0.02234453393149527
2021-09-29,0.009395258219367486
2021-09-30,0.005278432989192838
2021-10-01,0.0012924009897861133
2021-10-04,-0.009731793497937624
2021-10-05,0.008352666175145185
2021-10-06,-0.010995974005602815
2021-10-07,0.00821292261140627
2021-10-08,0.0027528367296081324
2021-10-11,-0.0068092409699545
2021-10-12,0.008681221940534556
2021-10-13,0.008361854482369813
2021-10-14,0.012710849653440492
2021-10-15,0.0024066928269681487
2021-10-18,0.0007467328163786036
2021-10-19,0.004127853979301932
2021-10-20,0.0049454606836443205
2021-10-21,0.00029600456504197403
2021-10-22,0.0019786721364472015
2021-10-25,0.004375586954869171
2021-10-26,0.013847814842585793
2021-10-27,-0.0004073680507885591
2021-10-28,0.0024549807912337407
2021-10-29,-0.00022891107669120725
2021-11-01,0.002501623117156404
2021-11-02,-0.006209624614761489
2021-11-03,0.004592113778298268
2021-11-04,0.008794049204583265
2021-11-05,0.03659075862474337
2021-11-08,-0.005802412628442721
2021-11-09,0.017947011525822454
2021-11-10,-0.016565367389960728
2021-11-11,0.020432698775355806
2021-11-12,-0.0018732329548052373
2021-11-15,0.002204297492871543
2021-11-16,-0.00674113899046469
2021-11-17,0.0023551935351922015
2021-11-18,0.02736816918895335
2021-11-19,0.04287654304571542
2021-11-22,0.007048705895996044
2021-11-23,-0.018922275597631155
2021-11-24,-0.015886839905730588
2021-11-26,-0.0034595001918433788
2021-11-29,0.017230917627559128
2021-11-30,-0.007049862192230583
2021-12-01,0.029917470164497972
2021-12-02,-0.013567230260124075
2021-12-03,0.006049116278284972
2021-12-06,-0.016551477901335265
2021-12-07,0.03033045071785634
2021-12-08,-0.00412517528664702
2021-12-09,-0.0022784637781375627
2021-12-10,0.016191285653749166
2021-12-13,-0.0017831925211254651
2021-12-14,-0.031129483888865717
2021-12-15,0.0011004881146639
2021-12-16,0.011160749458117847
2021-12-17,-0.015870917576055077
2021-12-20,-0.022673686807591187
2021-12-21,0.01977859238062951
2021-12-22,0.0005187146984937385
2021-12-23,0.0030303522741541578
2021-12-27,0.00627700104987583
2021-12-28,0.009987827887104395
2021-12-29,0.0005440165983943146
2021-12-30,-0.006764049360677538
2021-12-31,0.003359265035479009
2022-01-03,0.024201989156267478
2022-01-04,0.001988206241987145
2022-01-05,-0.009059655097196528
2022-01-06,-0.005047391519400701
2022-01-07,0.0021689909943629626
2022-01-10,-0.022967882960135855
2022-01-11,-0.005910896697294055
2022-01-12,0.010285016054732754
2022-01-13,0.014323392832853887
2022-01-14,-0.010047145492707021
2022-01-18,-0.025944562495746615
2022-01-19,0.008814957395438805
2022-01-20,0.010777246961701126
2022-01-21,-0.011170156099764461
2022-01-24,-0.029970620346176924
2022-01-25,-0.03157688851053697
2022-01-26,0.04220441719024404
2022-01-27,0.010925277338524664
2022-01-28,-0.005949594527667967
2022-01-31,0.015264222713577746
2022-02-01,0.00845146915454964
2022-02-02,0.018696063698363075
2022-02-03,-0.029866629811339807
2022-02-04,0.001216584595972181
2022-02-07,0.009612424105791773
2022-02-08,-0.004803284221107318
2022-02-09,0.013206126518023664
2022-02-10,-0.027380409259578076
2022-02-11,0.0009463377826857133
2022-02-14,0.002174923966742792
2022-02-15,0.02613586514705868
2022-02-16,-0.013571410500178183
2022-02-17,-0.020254180044741332
2022-02-18,0.006646064206941249
2022-02-22,-0.01763971899004846
2022-02-23,0.012696916726301355
2022-02-24,-0.05422628409989827
2022-02-25,0.0017715147977381829
2022-02-28,-0.009954145906135747
2022-03-01,-0.0017551616490414368
2022-03-02,0.004681342013795664
2022-03-03,-0.002635408114966542
2022-03-04,-0.003515705565174443
2022-03-07,0.0014933859970014396
2022-03-08,0.004415003490145564
2022-03-09,0.040736783946382804
2022-03-10,-0.026166646585135456
2022-03-11,0.013073979113057188
2022-03-14,-0.008275499894529803
2022-03-15,0.00730865647069856
2022-03-16,0.021279323787013027
2022-03-17,-0.013523293422293858
2022-03-18,-0.0027662905174372643
2022-03-21,-0.0018209752740169227
2022-03-22,0.0038542563259624796
2022-03-23,-0.010215274420837028
2022-03-24,0.01303711893197712
2022-03-25,0.001515169307774622
2022-03-28,0.007473286804114299
2022-03-29,0.014626627938546521
2022-03-30,-0.0033989616185386984
2022-03-31,-0.006481437860562433
2022-04-01,0.0060950789165223895
2022-04-04,0.005423373232024353
2022-04-05,-0.0035198573836559
2022-04-06,-0.02577524002564635
2022-04-07,-8.682316076102925e-05
2022-04-08,-0.010430519994536147
2022-04-11,-0.02379959585651581
2022-04-12,0.018912963144800177
2022-04-13,0.0037960948644835124
2022-04-14,0.005523546106109611
2022-04-18,-0.003384495887229999
2022-04-19,-0.00276888410456122
2022-04-20,0.01224143638718389
2022-04-21,0.01459928744905481
2022-04-22,-0.0014580500648002648
2022-04-25,-0.005973705360821202
2022-04-26,-0.01034539743134033
2022-04-27,-0.007400406810597504
2022-04-28,0.019721776446424144
2022-04-29,-0.016390946071851764
2022-05-02,0.002205942714231579
2022-05-03,-0.0028697871938611064
2022-05-04,0.024242075271805552
2022-05-05,-0.020196731994134187
2022-05-06,-0.0074342161474918456
2022-05-09,-0.03343155983991364
2022-05-10,0.04507514159475301
2022-05-11,-0.030525447714502274
2022-05-12,-0.02996908192139991
2022-05-13,0.05253040991792024
2022-05-16,-0.011794941616440902
2022-05-17,0.03497354230018579
2022-05-18,-0.02329186516920745
2022-05-19,0.003062902922150501
2022-05-20,0.015820126481377095
2022-05-23,-0.007641107815634762
2022-05-24,-0.017025116821652864
2022-05-25,-0.007809038707926486
2022-05-26,-0.03635622405294392
2022-05-27,0.01787460248587447
2022-05-31,0.017342071870408482
2022-06-01,0.002919378808917461
2022-06-02,0.0
2022-06-03,0.0
2022-06-06,0.0
2022-06-07,0.0
2022-06-08,0.0
2022-06-09,0.0
2022-06-10,0.0
2022-06-13,0.0
2022-06-14,0.0
2022-06-15,0.0
2022-06-16,0.0
2022-06-17,0.0
2022-06-21,0.0
2022-06-22,0.0
2022-06-23,0.0
2022-06-24,0.0
2022-06-27,0.0
2022-06-28,0.0
2022-06-29,0.0
2022-06-30,0.0
2022-07-01,0.0
2022-07-05,-0.018420034594241685
2022-07-06,0.000688248560802851
2022-07-07,0.02005262775865524
2022-07-08,-0.017696917144065072
2022-07-11,-0.02477246143608436
2022-07-12,0.00141358391635249
2022-07-13,-0.02497579611088785
2022-07-14,-0.004045361566895389
2022-07-15,0.019711133557812843
2022-07-18,0.028775662667239965
2022-07-19,0.025993806233092887
2022-07-20,0.006445947238752137
2022-07-21,-0.007389520401608007
2022-07-22,-0.007639421913268718
2022-07-25,-0.01811626331739702
2022-07-26,-0.01450649757598843
2022-07-27,0.02367907644154621
2022-07-28,0.0030530328797231387
2022-07-29,-0.011097904402232461
2022-08-01,-0.0035261690092595055
2022-08-02,-0.009699415025213876
2022-08-03,-0.004510261718700503
2022-08-04,0.015406004918071536
2022-08-05,-0.018039733700057847
2022-08-08,-0.0007360448574283973
