index,return
2000-01-03,0.0
2000-01-04,0.0
2000-01-05,-0.031465238222815106
2000-01-06,0.022221870942276567
2000-01-07,-0.03002021911506969
2000-01-10,0.03904606813151257
2000-01-11,-0.004975039307185791
2000-01-12,-0.0016028243117326424
2000-01-13,0.016048917194960266
2000-01-14,-0.007557080889853296
2000-01-18,0.004051102234967852
2000-01-19,0.014977605755530199
2000-01-20,0.0811818113352143
2000-01-21,0.0
2000-01-24,0.0
2000-01-25,0.0
2000-01-26,-0.03894916399652848
2000-01-27,0.025766217224108434
2000-01-28,-0.013148766283932134
2000-01-31,0.017343766358547397
2000-02-01,0.009711270714390263
2000-02-02,0.013829013040035587
2000-02-03,0.0353402549759807
2000-02-04,0.02286753738652214
2000-02-07,0.004321443862812524
2000-02-08,0.011939513500604626
2000-02-09,0.025078171139718775
2000-02-10,0.049881502359261365
2000-02-11,0.02885676757864264
2000-02-14,-0.033009202794749615
2000-02-15,0.026817207518638142
2000-02-16,0.02821263915640082
2000-02-17,0.007841548867137282
2000-02-18,-0.014243469845791723
2000-02-22,-0.04913777755858928
2000-02-23,-0.0044568838312407655
2000-02-24,0.01835882398261579
2000-02-25,-0.0019545163035602497
2000-02-28,-0.0008314424278517141
2000-02-29,0.03258313356386244
2000-03-01,0.047985503704292
2000-03-02,0.0
2000-03-03,0.0
2000-03-06,0.0
2000-03-07,0.0
2000-03-08,0.0
2000-03-09,0.0
2000-03-10,0.0
2000-03-13,0.0
2000-03-14,0.0
2000-03-15,0.0
2000-03-16,0.0
2000-03-17,0.0
2000-03-20,0.0
2000-03-21,0.0
2000-03-22,0.0
2000-03-23,0.0
2000-03-24,0.0
2000-03-27,0.0
2000-03-28,0.0
2000-03-29,0.0
2000-03-30,0.0
2000-03-31,0.0
2000-04-03,0.0
2000-04-04,0.03601530570086253
2000-04-05,-0.012472885913682008
2000-04-06,0.09797765288248517
2000-04-07,0.0
2000-04-10,0.0
2000-04-11,0.0
2000-04-12,-0.016229640442167903
2000-04-13,0.027094292406739884
2000-04-14,-0.07290174484122591
2000-04-17,-0.060157017994134976
2000-04-18,0.05433004714526768
2000-04-19,0.0
2000-04-20,0.0
2000-04-24,0.0
2000-04-25,0.057465051551057966
2000-04-26,0.0
2000-04-27,0.0
2000-04-28,0.0
2000-05-01,0.034330176537481494
2000-05-02,-0.001032899463103143
2000-05-03,-0.014077281485676774
2000-05-04,-0.008883527170985284
2000-05-05,-0.0072487271079493265
2000-05-08,-0.01794159825133035
2000-05-09,0.017218262036726273
2000-05-10,-0.017237722269923372
2000-05-11,0.027430617585255446
2000-05-12,0.023641901208870886
2000-05-15,0.00039016520236412333
2000-05-16,0.03953210726529699
2000-05-17,0.05098384373165432
2000-05-18,0.0
2000-05-19,0.0
2000-05-22,0.0
2000-05-23,-0.0035146919247007746
2000-05-24,0.0025836164468056033
2000-05-25,0.050848934417338176
2000-05-26,0.0
2000-05-30,0.0
2000-05-31,0.0
2000-06-01,0.04917933513231909
2000-06-02,0.0
2000-06-05,0.0
2000-06-06,0.0
2000-06-07,0.0029598171956788377
2000-06-08,0.04695916213065798
2000-06-09,0.026161263039679028
2000-06-12,0.016797312078146165
2000-06-13,-0.02828309366204973
2000-06-14,0.020553239518585453
2000-06-15,-0.00547523357419033
2000-06-16,0.011880961556277603
2000-06-19,0.012354126560879974
2000-06-20,0.012536359220200355
2000-06-21,-0.0222829906556945
2000-06-22,0.017071268182951016
2000-06-23,-0.012749201512170183
2000-06-26,0.020308538857265912
2000-06-27,0.01274078630003661
2000-06-28,0.022136613713558573
2000-06-29,-0.06823487756650104
2000-06-30,0.03127144134684401
2000-07-03,0.035595781483610756
2000-07-05,-0.06449318412903582
2000-07-06,-0.0035931255219195934
2000-07-07,0.012456294197503048
2000-07-10,-0.010227002811552532
2000-07-11,-0.009784186936153128
2000-07-12,0.05478716752855739
2000-07-13,0.061268842423096936
2000-07-14,0.0
2000-07-17,0.0
2000-07-18,0.0
2000-07-19,-0.026953392184901226
2000-07-20,-0.008435333049019778
2000-07-21,-0.046987088570888846
2000-07-24,0.016482969467897846
2000-07-25,0.02980648023818322
2000-07-26,-0.03114491231983918
2000-07-27,-0.07444324285677739
2000-07-28,0.013494566937830355
2000-07-31,0.06868736779130624
2000-08-01,0.0
2000-08-02,0.0
2000-08-03,0.0
2000-08-04,0.03770595666857779
2000-08-07,-0.00451525937662578
2000-08-08,-0.005759746226076001
2000-08-09,0.04612128165285201
2000-08-10,-0.04647656007057133
2000-08-11,-0.0058717979959698186
2000-08-14,0.04521126994227109
2000-08-15,0.01775020909939906
2000-08-16,0.05034962324973491
2000-08-17,-0.03147630511620947
2000-08-18,0.022145292669126126
2000-08-21,0.02956322649238241
2000-08-22,-0.03167386309104614
2000-08-23,-0.005540351585623271
2000-08-24,0.00835131149988566
2000-08-25,-0.011697376257465919
2000-08-28,0.012302418212965183
2000-08-29,0.0024791840627160777
2000-08-30,-0.012293357723388687
2000-08-31,0.008872960383127904
2000-09-01,0.03498181138693113
2000-09-05,0.03428515106881913
2000-09-06,-0.05792821709662188
2000-09-07,0.025374824678649377
2000-09-08,-0.014917832302765222
2000-09-11,-0.040279492832411945
2000-09-12,0.024342796849762705
2000-09-13,-0.025152739515867273
2000-09-14,0.030817867558210255
2000-09-15,-0.008777518051880984
2000-09-18,0.02067325195641745
2000-09-19,-0.009078386708240016
2000-09-20,-0.02297799744772311
2000-09-21,-0.021776581569998954
2000-09-22,-0.11651093300104087
2000-09-25,0.028028547864238584
2000-09-26,0.023107118261038284
2000-09-27,0.023856902343456277
2000-09-28,-0.020132174867274366
2000-09-29,-0.04679597946180469
2000-10-02,0.024592172937854206
2000-10-03,0.050715159572138235
2000-10-04,-0.0016218959408784706
2000-10-05,-0.020648772949246053
2000-10-06,0.016674372419930972
2000-10-09,0.009765425638073921
2000-10-10,-0.045128465433089016
2000-10-11,-0.07108804708113658
2000-10-12,0.062463864504717526
2000-10-13,0.0
2000-10-16,0.0
2000-10-17,0.0
2000-10-18,-0.05183649864321305
2000-10-19,0.17828302881196056
2000-10-20,0.0
2000-10-23,0.0
2000-10-24,0.0
2000-10-25,-0.05192255650602462
2000-10-26,0.019928334070023812
2000-10-27,0.017956136267696543
2000-10-30,-0.017053454546670066
2000-10-31,0.08388534050483254
2000-11-01,0.0
2000-11-02,0.0
2000-11-03,0.0
2000-11-06,0.052568266983541445
2000-11-07,0.01784607800476823
2000-11-08,0.012422749490487162
2000-11-09,-0.08156202402670132
2000-11-10,0.0011575152479308404
2000-11-13,-0.07481415807094138
2000-11-14,0.09960597729139953
2000-11-15,0.0
2000-11-16,0.0
2000-11-17,0.0
2000-11-20,-0.04960089744321572
2000-11-21,0.03932015044144754
2000-11-22,0.01653107267897469
2000-11-24,0.0690792569270795
2000-11-27,0.0
2000-11-28,0.0
2000-11-29,0.0
2000-11-30,-0.17136360256906658
2000-12-01,0.07103332590014588
2000-12-04,0.0
2000-12-05,0.0
2000-12-06,0.0
2000-12-07,-0.06691252480185483
2000-12-08,0.16055057019134078
2000-12-11,0.0
2000-12-12,0.0
2000-12-13,0.0
2000-12-14,0.0038129842668463976
2000-12-15,-0.05325646966225106
2000-12-18,0.029391624418556805
2000-12-19,-0.00035435523550630954
2000-12-20,-0.08780462598446481
2000-12-21,-0.01640275993190199
2000-12-22,0.10270200232469961
2000-12-26,0.0
2000-12-27,0.0
2000-12-28,0.0
2000-12-29,5.744848895483656e-06
2001-01-02,0.04332552080699448
2001-01-03,-0.019794811690839298
2001-01-04,-0.017836442791855367
2001-01-05,0.00577620334572293
2001-01-08,-0.016572652167067825
2001-01-09,0.06091449226683232
2001-01-10,0.0
2001-01-11,0.0
2001-01-12,0.0
2001-01-16,0.003547492486657422
2001-01-17,0.14888021179889943
2001-01-18,0.0
2001-01-19,0.0
2001-01-22,0.0
2001-01-23,-0.018915904993706656
2001-01-24,0.0021417193315795835
2001-01-25,-0.02091165175311116
2001-01-26,-0.06860304425077202
2001-01-29,-0.010327815522259698
2001-01-30,0.027763713661135503
2001-01-31,-0.00947176896318025
2001-02-01,0.016056894056065696
2001-02-02,0.022298663232810156
2001-02-05,-0.016504427324095405
2001-02-06,0.0269143119340034
2001-02-07,-0.013771597812203829
2001-02-08,0.01599509788932796
2001-02-09,-0.014832842056969442
2001-02-12,-0.00918488585260313
2001-02-13,0.008034747884558158
2001-02-14,0.001494329635045144
2001-02-15,0.0022063119525652652
2001-02-16,-0.07672113560172322
2001-02-20,0.01930777249830906
2001-02-21,-0.06038515827222679
2001-02-22,-0.008935407906530801
2001-02-23,-0.015002540253921115
2001-02-26,0.04507376933105922
2001-02-27,-0.022345340031644345
2001-02-28,0.01687690806252462
2001-03-01,-0.025277795380793888
2001-03-02,-0.1013690874927553
2001-03-05,0.031030214764765418
2001-03-06,0.12412293800436225
2001-03-07,0.0
2001-03-08,0.0
2001-03-09,0.0
2001-03-12,-0.03820716881908126
2001-03-13,0.05657390154839281
2001-03-14,-0.08186564636765703
2001-03-15,0.08472435995856631
2001-03-16,0.0
2001-03-19,0.0
2001-03-20,0.0
2001-03-21,-0.006396367856230101
2001-03-22,0.064037181445316
2001-03-23,0.0
2001-03-26,0.0
2001-03-27,0.0
2001-03-28,-0.060248549604808854
2001-03-29,-0.01664198321724808
2001-03-30,-0.034137117735447364
2001-04-02,-0.0062529669526802945
2001-04-03,0.0
2001-04-04,0.0
2001-04-05,0.0
2001-04-06,0.0
2001-04-09,0.0
2001-04-10,0.0
2001-04-11,0.0
2001-04-12,0.0
2001-04-16,0.0
2001-04-17,0.0
2001-04-18,0.0
2001-04-19,0.0
2001-04-20,0.0
2001-04-23,0.0
2001-04-24,0.0
2001-04-25,0.0
2001-04-26,0.0
2001-04-27,0.0
2001-04-30,0.0
2001-05-01,0.0
2001-05-02,0.03632291556157852
2001-05-03,-0.07915050932098489
2001-05-04,-0.07173704726677044
2001-05-07,-0.0014181115260886168
2001-05-08,0.08010585328318887
2001-05-09,0.0
2001-05-10,0.0
2001-05-11,0.0
2001-05-14,-0.00039109621640776027
2001-05-15,0.013307588137167148
2001-05-16,-0.029825989668446073
2001-05-17,0.013173365153342553
2001-05-18,-0.012223080472004377
2001-05-21,-0.012861813206396122
2001-05-22,0.0027318439033658937
2001-05-23,0.007004942668003222
2001-05-24,-0.029647888777302178
2001-05-25,0.0226160953853507
2001-05-29,-0.020389225309952796
2001-05-30,-0.026393665858619464
2001-05-31,-0.006844507763203556
2001-06-01,0.03251295492285977
2001-06-04,-0.028858741824966283
2001-06-05,0.02375655558676848
2001-06-06,0.07774702428066793
2001-06-07,0.0
2001-06-08,0.0
2001-06-11,0.0
2001-06-12,-0.06871425716117163
2001-06-13,0.008832529455428118
2001-06-14,-0.04334540614937288
2001-06-15,-0.03434408055498761
2001-06-18,0.006017056288172951
2001-06-19,0.06339002609189026
2001-06-20,0.0
2001-06-21,0.0
2001-06-22,0.0
2001-06-25,0.05075974249312076
2001-06-26,-0.029672286119269198
2001-06-27,-0.004053841505770817
2001-06-28,0.026721825905388963
2001-06-29,0.008381191091174633
2001-07-02,-0.0005283560936946152
2001-07-03,-0.019495922880492622
2001-07-05,-0.04819141034875929
2001-07-06,-0.1571615199162486
2001-07-09,0.07216301053945018
2001-07-10,0.0
2001-07-11,0.0
2001-07-12,0.0
2001-07-13,-0.026745680981793085
2001-07-16,0.02919444725867093
2001-07-17,-0.04886663311542261
2001-07-18,-0.031744629796634616
2001-07-19,0.04294925336415689
2001-07-20,0.007166646750667027
2001-07-23,0.025096282041332296
2001-07-24,-0.03401539468243908
2001-07-25,0.005111435423384325
2001-07-26,0.0030080155183818125
2001-07-27,-0.01915716558023839
2001-07-30,0.04099177712182023
2001-07-31,0.04075468655811476
2001-08-01,0.1340245937121629
2001-08-02,0.0
2001-08-03,0.0
2001-08-06,0.0
2001-08-07,-0.0016269542820928073
2001-08-08,-0.007537383460067049
2001-08-09,-0.018915345075665835
2001-08-10,-0.00445172563635432
2001-08-13,0.03446170297699047
2001-08-14,-0.01691343343204066
2001-08-15,0.025450310778154295
2001-08-16,-0.027674528006409904
2001-08-17,-0.04388393077382724
2001-08-20,-0.013017395120623054
2001-08-21,0.010738584171027243
2001-08-22,0.03223901563172871
2001-08-23,0.0037636728014300846
2001-08-24,0.02535954405548524
2001-08-27,-0.007719028616320567
2001-08-28,0.00937952824414423
2001-08-29,0.018607149581731708
2001-08-30,-0.021888542600293603
2001-08-31,-0.009461333971730546
2001-09-04,-0.02954453992287953
2001-09-05,-0.010888441088170109
2001-09-06,-0.025576197208779905
2001-09-07,-0.00791548617704696
2001-09-10,-0.005640010514149751
2001-09-17,-0.20836729128518527
2001-09-18,0.01495329547812374
2001-09-19,0.04719991953894076
2001-09-20,-0.047210119128675454
2001-09-21,-0.10190425159651595
2001-09-24,0.09936520291867135
2001-09-25,0.0
2001-09-26,0.0
2001-09-27,0.0
2001-09-28,0.05750449492882792
2001-10-01,-0.003440157672181199
2001-10-02,-0.021340778133037586
2001-10-03,-0.020849498006732525
2001-10-04,0.08197526925255416
2001-10-05,0.0
2001-10-08,0.0
2001-10-09,0.0
2001-10-10,-0.010360146067021958
2001-10-11,0.07210814643416197
2001-10-12,0.0
2001-10-15,0.0
2001-10-16,0.0
2001-10-17,0.07975564375938982
2001-10-18,0.0
2001-10-19,0.0
2001-10-22,0.0
2001-10-23,0.025250160625711615
2001-10-24,-0.003360815612857948
2001-10-25,-0.03384528752999705
2001-10-26,-0.004597695847722849
2001-10-29,-0.026006863665342994
2001-10-30,-0.01697732017043585
2001-10-31,0.06899009700659908
2001-11-01,0.0
2001-11-02,0.0
2001-11-05,0.0
2001-11-06,-0.010124247424952215
2001-11-07,-0.015395161456962847
2001-11-08,0.07807526397967979
2001-11-09,0.0
2001-11-12,0.0
2001-11-13,0.0
2001-11-14,0.02029077688151859
2001-11-15,-0.007834397443981067
2001-11-16,-0.005613561997368177
2001-11-19,0.009608491333978675
2001-11-20,-0.019211415670840393
2001-11-21,-0.015771194877552297
2001-11-23,-0.0017013279792729152
2001-11-26,0.029162068864315716
2001-11-27,-0.017086200867604373
2001-11-28,-0.01262099005909989
2001-11-29,0.04354228549482819
2001-11-30,-0.004897127885176822
2001-12-03,0.015909599209356307
2001-12-04,0.024233414031574974
2001-12-05,0.07159323234973436
2001-12-06,0.0
2001-12-07,0.0
2001-12-10,0.0
2001-12-11,0.026506426202379973
2001-12-12,0.018083952027164507
2001-12-13,-0.06981274032416729
2001-12-14,0.002776961638047526
2001-12-17,0.003349541836159098
2001-12-18,0.01736661439454057
2001-12-19,-0.05517582135868093
2001-12-20,-0.009744113046416869
2001-12-21,0.014539158653666506
2001-12-24,0.0006196095572816862
2001-12-26,0.008974100501858429
2001-12-27,0.030422661778761295
2001-12-28,0.036265345534348015
2001-12-31,0.02182369225346803
2002-01-02,0.06032927318874948
2002-01-03,0.0
2002-01-04,0.0
2002-01-07,0.0
2002-01-08,0.0039160763649985775
2002-01-09,0.0
2002-01-10,0.0
2002-01-11,0.0
2002-01-14,-0.004170826851234377
2002-01-15,0.0006983419385144796
2002-01-16,-0.0009466819916510438
2002-01-17,0.000582685808271588
2002-01-18,-0.0017203699353010027
2002-01-22,0.0008986494856877414
2002-01-23,0.0016848503152406824
2002-01-24,0.003954615178280552
2002-01-25,0.0
2002-01-28,0.0
2002-01-29,0.0
2002-01-30,-0.00024769131374580144
2002-01-31,0.0032681724575420734
2002-02-01,-0.004051999899860603
2002-02-04,-0.04253407958666433
2002-02-05,-0.03525138845956599
2002-02-06,0.04177580457554164
2002-02-07,0.0
2002-02-08,0.0
2002-02-11,0.0
2002-02-12,-0.022970773822992063
2002-02-13,0.01906988862895731
2002-02-14,0.008153519707364776
2002-02-15,-0.02908092433734244
2002-02-19,-0.0515030795714837
2002-02-20,-0.0027648141848366503
2002-02-21,-0.01152897754185378
2002-02-22,-0.02389143805781624
2002-02-25,0.005494443557008788
2002-02-26,0.0013349560259137139
2002-02-27,0.02302022477017207
2002-02-28,-0.002906566597249416
2002-03-01,0.00782352786692142
2002-03-04,0.00229710368302527
2002-03-05,-0.019240661635726797
2002-03-06,-0.047666024234106597
2002-03-07,0.0038925075369897755
2002-03-08,0.02732330195800725
2002-03-11,0.0
2002-03-12,0.0
2002-03-13,0.0
2002-03-14,-0.031186736222825973
2002-03-15,-0.005065924675590305
2002-03-18,0.007410868911789548
2002-03-19,0.006754824808432813
2002-03-20,-0.008502002664560249
2002-03-21,0.005768114750516862
2002-03-22,-0.0022730218753019837
2002-03-25,-0.002015255317844855
2002-03-26,-0.004947480835786999
2002-03-27,-0.0400555238652367
2002-03-28,0.0074034254088077844
2002-04-01,-0.0014861899456987127
2002-04-02,-0.016019449211084447
2002-04-03,-0.007860514961204101
2002-04-04,0.00042692857154857933
2002-04-05,0.006872169218685276
2002-04-08,-0.06048904569082425
2002-04-09,0.00874902164522906
2002-04-10,0.022357434869898718
2002-04-11,-0.030935431385768042
2002-04-12,0.011165638706899239
2002-04-15,0.011342099485516455
2002-04-16,0.045726169534126226
2002-04-17,0.0
2002-04-18,0.0
2002-04-19,0.0
2002-04-22,-0.010860699849130295
2002-04-23,0.0220570453050406
2002-04-24,0.06830020782443436
2002-04-25,0.0
2002-04-26,0.0
2002-04-29,0.0
2002-04-30,0.0018879520087693447
2002-05-01,-0.0054230338386185295
2002-05-02,0.02325562458251773
2002-05-03,-0.002356223216926412
2002-05-06,-0.025305859782786988
2002-05-07,0.04846811990608213
2002-05-08,0.13066758871401096
2002-05-09,0.0
2002-05-10,0.0
2002-05-13,0.0
2002-05-14,0.13119017477873984
2002-05-15,0.0
2002-05-16,0.0
2002-05-17,0.0
2002-05-20,0.0010473329596099035
2002-05-21,0.029386236190964476
2002-05-22,-0.010560769111554347
2002-05-23,0.009287644715557652
2002-05-24,-0.031481074880782445
2002-05-28,0.030200602416426525
2002-05-29,-0.03588359201297964
2002-05-30,-0.04278677727197033
2002-05-31,0.0067112652921712534
2002-06-03,-0.02015043394835514
2002-06-04,-0.004234825026757649
2002-06-05,-0.0017795873417064678
2002-06-06,-0.02603557905613796
2002-06-07,-0.18431699116665612
2002-06-10,0.013485885863936842
2002-06-11,0.026427292237395594
2002-06-12,-0.0008484868258852307
2002-06-13,-0.00926164012223496
2002-06-14,-0.040452260804436424
2002-06-17,0.044705520199480375
2002-06-18,-0.01106936674331882
2002-06-19,-0.161867592830095
2002-06-20,-0.0024327798883840845
2002-06-21,-0.022795973392496394
2002-06-24,-0.030668134084960275
2002-06-25,0.05686808466998494
2002-06-26,-0.17536571034672888
2002-06-27,0.08181805273611498
2002-06-28,0.0
2002-07-01,0.0
2002-07-02,0.0
2002-07-03,-0.04546836890672723
2002-07-05,0.14556088079853158
2002-07-08,0.0
2002-07-09,0.0
2002-07-10,0.0
2002-07-11,-0.01828782542686802
2002-07-12,0.06412920297189295
2002-07-15,0.0
2002-07-16,0.0
2002-07-17,0.0
2002-07-18,-0.06250525179627653
2002-07-19,-0.03557689649013829
2002-07-22,-0.001967959234470018
2002-07-23,0.03295624166666378
2002-07-24,-0.034052971782293495
2002-07-25,-0.08114863695657026
2002-07-26,0.04532100402325945
2002-07-29,0.07427930816264072
2002-07-30,0.0
2002-07-31,0.0
2002-08-01,0.0
2002-08-02,0.021306543921503662
2002-08-05,0.027951705571621632
2002-08-06,0.08711816503688041
2002-08-07,0.0
2002-08-08,0.0
2002-08-09,0.0
2002-08-12,-0.03974075048305559
2002-08-13,0.002172949735387064
2002-08-14,0.013365905716562043
2002-08-15,0.019745408710147183
2002-08-16,-0.035630584671125565
2002-08-19,0.04308025590895781
2002-08-20,-0.01434416791952764
2002-08-21,0.06801950610388152
2002-08-22,0.0
2002-08-23,0.0
2002-08-26,0.0
2002-08-27,0.015622832879701454
2002-08-28,-0.027074384496781678
2002-08-29,-0.05803696369475175
2002-08-30,-0.019502096794046353
2002-09-03,-0.060176815943010276
2002-09-04,0.015415069248917224
2002-09-05,-0.03950202308284512
2002-09-06,0.0931804741565685
2002-09-09,0.0
2002-09-10,0.0
2002-09-11,0.0
2002-09-12,-0.043900423526494925
2002-09-13,-0.05518965488075356
2002-09-16,-0.01101387155481548
2002-09-17,0.07307914831548112
2002-09-18,0.0
2002-09-19,0.0
2002-09-20,0.0
2002-09-23,-0.06461331526743574
2002-09-24,-0.04905954457837802
2002-09-25,0.062223902746703086
2002-09-26,0.0
2002-09-27,0.0
2002-09-30,0.0
2002-10-01,0.03322956642390773
2002-10-02,0.0018885677157371994
2002-10-03,-0.12482969687707812
2002-10-04,0.01505360480901019
2002-10-07,-0.006427728608626948
2002-10-08,0.05174166545622838
2002-10-09,-0.021821855605120843
2002-10-10,0.005445726355892244
2002-10-11,0.11355588796139737
2002-10-14,0.0
2002-10-15,0.0
2002-10-16,0.0
2002-10-17,0.29783215473937186
2002-10-18,0.0
2002-10-21,0.0
2002-10-22,0.0
2002-10-23,0.010531392658751804
2002-10-24,0.04792684965258642
2002-10-25,-0.04604525668496662
2002-10-28,0.09482438117503844
2002-10-29,0.0
2002-10-30,0.0
2002-10-31,0.0
2002-11-01,-0.010260545575333735
2002-11-04,0.02753424279362182
2002-11-05,-0.009500898116973966
2002-11-06,0.012898500818615544
2002-11-07,-0.0198167154289296
2002-11-08,0.002401426322452105
2002-11-11,-0.0022603447620849204
2002-11-12,0.006875496631330913
2002-11-13,-0.0077825275478640155
2002-11-14,0.020853224746061105
2002-11-15,-0.03059000740309792
2002-11-18,0.005248302210218325
2002-11-19,-0.010289726056999848
2002-11-20,0.0006649803580305313
2002-11-21,0.003072805286508551
2002-11-22,-0.008203539356837486
2002-11-25,-0.007323137756242604
2002-11-26,-0.008046579446524094
2002-11-27,0.02462165822472029
2002-11-29,0.013848970320066822
2002-12-02,0.022623545243542154
2002-12-03,0.0014104817497764266
2002-12-04,-0.0032516351297274815
2002-12-05,0.0021245823440683154
2002-12-06,-0.0007636626032505589
2002-12-09,-0.001237971253479353
2002-12-10,0.0024509678209776453
2002-12-11,0.0017310069894924673
2002-12-12,0.003246357628698071
2002-12-13,0.00011975773867312078
2002-12-16,-0.0009104674552400382
2002-12-17,0.00114289539678758
2002-12-18,-0.0017398110888721119
2002-12-19,0.0012817003726726117
2002-12-20,-0.0022393437492141954
2002-12-23,-0.001134597642258428
2002-12-24,0.00030830518740354584
2002-12-26,-0.000696841059977471
2002-12-27,-0.0004511916961791318
2002-12-30,-0.002685815174084061
2002-12-31,-0.0011518655005243739
2003-01-02,0.0012855928560988605
2003-01-03,0.0010950968531340255
2003-01-06,0.002289127264695434
2003-01-07,0.01169640330762145
2003-01-08,0.0
2003-01-09,0.0
2003-01-10,0.0
2003-01-13,0.007924275983911322
2003-01-14,-0.003585773668086323
2003-01-15,-0.00015166130792709787
2003-01-16,-0.002249833910290322
2003-01-17,-0.004365549863911022
2003-01-21,0.010019297262257698
2003-01-22,-0.006956516698825688
2003-01-23,0.0033328132035299607
2003-01-24,0.0029236771374174797
2003-01-27,-0.002410253150061159
2003-01-28,0.0023769887844367066
2003-01-29,-0.005947628579023423
2003-01-30,-9.718725795238026e-05
2003-01-31,0.009781309470379806
2003-02-03,-0.0013908985751389658
2003-02-04,-0.004967600790780624
2003-02-05,0.01590874652241503
2003-02-06,0.038648777204840945
2003-02-07,0.038868003986861854
2003-02-10,-0.007241851275908595
2003-02-11,-0.012739481701456112
2003-02-12,0.0009220229713828854
2003-02-13,0.012810821637474268
2003-02-14,0.09118512219865327
2003-02-18,0.0
2003-02-19,0.0
2003-02-20,0.0
2003-02-21,0.011409961192166751
2003-02-24,-0.008025080375385518
2003-02-25,-0.033420535437405974
2003-02-26,-0.01781221758560758
2003-02-27,0.005512243500712
2003-02-28,-0.004579285121156351
2003-03-03,0.014510179168126802
2003-03-04,-0.003089020621120042
2003-03-05,-0.010884695737514272
2003-03-06,-0.006046239471535153
2003-03-07,-0.03954507434330523
2003-03-10,-0.00693669875812386
2003-03-11,0.010971620526530446
2003-03-12,-0.004358649281876903
2003-03-13,0.045895046749093504
2003-03-14,-0.008058775882396563
2003-03-17,-0.02484440507603569
2003-03-18,0.010049194352760749
2003-03-19,0.0163727462812977
2003-03-20,0.0008179596292747782
2003-03-21,0.07727224242625441
2003-03-24,0.0
2003-03-25,0.0
2003-03-26,0.0
2003-03-27,-0.02346090739282658
2003-03-28,-0.01377828527238556
2003-03-31,-0.06457620504051687
2003-04-01,0.019408585675015688
2003-04-02,0.06885887905458232
2003-04-03,0.0
2003-04-04,0.0
2003-04-07,0.0
2003-04-08,-0.003411281853975212
2003-04-09,-0.008789957844539398
2003-04-10,0.018635803998259926
2003-04-11,0.01925593515003099
2003-04-14,-0.009929196227312809
2003-04-15,-0.038798553054768314
2003-04-16,0.04293751551489877
2003-04-17,-0.033410515244982175
2003-04-21,0.026038469431352018
2003-04-22,0.006351692042410706
2003-04-23,0.0044967762312162485
2003-04-24,-0.00033194718873519324
2003-04-25,-0.0037929145533599495
2003-04-28,-0.0028700224553070974
2003-04-29,0.03579697018179728
2003-04-30,-0.0037080024091060704
2003-05-01,-0.008128361255545835
2003-05-02,0.00834426643761299
2003-05-05,0.016551254033874585
2003-05-06,-0.0036390663147808366
2003-05-07,-0.0231368342456586
2003-05-08,-0.01693100633179556
2003-05-09,0.12398766532382255
2003-05-12,0.0
2003-05-13,0.0
2003-05-14,0.0
2003-05-15,0.019245388866985902
2003-05-16,-0.007419865155234184
2003-05-19,-0.0319388651525343
2003-05-20,0.02059955448543338
2003-05-21,-0.00946791169985195
2003-05-22,0.009979674074175104
2003-05-23,0.014808889347403431
2003-05-27,-0.025638471689242603
2003-05-28,0.02022487445549559
2003-05-29,0.006829720923608562
2003-05-30,0.07943861733458091
2003-06-02,0.0
2003-06-03,0.0
2003-06-04,0.0
2003-06-05,-0.015330186014768543
2003-06-06,0.044167703871753394
2003-06-09,-0.012821490305302108
2003-06-10,-0.0038443882053701417
2003-06-11,-0.007087147958644513
2003-06-12,0.007952045494976634
2003-06-13,-0.039823312335705796
2003-06-16,0.016598763888488355
2003-06-17,0.028845144585632365
2003-06-18,-0.03356468335239271
2003-06-19,-0.0006232755275082935
2003-06-20,0.01883514817275822
2003-06-23,-0.0026197281081256074
2003-06-24,-0.012807929116709915
2003-06-25,0.011368658917916052
2003-06-26,0.006116145852836485
2003-06-27,0.01730029743867778
2003-06-30,0.024443813774057688
2003-07-01,-0.003591110946026266
2003-07-02,0.043043393313979994
2003-07-03,-0.02789643023679722
2003-07-07,0.013395313183805158
2003-07-08,-0.015463520217331439
2003-07-09,0.003116587147715233
2003-07-10,-0.04153227508261548
2003-07-11,0.00623901076318778
2003-07-14,0.04472700073137359
2003-07-15,-0.0078014569998602346
2003-07-16,0.025025013776475147
2003-07-17,-0.06000465576014835
2003-07-18,0.007672459990277547
2003-07-21,0.005100791964825602
2003-07-22,0.02975134930610679
2003-07-23,-0.03833987396361083
2003-07-24,0.05449586271916673
2003-07-25,0.0
2003-07-28,0.0
2003-07-29,0.0
2003-07-30,-0.007789667680974444
2003-07-31,0.020843322094220573
2003-08-01,-0.0053656811032863905
2003-08-04,-0.01079578350778243
2003-08-05,0.026246704455994863
2003-08-06,-0.00018441890964571162
2003-08-07,-0.027440341435909676
2003-08-08,-0.08190893119390086
2003-08-11,0.018390564427003264
2003-08-12,0.003376756303978601
2003-08-13,0.0024202612108390475
2003-08-14,-0.02384611640391121
2003-08-15,-0.006482775751149528
2003-08-18,0.017602609647817458
2003-08-19,0.02672654117082729
2003-08-20,-0.03922181127753499
2003-08-21,0.031604668286930204
2003-08-22,0.0529470818126212
2003-08-25,0.007711154999921144
2003-08-26,-0.01791360404201814
2003-08-27,0.00898995110159495
2003-08-28,0.009742777039685846
2003-08-29,-0.005829799816125636
2003-09-02,0.015979299544593095
2003-09-03,0.024566940573703455
2003-09-04,-0.0077776918199685685
2003-09-05,-0.007521043764987079
2003-09-08,0.006790620022827154
2003-09-09,-0.009981206977798696
2003-09-10,-0.020618160427119836
2003-09-11,0.0010383073296875711
2003-09-12,0.005842891071539791
2003-09-15,0.01390459924154519
2003-09-16,0.008342305183978382
2003-09-17,-0.0008869396374159288
2003-09-18,-0.011759348554704174
2003-09-19,0.002328989814805338
2003-09-22,-0.038333491132818365
2003-09-23,0.011349923533284123
2003-09-24,0.01707786923990673
2003-09-25,0.011695575811113468
2003-09-26,-0.019276124638792913
2003-09-29,0.03334636994679774
2003-09-30,-0.04698259464622778
2003-10-01,0.013699479112130764
2003-10-02,0.0013254595342810926
2003-10-03,0.08045358935070124
2003-10-06,0.0
2003-10-07,0.0
2003-10-08,0.0
2003-10-09,0.03714705757001768
2003-10-10,0.012264725234350848
2003-10-13,0.0058694297357522185
2003-10-14,-0.026054733953511433
2003-10-15,0.05856110625788924
2003-10-16,0.0
2003-10-17,0.0
2003-10-20,0.0
2003-10-21,0.016204692158427347
2003-10-22,-0.02834769604557008
2003-10-23,-0.03334560449764756
2003-10-24,0.009659924989048996
2003-10-27,0.0515115940657882
2003-10-28,0.06102009304685363
2003-10-29,0.0
2003-10-30,0.0
2003-10-31,0.0
2003-11-03,0.03419926214925373
2003-11-04,-0.011797993137453333
2003-11-05,-0.003314504423950204
2003-11-06,0.02307221280297589
2003-11-07,0.003026539186889332
2003-11-10,-0.02832373787461384
2003-11-11,-0.007133975163432171
2003-11-12,0.014052702814745466
2003-11-13,-0.012823549045810623
2003-11-14,-0.008149161278676265
2003-11-17,-0.03507811303983377
2003-11-18,0.02392898210843275
2003-11-19,0.006947765660239913
2003-11-20,-0.06305707541079164
2003-11-21,0.020682963842663993
2003-11-24,0.015260800122018914
2003-11-25,0.019892282106086734
2003-11-26,0.019691455875266328
2003-11-28,-0.0003517024093707688
2003-12-01,0.022029001602501763
2003-12-02,0.010441843917530225
2003-12-03,0.016840516254352123
2003-12-04,0.013399279901806338
2003-12-05,-0.041414598857766105
2003-12-08,-0.010327747713048008
2003-12-09,0.028741214385398228
2003-12-10,-0.008707848623977332
2003-12-11,0.007374135100467916
2003-12-12,0.012550290983783574
2003-12-15,0.047688760284609666
2003-12-16,0.003653511861665626
2003-12-17,-0.003347192281333622
2003-12-18,0.015133546506332252
2003-12-19,0.0052385845027758116
2003-12-22,-0.010559023272703416
2003-12-23,0.002206334492671269
2003-12-24,-0.00085747464263497
2003-12-26,0.002916577325487779
2003-12-29,0.015019057631084687
2003-12-30,0.005494969755454937
2003-12-31,0.005602931587893378
2004-01-02,0.020888305834116938
2004-01-05,0.017161073037291308
2004-01-06,0.0007910803075319439
2004-01-07,0.006922121673599291
2004-01-08,0.028237502845430473
2004-01-09,-0.012521786688162506
2004-01-12,0.006309740109930573
2004-01-13,0.0072480711245794804
2004-01-14,0.008278336870646053
2004-01-15,-0.011120398473338455
2004-01-16,0.013126149596291548
2004-01-20,0.022669574233561862
2004-01-21,-0.03505093313259511
2004-01-22,-0.0011945576974707883
2004-01-23,0.007048534618572688
2004-01-26,-0.0025960564171696454
2004-01-27,0.0022376296879618174
2004-01-28,0.02489393461649425
2004-01-29,0.011627254004762166
2004-01-30,0.0042107306813232714
2004-02-02,0.024243965948030244
2004-02-03,-0.001590991295179922
2004-02-04,-0.01930215357280418
2004-02-05,0.008870686289723873
2004-02-06,0.00928286060673833
2004-02-09,0.01293100599210839
2004-02-10,0.009642082233482396
2004-02-11,-0.0013150602204102801
2004-02-12,0.007066625300821361
2004-02-13,0.017659097796186796
2004-02-17,0.032594094716395405
2004-02-18,0.006714402733418723
2004-02-19,0.035266934427555796
2004-02-20,-0.010770665427630166
2004-02-23,-0.03415006722062541
2004-02-24,-0.07509679770227295
2004-02-25,0.016758109948744604
2004-02-26,-0.005271222784528629
2004-02-27,0.016080051430990894
2004-03-01,-0.015493958211092784
2004-03-02,0.0010618693102415477
2004-03-03,-0.009735651927679112
2004-03-04,-0.004459233872290969
2004-03-05,-0.02257556455451004
2004-03-08,0.060516077322188666
2004-03-09,0.0
2004-03-10,0.0
2004-03-11,0.0
2004-03-12,0.04271104978328322
2004-03-15,0.0
2004-03-16,0.0
2004-03-17,0.0
2004-03-18,0.009108661546960217
2004-03-19,0.014126321625440807
2004-03-22,-0.01981493023951142
2004-03-23,0.03620172372592778
2004-03-24,0.0006325331572634152
2004-03-25,0.012976023879450072
2004-03-26,-0.006786937173554608
2004-03-29,0.02995155414690287
2004-03-30,0.0308291666233782
2004-03-31,0.00897048245604326
2004-04-01,0.0156652895031959
2004-04-02,0.031753779291962436
2004-04-05,-0.01402257565494791
2004-04-06,-0.027773320601696794
2004-04-07,0.0006343458445838834
2004-04-08,0.028742886388264832
2004-04-12,0.00844411051307703
2004-04-13,0.011222401352034339
2004-04-14,-0.026518997414264556
2004-04-15,-0.013364653362019197
2004-04-16,0.00021709952510029495
2004-04-19,0.0031098516815026844
2004-04-20,0.008264275306131497
2004-04-21,0.006691761891064463
2004-04-22,-0.015414658165808448
2004-04-23,0.018032694801255245
2004-04-26,0.0060405718802594155
2004-04-27,0.008658967153245767
2004-04-28,-0.011770894935314358
2004-04-29,-0.006230910288227309
2004-04-30,0.0030525735487394456
2004-05-03,0.031511738081783536
2004-05-04,0.013725794859630991
2004-05-05,0.013545944279820032
2004-05-06,0.005127883489715934
2004-05-07,0.015042370760067536
2004-05-10,-0.01263854977645229
2004-05-11,0.020242113244375748
2004-05-12,-0.01609359879239025
2004-05-13,-0.011094572996982799
2004-05-14,0.005334628315865508
2004-05-17,-0.018208834004620478
2004-05-18,0.021963310241476686
2004-05-19,0.04501402149336631
2004-05-20,0.001387726267073619
2004-05-21,0.01902332356392855
2004-05-24,0.014190582903912619
2004-05-25,-0.0007105443417043666
2004-05-26,-6.600077567686657e-05
2004-05-27,0.015688088627321406
2004-05-28,0.011409914294598034
2004-06-01,-0.013498638367786309
2004-06-02,0.011999353255746747
2004-06-03,-0.010696764060050712
2004-06-04,0.02892908387517079
2004-06-07,0.014176527754289125
2004-06-08,-0.0017556981090037782
2004-06-09,0.0018075052818193882
2004-06-10,0.017693701743024093
2004-06-14,-0.0016936496643349397
2004-06-15,0.02204803616530082
2004-06-16,-0.006644665852040044
2004-06-17,-0.005783437416372217
2004-06-18,-0.023637196171537034
2004-06-21,0.00470740216137
2004-06-22,0.009704060435295814
2004-06-23,0.009413669614901199
2004-06-24,0.001697746450036064
2004-06-25,0.010280116990918131
2004-06-28,0.016739308928165997
2004-06-29,0.01767381123426892
2004-06-30,-0.007101884995908914
2004-07-01,0.002858737228364827
2004-07-02,-0.0020396052903972617
2004-07-06,-0.031086289798130662
2004-07-07,0.0035204474473320424
2004-07-08,-0.012331814092912952
2004-07-09,0.011821845738850367
2004-07-12,-0.020313356243197633
2004-07-13,0.011252018126149288
2004-07-14,-0.05833900432240713
2004-07-15,0.007206280884966887
2004-07-16,0.023107939239443542
2004-07-19,-0.000515937850146031
2004-07-20,0.007712976019509377
2004-07-21,0.024281830549727657
2004-07-22,0.0041256850838822245
2004-07-23,-0.015637711127031717
2004-07-26,0.008250485486116732
2004-07-27,0.0020350015041785685
2004-07-28,-0.011049164846460902
2004-07-29,0.012821270745791313
2004-07-30,0.0014805879367612018
2004-08-02,-0.016560970948657494
2004-08-03,-0.004971796308325116
2004-08-04,-0.00293496075310018
2004-08-05,0.0035270668984743736
2004-08-06,-0.10382610457014052
2004-08-09,0.02471590072030594
2004-08-10,0.018884012493004754
2004-08-11,-0.029359194378973275
2004-08-12,-0.010144563831294473
2004-08-13,0.009008873257267291
2004-08-16,-0.003941327415516116
2004-08-17,0.017274072520860217
2004-08-18,-0.0030069681077431465
2004-08-19,-0.002690829690352503
2004-08-20,0.00392431749825195
2004-08-23,0.016097337678014245
2004-08-24,0.016914757247195267
2004-08-25,0.009933036616508906
2004-08-26,-0.016319520123677544
2004-08-27,0.004375027927095543
2004-08-30,-0.005315666879639136
2004-08-31,0.0026290931225663172
2004-09-01,0.005126529476923158
2004-09-02,0.0017787888058067303
2004-09-03,-0.030614196996276433
2004-09-07,0.012773452089593906
2004-09-08,-0.0014126232563190788
2004-09-09,0.02082798408702935
2004-09-10,-0.0038033493390745576
2004-09-13,0.006438566781710842
2004-09-14,-0.005676930840581185
2004-09-15,-0.019407674386275664
2004-09-16,0.012444418094600174
2004-09-17,0.014427934346746607
2004-09-20,-0.017374498161112473
2004-09-21,0.019931695667960048
2004-09-22,-0.013792042335259547
2004-09-23,0.0032921008252744244
2004-09-24,0.005166332564821907
2004-09-27,-0.012736370345090897
2004-09-28,-0.00238797897166676
2004-09-29,-0.0003410042662678192
2004-09-30,-0.0071606559174721696
2004-10-01,0.01103755386869354
2004-10-04,0.014797735347607643
2004-10-05,-0.028746460691373876
2004-10-06,0.004344696830777428
2004-10-07,0.0051604443575801184
2004-10-08,-0.014573900465557399
2004-10-11,0.0015292040036742893
2004-10-12,-0.03388149252561978
2004-10-13,0.03677047228748731
2004-10-14,-0.006135348506924099
2004-10-15,0.011238401674669829
2004-10-18,-0.01188768246166616
2004-10-19,0.02380512767364773
2004-10-20,-0.006298701129474726
2004-10-21,0.016492859111508773
2004-10-22,0.008439478345422469
2004-10-25,-0.005358451644845275
2004-10-26,0.04117262806880562
2004-10-27,-0.008425026552386528
2004-10-28,-0.004106463716910591
2004-10-29,-0.005360768844504982
2004-11-01,0.007513657464685686
2004-11-02,0.0018726713171586251
2004-11-03,0.0192411346355017
2004-11-04,0.002985609963645386
2004-11-05,0.007442524992947508
2004-11-08,0.0027765277047802073
2004-11-09,0.0011788932646545902
2004-11-10,0.0003945425334026531
2004-11-11,0.004993036357006986
2004-11-12,0.0015247682176178223
2004-11-15,0.001142589301714514
2004-11-16,0.00121978550478552
2004-11-17,0.003891833479081175
2004-11-18,0.002900897962093474
2004-11-19,0.026702353480138052
2004-11-22,0.0
2004-11-23,0.0
2004-11-24,0.0
2004-11-26,0.002417712954631668
2004-11-29,-0.0068397954709791264
2004-11-30,0.0020566176782677026
2004-12-01,0.005698324640418528
2004-12-02,-0.015187174261727554
2004-12-03,0.015287186058662527
2004-12-06,-0.009386738053137722
2004-12-07,-0.014266038439684547
2004-12-08,-0.011237724769284752
2004-12-09,-0.013893696792597332
2004-12-10,-0.008144830032926209
2004-12-13,0.026027365420840942
2004-12-14,0.011538688558685894
2004-12-15,0.0003965430944370407
2004-12-16,-0.02216622139404012
2004-12-17,-0.009369790317219517
2004-12-20,0.016296632188113946
2004-12-21,0.009906862625945312
2004-12-22,0.002622169664195706
2004-12-23,0.008230365412329244
2004-12-27,0.013089455266190653
2004-12-28,0.004433472044828468
2004-12-29,-0.006165206074066565
2004-12-30,0.0020018167453927926
2004-12-31,0.012517274695807323
2005-01-03,0.03460731990523236
2005-01-04,-0.003728752638561539
2005-01-05,-0.004163716172827958
2005-01-06,0.010065469023764928
2005-01-07,0.013912270870283239
2005-01-10,0.007501307177312455
2005-01-11,0.003416362893617686
2005-01-12,0.010886116381077393
2005-01-13,-0.002977314503633033
2005-01-14,0.0062150959998432675
2005-01-18,-0.012171515266100497
2005-01-19,0.0051564835412925
2005-01-20,-0.018956197763780103
2005-01-21,0.004938763470282659
2005-01-24,-0.01702590518514302
2005-01-25,0.009642708853112136
2005-01-26,0.011309006612282513
2005-01-27,0.0025340437558998286
2005-01-28,0.008549620853722129
2005-01-31,0.024695139374720787
2005-02-01,-0.007492747168622249
2005-02-02,0.02109373960090677
2005-02-03,-0.01085286022080223
2005-02-04,-0.0003313133241958921
2005-02-07,0.0019173453971774723
2005-02-08,-0.002159934247472739
2005-02-09,-0.012135888018622865
2005-02-10,0.00477533380645756
2005-02-11,0.009681935914589435
2005-02-14,0.013369659656390587
2005-02-15,0.018710438856389455
2005-02-16,-0.003136813247964443
2005-02-17,0.010896812783786514
2005-02-18,0.03367200933949932
2005-02-22,-0.009195852106511082
2005-02-23,0.0033280343718398164
2005-02-24,-0.006999023034978236
2005-02-25,0.007489733249878894
2005-02-28,-0.0015428091602812666
2005-03-01,0.005732578261508525
2005-03-02,-0.01131442755031753
2005-03-03,0.0028436151009314514
2005-03-04,0.018470212457321056
2005-03-07,0.0023568877178121728
2005-03-08,-0.014811125363410338
2005-03-09,-0.017999136809592642
2005-03-10,0.0056962015604205
2005-03-11,0.011781027248695342
2005-03-14,0.019524415635342907
2005-03-15,0.008585777953541651
2005-03-16,-0.010944719673501746
2005-03-17,0.007580325962450063
2005-03-18,0.0248999473794429
2005-03-21,0.005056159708388908
2005-03-22,0.0003592580025892911
2005-03-23,-0.007070461660511729
2005-03-24,0.008356082588685476
2005-03-28,0.004085388082554209
2005-03-29,1.9123974584589476e-05
2005-03-30,0.006408116195097069
2005-03-31,-0.007376736791714578
2005-04-01,0.011898314057549708
2005-04-04,-0.0033504845757578172
2005-04-05,0.0028443104925783835
2005-04-06,0.010350440448655629
2005-04-07,0.0010801755506861799
2005-04-08,0.002830123517992167
2005-04-11,0.0023230385798314046
2005-04-12,-0.0013395535277263004
2005-04-13,-0.0005578363750619042
2005-04-14,-0.00023389808279306035
2005-04-15,-0.018503845962041354
2005-04-18,-0.0008107715623349998
2005-04-19,0.012983812239110382
2005-04-20,0.01003372323642937
2005-04-21,0.01826475243592829
2005-04-22,-0.0005589711811256892
2005-04-25,0.015181708844719699
2005-04-26,0.0001499241544056229
2005-04-27,-0.007387743536128366
2005-04-28,-0.007684396301339436
2005-04-29,0.006454484723196652
2005-05-02,0.0022816458800374306
2005-05-03,-0.004114380999701295
2005-05-04,-0.0009928757389556786
2005-05-05,0.0013559426628317883
2005-05-06,0.011051315163749464
2005-05-09,0.005445748286044161
2005-05-10,0.0009326760689396529
2005-05-11,0.0032180698643859973
2005-05-12,-0.000771948296271141
2005-05-13,0.025318855987762623
2005-05-16,0.0
2005-05-17,0.0
2005-05-18,0.0
2005-05-19,0.001617873799848013
2005-05-20,0.0010013866053371068
2005-05-23,0.005036564199370153
2005-05-24,-0.005625663530937852
2005-05-25,-0.0030697362307049447
2005-05-26,0.0046231923396646835
2005-05-27,-0.0003682915665840225
2005-05-31,-0.0023058570770101428
2005-06-01,-0.0033068240491580525
2005-06-02,-0.0015045884729815162
2005-06-03,-0.0006296600961123167
2005-06-06,-0.013203341723567186
2005-06-07,-0.0003170495109663385
2005-06-08,0.00441573648262561
2005-06-09,-0.004808513933805658
2005-06-10,0.00048705264771187196
2005-06-13,-0.002745960733586905
2005-06-14,-0.001177458333079029
2005-06-15,0.0034821683559920213
2005-06-16,0.004188146034363793
2005-06-17,0.013438744640825284
2005-06-20,-0.004458971096151676
2005-06-21,0.0017108204837772423
2005-06-22,0.0062383643159420465
2005-06-23,-0.001168093405793158
2005-06-24,-0.0012823671436943407
2005-06-27,-0.004884218819352526
2005-06-28,0.006260973937817882
2005-06-29,0.004388241493745282
2005-06-30,0.004688100846587107
2005-07-01,-0.002208710381418233
2005-07-05,-0.0010275541286500767
2005-07-06,0.0006578775987544638
2005-07-07,-0.0034982416333159128
2005-07-08,0.0007449523310749662
2005-07-11,0.0025798233663136827
2005-07-12,0.000148767239402936
2005-07-13,0.00024195729216236472
2005-07-14,0.001441287408580072
2005-07-15,0.0005142487099214499
2005-07-18,0.0005783470982296812
2005-07-19,0.001561269913317398
2005-07-20,-0.0015451198522820064
2005-07-21,-0.00020488150638442448
2005-07-22,0.0004908521265691856
2005-07-25,-0.0034669337340804685
2005-07-26,0.003977788669432769
2005-07-27,0.0011222928040510727
2005-07-28,0.0012745622221776998
2005-07-29,0.0014053361686205967
2005-08-01,-0.003949720338158436
2005-08-02,-0.0014991217779515287
2005-08-03,-0.003390426659721113
2005-08-04,-0.0018322006435850247
2005-08-05,-0.000548358734448473
2005-08-08,0.0024273982676745742
2005-08-09,0.01708836201204922
2005-08-10,0.0
2005-08-11,0.0
2005-08-12,0.0
2005-08-15,-0.00013706511444988578
2005-08-16,-9.497673354119662e-06
2005-08-17,-0.0034580747173345028
2005-08-18,-0.008663119674643283
2005-08-19,-0.0026276821002161332
2005-08-22,0.0019988163537525416
2005-08-23,0.001194530248020964
2005-08-24,-0.0035492128892579133
2005-08-25,0.0028554948071126685
2005-08-26,-0.011573105562010855
2005-08-29,-0.0076776384965761
2005-08-30,-1.3132240014424035e-05
2005-08-31,0.0012445846718116549
2005-09-01,-0.003300504528067849
2005-09-02,0.0025075223107311473
2005-09-06,0.0009163255315822738
2005-09-07,5.582558778782776e-05
2005-09-08,0.00024318137333123602
2005-09-09,0.001713722971098397
2005-09-12,0.0010132518146388492
2005-09-13,-0.0001549934985940471
2005-09-14,-0.0003675775048551655
2005-09-15,-0.0005219300652475889
2005-09-16,0.0007038547210589385
2005-09-19,0.00039039687557695935
2005-09-20,0.0007652068640260357
2005-09-21,-0.0009128158875051362
2005-09-22,-0.0003696363309362294
2005-09-23,0.00013406914701064032
2005-09-26,0.0005564258981347603
2005-09-27,0.002272497186896816
2005-09-28,0.0016931133533810705
2005-09-29,0.001835481602739053
2005-09-30,0.0006484352514619651
2005-10-03,0.0005768600105537924
2005-10-04,0.002647862170955806
2005-10-05,-0.0009763784659974073
2005-10-06,-0.0007090435356921221
2005-10-07,0.0018528315249630722
2005-10-10,0.0015145966147174228
2005-10-11,0.0014447908205714732
2005-10-12,0.005341383506410224
2005-10-13,0.0004744496302730994
2005-10-14,0.0036729017205177072
2005-10-17,0.0007634918489427545
2005-10-18,-0.0002275146649335369
2005-10-19,-0.001864721342047182
2005-10-20,-0.00464137858181235
2005-10-21,0.0011441000979832694
2005-10-24,0.0014413640056829546
2005-10-25,-5.4252219658046386e-05
2005-10-26,-0.001533877060969302
2005-10-27,0.0031089135269442014
2005-10-28,0.0014976169534921535
2005-10-31,-0.0035087543649194863
2005-11-01,-0.001801612911070949
2005-11-02,0.0047007338497324636
2005-11-03,0.018639140306128343
2005-11-04,0.0018778364567497707
2005-11-07,0.010618165009544711
2005-11-08,-0.0025918438333005778
2005-11-09,0.00169146743100268
2005-11-10,0.015759204978643693
2005-11-11,0.0009038765808448979
2005-11-14,-0.008380545358448233
2005-11-15,0.024030510947780748
2005-11-16,-0.0070104221618920715
2005-11-17,0.011056147805965422
2005-11-18,0.011704054881459536
2005-11-21,0.016930696932185407
2005-11-22,0.008377578732106539
2005-11-23,0.006213847920702564
2005-11-25,0.01363034815421793
2005-11-28,0.005433547750746781
2005-11-29,-0.027013783958219406
2005-11-30,-0.006716641226055309
2005-12-01,0.017910231884270766
2005-12-02,0.004518853994985195
2005-12-05,-0.009300783817747904
2005-12-06,0.0044417313793767565
2005-12-07,0.0038469472935782623
2005-12-08,0.0017172613228164657
2005-12-09,0.009461382947560049
2005-12-12,0.01074755151996798
2005-12-13,-0.0019057599645974088
2005-12-14,0.00010622005670724022
2005-12-15,0.0006893800733598354
2005-12-16,0.01179835582629618
2005-12-19,-0.00442306142149973
2005-12-20,-0.0031788199972923037
2005-12-21,0.0004724217805214259
2005-12-22,0.006301744756574079
2005-12-23,0.0027750917918796247
2005-12-27,0.004585630598717527
2005-12-28,0.0022765625674603385
2005-12-29,-0.0027098406080416915
2005-12-30,-0.005679070413220022
2006-01-03,0.016376543819901723
2006-01-04,0.006197634566481369
2006-01-05,0.001082124201071899
2006-01-06,0.014862242036274287
2006-01-09,0.007387374197090457
2006-01-10,0.007561608580368917
2006-01-11,0.030595478410209154
2006-01-12,0.00900989750129555
2006-01-13,-0.015689544520797405
2006-01-17,-0.033743617764934175
2006-01-18,-0.031362513420444715
2006-01-19,0.08446976116077098
2006-01-20,0.0
2006-01-23,0.0
2006-01-24,0.0
2006-01-25,0.026655022758611757
2006-01-26,0.018669530349144425
2006-01-27,0.03754033817441549
2006-01-30,-0.019685145079074373
2006-01-31,0.0024128719409082233
2006-02-01,-0.018490552458406917
2006-02-02,-0.004911666988226093
2006-02-03,0.001700716787375045
2006-02-06,0.01095847136598338
2006-02-07,0.011504571812638087
2006-02-08,0.013873637717862541
2006-02-09,0.007199610543228152
2006-02-10,0.002417824533043511
2006-02-13,-0.011173251763973768
2006-02-14,0.010218665876164046
2006-02-15,-0.008133298138046863
2006-02-16,0.012920837685904019
2006-02-17,-0.03047887820674733
2006-02-21,0.006893492346346397
2006-02-22,-0.001581056929821023
2006-02-23,-0.0007296363288360475
2006-02-24,0.008136301905389942
2006-02-27,0.008344872557663807
2006-02-28,0.007723246116390525
2006-03-01,0.009387645199931738
2006-03-02,0.007358416523888689
2006-03-03,0.004959013781518751
2006-03-06,0.006285600769116773
2006-03-07,0.0010184035162192906
2006-03-08,-0.009788418555972234
2006-03-09,-0.008601393590798811
2006-03-10,-0.003976575500777901
2006-03-13,-0.00141820011164151
2006-03-14,-0.005577516165516494
2006-03-15,0.008023356169010398
2006-03-16,0.014225437202032731
2006-03-17,0.0039989523987622455
2006-03-20,0.0059000490112139925
2006-03-21,-0.02920310970704576
2006-03-22,-0.007398722288222692
2006-03-23,0.014083928766982945
2006-03-24,0.004130969369541049
2006-03-27,0.00119933178357301
2006-03-28,-0.0009501730143208764
2006-03-29,0.007668738806158926
2006-03-30,0.0034186949536321176
2006-03-31,0.005120491429645657
2006-04-03,-0.00902676184627349
2006-04-04,-0.0022243850034443513
2006-04-05,-0.010674991155017133
2006-04-06,-0.00117210025075698
2006-04-07,-0.0004491321692752237
2006-04-10,0.00045418381993300727
2006-04-11,0.0027420377680575925
2006-04-12,0.004248028118239322
2006-04-13,-0.015066263164060456
2006-04-17,0.0013039046524461195
2006-04-18,-0.010240736247450144
2006-04-19,-0.004369663199050966
2006-04-20,-0.004992412289274273
2006-04-21,0.003369796372921119
2006-04-24,0.005850509764611989
2006-04-25,-0.007266404655101533
2006-04-26,0.005810705503226377
2006-04-27,-0.008163264362494704
2006-04-28,0.004530030869646984
2006-05-01,0.007696650675009575
2006-05-02,0.008132511587042313
2006-05-03,-0.00796924285073386
2006-05-04,-0.00623460385393948
2006-05-05,0.013470834976531787
2006-05-08,-0.00649081965782039
2006-05-09,-0.006782744344847158
2006-05-10,-0.012285866636826626
2006-05-11,0.011007617811024772
2006-05-12,-0.011089639609353386
2006-05-15,-0.004135754729921448
2006-05-16,9.074626938287977e-05
2006-05-17,-0.0009705948164067113
2006-05-18,0.007872210948580483
2006-05-19,0.07221566812279279
2006-05-22,0.0
2006-05-23,0.0
2006-05-24,0.0
2006-05-25,0.019912370107427968
2006-05-26,0.006462522217887345
2006-05-30,-0.005406314686766112
2006-05-31,0.018066562927310903
2006-06-01,0.005614498131850887
2006-06-02,0.009831365839854556
2006-06-05,-0.0020252560707870737
2006-06-06,0.006263888775499993
2006-06-07,0.006637957892538626
2006-06-08,-0.017816920603169417
2006-06-09,0.01724052954028399
2006-06-12,-0.005770023820348413
2006-06-13,-0.006630649190894511
2006-06-14,0.02089227523253312
2006-06-15,0.020803796214573733
2006-06-16,-0.0018197012987282157
2006-06-19,0.010983208346485807
2006-06-20,-0.01051600607640335
2006-06-21,-0.0024043620281803957
2006-06-22,0.006680359234252808
2006-06-23,0.007805571440613557
2006-06-26,0.0046083583043758924
2006-06-27,0.0026756884257896907
2006-06-28,0.0041692022409911544
2006-06-29,-0.00826614714638274
2006-06-30,0.0057834853544997955
2006-07-03,0.008856182484390684
2006-07-05,-0.012388677313169505
2006-07-06,0.005058813703543885
2006-07-07,-0.025990319489703206
2006-07-10,0.004783665527908099
2006-07-11,-0.005826649749864687
2006-07-12,-0.002169061375971726
2006-07-13,-0.00879609881720722
2006-07-14,0.004791425371146962
2006-07-17,-0.007772231365236304
2006-07-18,0.0035623745377737492
2006-07-19,0.006207118780270804
2006-07-20,0.020540859909528475
2006-07-21,-0.06458818755004148
2006-07-24,-0.0064457281493884855
2006-07-25,0.00819257237098836
2006-07-26,0.0021334473421781297
2006-07-27,0.010784740360147094
2006-07-28,0.0063325268540976865
2006-07-31,-0.0012354921787722795
2006-08-01,0.0032252355118165266
2006-08-02,0.014471565418351595
2006-08-03,-0.006126775324000189
2006-08-04,0.02801866495860783
2006-08-07,-0.015462938396661463
2006-08-08,0.005191151025557783
2006-08-09,0.026364679358060528
2006-08-10,-0.007235753786395405
2006-08-11,-0.035990261549703306
2006-08-14,0.012147784385223792
2006-08-15,0.03124421728317306
2006-08-16,0.01532744345858017
2006-08-17,0.007370808820919006
2006-08-18,-0.019391219901208512
2006-08-21,-0.016765685442917788
2006-08-22,0.012564669356980085
2006-08-23,0.01119336129624271
2006-08-24,0.011213065137913647
2006-08-25,-0.005688940773084461
2006-08-28,0.008613680917272548
2006-08-29,0.005557600862621692
2006-08-30,0.006748645863953406
2006-08-31,0.0030061481459084938
2006-09-01,0.00017235828788719765
2006-09-05,0.0020573472455147623
2006-09-06,-0.0099320508402152
2006-09-07,-0.008048339587131914
2006-09-08,0.0075627838310874385
2006-09-11,-0.011409824826659976
2006-09-12,-0.002387286576357117
2006-09-13,0.0014035049656029308
2006-09-14,-0.0030151087740850624
2006-09-15,0.002416297820459379
2006-09-18,0.001504815389168801
2006-09-19,-0.002216643034040122
2006-09-20,0.00668593362808223
2006-09-21,0.0004520031861383611
2006-09-22,-0.0019455414096622992
2006-09-25,0.006460166550170232
2006-09-26,-0.00044917331534977123
2006-09-27,-0.0009712422540858467
2006-09-28,-0.016340420394246657
2006-09-29,0.0035555789321126685
2006-10-02,-0.0012718310093029483
2006-10-03,-0.003685421813036549
2006-10-04,2.0390995539187884e-05
2006-10-05,-0.007844932082756717
2006-10-06,-0.004617305129457461
2006-10-09,-0.004427171379383088
2006-10-10,0.00024207270674359016
2006-10-11,-0.0011860781050462288
2006-10-12,0.00471450106974336
2006-10-13,0.0034316892294419254
2006-10-16,0.0027984756758758778
2006-10-17,-0.004575070178440499
2006-10-18,0.005763382263759054
2006-10-19,0.04195654569177121
2006-10-20,0.0
2006-10-23,0.0
2006-10-24,0.0
2006-10-25,0.0022730541263773496
2006-10-26,0.0012592814939618169
2006-10-27,-0.0038200856681338546
2006-10-30,-0.003938981461499402
2006-10-31,0.008387913921855672
2006-11-01,0.0018485106854411182
2006-11-02,0.0001839396979523844
2006-11-03,0.003285222418234257
2006-11-06,0.0018253113203914317
2006-11-07,0.004048042211187264
2006-11-08,-0.005197901121666404
2006-11-09,0.010369192784287051
2006-11-10,-0.004293852894145966
2006-11-13,0.0008231736866131101
2006-11-14,0.002666413395175704
2006-11-15,-0.0010011062331658493
2006-11-16,0.0038935722161781428
2006-11-17,-0.004717137237547631
2006-11-20,-0.006071616644257372
2006-11-21,0.00041222059539292033
2006-11-22,0.0021678093253838515
2006-11-24,-0.0061567363352030835
2006-11-27,-0.003750033270302433
2006-11-28,-0.0014469778985897186
2006-11-29,0.006914870622363178
2006-11-30,0.000804676905492574
2006-12-01,-0.004860240126902005
2006-12-04,0.00634643405211377
2006-12-05,0.0031316028166288312
2006-12-06,-0.004717577088704461
2006-12-07,0.0034202398190184002
2006-12-08,0.000604758570355246
2006-12-11,0.0040488917947727465
2006-12-12,-0.0020189003014825513
2006-12-13,0.01599987252199786
2006-12-14,0.0006199251107006365
2006-12-15,0.005617887831549595
2006-12-18,-0.004606957624316399
2006-12-19,-0.006091792588403422
2006-12-20,0.0014412024787857636
2006-12-21,-0.0005536195507366282
2006-12-22,0.004054330504296599
2006-12-26,-0.00015135420689005308
2006-12-27,-0.026156704698968136
2006-12-28,-0.011161045655552315
2006-12-29,0.02507431465342491
2007-01-03,0.0
2007-01-04,0.0
2007-01-05,0.0
2007-01-08,0.0016548008683567872
2007-01-09,0.0021419287638253515
2007-01-10,-0.004835160336024269
2007-01-11,0.002172816381485143
2007-01-12,-0.0033905529198138273
2007-01-16,-0.0076408063830644135
2007-01-17,-0.0042869559428898585
2007-01-18,0.0036059050222869704
2007-01-19,-5.0473328285116636e-05
2007-01-22,0.0012297004532790812
2007-01-23,-0.0040365504408735875
2007-01-24,0.004953789861346758
2007-01-25,0.0010749487925900691
2007-01-26,-0.0015869470636334926
2007-01-29,-0.0015158540467155035
2007-01-30,0.0039010609326868284
2007-01-31,-0.0016846670188274127
2007-02-01,0.0003423802922846164
2007-02-02,0.0071175560296548035
2007-02-05,0.006260861037884924
2007-02-06,0.0022559491010365473
2007-02-07,0.03285033827604278
2007-02-08,0.0
2007-02-09,0.0
2007-02-12,0.0
2007-02-13,0.0033100248472461846
2007-02-14,0.0024500694778926135
2007-02-15,0.0030078166204257073
2007-02-16,-0.0016583985206459761
2007-02-20,0.0001688819834235744
2007-02-21,-0.008892624553382134
2007-02-22,0.003469153803656422
2007-02-23,-0.0011545182049977898
2007-02-26,0.0030105080446922727
2007-02-27,-0.013594042784021876
2007-02-28,0.001230724877127054
2007-03-01,-0.01652994066698832
2007-03-02,-0.010440061203740747
2007-03-05,-0.037053354443468356
2007-03-06,0.02783805053161137
2007-03-07,-0.00811309829837481
2007-03-08,0.019229857138784334
2007-03-09,0.014531890325925723
2007-03-12,-0.012555372823070288
2007-03-13,-0.013542864510056485
2007-03-14,0.0018595209763825338
2007-03-15,-0.0032071050984092686
2007-03-16,0.0034909556799540553
2007-03-19,0.0029929158149357704
2007-03-20,-0.0026161695041367894
2007-03-21,0.023572464868112153
2007-03-22,0.0037813750692492487
2007-03-23,-0.0038128775824941563
2007-03-26,0.0028260687716785693
2007-03-27,-0.0009722862943575272
2007-03-28,-0.00905451890044806
2007-03-29,0.012224791625996101
2007-03-30,0.007891739228493622
2007-04-02,0.000839113883023046
2007-04-03,0.0019908018560452767
2007-04-04,-0.003309525453785156
2007-04-05,0.0028389018382108944
2007-04-09,0.017143776494854324
2007-04-10,0.00066409478822127
2007-04-11,0.003122550642114419
2007-04-12,-0.0020265192874532323
2007-04-13,0.0033522713931042336
2007-04-16,0.0036270576571553192
2007-04-17,0.010271404342587775
2007-04-18,-0.0025783415999097725
2007-04-19,-0.008449822766942172
2007-04-20,0.02058017483322705
2007-04-23,-0.006003531626206704
2007-04-24,-0.0016335318842517488
2007-04-25,0.0026758557205572853
2007-04-26,0.008415076954222167
2007-04-27,-0.012165967974352654
2007-04-30,0.0070742422685428075
2007-05-01,0.008544042342628178
2007-05-02,0.0008274052859238434
2007-05-03,0.0007369815927698031
2007-05-04,0.004422382937766978
2007-05-07,0.001197792596900893
2007-05-08,-0.004893944108652959
2007-05-09,-0.0013332100729606111
2007-05-10,-0.0017254539676263558
2007-05-11,-0.0018889845069903766
2007-05-14,-0.00022314598633310645
2007-05-15,-0.0002727632328041185
2007-05-16,0.00027985501877725305
2007-05-17,0.002477386621736466
2007-05-18,0.002974389361267482
2007-05-21,0.0032095740758084634
2007-05-22,0.0007276703042831123
2007-05-23,0.0030108669381121445
2007-05-24,-0.0009179025688739184
2007-05-25,0.0011930779571107664
2007-05-29,-0.00025545669409643423
2007-05-30,-0.003110231051038692
2007-05-31,0.0005383551527580188
2007-06-01,0.0018656763707269874
2007-06-04,-0.0005046462952762454
2007-06-05,7.68130094741526e-05
2007-06-06,-0.0005908072266339603
2007-06-07,-0.0008767961422199155
2007-06-08,0.00015067547615355004
2007-06-11,0.0008044057580769426
2007-06-12,-0.001732504741051133
2007-06-13,0.0008740868452101758
2007-06-14,0.0017991143292970246
2007-06-15,0.003222596044221593
2007-06-18,0.0016719640900866306
2007-06-19,0.0019623299408335626
2007-06-20,0.000989037716804697
2007-06-21,-0.00043615851571754405
2007-06-22,0.004383386101964648
2007-06-25,0.0023092046103518893
2007-06-26,0.0011460318483880183
2007-06-27,-0.0015537158664611361
2007-06-28,0.0030898936988650316
2007-06-29,0.008357661891158275
2007-07-02,0.0
2007-07-03,0.0
2007-07-05,0.0
2007-07-06,0.0006055074954709472
2007-07-09,-0.0007627318843621556
2007-07-10,-0.000870180860065406
2007-07-11,-0.00037933530931166803
2007-07-12,0.0022943307275853364
2007-07-13,0.00013162849852377256
2007-07-16,0.0006981688797003116
2007-07-17,0.001007705430990935
2007-07-18,-0.006917869664163523
2007-07-19,0.008295233846617789
2007-07-20,-0.002022489006928363
2007-07-23,0.019330569346441173
2007-07-24,0.0
2007-07-25,0.0
2007-07-26,0.0
2007-07-27,0.002258714423958308
2007-07-30,0.00417411078037766
2007-07-31,0.011443579202848442
2007-08-01,-0.002988478743028322
2007-08-02,0.010020601258327044
2007-08-03,-0.009296586613239177
2007-08-06,0.006622152794975689
2007-08-07,-0.0035358784185380854
2007-08-08,0.010081281385616814
2007-08-09,-0.010959404298243491
2007-08-10,-0.0517226780771225
2007-08-13,0.017583513296323794
2007-08-14,0.0033503375214860576
2007-08-15,-0.006524741949084034
2007-08-16,-0.00960710826668354
2007-08-17,0.03649762009190183
2007-08-20,0.00022074074420252998
2007-08-21,-0.0005825003504524862
2007-08-22,0.0235895848334029
2007-08-23,0.007345275220432601
2007-08-24,-0.00642227695983455
2007-08-27,0.01030881452504695
2007-08-28,-0.005392196290108009
2007-08-29,0.020697273273706962
2007-08-30,-0.012734514226791949
2007-08-31,0.026180045246283923
2007-09-04,0.005379880740687293
2007-09-05,-0.0028697402069687294
2007-09-06,0.008400015088383839
2007-09-07,-0.04500600084724049
2007-09-10,0.04412172930660119
2007-09-11,0.02051510517520727
2007-09-12,0.007852971941136877
2007-09-13,0.026192136788335096
2007-09-14,-0.015217302781040387
2007-09-17,-0.004282205702357711
2007-09-18,0.0124229038078143
2007-09-19,0.020844802331065893
2007-09-20,-0.0033623714467563293
2007-09-21,0.014118494698482253
2007-09-24,0.015160156163191107
2007-09-25,-0.013914446593046748
2007-09-26,0.012343495230262791
2007-09-27,0.014054270858463669
2007-09-28,-0.005766053204203203
2007-10-01,0.011387701315205945
2007-10-02,0.0028467245918495365
2007-10-03,-0.012978854217677083
2007-10-04,0.00045948653707306164
2007-10-05,0.025575980549172206
2007-10-08,0.016881849833916718
2007-10-09,0.01376848776392059
2007-10-10,0.002671613880559809
2007-10-11,0.011302491897895006
2007-10-12,0.007855987886695281
2007-10-15,0.0006310854239799379
2007-10-16,-0.018103085141447872
2007-10-17,0.043405091202071144
2007-10-18,-0.013586469195328355
2007-10-19,0.0024657327322741285
2007-10-22,-0.005975496652207868
2007-10-23,0.08601864775201107
2007-10-24,0.0
2007-10-25,0.0
2007-10-26,0.0
2007-10-29,-0.005897106315842504
2007-10-30,0.0034895501519405236
2007-10-31,0.003038017072890753
2007-11-01,-0.021173997357442187
2007-11-02,0.010259262706044936
2007-11-05,-0.00913383524578304
2007-11-06,0.005158306928491729
2007-11-07,-0.010067281774261971
2007-11-08,-0.0035336868636913765
2007-11-09,0.00032541017301390696
2007-11-12,-0.0019047677239829586
2007-11-13,0.014138643521996563
2007-11-14,0.012966673187578825
2007-11-15,-0.004068357383248955
2007-11-16,0.008074955606042211
2007-11-19,-0.009988589037439488
2007-11-20,0.009056666693919802
2007-11-21,-0.012385374169719743
2007-11-23,0.007577229214954073
2007-11-26,0.001049437878692716
2007-11-27,0.0077549132694065825
2007-11-28,0.016588205139014045
2007-11-29,-0.0018211633606842748
2007-11-30,0.018501959556660452
2007-12-03,0.008509986391704638
2007-12-04,-0.0005888235212055948
2007-12-05,0.01943167123082956
2007-12-06,0.00027967166906739394
2007-12-07,0.0016662707817178823
2007-12-10,0.0003622772662446039
2007-12-11,0.01041328195401059
2007-12-12,0.022989101109693877
2007-12-13,0.0
2007-12-14,0.0
2007-12-17,0.0
2007-12-18,0.009902082898946452
2007-12-19,-0.00045213955138845296
2007-12-20,0.010114827552990091
2007-12-21,0.0026619130703702254
2007-12-24,0.0013726746468361029
2007-12-26,0.0014488701907546808
2007-12-27,-0.002059612891699203
2007-12-28,0.0005586234139995927
2007-12-31,-0.004748777342220789
2008-01-02,-0.0021515942224609175
2008-01-03,0.0019587399596971977
2008-01-04,-0.011549316207834726
2008-01-07,0.006432221651601955
2008-01-08,0.004568727150053631
2008-01-09,0.004415924106488278
2008-01-10,-0.008263394597634477
2008-01-11,-0.00384169761392672
2008-01-14,0.013062255347953355
2008-01-15,-0.015848986793683295
2008-01-16,-0.025776055636500095
2008-01-17,0.013166046443683355
2008-01-18,0.018937615213440617
2008-01-22,0.0
2008-01-23,0.0
2008-01-24,0.0
2008-01-25,0.017715568765493517
2008-01-28,-0.0026693062125798805
2008-01-29,0.008330161634847233
2008-01-30,-0.0041842766155892885
2008-01-31,-0.015355707578552535
2008-02-01,0.008293134137949076
2008-02-04,0.012838743734636893
2008-02-05,-0.014218495219694538
2008-02-06,0.008078209660940416
2008-02-07,-0.016350851887889428
2008-02-08,-0.0019786685582301455
2008-02-11,0.005609700885575775
2008-02-12,0.01167655780872745
2008-02-13,0.007174123533197463
2008-02-14,-0.012791495976398504
2008-02-15,-0.00035353198072818337
2008-02-19,0.018430869075173772
2008-02-20,-0.010347850154736049
2008-02-21,0.006375259308563974
2008-02-22,0.004258890509331481
2008-02-25,-0.002522482970412243
2008-02-26,-0.00387992147375682
2008-02-27,-0.004993816168598508
2008-02-28,-0.005700306638865782
2008-02-29,-0.0070776562301031465
2008-03-03,-0.0007767665568997328
2008-03-04,-0.007265147868444233
2008-03-05,0.006423632538260726
2008-03-06,-0.0039104022341343025
2008-03-07,-0.007474383105004367
2008-03-10,-0.001347181778837525
2008-03-11,0.012672658605159759
2008-03-12,0.002915943436830437
2008-03-13,-0.00766565044551637
2008-03-14,0.004752784936193688
2008-03-17,-0.01864052763902524
2008-03-18,0.01014543456941519
2008-03-19,-0.007067674491616938
2008-03-20,0.0029393192020268355
2008-03-24,0.009028833558273552
2008-03-25,0.003543315592091645
2008-03-26,-0.005836457214819846
2008-03-27,-0.0005136023636660436
2008-03-28,0.0085808785001662
2008-03-31,0.002174905070008837
2008-04-01,0.013057811273245346
2008-04-02,0.0030939363244872897
2008-04-03,0.004003451510168565
2008-04-04,-0.006718189807348618
2008-04-07,0.010647956225110722
2008-04-08,-0.014026365521792705
2008-04-09,0.003999250565221546
2008-04-10,0.006764883794541543
2008-04-11,-0.01134615165401609
2008-04-14,0.00020252646820195785
2008-04-15,0.003137434408808426
2008-04-16,0.01626559367828584
2008-04-17,-0.014806643169940847
2008-04-18,0.014800360108053079
2008-04-21,-0.0018899715600180222
2008-04-22,-0.005045581068513827
2008-04-23,0.006877008181020772
2008-04-24,0.0018897735853333764
2008-04-25,0.005367582675564808
2008-04-28,-0.003317619883538958
2008-04-29,-0.0024045954098312894
2008-04-30,0.004407371938885296
2008-05-01,0.0036151755380839923
2008-05-02,0.0002722941090602671
2008-05-05,-0.00035413195914713036
2008-05-06,0.0010733425409501507
2008-05-07,0.0014073105387866214
2008-05-08,0.0006238483051790311
2008-05-09,0.015494061702975515
2008-05-12,0.0
2008-05-13,0.0
2008-05-14,0.0
2008-05-15,-0.0001942784508731643
2008-05-16,0.0011472001707790724
2008-05-19,-0.0006028021027351116
2008-05-20,-0.0030055946315774573
2008-05-21,0.0004897131396843779
2008-05-22,0.00043620752711737154
2008-05-23,-0.00226007620709312
2008-05-27,0.0006868801392179158
2008-05-28,0.0013791626126533618
2008-05-29,0.00036389191173924473
2008-05-30,0.0009618920919838292
2008-06-02,-0.00018176176494666407
2008-06-03,-0.0025426105034681568
2008-06-04,-0.0004400158392523501
2008-06-05,-0.0008814250869091378
2008-06-06,-0.004683170787259661
2008-06-09,0.0006015815040574246
2008-06-10,-0.004495416102497818
2008-06-11,-0.00339779824011166
2008-06-12,0.005020029496236367
2008-06-13,0.00503698789579432
2008-06-16,-0.0036364474615355746
2008-06-17,0.00158767131252735
2008-06-18,-0.00179967694966654
2008-06-19,-0.0011534777401712715
2008-06-20,-0.003776865545015551
2008-06-23,0.004456016058782986
2008-06-24,-0.003734160033960765
2008-06-25,0.004882054913513123
2008-06-26,-0.009704136677314068
2008-06-27,-0.0015531547724797479
2008-06-30,0.0015687039722127594
2008-07-01,-0.006326490931504947
2008-07-02,0.0
2008-07-03,0.0
2008-07-07,0.0
2008-07-08,0.0
2008-07-09,0.0
2008-07-10,0.0
2008-07-11,0.0
2008-07-14,0.0
2008-07-15,0.0
2008-07-16,0.0
2008-07-17,0.0
2008-07-18,0.0
2008-07-21,0.0
2008-07-22,0.0
2008-07-23,0.0
2008-07-24,0.0
2008-07-25,0.0
2008-07-28,0.0
2008-07-29,0.0
2008-07-30,0.0
2008-07-31,0.0
2008-08-01,0.0
2008-08-04,0.0006910979328016431
2008-08-05,0.009939214219076398
2008-08-06,0.0013088072993832078
2008-08-07,-0.0035306465232646245
2008-08-08,0.005057623571500969
2008-08-11,-0.0014633856817306556
2008-08-12,0.0038123667021012775
2008-08-13,0.01333652104095795
2008-08-14,0.0
2008-08-15,0.0
2008-08-18,0.0
2008-08-19,-0.008053876666481385
2008-08-20,0.0065986626967082795
2008-08-21,-0.006554083932310828
2008-08-22,0.004531855575168553
2008-08-25,9.286953074405524e-05
2008-08-26,0.0021428469872777356
2008-08-27,-0.0051430079861561895
2008-08-28,0.0020021555467122365
2008-08-29,-0.005622218846494165
2008-09-02,0.005966530971903916
2008-09-03,-0.0028886379155196318
2008-09-04,-0.00314092809332267
2008-09-05,-0.005297108248295546
2008-09-08,0.008696118330502323
2008-09-09,-0.0009251163674408591
2008-09-10,0.0030632929064344783
2008-09-11,-0.016697672547965725
2008-09-12,-0.0022655683549342998
2008-09-15,-0.01679419769801338
2008-09-16,-0.014346015366212495
2008-09-17,-0.005559673061143244
2008-09-18,0.005263320273561023
2008-09-19,0.021213678215516563
2008-09-22,0.0
2008-09-23,0.0
2008-09-24,0.0
2008-09-25,0.0008344512857971775
2008-09-26,-0.014810973888560675
2008-09-29,-0.010958771144693236
2008-09-30,0.010309632655443934
2008-10-01,-0.01568396053382959
2008-10-02,-0.003717269021847658
2008-10-03,0.008133652783535394
2008-10-06,-0.01698438376521827
2008-10-07,0.029786238325171688
2008-10-08,0.0
2008-10-09,0.0
2008-10-10,0.0
2008-10-13,0.03215463111539618
2008-10-14,0.0
2008-10-15,0.0
2008-10-16,0.0
2008-10-17,0.00092214201709373
2008-10-20,0.006669216794749078
2008-10-21,-0.007777424346173012
2008-10-22,-0.0042522897379871916
2008-10-23,-0.0025384238142619475
2008-10-24,-0.030380728884298547
2008-10-27,-0.0057025245299480165
2008-10-28,0.01650628136996768
2008-10-29,0.0
2008-10-30,0.0
2008-10-31,0.0
2008-11-03,0.005748996864962663
2008-11-04,0.013132183116332685
2008-11-05,0.0
2008-11-06,0.0
2008-11-07,0.0
2008-11-10,0.008103772741565374
2008-11-11,-0.0033562588651161462
2008-11-12,-0.0071494846684412305
2008-11-13,-0.0028352724515164907
2008-11-14,-0.0062863940917580186
2008-11-17,0.0007217250524214069
2008-11-18,0.005746045001184363
2008-11-19,0.0
2008-11-20,0.0
2008-11-21,0.0
2008-11-24,0.007313284991586899
2008-11-25,0.0
2008-11-26,0.0
2008-11-28,0.0
2008-12-01,-0.005405689120819179
2008-12-02,0.004239246680954656
2008-12-03,-0.0057544666421723845
2008-12-04,-0.004889123864531331
2008-12-05,-0.0033678746514954616
2008-12-08,0.005415055709196981
2008-12-09,0.0
2008-12-10,0.0
2008-12-11,0.0
2008-12-12,-0.0059842648991118574
2008-12-15,0.0004545114296881092
2008-12-16,0.002487724769539179
2008-12-17,-0.003785648083843962
2008-12-18,0.00034921961393852285
2008-12-19,0.0045217201858256395
2008-12-22,-0.003297057445764917
2008-12-23,0.0019026280402216766
2008-12-24,-0.004702943637729828
2008-12-26,0.004101198626654368
2008-12-29,0.0013617287213809615
2008-12-30,0.0012315671354263813
2008-12-31,-0.0011958384745764938
2009-01-02,0.0005694757736449674
2009-01-05,0.0007150876634030023
2009-01-06,0.005066145122216259
2009-01-07,-0.002705198255653074
2009-01-08,-0.0028622599344452215
2009-01-09,-0.00018778215007242416
2009-01-12,0.0007390308962953451
2009-01-13,-0.00524501083678619
2009-01-14,-0.009135597252474481
2009-01-15,0.00011734746974689791
2009-01-16,0.00586434998224572
2009-01-20,0.0
2009-01-21,0.0
2009-01-22,0.0
2009-01-23,-0.005818443031186282
2009-01-26,0.0004960820190740289
2009-01-27,0.0033537099153297945
2009-01-28,0.007458440066039795
2009-01-29,0.0
2009-01-30,0.0
2009-02-02,0.0
2009-02-03,0.0004380216307666718
2009-02-04,0.0019822851476540837
2009-02-05,-0.005048441380687829
2009-02-06,0.0013925160885546184
2009-02-09,-0.0008650381918992034
2009-02-10,-0.0011024259302280237
2009-02-11,-0.010032488560878239
2009-02-12,-0.003246392149516608
2009-02-13,-0.002586182552646088
2009-02-17,-0.010264116349736452
2009-02-18,0.0005891003627869207
2009-02-19,0.005983990180302046
2009-02-20,-0.003919167652924216
2009-02-23,0.0037019149679260455
2009-02-24,0.003171448279579936
2009-02-25,-0.0006203769849678631
2009-02-26,0.006285973771758657
2009-02-27,-0.005415824579372619
2009-03-02,-0.005819017267707838
2009-03-03,0.0
2009-03-04,0.0
2009-03-05,0.0
2009-03-06,0.0
2009-03-09,0.0
2009-03-10,0.0
2009-03-11,0.0
2009-03-12,0.0
2009-03-13,0.0
2009-03-16,0.0
2009-03-17,0.0
2009-03-18,0.0
2009-03-19,0.0
2009-03-20,0.0
2009-03-23,0.0
2009-03-24,0.0
2009-03-25,0.0
2009-03-26,0.0
2009-03-27,0.0
2009-03-30,0.0
2009-03-31,0.0
2009-04-01,0.0
2009-04-02,0.0
2009-04-03,0.0
2009-04-06,0.0
2009-04-07,0.0
2009-04-08,0.0
2009-04-09,0.0
2009-04-13,0.0
2009-04-14,0.0
2009-04-15,0.0
2009-04-16,0.0
2009-04-17,0.0
2009-04-20,0.0
2009-04-21,0.0
2009-04-22,0.0
2009-04-23,0.0
2009-04-24,0.0
2009-04-27,0.0
2009-04-28,0.0
2009-04-29,0.0
2009-04-30,0.0
2009-05-01,0.0
2009-05-04,0.006983430714936345
2009-05-05,-0.0018949775987036066
2009-05-06,0.00047740559039732844
2009-05-07,-0.005140296748582185
2009-05-08,0.003653444611672052
2009-05-11,-0.009734943650234196
2009-05-12,0.002416699084936802
2009-05-13,-0.0030756000631474434
2009-05-14,-0.00018658469793320087
2009-05-15,-2.3553664979636402e-05
2009-05-18,0.007148489112534628
2009-05-19,0.0
2009-05-20,0.0
2009-05-21,0.0
2009-05-22,0.001032934785658357
2009-05-26,-0.002855726876535236
2009-05-27,0.0008394647748870554
2009-05-28,0.004887030579703078
2009-05-29,0.00036121480187700783
2009-06-01,0.005762646190867748
2009-06-02,-0.008531669746921766
2009-06-03,-0.0075456695804899665
2009-06-04,0.003027427143546424
2009-06-05,0.00516373614201604
2009-06-08,-0.004783069303077814
2009-06-09,0.011052155539924335
2009-06-10,0.0
2009-06-11,0.0
2009-06-12,0.0
2009-06-15,-0.003841938041679316
2009-06-16,0.0014333839159044182
2009-06-17,-0.00042065847361161257
2009-06-18,0.0006706574423038791
2009-06-19,0.004809072055433905
2009-06-22,0.003009476714915582
2009-06-23,-0.00031707419931259473
2009-06-24,0.005475048604137722
2009-06-25,-0.0016828723538176993
2009-06-26,0.0008124042568653511
2009-06-29,0.002203178613986889
2009-06-30,0.0022851356296025305
2009-07-01,0.0027954096947713225
2009-07-02,-0.0041551044580206975
2009-07-06,-0.002940718200502568
2009-07-07,0.007048588877876405
2009-07-08,0.0010372520779744487
2009-07-09,0.004306967622149882
2009-07-10,-0.002353367464219547
2009-07-13,0.0008340649974465375
2009-07-14,2.299965705443441e-06
2009-07-15,0.011334948967671066
2009-07-16,0.0
2009-07-17,0.0
2009-07-20,0.0
2009-07-21,0.0011526312080072376
2009-07-22,-0.010067155435656727
2009-07-23,-0.00014372844526588935
2009-07-24,-0.004404620376288415
2009-07-27,0.00020358154843114207
2009-07-28,-0.0018979344551370847
2009-07-29,-0.0017893609744072947
2009-07-30,0.004613016839326134
2009-07-31,-0.0008240429779489133
2009-08-03,0.003876625027489755
2009-08-04,0.0007903674301092956
2009-08-05,0.00017638582401291458
2009-08-06,-0.0013995429192549258
2009-08-07,0.005209731499161485
2009-08-10,0.00023820690446796355
2009-08-11,-0.0001439200832834553
2009-08-12,0.00014354264541460715
2009-08-13,0.0009284643048854679
2009-08-14,-0.0018836067149281543
2009-08-17,-0.005086366635327022
2009-08-18,0.0012422789134634016
2009-08-19,-0.0031591413745383212
2009-08-20,0.0010583134419410722
2009-08-21,0.0015622748112604778
2009-08-24,0.003987861526338454
2009-08-25,0.001700114365565275
2009-08-26,0.0004257951009709604
2009-08-27,-0.0007014259758135744
2009-08-28,0.011489874114202658
2009-08-31,0.0
2009-09-01,0.0
2009-09-02,0.0
2009-09-03,0.0026672744134352833
2009-09-04,0.0009658714368658838
2009-09-08,0.0032124396032373603
2009-09-09,-0.001200889838243846
2009-09-10,0.0033930159162283147
2009-09-11,0.004822651135593992
2009-09-14,-0.0034489766133217747
2009-09-15,0.0015922063442825873
2009-09-16,0.0018705500690572308
2009-09-17,-0.0008112860117996945
2009-09-18,0.0036837595263046197
2009-09-21,-0.004653608264928999
2009-09-22,0.004296486225287444
2009-09-23,0.005331788092961975
2009-09-24,0.0024370701776377235
2009-09-25,-0.006871029308391896
2009-09-28,0.0017508946781161772
2009-09-29,-0.002650241527703767
2009-09-30,0.001894478402502786
2009-10-01,-4.759026042389092e-05
2009-10-02,-0.0076789130145762385
2009-10-05,-0.0031389662716017064
2009-10-06,0.005415295833544942
2009-10-07,0.0013252099549045937
2009-10-08,0.0021984813195847774
2009-10-09,8.150922269734018e-05
2009-10-12,0.0072611516689440325
2009-10-13,0.002446185031077519
2009-10-14,0.00904101921177003
2009-10-15,0.0
2009-10-16,0.0
2009-10-19,0.0
2009-10-20,0.0035227092468874677
2009-10-21,-0.0032544546574271305
2009-10-22,0.00020156056527809163
2009-10-23,0.0031641615419431
2009-10-26,0.00013729371943038693
2009-10-27,-0.00039314509925292285
2009-10-28,-0.00470986051849942
2009-10-29,0.003240368743190336
2009-10-30,0.0016712560550644628
2009-11-02,0.0023379108088756873
2009-11-03,-0.011401232001306605
2009-11-04,0.005869858104923686
2009-11-05,0.005459357386555119
2009-11-06,0.009525809705211552
2009-11-09,0.006791883569402746
2009-11-10,0.002315551209332245
2009-11-11,0.005899417252823724
2009-11-12,0.0014792214235186396
2009-11-13,-0.0023890070002745567
2009-11-16,0.002288084672862345
2009-11-17,-0.00034037129853736747
2009-11-18,-0.0036279369316281063
2009-11-19,-0.007764947488969054
2009-11-20,-0.005054809764295731
2009-11-23,0.004159350795668981
2009-11-24,-0.000591607822761131
2009-11-25,0.0017323851672390589
2009-11-27,-0.012153449816473372
2009-11-30,0.0022395144642881615
2009-12-01,0.0027201556610643163
2009-12-02,0.001302663087716427
2009-12-03,0.0005911781901315472
2009-12-04,0.0067203771432085
2009-12-07,0.011169754938425758
2009-12-08,-0.0019159357542698485
2009-12-09,0.004708176416369669
2009-12-10,0.004459514753797578
2009-12-11,0.0013823024260435357
2009-12-14,0.006965700475993097
2009-12-15,-0.0015120832830580744
2009-12-16,0.010273167103010739
2009-12-17,-0.0049576167928231385
2009-12-18,-0.0015146782112368529
2009-12-21,0.005750057567122546
2009-12-22,0.0018393540332486413
2009-12-23,0.0067000461822903645
2009-12-24,0.004338179859666225
2009-12-28,0.0038021358777700076
2009-12-29,0.00030858960355351073
2009-12-30,-0.003826026028255214
2009-12-31,0.0031891222839801614
2010-01-04,0.008339161882281676
2010-01-05,0.00010171312397888599
2010-01-06,-0.0014680337810213384
2010-01-07,-0.0010498336253355056
2010-01-08,-0.003407050017243951
2010-01-11,0.0031364038948702433
2010-01-12,-0.008898816923579411
2010-01-13,0.003256497066186803
2010-01-14,-0.0008266706970723181
2010-01-15,0.0028261811383805124
2010-01-19,0.0014362403748491293
2010-01-20,-0.008806082954179395
2010-01-21,0.007558583407214936
2010-01-22,-0.010365887282772435
2010-01-25,0.007831010111093217
2010-01-26,-0.0004578590343394806
2010-01-27,-0.0002119356972848374
2010-01-28,0.0010600102649240828
2010-01-29,0.005659080261072091
2010-02-01,0.006617040147728126
2010-02-02,-0.003374937022439628
2010-02-03,-0.007656414110056575
2010-02-04,-0.0023313165837813843
2010-02-05,0.00044313931797290707
2010-02-08,0.003461719148829756
2010-02-09,0.012296729633480608
2010-02-10,-0.011704279022522912
2010-02-11,0.0020951578943424476
2010-02-12,-0.005912709631930468
2010-02-16,0.007961254134422724
2010-02-17,0.00608495147410637
2010-02-18,-0.004060136210514154
2010-02-19,-0.0029378118503666784
2010-02-22,0.00696309813103646
2010-02-23,-0.0037705729322926596
2010-02-24,0.003745519941673381
2010-02-25,-0.009708735239654986
2010-02-26,-0.001317646642010395
2010-03-01,0.005886762397107725
2010-03-02,0.0006077691604566837
2010-03-03,0.0022877539637000677
2010-03-04,0.0003193099937472965
2010-03-05,0.0005098776541265782
2010-03-08,0.0016661533696646913
2010-03-09,-0.00540248688560252
2010-03-10,0.004043856129293477
2010-03-11,-0.0014296503970532282
2010-03-12,0.007446737869668318
2010-03-15,-0.00223238156224681
2010-03-16,0.0033656301431139735
2010-03-17,0.0031274743277747152
2010-03-18,-0.0015422006349383732
2010-03-19,-0.0015219183296467653
2010-03-22,-0.00541865004987685
2010-03-23,0.0026653569938792643
2010-03-24,-0.0011313977440942091
2010-03-25,0.009095673947195682
2010-03-26,0.004126189680460746
2010-03-29,0.005039303669392758
2010-03-30,0.0036840119584502506
2010-03-31,-0.005485795329672638
2010-04-01,0.013525684828855411
2010-04-05,0.005035205941862575
2010-04-06,-0.0002618034338069952
2010-04-07,0.0003419401064355121
2010-04-08,-0.0011111978108460097
2010-04-09,0.004119565827612082
2010-04-12,0.0013493903446755162
2010-04-13,-0.0007273239381301311
2010-04-14,0.010599930178098793
2010-04-15,-0.0015836192135832983
2010-04-16,-0.006897361950001568
2010-04-19,-0.003964167504699412
2010-04-20,0.004733144030747205
2010-04-21,0.005632966968300401
2010-04-22,-0.007220392755187599
2010-04-23,0.0006319735661017845
2010-04-26,0.0002634544691582086
2010-04-27,-0.005896208608889952
2010-04-28,0.004386683147195258
2010-04-29,0.007478156564631133
2010-04-30,-0.0017224207159858285
2010-05-03,0.0043489695440372955
2010-05-04,-0.012207271364389816
2010-05-05,-0.012798767848845927
2010-05-06,0.0005978625116753733
2010-05-07,0.00047889147840862734
2010-05-10,0.03862040784501897
2010-05-11,0.0
2010-05-12,0.0
2010-05-13,0.0
2010-05-14,-0.01381473488085283
2010-05-17,-0.0010834384455211676
2010-05-18,0.008434817099555403
2010-05-19,-0.006706521056096926
2010-05-20,-0.016764014970703345
2010-05-21,-0.012831790774856744
2010-05-24,-7.458053005893195e-05
2010-05-25,-0.027640173806686597
2010-05-26,0.014105357488012338
2010-05-27,0.021513407299746268
2010-05-28,0.0
2010-06-01,0.0
2010-06-02,0.0
2010-06-03,-0.001465182833290779
2010-06-04,-0.013976217879904107
2010-06-07,0.004685370176160442
2010-06-08,0.0012632962948495585
2010-06-09,0.003959316155998316
2010-06-10,0.00857723028830093
2010-06-11,-0.005047114465328573
2010-06-14,0.006719645056714629
2010-06-15,0.005457638527070818
2010-06-16,-0.004945601320944126
2010-06-17,0.00728617182081015
2010-06-18,0.00027537575824498894
2010-06-21,0.009366192298676523
2010-06-22,0.002112419177835223
2010-06-23,0.0017792888619203584
2010-06-24,-0.0007051339805155266
2010-06-25,0.0030611276792429365
2010-06-28,0.0071461683858280445
2010-06-29,-0.02060667830399665
2010-06-30,0.0013331156822617984
2010-07-01,0.0010235963985893992
2010-07-02,0.001223929306096938
2010-07-06,0.0076643950877501865
2010-07-07,0.0055307380284119745
2010-07-08,0.0020435647084291464
2010-07-09,0.0007103602533289344
2010-07-12,-0.0011193201668919794
2010-07-13,0.0068911226341250575
2010-07-14,0.00738642277977819
2010-07-15,-0.00017887362703827847
2010-07-16,-0.0028912670928804562
2010-07-19,0.0031226670078199348
2010-07-20,-0.006022228761671133
2010-07-21,0.003722044951365744
2010-07-22,0.005914303725348402
2010-07-23,-0.0020648170092210094
2010-07-26,-0.0005999386556829744
2010-07-27,0.0018688783925395747
2010-07-28,-0.003793801214427517
2010-07-29,-0.00803810546294803
2010-07-30,-0.0060407668796512715
2010-08-02,0.004923104336305606
2010-08-03,-0.002697572609288934
2010-08-04,0.0031441381465293627
2010-08-05,-0.0005452752684299567
2010-08-06,-0.0032133341239389823
2010-08-09,0.0033962328190442204
2010-08-10,-0.006868031888445869
2010-08-11,-0.008858996410044506
2010-08-12,-0.0064839113222759925
2010-08-13,0.002871845022597519
2010-08-16,-0.0027251228000314542
2010-08-17,0.004489549969853179
2010-08-18,-0.0005050330312855733
2010-08-19,-0.0004997725285543764
2010-08-20,-0.0018249101460512396
2010-08-23,0.0017816222942410587
2010-08-24,-0.009353477866601123
2010-08-25,-0.002492911665994857
2010-08-26,0.003794425266475443
2010-08-27,0.0037229441732451463
2010-08-30,-0.000597978482408501
2010-08-31,-0.003887319317127269
2010-09-01,0.0055231710725203165
2010-09-02,0.0005376368017153688
2010-09-03,0.00571064222692419
2010-09-07,-0.0014965427965375477
2010-09-08,0.0008530829245805283
2010-09-09,0.004449369142220494
2010-09-10,0.0005672449892966114
2010-09-13,0.0055333041099563385
2010-09-14,-0.0013148054149271227
2010-09-15,-0.006230281824160411
2010-09-16,-0.0010841511269452653
2010-09-17,0.0009663585312800205
2010-09-20,0.0009351847555569837
2010-09-21,-0.0006828296240926068
2010-09-22,-0.0009228161983284577
2010-09-23,-0.0010378500486449838
2010-09-24,0.008143404880370797
2010-09-27,0.0006714130471885404
2010-09-28,0.0016791775606093129
2010-09-29,-0.0014716584171391434
2010-09-30,0.004669854009251351
2010-10-01,0.004018357353678725
2010-10-04,-0.0024256031600315975
2010-10-05,0.008912740709375644
2010-10-06,0.0018901773772090902
2010-10-07,0.002813653666816407
2010-10-08,0.004575245211541512
2010-10-11,0.0014600668474553657
2010-10-12,-0.00166725633059428
2010-10-13,0.004147962961995155
2010-10-14,0.002871793441983961
2010-10-15,0.012283853021500812
2010-10-18,0.007964175150024344
2010-10-19,-0.03207813603313403
2010-10-20,-0.000691587384955783
2010-10-21,0.0036812346966628162
2010-10-22,-0.001079137949198783
2010-10-25,0.0037058954051643056
2010-10-26,-0.00451533920444025
2010-10-27,-0.0013588121983054702
2010-10-28,-0.0005302807836291556
2010-10-29,-0.002218532131736839
2010-11-01,0.002908660870833746
2010-11-02,0.002567957926298936
2010-11-03,0.0002633852745528298
2010-11-04,0.004480477236663782
2010-11-05,0.0013843356168750098
2010-11-08,0.0017890840510621508
2010-11-09,0.024799625437309514
2010-11-10,0.0
2010-11-11,0.0
2010-11-12,0.0
2010-11-15,-0.00014108957455949422
2010-11-16,-0.00212949321913547
2010-11-17,0.0003481073586366623
2010-11-18,0.006012043390030364
2010-11-19,1.504570783983361e-05
2010-11-22,-0.001262506800493557
2010-11-23,-0.0051723017166172
2010-11-24,0.005469368532094343
2010-11-26,-0.0029403640726950453
2010-11-29,-0.0012700751710553737
2010-11-30,-0.004701451422356895
2010-12-01,0.0079982810519037
2010-12-02,-0.00046121886499073117
2010-12-03,-0.003726478503527697
2010-12-06,0.0022580082132896973
2010-12-07,0.0072174393258661595
2010-12-08,0.0018607643424033427
2010-12-09,0.007481357326487359
2010-12-10,0.0009652302137792557
2010-12-13,0.0037897657011118913
2010-12-14,-0.001059414957848226
2010-12-15,0.00022553920344514644
2010-12-16,0.0013453639590363942
2010-12-17,0.0010536575503943268
2010-12-20,0.003355072108301105
2010-12-21,0.0009877407470006982
2010-12-22,0.0048086700755918255
2010-12-23,-0.0005191688022050389
2010-12-27,-0.0038036848382824173
2010-12-28,0.0017084667558620037
2010-12-29,0.002045267121728145
2010-12-30,-0.0009591791262467675
2010-12-31,-0.0006233620647876359
2011-01-03,0.0032840575479489154
2011-01-04,-5.0674004026141084e-05
2011-01-05,0.0005763501324522746
2011-01-06,-0.0006859943961921022
2011-01-07,0.0009498695809910807
2011-01-10,-0.0007575399858563703
2011-01-11,0.0022959847545023226
2011-01-12,0.008451589536050852
2011-01-13,0.0003173958206663663
2011-01-14,-0.0009198485134104262
2011-01-18,-0.0003329008550858603
2011-01-19,-0.0017454245248537115
2011-01-20,-0.0026228269153960593
2011-01-21,0.0019815102197233703
2011-01-24,0.0002049746830163901
2011-01-25,-0.002673544249153448
2011-01-26,0.00031185407587930314
2011-01-27,0.0009069963159857863
2011-01-28,-0.000749667674516119
2011-01-31,0.00010153734343831822
2011-02-01,0.0034860704774408724
2011-02-02,-0.006717379073211127
2011-02-03,0.003967841501405944
2011-02-04,0.009145616028917836
2011-02-07,-0.003789795741826474
2011-02-08,0.0034617526013656086
2011-02-09,0.0022570242629813553
2011-02-10,-0.01726076690196099
2011-02-11,-0.004613729837346092
2011-02-14,0.011054507381913936
2011-02-15,0.0010072883049649928
2011-02-16,0.009941638773272699
2011-02-17,-0.011714027212968325
2011-02-18,0.0010201168208914257
2011-02-22,-0.024226103247895647
2011-02-23,-0.0035131041432712173
2011-02-24,0.00038386502923803967
2011-02-25,0.018831277996541607
2011-02-28,0.013924774302839671
2011-03-01,0.0024853147776213724
2011-03-02,-0.0012753915927110615
2011-03-03,0.015870991193367212
2011-03-04,0.0022195881795634698
2011-03-07,0.004304394787486787
2011-03-08,0.001992111968714294
2011-03-09,-0.0019405129396036225
2011-03-10,-0.016718568894547703
2011-03-11,0.0013058409039490293
2011-03-14,0.015668044813206494
2011-03-15,-0.030409354247300846
2011-03-16,-0.004421098801976275
2011-03-17,0.012605238478920366
2011-03-18,0.012359335973808339
2011-03-21,0.014666731145877021
2011-03-22,-0.0035278271725286414
2011-03-23,-0.000408994642930538
2011-03-24,0.027042440376570998
2011-03-25,0.0
2011-03-28,0.0
2011-03-29,0.0
2011-03-30,0.007280024284296749
2011-03-31,0.00029786799909437
2011-04-01,0.006626525605229583
2011-04-04,0.001490330353145275
2011-04-05,0.0068110970967569795
2011-04-06,0.004401791078547879
2011-04-07,-0.0011638794224719806
2011-04-08,0.004064630827837368
2011-04-11,0.0020393882815512576
2011-04-12,-0.009135843966585178
2011-04-13,0.006356155083833581
2011-04-14,-0.006704587371287651
2011-04-15,-0.003652907363903557
2011-04-18,-0.01173749030747695
2011-04-19,0.0012668222334109025
2011-04-20,0.018926684098072855
2011-04-21,0.0
2011-04-25,0.0
2011-04-26,0.0
2011-04-27,-8.633544756009304e-05
2011-04-28,-0.002204802365824765
2011-04-29,0.0004553420850976764
2011-05-02,0.005487447110113397
2011-05-03,-0.0030550679755434462
2011-05-04,0.0004608766014229104
2011-05-05,-0.0031610444750506117
2011-05-06,0.007550791917364519
2011-05-09,-0.00022529302671803197
2011-05-10,0.0022465673453899715
2011-05-11,0.001984487029344173
2011-05-12,-0.0012187716190900089
2011-05-13,-0.01234828967932855
2011-05-16,-0.0006735767969213713
2011-05-17,-0.003299447992426874
2011-05-18,0.0024672581136582217
2011-05-19,0.0025056975298145545
2011-05-20,-0.0018142153129473426
2011-05-23,-0.006769550845972749
2011-05-24,0.003379481555409125
2011-05-25,-0.002029587585513748
2011-05-26,-0.00021924426696073862
2011-05-27,0.0020156090615905953
2011-05-31,0.007239903223494215
2011-06-01,-0.004587512529674265
2011-06-02,0.0021646359020286443
2011-06-03,-0.00553514592641835
2011-06-06,-1.0387479212892181e-05
2011-06-07,0.003951206724283507
2011-06-08,-0.003398502718517604
2011-06-09,0.0015326209766626242
2011-06-10,0.0030494790541566452
2011-06-13,0.00022209912206538895
2011-06-14,0.004364375468974835
2011-06-15,-0.0037004968867659915
2011-06-16,0.0010448541011269796
2011-06-17,0.0046619111522130385
2011-06-20,-0.0013108925468237054
2011-06-21,0.002860053785681549
2011-06-22,-0.000951283474650122
2011-06-23,-0.005361101651342404
2011-06-24,-0.017320085735852975
2011-06-27,0.0010061786907824555
2011-06-28,0.0005173948905410342
2011-06-29,0.0020088840913863315
2011-06-30,0.002120771089959339
2011-07-01,-0.0002506077180188804
2011-07-05,0.001217471734496156
2011-07-06,-0.0017533533913308696
2011-07-07,0.002658827435140898
2011-07-08,-0.005985095349582914
2011-07-11,-0.006813494055887714
2011-07-12,-0.0033305179951989006
2011-07-13,0.004595840392370931
2011-07-14,0.001414065543842824
2011-07-15,0.0028961646719891654
2011-07-18,-0.0025774560297129323
2011-07-19,0.0018394529781780022
2011-07-20,0.0008044404867970645
2011-07-21,0.0018757147465491286
2011-07-22,0.002511317098139454
2011-07-25,-0.00704759380142328
2011-07-26,-0.005123872140690322
2011-07-27,-0.0034629680846851585
2011-07-28,0.0006451087781309539
2011-07-29,-0.004665413976588373
2011-08-01,0.007458785861739425
2011-08-02,-0.003083412377045902
2011-08-03,0.0009321418287835392
2011-08-04,-0.007093363843688416
2011-08-05,0.006361015127759773
2011-08-08,-0.014437077043857882
2011-08-09,0.008980651927103622
2011-08-10,-0.009925430466108387
2011-08-11,0.001855011427109643
2011-08-12,0.020231258746583825
2011-08-15,0.0
2011-08-16,0.0
2011-08-17,-0.0008886698022333439
2011-08-18,0.001014012469687131
2011-08-19,0.0012148131773066506
2011-08-22,-0.008031638127793284
2011-08-23,-5.066564244160521e-05
2011-08-24,0.0035010228044598524
2011-08-25,-0.0026659863003453133
2011-08-26,0.00247542815847579
2011-08-29,0.00754818472076435
2011-08-30,0.002286477804840148
2011-08-31,-0.0035322401302820827
2011-09-01,-0.0017723630842566562
2011-09-02,0.0011162593631317552
2011-09-06,0.0022817172581948153
2011-09-07,0.009508866497528912
2011-09-08,0.0028483590230383715
2011-09-09,0.003859900524519899
2011-09-12,0.006529257230303731
2011-09-13,0.0035124985086625315
2011-09-14,0.003434909665477992
2011-09-15,0.0012907472795744557
2011-09-16,0.0002661828578742753
2011-09-19,0.0006975297924725066
2011-09-20,0.0012021836508255834
2011-09-21,-0.0001301982611260355
2011-09-22,-0.0032739410521013257
2011-09-23,0.0026860391807070894
2011-09-26,-0.00010647908345140511
2011-09-27,-0.0011056228636648902
2011-09-28,-0.0026208978905659652
2011-09-29,-0.004705400519939618
2011-09-30,-0.00620840689425628
2011-10-03,0.0012945987488111044
2011-10-04,-0.0008596055625100796
2011-10-05,0.0003938432400594216
2011-10-06,0.0016069738774286968
2011-10-07,0.0004382943274678919
2011-10-10,0.0020237135054768096
2011-10-11,-0.000564348794091063
2011-10-12,0.001359075717695779
2011-10-13,-0.00243568917027015
2011-10-14,-0.004404525496462086
2011-10-17,-0.00028877178286157434
2011-10-18,0.000904087587278557
2011-10-19,0.003585859885082421
2011-10-20,-0.004678175332894163
2011-10-21,-0.0046587275221324775
2011-10-24,-0.0022426653577067857
2011-10-25,-0.0041756991956507505
2011-10-26,0.004434974258664681
2011-10-27,0.01116936009251468
2011-10-28,0.0
2011-10-31,0.0
2011-11-01,0.0
2011-11-02,0.009582743560501372
2011-11-03,0.004646602768030972
2011-11-04,-0.0037472848769138922
2011-11-07,-0.0008551541189577572
2011-11-08,0.0049394933790174456
2011-11-09,-0.02013638326135847
2011-11-10,0.005878028972756022
2011-11-11,0.004671487055134316
2011-11-14,-0.0030866474897776053
2011-11-15,0.0006257329325143335
2011-11-16,-0.001690939349014653
2011-11-17,0.0004874313262315244
2011-11-18,0.0035275136990706724
2011-11-21,-0.011047378588190826
2011-11-22,0.0033148302295351595
2011-11-23,-0.005501189967236475
2011-11-25,0.0016996056016871375
2011-11-28,0.02295061684546562
2011-11-29,-0.0005647279683052009
2011-11-30,0.019940892544901168
2011-12-01,-0.011037307538249275
2011-12-02,0.0061213773466579635
2011-12-05,0.010044426781038007
2011-12-06,-0.00283168702593406
2011-12-07,-0.0023214087537757333
2011-12-08,-0.002319838256585438
2011-12-09,0.0032292644807083715
2011-12-12,-0.00796531103334619
2011-12-13,0.004043561244681859
2011-12-14,-0.005055355760495428
2011-12-15,0.006779080151471328
2011-12-16,0.006347507360203952
2011-12-19,0.003152389160988367
2011-12-20,0.009007142418449021
2011-12-21,-4.383515703931806e-05
2011-12-22,0.0020584613095113724
2011-12-23,0.002331269836090444
2011-12-27,-0.0014238781242058574
2011-12-28,0.0017130639130029657
2011-12-29,0.0023714739818119224
2011-12-30,-0.0013231104564340734
2012-01-03,0.010326070543080323
2012-01-04,-0.0027558149158103395
2012-01-05,-0.009835225882645182
2012-01-06,0.0030582540130452696
2012-01-09,-0.002327965035053614
2012-01-10,0.022223352348295977
2012-01-11,-0.00011195416733889019
2012-01-12,0.010778280722740785
2012-01-13,-0.009831412813462448
2012-01-17,0.021883821898489586
2012-01-18,-0.0005888179944122385
2012-01-19,0.018637567473850147
2012-01-20,-0.10264040303557564
2012-01-23,0.003781778678059844
2012-01-24,-0.0017812661819179842
2012-01-25,0.04611396390685485
2012-01-26,0.008366817890032019
2012-01-27,0.005855119885267213
2012-01-30,-0.006776816293817323
2012-01-31,0.0160525234372344
2012-02-01,0.013919925005258849
2012-02-02,0.00041197735214537623
2012-02-03,0.0016550903902439185
2012-02-06,-0.0005830847699648256
2012-02-07,-0.00047531226978858587
2012-02-08,3.774218096630477e-05
2012-02-09,0.0002348648013994481
2012-02-10,-3.3883464947037645e-05
2012-02-13,0.001264122548001012
2012-02-14,-0.0002763350390245778
2012-02-15,0.0007186051282763728
2012-02-16,4.962167286048924e-05
2012-02-17,0.00032028044155585356
2012-02-21,-0.0010451464419249934
2012-02-22,-0.0001953031347302625
2012-02-23,-5.455808965248998e-05
2012-02-24,0.0004940467019041161
2012-02-27,-0.0004256751195899078
2012-02-28,0.00012879958807276992
2012-02-29,0.00013270445497615135
2012-03-01,0.0003720237974778051
2012-03-02,0.0006383110234751133
2012-03-05,-0.0013301900447154624
2012-03-06,-0.004580915958519727
2012-03-07,0.0013438137489634183
2012-03-08,0.001384286715348182
2012-03-09,-1.7734569662808397e-06
2012-03-12,-0.001424511281469809
2012-03-13,0.0031981993172356393
2012-03-14,0.00393214545108056
2012-03-15,0.0010503918096114173
2012-03-16,0.0007144169770456621
2012-03-19,-0.0009880605796923625
2012-03-20,-0.0015076348206299883
2012-03-21,0.002944127257899609
2012-03-22,-0.000496113116566832
2012-03-23,-0.0037973731026587076
2012-03-26,0.0007611354258616476
2012-03-27,0.0015926298796662408
2012-03-28,-0.0011546415369747542
2012-03-29,-0.0007807524921479292
2012-03-30,0.001988959222788411
2012-04-02,0.0008727805441337555
2012-04-03,-0.00227684873498768
2012-04-04,-0.004915704736348503
2012-04-05,-0.0016986610240914413
2012-04-09,-0.004096239029955706
2012-04-10,-0.0007914554174344168
2012-04-11,0.0024362539903777236
2012-04-12,0.0035353040336554287
2012-04-13,-0.002109093716910704
2012-04-16,0.0023186645734709632
2012-04-17,0.0016391576198535596
2012-04-18,-0.0026784807450623838
2012-04-19,0.0002512463015118538
2012-04-20,-0.0028107659549788666
2012-04-23,-0.0032433823580607646
2012-04-24,0.001171926423025882
2012-04-25,0.004101275333699528
2012-04-26,-0.0006521951553813965
2012-04-27,0.0015242392940229
2012-04-30,-0.00027688239271583814
2012-05-01,-0.0008673639476465267
2012-05-02,-0.00019680085975870565
2012-05-03,0.0015331716202939827
2012-05-04,-0.0033738824378772847
2012-05-07,-0.0011266963055929224
2012-05-08,-0.0014609844653583615
2012-05-09,-0.008185557809904265
2012-05-10,-0.010799074747528392
2012-05-11,-0.0077160293132645386
2012-05-14,-0.005358998144139537
2012-05-15,0.0010865745480199696
2012-05-16,0.0022352442510973347
2012-05-17,0.0011481452815149673
2012-05-18,0.0027877806026705976
2012-05-21,0.002718725537319555
2012-05-22,0.0010818757512272015
2012-05-23,-0.0027849024648973764
2012-05-24,0.0028620191180066534
2012-05-25,-0.0005899623108310825
2012-05-29,0.006824731945588969
2012-05-30,-0.006708530738863017
2012-05-31,-0.0008545019927613806
2012-06-01,-0.014270579354709323
2012-06-04,0.0009751359211978006
2012-06-05,-1.0744010717322894e-05
2012-06-06,0.0021401932781970334
2012-06-07,0.003582952449460164
2012-06-08,-0.00019624567376597124
2012-06-11,0.004167751560884447
2012-06-12,0.001092265220224542
2012-06-13,-0.000226085162363443
2012-06-14,-0.000375085370739936
2012-06-15,0.0007199766336347668
2012-06-18,-0.001818068784380733
2012-06-19,0.004311186116837007
2012-06-20,0.0011193133535420952
2012-06-21,-0.002866705494320443
2012-06-22,0.0014223952755108016
2012-06-25,-0.0015217244449028389
2012-06-26,0.000856070497307293
2012-06-27,9.766098926689004e-05
2012-06-28,-0.0025587639928376094
2012-06-29,0.004745030923922977
2012-07-02,0.006544339918553188
2012-07-03,0.0005072011685609557
2012-07-05,-0.0014154168956038715
2012-07-06,-0.0025276931816321513
2012-07-09,-0.0006972146456415418
2012-07-10,-0.0016340621679111766
2012-07-11,0.0008755450807438336
2012-07-12,-0.0021853124978737926
2012-07-13,4.168331523657365e-05
2012-07-16,-0.0013346821850193091
2012-07-17,0.0008759856355540219
2012-07-18,-0.0013679626775041642
2012-07-19,0.0021845429896754087
2012-07-20,0.0027628901948208995
2012-07-23,-0.004512449024991261
2012-07-24,0.0012527860047930606
2012-07-25,-0.0005931916527555092
2012-07-26,0.003241989198771389
2012-07-27,0.0018910547801027633
2012-07-30,-0.0012549340869536518
2012-07-31,0.0020646085863891273
2012-08-01,0.002243339701751168
2012-08-02,-0.001930502987936622
2012-08-03,0.0040945027015195645
2012-08-06,0.0016874061359979375
2012-08-07,0.0030984958296829124
2012-08-08,-0.0011466990334442206
2012-08-09,-0.0013388815619321814
2012-08-10,0.0009271110914645941
2012-08-13,0.00010536917195347328
2012-08-14,0.0013731534073668783
2012-08-15,0.0003870147404627655
2012-08-16,0.001759875082748552
2012-08-17,0.0005403955417322415
2012-08-20,-0.0006815083749879269
2012-08-21,2.412454578704093e-05
2012-08-22,-0.000874368181375651
2012-08-23,-0.0007519919390530649
2012-08-24,-0.0004071742190107086
2012-08-27,-4.278706521787523e-05
2012-08-28,-0.0004440451355396391
2012-08-29,0.00028524977744215363
2012-08-30,-0.00011413725226305793
2012-08-31,0.0011999368480686279
2012-09-04,-0.0013887952485349686
2012-09-05,-0.0028219924304998534
2012-09-06,0.0024144443355433864
2012-09-07,5.0398270141638335e-06
2012-09-10,-0.0014270290729545554
2012-09-11,9.395430287395534e-05
2012-09-12,0.0011785916744468938
2012-09-13,-0.0005353655529608536
2012-09-14,0.00229284204652358
2012-09-17,0.0023197275111614957
2012-09-18,-0.0033441712980293303
2012-09-19,0.0002418493544302791
2012-09-20,-0.0005433684380017345
2012-09-21,-0.000539245954753631
2012-09-24,-0.0014902544992075883
2012-09-25,0.001505661216260723
2012-09-26,-0.0012119341406677808
2012-09-27,0.0021639096696972615
2012-09-28,-0.0009212092966196517
2012-10-01,0.001242527059970966
2012-10-02,0.0013930744802921335
2012-10-03,0.0009633441160306067
2012-10-04,0.00016600944329669964
2012-10-05,0.0010352124148940156
2012-10-08,-0.0016680706082303765
2012-10-09,-0.0007904481497467142
2012-10-10,0.00020926768069107204
2012-10-11,0.001195748082892134
2012-10-12,-0.0005338836021233639
2012-10-15,0.001452023238206035
2012-10-16,0.0006627003746799698
2012-10-17,-0.0014451636980628013
2012-10-18,-0.00018741170083647063
2012-10-19,0.0006067062011696489
2012-10-22,0.0006471385722437439
2012-10-23,-0.002063401172317847
2012-10-24,0.0013783849667226011
2012-10-25,0.0011422174114792405
2012-10-26,-0.0010024102218162412
2012-10-31,0.0009806480179976873
2012-11-01,0.0015477368656695578
2012-11-02,0.001097628425889674
2012-11-05,-0.0008834281365052155
2012-11-06,0.0006140565024954636
2012-11-07,-0.00257485056362039
2012-11-08,0.0008027583676355476
2012-11-09,0.00043457447710304464
2012-11-12,0.0003029570744972343
2012-11-13,-0.0019433296476085715
2012-11-14,0.0013356032763220949
2012-11-15,0.0015918924472910767
2012-11-16,0.00011885853710946748
2012-11-19,0.0027365587621568377
2012-11-20,-0.0008041242071428201
2012-11-21,-0.00046409550594861404
2012-11-23,0.0011416332585614253
2012-11-26,0.0002360225347632916
2012-11-27,-0.0002533199057169755
2012-11-28,-0.0014040171940363777
2012-11-29,0.0007108777884359263
2012-11-30,-0.00077037678983638
2012-12-03,0.0017431518342037045
2012-12-04,0.0010460609425595457
2012-12-05,-0.0003988705175193008
2012-12-06,-0.0005714206614975126
2012-12-07,-0.00038688662423513875
2012-12-10,0.00020387163171364797
2012-12-11,0.000760905459775918
2012-12-12,0.0015166944119924253
2012-12-13,0.0007731293452386545
2012-12-14,0.0007709766213550573
2012-12-17,9.138949599885038e-05
2012-12-18,0.000415753664187557
2012-12-19,0.0006457981753282827
2012-12-20,0.0006096220913320849
2012-12-21,-0.006003255698572185
2012-12-24,0.0006316882393246903
2012-12-26,-6.648762599426039e-05
2012-12-27,0.00039972994255199623
2012-12-28,-0.0018148498085154285
2012-12-31,0.00018020164355414536
2013-01-02,0.005956491547883358
2013-01-03,0.0
2013-01-04,0.0
2013-01-07,0.0
2013-01-08,-0.00019683162597627923
2013-01-09,0.0013653796889054881
2013-01-10,0.0022652324098031418
2013-01-11,-0.00011434134691157283
2013-01-14,-0.0008191475421501782
2013-01-15,-0.0014582204486131012
2013-01-16,0.00021862450960741242
2013-01-17,0.0008652347602475796
2013-01-18,-0.00030606173505431933
2013-01-22,-0.00067969486280961
2013-01-23,0.0011646055925131904
2013-01-24,-0.0017383908050034869
2013-01-25,0.0007275594924391893
2013-01-28,0.000824457680169699
2013-01-29,-0.0005988099674215652
2013-01-30,-4.02464919097012e-05
2013-01-31,0.00041684001279218563
2013-02-01,0.0019463533369430408
2013-02-04,-0.00794830800580737
2013-02-05,-0.009246137034134683
2013-02-06,0.002528632646793927
2013-02-07,0.0036328398694711606
2013-02-08,-0.000631219745944378
2013-02-11,-0.007973930757880332
2013-02-12,0.010447613933301625
2013-02-13,0.011254411426208755
2013-02-14,0.0030510454305434642
2013-02-15,0.004044726072599758
2013-02-19,0.004900707542891736
2013-02-20,0.0036560372737324265
2013-02-21,-0.0042982897118892804
2013-02-22,-0.013082603603472243
2013-02-25,0.004926013624916736
2013-02-26,0.004875393139637918
2013-02-27,-0.0021048346754387603
2013-02-28,-0.001459574359501059
2013-03-01,-0.0033928937609238874
2013-03-04,-0.0003534818455344091
2013-03-05,0.0024527392106394874
2013-03-06,0.0017945957785152622
2013-03-07,0.0018271106234530876
2013-03-08,0.0015959173202362287
2013-03-11,-0.0008659203911838276
2013-03-12,3.996291749053249e-05
2013-03-13,0.0005159144221278389
2013-03-14,0.0017381860452525544
2013-03-15,0.0008284814583898736
2013-03-18,-0.005641345532096609
2013-03-19,0.0015748447700283386
2013-03-20,0.0016086688183549747
2013-03-21,0.0005698004508851717
2013-03-22,0.011468847914515967
2013-03-25,0.0
2013-03-26,0.0
2013-03-27,0.0
2013-03-28,0.0009261445111712341
2013-04-01,-0.0002969636560142819
2013-04-02,0.002417554389637644
2013-04-03,0.0007841987640548886
2013-04-04,-0.00020369403037323597
2013-04-05,-0.0035495696077831873
2013-04-08,-0.000344005960915883
2013-04-09,0.0011138450271084288
2013-04-10,0.0014425407640159538
2013-04-11,-0.003646115599667654
2013-04-12,-0.0013287955690490794
2013-04-15,-0.0021156684967335027
2013-04-16,0.004462988368288956
2013-04-17,-0.0033990122304120574
2013-04-18,0.0031235658034383107
2013-04-19,0.0008169134178643844
2013-04-22,0.0003073986659181127
2013-04-23,0.0020299104009271485
2013-04-24,-0.0008682730944323813
2013-04-25,-0.0007457324520632191
2013-04-26,-0.0006194497253350084
2013-04-29,0.0010326780670635305
2013-04-30,0.0012520934941597783
2013-05-01,-0.00019091959822747917
2013-05-02,-0.0011598380742957604
2013-05-03,0.00621057284593296
2013-05-06,0.00588322744188341
2013-05-07,0.005094258832279541
2013-05-08,0.002559634945204392
2013-05-09,0.027329956069937822
2013-05-10,0.0
2013-05-13,0.0
2013-05-14,0.0
2013-05-15,-0.004230327115990584
2013-05-16,0.03563268544278975
2013-05-17,0.0
2013-05-20,0.0
2013-05-21,0.0
2013-05-22,-0.00557387942959775
2013-05-23,-0.019805832430724535
2013-05-24,-0.0015768125287430879
2013-05-28,0.032145517961513104
2013-05-29,0.0
2013-05-30,0.0
2013-05-31,0.0
2013-06-03,0.00031966474166500447
2013-06-04,0.0009599080203133159
2013-06-05,-0.008582114700604881
2013-06-06,0.0008185718209667847
2013-06-07,0.008249355848048978
2013-06-10,-0.01984863123587166
2013-06-11,-0.014561325999961294
2013-06-12,0.019666756795575724
2013-06-13,0.009292714170258565
2013-06-14,0.015208306530648086
2013-06-17,0.029289054159559846
2013-06-18,0.0
2013-06-19,0.0
2013-06-20,0.0
2013-06-21,0.023253882050620955
2013-06-24,-0.017423300439953437
2013-06-25,0.014640429302456015
2013-06-26,0.010467359123002451
2013-06-27,0.007777544421201821
2013-06-28,-0.003763081379184574
2013-07-01,0.011550332467921809
2013-07-02,-0.0006234115857810529
2013-07-03,0.0005608717561851329
2013-07-05,0.014806219873352289
2013-07-08,0.005769888967201986
2013-07-09,0.011972369951032125
2013-07-10,-0.004991832585875988
2013-07-11,0.01778585346550532
2013-07-12,0.000734482548920834
2013-07-15,0.012158535838382
2013-07-16,-0.001275456368930672
2013-07-17,-0.007168420887866733
2013-07-18,0.007256932807371719
2013-07-19,-0.009837431060222834
2013-07-22,-0.0015393124183216145
2013-07-23,0.007765231801063699
2013-07-24,0.010835400792075456
2013-07-25,-0.008202843682116212
2013-07-26,0.013555267389142145
2013-07-29,0.0019283780037151477
2013-07-30,0.001987366741890595
2013-07-31,0.005392248927127419
2013-08-01,0.006409923974201925
2013-08-02,-0.005481126999252739
2013-08-05,0.009260930781287868
2013-08-06,-6.402577467690129e-05
2013-08-07,-0.004307605796189051
2013-08-08,0.08648057682340426
2013-08-09,0.0
2013-08-12,0.0
2013-08-13,0.0
2013-08-14,-0.014775094849759363
2013-08-15,-0.019628970858685535
2013-08-16,0.008533374460404142
2013-08-19,0.005636174884304346
2013-08-20,0.015242340252279218
2013-08-21,0.0016896691790195817
2013-08-22,0.007306958200426816
2013-08-23,0.0007122416136620124
2013-08-26,0.01349922159709993
2013-08-27,-0.010755411058124165
2013-08-28,0.007903631113462595
2013-08-29,-0.008989061311535984
2013-08-30,0.0015090412920273355
2013-09-03,0.020452769730730846
2013-09-04,0.015610472705637424
2013-09-05,0.0005819596289993179
2013-09-06,-0.004111235304999128
2013-09-09,-0.013003556981649234
2013-09-10,0.007289909059339461
2013-09-11,0.0007636342478283265
2013-09-12,0.0022264277090375817
2013-09-13,-0.011186679209760686
2013-09-16,0.015068754161869258
2013-09-17,-0.0054422720644093925
2013-09-18,0.0034982835368926324
2013-09-19,0.02025746388034899
2013-09-20,0.004796314652281808
2013-09-23,0.003766984812288987
2013-09-24,-0.0060175823796202454
2013-09-25,0.006097734695758028
2013-09-26,0.01044992969252112
2013-09-27,-0.0036906904631009985
2013-09-30,-0.01131440218224078
2013-10-01,0.0028157164945141755
2013-10-02,-0.012616360449032138
2013-10-03,-0.012827737865754307
2013-10-04,0.011105847578185335
2013-10-07,0.009285126274759525
2013-10-08,0.0069051555199382
2013-10-09,0.001468753345352125
2013-10-10,0.018613777594195025
2013-10-11,-0.008903126876412037
2013-10-14,-0.01849922646143609
2013-10-15,0.020655503153507615
2013-10-16,0.006582200352734047
2013-10-17,0.0005750902401056024
2013-10-18,0.005479995193674592
2013-10-21,0.00038733839183513474
2013-10-22,-0.0044006750010623374
2013-10-23,-0.015128684834604389
2013-10-24,-0.0003312820961431928
2013-10-25,0.005084737169428033
2013-10-28,0.0007118740313676319
2013-10-29,0.005320529271125807
2013-10-30,0.0036566235881405618
2013-10-31,-0.016034899039713224
2013-11-01,0.013752417438988696
2013-11-04,0.0022215039199806608
2013-11-05,-0.0017649879041607974
2013-11-06,-0.0024352694179347045
2013-11-07,0.006042224924419637
2013-11-08,-0.00031829789455983803
2013-11-11,-0.0005612462525762529
2013-11-12,-0.0010832269522406124
2013-11-13,-0.003587331995080767
2013-11-14,-0.00021134019878421562
2013-11-15,0.00369908609542402
2013-11-18,0.001835466070328362
2013-11-19,0.0014011558774693622
2013-11-20,0.001733775912599489
2013-11-21,0.0034520910841238095
2013-11-22,-0.0011882391560735783
2013-11-25,0.0037385967873888593
2013-11-26,0.0007797805251177348
2013-11-27,0.0020847016390554973
2013-11-29,0.0027722111144858896
2013-12-02,0.00014658030488745588
2013-12-03,-0.0038156698545250833
2013-12-04,-0.006975290356489694
2013-12-05,-0.005321386357848512
2013-12-06,0.016610591462613344
2013-12-09,0.007461681371460749
2013-12-10,-0.0028701712550823766
2013-12-11,-0.004579805924976088
2013-12-12,0.024426953885053004
2013-12-13,0.0016189011612992577
2013-12-16,0.00028600743320406075
2013-12-17,0.012872487828741397
2013-12-18,-0.0057935562154689535
2013-12-19,-0.015962815420190846
2013-12-20,0.0016798794902477265
2013-12-23,-0.005347697310208566
2013-12-24,0.007421375953717391
2013-12-26,0.004817685450849041
2013-12-27,-7.130118957121567e-05
2013-12-30,-0.006721038418481373
2013-12-31,0.006972585973013867
2014-01-02,0.0009155837832992564
2014-01-03,0.0036535744333661135
2014-01-06,-0.001778499932019395
2014-01-07,0.006092031979808343
2014-01-08,-0.0036086357314483175
2014-01-09,0.004951545227959375
2014-01-10,-0.0006352807503249291
2014-01-13,-0.0003303412944402062
2014-01-14,0.006993362471007902
2014-01-15,0.003069128941225463
2014-01-16,-0.004066014041746224
2014-01-17,0.001254826456420055
2014-01-21,0.003777308228212206
2014-01-22,0.003936175137010611
2014-01-23,-0.013405618483902315
2014-01-24,-0.00589752842209601
2014-01-27,0.0034579781310086766
2014-01-28,0.005868322599323905
2014-01-29,-0.006888910066107146
2014-01-30,0.1074364111887467
2014-01-31,0.0
2014-02-03,0.0
2014-02-04,0.0
2014-02-05,-0.0007514701585806804
2014-02-06,0.0020563407955285218
2014-02-07,0.0026799247256028558
2014-02-10,0.0010852392753775142
2014-02-11,-0.00021985360365617268
2014-02-12,0.001901085362853605
2014-02-13,-0.0011800163299152677
2014-02-14,-0.0008600978802213444
2014-02-18,0.0011811559192096421
2014-02-19,-5.67444524631755e-05
2014-02-20,-0.00045154219617760116
2014-02-21,0.00093764029435639
2014-02-24,0.0006459569266989984
2014-02-25,0.0006778627467600717
2014-02-26,0.0012926978240159759
2014-02-27,-0.0009030937970544439
2014-02-28,-1.3070018241578829e-05
2014-03-03,-0.0033587200173933462
2014-03-04,0.004109832914827916
2014-03-05,-0.0003519071757884795
2014-03-06,0.00025972591192657823
2014-03-07,0.0007286817867739881
2014-03-10,-0.0008769723253823081
2014-03-11,0.0007694020634707588
2014-03-12,-0.0008049720377274472
2014-03-13,0.0009752984530617681
2014-03-14,-0.00027766943323548343
2014-03-17,0.0015870423315733628
2014-03-18,0.0010180618699007216
2014-03-19,-0.00018265693231256375
2014-03-20,-0.00048360042365813705
2014-03-21,0.000984112953984262
2014-03-24,0.0013464846106061579
2014-03-25,0.0015370716238132243
2014-03-26,0.001068710537727835
2014-03-27,-0.00011480368799332563
2014-03-28,-0.0017461078845747435
2014-03-31,0.0032096325061559128
2014-04-01,0.0014166591123185857
2014-04-02,0.0007190157509981976
2014-04-03,0.0009935810577073045
2014-04-04,0.0009902494297875375
2014-04-07,-0.0011365283747138966
2014-04-08,0.0014120610631680464
2014-04-09,0.0022259720432167285
2014-04-10,0.0003597451224630621
2014-04-11,-0.0015061643731589802
2014-04-14,0.00045587076936226545
2014-04-15,0.00037843694559014374
2014-04-16,0.001331058210251923
2014-04-17,9.780316398289024e-05
2014-04-21,0.0011463923242847063
2014-04-22,0.00041217454770392514
2014-04-23,0.0006299347662352961
2014-04-24,0.0019121277170106588
2014-04-25,-0.0007912009209534165
2014-04-28,0.0007275791767908935
2014-04-29,0.0006670899619580783
2014-04-30,-9.753341439378005e-05
2014-05-01,-0.0002161096943281704
2014-05-02,0.0013711712951309796
2014-05-05,-0.0008356540647661559
2014-05-06,0.0027750042325074276
2014-05-07,0.000303240867616017
2014-05-08,-0.0007992743439856342
2014-05-09,-9.482588655607138e-05
2014-05-12,0.00274682902146961
2014-05-13,0.00024987732960379816
2014-05-14,-0.0015671926745022269
2014-05-15,-0.00027497629558337344
2014-05-16,-8.21021454300297e-06
2014-05-19,0.0035148699159901486
2014-05-20,0.0006959649151190295
2014-05-21,0.002948363274655419
2014-05-22,-5.28310149294775e-07
2014-05-23,0.0008814865118369486
2014-05-27,0.002238262618131648
2014-05-28,0.001204533421217624
2014-05-29,0.0017399317519688484
2014-05-30,0.0019461159355911306
2014-06-02,0.0010152352255252683
2014-06-03,-0.0013069377223720036
2014-06-04,-0.0012611743482061621
2014-06-05,0.0009861517404918807
2014-06-06,0.0020152221127425207
2014-06-09,-9.43709643169699e-05
2014-06-10,0.00010849185242967074
2014-06-11,0.006650343600478115
2014-06-12,-7.842559631598967e-05
2014-06-13,0.0031120572141118963
2014-06-16,0.0017650616056952284
2014-06-17,0.0005525687989258454
2014-06-18,0.0011367089558826926
2014-06-19,0.0006618916536285102
2014-06-20,0.0006685306298470639
2014-06-23,0.002864298682047739
2014-06-24,0.0018461537855121168
2014-06-25,-0.0010496925880355557
2014-06-26,-0.00013324789886992594
2014-06-27,-0.0010506250902906356
2014-06-30,0.004589349516590735
2014-07-01,0.002798927308821142
2014-07-02,-8.211344402808685e-05
2014-07-03,0.0033007026770017767
2014-07-07,-0.0008252805828202758
2014-07-08,-0.000575912529566236
2014-07-09,-0.004169958763641457
2014-07-10,-0.007563006373898173
2014-07-11,0.0008082296406282108
2014-07-14,0.0034713842312170673
2014-07-15,0.0010865658158889513
2014-07-16,0.0035317523595155276
2014-07-17,-0.007139621661117923
2014-07-18,0.001605753147765565
2014-07-21,-0.0014478307791899736
2014-07-22,0.0025569475668412167
2014-07-23,-0.0006406254220264751
2014-07-24,0.0027558378811207707
2014-07-25,-0.0013843871208495395
2014-07-28,-0.0005283657558239341
2014-07-29,0.00096975430120394
2014-07-30,0.0025198710980429695
2014-07-31,-0.010472502693772978
2014-08-01,0.0025949517303671676
2014-08-04,0.0012640465843172244
2014-08-05,-0.0027602091534805195
2014-08-06,-0.0008200466539700635
2014-08-07,0.0015928670862221939
2014-08-08,0.0013994603303724151
2014-08-11,0.002570658821861027
2014-08-12,-0.0014649501691158529
2014-08-13,0.002397002178502694
2014-08-14,-0.0034687886310029725
2014-08-15,0.0033377022165956838
2014-08-18,8.403689244596002e-05
2014-08-19,0.0017203320719156867
2014-08-20,-0.00015217006048873216
2014-08-21,-0.0017404275137452574
2014-08-22,0.0008055357743159686
2014-08-25,0.0019154362609241637
2014-08-26,0.0004312574777582956
2014-08-27,0.0002962434918545309
2014-08-28,-0.0009928455705980888
2014-08-29,0.002449717500310644
2014-09-02,0.00013248791891218303
2014-09-03,-0.00024067048243159306
2014-09-04,0.0014961043838421784
2014-09-05,-3.8012227425054945e-05
2014-09-08,0.0002906700975808807
2014-09-09,-0.0006198703480813084
2014-09-10,0.0007246014588586647
2014-09-11,-0.0012520304205499988
2014-09-12,-0.0001694242772120047
2014-09-15,-0.0003308006160795962
2014-09-16,0.00013027607833371313
2014-09-17,0.00016141189587637328
2014-09-18,0.001584149137425106
2014-09-19,0.00036957630698797317
2014-09-22,-0.001291584927885725
2014-09-23,-0.0004887816200928041
2014-09-24,0.003307245421662497
2014-09-25,0.0009070525217802494
2014-09-26,0.012599446757801225
2014-09-29,0.0
2014-09-30,0.0
2014-10-01,0.0
2014-10-02,0.0007095761797117905
2014-10-03,0.002104453278462204
2014-10-06,-0.004497930803438299
2014-10-07,-0.0014963563736205554
2014-10-08,0.0002656719860731904
2014-10-09,-0.0017615666541290764
2014-10-10,-0.008007478158782111
2014-10-13,0.006711461700070087
2014-10-14,0.008279935141688899
2014-10-15,-0.006679274173046146
2014-10-16,-0.0036498273456626595
2014-10-17,0.007234098168027225
2014-10-20,0.003066201184090289
2014-10-21,0.0077131722668282166
2014-10-22,0.00332006433752019
2014-10-23,0.0057211413641347075
2014-10-24,0.0015166461120228458
2014-10-27,0.008423055208084618
2014-10-28,0.0025632092191349987
2014-10-29,-0.000832924550372538
2014-10-30,-0.005443309638918925
2014-10-31,0.011865457133513058
2014-11-03,0.0
2014-11-04,0.0
2014-11-05,0.0
2014-11-06,0.00045449165808264524
2014-11-07,0.00019845923712180635
2014-11-10,1.7709095643914097e-05
2014-11-11,0.00030556579864016165
2014-11-12,-0.0002803378543434487
2014-11-13,0.0001493685216438223
2014-11-14,-8.39494707394195e-06
2014-11-17,0.000166583682883914
2014-11-18,9.174281408497187e-05
2014-11-19,0.0001075361060625113
2014-11-20,-0.00022260193192624733
2014-11-21,0.0015327437635130892
2014-11-24,0.001065244012827371
2014-11-25,0.0006392206808767398
2014-11-26,-9.375277485845768e-05
2014-11-28,0.00012849052453556276
2014-12-01,-0.00019863184317248095
2014-12-02,0.0008758340951176002
2014-12-03,-0.0004864711976501068
2014-12-04,0.0027319094869551197
2014-12-05,0.0007620107503163442
2014-12-08,-0.0009502267475846038
2014-12-09,-0.0032606777144755794
2014-12-10,-0.00040303785199935493
2014-12-11,0.0021417014584150795
2014-12-12,-0.0015181626082654276
2014-12-15,0.0009502818620537035
2014-12-16,-0.0006647249278258771
2014-12-17,0.0021236690599357733
2014-12-18,0.0025363961555793235
2014-12-19,0.00013740523164074148
2014-12-22,0.0019084997949831983
2014-12-23,0.0014507582610854275
2014-12-24,0.00058217220053014
2014-12-26,0.00032028953780938174
2014-12-29,-0.00036919049043993013
2014-12-30,-0.0005681927025522615
2014-12-31,0.00018421937362367302
2015-01-02,0.0004348430371665657
2015-01-05,-0.0006020976153863211
2015-01-06,0.0007066503449941752
2015-01-07,0.0013997459748891217
2015-01-08,0.001174922259003397
2015-01-09,0.0002504728798422562
2015-01-12,9.775133367972977e-05
2015-01-13,0.0004826351226678849
2015-01-14,-0.0011577428133301426
2015-01-15,0.0004907178392472566
2015-01-16,-0.00033933744139547084
2015-01-20,8.620518477586714e-05
2015-01-21,-0.00023430370206678486
2015-01-22,0.00045455251074577596
2015-01-23,-0.000456394306262764
2015-01-26,-8.901499686853054e-05
2015-01-27,-0.0014216003391451792
2015-01-28,0.0012318297330600192
2015-01-29,-9.413826780335643e-05
2015-01-30,-0.0007962076320109368
2015-02-02,6.026093626876339e-05
2015-02-03,-0.00014325991664310145
2015-02-04,-0.0006329193997210991
2015-02-05,0.00023813417820650606
2015-02-06,0.0005466358285688422
2015-02-09,-0.0006466568818994656
2015-02-10,0.001052377452743558
2015-02-11,-7.756532568570229e-06
2015-02-12,-3.21054872310933e-05
2015-02-13,0.0007323831524090885
2015-02-17,0.00022944011980752244
2015-02-18,0.00042673520366687256
2015-02-19,-0.00020431812089050094
2015-02-20,0.00015125451625075392
2015-02-23,0.00030554783607250613
2015-02-24,0.0002879473200614324
2015-02-25,-0.0002945654983071977
2015-02-26,0.003210432718465883
2015-02-27,0.000307079895127238
2015-03-02,0.006847023456846735
2015-03-03,0.0
2015-03-04,0.0
2015-03-05,0.0
2015-03-06,-0.00038103992468030423
2015-03-09,-0.0001389664871707108
2015-03-10,-0.0016101301202289253
2015-03-11,8.214440248210941e-05
2015-03-12,-0.0002244475928488976
2015-03-13,-0.00042962711996785696
2015-03-16,0.001113662452797648
2015-03-17,-0.0011250316159095997
2015-03-18,-0.00048417056352667576
2015-03-19,-9.364552702406659e-05
2015-03-20,0.0009422438728692306
2015-03-23,0.0008682937398742929
2015-03-24,0.000416213102059082
2015-03-25,-0.00033125703163661147
2015-03-26,-0.003376718740664475
2015-03-27,0.0002756189725021674
2015-03-30,0.001455149083118057
2015-03-31,-0.0006177626595224028
2015-04-01,-4.2961142255770746e-05
2015-04-02,0.004325676367282316
2015-04-06,-0.002444454302233501
2015-04-07,-0.00019715714493218073
2015-04-08,-0.0019187508763974792
2015-04-09,-0.0012165986593034583
2015-04-10,7.484161293702662e-05
2015-04-13,8.875054027068785e-05
2015-04-14,-0.001289886745147295
2015-04-15,0.0022456084110418217
2015-04-16,-0.0023336402566208614
2015-04-17,-0.00333175375503858
2015-04-20,0.0011008241519501194
2015-04-21,0.0015388422567998994
2015-04-22,0.0007558780864440617
2015-04-23,-0.005289734659682077
2015-04-24,0.0012304069898667613
2015-04-27,0.0006145744975838419
2015-04-28,-0.0002718340082908943
2015-04-29,-0.002440657948436731
2015-04-30,-0.0007583412759728514
2015-05-01,0.0016616419395136806
2015-05-04,0.00045704005838476114
2015-05-05,-0.0007709065725777231
2015-05-06,0.0007752149784103768
2015-05-07,0.0005520629804913746
2015-05-08,0.001294700387265646
2015-05-11,0.00023408665581259314
2015-05-12,-0.0002781631753230318
2015-05-13,0.0009350157645400259
2015-05-14,0.0010718263354210222
2015-05-15,0.0007370478956656434
2015-05-18,-0.0009764936997941343
2015-05-19,0.0006787580698675022
2015-05-20,0.00019471600927989385
2015-05-21,0.00013324850934992583
2015-05-22,0.00039901367223227346
2015-05-26,0.001108013100375338
2015-05-27,0.00043197551577844884
2015-05-28,0.001840066152633879
2015-05-29,0.0006247006935224952
2015-06-01,0.0009134338310265999
2015-06-02,-0.000785806898633945
2015-06-03,0.002779699133084179
2015-06-04,-0.001746463634980544
2015-06-05,-0.0002962508782915485
2015-06-08,-0.0008104294276806145
2015-06-09,0.0002722496063558566
2015-06-10,0.0009909203700191327
2015-06-11,-0.000593862685008939
2015-06-12,-0.0016660198031427376
2015-06-15,-0.006645134092049698
2015-06-16,-0.001549043116098603
2015-06-17,0.0002349672656463131
2015-06-18,0.0012994961368766322
2015-06-19,0.0019005798423421538
2015-06-22,-0.0004854871775464842
2015-06-23,0.0007880529105257494
2015-06-24,8.419555419036939e-05
2015-06-25,0.000578614864978455
2015-06-26,-0.022679357641552933
2015-06-29,-0.004203019422700294
2015-06-30,0.0027757877491734195
2015-07-01,0.0037631483157685164
2015-07-02,0.0004662865301285901
2015-07-06,-0.0032631783570942208
2015-07-07,-0.0020286378077488676
2015-07-08,-0.004119816789908581
2015-07-09,0.004258545997359864
2015-07-10,0.0034355374209769085
2015-07-13,0.0038854113678756796
2015-07-14,0.01989741115332122
2015-07-15,0.0
2015-07-16,0.0
2015-07-17,0.0
2015-07-20,0.00020921035945509203
2015-07-21,-0.0002823868208617908
2015-07-22,-0.00929283522976243
2015-07-23,0.004815777786964404
2015-07-24,0.00029318775092113114
2015-07-27,-0.003884956524996319
2015-07-28,0.003385065938929843
2015-07-29,0.0021089091765138512
2015-07-30,-0.003309894319795892
2015-07-31,0.0018048462585493752
2015-08-03,0.002164302200364565
2015-08-04,0.0014344891739672683
2015-08-05,0.0021771853835228505
2015-08-06,0.0003256901261861067
2015-08-07,-0.001202113233812252
2015-08-10,0.0016979775828676047
2015-08-11,-0.003525498037506347
2015-08-12,-0.0046429294159051615
2015-08-13,0.0003253317531732858
2015-08-14,0.0003144237847594322
2015-08-17,-0.004251240879890816
2015-08-18,-0.0017334935243905614
2015-08-19,-0.0015810944626490908
2015-08-20,-0.005768686551517299
2015-08-21,-0.0044695116515464095
2015-08-24,-0.015061037948413625
2015-08-25,0.011247518127191602
2015-08-26,0.0
2015-08-27,0.0
2015-08-28,0.0
2015-08-31,-0.0015133058492905471
2015-09-01,-0.01057506376463535
2015-09-02,0.006241103545865823
2015-09-03,0.0029026006092767176
2015-09-04,-0.005618896065647694
2015-09-08,0.011113538086832575
2015-09-09,-0.010467342735420826
2015-09-10,0.0008327860022108169
2015-09-11,0.0036869665363503668
2015-09-14,-0.0012325945563473883
2015-09-15,-0.0006003659845797982
2015-09-16,-0.000542217432737746
2015-09-17,0.0014574643514988495
2015-09-18,0.008608262694056457
2015-09-21,-0.0027069725731847516
2015-09-22,0.007654153935254593
2015-09-23,-0.0016461414077921788
2015-09-24,0.006579726607423897
2015-09-25,-0.007763988169022462
2015-09-28,0.001683148948562252
2015-09-29,-0.00021952576876782537
2015-09-30,-0.008123859668769051
2015-10-01,-0.0037122810514562676
2015-10-02,0.013194350223588724
2015-10-05,-0.002327573379858894
2015-10-06,0.001727118039712039
2015-10-07,-0.002565465873598849
2015-10-08,0.0021112241552567745
2015-10-09,-0.002008181602955905
2015-10-12,0.0023178056394299595
2015-10-13,0.0014582512549461413
2015-10-14,0.004124012838921942
2015-10-15,-0.002541576540925794
2015-10-16,-0.00125930707614208
2015-10-19,0.0008751773754949177
2015-10-20,-0.0009086064238528202
2015-10-21,-0.007739387243431706
2015-10-22,-0.0063201705801748664
2015-10-23,-0.02019017225773001
2015-10-26,-0.0011075393550530332
2015-10-27,0.001035312659101395
2015-10-28,0.004229591367162833
2015-10-29,-0.008023118494852488
2015-10-30,0.0028076183680330047
2015-11-02,0.004002263565156872
2015-11-03,-0.0003624413050886677
2015-11-04,0.0045508315374980235
2015-11-05,0.010307498083268252
2015-11-06,-0.001456071133822734
2015-11-09,-0.0042569992645821175
2015-11-10,-0.005675225200863054
2015-11-11,0.006857960525244566
2015-11-12,-0.0035172307074753384
2015-11-13,-0.006674175394321913
2015-11-16,-0.0033846579610158356
2015-11-17,0.0039760552414751515
2015-11-18,0.006042791029874595
2015-11-19,0.01518445936600954
2015-11-20,0.013840625573727117
2015-11-23,0.0010666244218544563
2015-11-24,-0.009586293855785799
2015-11-25,0.004118935500994292
2015-11-27,0.003800808876599282
2015-11-30,0.0030558893932346454
2015-12-01,0.009919289166595568
2015-12-02,0.00271442702186131
2015-12-03,0.005281944227394808
2015-12-04,0.0004738761175511197
2015-12-07,0.0024662540270177224
2015-12-08,-0.011669030771370048
2015-12-09,-0.0013341073205539455
2015-12-10,0.0015031559083478196
2015-12-11,-0.017265328161716553
2015-12-14,0.0021394283693634275
2015-12-15,0.010512912892806314
2015-12-16,0.008350422043927441
2015-12-17,0.006526971324322117
2015-12-18,-0.00368699738221534
2015-12-21,0.008092044559382616
2015-12-22,0.004320209829614452
2015-12-23,0.005268242875222207
2015-12-24,-0.0005146747608653079
2015-12-28,0.004274682521256956
2015-12-29,0.005091962594709676
2015-12-30,-0.0020472974132378363
2015-12-31,-0.0042105194402062285
2016-01-04,-0.028171855579980254
2016-01-05,0.005534864888237845
2016-01-06,-0.012833787563854782
2016-01-07,-0.01447016783269428
2016-01-08,0.006806363914927616
2016-01-11,0.0017244997528360617
2016-01-12,0.008024225954822661
2016-01-13,0.0050624851007732286
2016-01-14,0.004009937454371837
2016-01-15,-0.0252645433582106
2016-01-19,0.011164453592987789
2016-01-20,-0.01569606385066724
2016-01-21,0.0036799402040061935
2016-01-22,0.002215378285451264
2016-01-25,0.001483403510443182
2016-01-26,-0.001160911502077866
2016-01-27,0.0067663935172435075
2016-01-28,0.01215519520450492
2016-01-29,0.0006025278589580907
2016-02-01,0.015167286610577646
2016-02-02,-0.002004828009045667
2016-02-03,0.0007765226923115431
2016-02-04,0.002374993635585909
2016-02-05,0.003184751256685159
2016-02-08,0.011535582227518049
2016-02-09,0.007217219506518102
2016-02-10,-0.006031543422839847
2016-02-11,0.004700900045604195
2016-02-12,-0.004852395494336248
2016-02-16,-0.007598696207995248
2016-02-17,-0.004597529834284297
2016-02-18,0.004994668623464982
2016-02-19,0.0026319069507376724
2016-02-22,-0.004260137637676853
2016-02-23,0.003906617862203587
2016-02-24,0.006685882184635394
2016-02-25,-0.0002740919933504893
2016-02-26,-0.0034233055737579177
2016-02-29,0.0011480040691131954
2016-03-01,-0.0061155440562774555
2016-03-02,-2.7200050491837935e-05
2016-03-03,0.0018510674437002272
2016-03-04,0.0068941827442954295
2016-03-07,0.0004690922797478958
2016-03-08,0.004125752137659422
2016-03-09,-0.0009809375332071602
2016-03-10,-0.002416729865856837
2016-03-11,-0.0063618885113815304
2016-03-14,0.0006122870933253921
2016-03-15,0.003276468396363086
2016-03-16,0.0007153006723634725
2016-03-17,0.002045391520101969
2016-03-18,-0.0010336047013338456
2016-03-21,0.0018062756323347084
2016-03-22,0.003502082366022119
2016-03-23,0.0013660389588758814
2016-03-24,0.0030754569347630767
2016-03-28,-0.0020439801610750985
2016-03-29,0.0005070144701355694
2016-03-30,-0.004054411678959924
2016-03-31,8.741164665049261e-05
2016-04-01,0.003067736254410036
2016-04-04,0.001748146467195122
2016-04-05,0.006079731208519457
2016-04-06,-0.0015098377714404254
2016-04-07,0.00433658208386678
2016-04-08,-0.0051652146067044935
2016-04-11,-0.0036647181254380046
2016-04-12,0.00025826248177440725
2016-04-13,0.0003581199568751803
2016-04-14,-0.00031015026647307486
2016-04-15,-1.4203957808045509e-05
2016-04-18,-0.00014035292939895694
2016-04-19,0.0003389998738412281
2016-04-20,-0.0001608190656201547
2016-04-21,3.049968840684869e-05
2016-04-22,0.00025712288905910263
2016-04-25,-2.4540125418748282e-05
2016-04-26,0.0004638430762702317
2016-04-27,-0.00028799093865128356
2016-04-28,-0.0004896668248716152
2016-04-29,-0.00033235162757150327
2016-05-02,0.0007446330560378911
2016-05-03,-0.00136473389339542
2016-05-04,-0.001244116250206817
2016-05-05,0.0013766504435186455
2016-05-06,3.570451917234152e-05
2016-05-09,0.00011559347554390698
2016-05-10,0.0005206786730433954
2016-05-11,-3.114111223023741e-05
2016-05-12,0.000559620414217088
2016-05-13,0.006314372426311943
2016-05-16,0.0
2016-05-17,0.0
2016-05-18,0.0
2016-05-19,-0.0008863475016063216
2016-05-20,0.0013612737969701527
2016-05-23,0.001112160210906099
2016-05-24,0.0006246163754410894
2016-05-25,0.0006107458079482875
2016-05-26,0.0003262535457304594
2016-05-27,5.4552395510221174e-05
2016-05-31,0.0009729428534490658
2016-06-01,-0.0011745967403756774
2016-06-02,0.0008802774318381612
2016-06-03,-0.002152839734681944
2016-06-06,0.0006667539476989948
2016-06-07,0.001795947379686469
2016-06-08,0.00029095503253540045
2016-06-09,-0.0014596919147887855
2016-06-10,-0.002422549548477315
2016-06-13,-0.00015194787898409334
2016-06-14,-0.0010873993990965225
2016-06-15,0.0016107605596935581
2016-06-16,-0.0010113920316249247
2016-06-17,-8.600338001651942e-06
2016-06-20,0.003930704491650339
2016-06-21,0.0006548402192421143
2016-06-22,0.0002786334122961698
2016-06-23,0.0030383116625627427
2016-06-24,-0.009607411326493343
2016-06-27,-0.0013131014533080965
2016-06-28,0.004960267501031845
2016-06-29,0.0031941354563087554
2016-06-30,0.0006497822204467596
2016-07-01,-0.0015527669611539174
2016-07-05,-0.0012864860928121225
2016-07-06,-0.001719219631171831
2016-07-07,0.0009605492416895345
2016-07-08,0.0005484239034787564
2016-07-11,0.002052564905423049
2016-07-12,0.0018125738647121192
2016-07-13,0.0004637523837085489
2016-07-14,0.0015548269564045203
2016-07-15,-0.0011705027836497184
2016-07-18,0.0023898555673680377
2016-07-19,-0.00043468289244152913
2016-07-20,0.0013784939172172272
2016-07-21,-0.0002624706585686587
2016-07-22,0.004008387136149372
2016-07-25,0.0015119077219669652
2016-07-26,0.002041937284783746
2016-07-27,0.0008271977621143733
2016-07-28,-0.0004243855601915314
2016-07-29,0.0008654079226599887
2016-08-01,0.001049124622082731
2016-08-02,-0.00019426576141945429
2016-08-03,-0.0009930360364462931
2016-08-04,0.00136251750336025
2016-08-05,0.0024963420536838754
2016-08-08,0.002554361167991015
2016-08-09,0.001467320615958334
2016-08-10,-0.0011305417276619156
2016-08-11,0.0010132899482031554
2016-08-12,0.0046439274253271545
2016-08-15,0.0010876587465065146
2016-08-16,-0.0003775818127702557
2016-08-17,-0.0003163223673028348
2016-08-18,0.0008482895915777888
2016-08-19,0.003954334046918806
2016-08-22,0.002029153609623746
2016-08-23,0.0027134932681567303
2016-08-24,0.0005448381573098793
2016-08-25,0.00026408929089138944
2016-08-26,0.0008611084839789118
2016-08-29,0.0007918903285701884
2016-08-30,0.0003218639511923804
2016-08-31,0.0002001068925685523
2016-09-01,-0.0009378150490485515
2016-09-02,0.0028819682568201888
2016-09-06,0.0013692383115491147
2016-09-07,-0.0011952127432850457
2016-09-08,-0.0012474264586164185
2016-09-09,-0.0023334627234140592
2016-09-12,-0.0035621138409319686
2016-09-13,-0.001894509648843079
2016-09-14,0.0011744292987363458
2016-09-15,0.0005446576666323644
2016-09-16,0.006220591334120673
2016-09-19,0.003050441025380879
2016-09-20,0.003060800652088469
2016-09-21,0.0026920941282666533
2016-09-22,0.002850459399966976
2016-09-23,-0.0012551829752061039
2016-09-26,-0.002613368432511254
2016-09-27,0.0018252612373574895
2016-09-28,0.0014600146527521396
2016-09-29,-0.0004261725557485052
2016-09-30,0.0024178086079325034
2016-10-03,0.0016862514532054451
2016-10-04,0.002294498956275426
2016-10-05,-0.00016878988950375096
2016-10-06,-0.002972201419621734
2016-10-07,0.0004908391574360849
2016-10-10,0.0022931944242741142
2016-10-11,-0.0015033560863858542
2016-10-12,0.0007597379135482196
2016-10-13,-0.0040566036558280505
2016-10-14,0.006298199210205135
2016-10-17,0.0005502309105795966
2016-10-18,0.0038507643236478373
2016-10-19,-0.0036497185288688616
2016-10-20,0.0006230304322547564
2016-10-21,-0.005184004663958408
2016-10-24,0.002019978448161819
2016-10-25,-0.0008469746128640931
2016-10-26,-0.0033817655924868184
2016-10-27,0.0034311725226701117
2016-10-28,0.0009354280904838586
2016-10-31,0.002749238440362012
2016-11-01,0.0015435214751737814
2016-11-02,0.00019200401197605466
2016-11-03,0.000671011793093701
2016-11-04,-0.0017050894019357
2016-11-07,0.007514136284119122
2016-11-08,-0.0009708119631485213
2016-11-09,-0.008835412238993423
2016-11-10,0.0023686922744443617
2016-11-11,0.026220025578953532
2016-11-14,0.0
2016-11-15,0.0
2016-11-16,0.0
2016-11-17,0.0037492257861917455
2016-11-18,0.0009622087770417842
2016-11-21,0.005145761352094436
2016-11-22,0.003111237915437215
2016-11-23,0.0004398115081405418
2016-11-25,0.0017059032182304978
2016-11-28,-0.0012566827912464662
2016-11-29,0.0011221041532389897
2016-11-30,0.0029304013848379107
2016-12-01,0.0007018037237336294
2016-12-02,-0.004813649491592353
2016-12-05,0.00832838584723361
2016-12-06,0.004117466438089412
2016-12-07,0.0026858280557482406
2016-12-08,0.006031360454855195
2016-12-09,0.0034554015519101533
2016-12-12,-0.007480128678437059
2016-12-13,0.0032819737438418706
2016-12-14,0.0016114932202169197
2016-12-15,0.0033256819430977913
2016-12-16,0.005595310703535139
2016-12-19,0.0007817114059707198
2016-12-20,0.013316714413400987
2016-12-21,0.0030223902784518586
2016-12-22,0.017845380171869873
2016-12-23,0.0
2016-12-27,0.0
2016-12-28,0.0
2016-12-29,-0.019360948139071077
2016-12-30,0.0014614670776715855
2017-01-03,-0.00831289022257864
2017-01-04,0.00712789897768773
2017-01-05,0.0008949568719218703
2017-01-06,0.006891399200027015
2017-01-09,0.0019291869429935993
2017-01-10,0.003409414408019895
2017-01-11,-0.002199072850694872
2017-01-12,-0.0088383792972071
2017-01-13,0.000918357360923272
2017-01-17,-0.0080053222110823
2017-01-18,-0.0076692531885151904
2017-01-19,-0.003426337583854022
2017-01-20,0.006832967887908659
2017-01-23,-0.0017633332415444292
2017-01-24,0.004449284667697784
2017-01-25,0.014098242516832338
2017-01-26,0.0015988457918150178
2017-01-27,0.0021435642058440507
2017-01-30,-0.004999626433232152
2017-01-31,-0.005482933198049489
2017-02-01,0.011440889576565194
2017-02-02,-0.003947249177644663
2017-02-03,0.0016235649512459371
2017-02-06,0.0009556148818756771
2017-02-07,0.009924219924133837
2017-02-08,-0.004677591239594658
2017-02-09,0.006281688510755723
2017-02-10,0.016589887070723286
2017-02-13,0.0011838499361247479
2017-02-14,-0.004554277757344183
2017-02-15,-0.0007223417087148798
2017-02-16,0.0006381118007763309
2017-02-17,-0.003980903960495885
2017-02-21,0.008362971607973169
2017-02-22,0.006113914432088974
2017-02-23,-0.01654284699280628
2017-02-24,-0.01818779365174239
2017-02-27,0.005466192312858498
2017-02-28,0.005336593449122962
2017-03-01,0.021883495827606625
2017-03-02,0.0
2017-03-03,0.0
2017-03-06,0.0
2017-03-07,-0.00027788144446028173
2017-03-08,0.011058862660964452
2017-03-09,0.0004261422044191665
2017-03-10,0.007400528362268677
2017-03-13,0.011165735377720587
2017-03-14,-0.0027220959202105544
2017-03-15,-0.001551263433484884
2017-03-16,-0.0009713990729502964
2017-03-17,0.0010473413254417085
2017-03-20,0.006116123529552375
2017-03-21,-0.001992212877838906
2017-03-22,-0.0026618977904360186
2017-03-23,-0.0021564346165831028
2017-03-24,0.028768019708728332
2017-03-27,0.0
2017-03-28,0.0
2017-03-29,0.0
2017-03-30,0.0005806067890605782
2017-03-31,0.00033308324353242824
2017-04-03,0.0010495276514623786
2017-04-04,-0.019558490502259884
2017-04-05,-0.0002989687181695899
2017-04-06,-0.008947394396764174
2017-04-07,0.0005645670421017268
2017-04-10,-0.0003104423555722047
2017-04-11,-0.005592494683549054
2017-04-12,-0.0007797344204580892
2017-04-13,-0.007239578709747452
2017-04-17,0.005564150189902861
2017-04-18,-0.004694807430965953
2017-04-19,0.005543056139952984
2017-04-20,0.004593172290425995
2017-04-21,-0.0012016783207294823
2017-04-24,0.00814051864653531
2017-04-25,0.003387006446771368
2017-04-26,-0.0013269280669139238
2017-04-27,0.002706468685096608
2017-04-28,0.002217867383835115
2017-05-01,0.0031912059088210487
2017-05-02,-0.021414735983404487
2017-05-03,-0.0019984189048658507
2017-05-04,0.0022794835272188507
2017-05-05,-0.0006071255618285143
2017-05-08,-0.001575559638498647
2017-05-09,0.000689519019457796
2017-05-10,0.026311920999776195
2017-05-11,0.0
2017-05-12,0.0
2017-05-15,0.0
2017-05-16,0.009053736136013013
2017-05-17,-0.022283291275064343
2017-05-18,0.0034038852113440488
2017-05-19,0.01793880885148158
2017-05-22,0.00910008745198243
2017-05-23,0.0019064024832775583
2017-05-24,0.01774660351118751
2017-05-25,0.008001911118083127
2017-05-26,-0.0038922906929418355
2017-05-30,0.007148422661602982
2017-05-31,0.010946167057485967
2017-06-01,0.0033769364181954753
2017-06-02,-0.00034930334769911475
2017-06-05,-0.002787453669605422
2017-06-06,-0.0015619115477915058
2017-06-07,0.004973620095705122
2017-06-08,0.020903773661590463
2017-06-09,0.021100352632103414
2017-06-12,-0.017069191258228922
2017-06-13,0.02150263453702328
2017-06-14,0.0017323617506450617
2017-06-15,-0.024146486799308864
2017-06-16,0.0020183647265810123
2017-06-19,0.011628928071233169
2017-06-20,0.008235559800241488
2017-06-21,0.006172262631588987
2017-06-22,0.0015690473392455662
2017-06-23,0.0008168570709854439
2017-06-26,0.00949092929523343
2017-06-27,-0.0033173580358364374
2017-06-28,0.015059536429345766
2017-06-29,-0.005047024597314209
2017-06-30,0.0067848270848887005
2017-07-03,0.0038627984503218915
2017-07-05,0.014401132136748984
2017-07-06,-0.008889565613383832
2017-07-07,0.011323381205373018
2017-07-10,0.013325934575510567
2017-07-11,0.0009428372486135483
2017-07-12,0.011693615876035235
2017-07-13,0.002358262328132854
2017-07-14,0.0034457433409214033
2017-07-17,0.004307318195611254
2017-07-18,-0.009134215010829005
2017-07-19,0.0021017558034368555
2017-07-20,0.0035270492733583403
2017-07-21,-0.0033338424085450624
2017-07-24,0.0009168300635846727
2017-07-25,-0.007513520164984522
2017-07-26,0.007819568517916764
2017-07-27,0.0056080803078870645
2017-07-28,-0.00601231839078642
2017-07-31,0.0026058121652863253
2017-08-01,-0.0006806003125388038
2017-08-02,0.005704045541873537
2017-08-03,-8.025781718234981e-05
2017-08-04,0.0022978429619278096
2017-08-07,0.006233060272230917
2017-08-08,0.004966131217234437
2017-08-09,-0.009633398810232952
2017-08-10,-0.0019622919676509643
2017-08-11,-0.021052210537117255
2017-08-14,0.01526088470604492
2017-08-15,0.0036124717210681556
2017-08-16,0.003985001722706549
2017-08-17,-0.0032237411842378494
2017-08-18,0.007934422876161529
2017-08-21,0.003560302512989333
2017-08-22,0.0061115250139729405
2017-08-23,-0.005875485393941449
2017-08-24,0.006067077044762614
2017-08-25,0.0029176499971250713
2017-08-28,0.0030635454587610855
2017-08-29,-0.008795687696983245
2017-08-30,0.0024324997262916703
2017-08-31,0.0035155104307955654
2017-09-01,0.0022519465998120936
2017-09-05,-0.006163946062347825
2017-09-06,0.0037060937084425483
2017-09-07,0.0025927596109112105
2017-09-08,-0.0013436599749282463
2017-09-11,0.006613764870797345
2017-09-12,0.0033400302994976983
2017-09-13,-0.0009565063410404973
2017-09-14,-0.0037855973542821886
2017-09-15,0.006736085677482961
2017-09-18,0.011440564181020907
2017-09-19,-0.003719512857846552
2017-09-20,0.0007114605183151657
2017-09-21,-0.009529254764854223
2017-09-22,-0.002483471686401506
2017-09-25,-0.0033199183385678177
2017-09-26,0.015258576148213132
2017-09-27,0.019433394491730205
2017-09-28,0.0
2017-09-29,0.0
2017-10-02,0.0
2017-10-03,0.000388887489186196
2017-10-04,-0.0008466218924143565
2017-10-05,0.00397619650061154
2017-10-06,-0.0050394353761944455
2017-10-09,0.004252285781348064
2017-10-10,0.018782890339465785
2017-10-11,-0.004681019792730834
2017-10-12,-0.0018619500646632758
2017-10-13,0.008243813027885238
2017-10-16,0.006304599112902487
2017-10-17,-0.003444797882866668
2017-10-18,0.005245160572363572
2017-10-19,-0.010268200192396049
2017-10-20,0.006066940298616208
2017-10-23,0.004240343361397558
2017-10-24,0.0021165688388273818
2017-10-25,-0.004988737884484062
2017-10-26,0.0032521405137893034
2017-10-27,0.004333160875181319
2017-10-30,-0.0009710681524293108
2017-10-31,0.005868279375955465
2017-11-01,0.0076578714014639004
2017-11-02,-0.0037537154020939045
2017-11-03,0.004712056841300605
2017-11-06,-0.0018607138419916014
2017-11-07,0.0034106527729267366
2017-11-08,-0.0008486982224176209
2017-11-09,-0.009312395816071017
2017-11-10,0.014607584959055453
2017-11-13,-0.002709343938573916
2017-11-14,0.0004663989315818462
2017-11-15,-0.006662361080594259
2017-11-16,0.007646598775661317
2017-11-17,0.0069105586732185476
2017-11-20,0.002963262954758461
2017-11-21,0.006465593709241491
2017-11-22,0.003942455266775946
2017-11-24,0.002175279756819082
2017-11-27,-0.007440017499425022
2017-11-28,0.00214556438004454
2017-11-29,-0.0033226315499609305
2017-11-30,0.007198816860865209
2017-12-01,-0.006084099110512442
2017-12-04,0.004795050401607437
2017-12-05,-0.010716780825400174
2017-12-06,-0.0069168597394445586
2017-12-07,0.009609620281236575
2017-12-08,0.010658287901134544
2017-12-11,0.0025144020979492865
2017-12-12,-0.0053665385273186095
2017-12-13,0.006072687899144391
2017-12-14,0.0014070328047848246
2017-12-15,0.004745137759005313
2017-12-18,0.00953467593570112
2017-12-19,0.0014823617037826864
2017-12-20,0.01863274244226365
2017-12-21,-0.000605364795463248
2017-12-22,-0.004664066032261105
2017-12-26,-0.011000973548598414
2017-12-27,-0.0013074081302938412
2017-12-28,0.00468577061922737
2017-12-29,0.0018053044952597297
2018-01-02,0.0072946290217519305
2018-01-03,0.005104393389858242
2018-01-04,0.005964782664499513
2018-01-05,-0.003782155266801923
2018-01-08,-0.0027016787331320957
2018-01-09,-0.001392730612381654
2018-01-10,-0.005691023410679508
2018-01-11,0.0013376331321746093
2018-01-12,7.285136752965826e-06
2018-01-16,0.0020952210501361535
2018-01-17,0.0018188357003701139
2018-01-18,-0.000383217948611847
2018-01-19,-0.00012314069262397975
2018-01-22,-0.001595905482888904
2018-01-23,0.002040232493567329
2018-01-24,-0.0008768382947486053
2018-01-25,0.005999956253698979
2018-01-26,0.0012440973525718046
2018-01-29,-0.0022093609805539094
2018-01-30,-0.007069998865311455
2018-01-31,0.007350270542330284
2018-02-01,0.0
2018-02-02,0.0
2018-02-05,0.0
2018-02-06,0.0045553029429492575
2018-02-07,-0.002765135221197812
2018-02-08,0.0012973928759392184
2018-02-09,0.0060182837480426965
2018-02-12,0.003373931435293631
2018-02-13,-0.001228893683487109
2018-02-14,-0.003987569441860517
2018-02-15,0.0019611228688145577
2018-02-16,-0.001181469943769331
2018-02-20,-0.00128257459094272
2018-02-21,0.0022576639900269146
2018-02-22,0.001473454456065948
2018-02-23,0.005452088824611234
2018-02-26,0.0026957913457352767
2018-02-27,-0.0018136470899920987
2018-02-28,0.001718885282668392
2018-03-01,-0.00034845986217213465
2018-03-02,-0.017898628679925976
2018-03-05,-0.007028816901049062
2018-03-06,0.017501400301245473
2018-03-07,-0.01345679236563535
2018-03-08,0.00693834529997206
2018-03-09,0.007958321256796408
2018-03-12,0.015671337688834885
2018-03-13,0.02109285260886007
2018-03-14,0.002939669933991862
2018-03-15,0.000796543497365132
2018-03-16,0.009795785742554575
2018-03-19,-0.005974883481529303
2018-03-20,-8.508656537109527e-05
2018-03-21,0.0009488162714090809
2018-03-22,-0.012640949637556576
2018-03-23,-0.008935748447586489
2018-03-26,0.026510442520264466
2018-03-27,0.0016518793789157549
2018-03-28,-0.006769457826564462
2018-03-29,0.011529944999690844
2018-04-02,-0.011150064586003094
2018-04-03,0.01757086078939718
2018-04-04,-0.03197482180612765
2018-04-05,0.021544035316942933
2018-04-06,-0.01747965682217023
2018-04-09,0.01381874386996218
2018-04-10,0.023759724626506662
2018-04-11,0.00813721922092392
2018-04-12,0.01392217876460089
2018-04-13,0.01092986126292339
2018-04-16,0.012315985568907672
2018-04-17,0.03871507394242468
2018-04-18,0.0
2018-04-19,0.0
2018-04-20,0.0
2018-04-23,0.01057502452287995
2018-04-24,0.008716777152257382
2018-04-25,-0.0019095312562709132
2018-04-26,0.01785599822307593
2018-04-27,0.054439869096856164
2018-04-30,0.0
2018-05-01,0.0
2018-05-02,0.0
2018-05-03,0.00020880882463836237
2018-05-04,-0.003298024656121168
2018-05-07,0.008220914572134363
2018-05-08,0.00015386545135465113
2018-05-09,0.0020293837152727257
2018-05-10,0.0060907931687939065
2018-05-11,-0.009412163434614595
2018-05-14,0.007420051957191198
2018-05-15,-0.0008202366900841307
2018-05-16,0.004395060932624206
2018-05-17,-0.0025698049543079193
2018-05-18,-0.0014174518365651645
2018-05-21,0.017580946388211505
2018-05-22,0.015261265059146378
2018-05-23,-0.00363007181577768
2018-05-24,0.0007768457631660564
2018-05-25,-0.0019849706569583514
2018-05-29,-0.0013147098912402733
2018-05-30,0.007207293873150888
2018-05-31,-0.01737536049249999
2018-06-01,0.009199688491540181
2018-06-04,-0.004968773018056316
2018-06-05,0.004984612312191938
2018-06-06,0.0005138173687582182
2018-06-07,0.0032696516730505998
2018-06-08,-0.007941349506001005
2018-06-11,0.0028074522014931436
2018-06-12,0.0042041496406384216
2018-06-13,0.001244955524928093
2018-06-14,0.0061589785239166694
2018-06-15,-0.005500769524823035
2018-06-18,-0.007261500150508637
2018-06-19,-0.005969983726603956
2018-06-20,0.014232419819023567
2018-06-21,0.018399527274405747
2018-06-22,0.00802426843148818
2018-06-25,-0.014834567789110187
2018-06-26,0.015267012326413365
2018-06-27,0.01077194280997773
2018-06-28,0.003446629786043154
2018-06-29,0.007071446668011516
2018-07-02,-0.010972730910653539
2018-07-03,0.005807985272961114
2018-07-05,0.009087101762359051
2018-07-06,-0.002290386684481893
2018-07-09,0.015911331436450515
2018-07-10,-0.002187334861413759
2018-07-11,-0.009177929891989067
2018-07-12,0.0002941889042502588
2018-07-13,-0.0016603297073156664
2018-07-16,0.007844546945856345
2018-07-17,-0.0659747323923997
2018-07-18,0.00413478613279894
2018-07-19,-0.011870859324175642
2018-07-20,0.005241082436235223
2018-07-23,-0.003677436267588541
2018-07-24,0.017091693233155514
2018-07-25,0.0009341868221688365
2018-07-26,-0.010617021130721938
2018-07-27,0.03407670729401202
2018-07-30,0.001632257544457616
2018-07-31,-0.002360015914330882
2018-08-01,0.00031045321507927603
2018-08-02,-0.004059753475277761
2018-08-03,0.0007413106429561278
2018-08-06,0.001052058300434533
2018-08-07,0.0015837195344972077
2018-08-08,-0.0012961202169246011
2018-08-09,-0.0021459702743348297
2018-08-10,-0.0015001002218825166
2018-08-13,0.0014288566766704758
2018-08-14,0.003012697477834836
2018-08-15,-0.0034563506870015637
2018-08-16,0.0035834006958002096
2018-08-17,-0.004358529695896118
2018-08-20,0.001172382364868163
2018-08-21,0.0025729617774943314
2018-08-22,0.0002888544548735883
2018-08-23,0.0018422575895098436
2018-08-24,0.005861299219007687
2018-08-27,0.0095508575467107
2018-08-28,0.003059996442031032
2018-08-29,-0.006545093014181824
2018-08-30,6.017677475878003e-05
2018-08-31,-0.00034135967214543594
2018-09-04,0.0032188592696724694
2018-09-05,-0.0022617936980353637
2018-09-06,-0.004606720462641323
2018-09-07,-0.0011709975679596862
2018-09-10,0.002960009092390914
2018-09-11,-0.007370970725816273
2018-09-12,-0.01135028669035043
2018-09-13,0.006517718054840138
2018-09-14,0.006250722500955375
2018-09-17,-0.002675400219737112
2018-09-18,0.0021009368588857935
2018-09-19,0.0011110075947597942
2018-09-20,0.0005274969322461853
2018-09-21,-0.005160186213742146
2018-09-24,-0.003223401108202628
2018-09-25,0.0018563423055861783
2018-09-26,-0.002085773274558278
2018-09-27,0.0007182613596634635
2018-09-28,0.002306526460274183
2018-10-01,0.003697956226778931
2018-10-02,-0.011988354178152916
2018-10-03,0.004180422997821065
2018-10-04,-0.008037720432567563
2018-10-05,0.007135918602811042
2018-10-08,-0.014694555161454237
2018-10-09,-0.005946877998499356
2018-10-10,-0.002527527946036612
2018-10-11,-0.015607113629151681
2018-10-12,0.05576702371205977
2018-10-15,0.0
2018-10-16,0.0
2018-10-17,0.0
2018-10-18,-0.006368037623998957
2018-10-19,0.010018822136673045
2018-10-22,0.01623709005673324
2018-10-23,-0.02702263168805219
2018-10-24,0.001268094873355885
2018-10-25,-0.03641652004424356
2018-10-26,-0.050889905543119784
2018-10-29,0.01461289539336752
2018-10-30,-0.028826910326373634
2018-10-31,0.026149273907072335
2018-11-01,0.0131964798852644
2018-11-02,-0.0015762898443563156
2018-11-05,-0.002109521604892528
2018-11-06,-0.001089421460102158
2018-11-07,0.0070346974737707235
2018-11-08,-0.004997651127984781
2018-11-09,-0.008679462838777074
2018-11-12,-0.010525476427824976
2018-11-13,0.007003214885564546
2018-11-14,0.013357897589682866
2018-11-15,0.0016120624766096103
2018-11-16,-0.05505117687007244
2018-11-19,-0.0003778948385443348
2018-11-20,-0.009737592595514988
2018-11-21,0.0034011689913482357
2018-11-23,0.007459220231460062
2018-11-26,-0.012752367405608145
2018-11-27,0.004502138066626582
2018-11-28,0.0047467700181165196
2018-11-29,0.002241179416810679
2018-11-30,-0.001051750214657421
2018-12-03,0.006002542409980327
2018-12-04,0.00466314159980219
2018-12-06,0.01826169729853211
2018-12-07,0.004277314200421545
2018-12-10,-0.004126955982821534
2018-12-11,-0.0026881934041929068
2018-12-12,-0.008793852729069407
2018-12-13,0.0010268111466769092
2018-12-14,0.004053115420313169
2018-12-17,0.0007316807869139907
2018-12-18,-0.0006464386890162599
2018-12-19,-0.009002612819726696
2018-12-20,0.0028355042387107066
2018-12-21,0.0005127364028965076
2018-12-24,-0.002246284153179401
2018-12-26,-0.003399169150678838
2018-12-27,0.003980541541503069
2018-12-28,-0.0021964620514954847
2018-12-31,-0.0021975750745905076
2019-01-02,0.00800560707741571
2019-01-03,0.0015115384086712425
2019-01-04,-0.004930172008481226
2019-01-07,0.006529109435548186
2019-01-08,9.939617250998012e-05
2019-01-09,0.006297706270447012
2019-01-10,0.004517029728134503
2019-01-11,0.0019569419667477828
2019-01-14,-0.0013539781751821245
2019-01-15,0.0005407830148369541
2019-01-16,0.0008458051443294146
2019-01-17,-0.0009176862943974795
2019-01-18,-9.771875345832015e-05
2019-01-22,0.0014122589610492398
2019-01-23,0.0007678674737314761
2019-01-24,0.008258652352310714
2019-01-25,-0.005449273820311018
2019-01-28,-0.035924370624548785
2019-01-29,-0.002817000428213756
2019-01-30,0.0005327757422532997
2019-01-31,-0.007727810896272946
2019-02-01,0.0068248270009541034
2019-02-04,-0.0007049319941302423
2019-02-05,-0.0009767870825410085
2019-02-06,-0.0005483983695399042
2019-02-07,0.007669347756386502
2019-02-08,0.0076562031904270356
2019-02-11,-0.0018548322937743666
2019-02-12,-0.005179367019552017
2019-02-13,-0.0038376213592477004
2019-02-14,0.0028065769639935567
2019-02-15,-0.005151154131194824
2019-02-19,0.00252157971962097
2019-02-20,-0.0006827700035375583
2019-02-21,0.0027583013834842074
2019-02-22,-0.0008146200456499164
2019-02-25,-0.006284742156386414
2019-02-26,0.0026297556765424446
2019-02-27,0.004337155949840854
2019-02-28,0.0025936044659218283
2019-03-01,-0.005208520038693321
2019-03-04,-0.00443822750195022
2019-03-05,0.00037156059306409084
2019-03-06,0.0005430464635802768
2019-03-07,-0.0003433318402481511
2019-03-08,-0.0020746659312499416
2019-03-11,0.0011902148143116964
2019-03-12,0.000804800361923208
2019-03-13,-0.0023930451617431014
2019-03-14,0.00012323104836320375
2019-03-15,0.00022416706579275747
2019-03-18,0.0005368280543749382
2019-03-19,0.0005168892046902851
2019-03-20,2.1418092513769693e-05
2019-03-21,-0.0004800115459004939
2019-03-22,-0.00045748708139914385
2019-03-25,-0.00037737757370870373
2019-03-26,0.000957783828546388
2019-03-27,-0.00013165115792479476
2019-03-28,0.0003360669020693319
2019-03-29,0.0011286329917472582
2019-04-01,0.0013716378830683773
2019-04-02,0.00010799993945309616
2019-04-03,0.0004292735435391659
2019-04-04,-5.38841171243698e-05
2019-04-05,0.000380735350832051
2019-04-08,-0.00010797115740390772
2019-04-09,-0.0006878807780730245
2019-04-10,0.0001500958977977973
2019-04-11,0.00012836646453906475
2019-04-12,0.0003276702051580038
2019-04-15,-9.996191756522776e-05
2019-04-16,8.293088369115686e-05
2019-04-17,0.00018817549566430003
2019-04-18,0.00015817794294936682
2019-04-22,-8.61179016351521e-05
2019-04-23,0.0011956015270144782
2019-04-24,0.00015547614168376356
2019-04-25,0.0005501349845336012
2019-04-26,5.006553684805404e-05
2019-04-29,0.00012472136889751795
2019-04-30,-5.005070304209269e-06
2019-05-01,0.0003160360339256041
2019-05-02,0.0008546767285781964
2019-05-03,0.00024464221954523246
2019-05-06,-0.011115399004997362
2019-05-07,-0.001915640188462131
2019-05-08,-0.002697442109460102
2019-05-09,-0.003275763193768655
2019-05-10,-0.0012432872586256583
2019-05-13,-0.00791149486438647
2019-05-14,0.0022532748834254157
2019-05-15,-0.003643083989706475
2019-05-16,-0.0018167173055405605
2019-05-17,-0.0028878069664564077
2019-05-20,-0.004998495161751881
2019-05-21,0.0044518297501827675
2019-05-22,-0.0022005562055682493
2019-05-23,-0.003881773033807545
2019-05-24,0.002198180201805622
2019-05-28,0.006729577058544045
2019-05-29,-0.0006763067572648218
2019-05-30,0.0027214915247717464
2019-05-31,-0.004651645787398406
2019-06-03,0.011098541823742814
2019-06-04,0.0
2019-06-05,0.0
2019-06-06,0.0
2019-06-07,0.001169286731060204
2019-06-10,0.005619720442866738
2019-06-11,0.008925922838526779
2019-06-12,-0.005219322517670211
2019-06-13,0.0020677057725655423
2019-06-14,-0.014480880923132822
2019-06-17,-0.0007558402172034295
2019-06-18,0.0051392081780503585
2019-06-19,0.0029324156013137426
2019-06-20,0.008227149976600678
2019-06-21,-0.0017337069650672499
2019-06-24,0.001402241512514113
2019-06-25,0.0006151841895321031
2019-06-26,0.014616483405439418
2019-06-27,0.0
2019-06-28,0.0
2019-07-01,0.0
2019-07-02,-0.002076965426412225
2019-07-03,-0.0005571526666637849
2019-07-05,-0.0029030145634143523
2019-07-08,0.001990581883002829
2019-07-09,-0.0023131359325796463
2019-07-10,0.0030842119875478247
2019-07-11,0.0011604127806652542
2019-07-12,-0.0019074860867573928
2019-07-15,0.0010913822170177667
2019-07-16,-0.0007825698710829387
2019-07-17,0.0010191253160554137
2019-07-18,-0.0036843003025973653
2019-07-19,0.0010339823961287298
2019-07-22,0.0024188651199608113
2019-07-23,0.0019128138253488025
2019-07-24,0.0008926953843901853
2019-07-25,-0.0017052510880372074
2019-07-26,0.003511331924706873
2019-07-29,0.0006578655996114513
2019-07-30,-0.0018414205211455537
2019-07-31,-0.009125573593131597
2019-08-01,0.0002634566383110659
2019-08-02,-0.0025696788632215695
2019-08-05,-0.008242770241017827
2019-08-06,0.005939810071225127
2019-08-07,-0.002874445532686676
2019-08-08,0.015394980484806586
2019-08-09,0.0
2019-08-12,0.0
2019-08-13,0.0
2019-08-14,-0.0089995705421273
2019-08-15,0.003213577981507232
2019-08-16,0.0056128830156843
2019-08-19,0.006904020445412273
2019-08-20,-0.004588717164313749
2019-08-21,0.003123025442008487
2019-08-22,0.0007669417657412136
2019-08-23,-0.005208818566288631
2019-08-26,0.007279017193017934
2019-08-27,0.0030410757707766134
2019-08-28,-0.0027183731022315527
2019-08-29,0.0064374764313459565
2019-08-30,0.001434883889930072
2019-09-03,-0.005304631241019542
2019-09-04,0.0037992474740735638
2019-09-05,0.007014202671731251
2019-09-06,-0.00025639919493014585
2019-09-09,0.0029860463190369835
2019-09-10,-0.002336077381941304
2019-09-11,-0.00275600996310843
2019-09-12,0.0022843777780945373
2019-09-13,0.0002442927896253444
2019-09-16,-0.0021649564496540874
2019-09-17,0.0015204626378224617
2019-09-18,-0.0012616451256198813
2019-09-19,0.0009191672428783271
2019-09-20,0.0005280410457815243
2019-09-23,0.000134552817641298
2019-09-24,0.0001763264592797853
2019-09-25,-0.00045753978029028364
2019-09-26,0.0008785346899440327
2019-09-27,-0.001534750853745881
2019-09-30,0.0008733799755753502
2019-10-01,0.0004351837763243438
2019-10-02,-0.000432781378463476
2019-10-03,0.0001589976495119938
2019-10-04,0.0004704998130944382
2019-10-07,-6.507275693234948e-05
2019-10-08,-0.0007704510104152851
2019-10-09,0.0010452530500886237
2019-10-10,0.00032973147531212277
2019-10-11,0.0011149400899126416
2019-10-14,-0.0002448707835559505
2019-10-15,0.0002175651631746156
2019-10-16,-0.0006522995900074546
2019-10-17,0.0006751395237498681
2019-10-18,-4.722855981265095e-05
2019-10-21,0.0006714237625189412
2019-10-22,1.444315548271291e-06
2019-10-23,-0.0008946924275272661
2019-10-24,0.0007974241883905719
2019-10-25,-0.00024492778647355884
2019-10-28,0.0006851882138532162
2019-10-29,0.0017125844263428114
2019-10-30,-6.902482953297095e-05
2019-10-31,-0.00029750140384376955
2019-11-01,0.0010773428112906824
2019-11-04,0.0020326285316061288
2019-11-05,0.001500279141626315
2019-11-06,-0.0009259509463689364
2019-11-07,0.003740697834326623
2019-11-08,-0.0018734217613470827
2019-11-11,-0.002481770176212872
2019-11-12,0.0015527903730694348
2019-11-13,-0.0004972087324521812
2019-11-14,-0.0002696369965897727
2019-11-15,0.004548268327700278
2019-11-18,0.00024378540387925973
2019-11-19,0.001836696689339501
2019-11-20,-0.0021310657477812134
2019-11-21,-0.0049809526567019535
2019-11-22,-0.0006321154343795765
2019-11-25,0.0028782577426782474
2019-11-26,-0.0031349059328746876
2019-11-27,0.0034520722886748345
2019-11-29,-0.0020171428166274596
2019-12-02,0.0010367805578479494
2019-12-03,-0.009919339405215721
2019-12-04,0.005482254911840734
2019-12-05,0.0017774386501836492
2019-12-06,0.004493003303282839
2019-12-09,-0.0012672037431489258
2019-12-10,0.002321260538102221
2019-12-11,0.0008318817965264902
2019-12-12,-0.0010714093532918634
2019-12-13,8.818789649267522e-05
2019-12-16,0.005170732037706571
2019-12-17,0.0029721539677034503
2019-12-18,0.0011718913861067382
2019-12-19,0.0054921988169780445
2019-12-20,0.003576071560352334
2019-12-23,0.0014423172686344188
2019-12-24,-0.00021752233004479482
2019-12-26,0.00026563709796767476
2019-12-27,0.0009462134265978417
2019-12-30,-0.001475712877285651
2019-12-31,-0.001986062432481228
2020-01-02,0.005874589701925448
2020-01-03,-0.006152147890659987
2020-01-06,-0.0037634334544492942
2020-01-07,0.005437861647771491
2020-01-08,-0.0018337687329713637
2020-01-09,0.006286503790597919
2020-01-10,0.0016767824330168324
2020-01-13,0.0028947792498503766
2020-01-14,-0.00035675499096754493
2020-01-15,-0.00012621722306160876
2020-01-16,0.003796597416427794
2020-01-17,0.0023307800902245823
2020-01-21,9.402839853756007e-05
2020-01-22,0.00344456049375208
2020-01-23,-0.00036025723140864496
2020-01-24,0.0034523667283858916
2020-01-27,-0.011112911586984131
2020-01-28,0.0047890485052835
2020-01-29,-0.013601785327054472
2020-01-30,-0.003055523492743739
2020-01-31,-0.0030435482394369773
2020-02-03,-0.00311712804572406
2020-02-04,0.09637417917330815
2020-02-05,0.0
2020-02-06,0.0
2020-02-07,0.0
2020-02-10,0.04470657385929244
2020-02-11,0.0
2020-02-12,0.0
2020-02-13,0.0
2020-02-14,-0.010535420497549963
2020-02-18,0.03014609485373776
2020-02-19,0.057018806125223254
2020-02-20,0.0
2020-02-21,0.0
2020-02-24,0.0
2020-02-25,0.023523516662902866
2020-02-26,-0.01322646967970198
2020-02-27,-0.05482223241930573
2020-02-28,-0.06539596823319771
2020-03-02,0.05572576847139077
2020-03-03,0.0
2020-03-04,0.0
2020-03-05,0.0
2020-03-06,0.0
2020-03-09,0.0
2020-03-10,0.0
2020-03-11,0.0
2020-03-12,0.0
2020-03-13,0.0
2020-03-16,0.0
2020-03-17,0.0
2020-03-18,0.0
2020-03-19,0.0
2020-03-20,0.0
2020-03-23,0.0
2020-03-24,0.0
2020-03-25,-0.004544099304357507
2020-03-26,-0.0080307108612796
2020-03-27,0.021873831479380268
2020-03-30,-0.00828853714653266
2020-03-31,0.0018905616359483624
2020-04-01,0.02681924590321194
2020-04-02,0.005180647031476804
2020-04-03,-0.00010838797325030125
2020-04-06,-0.0042861243639222835
2020-04-07,-0.027076906794435196
2020-04-08,-0.008697685517478848
2020-04-09,-0.0077685861318195215
2020-04-13,-0.004902926040698863
2020-04-14,-0.004093466150611125
2020-04-15,-0.0033868488559792853
2020-04-16,0.004099511384962007
2020-04-17,-0.0005099097553449283
2020-04-20,-0.006324059623706968
2020-04-21,-0.0010069359529131239
2020-04-22,0.00045639041957379334
2020-04-23,-0.003421823604999208
2020-04-24,-0.0018111990996781957
2020-04-27,-0.00928510661669324
2020-04-28,0.012162570300913611
2020-04-29,0.012105152828255195
2020-04-30,-0.0042917846040329
2020-05-01,-0.014964520770746281
2020-05-04,0.0
2020-05-05,0.0
2020-05-06,0.0
2020-05-07,0.0
2020-05-08,0.0
2020-05-11,0.0
2020-05-12,0.0
2020-05-13,0.0
2020-05-14,0.0
2020-05-15,0.0
2020-05-18,0.0
2020-05-19,0.0
2020-05-20,0.0
2020-05-21,0.0
2020-05-22,0.0
2020-05-26,0.0
2020-05-27,0.0
2020-05-28,0.0
2020-05-29,0.0
2020-06-01,0.0
2020-06-02,-0.004092512902838408
2020-06-03,0.0051093547187532895
2020-06-04,0.002305307844324256
2020-06-05,0.013880896418964506
2020-06-08,0.023652369571993015
2020-06-09,-0.007339573823160639
2020-06-10,0.04738869025275427
2020-06-11,0.0
2020-06-12,0.0
2020-06-15,0.0
2020-06-16,0.02209135428313047
2020-06-17,0.007710332344164517
2020-06-18,0.007419313300184305
2020-06-19,0.008782796826278805
2020-06-22,0.00320761322275942
2020-06-23,0.005502246047684123
2020-06-24,-0.004209998508586832
2020-06-25,0.0011946176379380447
2020-06-26,0.005982724430563691
2020-06-29,0.007199325292839731
2020-06-30,0.0060185189474724066
2020-07-01,0.002872547704349415
2020-07-02,0.06561953235063145
2020-07-06,0.0
2020-07-07,0.0
2020-07-08,0.0
2020-07-09,0.02145545998866072
2020-07-10,0.0030484291072483405
2020-07-13,0.05375622258594026
2020-07-14,0.0
2020-07-15,0.0
2020-07-16,0.0
2020-07-17,0.008460437831363077
2020-07-20,0.010421764492230645
2020-07-21,-0.0009058074684805684
2020-07-22,0.014208815912459594
2020-07-23,0.03629501376328936
2020-07-24,0.0
2020-07-27,0.0
2020-07-28,0.0
2020-07-29,0.015929195200559798
2020-07-30,-0.007437547738796568
2020-07-31,0.01196649128943128
2020-08-03,0.011711429339356982
2020-08-04,0.0008945268662681194
2020-08-05,0.0004214998993099517
2020-08-06,0.0010513718336890854
2020-08-07,0.0006122718647993963
2020-08-10,0.002791640165349607
2020-08-11,-0.002753386374771516
2020-08-12,0.0034153122036013617
2020-08-13,0.002559755692440824
2020-08-14,0.0020370739587887154
2020-08-17,0.006555811521444133
2020-08-18,0.0026673495577915762
2020-08-19,0.0008211814294294406
2020-08-20,-0.004093659688376827
2020-08-21,0.0013553047752969949
2020-08-24,0.005806704296939635
2020-08-25,-0.0025907303699920226
2020-08-26,0.0016891747868059692
2020-08-27,0.0003030099277476772
2020-08-28,0.0017853058260051125
2020-08-31,0.0008693051408104058
2020-09-01,0.00347034090862941
2020-09-02,0.03157329017424981
2020-09-03,0.0
2020-09-04,0.0
2020-09-08,0.0
2020-09-09,0.026149663908563214
2020-09-10,0.0
2020-09-11,0.0
2020-09-14,0.0
2020-09-15,0.014832626593310083
2020-09-16,-9.644742122061345e-05
2020-09-17,-0.020862034873284863
2020-09-18,0.006832716762666058
2020-09-21,-0.013249253189205557
2020-09-22,0.0038463413914053834
2020-09-23,-0.0034882283829598126
2020-09-24,-0.0029546921909355817
2020-09-25,0.005870136910216761
2020-09-28,0.01075445863579394
2020-09-29,-0.004719616890437206
2020-09-30,-0.0031114245559040743
2020-10-01,0.013646588945931626
2020-10-02,-0.019153442842640866
2020-10-05,0.00837019401830208
2020-10-06,0.007664592731616793
2020-10-07,0.011146226507355417
2020-10-08,0.005187014141640134
2020-10-09,-0.0026258470634450415
2020-10-12,0.009701030628442853
2020-10-13,0.0026809648603773883
2020-10-14,0.002353159483985401
2020-10-15,-0.011485462140605862
2020-10-16,0.003153786450136531
2020-10-19,0.0029976642661388997
2020-10-20,0.0031557204950125595
2020-10-21,6.325228021886176e-05
2020-10-22,-0.0002971334682878579
2020-10-23,0.002647341149183191
2020-10-26,-0.004572986038013038
2020-10-27,0.004266315340276439
2020-10-28,-0.006041109673230127
2020-10-29,0.005244160877913462
2020-10-30,-0.004392227571083596
2020-11-02,0.0031021784952718345
2020-11-03,0.0030586773749132767
2020-11-04,0.00947400506106666
2020-11-05,0.014150739970293591
2020-11-06,0.0
2020-11-09,0.0
2020-11-10,0.0
2020-11-11,0.007958156544100925
2020-11-12,0.0013505499765547047
2020-11-13,0.0044933521766181705
2020-11-16,-0.002369957239785503
2020-11-17,0.001031248497924686
2020-11-18,0.0011448137561285154
2020-11-19,-0.004131602855492966
2020-11-20,0.00066431592525662
2020-11-23,0.0005679037460817327
2020-11-24,5.959797182741866e-05
2020-11-25,0.0018449575582961675
2020-11-27,0.0036155003077842363
2020-11-30,0.0009421490666334797
2020-12-01,0.002657607750950808
2020-12-02,-0.00118443755440778
2020-12-03,0.000845968057071822
2020-12-04,0.0005550793223341177
2020-12-07,0.0007482853150013735
2020-12-08,-0.0003913582837495877
2020-12-09,-0.00013208264792474722
2020-12-10,-0.0010830640727496066
2020-12-11,-0.0026986011323835157
2020-12-14,0.0006128679696060235
2020-12-15,0.0012421062354166512
2020-12-16,0.0002545102213447059
2020-12-17,0.0008034320977490239
2020-12-18,0.0008160195229600653
2020-12-21,-0.0017084738133303912
2020-12-22,0.0001488450574880229
2020-12-23,0.0006605156333592266
2020-12-24,0.0006428125324371425
2020-12-28,0.001292601980468877
2020-12-29,0.0007947089719675393
2020-12-30,0.0004332475864030627
2020-12-31,0.0003791024817489941
2021-01-04,0.0005676634110562961
2021-01-05,-0.0006134814507052777
2021-01-06,-0.0018448235775647692
2021-01-07,0.002040688521832257
2021-01-08,0.0028018283216890705
2021-01-11,-0.0019198902315451516
2021-01-12,0.0013152758887735594
2021-01-13,-0.0007807283096112894
2021-01-14,0.0005718893771249345
2021-01-15,0.0031972545795324603
2021-01-19,0.003636457824723882
2021-01-20,0.0
2021-01-21,0.0
2021-01-22,0.0
2021-01-25,0.004903964263549998
2021-01-26,0.0
2021-01-27,0.0
2021-01-28,0.0
2021-01-29,0.004549794507712646
2021-02-01,0.0016028096493043709
2021-02-02,0.001960215828829215
2021-02-03,0.0018059037583113557
2021-02-04,-0.002904082949553466
2021-02-05,0.001166855117420873
2021-02-08,0.0017520029287958483
2021-02-09,-0.00027541173651668416
2021-02-10,0.0011696418568847289
2021-02-11,0.0011204934048407722
2021-02-12,-9.104733889853112e-05
2021-02-16,0.0012818558593423734
2021-02-17,-0.0016106081129074745
2021-02-18,-0.0019353324859997523
2021-02-19,0.0006976182703226641
2021-02-22,-0.0023677997610678236
2021-02-23,-0.0038993095287755963
2021-02-24,-0.0006881754062991741
2021-02-25,-0.0013501734704179924
2021-02-26,0.0016570895876553138
2021-03-01,0.0028141020458101185
2021-03-02,-0.0010999621136307258
2021-03-03,5.5211394429433014e-05
2021-03-04,-0.0003835281211252983
2021-03-05,0.004552019814960895
2021-03-08,0.0
2021-03-09,0.0
2021-03-10,0.0
2021-03-11,0.004864654703328197
2021-03-12,0.0
2021-03-15,0.0
2021-03-16,0.0
2021-03-17,-0.0014998666129514282
2021-03-18,-0.0032355942503788926
2021-03-19,0.0007795676714748012
2021-03-22,0.0031234450665389435
2021-03-23,-0.00011246053580005189
2021-03-24,0.005137091936642912
2021-03-25,-0.003788369415417936
2021-03-26,0.00016229514966137337
2021-03-29,-0.0013073707739806872
2021-03-30,-0.0008495523799381122
2021-03-31,0.0030110336080788613
2021-04-01,0.008322030180548001
2021-04-05,0.0
2021-04-06,0.0
2021-04-07,0.0
2021-04-08,0.0021966203426342368
2021-04-09,-0.0018939828132885639
2021-04-12,-0.0009337288111288533
2021-04-13,0.0017920673496771844
2021-04-14,-0.0009494169972374955
2021-04-15,0.002461129737093115
2021-04-16,-0.00034035215109418093
2021-04-19,-0.00023865173059589573
2021-04-20,-0.000959051802871258
2021-04-21,0.00041983292203684464
2021-04-22,-0.0014013876362898303
2021-04-23,0.0016700556153776969
2021-04-26,0.0005037851516678238
2021-04-27,0.0020207879075644364
2021-04-28,-0.0019347120541952645
2021-04-29,0.002677599825223309
2021-04-30,-0.003141091978738464
2021-05-03,0.0014455054298081471
2021-05-04,-0.0028460235723067884
2021-05-05,0.0027127882435229456
2021-05-06,-0.000571831649012311
2021-05-07,0.0012473894496012328
2021-05-10,-0.001485883139670463
2021-05-11,-0.0036385132170139167
2021-05-12,-0.0036237529217341136
2021-05-13,0.003510659671968508
2021-05-14,0.0
2021-05-17,0.0
2021-05-18,0.0
2021-05-19,-0.003969932920001584
2021-05-20,0.0014716283903923877
2021-05-21,-0.000589587841254291
2021-05-24,0.0019376935810928586
2021-05-25,0.0019435553017241869
2021-05-26,0.0002539431870722808
2021-05-27,-0.0009589517080499377
2021-05-28,0.0014607969862885373
2021-06-01,0.0013752831984119585
2021-06-02,-0.0002290076999731383
2021-06-03,-0.001416621019696307
2021-06-04,0.0009325945243829903
2021-06-07,-0.00022594969171907398
2021-06-08,0.001092293133018618
2021-06-09,0.0006492422897976802
2021-06-10,0.0007339957038339229
2021-06-11,-2.8166760705161664e-05
2021-06-14,0.00012792639717917886
2021-06-15,-0.00011369730199328743
2021-06-16,0.0005318846217068351
2021-06-17,-0.00027647518958029416
2021-06-18,-0.0013924935977854824
2021-06-21,0.00015844586806079697
2021-06-22,-0.00019914311035162946
2021-06-23,0.0001804062124124428
2021-06-24,0.0008527100703645818
2021-06-25,0.00030396295411283525
2021-06-28,0.001214080700442599
2021-06-29,-0.000260031574457531
2021-06-30,-8.32432336372868e-06
2021-07-01,-0.00022980159027441438
2021-07-02,0.0011828156007911428
2021-07-06,0.0003770897801356199
2021-07-07,0.001060971409634126
2021-07-08,-0.002196543674040763
2021-07-09,0.00039025243505941276
2021-07-12,0.0008328911887653945
2021-07-13,-0.00047511021331880787
2021-07-14,0.0012981206388107402
2021-07-15,-0.0011270480407822303
2021-07-16,0.0004817838539559194
2021-07-19,-0.0018141196043194308
2021-07-20,0.00047548358073568053
2021-07-21,0.0002878871998794885
2021-07-22,-0.0007961359557201453
2021-07-23,0.0007215306511090258
2021-07-26,-5.371375874152484e-05
2021-07-27,-0.0007585003282207792
2021-07-28,0.0004468598983726757
2021-07-29,-0.0016189481294756058
2021-07-30,-0.0009742773453684794
2021-08-02,0.0012300107415805783
2021-08-03,9.187499260487897e-06
2021-08-04,0.003917224749160342
2021-08-05,0.004595444744787791
2021-08-06,-0.0024900294297802716
2021-08-09,0.0018288709629683542
2021-08-10,0.0009553113465652352
2021-08-11,0.0018886321207169932
2021-08-12,0.001791409914219555
2021-08-13,-9.268260813721785e-05
2021-08-16,-0.0009302166411848667
2021-08-17,-0.004091368538891915
2021-08-18,0.00047249475257182816
2021-08-19,0.004211689713695677
2021-08-20,0.0025385643274495884
2021-08-23,0.002378435232742726
2021-08-24,-0.0026718190083624416
2021-08-25,-0.0005712026360573663
2021-08-26,-0.00018524365210115246
2021-08-27,0.0019366364143662551
2021-08-30,0.0033429448172432874
2021-08-31,0.00041467211320611597
2021-09-01,0.0018136670330022309
2021-09-02,0.001411905897308996
2021-09-03,-0.0013725585099368942
2021-09-07,6.621889769098388e-05
2021-09-08,-0.0023556052170394803
2021-09-09,-0.0004188426011170199
2021-09-10,0.0032500645430639796
2021-09-13,0.00354035840251421
2021-09-14,0.0027008234968937117
2021-09-15,0.0011049489236756305
2021-09-16,-0.0028748213157921976
2021-09-17,0.0005159940397074791
2021-09-20,-0.012540761233094222
2021-09-21,0.005269525990925006
2021-09-22,0.0017975637413201184
2021-09-23,0.003095270916543713
2021-09-24,-0.005685595303157709
2021-09-27,-0.005676236774656007
2021-09-28,-0.007235097922188571
2021-09-29,0.0032704981597735383
2021-09-30,0.003337581373376697
2021-10-01,0.0004945692538151913
2021-10-04,-0.0033556302942850946
2021-10-05,0.0030933146740950157
2021-10-06,-0.004669792850019672
2021-10-07,0.005309298606692492
2021-10-08,0.0004320086490594566
2021-10-11,-0.003498382259258692
2021-10-12,0.001961403605839074
2021-10-13,0.0035276091449851776
2021-10-14,0.004888176446088188
2021-10-15,0.0008869616285371862
2021-10-18,-0.0013405246406057447
2021-10-19,0.000938618496316046
2021-10-20,0.00034689936393639265
2021-10-21,-8.26034362271244e-05
2021-10-22,0.0016377613326421514
2021-10-25,0.002832404374565556
2021-10-26,0.009405498035357507
2021-10-27,0.0
2021-10-28,0.0
2021-10-29,0.0
2021-11-01,0.0010707040222701636
2021-11-02,9.792315603718293e-05
2021-11-03,0.0033186779254321674
2021-11-04,0.007190709984476573
2021-11-05,0.004566743784900851
2021-11-08,0.005602542647088482
2021-11-09,0.02219749472290755
2021-11-10,0.0
2021-11-11,0.0
2021-11-12,0.0
2021-11-15,0.0032043497690756872
2021-11-16,-0.004813619954979753
2021-11-17,0.0038279420891367266
2021-11-18,0.05867225388867037
2021-11-19,0.0
2021-11-22,0.0
2021-11-23,0.0
2021-11-24,-0.006622957799387819
2021-11-26,-0.0014670044231185342
2021-11-29,0.01912628653297843
2021-11-30,-0.005705979651904669
2021-12-01,0.013983259520113256
2021-12-02,-0.009186005898013772
2021-12-03,0.0007089310227679224
2021-12-06,-0.025994275478523843
2021-12-07,0.035082133527962744
2021-12-08,0.0
2021-12-09,0.0
2021-12-10,0.0
2021-12-13,0.00044516952241546726
2021-12-14,-0.01547522340690588
2021-12-15,0.00040370018010027486
2021-12-16,0.01642256503443429
2021-12-17,-0.015275732073822268
2021-12-20,-0.01667939645101968
2021-12-21,0.022154783731906713
2021-12-22,-0.008243811725921035
2021-12-23,0.008202829685311608
2021-12-27,0.003866429587742415
2021-12-28,0.011553037570541935
2021-12-29,-0.0018516469384929346
2021-12-30,-0.0058505031874009905
2021-12-31,0.004408728161308995
2022-01-03,0.012010963362714122
2022-01-04,0.003907814976125801
2022-01-05,-0.008114136048116505
2022-01-06,0.00018357257395451576
2022-01-07,-0.0007297650317922288
2022-01-10,-0.015034610251933422
2022-01-11,-0.002033327222586312
2022-01-12,0.005741757409700066
2022-01-13,0.008540449494957247
2022-01-14,-0.006034373676594873
2022-01-18,-0.015125496423788798
2022-01-19,0.0037812812342761237
2022-01-20,0.004696817950844201
2022-01-21,-0.012386536091635869
2022-01-24,-0.020443083521247685
2022-01-25,-0.017959263192472097
2022-01-26,0.02181395604367431
2022-01-27,0.0
2022-01-28,0.0
2022-01-31,0.0
2022-02-01,0.014974670575204962
2022-02-02,0.025414285112437263
2022-02-03,-0.03644475550284587
2022-02-04,0.005204893577193781
2022-02-07,0.0024474255969897385
2022-02-08,-0.010088481949607209
2022-02-09,0.021737948639435345
2022-02-10,-0.033716506189663376
2022-02-11,0.005441978181490281
2022-02-14,0.0029813197364663147
2022-02-15,0.018270763021660752
2022-02-16,-0.0051062024103705195
2022-02-17,-0.017273126868199262
2022-02-18,0.0076004545494441356
2022-02-22,-0.021925615040013113
2022-02-23,0.008283112465988784
2022-02-24,-0.05380439978708895
2022-02-25,0.002399768643838396
2022-02-28,0.007626371122629427
2022-03-01,0.0006746372329238248
2022-03-02,0.0044602761971161975
2022-03-03,-0.0071216949200556545
2022-03-04,-0.0016997281250206164
2022-03-07,-0.0029761599322342125
2022-03-08,0.001756292113349156
2022-03-09,0.003698120593276677
2022-03-10,0.010888250315572279
2022-03-11,-0.00806200640746535
2022-03-14,0.0042026922879074835
2022-03-15,-0.0007766600716486716
2022-03-16,0.005733289704155764
2022-03-17,-0.005192301741274052
2022-03-18,0.003678667765696808
2022-03-21,0.0023899111530072403
2022-03-22,-0.0021599620768630867
2022-03-23,-0.0029553498740528816
2022-03-24,0.007935715442986657
2022-03-25,-0.004913626540934524
2022-03-28,0.0016972924091034347
2022-03-29,0.0030820185763975605
2022-03-30,-0.00024657391398341666
2022-03-31,0.00030761088882735876
2022-04-01,0.0013357981976254152
2022-04-04,-0.0008982463388205186
2022-04-05,-0.0005959716761214651
2022-04-06,-0.010907416527811686
2022-04-07,0.0031859737253241427
2022-04-08,-0.003655546784317898
2022-04-11,-0.012984338568420739
2022-04-12,0.00531988686386109
2022-04-13,0.006030320023099556
2022-04-14,0.007781119034273143
2022-04-18,0.0014297189546981226
2022-04-19,-0.00023805374905572219
2022-04-20,0.0075297332174109055
2022-04-21,-0.0034097718198908833
2022-04-22,0.002491949230851054
2022-04-25,-0.005046138950763779
2022-04-26,-0.000877398058209411
2022-04-27,-0.005954807102574011
2022-04-28,0.0019122324139464464
2022-04-29,-4.405820525188453e-06
2022-05-02,0.002086822293952517
2022-05-03,-0.003261561147138825
2022-05-04,0.007731838512583744
2022-05-05,-0.0019158449420013657
2022-05-06,0.00314527065230763
2022-05-09,-0.001592623352360989
2022-05-10,0.0011766571393696523
2022-05-11,0.007101573040312559
2022-05-12,0.013759876887643463
2022-05-13,-0.013529494279688636
2022-05-16,-0.0016115525524664776
2022-05-17,0.008009864036340186
2022-05-18,0.013513283329492642
2022-05-19,0.0062926322611662755
2022-05-20,-0.011431483408623322
2022-05-23,-0.01719257456728629
2022-05-24,0.004341027023067268
2022-05-25,0.0005137776846184661
2022-05-26,-0.02568797620835961
2022-05-27,0.0026726569457204974
2022-05-31,0.00543276320014896
2022-06-01,-0.002764794882602173
2022-06-02,0.0031546634694568088
2022-06-03,0.015168371309789652
2022-06-06,-0.013448530029728678
2022-06-07,0.010179008162527037
2022-06-08,0.0023351087012377647
2022-06-09,0.005338940855472041
2022-06-10,0.01728388061481345
2022-06-13,0.028078133294281216
2022-06-14,-0.007195060368084483
2022-06-15,-0.010856888252631869
2022-06-16,0.02322100045633113
2022-06-17,-0.0014071230735230866
2022-06-21,-0.015009179838580744
2022-06-22,0.008161389406519559
2022-06-23,-0.008031449397338575
2022-06-24,-0.009393087102066433
2022-06-27,-0.004881347580629636
2022-06-28,-0.0012692362759170184
2022-06-29,0.0007926598121803519
2022-06-30,0.009690920927904134
2022-07-01,0.003976875417937897
2022-07-05,0.0026666341492835866
2022-07-06,0.0004312995706163836
2022-07-07,0.0065413348140506145
2022-07-08,-0.002107493545477568
2022-07-11,-0.0013552741527247392
2022-07-12,-0.00011052759730789674
2022-07-13,0.004198212945706548
2022-07-14,0.006514221778949558
2022-07-15,-0.0007294750334416733
2022-07-18,0.0042104433334473335
2022-07-19,-0.00153473494098888
2022-07-20,-0.003183038133196092
2022-07-21,-0.00014959741832432094
2022-07-22,-0.002889482627374651
2022-07-25,-0.007097013985594147
2022-07-26,0.0027226355140854697
2022-07-27,-0.0008012244094477428
2022-07-28,0.004883187895849295
2022-07-29,-0.009577563433720515
2022-08-01,0.005872656799616349
2022-08-02,0.006728287793985599
2022-08-03,-0.005451324282476189
2022-08-04,-0.00039173907089795623
2022-08-05,0.013742984584804274
2022-08-08,-0.002489705216425997
2022-08-09,0.005671160580018819
2022-08-10,-0.0201500719622576
2022-08-11,-0.00630886126611907
2022-08-12,-0.0049022147623583034
2022-08-15,0.002606261984176461
2022-08-16,0.002310102483640719
2022-08-17,0.008481881729873297
2022-08-18,0.00028413463285836826
2022-08-19,0.007995498167239656
2022-08-22,0.011977288685907084
2022-08-23,0.0008882065898785374
2022-08-24,0.0014893820956762838
2022-08-25,-0.004861511335460977
2022-08-26,0.0006771382038093243
2022-08-29,0.008383326827469784
2022-08-30,-0.004700239910791271
2022-08-31,-0.008423576532471055
2022-09-01,0.007395651129866954
2022-09-02,-0.002358427149602549
2022-09-06,0.0010285660153288578
2022-09-07,0.001956786046347414
2022-09-08,-0.0005280773619882329
2022-09-09,-0.0017287685415136034
2022-09-12,-0.004580781578908177
2022-09-13,0.006054080236451709
2022-09-14,-0.00016616018529092003
2022-09-15,0.0029027055397430335
2022-09-16,0.005323645694790491
2022-09-19,0.0018497431726334224
2022-09-20,0.0025399077625549715
2022-09-21,-0.0022682958857062063
2022-09-22,-0.00029223237530939805
2022-09-23,0.0036959371714013756
2022-09-26,0.0011864840345068295
2022-09-27,-0.0020329373581706722
2022-09-28,-0.0005977815624884641
2022-09-29,0.003603790665982043
2022-09-30,0.00019223219393893487
2022-10-03,0.0004915323328236187
2022-10-04,-0.018114759331330443
2022-10-05,0.011962757158875625
2022-10-06,0.0038945948471029723
2022-10-07,0.015461345963041495
2022-10-10,-0.0008633295230839888
2022-10-11,0.005268358321534494
2022-10-12,-0.0014715050194505919
2022-10-13,0.02618739232743872
2022-10-14,-0.008323400402749481
2022-10-17,-0.02138844395795969
2022-10-18,-0.02425854242375336
2022-10-19,0.005089192292628608
2022-10-20,0.003568903734537665
2022-10-21,0.0034541621437320646
2022-10-24,-0.0009430339172485924
2022-10-25,-0.002871381119061711
2022-10-26,0.017959468019618452
2022-10-27,0.0038990339218494263
2022-10-28,0.0023369896304672455
2022-10-31,0.00717411961478609
2022-11-01,-0.01132939660380794
2022-11-02,0.008214736690188129
2022-11-03,0.0037473318422331925
2022-11-04,-0.0004317455515815416
2022-11-07,-0.003576867325397859
2022-11-08,-0.005410967400604316
2022-11-09,0.006329676293593378
2022-11-10,-0.014945387588568892
2022-11-11,-0.00012741115411152304
2022-11-14,0.0065583783877491975
2022-11-15,-0.021353132821510856
2022-11-16,-0.00864518083632615
2022-11-17,0.008135140436224653
2022-11-18,-0.001349510623578909
2022-11-21,-0.0023140394227496586
2022-11-22,-0.0010238919973836191
2022-11-23,0.0008547196093497966
2022-11-25,-0.00013332279430267047
2022-11-28,-0.0003704020991094348
2022-11-29,-0.0006617492236096201
2022-11-30,-0.0001640393416365571
2022-12-01,0.0009049451746088177
2022-12-02,0.015536411524370575
2022-12-05,0.00674404991862132
2022-12-06,0.0008185288990743
2022-12-07,0.003948606624153861
2022-12-08,-0.003404961837074727
2022-12-09,0.0033649260027159844
2022-12-12,-0.00012549205008660635
2022-12-13,-0.03400630664889048
2022-12-14,0.0018051864088335368
2022-12-15,0.012573485835621012
2022-12-16,0.0023526254555163995
2022-12-19,-0.0005304534103258707
2022-12-20,0.004311061248984727
2022-12-21,-0.0033497866729754744
2022-12-22,0.010282595067666156
2022-12-23,0.005621623693748745
2022-12-27,0.0028631130952996298
2022-12-28,0.0019714179634802154
2022-12-29,-0.009290268366889731
2022-12-30,0.009558903012559794
2023-01-03,-0.007598842155108754
2023-01-04,-0.006649420936157502
2023-01-05,0.005678075854656628
2023-01-06,-0.0048917269610351255
2023-01-09,-0.007591769538841664
2023-01-10,0.0037707798664501357
2023-01-11,-0.003331256715272901
2023-01-12,-0.001338037819327731
2023-01-13,0.008221500892954259
2023-01-17,0.0007949892910852352
2023-01-18,-0.0052729347974561636
2023-01-19,0.005564724033463309
2023-01-20,-0.0052335130835119426
2023-01-23,-0.002304420312313038
2023-01-24,0.005373035055031616
2023-01-25,0.014141967501463126
2023-01-26,-0.010531529590185995
2023-01-27,0.00434791761694342
2023-01-30,0.00985636397723022
2023-01-31,-9.565700282199163e-05
2023-02-01,0.0006938213985412389
2023-02-02,-0.01932974416063271
2023-02-03,0.01822858825439777
2023-02-06,0.00687988618049884
2023-02-07,0.0009213141694284221
2023-02-08,0.0037045343339341397
2023-02-09,-0.011541107075744406
2023-02-10,0.006663334782301744
2023-02-13,-0.0031557039486086458
2023-02-14,0.004496819995832624
2023-02-15,0.005056991010451428
2023-02-16,-0.00039891395833335785
2023-02-17,-0.0006351729191477196
2023-02-21,-0.0023375498929777416
2023-02-22,0.0002833754791744525
2023-02-23,0.0010035545283106906
2023-02-24,-0.0011860796135159113
2023-02-27,0.0009484219651876291
2023-02-28,0.00012049378446143955
2023-03-01,0.0013804649287496584
2023-03-02,-0.0001260477791968917
2023-03-03,-2.8891129118746584e-05
2023-03-06,-0.0009014857824855005
2023-03-07,0.0001785676138101877
2023-03-08,-3.238397079108335e-05
2023-03-09,0.00012438401295211676
2023-03-10,0.00012606033031614672
2023-03-13,-0.00035554149808803004
2023-03-14,0.0005435417979069435
2023-03-15,-0.0004116920465473406
2023-03-16,-0.0002619627989574047
2023-03-17,-3.206018436663349e-05
2023-03-20,0.00012055250778231219
2023-03-21,0.00022098720501584346
2023-03-22,-1.4767775037394237e-05
2023-03-23,0.00046622842175803036
2023-03-24,-0.00018455266288397443
2023-03-27,0.0002217610535217851
2023-03-28,0.00010205947806785076
2023-03-29,0.0004336364908026358
2023-03-30,0.00032455946961285065
2023-03-31,1.3537766435423038e-05
2023-04-03,-0.00011909963997924766
2023-04-04,0.0002759339072553324
2023-04-05,-0.013255885706733306
2023-04-06,-0.006610596597801721
2023-04-10,-0.004968277185674941
2023-04-11,0.0034931100130688453
2023-04-12,0.004665757002579207
2023-04-13,0.00510594967872624
2023-04-14,0.0006878178374618571
2023-04-17,-0.004905811402910354
2023-04-18,0.01065559756722334
2023-04-19,-0.00639882461502006
2023-04-20,-0.005107928782488558
2023-04-21,-0.002778009819867089
2023-04-24,-0.0015919643402234618
2023-04-25,0.0004817321800201224
2023-04-26,0.01312264014157094
2023-04-27,0.007068481904450419
2023-04-28,5.4418764981134515e-05
2023-05-01,0.001603778283353563
2023-05-02,-0.004503499010792833
2023-05-03,-0.018717105200598216
2023-05-04,-0.0036726025951483443
2023-05-05,-0.00043098203397140544
2023-05-08,-0.00371993605423937
2023-05-09,-0.006501053515176269
2023-05-10,0.01373850178784286
2023-05-11,0.003077242759764731
2023-05-12,-0.0005198856019706932
2023-05-15,0.005807729768067871
2023-05-16,-0.004951509848694746
2023-05-17,0.006366376108558169
2023-05-18,0.0029938353107217264
2023-05-19,-0.006074172294467495
2023-05-22,-0.009553554509964979
2023-05-23,-0.006884920855672938
2023-05-24,-0.016423975631191468
2023-05-25,0.17136289919703662
2023-05-26,0.0
2023-05-30,0.0
2023-05-31,0.0
2023-06-01,0.009702919338519633
2023-06-02,0.005602184195165449
2023-06-05,-0.009236889085908362
2023-06-06,-0.006828218461889746
2023-06-07,0.004975626682177214
2023-06-08,0.0024197585718808146
2023-06-09,0.007676442436176378
2023-06-12,0.010084807213118108
2023-06-13,0.01569566392214794
2023-06-14,-0.002080510556618731
2023-06-15,-0.0071904588957038
2023-06-16,0.015618725573456338
2023-06-20,0.0021905308760852282
2023-06-21,-0.005873484352926228
2023-06-22,-0.01474481239077019
2023-06-23,-0.012815928843580071
2023-06-26,0.004437809362580314
2023-06-27,0.007018195788344839
2023-06-28,-0.02288223970412029
2023-06-29,0.0074803637396483325
2023-06-30,0.01764304072516376
2023-07-03,0.003304181188489963
2023-07-05,-0.005077190443520507
2023-07-06,-0.007914195911141397
2023-07-07,0.0038745377907787315
2023-07-10,0.002301113457913173
2023-07-11,0.005139830635334075
2023-07-12,0.01050602871106876
2023-07-13,0.009937247558826856
2023-07-14,0.008181548844251818
2023-07-17,0.011998684363675682
2023-07-18,0.0037623421227370724
2023-07-19,-6.794387797037782e-05
2023-07-20,-0.008351169278674297
2023-07-21,0.004316974948723296
2023-07-24,0.006116812620571732
2023-07-25,0.005008498281979135
2023-07-26,0.004705815530685387
2023-07-27,0.016490844079986244
2023-07-28,0.011933103952676438
2023-07-31,0.0003422352084860858
2023-08-01,-0.004169333389477781
2023-08-02,-0.011529404039835378
2023-08-03,-0.007929097444483224
2023-08-04,0.007380962975347627
2023-08-07,0.006728871081138843
2023-08-08,-0.009828780177305263
2023-08-09,-0.006559567133218702
2023-08-10,-0.005519721757748175
2023-08-11,-0.011266954876867574
2023-08-14,-0.006616848374705775
2023-08-15,0.011912505048084165
2023-08-16,0.008314651950574126
2023-08-17,0.0074215423223937815
2023-08-18,-0.011594836726074753
2023-08-21,0.01853800959246965
2023-08-22,0.01752120717539296
2023-08-23,0.002386592828032885
2023-08-24,0.04572034160220961
2023-08-25,0.0
2023-08-28,0.0
2023-08-29,0.0
2023-08-30,0.003694781723311946
2023-08-31,-8.86066828228449e-05
2023-09-01,0.006169835442181082
2023-09-05,-0.004499197145459988
2023-09-06,-0.0016959040023644123
2023-09-07,-0.023284638324106544
2023-09-08,-0.0038701177036045697
2023-09-11,0.009436030456292821
2023-09-12,-0.007825380543050375
2023-09-13,-0.002728594033459708
2023-09-14,0.007104982186531661
2023-09-15,-0.005345824260214016
2023-09-18,-0.018604667077386505
2023-09-19,-0.00246412402868601
2023-09-20,0.001689552039933817
2023-09-21,-0.014907088888738151
2023-09-22,0.009182150878465967
2023-09-25,-0.0005500311435209237
2023-09-26,-0.004056142925988326
2023-09-27,0.007057429703574591
2023-09-28,-0.00010024050532586593
2023-09-29,0.011543493982500541
2023-10-02,0.007310765416222775
2023-10-03,-0.000630696363101424
2023-10-04,0.0037601768396358093
2023-10-05,0.00012829055472662887
2023-10-06,-0.0072873736169180026
2023-10-09,-0.013303594020908749
2023-10-10,0.0006090453036446952
2023-10-11,0.0059756374163271175
2023-10-12,-0.00018700206965194255
2023-10-13,0.0004897807287285172
2023-10-16,-0.005153956991802766
2023-10-17,-0.03108935382049305
2023-10-18,-0.020066025217803984
2023-10-19,0.009727505588913887
2023-10-20,-0.0027672120684925083
2023-10-23,-0.0024061285244936226
2023-10-24,0.0019202006106051606
2023-10-25,-0.004109368763605903
2023-10-26,0.001036423547348786
2023-10-27,0.013167504421033094
2023-10-30,0.009807271843836451
2023-10-31,-0.010992121026287327
2023-11-01,0.0017438910332516766
2023-11-02,0.016811658267885443
2023-11-03,0.008655879915650866
2023-11-06,0.004067735355448798
2023-11-07,-0.0005310005407763718
2023-11-08,0.002186192706834289
2023-11-09,0.013371170553000633
2023-11-10,0.008865287786856468
2023-11-13,-0.0011794005732637114
2023-11-14,0.016062628703354065
2023-11-15,0.004305599266516413
2023-11-16,-0.003679038529361689
2023-11-17,0.000480305473596232
2023-11-20,-0.00019545558900246895
2023-11-21,-0.005328414177270369
2023-11-22,-0.0008838013429861569
2023-11-24,-0.00332842244421494
2023-11-27,0.00014466464650952915
2023-11-28,-0.0016775768668136903
2023-11-29,0.008427552292534779
2023-11-30,-0.0015433605423315067
2023-12-01,-0.0037301773680933348
2023-12-04,-0.0010565351761455677
2023-12-05,-0.0014264763771445477
2023-12-06,-0.0009858681263099633
2023-12-07,-0.00021908459112418566
2023-12-08,-0.0005243296854670065
2023-12-11,-0.0005144898618404392
2023-12-12,1.6768602155714518e-05
2023-12-13,-0.00016741113006812913
2023-12-14,0.0006589284454610045
2023-12-15,0.001022352345056321
2023-12-18,-0.0006415561892161303
2023-12-19,0.000538649928630397
2023-12-20,-0.00036121190757543165
2023-12-21,0.0013720611590024578
2023-12-22,-0.001646069456389121
2023-12-26,0.0004915927676727438
2023-12-27,0.0008116331135437083
2023-12-28,-7.782458885463583e-05
2023-12-29,0.00013159134156048857
2024-01-02,0.0012388995676810843
2024-01-03,-0.0010766743324734929
2024-01-04,0.00013440633914174605
2024-01-05,4.803908852357708e-05
2024-01-08,-0.0001924728734574721
2024-01-09,-0.0006875704644223601
2024-01-10,0.0002907843948463107
2024-01-11,0.0008077646913740022
2024-01-12,0.00028487611197758334
2024-01-16,-0.0006013558965524135
2024-01-17,-0.001399643095093328
2024-01-18,0.0011199575005811369
2024-01-19,-3.523651546444295e-05
2024-01-22,-0.0005401533162250338
2024-01-23,0.0007619950917945317
2024-01-24,0.0011414002075798013
2024-01-25,0.0006022145086324038
2024-01-26,-0.0008302662119372695
2024-01-29,-0.000658029974024088
2024-01-30,-0.0009885947923164995
2024-01-31,-0.0007436671363710845
2024-02-01,0.0004227936551868261
2024-02-02,0.00985944542781847
2024-02-05,0.02020916172926346
2024-02-06,0.002982456259951416
2024-02-07,0.0014273202782497663
2024-02-08,-6.299612017357514e-05
2024-02-09,0.00908691385360072
2024-02-12,0.004221217290447665
2024-02-13,-0.018336070468026988
2024-02-14,0.010399760391908597
2024-02-15,-1.4098128157558065e-05
2024-02-16,0.013255749394535998
2024-02-20,-0.006407455897654901
2024-02-21,-0.016000206757210145
2024-02-22,0.07557249077325068
2024-02-23,0.0
2024-02-26,0.0
2024-02-27,0.0
2024-02-28,-0.009477910437709847
2024-02-29,0.012714453072049325
2024-03-01,0.006525452632923923
2024-03-04,0.016782707920046658
2024-03-05,-0.0022877467193681555
2024-03-06,0.026037826781280637
2024-03-07,0.016273521321548357
2024-03-08,0.018649890329399232
2024-03-11,-0.013025000898966854
2024-03-12,0.016853453586161304
2024-03-13,-0.00657383169734016
2024-03-14,-0.010632809079391792
2024-03-15,-0.010015317383879396
2024-03-18,0.020482728129680883
2024-03-19,-0.015992185390713565
2024-03-20,0.003691727290229263
2024-03-21,0.016880903962946947
2024-03-22,-0.0025996154253240533
2024-03-25,-0.0015924249671736002
2024-03-26,0.007256938605833874
2024-03-27,0.004743921911920079
2024-03-28,-0.0024054948516201158
2024-04-01,-6.936225262366147e-05
2024-04-02,-0.015837394012512385
2024-04-03,-0.008024499054113177
2024-04-04,0.01290683319172481
2024-04-05,0.007876373218566712
2024-04-08,0.009982237663179738
2024-04-09,0.0050611926591837
2024-04-10,-0.013833206518484298
2024-04-11,0.003727237480652068
2024-04-12,-0.009210970980617184
2024-04-15,0.007859962766240569
2024-04-16,0.0016265277762326225
2024-04-17,0.007202940693365134
2024-04-18,0.006881302305764114
2024-04-19,-0.015004935737203073
2024-04-22,0.018000395291745575
2024-04-23,0.012002799923314544
2024-04-24,0.014082268076885951
2024-04-25,-0.009403024747228206
2024-04-26,0.010689010286534684
2024-04-29,-0.0016726463233383004
2024-04-30,-0.004094938178415886
2024-05-01,-0.01200161942387612
2024-05-02,0.01339880942124072
2024-05-03,0.017693217836921127
2024-05-06,0.007699077411220223
2024-05-07,-0.007005404093687551
2024-05-08,-0.008354486549959517
2024-05-09,-0.0006585659836945146
2024-05-10,0.01343243395352789
2024-05-13,0.006616861913101069
2024-05-14,-0.0062911031435333165
2024-05-15,0.00931023474249848
2024-05-16,0.0026182409140940166
2024-05-17,0.0006487727475164018
2024-05-20,0.010111021236301587
2024-05-21,-0.010293834459504936
2024-05-22,0.0006802586699807822
2024-05-23,0.05290157420160124
2024-05-24,0.0
2024-05-28,0.0
2024-05-29,0.0
2024-05-30,-0.0012036442587888274
2024-05-31,0.012015526069533156
2024-06-03,0.026378291860666536
2024-06-04,0.0
2024-06-05,0.0
2024-06-06,0.0
2024-06-07,-0.006765634393355868
2024-06-10,-0.0037189193243757357
2024-06-11,-5.622855410181149e-05
2024-06-12,0.013507741584218191
2024-06-13,0.02336757315886473
2024-06-14,0.0
2024-06-17,0.0
2024-06-18,0.0
2024-06-20,0.02177668154023582
2024-06-21,-0.022132350278251223
2024-06-24,-0.017272088935978425
2024-06-25,0.018070832263571424
2024-06-26,0.001389236821631501
2024-06-27,-0.015916544384565134
2024-06-28,0.003578626991648237
2024-07-01,-0.0010471031051760837
2024-07-02,-0.017571576598085836
2024-07-03,-0.004318936483171165
2024-07-05,-0.0004661537234026403
2024-07-08,0.008956175051640258
2024-07-09,0.012877766511963928
2024-07-10,0.015302168463269705
2024-07-11,0.0066897896583615335
2024-07-12,0.0053645233111494495
2024-07-15,0.006982701184825135
2024-07-16,0.0018242896033049405
2024-07-17,-0.036594691240358856
2024-07-18,0.026062031774724437
2024-07-19,-0.0016308975787070468
2024-07-22,0.01698720118094288
2024-07-23,-0.004775688947811552
2024-07-24,-0.02238489476438943
2024-07-25,-0.008283855049968425
2024-07-26,0.027911571057350093
2024-07-29,0.0
2024-07-30,0.0
2024-07-31,0.0
2024-08-01,-0.002389798406828514
2024-08-02,-0.0383349472509803
2024-08-05,-0.10878900754766463
2024-08-06,0.023624057698136358
2024-08-07,0.02749063086152792
2024-08-08,0.0
2024-08-09,0.0
2024-08-12,0.0
2024-08-13,0.023720457727710587
2024-08-14,0.01637587836406551
2024-08-15,0.007270399297781838
2024-08-16,-0.005865966274897216
2024-08-19,-0.0020718324835862223
2024-08-20,-0.008649451002013642
2024-08-21,0.0002347421447292941
2024-08-22,0.011391038562426736
2024-08-23,0.013100574710531276
2024-08-26,-6.621721651867141e-05
2024-08-27,-0.00896430643880175
2024-08-28,-0.002000940289182296
2024-08-29,-0.02233553862078197
2024-08-30,0.01365706783661036
2024-09-03,-0.020661757730344843
2024-09-04,-0.01734282655012409
2024-09-05,-0.009783645760578663
2024-09-06,3.0943380815440236e-06
2024-09-09,0.015009971449161164
2024-09-10,0.008626628918482648
2024-09-11,0.008053111944387625
2024-09-12,-0.0005481032036442901
2024-09-13,0.0012162230783407946
2024-09-16,-0.014770939100412384
2024-09-17,0.00907017015080358
2024-09-18,0.002790159054940178
2024-09-19,0.028781473366394028
2024-09-20,0.0
2024-09-23,0.0
2024-09-24,0.0
2024-09-25,0.005975482448041802
2024-09-26,0.020752316797780113
2024-09-27,-0.0001285602284677445
2024-09-30,-0.017971191336049186
2024-10-01,0.0014816204407126499
2024-10-02,-0.002935874932555649
2024-10-03,0.010546573837616258
2024-10-04,0.015950927914743174
2024-10-07,-0.0009242175189589918
2024-10-08,0.012973030390108331
2024-10-09,0.004990596599623753
2024-10-10,-0.005390556267746538
2024-10-11,-0.007098485126021958
2024-10-14,0.009904800948787651
2024-10-15,-0.002134236581851301
2024-10-16,0.014575085724834791
2024-10-17,0.021664537712857035
2024-10-18,0.008687974735603898
2024-10-21,0.00033541326797736915
2024-10-22,-0.00482131494173077
2024-10-23,-0.008785836525213697
2024-10-24,0.007400570571180376
2024-10-25,0.004465150927136952
2024-10-28,0.006338039359511161
2024-10-29,-0.0008391010322288395
2024-10-30,-0.009548954048121838
2024-10-31,-0.009926228681781502
2024-11-01,0.009276867131190025
2024-11-04,0.006316020144777168
2024-11-05,0.011661356623850816
2024-11-06,0.02866193771642056
2024-11-07,0.0
2024-11-08,0.0
2024-11-11,0.0
2024-11-12,0.004566878829672438
2024-11-13,0.00818637744137396
2024-11-14,0.012014909293320386
2024-11-15,-0.003540872491053726
2024-11-18,-0.007527536219252506
2024-11-19,0.0069441798860778725
2024-11-20,0.018755152472769376
2024-11-21,0.04736604381120224
2024-11-22,0.0
2024-11-25,0.0
2024-11-26,0.0
2024-11-27,0.012679439082573518
2024-11-29,0.018129347137364915
2024-12-02,0.006744200997301553
2024-12-03,-0.0014042132005704921
2024-12-04,0.0089730520103255
2024-12-05,0.00018408326345475956
2024-12-06,-0.0019723135192080132
2024-12-09,-0.014108345477381379
2024-12-10,0.0010419739285643104
2024-12-11,0.012530597703310553
2024-12-12,-0.009914027860234875
2024-12-13,0.020072844701843007
2024-12-16,0.0
2024-12-17,0.0
2024-12-18,0.0
2024-12-19,0.009255039449327818
2024-12-20,-0.002777583210149981
2024-12-23,0.010435463741577555
2024-12-24,0.007033502777422873
2024-12-26,-0.002050435293802
2024-12-27,-0.0049946707881592944
2024-12-30,-0.013737570844588598
2024-12-31,0.0021628332754908275
2025-01-02,0.009826363029286078
2025-01-03,0.007392228053864525
2025-01-06,0.01999154989037022
2025-01-07,0.016428647501253613
2025-01-08,0.009501704904879782
2025-01-10,-0.011469259446896363
2025-01-13,-0.026266742357861195
2025-01-14,0.012386452554786986
2025-01-15,0.010963583764970863
2025-01-16,0.0146417222219406
2025-01-17,0.0170670326605995
2025-01-21,0.007131024795284713
2025-01-22,0.016215434793542594
2025-01-23,-0.009826658642147268
2025-01-24,0.006287506934595788
2025-01-27,-0.07226716911853537
2025-01-28,0.014837947120110773
2025-01-29,-0.008574681698863773
2025-01-30,0.004229708061431081
2025-01-31,-0.0024276492449382125
2025-02-03,-0.030114284371408506
2025-02-04,0.002062902730883831
2025-02-05,0.022884017378872912
2025-02-06,0.015574630856828753
2025-02-07,0.0051390813642979705
2025-02-10,0.0029337075260662537
2025-02-11,-0.0068862938319516065
2025-02-12,-0.01804618430303062
2025-02-13,0.0021224157984409686
2025-02-14,0.006217618663865387
2025-02-18,0.011212101363269333
2025-02-19,-0.00018860322104652383
2025-02-20,0.0036505523192069678
2025-02-21,-0.0007005278039734497
2025-02-24,0.011002720923946496
2025-02-25,-0.0019006687265240574
2025-02-26,0.019814288019580628
2025-02-27,0.018402694234779915
2025-02-28,-0.009893343722503722
2025-03-03,-0.0034001187954022516
2025-03-04,-0.013617609414732446
2025-03-05,0.00881733339527635
2025-03-06,-0.021344737977965766
2025-03-07,0.006756721050750647
2025-03-10,-0.015623458371795573
2025-03-11,0.0020754774838906975
2025-03-12,0.029090919710697882
2025-03-13,0.0
2025-03-14,0.0
2025-03-17,0.0
2025-03-18,-0.010069803146136036
2025-03-19,0.00928006241251289
2025-03-20,-0.006900255101101926
2025-03-21,-0.01104401385379461
2025-03-24,0.013542067011229175
2025-03-25,-0.005012648275811382
2025-03-26,-0.010553147785955952
2025-03-27,-0.01397057413207492
2025-03-28,1.5070609116207834e-07
2025-03-31,-0.013154688772164302
2025-04-01,0.00408280657229021
2025-04-02,-0.003528327852639346
2025-04-03,-0.004477312880868389
2025-04-04,0.006949711552863391
2025-04-07,-0.0022491947097342813
2025-04-08,0.009174747377336478
2025-04-09,0.0010760747285363248
2025-04-10,0.020303365368561144
2025-04-11,0.0034545913760670732
2025-04-14,0.0007330561458784857
2025-04-15,0.00032730253014690014
2025-04-16,-0.02801594488778758
2025-04-17,-0.0036531145613365457
2025-04-21,-0.0062304648410772545
2025-04-22,0.00047937170358691716
2025-04-23,0.011835994824578977
2025-04-24,-0.004278494908944386
2025-04-25,0.0009168421847463026
2025-04-28,-0.0005687387677528744
2025-04-29,-0.001852816816270586
2025-04-30,-0.012473845862546296
2025-05-01,0.012062356399524354
2025-05-02,-0.009696777890546793
2025-05-05,0.007759555918277261
2025-05-06,0.011942375327456345
2025-05-07,-0.0035382525688152366
2025-05-08,-0.0015640100982964311
2025-05-09,-0.0023691005475769966
2025-05-12,-0.005571486931654324
2025-05-13,-0.00236970573664963
2025-05-14,-0.00198673598735688
2025-05-15,0.0037910648667460745
2025-05-16,0.0036743446756701825
2025-05-19,-0.0019299143479023506
2025-05-20,-0.0020240176907149188
2025-05-21,0.0005399738803619769
2025-05-22,0.00021862587152798874
2025-05-23,0.002021355913853551
2025-05-27,0.00017718733583382829
2025-05-28,0.002460030960005133
2025-05-29,0.02916609113477686
2025-05-30,0.0
2025-06-02,0.0
2025-06-03,0.0
2025-06-04,5.2323331414916296e-05
2025-06-05,0.0006406128124691879
2025-06-06,-0.002257056032575311
2025-06-09,-0.0006971249738148
2025-06-10,0.00015871940322731426
2025-06-11,0.00095124252990475
2025-06-12,-0.0010257714558364883
2025-06-13,-0.002649166220363375
2025-06-16,0.0008073368857410834
2025-06-17,-0.0006995610887656767
2025-06-18,0.0009496664336610117
2025-06-20,0.0015683635696897014
2025-06-23,-6.162238810336618e-06
2025-06-24,0.0025811215597528747
2025-06-25,0.0013786558769552926
2025-06-26,0.0005096822634589326
2025-06-27,0.00035623998650446964
2025-06-30,0.0029423883665284922
2025-07-01,-0.0007089393462236249
2025-07-02,-0.00038632160522666936
2025-07-03,0.00033484838795105887
2025-07-07,-0.0005960658815012954
2025-07-08,0.0013138527468070649
2025-07-09,0.00017878608613930425
2025-07-10,0.0010262087454191438
2025-07-11,-0.0006487474690863859
2025-07-14,-0.0019082322802735918
2025-07-15,0.0013353896314904912
2025-07-16,-0.0009964333184101504
2025-07-17,-0.0010957162002032117
2025-07-18,0.0006506292573933425
2025-07-21,-0.00021007554378649207
2025-07-22,-0.00028629226818066567
2025-07-23,0.0006285304159254768
2025-07-24,0.0006780515760529404
2025-07-25,-0.0004622066105257616
2025-07-28,0.0006150802511728504
2025-07-29,0.0005558039831161654
2025-07-30,0.00035943076696809406
2025-07-31,-0.00199458256739371
2025-08-01,-0.0020450111823709927
2025-08-04,0.010328013135970648
2025-08-05,0.009911483217564632
2025-08-06,-0.015733779218826682
2025-08-07,0.011003418019207789
2025-08-08,0.006319229699537798
2025-08-11,-0.005142969167156064
2025-08-12,0.005505263347458822
2025-08-13,0.006165635071823106
2025-08-14,-0.011431678177369786
2025-08-15,-0.002630455995304204
2025-08-18,-0.0023403592678813423
2025-08-19,-0.005093213976698263
2025-08-20,-0.00953511023075293
2025-08-21,0.0006389407056639484
2025-08-22,-0.00909632812127048
2025-08-25,-0.00511131525612829
2025-08-26,0.004624429693040444
2025-08-27,0.001851106926094026
2025-08-28,0.0006714506217355698
2025-08-29,-0.009234262053560371
2025-09-02,-0.024300094764896363
2025-09-03,0.0010549919310358646
2025-09-04,-0.002313934078296831
2025-09-05,-0.0012739543675209797
2025-09-08,0.0028119582093479867
2025-09-09,0.002187138871047045
2025-09-10,0.013127643742095962
2025-09-11,0.0
2025-09-12,0.0
2025-09-15,0.0
2025-09-16,5.030093082503129e-06
2025-09-17,-0.0030055487137261583
2025-09-18,-0.0026064921569085575
2025-09-19,-0.002416157666102259
2025-09-22,-0.0010882798463441867
2025-09-23,0.004566358862362785
2025-09-24,0.002569088808778819
2025-09-25,-0.00862268711604286
2025-09-26,0.0001126877722033015
2025-09-29,0.0038991703566599867
2025-09-30,-0.00021248303994358952
2025-10-01,-0.0025799949510720843
2025-10-02,0.008883198609313192
2025-10-03,0.0
2025-10-06,0.0
2025-10-07,0.0
2025-10-08,0.0010204142504908198
2025-10-09,-0.001650882838336143
2025-10-10,0.00039599159326009215
2025-10-13,0.016070435702730146
2025-10-14,0.0
2025-10-15,0.0
2025-10-16,0.0
2025-10-17,-0.0035897179842864224
2025-10-20,0.00581781901726397
2025-10-21,-0.0009532723016775213
2025-10-22,0.001740798238938135
2025-10-23,-0.0006041902158305801
2025-10-24,0.005840241482367503
2025-10-27,0.005128550611191107
2025-10-28,-1.7214865188464046e-05
2025-10-29,0.0029102939642144943
2025-10-30,-0.0002787155922110429
2025-10-31,0.0023592672244348023
2025-11-03,0.004906109766422251
2025-11-04,-0.018469724514106556
2025-11-05,-0.005588760189060182
2025-11-06,-0.0027101439767728275
2025-11-07,-0.009251726226864876
2025-11-10,0.015927232910925904
2025-11-11,0.0
2025-11-12,0.0
2025-11-13,0.0
2025-11-14,-0.012277737241071396
2025-11-17,-0.004690847880811311
2025-11-18,-0.0059732180150320335
2025-11-19,-0.0006096273352288462
2025-11-20,0.01423753560245622
2025-11-21,0.0
2025-11-24,0.0
2025-11-25,0.0
2025-11-26,0.006223319442931752
2025-11-28,0.004983982398636622
2025-12-01,-0.008430900127587182
2025-12-02,0.0018981821092951545
2025-12-03,-0.0011100495026735713
2025-12-04,-0.0024362406212786736
2025-12-05,0.004079187909427295
2025-12-08,0.008432693132229385
2025-12-09,-0.002022637506618463
2025-12-10,-9.221358140276692e-05
2025-12-11,-0.006975023227690613
2025-12-12,-0.014307519426036142
2025-12-15,0.004534179057589682
2025-12-16,-0.0030824642487494724
2025-12-17,0.00518118208853835
2025-12-18,0.022329685489674622
2025-12-19,0.0
2025-12-22,0.0
2025-12-23,0.0
2025-12-24,0.001830470510718163
2025-12-26,0.0026229899523690925
2025-12-29,-0.005953602938549407
2025-12-30,0.0006704944924533773
2025-12-31,0.00038256395941815846
2026-01-02,0.011220873742654236
2026-01-05,0.008096102976745678
2026-01-06,0.0
2026-01-07,0.0
2026-01-08,0.0
2026-01-09,0.004025801179708077
2026-01-12,-0.003644356439568175
2026-01-13,0.00334438912311974
2026-01-14,-0.0038929401684631992
2026-01-15,0.01212099317211024
2026-01-16,0.0
2026-01-20,0.0
2026-01-21,0.0
2026-01-22,0.006323138641385118
2026-01-23,0.0030933397062973267
2026-01-26,-0.0034455619068338716
2026-01-27,0.010009988341731058
2026-01-28,0.0081104761691273
2026-01-29,0.00444791949811596
2026-01-30,-0.0035846164298841687
2026-02-02,-0.002100582868602263
2026-02-03,0.004017634740069553
2026-02-04,-0.005218595431383144
2026-02-05,-0.00652112739961197
2026-02-06,-0.0005167638817620279
2026-02-09,-0.008868264379872759
2026-02-10,-0.004201660953501607
2026-02-11,0.016611843249818792
2026-02-12,0.0
2026-02-13,0.0
2026-02-17,0.0
2026-02-18,0.0005440167879176006
2026-02-19,-0.005481411600128716
2026-02-20,-0.00165708508085316
2026-02-23,-0.0034434366316190568
2026-02-24,0.005644479368442257
2026-02-25,0.006833966597969754
2026-02-26,-0.0035061574555933506
2026-02-27,-0.010049836464271933
2026-03-02,-0.008098805068084136
2026-03-03,-0.019529462615647586
2026-03-04,0.0099963164182022
2026-03-05,0.0
2026-03-06,0.0
2026-03-09,0.0
2026-03-10,0.0026128044262738737
2026-03-11,0.004243116258364044
2026-03-12,-0.0063799185607875675
2026-03-13,0.005613680401084897
2026-03-16,0.012071502305562865
2026-03-17,0.0
2026-03-18,0.0
2026-03-19,0.0
2026-03-20,0.00013528667187112653
2026-03-23,0.003392392455522586
2026-03-24,-0.002860970792373685
2026-03-25,-0.00882867023210221
2026-03-26,-0.010549989085736788
2026-03-27,0.0025502095658738178
2026-03-30,0.005254188132914894
2026-03-31,0.001624051689164574
2026-04-01,0.008924208877091333
2026-04-02,-0.007847475408941706
2026-04-06,0.004949750663116204
2026-04-07,0.0007055723485756005
2026-04-08,0.006079261587508711
2026-04-09,0.0005202527070358176
2026-04-10,-0.0021220241342526647
2026-04-13,0.0025731576996284033
2026-04-14,0.007764646967140187
2026-04-15,-0.008250805916040549
2026-04-16,-0.0036032397512623104
2026-04-17,0.010171314752239313
2026-04-20,0.0026077992516597703
2026-04-21,0.0025321560876032656
2026-04-22,0.011299772608286407
2026-04-23,-0.0036375291512346086
2026-04-24,0.01246920028145393
2026-04-27,0.009780948654815047
2026-04-28,-0.017172994843121958
2026-04-29,0.015718555522838518
2026-04-30,0.0
2026-05-01,0.0
2026-05-04,0.0
2026-05-05,0.029437316335858776
2026-05-06,0.0
2026-05-07,0.0
2026-05-08,0.0
2026-05-11,0.040804738243364724
2026-05-12,0.0
2026-05-13,0.0
2026-05-14,0.0
2026-05-15,-0.04334244437482693
2026-05-18,0.02915337226955339
2026-05-19,0.0
2026-05-20,0.0
2026-05-21,0.0
2026-05-22,0.0008124637199311557
2026-05-26,0.05783384319148688
2026-05-27,0.0
2026-05-28,0.0
2026-05-29,0.0
2026-06-01,0.01624842569096474
2026-06-02,0.01846549582292112
2026-06-03,0.03539635588577017
2026-06-04,0.0
2026-06-05,0.0
2026-06-08,0.0
2026-06-09,0.038238913877836955
2026-06-10,0.0
2026-06-11,0.0
2026-06-12,0.0
2026-06-15,0.06969942394507433
2026-06-16,0.0
2026-06-17,0.0
2026-06-18,0.0
2026-06-22,0.04606408056277522
2026-06-23,0.0
2026-06-24,0.0
2026-06-25,0.0
2026-06-26,-0.05746433793593486
2026-06-29,0.0005297364631642321
2026-06-30,0.000948238944679769
2026-07-01,-0.061778197411114566
2026-07-02,0.00677247399770442
2026-07-06,0.033199821808911345
2026-07-07,0.0
2026-07-08,0.0
2026-07-09,0.0
2026-07-10,-0.026119287293107307
2026-07-13,-0.044374133307627184
2026-07-14,0.05217947337870665
2026-07-15,0.0
2026-07-16,0.0
2026-07-17,0.0
2026-07-20,0.029414602646633092
2026-07-21,0.0
2026-07-22,0.0
2026-07-23,0.0
2026-07-24,-0.020691093598636412
2026-07-27,0.00853471566485009
2026-07-28,-0.043805589388357546
2026-07-29,0.007273889083286855
2026-07-30,0.04183052403317866
2026-07-31,0.0
2026-08-03,0.0
2026-08-04,0.0
2026-08-05,-0.016146797459568818
2026-08-06,-0.03329254069209464
2026-08-07,0.01854629523112883
2026-08-10,-0.00745236374049385
2026-08-11,0.00909331742302144
2026-08-12,0.03389949631644895
2026-08-13,0.0
2026-08-14,0.0
