index,return
2000-01-03,0.0
2000-01-04,0.0
2000-01-05,-0.031465238222815106
2000-01-06,0.022221870942276567
2000-01-07,-0.03002021911506969
2000-01-10,0.03904606813151257
2000-01-11,-0.004975039307185791
2000-01-12,-0.0016028243117326424
2000-01-13,0.016048917194960266
2000-01-14,-0.007557080889853296
2000-01-18,0.004051102234967852
2000-01-19,0.014977605755530199
2000-01-20,0.0811818113352143
2000-01-21,0.0
2000-01-24,0.0
2000-01-25,0.0
2000-01-26,-0.03894916399652848
2000-01-27,0.025766217224108434
2000-01-28,-0.013148766283932134
2000-01-31,0.017343766358547397
2000-02-01,0.009711270714390263
2000-02-02,0.013829013040035587
2000-02-03,0.0353402549759807
2000-02-04,0.02286753738652214
2000-02-07,0.004321443862812524
2000-02-08,0.011939513500604626
2000-02-09,0.025078171139718775
2000-02-10,0.049881502359261365
2000-02-11,0.02885676757864264
2000-02-14,-0.033009202794749615
2000-02-15,0.026817207518638142
2000-02-16,0.02821263915640082
2000-02-17,0.007841548867137282
2000-02-18,-0.014243469845791723
2000-02-22,-0.04913777755858928
2000-02-23,-0.0044568838312407655
2000-02-24,0.01835882398261579
2000-02-25,-0.0019545163035602497
2000-02-28,-0.0008314424278517141
2000-02-29,0.03258313356386244
2000-03-01,0.047985503704292
2000-03-02,0.0
2000-03-03,0.0
2000-03-06,0.0
2000-03-07,0.0
2000-03-08,0.0
2000-03-09,0.0
2000-03-10,0.0
2000-03-13,0.0
2000-03-14,0.0
2000-03-15,0.0
2000-03-16,0.0
2000-03-17,0.0
2000-03-20,0.0
2000-03-21,0.0
2000-03-22,0.0
2000-03-23,0.0
2000-03-24,0.0
2000-03-27,0.0
2000-03-28,0.0
2000-03-29,0.0
2000-03-30,0.0
2000-03-31,0.0
2000-04-03,0.0
2000-04-04,0.02987856425164348
2000-04-05,-0.014759608139713665
2000-04-06,0.0723088651014796
2000-04-07,0.0
2000-04-10,0.0
2000-04-11,0.0
2000-04-12,-0.009663524863172901
2000-04-13,0.013578027859773467
2000-04-14,-0.03982314220249816
2000-04-17,-0.03395648273203555
2000-04-18,0.029353966170102774
2000-04-19,0.01976488733654236
2000-04-20,0.026037538295795137
2000-04-24,-0.0669382929534379
2000-04-25,0.044672735067194935
2000-04-26,0.0
2000-04-27,0.0
2000-04-28,0.0
2000-05-01,0.023516187732275817
2000-05-02,-0.0016782220144905269
2000-05-03,-0.009741143189885948
2000-05-04,-0.008151645936323337
2000-05-05,-0.007485747644451535
2000-05-08,-0.010053266005524142
2000-05-09,0.008249631729311924
2000-05-10,-0.00832245091196715
2000-05-11,0.007668330722201855
2000-05-12,0.023228490863949514
2000-05-15,-0.00039029853483874
2000-05-16,0.037246234152028546
2000-05-17,0.0489983922952868
2000-05-18,0.0
2000-05-19,0.0
2000-05-22,0.0
2000-05-23,-0.002429062908434143
2000-05-24,0.0027944222815678987
2000-05-25,0.05053032907772459
2000-05-26,0.0
2000-05-30,0.0
2000-05-31,0.0
2000-06-01,0.039372368499501986
2000-06-02,0.15219297944783583
2000-06-05,0.0
2000-06-06,0.0
2000-06-07,0.0
2000-06-08,0.04695874500733743
2000-06-09,0.026161879656675824
2000-06-12,0.016795368812675626
2000-06-13,-0.028283460785178627
2000-06-14,0.020553771824361355
2000-06-15,-0.005473258782430213
2000-06-16,0.01188214173700608
2000-06-19,0.01235405844749482
2000-06-20,0.012535636866467303
2000-06-21,-0.022284961235584766
2000-06-22,0.017072942428673965
2000-06-23,-0.01274775140520723
2000-06-26,0.020307204215739283
2000-06-27,0.012741123404765853
2000-06-28,0.022138608927168457
2000-06-29,-0.06823690813797201
2000-06-30,0.03127145246045537
2000-07-03,0.035593611553028426
2000-07-05,-0.06449347191210986
2000-07-06,-0.003592951444957193
2000-07-07,0.012456412835357478
2000-07-10,-0.010226888967503012
2000-07-11,-0.009784191478441562
2000-07-12,0.05478652178078658
2000-07-13,0.06126278201072477
2000-07-14,0.0
2000-07-17,0.0
2000-07-18,0.0
2000-07-19,-0.026953291227782117
2000-07-20,-0.00843450229979048
2000-07-21,-0.04698861765137352
2000-07-24,0.016481979591644658
2000-07-25,0.029806312652673972
2000-07-26,-0.03114484123026018
2000-07-27,-0.0744471324915098
2000-07-28,0.01349375564385058
2000-07-31,0.06868847165953063
2000-08-01,0.0
2000-08-02,0.0
2000-08-03,0.0
2000-08-04,0.03770800153804843
2000-08-07,-0.004516432217343658
2000-08-08,-0.005759385557847163
2000-08-09,0.04612421455835758
2000-08-10,-0.046476607495223865
2000-08-11,-0.005873634326554078
2000-08-14,0.045210800948030316
2000-08-15,0.01775080529820383
2000-08-16,0.05035061481534764
2000-08-17,-0.031476851982491616
2000-08-18,0.022145382929900093
2000-08-21,0.029563261513109396
2000-08-22,-0.03167341446380734
2000-08-23,-0.005540418611973075
2000-08-24,0.008351317906007516
2000-08-25,-0.011697848949184353
2000-08-28,0.012303992524690388
2000-08-29,0.002479420298855617
2000-08-30,-0.01229325527818248
2000-08-31,0.008873205044339416
2000-09-01,0.034982693503485596
2000-09-05,0.034283426532059735
2000-09-06,-0.057926390811250505
2000-09-07,0.025374745338579974
2000-09-08,-0.014914993071701743
2000-09-11,-0.040278163945893786
2000-09-12,0.0243495125964448
2000-09-13,-0.025152329066943535
2000-09-14,0.03081754523576863
2000-09-15,-0.008781647873375209
2000-09-18,0.02067344987043862
2000-09-19,-0.009077658084331253
2000-09-20,-0.022977432156410682
2000-09-21,-0.021773867249510248
2000-09-22,-0.11650899741331566
2000-09-25,0.02802863113328491
2000-09-26,0.02310743773759638
2000-09-27,0.02385840425570973
2000-09-28,-0.02013047898708098
2000-09-29,-0.04679457548861976
2000-10-02,0.02459165373563854
2000-10-03,0.050717099538234
2000-10-04,-0.001621043694640889
2000-10-05,-0.020650866473580165
2000-10-06,0.016674378586369443
2000-10-09,0.009764730349359985
2000-10-10,-0.04512963141935433
2000-10-11,-0.07108746856956016
2000-10-12,0.06246282516764978
2000-10-13,0.0
2000-10-16,0.0
2000-10-17,0.0
2000-10-18,-0.05183688419863419
2000-10-19,0.17828060541854307
2000-10-20,0.0
2000-10-23,0.0
2000-10-24,0.0
2000-10-25,-0.051924519388840906
2000-10-26,0.01992730978710644
2000-10-27,0.01795676912329447
2000-10-30,-0.0170534424135097
2000-10-31,0.08388322797319936
2000-11-01,0.0
2000-11-02,0.0
2000-11-03,0.0
2000-11-06,0.05256843488062435
2000-11-07,0.017846389054207545
2000-11-08,0.012422907362410474
2000-11-09,-0.08156163939480554
2000-11-10,0.001157333911304459
2000-11-13,-0.07481366828645875
2000-11-14,0.09960521275332068
2000-11-15,0.0
2000-11-16,0.0
2000-11-17,0.0
2000-11-20,-0.049601923345740206
2000-11-21,0.039319860419121166
2000-11-22,0.01653073558319229
2000-11-24,0.06908082952749539
2000-11-27,0.0
2000-11-28,0.0
2000-11-29,0.0
2000-11-30,-0.1713662973130965
2000-12-01,0.07103409078414624
2000-12-04,0.0
2000-12-05,0.0
2000-12-06,0.0
2000-12-07,-0.06691192592335793
2000-12-08,0.16055448016624774
2000-12-11,0.0
2000-12-12,0.0
2000-12-13,0.0
2000-12-14,0.003812725453721022
2000-12-15,-0.0532566100396632
2000-12-18,0.02939175188038301
2000-12-19,-0.0003544037247118492
2000-12-20,-0.08780271397700723
2000-12-21,-0.01640267731814249
2000-12-22,0.10270100624970246
2000-12-26,0.0
2000-12-27,0.0
2000-12-28,0.0
2000-12-29,5.827384162326865e-06
2001-01-02,0.043325425477896085
2001-01-03,-0.019794821077598224
2001-01-04,-0.01783642653004469
2001-01-05,0.0057773854883382825
2001-01-08,-0.01657251579620067
2001-01-09,0.060915984712355487
2001-01-10,0.0
2001-01-11,0.0
2001-01-12,0.0
2001-01-16,0.0035474921316427377
2001-01-17,0.14888041593489842
2001-01-18,0.0
2001-01-19,0.0
2001-01-22,0.0
2001-01-23,-0.018916078273129022
2001-01-24,0.0021415143796057468
2001-01-25,-0.020911659205658184
2001-01-26,-0.06860234189171832
2001-01-29,-0.010328006842117432
2001-01-30,0.02776390401555462
2001-01-31,-0.009471560415937219
2001-02-01,0.016057048891830128
2001-02-02,0.017175710128206623
2001-02-05,-0.012456170647135001
2001-02-06,0.021144502678183352
2001-02-07,-0.011023622062904304
2001-02-08,0.011372612454821907
2001-02-09,-0.009428535891152223
2001-02-12,-0.005952120858332854
2001-02-13,0.004835856789240145
2001-02-14,0.0002674659991244166
2001-02-15,0.0013006682985947648
2001-02-16,-0.03668997506363292
2001-02-20,0.011361039707387555
2001-02-21,-0.0336456294120302
2001-02-22,-0.007965473332349204
2001-02-23,-0.0010486553749528005
2001-02-26,0.02847903962290621
2001-02-27,-0.01885532387156874
2001-02-28,0.015423445210496212
2001-03-01,-0.024563446586158943
2001-03-02,-0.10137098570434644
2001-03-05,0.03103147988140731
2001-03-06,0.12411582919436182
2001-03-07,0.0
2001-03-08,0.0
2001-03-09,0.0
2001-03-12,-0.038207729427683246
2001-03-13,0.05657361489634671
2001-03-14,-0.08186512696798487
2001-03-15,0.08472755223508499
2001-03-16,0.0
2001-03-19,0.0
2001-03-20,0.0
2001-03-21,-0.006396394907484337
2001-03-22,0.06403624791779361
2001-03-23,0.0
2001-03-26,0.0
2001-03-27,0.0
2001-03-28,-0.0602482832711313
2001-03-29,-0.016641992862492683
2001-03-30,-0.03413718430453727
2001-04-02,-0.006252982725380329
2001-04-03,0.0
2001-04-04,0.0
2001-04-05,0.0
2001-04-06,0.0
2001-04-09,0.0
2001-04-10,0.0
2001-04-11,0.0
2001-04-12,0.0
2001-04-16,0.0
2001-04-17,0.0
2001-04-18,0.0
2001-04-19,0.0
2001-04-20,0.0
2001-04-23,0.0
2001-04-24,0.0
2001-04-25,0.0
2001-04-26,0.0
2001-04-27,0.0
2001-04-30,0.0
2001-05-01,0.0
2001-05-02,0.030288469966267106
2001-05-03,0.0
2001-05-04,0.0
2001-05-07,0.0
2001-05-08,0.058883885317691176
2001-05-09,0.0
2001-05-10,0.0
2001-05-11,0.0
2001-05-14,-0.0007352659869332978
2001-05-15,0.008883605990500643
2001-05-16,-0.022576780962273446
2001-05-17,0.009727999674004062
2001-05-18,-0.009285874628847668
2001-05-21,-0.009722140828090309
2001-05-22,0.002436794923930341
2001-05-23,0.00628195646056362
2001-05-24,-0.025853302651936305
2001-05-25,0.01995053738428121
2001-05-29,-0.018251825094092067
2001-05-30,-0.023188105633063838
2001-05-31,-0.0058735974359031
2001-06-01,0.027277220474267283
2001-06-04,-0.02055014710517411
2001-06-05,0.01594775940255011
2001-06-06,0.05794045012414628
2001-06-07,0.0
2001-06-08,0.0
2001-06-11,0.0
2001-06-12,-0.0687147565982813
2001-06-13,0.008832657024483659
2001-06-14,-0.043344259604721214
2001-06-15,-0.03434463087652306
2001-06-18,0.0060170515447033335
2001-06-19,0.06339038705176647
2001-06-20,0.0
2001-06-21,0.0
2001-06-22,0.0
2001-06-25,0.05076082693552375
2001-06-26,-0.02967238473049194
2001-06-27,-0.004053429600745839
2001-06-28,0.026721892107912648
2001-06-29,0.008381192173816387
2001-07-02,-0.0005283703555727381
2001-07-03,-0.01949711010048427
2001-07-05,-0.04819157396669427
2001-07-06,-0.15717123444385095
2001-07-09,0.0721632110542556
2001-07-10,0.0
2001-07-11,0.0
2001-07-12,0.0
2001-07-13,-0.02674645506862039
2001-07-16,0.029194697642490608
2001-07-17,-0.04886659835782403
2001-07-18,-0.03174457631022343
2001-07-19,0.042948599191727777
2001-07-20,0.00716633336498651
2001-07-23,0.025095729721388738
2001-07-24,-0.03401570669393772
2001-07-25,0.005111054413900362
2001-07-26,0.0030080166381751816
2001-07-27,-0.0191572457710264
2001-07-30,0.04099342584922683
2001-07-31,0.04075493334487712
2001-08-01,0.13402575398074856
2001-08-02,0.0
2001-08-03,0.0
2001-08-06,0.0
2001-08-07,-0.001626984205062687
2001-08-08,-0.0075375148482741405
2001-08-09,-0.01891496124194869
2001-08-10,-0.004451845763294604
2001-08-13,0.03446136551973833
2001-08-14,-0.016913150514299757
2001-08-15,0.02545054646072553
2001-08-16,-0.027674454517238267
2001-08-17,-0.043883171200778115
2001-08-20,-0.013017358543040758
2001-08-21,0.01073827134676697
2001-08-22,0.03223907862746356
2001-08-23,0.0037636956087225837
2001-08-24,0.02535913693267866
2001-08-27,-0.007718796527549476
2001-08-28,0.009379500119693907
2001-08-29,0.01860717385192956
2001-08-30,-0.021888677275126778
2001-08-31,-0.00946135022489758
2001-09-04,-0.029544514199562055
2001-09-05,-0.010888675758788935
2001-09-06,-0.025576574437545685
2001-09-07,-0.007914758071822625
2001-09-10,-0.005640013284009093
2001-09-17,-0.20836963769052852
2001-09-18,0.01495342538646005
2001-09-19,0.04720028013652744
2001-09-20,-0.04721026083691615
2001-09-21,-0.10190511519100087
2001-09-24,0.09936484941569845
2001-09-25,0.0
2001-09-26,0.0
2001-09-27,0.0
2001-09-28,0.05750522115183854
2001-10-01,-0.0034398491470968295
2001-10-02,-0.0213405136040562
2001-10-03,-0.020849759856465755
2001-10-04,0.08197565071393464
2001-10-05,0.0
2001-10-08,0.0
2001-10-09,0.0
2001-10-10,-0.010359871635160056
2001-10-11,0.07210808892160125
2001-10-12,0.0
2001-10-15,0.0
2001-10-16,0.0
2001-10-17,0.07975611175693276
2001-10-18,0.0
2001-10-19,0.0
2001-10-22,0.0
2001-10-23,0.025250260962449866
2001-10-24,-0.0033606402766029886
2001-10-25,-0.03384537601458726
2001-10-26,-0.004597692620062377
2001-10-29,-0.026006347270090213
2001-10-30,-0.01697726381312248
2001-10-31,0.0689895293130125
2001-11-01,0.0
2001-11-02,0.0
2001-11-05,0.0
2001-11-06,-0.010123874605859395
2001-11-07,-0.01539545336955872
2001-11-08,0.07807678520355998
2001-11-09,0.0
2001-11-12,0.0
2001-11-13,0.0
2001-11-14,0.02029126457602759
2001-11-15,-0.007834401290827797
2001-11-16,-0.005613970070733609
2001-11-19,0.009608600279506607
2001-11-20,-0.019210932701819505
2001-11-21,-0.015771183443368475
2001-11-23,-0.0017009068472684241
2001-11-26,0.029162154089251047
2001-11-27,-0.01708673685280948
2001-11-28,-0.01262074832101312
2001-11-29,0.04354262781881468
2001-11-30,-0.004896745901089128
2001-12-03,0.01590946971731766
2001-12-04,0.024234049890737186
2001-12-05,0.07159204282865761
2001-12-06,0.0
2001-12-07,0.0
2001-12-10,0.0
2001-12-11,0.026506535691791733
2001-12-12,0.018084158290690988
2001-12-13,-0.06981222404420528
2001-12-14,0.002777010362326582
2001-12-17,0.0033511250550886107
2001-12-18,0.017365987445860265
2001-12-19,-0.0551773497365976
2001-12-20,-0.009743844999258733
2001-12-21,0.014539164201130106
2001-12-24,0.0006196946054073393
2001-12-26,0.008974221239619551
2001-12-27,0.030422377266961176
2001-12-28,0.036264650539399756
2001-12-31,0.02182362178321884
2002-01-02,0.06032807895204484
2002-01-03,0.0
2002-01-04,0.0
2002-01-07,0.0
2002-01-08,0.0
2002-01-09,0.0
2002-01-10,0.0
2002-01-11,0.0
2002-01-14,0.0
2002-01-15,0.0
2002-01-16,0.0
2002-01-17,0.0
2002-01-18,0.0
2002-01-22,0.0
2002-01-23,0.0
2002-01-24,0.0
2002-01-25,0.0
2002-01-28,0.0
2002-01-29,0.0
2002-01-30,0.0
2002-01-31,0.0
2002-02-01,0.0
2002-02-04,-0.04127114487768557
2002-02-05,-0.0337363040107026
2002-02-06,0.04081598733860092
2002-02-07,0.0
2002-02-08,0.0
2002-02-11,0.0
2002-02-12,-0.023602499241432984
2002-02-13,0.01891081593307753
2002-02-14,0.008153519585592406
2002-02-15,-0.029232083604156633
2002-02-19,-0.05134911148053112
2002-02-20,-0.0026034698141667034
2002-02-21,-0.01168089650532489
2002-02-22,-0.02389144474167404
2002-02-25,0.004092127651830202
2002-02-26,0.0039328742468074385
2002-02-27,0.02209649757568677
2002-02-28,-0.0034563917118290988
2002-03-01,0.007823534003086996
2002-03-04,0.0012995527831063391
2002-03-05,-0.019417456907484087
2002-03-06,-0.04800667110622914
2002-03-07,0.0032659778799253303
2002-03-08,0.02688853917601275
2002-03-11,0.0
2002-03-12,0.0
2002-03-13,0.0
2002-03-14,-0.03176620456876966
2002-03-15,-0.00966845180940501
2002-03-18,0.005702043045936689
2002-03-19,0.00621803895710471
2002-03-20,-0.008185540408050529
2002-03-21,0.005517222637775321
2002-03-22,-0.0021973166473444605
2002-03-25,-0.0025756234894418473
2002-03-26,-0.004522832018532763
2002-03-27,-0.041807099960474825
2002-03-28,0.0070175819100135595
2002-04-01,-0.0009323876279854204
2002-04-02,-0.01601950870804436
2002-04-03,-0.008202135774149633
2002-04-04,0.00022592975057711406
2002-04-05,0.006673287175037013
2002-04-08,-0.060490033935434395
2002-04-09,0.008630870882574415
2002-04-10,0.022109505932032647
2002-04-11,-0.030022540360066796
2002-04-12,0.010782642579834967
2002-04-15,0.011151826205466175
2002-04-16,0.044857900273922
2002-04-17,0.0
2002-04-18,0.0
2002-04-19,0.0
2002-04-22,-0.009386995868275405
2002-04-23,0.020983200127045576
2002-04-24,0.06468604575848613
2002-04-25,0.0
2002-04-26,0.0
2002-04-29,0.0
2002-04-30,0.00273301445533769
2002-05-01,-0.005839802184926968
2002-05-02,0.023256026365238602
2002-05-03,-0.002356296231338706
2002-05-06,-0.025305758647350296
2002-05-07,0.04846774570370682
2002-05-08,0.13066610392495348
2002-05-09,0.0
2002-05-10,0.0
2002-05-13,0.0
2002-05-14,0.13119084392997005
2002-05-15,0.0
2002-05-16,0.0
2002-05-17,0.0
2002-05-20,0.0010475969032173182
2002-05-21,0.02938628724735337
2002-05-22,-0.010560911739556644
2002-05-23,0.009287666713619247
2002-05-24,-0.03148086454748078
2002-05-28,0.030200649567217797
2002-05-29,-0.03588360254193834
2002-05-30,-0.042787160135693614
2002-05-31,0.006711370711894427
2002-06-03,-0.02015041487536473
2002-06-04,-0.004142513125086289
2002-06-05,-0.001779457034623011
2002-06-06,-0.025887834106351537
2002-06-07,-0.17015729818439496
2002-06-10,0.012811453759956404
2002-06-11,0.026427632597578965
2002-06-12,-0.0008303031674490313
2002-06-13,-0.009261754305120995
2002-06-14,-0.03924655654575093
2002-06-17,0.044705924422012044
2002-06-18,-0.011069497446204668
2002-06-19,-0.16187036321974357
2002-06-20,-0.0024327042567717783
2002-06-21,-0.022795557722599225
2002-06-24,-0.03066821205431336
2002-06-25,0.05686782281614744
2002-06-26,-0.17536968650091078
2002-06-27,0.08181833075167533
2002-06-28,0.0
2002-07-01,0.0
2002-07-02,0.0
2002-07-03,-0.04546913142771514
2002-07-05,0.1455619971424169
2002-07-08,0.0
2002-07-09,0.0
2002-07-10,0.0
2002-07-11,-0.018288128209223653
2002-07-12,0.06412883463094143
2002-07-15,0.0
2002-07-16,0.0
2002-07-17,0.0
2002-07-18,-0.0625043842075681
2002-07-19,-0.03557813558036527
2002-07-22,-0.0019680210439527723
2002-07-23,0.032955924878302234
2002-07-24,-0.03405289817441559
2002-07-25,-0.08114816336827468
2002-07-26,0.0453221917788067
2002-07-29,0.07427929296863045
2002-07-30,0.0
2002-07-31,0.0
2002-08-01,0.0
2002-08-02,0.0213065472816234
2002-08-05,0.02795186994513177
2002-08-06,0.08711839207496874
2002-08-07,0.0
2002-08-08,0.0
2002-08-09,0.0
2002-08-12,-0.03974088238254725
2002-08-13,0.0021728471300248575
2002-08-14,0.013365898413895128
2002-08-15,0.019745746678351273
2002-08-16,-0.03563059049295825
2002-08-19,0.04307998987279138
2002-08-20,-0.014345349813281505
2002-08-21,0.06801950149138669
2002-08-22,0.0
2002-08-23,0.0
2002-08-26,0.0
2002-08-27,0.015622888805725488
2002-08-28,-0.027074563647326744
2002-08-29,-0.05803549993699508
2002-08-30,-0.019501984725389
2002-09-03,-0.06017721074295135
2002-09-04,0.015415169083313973
2002-09-05,-0.039502139079753085
2002-09-06,0.09318064015539829
2002-09-09,0.0
2002-09-10,0.0
2002-09-11,0.0
2002-09-12,-0.04390160952104294
2002-09-13,-0.055189301366866284
2002-09-16,-0.011013862973239474
2002-09-17,0.0730794069824563
2002-09-18,0.0
2002-09-19,0.0
2002-09-20,0.0
2002-09-23,-0.06083764545007231
2002-09-24,-0.04636136602272711
2002-09-25,0.05910946615945978
2002-09-26,0.0
2002-09-27,0.0
2002-09-30,0.0
2002-10-01,0.031179888731238004
2002-10-02,0.0017951943907223988
2002-10-03,-0.12483017059310264
2002-10-04,0.012451705684563441
2002-10-07,-0.0060143966821393224
2002-10-08,0.045326692265725166
2002-10-09,-0.020774890262590495
2002-10-10,0.00544577250999545
2002-10-11,0.11355511146599007
2002-10-14,0.0
2002-10-15,0.0
2002-10-16,0.0
2002-10-17,0.2693992881906846
2002-10-18,0.0
2002-10-21,0.0
2002-10-22,0.0
2002-10-23,0.010531388204201075
2002-10-24,0.04792659149002465
2002-10-25,-0.046045171855900846
2002-10-28,0.09482440483006993
2002-10-29,0.0
2002-10-30,0.0
2002-10-31,0.0
2002-11-01,-0.010260468907119402
2002-11-04,0.026520943640005568
2002-11-05,-0.010502734972712813
2002-11-06,0.011795167892557634
2002-11-07,-0.01774743419310687
2002-11-08,0.0027665015749454014
2002-11-11,-0.00138597316581901
2002-11-12,0.006804236345015591
2002-11-13,-0.006172150206544824
2002-11-14,0.015357886820803968
2002-11-15,-0.02764765210391107
2002-11-18,0.005178502804181084
2002-11-19,-0.012906064303964682
2002-11-20,0.00012426828282108282
2002-11-21,0.002943453585481981
2002-11-22,-0.007729268988594606
2002-11-25,-0.009644526015278654
2002-11-26,-0.007402860789708532
2002-11-27,0.02250101519460368
2002-11-29,0.011428922046864187
2002-12-02,0.019753316850749325
2002-12-03,0.0
2002-12-04,0.0
2002-12-05,0.0
2002-12-06,0.0
2002-12-09,0.0
2002-12-10,0.0
2002-12-11,0.0
2002-12-12,0.0
2002-12-13,0.0
2002-12-16,0.0
2002-12-17,0.0
2002-12-18,0.0
2002-12-19,0.0
2002-12-20,0.0
2002-12-23,0.0
2002-12-24,0.0
2002-12-26,0.0
2002-12-27,0.0
2002-12-30,0.0
2002-12-31,0.0
2003-01-02,0.0
2003-01-03,0.0
2003-01-06,0.0
2003-01-07,0.0
2003-01-08,0.0
2003-01-09,0.0
2003-01-10,0.0
2003-01-13,0.0
2003-01-14,0.0
2003-01-15,0.0
2003-01-16,0.0
2003-01-17,0.0
2003-01-21,0.0
2003-01-22,0.0
2003-01-23,0.0
2003-01-24,0.0
2003-01-27,0.0
2003-01-28,0.0
2003-01-29,0.0
2003-01-30,0.0
2003-01-31,0.0
2003-02-03,0.0
2003-02-04,-0.004945027769146737
2003-02-05,0.015908742626144168
2003-02-06,0.03796267350462035
2003-02-07,0.03610561488355435
2003-02-10,-0.0060850174947171265
2003-02-11,-0.010653956034314294
2003-02-12,0.0007134228293876888
2003-02-13,0.009419944153366222
2003-02-14,0.06515196767010112
2003-02-18,0.0
2003-02-19,0.0
2003-02-20,0.0
2003-02-21,0.00984339610835705
2003-02-24,-0.0022764834791920707
2003-02-25,-0.021975575200146147
2003-02-26,-0.009765138853573774
2003-02-27,0.0034427459543844297
2003-02-28,0.0006223436945618221
2003-03-03,0.009427046587349608
2003-03-04,-0.0037845008396186763
2003-03-05,-0.005264586790071579
2003-03-06,-0.0031731179380525276
2003-03-07,-0.018756848032088214
2003-03-10,-0.0032140954998161053
2003-03-11,0.005936282480756505
2003-03-12,-0.004906154482896996
2003-03-13,0.0287462566630603
2003-03-14,-0.004606365020341174
2003-03-17,-0.017756268754801963
2003-03-18,0.008334622903331868
2003-03-19,0.012641722606934414
2003-03-20,0.0006100784523579428
2003-03-21,0.06522657935128029
2003-03-24,0.0
2003-03-25,0.0
2003-03-26,0.0
2003-03-27,-0.018980425555465752
2003-03-28,-0.011399176943207023
2003-03-31,-0.05374858141557737
2003-04-01,0.017001213379787883
2003-04-02,0.062318974107768765
2003-04-03,0.0
2003-04-04,0.0
2003-04-07,0.0
2003-04-08,-0.0034112491356437236
2003-04-09,-0.00878999115887269
2003-04-10,0.01863581914401724
2003-04-11,0.019256016816648458
2003-04-14,-0.009929185106385963
2003-04-15,-0.03879885627080759
2003-04-16,0.04293756554414241
2003-04-17,-0.03341058814421283
2003-04-21,0.026038451087542658
2003-04-22,0.006351725391366303
2003-04-23,0.0044967439393786
2003-04-24,-0.00033194781566725506
2003-04-25,-0.0037929143941421994
2003-04-28,-0.0028668906847285625
2003-04-29,0.03561005652650939
2003-04-30,-0.0035251772106362766
2003-05-01,-0.007713214972852378
2003-05-02,0.003465122512470442
2003-05-05,0.009150897172042649
2003-05-06,-0.0016786376656987567
2003-05-07,-0.012906235213558714
2003-05-08,-0.010421134384925534
2003-05-09,0.06035609882958881
2003-05-12,0.0
2003-05-13,0.0
2003-05-14,0.0
2003-05-15,0.011661959466979344
2003-05-16,-0.0035958738421234537
2003-05-19,-0.021938528541541547
2003-05-20,0.014945850709352726
2003-05-21,-0.006199248246690381
2003-05-22,0.0061552216792970516
2003-05-23,0.009615136825617654
2003-05-27,-0.012165465963817623
2003-05-28,0.009930070185734552
2003-05-29,0.0028522048567158897
2003-05-30,0.030286147694626786
2003-06-02,0.0
2003-06-03,0.0
2003-06-04,0.0
2003-06-05,-0.0056942322866387896
2003-06-06,0.019686919746170206
2003-06-09,-0.005293193084553116
2003-06-10,-0.006809745412917678
2003-06-11,-0.005947196837085333
2003-06-12,0.00203875986155011
2003-06-13,-0.021190786934625616
2003-06-16,0.00813996164979014
2003-06-17,0.015078113505477608
2003-06-18,-0.016579245590517266
2003-06-19,-0.0009550273652209063
2003-06-20,0.0115172044834837
2003-06-23,-0.0022078458546683777
2003-06-24,-0.007620455193969478
2003-06-25,0.009889726395432064
2003-06-26,0.004178818670648843
2003-06-27,0.011378999330800887
2003-06-30,0.017347381803412443
2003-07-01,-0.0017190934126688484
2003-07-02,0.03346240882990115
2003-07-03,-0.02017289133483613
2003-07-07,0.009224887334488008
2003-07-08,-0.009850251238215035
2003-07-09,0.002236376710973653
2003-07-10,-0.030405503924790023
2003-07-11,0.002577835143527718
2003-07-14,0.028281922987771324
2003-07-15,-0.012036191903870619
2003-07-16,0.014346530225359144
2003-07-17,-0.029429789189215128
2003-07-18,0.004995145502107112
2003-07-21,0.0023858914712968637
2003-07-22,0.01397041204581062
2003-07-23,-0.017525146814575288
2003-07-24,0.03044822748584375
2003-07-25,-8.827564457625225e-05
2003-07-28,0.005739588418095298
2003-07-29,0.02174082327754734
2003-07-30,-0.0029824068185996255
2003-07-31,0.009792393962544388
2003-08-01,-0.00361044439972269
2003-08-04,-0.007899905448652933
2003-08-05,0.017001460405529745
2003-08-06,-0.0001116638832358019
2003-08-07,-0.016460677412590163
2003-08-08,-0.0519121714130808
2003-08-11,0.011770638588735949
2003-08-12,0.002308836342818088
2003-08-13,0.0015632019618456727
2003-08-14,-0.017592785850764847
2003-08-15,-0.0051258620918169795
2003-08-18,0.01364779043727693
2003-08-19,0.022153075516376575
2003-08-20,-0.03305216921941112
2003-08-21,0.028077144893501993
2003-08-22,0.04627033159741312
2003-08-25,0.006050662844951926
2003-08-26,-0.010771412212858822
2003-08-27,0.005450866726491865
2003-08-28,0.004390739817970779
2003-08-29,-0.002541148623530609
2003-09-02,0.007851507069004393
2003-09-03,0.01029753856041804
2003-09-04,-0.002723741923298162
2003-09-05,-0.003224399872586825
2003-09-08,0.0017576295509080797
2003-09-09,-0.0035369528399010752
2003-09-10,-0.009476224851164505
2003-09-11,0.0005080850008132298
2003-09-12,0.0019320552959520843
2003-09-15,0.00599309535279513
2003-09-16,0.003391493464456774
2003-09-17,-0.0004104295352425069
2003-09-18,-0.004093298659825995
2003-09-19,0.000703570489894334
2003-09-22,-0.01834069859838028
2003-09-23,0.010511232912626678
2003-09-24,0.006034247989581187
2003-09-25,0.0057421554440622025
2003-09-26,-0.01035846982678812
2003-09-29,0.01641251709081959
2003-09-30,-0.0215515264756152
2003-10-01,0.007268776982161551
2003-10-02,0.00010921820857157094
2003-10-03,0.05953507771166988
2003-10-06,0.0
2003-10-07,0.0
2003-10-08,0.0
2003-10-09,0.026967192330399348
2003-10-10,0.007953556394219907
2003-10-13,0.004892389849752599
2003-10-14,-0.01864940300047302
2003-10-15,0.04364031136371893
2003-10-16,0.0
2003-10-17,0.0
2003-10-20,0.0
2003-10-21,0.011959461549617245
2003-10-22,-0.01931641213909696
2003-10-23,-0.024043146368496138
2003-10-24,0.004541904385170437
2003-10-27,0.0314552226864524
2003-10-28,0.04549013388803402
2003-10-29,0.0
2003-10-30,0.0
2003-10-31,0.0
2003-11-03,0.02488538365122217
2003-11-04,-0.010431767798911307
2003-11-05,-0.0024946099978299108
2003-11-06,0.019100727197459255
2003-11-07,0.0014467049674287136
2003-11-10,-0.018579247039609226
2003-11-11,-0.004284127620791889
2003-11-12,0.012062066134703953
2003-11-13,-0.008719881910559613
2003-11-14,-0.0068207605450704145
2003-11-17,-0.018288706524767773
2003-11-18,0.01369248845040083
2003-11-19,0.00489399415181091
2003-11-20,-0.03367834382915169
2003-11-21,0.01742859531033547
2003-11-24,0.0069503775269836865
2003-11-25,0.013772845130068712
2003-11-26,0.012715727354141837
2003-11-28,-0.0006743552930428276
2003-12-01,0.015932225062019523
2003-12-02,0.008873379759665179
2003-12-03,0.013759997785002698
2003-12-04,0.011003498637783382
2003-12-05,-0.025351941728397942
2003-12-08,-0.005788875541400396
2003-12-09,0.01693767467204288
2003-12-10,-0.006223349476780937
2003-12-11,0.004631393332307887
2003-12-12,0.008574071272185346
2003-12-15,0.028732815827325897
2003-12-16,0.003163993997926884
2003-12-17,-0.003549234680547686
2003-12-18,0.009448212528408328
2003-12-19,0.003099727245322148
2003-12-22,-0.00575811986497754
2003-12-23,0.0001989407286544509
2003-12-24,-0.000364657060137219
2003-12-26,0.0009325045031205459
2003-12-29,0.0062263161738678185
2003-12-30,0.003167578314595243
2003-12-31,0.0009205310118343135
2004-01-02,0.011612614967173585
2004-01-05,0.009220074889265462
2004-01-06,0.0014060584053068315
2004-01-07,0.0031315085453487157
2004-01-08,0.01799561874865052
2004-01-09,-0.004979556540233965
2004-01-12,0.001979368585792063
2004-01-13,0.0049499229771026165
2004-01-14,0.0025895227188770242
2004-01-15,-0.010006155451249499
2004-01-16,0.00833185358658306
2004-01-20,0.010805927107121471
2004-01-21,-0.019064388138052002
2004-01-22,-0.0026085349499749277
2004-01-23,0.006538703677595681
2004-01-26,0.0007481361101528972
2004-01-27,-0.0006368376616325833
2004-01-28,0.015622854531992969
2004-01-29,0.0063139210698313075
2004-01-30,0.0031273040133295016
2004-02-02,0.015588271041160118
2004-02-03,0.0004075044038023279
2004-02-04,-0.010830742373136637
2004-02-05,0.00966071274918967
2004-02-06,0.008116262928660856
2004-02-09,0.00901339682920499
2004-02-10,0.00399489627493721
2004-02-11,0.00022828389799678384
2004-02-12,0.0034069754032086674
2004-02-13,0.011574062378457706
2004-02-17,0.02331417609449926
2004-02-18,0.003521745792667952
2004-02-19,0.02595282707962321
2004-02-20,-0.007635160223677828
2004-02-23,-0.014802147697555501
2004-02-24,-0.03747513324906104
2004-02-25,0.008013375828171077
2004-02-26,-0.0038759908449462754
2004-02-27,0.007726736105598153
2004-03-01,-0.005995272804955709
2004-03-02,0.0011556732563013927
2004-03-03,-0.00967682055615493
2004-03-04,-0.0045724961354426386
2004-03-05,-0.02257563266107654
2004-03-08,0.06051194633031409
2004-03-09,0.0
2004-03-10,0.0
2004-03-11,0.0
2004-03-12,0.04279339467128018
2004-03-15,0.0
2004-03-16,0.0
2004-03-17,0.0
2004-03-18,0.009097700431733413
2004-03-19,0.014153667052360097
2004-03-22,-0.0198167974658513
2004-03-23,0.03619776025879151
2004-03-24,0.0006537116948863719
2004-03-25,0.012917393854048997
2004-03-26,-0.0068042928659075574
2004-03-29,0.029685504504386895
2004-03-30,0.03092416703778289
2004-03-31,0.008991121466776164
2004-04-01,0.01566780553651359
2004-04-02,0.01480819420638202
2004-04-05,-0.007040017534289955
2004-04-06,-0.013536524200627897
2004-04-07,-0.0001821463346348695
2004-04-08,0.009688795048618859
2004-04-12,0.0017388264629638606
2004-04-13,0.003954651700657452
2004-04-14,-0.014032998437994437
2004-04-15,-0.0074830050159671035
2004-04-16,0.00200991302692044
2004-04-19,0.0020774944077572854
2004-04-20,0.0029259026657932896
2004-04-21,0.0007671076644530928
2004-04-22,-0.007706967769442019
2004-04-23,0.009394122678305639
2004-04-26,0.0050606686483163354
2004-04-27,0.00468349649466937
2004-04-28,-0.0065026511996467695
2004-04-29,-0.0044666049578145905
2004-04-30,-0.0007687302112979744
2004-05-03,0.013703936208932399
2004-05-04,0.01158721917486405
2004-05-05,0.009743085709251087
2004-05-06,0.0021419915193212624
2004-05-07,0.015291547026761165
2004-05-10,-0.013257553495999885
2004-05-11,0.0168620237782815
2004-05-12,-0.013012819579670376
2004-05-13,-0.009600448153597174
2004-05-14,0.004668007304184485
2004-05-17,-0.015425832881052481
2004-05-18,0.01718293390016723
2004-05-19,0.03544863617168037
2004-05-20,0.0007615018875621882
2004-05-21,0.014385051295995988
2004-05-24,0.008874421787500086
2004-05-25,0.00032121503325943657
2004-05-26,8.060355030403699e-05
2004-05-27,0.012967077794011406
2004-05-28,0.009783841628957735
2004-06-01,-0.012197829354435141
2004-06-02,0.012196106031748588
2004-06-03,-0.007729790459835795
2004-06-04,0.023395130112017437
2004-06-07,0.01200474046153266
2004-06-08,-0.0020335195835562425
2004-06-09,0.0011774657210466
2004-06-10,0.014174856273630576
2004-06-14,-0.0018550312644760591
2004-06-15,0.01668082331808174
2004-06-16,-0.005172078087520737
2004-06-17,-0.00474641498412276
2004-06-18,-0.015681395964618816
2004-06-21,0.0034585174666570406
2004-06-22,0.007879214147473501
2004-06-23,0.0063652517946319875
2004-06-24,0.00425723798596489
2004-06-25,0.007957513381842807
2004-06-28,0.012565401465357562
2004-06-29,0.011453520278909446
2004-06-30,-0.008272676841033277
2004-07-01,0.003348146015922815
2004-07-02,0.0004218164524605328
2004-07-06,-0.018222579389292504
2004-07-07,0.003578665936072145
2004-07-08,-0.007139587593578689
2004-07-09,0.005086202750059998
2004-07-12,-0.012703809358834972
2004-07-13,0.006909032271590343
2004-07-14,-0.03201473750606798
2004-07-15,0.0047886953759654904
2004-07-16,0.01488460719904805
2004-07-19,9.534249682019436e-05
2004-07-20,0.003316873220971628
2004-07-21,0.013353783539305164
2004-07-22,0.0033245184180010767
2004-07-23,-0.005803567042501512
2004-07-26,0.0059902963595157566
2004-07-27,0.0013007969242972983
2004-07-28,-0.005898599654654224
2004-07-29,0.0076385410684844945
2004-07-30,-0.0022079172030391447
2004-08-02,-0.007585051014577848
2004-08-03,-0.0019600803665373867
2004-08-04,-0.0038814614751220278
2004-08-05,0.0034270874857353917
2004-08-06,-0.10011039964418966
2004-08-09,0.014481697075605648
2004-08-10,0.01867103544319515
2004-08-11,-0.01933187236340983
2004-08-12,-0.006282200821416506
2004-08-13,0.007823452272912146
2004-08-16,-0.004192488503280689
2004-08-17,0.01618762464363699
2004-08-18,-0.0016021131854445647
2004-08-19,-0.0026788206631709333
2004-08-20,0.004285063556718871
2004-08-23,0.015215467826346085
2004-08-24,0.01640551401814694
2004-08-25,0.010152451572436272
2004-08-26,-0.016393591620007086
2004-08-27,0.004603368282339204
2004-08-30,-0.0054633072247068926
2004-08-31,0.0024241835970972847
2004-09-01,0.006425153076439427
2004-09-02,0.0015385431747449996
2004-09-03,-0.027896920210123022
2004-09-07,0.011997590099124045
2004-09-08,-0.001415761995591902
2004-09-09,0.02111559398544549
2004-09-10,-0.004278088007116598
2004-09-13,0.006431098154296988
2004-09-14,-0.005829344084287591
2004-09-15,-0.01968834160661237
2004-09-16,0.012331555761414092
2004-09-17,0.014250640855901331
2004-09-20,-0.017250691566973453
2004-09-21,0.019699752270430526
2004-09-22,-0.014644933290223983
2004-09-23,0.0035566136485147837
2004-09-24,0.005277471957094049
2004-09-27,-0.011534210105016651
2004-09-28,-0.00239386574185374
2004-09-29,-0.0006214285498528094
2004-09-30,-0.00425771920019502
2004-10-01,0.009929547478572776
2004-10-04,0.013590346673421072
2004-10-05,-0.024120987555770745
2004-10-06,0.0032757793186171114
2004-10-07,0.0058852292425679575
2004-10-08,-0.01210254443954828
2004-10-11,-0.0006483243154093987
2004-10-12,-0.027223645724607115
2004-10-13,0.027427504310353124
2004-10-14,-0.0024464707552517284
2004-10-15,0.007271635119941777
2004-10-18,-0.008180293309570152
2004-10-19,0.017692413282003105
2004-10-20,-0.00490075755221997
2004-10-21,0.009629593898420774
2004-10-22,0.006653468718889943
2004-10-25,-0.0038909423206637817
2004-10-26,0.03646733626342513
2004-10-27,0.0
2004-10-28,0.0
2004-10-29,0.0
2004-11-01,0.00680355380452391
2004-11-02,0.0012567270708778722
2004-11-03,0.017492357452308926
2004-11-04,0.0
2004-11-05,0.0
2004-11-08,0.0
2004-11-09,0.0018668005189892423
2004-11-10,0.0019562809126734138
2004-11-11,0.0033785626387601297
2004-11-12,0.0025196788196857334
2004-11-15,0.0012504549538585596
2004-11-16,0.0013609762764807964
2004-11-17,0.0002947855398527377
2004-11-18,0.0022629643785860853
2004-11-19,0.020079371198502782
2004-11-22,0.0
2004-11-23,0.0
2004-11-24,0.0
2004-11-26,0.0009801705313656761
2004-11-29,-0.002330103715119325
2004-11-30,0.0012881358898142459
2004-12-01,0.0026201922349422535
2004-12-02,-0.015187316773903503
2004-12-03,0.015287131533550768
2004-12-06,-0.00938674451729904
2004-12-07,-0.0142660947572687
2004-12-08,-0.011237726642718049
2004-12-09,-0.013893637751366539
2004-12-10,-0.008144773848842601
2004-12-13,0.026027331415365396
2004-12-14,0.01153867403172626
2004-12-15,0.0003965512649852787
2004-12-16,-0.022166200724834995
2004-12-17,-0.009369743276250064
2004-12-20,0.016296633879752997
2004-12-21,0.0099068600700285
2004-12-22,0.0026221605512495305
2004-12-23,0.008230378593968357
2004-12-27,0.013089472554679737
2004-12-28,0.004433505694196649
2004-12-29,-0.006165203284909215
2004-12-30,0.00200181787642717
2004-12-31,0.012517285867253758
2005-01-03,0.03460736484142868
2005-01-04,-0.0029875138631827447
2005-01-05,-0.0027934522397867756
2005-01-06,0.009400291007976236
2005-01-07,0.012306277895230311
2005-01-10,0.006307630817530052
2005-01-11,0.003208569206466283
2005-01-12,0.010828975784744621
2005-01-13,-0.0033777877393588174
2005-01-14,0.0049498488901791315
2005-01-18,-0.01519291162082581
2005-01-19,0.004470848376126213
2005-01-20,-0.01496201063120961
2005-01-21,0.0044193784284147775
2005-01-24,-0.01879387033850577
2005-01-25,0.008202119280909193
2005-01-26,0.009485666040222274
2005-01-27,0.002701652847517444
2005-01-28,0.008019725437190095
2005-01-31,0.023553866179268246
2005-02-01,-0.007897133690268343
2005-02-02,0.011298463978124174
2005-02-03,-0.006261500758751315
2005-02-04,-0.0008388629930334845
2005-02-07,0.0012410604271602121
2005-02-08,-0.0013419209534525356
2005-02-09,-0.014860845109954113
2005-02-10,0.0039012760047762995
2005-02-11,0.0034251665419782196
2005-02-14,0.006416679469165576
2005-02-15,0.008897013567153111
2005-02-16,-0.0016115514276570098
2005-02-17,0.006939705671674901
2005-02-18,0.02270570682858475
2005-02-22,-0.005953527613581033
2005-02-23,0.002118201287466981
2005-02-24,-0.0038466269576908907
2005-02-25,0.004303187339311343
2005-02-28,-0.0014509832783657917
2005-03-01,0.0031032924324869704
2005-03-02,-0.011122991771461699
2005-03-03,0.002113377426023355
2005-03-04,0.01740124984742697
2005-03-07,0.0027458144056589084
2005-03-08,-0.014929823491857452
2005-03-09,-0.01818125448227148
2005-03-10,0.005117252921967186
2005-03-11,0.012318180356327924
2005-03-14,0.01754057376089979
2005-03-15,0.008612426390152583
2005-03-16,0.0013956931270018291
2005-03-17,0.007400235666419119
2005-03-18,0.01619150516863299
2005-03-21,0.004293629747109895
2005-03-22,0.0006136968906687024
2005-03-23,-0.005063142845347701
2005-03-24,0.005484634885767337
2005-03-28,0.00296854323677076
2005-03-29,-0.00023728187705074344
2005-03-30,0.003723638730259049
2005-03-31,-0.006325587214284556
2005-04-01,0.010038822201706488
2005-04-04,-0.0031126472188959253
2005-04-05,0.0027507496898426798
2005-04-06,0.008113465908466733
2005-04-07,0.0009198526511347005
2005-04-08,0.0019699891956113103
2005-04-11,0.0017149747205325028
2005-04-12,-0.001151997544304062
2005-04-13,-0.0008086877258961511
2005-04-14,0.0005878711478874976
2005-04-15,-0.01160882396222862
2005-04-18,-0.0019686308380795214
2005-04-19,0.007935523868415784
2005-04-20,0.007554208577499111
2005-04-21,0.013884371396459816
2005-04-22,-0.0006586954720324556
2005-04-25,0.01176044092828632
2005-04-26,0.001316931870374738
2005-04-27,-0.005755619585121163
2005-04-28,-0.00486539153832688
2005-04-29,0.004327196256438626
2005-05-02,0.0027949892571277335
2005-05-03,-0.0008664547443892889
2005-05-04,0.001929528690424176
2005-05-05,0.0015614974699604822
2005-05-06,0.006695008035477068
2005-05-09,0.00453071095207469
2005-05-10,-0.0007467832180733103
2005-05-11,0.002720799979352151
2005-05-12,-0.0009109443092005787
2005-05-13,0.026122248982359597
2005-05-16,0.0
2005-05-17,0.0
2005-05-18,0.0
2005-05-19,0.0008411128018794845
2005-05-20,0.0006706220087622228
2005-05-23,0.004697653400835167
2005-05-24,-0.004455461998206123
2005-05-25,-0.00222082335792928
2005-05-26,0.002741382800063974
2005-05-27,-0.0007377986082536259
2005-05-31,-0.0011644472052853017
2005-06-01,-0.0018798281861159838
2005-06-02,-0.0007873570406154995
2005-06-03,-0.0001322799813974207
2005-06-06,-0.009141872410905694
2005-06-07,-6.692173092570641e-05
2005-06-08,0.0029481534994351133
2005-06-09,-0.003149530605721207
2005-06-10,0.000548354499056547
2005-06-13,-0.002016604947448264
2005-06-14,-0.0006269210483657028
2005-06-15,0.003421205909576841
2005-06-16,0.002775816170161871
2005-06-17,0.00780288227196424
2005-06-20,-0.002453336074870194
2005-06-21,0.0003721551042188409
2005-06-22,0.005869505313392809
2005-06-23,-0.0015256638834643121
2005-06-24,-0.001275561661375546
2005-06-27,-0.004224501048731399
2005-06-28,0.0065429365333178335
2005-06-29,-8.411295715593514e-05
2005-06-30,0.006214833565337807
2005-07-01,-0.0014524943657653333
2005-07-05,0.0
2005-07-06,0.0
2005-07-07,0.0
2005-07-08,0.0
2005-07-11,0.0
2005-07-12,0.0
2005-07-13,0.0
2005-07-14,0.0
2005-07-15,0.0
2005-07-18,0.0
2005-07-19,0.0
2005-07-20,0.0
2005-07-21,0.0
2005-07-22,0.0
2005-07-25,0.0
2005-07-26,0.0
2005-07-27,0.0
2005-07-28,0.0
2005-07-29,0.0
2005-08-01,0.0
2005-08-02,-0.0004430142017632921
2005-08-03,-0.0033657584942704544
2005-08-04,-0.00237897059484804
2005-08-05,-0.0003693704461971148
2005-08-08,0.0014459287139607646
2005-08-09,0.0018407207286172955
2005-08-10,0.0007339504991601409
2005-08-11,-0.0018921482214665497
2005-08-12,-0.002995447213912761
2005-08-15,-0.00019387015987881728
2005-08-16,0.00027836728821917234
2005-08-17,-0.0031085524639553608
2005-08-18,-0.007372983793997867
2005-08-19,-0.0015642559566116931
2005-08-22,0.0021443815085298024
2005-08-23,0.0008841110659734142
2005-08-24,-0.004308566990716911
2005-08-25,-0.0007895577351447747
2005-08-26,-0.01383286653290583
2005-08-29,-0.0069361021154230595
2005-08-30,-0.00047286327918638626
2005-08-31,-0.00014292906326818233
2005-09-01,-0.004938693808166472
2005-09-02,0.0
2005-09-06,0.0
2005-09-07,0.0
2005-09-08,0.0
2005-09-09,0.0
2005-09-12,0.0
2005-09-13,0.0
2005-09-14,0.0
2005-09-15,0.0
2005-09-16,0.0
2005-09-19,0.0
2005-09-20,0.0
2005-09-21,0.0
2005-09-22,0.0
2005-09-23,0.0
2005-09-26,0.0
2005-09-27,0.0
2005-09-28,0.0
2005-09-29,0.0
2005-09-30,0.0
2005-10-03,0.0
2005-10-04,0.0
2005-10-05,0.0
2005-10-06,0.0
2005-10-07,0.0
2005-10-10,0.0
2005-10-11,0.0
2005-10-12,0.0
2005-10-13,0.0
2005-10-14,0.0
2005-10-17,0.0
2005-10-18,0.0
2005-10-19,0.0
2005-10-20,0.0
2005-10-21,0.0
2005-10-24,0.0
2005-10-25,0.0
2005-10-26,0.0
2005-10-27,0.0
2005-10-28,0.0
2005-10-31,0.0
2005-11-01,0.0
2005-11-02,0.0045232941334907295
2005-11-03,0.013995647785209231
2005-11-04,0.0020855401718669064
2005-11-07,0.008354982102119601
2005-11-08,-0.0022639021273848092
2005-11-09,0.0013197494436483215
2005-11-10,0.016152600952577423
2005-11-11,0.00222337854144139
2005-11-14,-0.009340908976753548
2005-11-15,0.01953929784740871
2005-11-16,-0.005184428400900054
2005-11-17,0.010685945205968439
2005-11-18,0.009552087895055683
2005-11-21,0.017629282691996373
2005-11-22,0.011347758200606739
2005-11-23,0.006249173318912282
2005-11-25,0.013619210253712044
2005-11-28,0.004629405480861992
2005-11-29,-0.028230534889678083
2005-11-30,-0.004739876844304547
2005-12-01,0.016574992143813194
2005-12-02,0.004581049653242575
2005-12-05,-0.005948260019929874
2005-12-06,0.002433893924350894
2005-12-07,0.004312734609524638
2005-12-08,0.002084913716710046
2005-12-09,0.006009727940382348
2005-12-12,0.006824491393880194
2005-12-13,5.102451883920445e-05
2005-12-14,-0.00032446946299236057
2005-12-15,0.000583693079988068
2005-12-16,0.004313094661349215
2005-12-19,0.0022502035832934197
2005-12-20,0.0002583530188837724
2005-12-21,1.2599913779220984e-05
2005-12-22,0.004622819370238229
2005-12-23,0.0034726196691317046
2005-12-27,0.0008330045983044876
2005-12-28,0.0017437943578033632
2005-12-29,-0.0016704433120143802
2005-12-30,-0.00438144795707196
2006-01-03,0.011862568106538518
2006-01-04,0.005373604478779548
2006-01-05,0.0023470567769061645
2006-01-06,0.013352992930365959
2006-01-09,0.00785319319389921
2006-01-10,0.008779380288625127
2006-01-11,0.028484352309782857
2006-01-12,0.00806334061335634
2006-01-13,-0.01506984343092177
2006-01-17,-0.03414250850811751
2006-01-18,-0.03356221809846305
2006-01-19,0.08600926672713438
2006-01-20,0.0
2006-01-23,0.0
2006-01-24,0.0
2006-01-25,0.028216282870327403
2006-01-26,0.02031255712565838
2006-01-27,0.044273017344924614
2006-01-30,-0.02124486324624064
2006-01-31,0.0027764382753883154
2006-02-01,-0.018959627242898125
2006-02-02,-0.0047288630093274
2006-02-03,0.0019447170754971488
2006-02-06,0.011019322859521452
2006-02-07,0.00605063791989946
2006-02-08,0.014304059065060049
2006-02-09,0.006725671946712586
2006-02-10,0.0030260588613848505
2006-02-13,-0.010392586878340326
2006-02-14,0.009835805992046476
2006-02-15,-0.008377313954699983
2006-02-16,0.012443740184532537
2006-02-17,-0.03034173548747965
2006-02-21,0.006977829280785164
2006-02-22,-0.002436329604855625
2006-02-23,-0.00034522750862542306
2006-02-24,0.00791531868914297
2006-02-27,0.007575548003573074
2006-02-28,0.008330813370527768
2006-03-01,0.009096150170676998
2006-03-02,0.009420377209970798
2006-03-03,0.004924264825361346
2006-03-06,0.006285598756423427
2006-03-07,0.0011585987632094508
2006-03-08,-0.006994867557315265
2006-03-09,0.0037886510225497716
2006-03-10,-0.002615207059583846
2006-03-13,-0.0009427137236058813
2006-03-14,-0.004968331378657265
2006-03-15,0.007291263345470922
2006-03-16,0.01345470742387933
2006-03-17,0.0031916052084746127
2006-03-20,0.002070348430579516
2006-03-21,-0.017411741148501636
2006-03-22,-0.006677753399892961
2006-03-23,0.0148109244473289
2006-03-24,0.0038754126407647416
2006-03-27,0.001199345939469465
2006-03-28,-0.0001652168207169069
2006-03-29,0.007897973134636471
2006-03-30,0.003491420812264945
2006-03-31,0.005510480179906629
2006-04-03,-0.009202166681524737
2006-04-04,-0.0029430427410366278
2006-04-05,-0.012210881368884374
2006-04-06,-0.0007160390423287533
2006-04-07,0.000727046740499171
2006-04-10,0.0010290597048896455
2006-04-11,0.0017758968333572156
2006-04-12,0.000881379122748216
2006-04-13,-0.007785507786020718
2006-04-17,0.0026657759305126483
2006-04-18,-0.003219926179008792
2006-04-19,-0.001676448927287355
2006-04-20,-0.0015010942250417436
2006-04-21,0.002390817024574332
2006-04-24,0.0040070428231731015
2006-04-25,-0.003395340215241127
2006-04-26,0.0037317229042108657
2006-04-27,-0.00759032112631064
2006-04-28,0.0048217320483390225
2006-05-01,0.005321511135624846
2006-05-02,0.007276180535289889
2006-05-03,-0.006071939228377676
2006-05-04,-0.00335527527804258
2006-05-05,0.011139577699375236
2006-05-08,-0.003744796619005175
2006-05-09,-0.005405662049584481
2006-05-10,-0.010326778524791025
2006-05-11,0.00818200809537073
2006-05-12,-0.010937118217140274
2006-05-15,-0.003753972778943848
2006-05-16,0.0014159124060764139
2006-05-17,-0.0014243355206233765
2006-05-18,0.005081260454850467
2006-05-19,0.04166765046735721
2006-05-22,0.0
2006-05-23,0.0
2006-05-24,0.0
2006-05-25,0.014478480587404974
2006-05-26,0.0035543464507401534
2006-05-30,-0.0032567683079210985
2006-05-31,0.011118169635405462
2006-06-01,0.0019200785018955724
2006-06-02,0.006643644759213974
2006-06-05,-0.0005434591041377779
2006-06-06,0.004720382151871094
2006-06-07,0.006598879277096126
2006-06-08,-0.009329247862292167
2006-06-09,0.012601978947555104
2006-06-12,-0.005471732340641355
2006-06-13,-0.004062610705524383
2006-06-14,0.013712750027061738
2006-06-15,0.018267422263586797
2006-06-16,-0.0018317911104931417
2006-06-19,0.009602206906712984
2006-06-20,-0.011913782851361021
2006-06-21,-0.0028074846386174634
2006-06-22,0.008432158551024305
2006-06-23,0.002965804061844768
2006-06-26,0.0026749153354610478
2006-06-27,0.0032075401378295343
2006-06-28,0.003867265085792937
2006-06-29,-0.013942232330932613
2006-06-30,0.0036145581347168942
2006-07-03,0.009781505568910775
2006-07-05,-0.010606803173862756
2006-07-06,0.0035777315075442573
2006-07-07,-0.01555564055311709
2006-07-10,0.0034253635605518973
2006-07-11,-0.004506146389538945
2006-07-12,-0.0014510859319645242
2006-07-13,-0.008845183271387835
2006-07-14,0.006688768583085869
2006-07-17,-0.00573023535010464
2006-07-18,0.007677699839567342
2006-07-19,0.004304555395742149
2006-07-20,0.01827469783103286
2006-07-21,-0.048024369179782145
2006-07-24,0.0021743475427389303
2006-07-25,0.007276747107980874
2006-07-26,0.0005809202009374737
2006-07-27,0.010597408892027538
2006-07-28,0.0068795045808478505
2006-07-31,-0.004749682075183337
2006-08-01,-0.0011508778992427304
2006-08-02,0.009727413643249694
2006-08-03,-0.002944264552138809
2006-08-04,0.016054979271434178
2006-08-07,-0.009289275174596101
2006-08-08,0.002466907903398763
2006-08-09,0.015819513235870275
2006-08-10,-0.0033078107286396152
2006-08-11,-0.020397283873459737
2006-08-14,0.006462975890771938
2006-08-15,0.014679962370508504
2006-08-16,0.005851167138637647
2006-08-17,-0.0009795399137418892
2006-08-18,-0.006931581785138419
2006-08-21,-0.007178125307521044
2006-08-22,0.004003009121581913
2006-08-23,0.002785060053146049
2006-08-24,0.005280538959241854
2006-08-25,-0.0019794318338909322
2006-08-28,0.010166885369245371
2006-08-29,0.002167699778310661
2006-08-30,0.0023968563672776
2006-08-31,0.0004410986544125528
2006-09-01,0.00033025822911314506
2006-09-05,0.002045704857161601
2006-09-06,-0.011169325578811673
2006-09-07,-0.010022856351266873
2006-09-08,0.010031250757318366
2006-09-11,-0.014156557796103808
2006-09-12,-0.0028748615258800125
2006-09-13,0.0014348264630543728
2006-09-14,-0.0027943600639565025
2006-09-15,0.001930054677149684
2006-09-18,0.0014612046561137682
2006-09-19,-0.003593715379317408
2006-09-20,0.007117018116016949
2006-09-21,-0.0005537557929898851
2006-09-22,-0.0016684198443921439
2006-09-25,0.008395943586480437
2006-09-26,-0.0005746607249607072
2006-09-27,-0.0017905959273905037
2006-09-28,-0.023033921154271053
2006-09-29,0.003946326038728243
2006-10-02,-0.002743773219513579
2006-10-03,-0.0036509899038692506
2006-10-04,0.00018014714998382253
2006-10-05,-0.007517590681617614
2006-10-06,-0.0022749069769063546
2006-10-09,-0.0037727953993211827
2006-10-10,0.0009270460450006013
2006-10-11,0.002164044005905419
2006-10-12,0.0025718481324947806
2006-10-13,0.0012700183223366412
2006-10-16,0.00192756213511025
2006-10-17,-0.0031832413793750902
2006-10-18,0.004128318912350659
2006-10-19,0.042309295799505486
2006-10-20,0.0
2006-10-23,0.0
2006-10-24,0.0
2006-10-25,0.002467458210126061
2006-10-26,0.0017959147434241096
2006-10-27,-0.0035690284883239665
2006-10-30,-0.0034824198742863244
2006-10-31,0.008538682409766407
2006-11-01,0.00016461336014850225
2006-11-02,0.0029236443134386114
2006-11-03,0.006831155684928758
2006-11-06,0.0017253652773887573
2006-11-07,0.0021553724243721373
2006-11-08,-0.0035430204617082905
2006-11-09,0.004849972828148141
2006-11-10,-0.0017993513476816103
2006-11-13,0.00019021440014688196
2006-11-14,0.007160197790274436
2006-11-15,0.00013871861937087004
2006-11-16,0.002501623563093247
2006-11-17,-0.002448034261155141
2006-11-20,-0.003018244041343321
2006-11-21,-0.0007567586705564677
2006-11-22,0.001463622684273691
2006-11-24,-0.005730025336255773
2006-11-27,-0.0024176662944898064
2006-11-28,-0.0009004092344758741
2006-11-29,0.005397944424456069
2006-11-30,0.0010339946035129444
2006-12-01,-0.0024625885093056965
2006-12-04,0.005205318486806165
2006-12-05,0.0014390948480149657
2006-12-06,-0.002523234814141073
2006-12-07,0.0033121123066717217
2006-12-08,-0.0003653717697161829
2006-12-11,0.0014281430012668128
2006-12-12,-0.0016825095424182201
2006-12-13,0.009569973246004615
2006-12-14,0.0007348270016693803
2006-12-15,0.0044301430081588045
2006-12-18,-0.005496032944366069
2006-12-19,-0.005772142807610847
2006-12-20,0.0012355949008171496
2006-12-21,-0.00047185116592296517
2006-12-22,0.004503567676466647
2006-12-26,-0.0004055001827937277
2006-12-27,-0.027481321593055053
2006-12-28,-0.010631385605407218
2006-12-29,0.025390807531462833
2007-01-03,0.0
2007-01-04,0.0
2007-01-05,0.0
2007-01-08,0.0016392719796971544
2007-01-09,0.0020956243811558473
2007-01-10,-0.004683174016661296
2007-01-11,0.0020920781327309346
2007-01-12,-0.0034855586846098685
2007-01-16,-0.007607216485937318
2007-01-17,-0.004279448734128444
2007-01-18,0.0037065820977100206
2007-01-19,-2.140866619537718e-07
2007-01-22,0.0012483775101572725
2007-01-23,-0.004020502531734804
2007-01-24,0.004864079906308882
2007-01-25,0.0009917991055636843
2007-01-26,-0.0015254256934154053
2007-01-29,-0.0015179172627699522
2007-01-30,0.0020348447850828677
2007-01-31,-0.001523624906853871
2007-02-01,0.0012516364632548793
2007-02-02,0.002156828267106059
2007-02-05,0.006878057534486448
2007-02-06,0.005815800154258088
2007-02-07,0.032746695604300324
2007-02-08,0.0
2007-02-09,0.0
2007-02-12,0.0
2007-02-13,0.002904544681570531
2007-02-14,0.001962573349751473
2007-02-15,0.0031558605432424613
2007-02-16,-0.0019350340801620458
2007-02-20,0.0009689968800725701
2007-02-21,-0.008194611656471174
2007-02-22,0.0034084453679561477
2007-02-23,-0.0012161125843875853
2007-02-26,0.003150127748098308
2007-02-27,-0.011991988698939804
2007-02-28,0.0023336211413329533
2007-03-01,-0.01387851937963347
2007-03-02,-0.007537900927822028
2007-03-05,-0.025416400632875646
2007-03-06,0.02167408926350034
2007-03-07,-0.006415289091842191
2007-03-08,0.014255110525137171
2007-03-09,0.011362293270316126
2007-03-12,-0.008609270173949968
2007-03-13,-0.009844376337553085
2007-03-14,0.005335977536083059
2007-03-15,-0.0021795659457737315
2007-03-16,0.0021458456495857536
2007-03-19,0.0024595162723728414
2007-03-20,-0.0018747888576929883
2007-03-21,0.019181929795425656
2007-03-22,0.0030833279341375697
2007-03-23,-0.0025770553364861115
2007-03-26,0.0018164002928873213
2007-03-27,-0.0008324815319961099
2007-03-28,-0.007987728039539399
2007-03-29,0.010353794297950358
2007-03-30,0.0069069367853153985
2007-04-02,0.0012261510040478818
2007-04-03,0.002129194720003058
2007-04-04,-0.0029422666460020563
2007-04-05,0.0032994134492454474
2007-04-09,0.016461577912137315
2007-04-10,0.0006049168451136566
2007-04-11,0.003854573126100602
2007-04-12,-0.0025478935848798345
2007-04-13,0.00367718097438674
2007-04-16,0.004650437312539335
2007-04-17,0.011107577742505148
2007-04-18,-0.0027017825682965624
2007-04-19,-0.009937352853361059
2007-04-20,0.021821766281745703
2007-04-23,-0.005889698070885241
2007-04-24,0.00027726918984583016
2007-04-25,0.0032508016119436878
2007-04-26,0.009801597145429497
2007-04-27,-0.012015056750578124
2007-04-30,0.008774627941542601
2007-05-01,0.008309340554363498
2007-05-02,0.0
2007-05-03,0.0
2007-05-04,0.00036789383506952156
2007-05-07,0.0023987344899287777
2007-05-08,-0.005423940688895068
2007-05-09,0.001624371985807116
2007-05-10,-0.0018566421943877476
2007-05-11,-0.0025862049137104215
2007-05-14,0.00019046612703488286
2007-05-15,-0.00018800797246953938
2007-05-16,0.00037587325911281333
2007-05-17,0.0003763223910495661
2007-05-18,-0.00018475178769306044
2007-05-21,0.0037035519429513553
2007-05-22,0.0007271999469453672
2007-05-23,-0.0013014131743261936
2007-05-24,-0.0005558543751641443
2007-05-25,0.0
2007-05-29,0.0
2007-05-30,0.0
2007-05-31,0.0
2007-06-01,0.0
2007-06-04,0.0
2007-06-05,0.0
2007-06-06,0.0
2007-06-07,0.0
2007-06-08,0.0
2007-06-11,0.0
2007-06-12,0.0
2007-06-13,0.0
2007-06-14,0.0
2007-06-15,0.0
2007-06-18,0.0
2007-06-19,0.0
2007-06-20,0.0
2007-06-21,0.0
2007-06-22,0.0
2007-06-25,0.0
2007-06-26,0.0
2007-06-27,0.0
2007-06-28,0.0
2007-06-29,0.0
2007-07-02,0.0
2007-07-03,0.0006839196463743757
2007-07-05,-0.0016977777150362083
2007-07-06,0.00165801316671077
2007-07-09,-0.0013040131827128931
2007-07-10,-0.0025359060464641425
2007-07-11,-0.0014906709753708114
2007-07-12,0.0026528717639042743
2007-07-13,0.0021130799679531798
2007-07-16,0.0011137447424238722
2007-07-17,-0.00013909406390744117
2007-07-18,-0.006458399834114004
2007-07-19,0.004840856409567884
2007-07-20,-0.0007995193314187521
2007-07-23,0.003447899618303829
2007-07-24,-0.022247104596593625
2007-07-25,0.008845110293787206
2007-07-26,-0.00416247113615853
2007-07-27,0.0004452236111400776
2007-07-30,0.0018050802022560042
2007-07-31,0.011931801763256367
2007-08-01,-0.004062251193019506
2007-08-02,0.012058867665155848
2007-08-03,-0.003633023290816606
2007-08-06,0.007556253398272039
2007-08-07,-0.0037550614427235285
2007-08-08,0.01739249967396983
2007-08-09,-0.007294815507315033
2007-08-10,-0.0632639774646615
2007-08-13,0.01698269819564291
2007-08-14,0.003884439097075809
2007-08-15,-0.007442845455238878
2007-08-16,-0.010122306813977078
2007-08-17,0.03404943410377226
2007-08-20,8.840969655277142e-05
2007-08-21,-0.0003642568552316705
2007-08-22,0.02335498468539776
2007-08-23,0.006904801153610363
2007-08-24,-0.0062563640514567975
2007-08-27,0.011019790993052503
2007-08-28,-0.0045339004361844015
2007-08-29,0.020429636928333883
2007-08-30,-0.011881447022949354
2007-08-31,0.02515324988144929
2007-09-04,0.002913584979257422
2007-09-05,-0.0028697409612152835
2007-09-06,0.008400020194870406
2007-09-07,-0.04500598665206912
2007-09-10,0.04412173448931944
2007-09-11,0.020515109109964236
2007-09-12,0.007970971846871011
2007-09-13,0.02725253269929584
2007-09-14,-0.01617610678748649
2007-09-17,-0.004102325343279589
2007-09-18,0.013779559638235295
2007-09-19,0.021814154883531556
2007-09-20,-0.0032972088332541283
2007-09-21,0.015338664266098201
2007-09-24,0.015991176927545814
2007-09-25,-0.0147526290080362
2007-09-26,0.012958107558767695
2007-09-27,0.015294214780772197
2007-09-28,-0.004941646713075842
2007-10-01,0.012674413828016151
2007-10-02,0.00251841881828474
2007-10-03,-0.015807648212554537
2007-10-04,0.0002342036535842862
2007-10-05,0.02761213981664512
2007-10-08,0.017766802522391822
2007-10-09,0.013105476021866957
2007-10-10,0.0037885624299729415
2007-10-11,0.007781398384091753
2007-10-12,0.008631169251250626
2007-10-15,0.0007998309380077284
2007-10-16,-0.01581354556012582
2007-10-17,0.0450916077023249
2007-10-18,-0.012190326122442419
2007-10-19,0.001543951594748183
2007-10-22,-0.006355531079947352
2007-10-23,0.07442106325963871
2007-10-24,0.0
2007-10-25,0.0
2007-10-26,0.0
2007-10-29,-0.011989993812095312
2007-10-30,0.004326906103630623
2007-10-31,0.00370087855426382
2007-11-01,-0.020342765326492818
2007-11-02,0.00902607371829256
2007-11-05,-0.009048532718430313
2007-11-06,0.00366172989174518
2007-11-07,-0.010693380706058409
2007-11-08,-0.0017841870891595057
2007-11-09,-0.0033594026894060436
2007-11-12,-0.0021173948969194223
2007-11-13,0.013227595959567573
2007-11-14,0.00815386058332268
2007-11-15,-0.0027983880729650634
2007-11-16,0.006240380732588369
2007-11-19,-0.007316652661974454
2007-11-20,0.0047484735445750825
2007-11-21,-0.008411750640062277
2007-11-23,0.006303267884238073
2007-11-26,0.001322224471112854
2007-11-27,0.005993089844252175
2007-11-28,0.011186706269903812
2007-11-29,-0.0007452125912851271
2007-11-30,0.012602146876496745
2007-12-03,0.006403290922321059
2007-12-04,-0.000584362641419478
2007-12-05,0.012531445793662499
2007-12-06,0.0006325923842498415
2007-12-07,0.0006295147337751494
2007-12-10,-0.001808512971794074
2007-12-11,0.010413998369601885
2007-12-12,0.020940831419147488
2007-12-13,0.0
2007-12-14,0.0
2007-12-17,0.0
2007-12-18,0.010219484727682415
2007-12-19,-0.000293800000170541
2007-12-20,0.010710876509260281
2007-12-21,0.007102709980543187
2007-12-24,0.002005032115502292
2007-12-26,0.0023771874376661284
2007-12-27,-0.0017945895596277461
2007-12-28,0.0002882566665449726
2007-12-31,-0.00480857739932361
2008-01-02,-0.0030088371316435714
2008-01-03,0.0019268614170415699
2008-01-04,-0.012983485240872783
2008-01-07,0.006456954638707657
2008-01-08,0.005153402541558494
2008-01-09,0.005409871365221086
2008-01-10,-0.006263159750590774
2008-01-11,-0.0012708716419067567
2008-01-14,0.013493920207086507
2008-01-15,-0.015516543612618228
2008-01-16,-0.025262724416493465
2008-01-17,0.00985844810906622
2008-01-18,0.02297702425029091
2008-01-22,0.0
2008-01-23,0.0
2008-01-24,0.0
2008-01-25,0.01659798852393113
2008-01-28,-0.0034581459115086144
2008-01-29,0.007648308181235741
2008-01-30,-0.006209479465831724
2008-01-31,-0.01303395755506509
2008-02-01,0.00836788142185485
2008-02-04,0.009281556849652928
2008-02-05,-0.011237589522721136
2008-02-06,0.006484064103544851
2008-02-07,-0.013853406507806088
2008-02-08,-0.00023904963697163328
2008-02-11,0.005406125492557923
2008-02-12,0.011857317805122225
2008-02-13,0.007709649472207314
2008-02-14,-0.009987944290599682
2008-02-15,0.00035733401504756124
2008-02-19,0.021164283995845246
2008-02-20,0.0
2008-02-21,0.0
2008-02-22,0.0
2008-02-25,-0.001286111722711536
2008-02-26,-0.004115793780507526
2008-02-27,-0.005902250525670616
2008-02-28,-0.0058581379127043975
2008-02-29,-0.004462719777831192
2008-03-03,-0.00029006676284815125
2008-03-04,-0.0027063023206191916
2008-03-05,0.003835712056135865
2008-03-06,-0.002248046244769375
2008-03-07,-0.00707916601888825
2008-03-10,-0.004930975349501265
2008-03-11,0.011853519683697078
2008-03-12,0.0
2008-03-13,0.0
2008-03-14,0.0
2008-03-17,-0.017973463198453388
2008-03-18,0.00898355062616285
2008-03-19,-0.00931719554328636
2008-03-20,0.004645597066747609
2008-03-24,0.00909989583474946
2008-03-25,0.001978051079556842
2008-03-26,-0.005985852910717959
2008-03-27,-0.006718299146223683
2008-03-28,0.007970066111485208
2008-03-31,0.004763189723677064
2008-04-01,0.013367809192941671
2008-04-02,0.0013439198811726616
2008-04-03,0.0085381608623738
2008-04-04,-0.004758515693003229
2008-04-07,0.008627965922498815
2008-04-08,-0.011163646276599826
2008-04-09,0.0017788657519750561
2008-04-10,0.007237338654350944
2008-04-11,-0.010783851410731904
2008-04-14,-0.0006403344310270676
2008-04-15,0.002136629847896643
2008-04-16,0.012741339546004093
2008-04-17,-0.014346719608072878
2008-04-18,0.011457998459329044
2008-04-21,-0.001487568894515956
2008-04-22,-0.004903840738179843
2008-04-23,0.00599853429745667
2008-04-24,0.0013353278945640312
2008-04-25,0.00441538125597174
2008-04-28,-0.004045401705526586
2008-04-29,-0.0013311118666662347
2008-04-30,0.003730743089993105
2008-05-01,0.0022338132490626883
2008-05-02,0.0
2008-05-05,0.0
2008-05-06,0.0
2008-05-07,0.0
2008-05-08,0.0
2008-05-09,0.0
2008-05-12,-0.0006460655418185635
2008-05-13,-0.00014137983661721698
2008-05-14,0.0006071181975817463
2008-05-15,3.552983522903119e-05
2008-05-16,0.0014612490257486233
2008-05-19,-0.0003921623329697921
2008-05-20,-0.003545683240888664
2008-05-21,0.0008290216819932805
2008-05-22,0.0005142685054306817
2008-05-23,-0.0023552306656958732
2008-05-27,0.0005965091622190943
2008-05-28,0.002249620072156011
2008-05-29,0.0006917188392194795
2008-05-30,0.0009861152085888225
2008-06-02,-0.00045080747420278566
2008-06-03,-0.0037720168187175274
2008-06-04,-0.0001971867711113573
2008-06-05,0.0005221064464928649
2008-06-06,-0.006495071292887289
2008-06-09,0.0007760800870697526
2008-06-10,-0.005183948537947014
2008-06-11,-0.0014114100034641197
2008-06-12,0.006451090677671134
2008-06-13,0.006510068492427079
2008-06-16,-0.004594431120573006
2008-06-17,0.002423773013537689
2008-06-18,-0.0024907791346037156
2008-06-19,-0.0016975582113177845
2008-06-20,-0.005622433514707148
2008-06-23,0.005311180416010197
2008-06-24,-0.004104832406432779
2008-06-25,0.004901404571764578
2008-06-26,-0.010804535740857713
2008-06-27,-0.0015997595264161113
2008-06-30,0.002298186739532637
2008-07-01,-0.008437414856943826
2008-07-02,0.0
2008-07-03,0.0
2008-07-07,0.0
2008-07-08,0.0
2008-07-09,0.0
2008-07-10,0.0
2008-07-11,0.0
2008-07-14,0.0
2008-07-15,0.0
2008-07-16,0.0
2008-07-17,0.0
2008-07-18,0.0
2008-07-21,0.0
2008-07-22,0.0
2008-07-23,0.0
2008-07-24,0.0
2008-07-25,0.0
2008-07-28,0.0
2008-07-29,0.0
2008-07-30,0.0
2008-07-31,0.0
2008-08-01,0.0
2008-08-04,1.0630999169869426e-07
2008-08-05,0.005395178525770206
2008-08-06,0.0007337446242627887
2008-08-07,-0.0022862602855344694
2008-08-08,0.0019861988968823407
2008-08-11,0.0017352652094730914
2008-08-12,0.0019546738844278266
2008-08-13,0.019462566437291606
2008-08-14,0.0
2008-08-15,0.0
2008-08-18,0.0
2008-08-19,-0.006602321532137578
2008-08-20,0.005012506222137336
2008-08-21,-0.006392568871523507
2008-08-22,0.002649748448546818
2008-08-25,-0.0021492165423254717
2008-08-26,0.001828172958010077
2008-08-27,-0.007711295766487325
2008-08-28,0.000513874525454705
2008-08-29,-0.004588669828208269
2008-09-02,0.005342024740033313
2008-09-03,-0.0042148137846723666
2008-09-04,-0.0032680772209252584
2008-09-05,-0.0025265774493600235
2008-09-08,0.0027707744256317834
2008-09-09,-0.001003130350801018
2008-09-10,0.0033478329479281754
2008-09-11,-0.015827978191953362
2008-09-12,-0.002236200148839629
2008-09-15,-0.008436343412618785
2008-09-16,-0.00759652719300663
2008-09-17,-0.005130681096984557
2008-09-18,0.002873791254034197
2008-09-19,0.012703295591843577
2008-09-22,0.0
2008-09-23,0.0
2008-09-24,0.0
2008-09-25,-2.913475940502508e-07
2008-09-26,-0.007316208793021417
2008-09-29,-0.008219796148905223
2008-09-30,0.004343479500981795
2008-10-01,-0.004431491220311168
2008-10-02,0.0019437782273965531
2008-10-03,0.004122823443829748
2008-10-06,-0.011814785101645575
2008-10-07,0.007836667351711402
2008-10-08,0.0
2008-10-09,0.0
2008-10-10,0.0
2008-10-13,0.0
2008-10-14,0.00865135355582436
2008-10-15,0.0
2008-10-16,0.0
2008-10-17,0.0
2008-10-20,0.007017236203842314
2008-10-21,0.0
2008-10-22,0.0
2008-10-23,0.0
2008-10-24,0.0
2008-10-27,0.0
2008-10-28,0.0
2008-10-29,-0.0012912827185062037
2008-10-30,0.01228240462543062
2008-10-31,0.0
2008-11-03,0.0
2008-11-04,0.0
2008-11-05,-0.008064578048237014
2008-11-06,-0.012003569411894732
2008-11-07,0.0
2008-11-10,0.007759027966081078
2008-11-11,0.0
2008-11-12,0.0
2008-11-13,0.0
2008-11-14,0.0
2008-11-17,0.0
2008-11-18,0.0
2008-11-19,0.0
2008-11-20,0.0
2008-11-21,0.0
2008-11-24,0.0
2008-11-25,0.0
2008-11-26,0.0
2008-11-28,0.0
2008-12-01,0.0
2008-12-02,0.0
2008-12-03,0.0
2008-12-04,0.0
2008-12-05,0.0
2008-12-08,0.0
2008-12-09,0.0
2008-12-10,0.0
2008-12-11,0.0
2008-12-12,0.0
2008-12-15,0.0
2008-12-16,0.0
2008-12-17,0.0
2008-12-18,0.0
2008-12-19,0.0
2008-12-22,0.0
2008-12-23,0.0
2008-12-24,0.0
2008-12-26,0.0
2008-12-29,0.0
2008-12-30,0.0
2008-12-31,0.0
2009-01-02,0.0
2009-01-05,0.0
2009-01-06,0.0
2009-01-07,0.0
2009-01-08,0.0
2009-01-09,0.0
2009-01-12,0.0
2009-01-13,0.0
2009-01-14,0.0
2009-01-15,0.0
2009-01-16,0.0
2009-01-20,0.0
2009-01-21,0.0
2009-01-22,0.0
2009-01-23,0.0
2009-01-26,0.0
2009-01-27,0.0
2009-01-28,0.0
2009-01-29,0.0
2009-01-30,0.0
2009-02-02,0.0
2009-02-03,0.0
2009-02-04,0.0
2009-02-05,0.0
2009-02-06,0.0006531932576794297
2009-02-09,-0.0008731897256606391
2009-02-10,-0.00022041202388467518
2009-02-11,-0.016274893790152456
2009-02-12,0.0
2009-02-13,0.0
2009-02-17,0.0
2009-02-18,0.0
2009-02-19,0.0
2009-02-20,0.0
2009-02-23,0.0
2009-02-24,0.0
2009-02-25,0.0
2009-02-26,0.0
2009-02-27,0.0
2009-03-02,0.0
2009-03-03,0.0
2009-03-04,0.0
2009-03-05,0.0
2009-03-06,0.0
2009-03-09,0.0
2009-03-10,0.0
2009-03-11,0.0
2009-03-12,0.0
2009-03-13,0.0
2009-03-16,0.0
2009-03-17,0.0
2009-03-18,0.0
2009-03-19,0.0
2009-03-20,0.0
2009-03-23,0.0
2009-03-24,0.0
2009-03-25,0.0
2009-03-26,0.0
2009-03-27,0.0
2009-03-30,0.0
2009-03-31,0.0
2009-04-01,0.0
2009-04-02,0.0
2009-04-03,0.0
2009-04-06,0.0
2009-04-07,0.0
2009-04-08,0.0
2009-04-09,0.0
2009-04-13,0.0
2009-04-14,0.0
2009-04-15,0.0
2009-04-16,0.0
2009-04-17,0.0
2009-04-20,0.0
2009-04-21,0.0
2009-04-22,0.0
2009-04-23,0.0
2009-04-24,0.0
2009-04-27,0.0
2009-04-28,0.0
2009-04-29,0.0
2009-04-30,0.0
2009-05-01,0.0
2009-05-04,0.0
2009-05-05,-0.0011617562318751995
2009-05-06,-0.0015386419513863103
2009-05-07,-0.008147663817874906
2009-05-08,0.0
2009-05-11,0.0
2009-05-12,0.0
2009-05-13,0.0
2009-05-14,0.0
2009-05-15,0.0
2009-05-18,0.0
2009-05-19,0.0
2009-05-20,0.0
2009-05-21,0.0
2009-05-22,0.0
2009-05-26,0.0
2009-05-27,0.0
2009-05-28,0.0
2009-05-29,0.0
2009-06-01,0.0
2009-06-02,-0.009764130923058723
2009-06-03,0.0
2009-06-04,0.0
2009-06-05,0.001098720811326448
2009-06-08,-0.004102212441049358
2009-06-09,0.0
2009-06-10,-0.0006783891142426723
2009-06-11,-0.0037814731597435314
2009-06-12,0.00039168841975589785
2009-06-15,-0.0021757456977472556
2009-06-16,0.0007919565389773453
2009-06-17,-3.382426527753779e-08
2009-06-18,0.0017717178894018915
2009-06-19,0.004698344004623323
2009-06-22,0.007039359141333801
2009-06-23,-0.0018994940868104493
2009-06-24,0.004004325201327097
2009-06-25,-0.001561175426600947
2009-06-26,-0.0006492173262805379
2009-06-29,0.0008453413993099179
2009-06-30,0.0024616401752268757
2009-07-01,0.0013930458079318697
2009-07-02,-0.002656204194320999
2009-07-06,-0.0012930428140991435
2009-07-07,0.008245628235074243
2009-07-08,0.0
2009-07-09,0.0
2009-07-10,0.0
2009-07-13,0.0
2009-07-14,0.0
2009-07-15,0.0
2009-07-16,-0.0008065910121892728
2009-07-17,0.0006531250201409211
2009-07-20,0.0028349465514796446
2009-07-21,2.5032254491463846e-08
2009-07-22,0.0
2009-07-23,0.0
2009-07-24,0.0
2009-07-27,0.0
2009-07-28,0.0
2009-07-29,0.0
2009-07-30,0.0
2009-07-31,0.0
2009-08-03,0.0
2009-08-04,0.0
2009-08-05,-7.217166864137425e-08
2009-08-06,0.0
2009-08-07,0.0
2009-08-10,0.0
2009-08-11,0.0
2009-08-12,0.0
2009-08-13,0.0
2009-08-14,0.0
2009-08-17,0.0
2009-08-18,0.0
2009-08-19,0.0
2009-08-20,0.0
2009-08-21,0.0
2009-08-24,0.0
2009-08-25,0.0
2009-08-26,0.0
2009-08-27,0.0
2009-08-28,0.0
2009-08-31,0.0
2009-09-01,0.0
2009-09-02,0.0
2009-09-03,0.0
2009-09-04,0.0
2009-09-08,0.0
2009-09-09,0.0
2009-09-10,0.000735820592879799
2009-09-11,0.003801950859686487
2009-09-14,-0.00410758021724289
2009-09-15,0.0019156681537877418
2009-09-16,-0.0011557433401021555
2009-09-17,-0.001246074143134046
2009-09-18,0.004666170489767696
2009-09-21,-0.005551940222459195
2009-09-22,0.004654897698834537
2009-09-23,0.007274194875257045
2009-09-24,0.0023728171967090095
2009-09-25,-0.0061219501706564206
2009-09-28,0.0017996753879820915
2009-09-29,-0.004063046617982069
2009-09-30,0.0008788810894495569
2009-10-01,-0.0017790271694630988
2009-10-02,-0.007628090778288077
2009-10-05,-0.007478897861206368
2009-10-06,0.0061109504524134994
2009-10-07,0.0009468103014043106
2009-10-08,0.0017594469389572431
2009-10-09,0.0
2009-10-12,0.010233757741292093
2009-10-13,0.0
2009-10-14,0.0
2009-10-15,0.0
2009-10-16,-0.011804688546410258
2009-10-19,0.001591768316786757
2009-10-20,0.0029068083360852537
2009-10-21,-0.0036933846851061602
2009-10-22,-0.00040904940104735665
2009-10-23,0.004044540576833233
2009-10-26,0.0007862548761434773
2009-10-27,0.0
2009-10-28,-0.006714913044186477
2009-10-29,0.0
2009-10-30,0.0
2009-11-02,0.0
2009-11-03,-0.017835965828703948
2009-11-04,0.009304340444352466
2009-11-05,0.008393319190192372
2009-11-06,0.015192123561168058
2009-11-09,0.010693528367669236
2009-11-10,0.0035552025317444613
2009-11-11,0.008901688632130034
2009-11-12,0.0020247698019313365
2009-11-13,-0.0037309884338956323
2009-11-16,0.003372184708165582
2009-11-17,-0.0004714927876835473
2009-11-18,-0.005482757120428672
2009-11-19,-0.011538696473901489
2009-11-20,-0.007168763988881444
2009-11-23,0.005903331643509979
2009-11-24,-0.000735220586808305
2009-11-25,0.0023153802905953036
2009-11-27,-0.017758430298593586
2009-11-30,0.0033843677679863404
2009-12-01,0.004058761679360368
2009-12-02,0.0010698153287398426
2009-12-03,0.0004633390172286145
2009-12-04,0.0071965828204541005
2009-12-07,0.011402882727436836
2009-12-08,-2.8641434128839904e-06
2009-12-09,0.004357282193138801
2009-12-10,0.0034952080391021934
2009-12-11,0.001092080682075558
2009-12-14,0.005921185261771766
2009-12-15,-0.0018725266050330092
2009-12-16,0.010437870259640603
2009-12-17,-0.005147400996095675
2009-12-18,-0.000677729009247785
2009-12-21,0.00788225152638522
2009-12-22,0.0020545190678791236
2009-12-23,0.009571837458381527
2009-12-24,0.005542928337802344
2009-12-28,0.005022821966503832
2009-12-29,0.0005768660557927685
2009-12-30,-0.006079455947355705
2009-12-31,0.004567107941757076
2010-01-04,0.011987030646187113
2010-01-05,1.2518036790032383e-05
2010-01-06,-0.0016280231175780369
2010-01-07,-0.0015045491017908752
2010-01-08,-0.004148840251517738
2010-01-11,0.003200467244487637
2010-01-12,-0.01079757079364918
2010-01-13,0.004424847912990693
2010-01-14,-0.0008854893246132978
2010-01-15,0.00471011410878841
2010-01-19,0.002074640856059906
2010-01-20,-0.00889935278241627
2010-01-21,0.00993655220871581
2010-01-22,-0.012642107596227192
2010-01-25,0.007012266648549925
2010-01-26,-0.0011254105179759888
2010-01-27,-0.0007884133206631505
2010-01-28,0.0013618710676395196
2010-01-29,0.007713804769988064
2010-02-01,0.008209752257966718
2010-02-02,-0.0059182273826526854
2010-02-03,-0.009172745774232438
2010-02-04,-0.004383395385122113
2010-02-05,0.0005438673975897146
2010-02-08,0.0046970416343927734
2010-02-09,0.016428254593580993
2010-02-10,-0.0137345207561681
2010-02-11,0.0030041322082279276
2010-02-12,-0.0082706821002827
2010-02-16,0.010984937220804403
2010-02-17,0.008257334896309754
2010-02-18,-0.0055417475410404204
2010-02-19,-0.004618967988045619
2010-02-22,0.008973948878476135
2010-02-23,-0.004418622926100846
2010-02-24,0.0055079973472484944
2010-02-25,-0.009086156112038224
2010-02-26,-0.0007057987861965875
2010-03-01,0.006833081033977617
2010-03-02,0.0004411730860800489
2010-03-03,0.0021860089225218537
2010-03-04,0.0005129514844117722
2010-03-05,-0.0018254737553758948
2010-03-08,0.0013855156267237323
2010-03-09,-0.0049488111536919455
2010-03-10,0.005878231352145713
2010-03-11,-0.0019222044637045022
2010-03-12,0.007908045145119225
2010-03-15,-0.002299563411501726
2010-03-16,0.004161023278753451
2010-03-17,0.0030809082212810424
2010-03-18,-0.0009738264990638568
2010-03-19,0.0024792661932457882
2010-03-22,-0.0040805736846393215
2010-03-23,0.003250633326323804
2010-03-24,-0.0006500538238695119
2010-03-25,0.011173529909583646
2010-03-26,0.004515308073984148
2010-03-29,0.006226490603448376
2010-03-30,0.003640334166842285
2010-03-31,-0.006166383592825286
2010-04-01,0.01886105743246458
2010-04-05,0.0
2010-04-06,0.0
2010-04-07,0.0
2010-04-08,-0.0010982716716539942
2010-04-09,0.004838095017003274
2010-04-12,0.0007339454472810036
2010-04-13,-0.0011071277414863578
2010-04-14,0.010767757727237814
2010-04-15,-0.003316074007973624
2010-04-16,-0.003450524378940112
2010-04-19,-0.004248311329368759
2010-04-20,0.0053438867180590766
2010-04-21,0.004796428394374663
2010-04-22,-0.007844848674532057
2010-04-23,-0.00012274317683447222
2010-04-26,0.000343222200186899
2010-04-27,-0.006403874494682382
2010-04-28,0.004906897805336596
2010-04-29,0.00848264654555786
2010-04-30,-0.0018517336170610355
2010-05-03,0.00496727644830619
2010-05-04,-0.015501306219960154
2010-05-05,-0.016244270421170826
2010-05-06,0.0005719911871600036
2010-05-07,0.00022450283932728965
2010-05-10,0.052858452967279757
2010-05-11,0.0
2010-05-12,0.0
2010-05-13,0.0
2010-05-14,-0.01747802333591031
2010-05-17,-0.0013340264022124737
2010-05-18,0.01045912411527472
2010-05-19,-0.008258630184374893
2010-05-20,-0.021020648105464557
2010-05-21,-0.014410233254234628
2010-05-24,-0.000575823674240139
2010-05-25,-0.038244114131187
2010-05-26,0.020041292776282305
2010-05-27,0.029542590389974643
2010-05-28,0.0
2010-06-01,0.0
2010-06-02,0.0
2010-06-03,-0.003149460073574528
2010-06-04,-0.018649155186181043
2010-06-07,0.00561268497540901
2010-06-08,0.0011098601399106567
2010-06-09,0.0047569271615326425
2010-06-10,0.010739209266070082
2010-06-11,-0.0062708700184589405
2010-06-14,0.008523627661850108
2010-06-15,0.006577557561122882
2010-06-16,-0.005122115824120921
2010-06-17,0.00939017029347955
2010-06-18,0.0007987439027710153
2010-06-21,0.01000807526089842
2010-06-22,0.002998922336347576
2010-06-23,0.0007266106180410237
2010-06-24,6.685493469937853e-08
2010-06-25,0.0032353880545770153
2010-06-28,0.009641743088080856
2010-06-29,-0.02730105113691761
2010-06-30,0.0018372495010123835
2010-07-01,0.0007835396852076126
2010-07-02,0.0011677542210783987
2010-07-06,0.012154277817257642
2010-07-07,0.0
2010-07-08,0.0
2010-07-09,0.0
2010-07-12,-0.001534199714120943
2010-07-13,0.007751679515639376
2010-07-14,0.0038667969323271656
2010-07-15,-0.0003919688973933466
2010-07-16,-0.004239160731747016
2010-07-19,0.002285530052900331
2010-07-20,-0.004163111620446691
2010-07-21,0.003783079011873358
2010-07-22,0.006844826364925893
2010-07-23,-0.0030663590437732813
2010-07-26,-0.0003878750563200972
2010-07-27,0.0023000393103376204
2010-07-28,-0.0026796059059400745
2010-07-29,0.0014768822806727755
2010-07-30,-0.007779555392413928
2010-08-02,0.006771951521429065
2010-08-03,-0.003513048497843285
2010-08-04,0.004062401742102706
2010-08-05,-0.000438393029769224
2010-08-06,-0.004132923989018211
2010-08-09,0.004769907789693217
2010-08-10,-0.00960977805719554
2010-08-11,-0.011860415040294559
2010-08-12,-0.00932359053911258
2010-08-13,0.0048818972948379
2010-08-16,-0.004083202603704317
2010-08-17,0.00637882121374167
2010-08-18,-0.0007441830336207822
2010-08-19,-0.00030187017625649126
2010-08-20,-0.0026301382667446305
2010-08-23,0.002702930668641912
2010-08-24,-0.013859437764568439
2010-08-25,-0.003655298350192848
2010-08-26,0.005406469268366854
2010-08-27,0.005590991486501773
2010-08-30,-0.0006530046113277788
2010-08-31,-0.0031849130671876003
2010-09-01,0.0031389705021365177
2010-09-02,0.0006430909833663456
2010-09-03,0.008589604342036372
2010-09-07,-0.002152689582218592
2010-09-08,0.0013081027980121895
2010-09-09,0.006480844471711489
2010-09-10,0.0008041095981150548
2010-09-13,0.004046713281404157
2010-09-14,-0.0017177696512782337
2010-09-15,-0.00949631665439521
2010-09-16,-0.0016290614707358264
2010-09-17,0.0014546075062857877
2010-09-20,0.0012922260564207644
2010-09-21,-0.0011497549565191445
2010-09-22,-0.0013177204783866303
2010-09-23,-0.0010962145628448106
2010-09-24,0.01210621730189243
2010-09-27,0.0007886296863728326
2010-09-28,0.0023365205636503017
2010-09-29,-0.002272677249295918
2010-09-30,0.006867547474702196
2010-10-01,0.005885804047306653
2010-10-04,-0.0021706215951570185
2010-10-05,0.00803881897639469
2010-10-06,0.0014999293106032763
2010-10-07,0.0026513102914982323
2010-10-08,0.005739333941353397
2010-10-11,0.0015188095150489023
2010-10-12,0.00011300262440738784
2010-10-13,0.003706995941444413
2010-10-14,0.0034428252343359222
2010-10-15,0.011312854212378154
2010-10-18,0.007900560404342727
2010-10-19,-0.03060787988306979
2010-10-20,-0.001055695090609321
2010-10-21,0.0039290835492566956
2010-10-22,-0.0009691957185175015
2010-10-25,0.0035123210717498132
2010-10-26,-0.004252577258150536
2010-10-27,-0.0008656171762403408
2010-10-28,0.000259879242034744
2010-10-29,-0.0022058028064595447
2010-11-01,0.0027463842145292183
2010-11-02,0.0037212159770416697
2010-11-03,0.0009498845733062478
2010-11-04,0.0074239201003982735
2010-11-05,0.001537977695815984
2010-11-08,0.0028065131400618615
2010-11-09,0.03724917907069458
2010-11-10,0.0
2010-11-11,0.0
2010-11-12,0.0
2010-11-15,0.00025629965259166276
2010-11-16,-0.003929150911579193
2010-11-17,0.000358574512379084
2010-11-18,0.006842399985114156
2010-11-19,6.439437812155724e-05
2010-11-22,-0.0017209350767054543
2010-11-23,-0.006897278684070751
2010-11-24,0.007494322455751545
2010-11-26,-0.00327772684107841
2010-11-29,-0.0014230339250053126
2010-11-30,-0.00553170830519889
2010-12-01,0.009821519990275807
2010-12-02,-0.0006367924630537036
2010-12-03,-0.004819065118417121
2010-12-06,0.003076702002007492
2010-12-07,0.00976810113275084
2010-12-08,0.0008142419745273966
2010-12-09,0.004259998255543795
2010-12-10,-0.0007708443171349222
2010-12-13,0.0023469170913790194
2010-12-14,8.991452749240736e-06
2010-12-15,-0.002356954584185056
2010-12-16,-0.00015392398343949676
2010-12-17,0.00022289754172288845
2010-12-20,0.0015410953863845833
2010-12-21,0.0003592962914151787
2010-12-22,0.007516011787762178
2010-12-23,0.0003886843903695425
2010-12-27,-0.0028028695603788956
2010-12-28,0.0011386091279386168
2010-12-29,0.00028988200322421775
2010-12-30,-0.0006848903652950655
2010-12-31,-0.0009865982551566788
2011-01-03,0.0021446891019551995
2011-01-04,-0.00019474513250239411
2011-01-05,0.0009953819235481998
2011-01-06,0.00028716637082615293
2011-01-07,0.0016369830587565914
2011-01-10,-0.0025753830121471033
2011-01-11,0.0021277785083340106
2011-01-12,0.0018964781039434442
2011-01-13,0.0009401248745639634
2011-01-14,-0.0012699696627163082
2011-01-18,-0.0007137848478196984
2011-01-19,-0.0007376148764441925
2011-01-20,-0.0020093250125933215
2011-01-21,0.0009485488122087382
2011-01-24,-0.0005078971839996838
2011-01-25,-0.0030461822163272423
2011-01-26,-0.0005963410638419875
2011-01-27,0.0008590350246713285
2011-01-28,-0.0014294884988235168
2011-01-31,8.790046604523205e-05
2011-02-01,0.0035393709124478256
2011-02-02,-0.00809522935746787
2011-02-03,0.005684541229671769
2011-02-04,0.0066437307030005055
2011-02-07,-0.0013108713204079692
2011-02-08,0.002309544514882411
2011-02-09,0.003227696839845917
2011-02-10,-0.019614966313742044
2011-02-11,-0.006478915181244327
2011-02-14,0.015176790613180335
2011-02-15,0.0021211329589534422
2011-02-16,0.01239496956800168
2011-02-17,-0.016397446196272147
2011-02-18,0.000681852621386092
2011-02-22,-0.027372932542532147
2011-02-23,-0.0034221581585360816
2011-02-24,0.004776009796275682
2011-02-25,0.022326127584902045
2011-02-28,0.01552700586312361
2011-03-01,0.0035387590519115886
2011-03-02,-0.0002032648086723876
2011-03-03,0.01736726442777048
2011-03-04,0.001570771159020934
2011-03-07,0.004006942149336057
2011-03-08,0.0026545889413847057
2011-03-09,-0.0037144449753843123
2011-03-10,-0.019429442036027145
2011-03-11,0.002569420868733907
2011-03-14,0.020748689109042706
2011-03-15,-0.035244778226852125
2011-03-16,-0.008273080478000017
2011-03-17,0.019481780879748056
2011-03-18,0.014876050154351672
2011-03-21,0.017797875240419314
2011-03-22,-0.0049207824602688355
2011-03-23,-0.0007419645251587337
2011-03-24,0.03861037717078086
2011-03-25,0.0
2011-03-28,0.0
2011-03-29,0.0
2011-03-30,0.008574379998664838
2011-03-31,1.4071332727016994e-05
2011-04-01,0.005357033766128172
2011-04-04,0.0022388141369813486
2011-04-05,0.005210361350938442
2011-04-06,0.004277470098068337
2011-04-07,-0.0019488211411349265
2011-04-08,0.003973937023400431
2011-04-11,0.002211684619534582
2011-04-12,-0.010019179690880065
2011-04-13,0.00710791834747071
2011-04-14,-0.0071900362104546645
2011-04-15,-0.0040399639757224826
2011-04-18,-0.01152511857620353
2011-04-19,0.0015919015650858181
2011-04-20,0.01973511597288513
2011-04-21,0.003410268958070395
2011-04-25,0.0005265640220779577
2011-04-26,4.766745244211279e-05
2011-04-27,-0.0005703416301744424
2011-04-28,-0.002362124065087734
2011-04-29,0.001250807693088607
2011-05-02,0.007776877217173572
2011-05-03,-0.004623993799979242
2011-05-04,0.00012677945837213933
2011-05-05,-0.004124657341384674
2011-05-06,0.010772450613559359
2011-05-09,-0.0004212803800668352
2011-05-10,0.00331791918993507
2011-05-11,0.0030323154721307866
2011-05-12,-0.0015464996497135397
2011-05-13,-0.018349134451476234
2011-05-16,-0.001274693342728117
2011-05-17,-0.004389682696593344
2011-05-18,0.0035834739839433194
2011-05-19,0.004021837043990173
2011-05-20,-0.0026269307357048577
2011-05-23,-0.009792343712773377
2011-05-24,0.0050487756501513825
2011-05-25,-0.0029465465657726453
2011-05-26,-0.0006008952578056004
2011-05-27,0.00247807901172159
2011-05-31,0.009530044270500415
2011-06-01,-0.006357456664055405
2011-06-02,0.003138217515518571
2011-06-03,-0.008203950867798349
2011-06-06,-0.00015390513364144098
2011-06-07,0.005019328305691184
2011-06-08,-0.004679862991972983
2011-06-09,0.0008102605585105227
2011-06-10,0.004449800263907067
2011-06-13,0.0003287455371245862
2011-06-14,0.005803931364486203
2011-06-15,-0.005177175017543556
2011-06-16,0.0015673829905791248
2011-06-17,0.005785246380035414
2011-06-20,-0.0018954208669658135
2011-06-21,0.0034224678318715007
2011-06-22,-0.001312602659969575
2011-06-23,-0.006320434301959721
2011-06-24,-0.02121824817542317
2011-06-27,0.0013280157673813964
2011-06-28,1.1639025521148483e-08
2011-06-29,0.002204617624680605
2011-06-30,0.0024869857536511386
2011-07-01,-0.0006440724825438338
2011-07-05,0.0012608892309264874
2011-07-06,-0.0016965494871773457
2011-07-07,0.0034368965660149797
2011-07-08,-0.0073746329564603474
2011-07-11,-0.008744514923461622
2011-07-12,-0.004267687801944753
2011-07-13,0.006161798528562024
2011-07-14,0.0019454271806074175
2011-07-15,0.0038601328272018787
2011-07-18,-0.003396456378525481
2011-07-19,0.002221945907556977
2011-07-20,0.0010812905281629703
2011-07-21,0.0028911929892880828
2011-07-22,0.003786170887889684
2011-07-25,-0.009251161103874472
2011-07-26,-0.007931339444910646
2011-07-27,-0.004922992465501319
2011-07-28,0.0006648538371953894
2011-07-29,-0.0057285409397187514
2011-08-01,0.010783888973310951
2011-08-02,-0.004122620502026941
2011-08-03,0.0013270775467388862
2011-08-04,-0.009176872669744873
2011-08-05,0.008423533825340224
2011-08-08,-0.019986486836210182
2011-08-09,0.004163037431431205
2011-08-10,-0.014127639806078451
2011-08-11,0.002238148188820732
2011-08-12,0.027677901667750637
2011-08-15,0.0
2011-08-16,0.0
2011-08-17,0.0
2011-08-18,-0.019419047054563543
2011-08-19,-0.00916758989511035
2011-08-22,0.007256284929293422
2011-08-23,0.006338481677170771
2011-08-24,-0.0016205604736301282
2011-08-25,-0.0032950716331974217
2011-08-26,0.001123235369578257
2011-08-29,0.018178636792180125
2011-08-30,0.003508205957637678
2011-08-31,-0.005413015305348101
2011-09-01,-0.0027212109553137465
2011-09-02,0.004360363784655874
2011-09-06,0.006726940099341716
2011-09-07,0.008403512234803623
2011-09-08,0.00434876667666928
2011-09-09,0.005884346088262049
2011-09-12,0.009933697508252681
2011-09-13,0.004939379123707566
2011-09-14,0.004761753805522462
2011-09-15,0.0014111784112422754
2011-09-16,0.0006506052619847935
2011-09-19,0.0018399333067138368
2011-09-20,0.0015607598453473148
2011-09-21,-0.000584275972288828
2011-09-22,-0.0029129874362081587
2011-09-23,0.004292974596479704
2011-09-26,-0.00020133794800736293
2011-09-27,-0.002656048148433232
2011-09-28,-0.0017545261315528027
2011-09-29,-0.008050691966661416
2011-09-30,-0.008734737787865932
2011-10-03,0.0026173792009507313
2011-10-04,-0.00576419398899386
2011-10-05,0.0009164252847266852
2011-10-06,0.00179344567404649
2011-10-07,-4.64687287047294e-05
2011-10-10,0.0015899196902509072
2011-10-11,0.0016468041390083066
2011-10-12,-0.007233548812831447
2011-10-13,0.0018767323245123535
2011-10-14,-0.001882367269973373
2011-10-17,-0.0018579161096943242
2011-10-18,0.0008896095330777065
2011-10-19,0.0027567454178201167
2011-10-20,-0.005157052502227977
2011-10-21,-0.0018260650756870556
2011-10-24,-0.0019178560749714135
2011-10-25,-0.003545873040998959
2011-10-26,0.0046165274412803825
2011-10-27,0.00874785384249721
2011-10-28,0.0
2011-10-31,0.0
2011-11-01,0.0
2011-11-02,0.004456151037488976
2011-11-03,0.0029703409579375784
2011-11-04,-0.0017518620733197876
2011-11-07,-0.0006934318577109799
2011-11-08,0.001948297620761208
2011-11-09,-0.009427258705557162
2011-11-10,0.003459473639497501
2011-11-11,0.002892308279194733
2011-11-14,-0.0023491027396326247
2011-11-15,-0.0005026369472799219
2011-11-16,-0.0014823569098174616
2011-11-17,-0.0013582667497732404
2011-11-18,0.00018023319474180788
2011-11-21,-0.0036111670748461
2011-11-22,0.0007287476080806154
2011-11-23,-0.003272407662635146
2011-11-25,-0.0011599736332709165
2011-11-28,0.01609980438730685
2011-11-29,-0.0004967047238357836
2011-11-30,0.014451807919372506
2011-12-01,0.0005930938406830677
2011-12-02,0.0035626347577273343
2011-12-05,0.007823452412925036
2011-12-06,-0.0028344706400600383
2011-12-07,-0.0022336958254530748
2011-12-08,-0.002513120734336294
2011-12-09,0.002110255803977168
2011-12-12,-0.0043874120417635165
2011-12-13,0.001449699091180534
2011-12-14,-0.004027903927627308
2011-12-15,0.004799884598633453
2011-12-16,0.002894069792144238
2011-12-19,0.0013129414424455366
2011-12-20,0.004878660620140751
2011-12-21,0.000377029751878144
2011-12-22,0.00038679280480891087
2011-12-23,0.0005391039234385886
2011-12-27,-0.0008064667555510718
2011-12-28,-0.0006653176787695392
2011-12-29,0.0012297818962421214
2011-12-30,-0.0014611859846002107
2012-01-03,0.007266493711114652
2012-01-04,-0.0027558156035731862
2012-01-05,-0.00983521716852187
2012-01-06,0.0030582508547232212
2012-01-09,-0.00232796026676918
2012-01-10,0.022223340311501083
2012-01-11,-0.00011195393915575114
2012-01-12,0.010778280507033111
2012-01-13,-0.009831408292828248
2012-01-17,0.021883816450755766
2012-01-18,-0.0005888211085097739
2012-01-19,0.018637557519400216
2012-01-20,-0.10264024657300963
2012-01-23,0.003781780845683702
2012-01-24,-0.0017812674055879274
2012-01-25,0.04611396041515281
2012-01-26,0.00836681786690896
2012-01-27,0.005855118146444793
2012-01-30,-0.006776818733527312
2012-01-31,0.01605251562084331
2012-02-01,0.013919916597738169
2012-02-02,0.0
2012-02-03,0.0
2012-02-06,0.0
2012-02-07,0.0
2012-02-08,0.0
2012-02-09,0.0
2012-02-10,0.0
2012-02-13,0.0
2012-02-14,0.0
2012-02-15,0.0
2012-02-16,0.0
2012-02-17,0.0
2012-02-21,0.0
2012-02-22,0.0
2012-02-23,0.0
2012-02-24,0.0
2012-02-27,0.0
2012-02-28,0.0
2012-02-29,0.0
2012-03-01,0.0
2012-03-02,0.000759824169603629
2012-03-05,-0.002302975261009088
2012-03-06,-0.005938284458092524
2012-03-07,0.0010638064444588036
2012-03-08,0.0010706654584637931
2012-03-09,-6.542866592962326e-08
2012-03-12,-0.0018382733570114773
2012-03-13,0.004197164917771445
2012-03-14,0.004913839474860904
2012-03-15,0.0012999751153703887
2012-03-16,0.0010268393766652562
2012-03-19,-0.0015417296859653318
2012-03-20,-0.0013161150393796728
2012-03-21,0.004532000618448606
2012-03-22,-0.0002652066304544842
2012-03-23,-0.0059375040804728885
2012-03-26,0.0005445000801891364
2012-03-27,0.0022770518101051795
2012-03-28,-0.0019181141736603902
2012-03-29,-0.0007836527195246301
2012-03-30,0.0028165525786716383
2012-04-02,0.0018222594573211737
2012-04-03,-0.001893975763375133
2012-04-04,-0.006478290676305787
2012-04-05,-0.00026721064205348366
2012-04-09,-0.004132001933722873
2012-04-10,-0.0008310950261757322
2012-04-11,0.0
2012-04-12,0.0
2012-04-13,0.0
2012-04-16,0.0
2012-04-17,0.0009224888586036872
2012-04-18,-0.002534802791398505
2012-04-19,-3.9206421997839414e-08
2012-04-20,-0.006884907712509047
2012-04-23,-0.00297278866879247
2012-04-24,0.001015024431996192
2012-04-25,0.004329298959163008
2012-04-26,-0.0006572474926148653
2012-04-27,0.0016269397595645163
2012-04-30,-2.8437162624683765e-09
2012-05-01,-0.0006215547029483348
2012-05-02,0.0003442239378483869
2012-05-03,0.001743150997290499
2012-05-04,-0.003930240747805014
2012-05-07,0.00028072747761664907
2012-05-08,-0.0014822925756675653
2012-05-09,-0.006943943396110486
2012-05-10,-0.014678738957811688
2012-05-11,-0.00941607026365654
2012-05-14,-0.005813901712044434
2012-05-15,0.0014174302763991786
2012-05-16,0.002586814553789063
2012-05-17,0.0015402788596574624
2012-05-18,0.0035533115274479776
2012-05-21,0.0031961621256977324
2012-05-22,0.0018753052876905318
2012-05-23,-0.003040008921386228
2012-05-24,0.003159392236682379
2012-05-25,-0.0005680799276528425
2012-05-29,0.007280588330272897
2012-05-30,-0.008125159135895066
2012-05-31,-0.000794444694650509
2012-06-01,-0.018609549051285534
2012-06-04,0.0
2012-06-05,0.0
2012-06-06,0.0
2012-06-07,0.0
2012-06-08,0.0
2012-06-11,0.0
2012-06-12,0.0
2012-06-13,0.0
2012-06-14,0.0
2012-06-15,0.0
2012-06-18,0.0
2012-06-19,0.0
2012-06-20,0.0
2012-06-21,0.0
2012-06-22,0.0
2012-06-25,0.0
2012-06-26,0.0
2012-06-27,0.0
2012-06-28,0.0
2012-06-29,0.0
2012-07-02,0.0
2012-07-03,0.0
2012-07-05,0.0
2012-07-06,0.0
2012-07-09,0.0
2012-07-10,0.0
2012-07-11,0.0
2012-07-12,0.0
2012-07-13,0.0
2012-07-16,0.0
2012-07-17,0.0
2012-07-18,0.0
2012-07-19,0.0
2012-07-20,0.0
2012-07-23,0.0
2012-07-24,0.0
2012-07-25,0.0
2012-07-26,0.0
2012-07-27,0.0
2012-07-30,0.0
2012-07-31,0.0
2012-08-01,0.0
2012-08-02,0.0
2012-08-03,0.0
2012-08-06,0.0
2012-08-07,0.0
2012-08-08,0.0
2012-08-09,0.0
2012-08-10,0.0
2012-08-13,0.0
2012-08-14,0.0
2012-08-15,0.0
2012-08-16,0.0
2012-08-17,0.0
2012-08-20,0.0
2012-08-21,0.0
2012-08-22,0.0
2012-08-23,0.0
2012-08-24,0.0
2012-08-27,0.0
2012-08-28,0.0
2012-08-29,0.0
2012-08-30,0.0
2012-08-31,0.0
2012-09-04,0.0
2012-09-05,-0.004945577195220818
2012-09-06,0.0035547178144281766
2012-09-07,0.0007210766327883089
2012-09-10,-0.0019814485785195624
2012-09-11,-0.00016818633508886016
2012-09-12,0.0009373687761231597
2012-09-13,-0.0010850000227826673
2012-09-14,0.002799140891722951
2012-09-17,0.004063823662247001
2012-09-18,-0.005113069584491758
2012-09-19,0.0016252328570882657
2012-09-20,-0.0008138709390171917
2012-09-21,-0.0007253082959022272
2012-09-24,-0.0010669231225146625
2012-09-25,7.903356905702985e-05
2012-09-26,-0.0009390129762945065
2012-09-27,0.0013675503778745046
2012-09-28,-0.0004947809647002366
2012-10-01,0.0016430464203995854
2012-10-02,0.0
2012-10-03,0.0
2012-10-04,0.0
2012-10-05,0.0
2012-10-08,0.0
2012-10-09,0.0
2012-10-10,0.0
2012-10-11,0.0
2012-10-12,0.0
2012-10-15,0.0
2012-10-16,0.0
2012-10-17,0.0
2012-10-18,0.0
2012-10-19,0.0
2012-10-22,0.0
2012-10-23,0.0
2012-10-24,0.0
2012-10-25,0.0
2012-10-26,0.0
2012-10-31,0.0
2012-11-01,0.0
2012-11-02,0.0
2012-11-05,0.0
2012-11-06,0.0
2012-11-07,0.0
2012-11-08,0.0
2012-11-09,0.0
2012-11-12,0.0
2012-11-13,0.0
2012-11-14,0.0
2012-11-15,0.0
2012-11-16,0.0
2012-11-19,0.0
2012-11-20,0.0
2012-11-21,0.0
2012-11-23,0.0
2012-11-26,0.0
2012-11-27,0.0
2012-11-28,0.0
2012-11-29,0.0
2012-11-30,0.0
2012-12-03,0.0
2012-12-04,0.0
2012-12-05,0.0
2012-12-06,0.0
2012-12-07,0.0
2012-12-10,0.0
2012-12-11,0.0
2012-12-12,0.0
2012-12-13,0.0
2012-12-14,0.0
2012-12-17,0.0
2012-12-18,0.0
2012-12-19,0.0
2012-12-20,0.0
2012-12-21,0.0
2012-12-24,0.0
2012-12-26,0.0
2012-12-27,0.0
2012-12-28,0.0
2012-12-31,0.0
2013-01-02,0.0
2013-01-03,0.0
2013-01-04,0.0
2013-01-07,0.0
2013-01-08,0.0
2013-01-09,0.0
2013-01-10,0.0
2013-01-11,0.0
2013-01-14,0.0
2013-01-15,0.0
2013-01-16,0.0
2013-01-17,0.0
2013-01-18,0.0
2013-01-22,0.0
2013-01-23,0.0
2013-01-24,0.0
2013-01-25,0.0
2013-01-28,0.0
2013-01-29,0.0
2013-01-30,0.0
2013-01-31,0.0
2013-02-01,0.0
2013-02-04,-0.008171475936174288
2013-02-05,-0.009004044477250783
2013-02-06,0.002331850386388279
2013-02-07,0.004844037146326308
2013-02-08,-0.0008060317694331687
2013-02-11,-0.0073309198670467035
2013-02-12,0.01038084366264802
2013-02-13,0.01105179309219051
2013-02-14,0.0036504943173443216
2013-02-15,0.004162111601367258
2013-02-19,0.005241424710515918
2013-02-20,0.003834558881339545
2013-02-21,-0.003990257248982165
2013-02-22,-0.012218367034882438
2013-02-25,0.004188253330226432
2013-02-26,0.004758789462006252
2013-02-27,-0.0018470128835028632
2013-02-28,-0.001844647857475179
2013-03-01,-0.0034381895768663684
2013-03-04,-0.0005182801278039717
2013-03-05,0.0038465985675544268
2013-03-06,0.0023860047331252243
2013-03-07,0.0032242500688417497
2013-03-08,0.0024056099137426123
2013-03-11,-0.0012892813482198173
2013-03-12,0.0002477258506523583
2013-03-13,0.0007674648991462529
2013-03-14,0.002883168784927337
2013-03-15,0.0013532407425878024
2013-03-18,-0.008783793609672852
2013-03-19,0.002565844103187942
2013-03-20,0.00251568428174731
2013-03-21,0.0011185451666662072
2013-03-22,0.018969193191089806
2013-03-25,0.0
2013-03-26,0.0
2013-03-27,0.0
2013-03-28,0.0015369370627713597
2013-04-01,-0.0003093818888532107
2013-04-02,0.0039021645203669575
2013-04-03,0.0015490097266388503
2013-04-04,-0.0003072200558603688
2013-04-05,-0.004879128415979261
2013-04-08,-0.000621836081367455
2013-04-09,0.0019057747898532096
2013-04-10,0.002196384701873777
2013-04-11,-0.005467343307740458
2013-04-12,-0.0018691938740373892
2013-04-15,-0.002453899839837237
2013-04-16,0.006711503548679554
2013-04-17,-0.003857162815926851
2013-04-18,0.0041646971533211286
2013-04-19,0.0009025438431855548
2013-04-22,0.0003019171090143935
2013-04-23,0.0026910135522524303
2013-04-24,-0.0005336509895761399
2013-04-25,-0.0015637684557567866
2013-04-26,-0.0007723832874316772
2013-04-29,0.0012894321065342051
2013-04-30,0.0015421045001218214
2013-05-01,3.530192538292454e-08
2013-05-02,-0.0024153904618666733
2013-05-03,0.0031374704618458704
2013-05-06,0.0023898166423625966
2013-05-07,0.0009230068143466497
2013-05-08,-0.001140214037267273
2013-05-09,-0.00046128577354676015
2013-05-10,-0.0015131651934817691
2013-05-13,0.012275151225890957
2013-05-14,0.01941986062301093
2013-05-15,0.0
2013-05-16,0.0
2013-05-17,0.0
2013-05-20,-0.0010449758535321374
2013-05-21,-0.003981054007137774
2013-05-22,-0.0034810273375979195
2013-05-23,-0.010927515919713082
2013-05-24,-0.002503302068235125
2013-05-28,0.017013606071552
2013-05-29,0.006293947574270042
2013-05-30,-0.006630164748833267
2013-05-31,0.002214454223838036
2013-06-03,0.0010756413750452332
2013-06-04,0.0005008964238089053
2013-06-05,-0.004113539933204402
2013-06-06,0.0036426505500710693
2013-06-07,0.0074933690929075425
2013-06-10,-0.0102323779156831
2013-06-11,-0.00822954638676876
2013-06-12,0.012624435754945651
2013-06-13,0.00541373103093612
2013-06-14,0.011119736525635027
2013-06-17,0.022195489441919847
2013-06-18,0.0
2013-06-19,0.0
2013-06-20,0.0
2013-06-21,0.02222966609789534
2013-06-24,-0.016036463186646643
2013-06-25,0.01590361650104999
2013-06-26,0.010901117199162424
2013-06-27,0.008558378028942215
2013-06-28,-0.004344265410586412
2013-07-01,0.013936795811404501
2013-07-02,-0.003757241730934835
2013-07-03,6.447053735070263e-05
2013-07-05,0.018264473861505204
2013-07-08,0.007030185773207798
2013-07-09,0.013509700691289206
2013-07-10,-0.008105276195507938
2013-07-11,0.021306033522476175
2013-07-12,0.001065584313609591
2013-07-15,0.014091390453158326
2013-07-16,-0.00039505895677438563
2013-07-17,-0.008930836010765386
2013-07-18,0.010469623675755768
2013-07-19,-0.0029103010290927323
2013-07-22,-0.002961309681721591
2013-07-23,0.007810076793027587
2013-07-24,0.01089881758707989
2013-07-25,-0.00887819329293471
2013-07-26,0.006248292979293302
2013-07-29,0.002200946434693929
2013-07-30,0.0014487706326506977
2013-07-31,0.004651879622966426
2013-08-01,0.006647452497095863
2013-08-02,-0.005107414343951788
2013-08-05,0.006445234390278554
2013-08-06,-9.709390715806343e-05
2013-08-07,-0.005070026255712401
2013-08-08,0.059158742371732576
2013-08-09,0.0
2013-08-12,0.0
2013-08-13,0.0
2013-08-14,-0.011132592781350259
2013-08-15,-0.019917177719201873
2013-08-16,0.006832318665819459
2013-08-19,0.003797347776221427
2013-08-20,0.010629999160013393
2013-08-21,0.001398445489238176
2013-08-22,0.006914617251205568
2013-08-23,0.001129836953717378
2013-08-26,0.008576856192365812
2013-08-27,-0.009370974727580972
2013-08-28,0.003887694295623856
2013-08-29,-0.004432029734392828
2013-08-30,0.0010639056335346453
2013-09-03,0.013040944870449156
2013-09-04,0.023373391747528283
2013-09-05,0.0
2013-09-06,0.0
2013-09-09,0.0
2013-09-10,0.00876176831117137
2013-09-11,0.0010374251961338121
2013-09-12,0.001960522007036225
2013-09-13,-0.00982971787876985
2013-09-16,0.014132754607080633
2013-09-17,-0.002840707088005545
2013-09-18,0.0030386830820976485
2013-09-19,0.017488214251467182
2013-09-20,0.004290964589815038
2013-09-23,0.0025501979820206078
2013-09-24,-0.002666487497529846
2013-09-25,0.003481325581401462
2013-09-26,0.012703117607531178
2013-09-27,-0.0027033112379915014
2013-09-30,-0.012606854076118945
2013-10-01,0.0033903748998418415
2013-10-02,-0.010014695275819219
2013-10-03,-0.008221300564131617
2013-10-04,0.009890344075114355
2013-10-07,0.011861548840823577
2013-10-08,0.006422500059261482
2013-10-09,0.0026985366525422716
2013-10-10,0.01765112424442883
2013-10-11,-0.014713092219233004
2013-10-14,-0.016936810343033515
2013-10-15,0.01656628237884772
2013-10-16,0.007718812677824705
2013-10-17,0.0012111443882905082
2013-10-18,0.004673831442589371
2013-10-21,-0.0003526937686717524
2013-10-22,-0.0022761831667863497
2013-10-23,-0.01701057483142021
2013-10-24,-0.0023168078489107513
2013-10-25,0.006401963198686245
2013-10-28,-0.00029739815756901766
2013-10-29,0.009249522149720413
2013-10-30,0.003980238302263572
2013-10-31,-0.01580128527514879
2013-11-01,0.012966185483619608
2013-11-04,0.0012348207800614297
2013-11-05,-0.004595430539963585
2013-11-06,0.0030069508283638857
2013-11-07,0.009572624252087936
2013-11-08,-0.0005480746189533425
2013-11-11,-0.0018694689950008447
2013-11-12,-0.0023251379616398005
2013-11-13,-0.0036082772428642773
2013-11-14,-0.0002173072290231337
2013-11-15,0.004073057805229263
2013-11-18,0.0025294637389445818
2013-11-19,0.0012906365997429337
2013-11-20,0.0028024648702322796
2013-11-21,0.0051837961990151005
2013-11-22,-0.0017318069548049042
2013-11-25,0.005875529945046587
2013-11-26,0.0016585120742513837
2013-11-27,0.0024053804198718165
2013-11-29,0.0030531126881734316
2013-12-02,9.266606970648184e-08
2013-12-03,-0.0022563531854074004
2013-12-04,-0.007829760912547168
2013-12-05,-0.002772568151085286
2013-12-06,0.01887418745001246
2013-12-09,0.009482293718181767
2013-12-10,-0.001938469288975897
2013-12-11,-0.0073826349622678755
2013-12-12,0.013778940009903984
2013-12-13,0.003797126356713143
2013-12-16,0.0006637064890335775
2013-12-17,0.006869936623070894
2013-12-18,-0.00570850728602601
2013-12-19,-0.008345045173199672
2013-12-20,0.002955154560553508
2013-12-23,-0.0074234689084425876
2013-12-24,0.004576483671265397
2013-12-26,0.0031589017829902755
2013-12-27,0.0019820753474413255
2013-12-30,-0.0033953492907723426
2013-12-31,0.0048765849300023145
2014-01-02,-0.0006596219389075619
2014-01-03,0.003777539937297014
2014-01-06,-0.0017107157422512342
2014-01-07,0.005827399605793593
2014-01-08,-0.0036831259029370678
2014-01-09,0.004808487021245034
2014-01-10,-0.0010485396593665763
2014-01-13,-0.00034518935547733776
2014-01-14,0.006558087352434905
2014-01-15,0.002771031054682238
2014-01-16,-0.0039351562182011746
2014-01-17,0.001282282094232201
2014-01-21,0.0035523366893808195
2014-01-22,0.0038740224018933844
2014-01-23,-0.013215078018101956
2014-01-24,-0.005650651816494934
2014-01-27,0.003428249997119881
2014-01-28,0.005851114044765016
2014-01-29,-0.006407947203523556
2014-01-30,0.10698048998727194
2014-01-31,0.0
2014-02-03,0.0
2014-02-04,0.0
2014-02-05,-0.0009208574392276514
2014-02-06,0.003596837195879443
2014-02-07,0.004388475503671163
2014-02-10,0.0020938082254220447
2014-02-11,-0.00032399445274733374
2014-02-12,0.0032129333103683155
2014-02-13,-0.0007927259093709615
2014-02-14,-0.0003127737512501616
2014-02-18,0.001711031479063374
2014-02-19,0.0
2014-02-20,-0.0010710361138798197
2014-02-21,0.0012209058366006165
2014-02-24,0.0010532024666198847
2014-02-25,0.0007704384931483954
2014-02-26,0.0007734033714206223
2014-02-27,-0.0010943031715709983
2014-02-28,0.0006195394720416303
2014-03-03,-0.005250491535452428
2014-03-04,0.006249993780934604
2014-03-05,-0.0004826130818089691
2014-03-06,0.00032027584465521564
2014-03-07,0.0008074621243618907
2014-03-10,-0.0016289367290900358
2014-03-11,0.0012236372743126278
2014-03-12,-0.0010279188849229293
2014-03-13,0.0010163758145564916
2014-03-14,-0.0005782872581203691
2014-03-17,0.002212959570158324
2014-03-18,0.001622685628744902
2014-03-19,-0.00043102443940201685
2014-03-20,-0.0007104546011121871
2014-03-21,0.0014036927014233758
2014-03-24,0.002089604467274908
2014-03-25,0.0021752923806197533
2014-03-26,0.0013337782392714992
2014-03-27,-0.000256632125802847
2014-03-28,-0.003230985017568355
2014-03-31,0.005025579902130151
2014-04-01,0.002324934010987212
2014-04-02,0.0
2014-04-03,0.0
2014-04-04,0.0
2014-04-07,0.0
2014-04-08,0.0
2014-04-09,0.0
2014-04-10,0.0
2014-04-11,0.0
2014-04-14,0.0
2014-04-15,0.0
2014-04-16,0.0
2014-04-17,0.0
2014-04-21,0.0
2014-04-22,0.0
2014-04-23,0.0
2014-04-24,0.0
2014-04-25,0.0
2014-04-28,0.0
2014-04-29,0.0
2014-04-30,0.0
2014-05-01,0.0
2014-05-02,0.00018184487901340418
2014-05-05,-0.0010960107101973815
2014-05-06,0.0015970597955412558
2014-05-07,0.0001634493469586662
2014-05-08,-0.001229575759025714
2014-05-09,0.0002980983163742845
2014-05-12,0.0028104659297556456
2014-05-13,-0.0001434737366354799
2014-05-14,-0.0014044756947589887
2014-05-15,-0.0007006060352934274
2014-05-16,-0.0002819257925230634
2014-05-19,0.0049581177617972205
2014-05-20,0.0004163120732443293
2014-05-21,0.005054936911381258
2014-05-22,0.0005063844485888591
2014-05-23,0.00012327236840836697
2014-05-27,0.00234600474211355
2014-05-28,0.002730379687135187
2014-05-29,0.002005090182938485
2014-05-30,0.0005625424957165226
2014-06-02,0.00022230704903836163
2014-06-03,-0.0011011928856247133
2014-06-04,-0.0009840426201846997
2014-06-05,0.001292993361313055
2014-06-06,0.0011608318041234078
2014-06-09,-0.0005240004308199042
2014-06-10,3.973228968057185e-08
2014-06-11,0.011714934989125902
2014-06-12,0.0
2014-06-13,0.0
2014-06-16,0.0
2014-06-17,0.000934044863796446
2014-06-18,0.0013956715739502634
2014-06-19,0.0003238632998809887
2014-06-20,0.0007691309821602488
2014-06-23,0.0048656938320914556
2014-06-24,0.0028289757036208396
2014-06-25,-0.001818865981476958
2014-06-26,-0.00038982888859140363
2014-06-27,-0.0015719265544982264
2014-06-30,0.007178352370808216
2014-07-01,0.003910623521687473
2014-07-02,0.000276290727046824
2014-07-03,0.004727657536643726
2014-07-07,-0.0017446679320791691
2014-07-08,-0.0008630400248377246
2014-07-09,-0.007810812296667469
2014-07-10,-0.010581866629417624
2014-07-11,0.0010795169531137017
2014-07-14,0.004908333142643162
2014-07-15,0.001896047424900793
2014-07-16,0.005795536334382678
2014-07-17,-0.011512427950459148
2014-07-18,0.0018860596455643197
2014-07-21,-0.0021962050458106397
2014-07-22,0.0041487416751537776
2014-07-23,-0.001157181494773174
2014-07-24,0.0025995070012372334
2014-07-25,-0.0024209574135662937
2014-07-28,-0.0010085095736750427
2014-07-29,0.0020164536062092786
2014-07-30,0.0030710860007980845
2014-07-31,-0.016286480028047223
2014-08-01,0.0038584426472152433
2014-08-04,0.0015062110146630836
2014-08-05,-0.004231257998305704
2014-08-06,-0.00038665012749949934
2014-08-07,0.0028208826305904378
2014-08-08,0.0021561329993837752
2014-08-11,0.0035637960745000807
2014-08-12,-0.0022998731802129635
2014-08-13,0.0024343215132998086
2014-08-14,-0.006450373057999115
2014-08-15,0.004473286957692002
2014-08-18,0.0023798092041331653
2014-08-19,0.0030377921285080767
2014-08-20,-0.00023363346875904245
2014-08-21,-0.0030438462570973046
2014-08-22,0.00011748328481031578
2014-08-25,0.0025535553515139142
2014-08-26,0.000683559863997818
2014-08-27,-0.0005441499154739127
2014-08-28,-0.001946109994733658
2014-08-29,0.0015041452691952895
2014-09-02,-0.0016087158414358482
2014-09-03,-0.0006427543664297986
2014-09-04,0.0025134046975145985
2014-09-05,-0.00018201674305273752
2014-09-08,0.000443489369354122
2014-09-09,-0.0010972446833558136
2014-09-10,0.0014166966122910463
2014-09-11,-0.0019950001571046316
2014-09-12,-0.00025208928024200716
2014-09-15,-0.0010730061958879045
2014-09-16,0.0005712781758344665
2014-09-17,0.00017086015700673585
2014-09-18,0.002289009924056673
2014-09-19,5.405265124380776e-10
2014-09-22,-0.0017365992529327912
2014-09-23,-0.0008010619660255847
2014-09-24,0.0054844444107755574
2014-09-25,0.001771451538276958
2014-09-26,0.021639930141298613
2014-09-29,0.0
2014-09-30,0.0
2014-10-01,0.0
2014-10-02,0.0016951623067036348
2014-10-03,0.003121709930346217
2014-10-06,-0.008687446948950184
2014-10-07,-0.0018870338845335954
2014-10-08,0.00037197687849688243
2014-10-09,-0.002518456250676926
2014-10-10,-0.01130551616852582
2014-10-13,0.010733977388376337
2014-10-14,0.011366041836751162
2014-10-15,-0.008822860718423864
2014-10-16,-0.0032290193910644582
2014-10-17,0.00984474991424844
2014-10-20,0.0056630200115861395
2014-10-21,0.01191127872753861
2014-10-22,0.005475885865007912
2014-10-23,0.00794637454760383
2014-10-24,0.0015091585793471918
2014-10-27,0.014783517925520018
2014-10-28,0.0032341543760094904
2014-10-29,-0.0016715962756780334
2014-10-30,-0.008011839060891757
2014-10-31,0.01610849185638563
2014-11-03,0.0
2014-11-04,0.0
2014-11-05,0.0
2014-11-06,0.0
2014-11-07,0.0
2014-11-10,0.0
2014-11-11,0.0
2014-11-12,0.0
2014-11-13,0.0
2014-11-14,0.0
2014-11-17,0.0
2014-11-18,0.0
2014-11-19,0.0
2014-11-20,0.0
2014-11-21,0.0
2014-11-24,0.0
2014-11-25,0.0
2014-11-26,0.0
2014-11-28,0.0
2014-12-01,0.0
2014-12-02,0.0
2014-12-03,0.0
2014-12-04,0.0
2014-12-05,0.0
2014-12-08,0.0
2014-12-09,0.0
2014-12-10,0.0
2014-12-11,0.0
2014-12-12,0.0
2014-12-15,0.0
2014-12-16,0.0
2014-12-17,0.0
2014-12-18,0.0
2014-12-19,0.0
2014-12-22,0.0
2014-12-23,0.0
2014-12-24,0.0
2014-12-26,0.0
2014-12-29,0.0
2014-12-30,0.0
2014-12-31,0.0
2015-01-02,0.0
2015-01-05,0.0
2015-01-06,0.0
2015-01-07,0.0
2015-01-08,0.0
2015-01-09,0.0
2015-01-12,0.0
2015-01-13,0.0
2015-01-14,0.0
2015-01-15,0.0
2015-01-16,0.0
2015-01-20,0.0
2015-01-21,0.0
2015-01-22,0.0
2015-01-23,0.0
2015-01-26,0.0
2015-01-27,0.0
2015-01-28,0.0
2015-01-29,0.0
2015-01-30,0.0
2015-02-02,0.0
2015-02-03,0.0
2015-02-04,0.0
2015-02-05,0.0
2015-02-06,0.0
2015-02-09,0.0
2015-02-10,0.0
2015-02-11,0.0
2015-02-12,0.0
2015-02-13,0.0
2015-02-17,0.0
2015-02-18,0.0
2015-02-19,0.0
2015-02-20,0.0
2015-02-23,0.0
2015-02-24,0.0
2015-02-25,0.0
2015-02-26,0.0
2015-02-27,0.0
2015-03-02,0.0
2015-03-03,0.0
2015-03-04,0.0
2015-03-05,0.0
2015-03-06,0.0
2015-03-09,0.0
2015-03-10,0.0
2015-03-11,0.0
2015-03-12,0.0
2015-03-13,0.0
2015-03-16,0.0
2015-03-17,0.0
2015-03-18,0.0
2015-03-19,0.0
2015-03-20,0.0
2015-03-23,0.0
2015-03-24,0.0
2015-03-25,0.0
2015-03-26,0.0
2015-03-27,0.0
2015-03-30,0.0
2015-03-31,0.0
2015-04-01,0.0
2015-04-02,0.006628899913546427
2015-04-06,-0.002505335975705014
2015-04-07,-0.0009034463294537165
2015-04-08,-0.0032415024774172796
2015-04-09,-0.0006732233027867407
2015-04-10,-0.00022125575728049185
2015-04-13,6.90245860468508e-10
2015-04-14,-0.0016639888731495578
2015-04-15,0.0030507431893727066
2015-04-16,-0.002924080265023221
2015-04-17,-0.0027971693980569645
2015-04-20,0.00106128038337161
2015-04-21,0.0007367841738996628
2015-04-22,0.00031312908651059956
2015-04-23,-0.00599030516573551
2015-04-24,0.0023927935089018693
2015-04-27,0.0005274617613968413
2015-04-28,-0.0004991741821230855
2015-04-29,-0.0027960844162567833
2015-04-30,-0.0007496753571012427
2015-05-01,0.0016318631757394897
2015-05-04,0.0
2015-05-05,0.0
2015-05-06,0.0
2015-05-07,0.0
2015-05-08,0.0
2015-05-11,0.0
2015-05-12,0.0
2015-05-13,0.0
2015-05-14,0.0
2015-05-15,0.0
2015-05-18,0.0
2015-05-19,0.0
2015-05-20,0.0
2015-05-21,0.0
2015-05-22,0.0
2015-05-26,0.0
2015-05-27,0.0
2015-05-28,0.0
2015-05-29,0.0
2015-06-01,0.0
2015-06-02,-0.0005592013671059659
2015-06-03,0.004224443242888398
2015-06-04,-0.0022529446510356488
2015-06-05,-0.0002663269079833386
2015-06-08,-0.0010236229426994203
2015-06-09,0.0004128125289080131
2015-06-10,0.0025132007901300657
2015-06-11,-0.0010368040123522881
2015-06-12,-0.0024402130137928246
2015-06-15,-0.011235338454297805
2015-06-16,-0.002533978586554464
2015-06-17,0.000451807827456685
2015-06-18,0.0016871226037460385
2015-06-19,0.003334898286882826
2015-06-22,-0.0011241167514253192
2015-06-23,0.0011906179807630313
2015-06-24,0.0002331270798852092
2015-06-25,0.0010067460696530084
2015-06-26,-0.03680144842330524
2015-06-29,-0.003554058061633447
2015-06-30,0.002258951862456504
2015-07-01,0.003096232734902893
2015-07-02,0.0007534834196396556
2015-07-06,-0.0034397624949368266
2015-07-07,-0.002868548474658783
2015-07-08,-0.0037503649017291973
2015-07-09,0.003890832100873931
2015-07-10,0.0028702097540078686
2015-07-13,0.004271574530567479
2015-07-14,0.035098268892300055
2015-07-15,0.0
2015-07-16,0.0
2015-07-17,0.0
2015-07-20,-0.0007303848985710237
2015-07-21,-0.0009272507140801745
2015-07-22,-0.006622849306047174
2015-07-23,0.006308635479227664
2015-07-24,-0.0019598010141107514
2015-07-27,-0.004773688601920845
2015-07-28,0.004511597705868287
2015-07-29,0.00387885922020903
2015-07-30,-0.002023031829984201
2015-07-31,0.0020451615975054516
2015-08-03,0.0017143907816099535
2015-08-04,0.0030166227564141224
2015-08-05,0.0029893721678921903
2015-08-06,0.00033922830610766397
2015-08-07,-0.004533702501889891
2015-08-10,0.0023091588350423464
2015-08-11,-0.0031244088403333814
2015-08-12,-0.003741070661634205
2015-08-13,0.000582249752052677
2015-08-14,0.0008445477210412555
2015-08-17,-0.006549478897569738
2015-08-18,-0.0030369531672075345
2015-08-19,-0.001910723154913252
2015-08-20,-0.0075583132732706115
2015-08-21,-0.004793859548075541
2015-08-24,-0.010264314995256707
2015-08-25,0.011029386326014246
2015-08-26,0.0
2015-08-27,0.0
2015-08-28,0.0
2015-08-31,-0.0007681861849480054
2015-09-01,-0.009092337155514163
2015-09-02,0.004061192114011236
2015-09-03,0.0015159122424777127
2015-09-04,-0.004390407697614673
2015-09-08,0.01104207433396076
2015-09-09,-0.010497438806848614
2015-09-10,0.0008141740418117216
2015-09-11,0.0035920986982131975
2015-09-14,-0.0004254466063374762
2015-09-15,0.0002798835996260518
2015-09-16,-0.0006706940722615018
2015-09-17,0.0005488064664105341
2015-09-18,0.006897564001392853
2015-09-21,-0.0018583080361624926
2015-09-22,0.005906926015547764
2015-09-23,-0.0016790114594912309
2015-09-24,0.007678390086602649
2015-09-25,-0.009387589193686985
2015-09-28,0.0009146688774013256
2015-09-29,-0.002697527894164553
2015-09-30,-0.012146134773078576
2015-10-01,-0.0023713563222970135
2015-10-02,0.01702026566144821
2015-10-05,-0.00585022617722919
2015-10-06,0.002143630953367337
2015-10-07,-0.005033162525569623
2015-10-08,0.0030057314239091415
2015-10-09,-0.0021479849236687443
2015-10-12,0.004060998702186236
2015-10-13,0.0015596437697036336
2015-10-14,0.008000910054325239
2015-10-15,-0.003459316253294986
2015-10-16,-0.0021681026436645157
2015-10-19,0.0017654280387655596
2015-10-20,-0.00181140496739296
2015-10-21,-0.01323364185464937
2015-10-22,-0.008103988152341035
2015-10-23,-0.018902545251281766
2015-10-26,-0.0022024245409749676
2015-10-27,0.0009806571997370561
2015-10-28,0.0019081758876309252
2015-10-29,-0.003592607864818076
2015-10-30,0.0026138926600340895
2015-11-02,0.005945149303275388
2015-11-03,-0.0008075084755664319
2015-11-04,0.003573498638244743
2015-11-05,0.009486055801799065
2015-11-06,-0.00060127032189361
2015-11-09,-0.004063878951678701
2015-11-10,-0.0023439929755426636
2015-11-11,0.003564059592310098
2015-11-12,-0.0018983381927435428
2015-11-13,-0.006865470224557635
2015-11-16,-0.00392624364307026
2015-11-17,0.0011219413187955052
2015-11-18,0.0028121391213453695
2015-11-19,0.025015722396170226
2015-11-20,0.0
2015-11-23,0.0
2015-11-24,0.0
2015-11-25,0.0004458588363165372
2015-11-27,0.005303189701176825
2015-11-30,0.0025277234290332906
2015-12-01,0.012344818498028598
2015-12-02,0.003114704327775941
2015-12-03,0.005591214131246192
2015-12-04,0.0010348423294999076
2015-12-07,0.0027780128431360573
2015-12-08,-0.013767232149058617
2015-12-09,-0.0028151953347957948
2015-12-10,0.0016863090224186195
2015-12-11,-0.02084624652325362
2015-12-14,0.0024079001872903127
2015-12-15,0.01180465359352989
2015-12-16,0.010663476570087704
2015-12-17,0.008096067772553894
2015-12-18,-0.004239715114637166
2015-12-21,0.009837736890429216
2015-12-22,0.005368220577035121
2015-12-23,0.006461549463221861
2015-12-24,-0.00034283674348523085
2015-12-28,0.006407515291171784
2015-12-29,0.006793060756137725
2015-12-30,-0.0019982728941241312
2015-12-31,-0.004984772229471912
2016-01-04,-0.03287993610600448
2016-01-05,0.007961810833284844
2016-01-06,-0.02058350630592043
2016-01-07,-0.02271100456145192
2016-01-08,0.010564084068168222
2016-01-11,0.002896699302984418
2016-01-12,0.01195774278577555
2016-01-13,0.007815875625667434
2016-01-14,0.008503174824305404
2016-01-15,-0.038306739528471634
2016-01-19,0.0166238102263363
2016-01-20,-0.024240655354276552
2016-01-21,0.005053935756101469
2016-01-22,0.008356206416636702
2016-01-25,0.0008774749170856744
2016-01-26,-0.0005104544378433662
2016-01-27,0.007230491556976082
2016-01-28,0.019902428816088946
2016-01-29,-0.0007458734078632512
2016-02-01,0.00433337372095477
2016-02-02,0.003488953292069219
2016-02-03,0.003649084490470189
2016-02-04,0.0025827430784612915
2016-02-05,0.0030667429530737422
2016-02-08,0.016591423182583
2016-02-09,0.006991575152302865
2016-02-10,-0.0041812308063198245
2016-02-11,0.004710831249527647
2016-02-12,-0.005642621555460914
2016-02-16,-0.009549905285094251
2016-02-17,-0.005855378391580901
2016-02-18,-5.0073524773486255e-05
2016-02-19,0.0037120158456491748
2016-02-22,-0.005306408806259877
2016-02-23,0.00432929063100751
2016-02-24,0.006718445444587884
2016-02-25,-0.00036886567364302625
2016-02-26,-0.002751327565953754
2016-02-29,0.00152145429966688
2016-03-01,-0.006006420578028027
2016-03-02,0.0004249751019844705
2016-03-03,0.0022045799498253693
2016-03-04,0.011810651382779813
2016-03-07,0.004300236611174624
2016-03-08,0.006691639700612484
2016-03-09,-0.0031851272914631412
2016-03-10,-0.002707750749767701
2016-03-11,-0.007162387189458053
2016-03-14,0.0002443075816758178
2016-03-15,0.0038478228808962456
2016-03-16,0.001676560583344422
2016-03-17,0.0016143730007309731
2016-03-18,-0.0014890260701279079
2016-03-21,0.0024193003285784
2016-03-22,0.0038589048673118853
2016-03-23,0.0011663251232387761
2016-03-24,0.003635323898312892
2016-03-28,-0.0017350627639231009
2016-03-29,0.0018958322891502455
2016-03-30,-0.004035084228231844
2016-03-31,0.0007660438272425463
2016-04-01,0.004245144491132891
2016-04-04,0.0011712454019823237
2016-04-05,0.00671772712538532
2016-04-06,-0.00047849040499092776
2016-04-07,0.004911120895271903
2016-04-08,-0.005833335350010516
2016-04-11,-0.004152994083757244
2016-04-12,0.0
2016-04-13,0.0
2016-04-14,0.0
2016-04-15,0.0
2016-04-18,0.0
2016-04-19,0.0
2016-04-20,0.0
2016-04-21,0.0
2016-04-22,0.0
2016-04-25,0.0
2016-04-26,0.0
2016-04-27,0.0
2016-04-28,0.0
2016-04-29,0.0
2016-05-02,0.0
2016-05-03,0.0
2016-05-04,0.0
2016-05-05,0.0
2016-05-06,0.0
2016-05-09,0.0
2016-05-10,0.0
2016-05-11,0.0
2016-05-12,0.0
2016-05-13,0.0
2016-05-16,0.0
2016-05-17,0.0
2016-05-18,0.0
2016-05-19,-0.0007866465364714248
2016-05-20,0.0012985550149076097
2016-05-23,0.0009346649469976764
2016-05-24,0.0006771236897102906
2016-05-25,0.0007180284730849973
2016-05-26,0.00041838179826592103
2016-05-27,0.00026420887423261874
2016-05-31,0.0010489997658198469
2016-06-01,-0.0011475676314199879
2016-06-02,0.001325932146233777
2016-06-03,-0.002475891670059238
2016-06-06,0.0006351177595622648
2016-06-07,0.0015124191045607915
2016-06-08,5.4738071640692e-05
2016-06-09,-0.0008629567434736973
2016-06-10,-0.0030122085965473833
2016-06-13,0.0002735330630816435
2016-06-14,-0.0005859702334023442
2016-06-15,0.001743412137761302
2016-06-16,0.0
2016-06-17,0.0
2016-06-20,0.0
2016-06-21,0.0
2016-06-22,0.0
2016-06-23,0.0
2016-06-24,0.0
2016-06-27,0.0
2016-06-28,0.0
2016-06-29,0.0
2016-06-30,0.0
2016-07-01,0.0
2016-07-05,0.0
2016-07-06,0.0
2016-07-07,0.0
2016-07-08,0.0
2016-07-11,0.002886731542598886
2016-07-12,0.0022898275938407764
2016-07-13,0.0003964951925674587
2016-07-14,0.0011039171559601435
2016-07-15,-0.002687378680443109
2016-07-18,0.002581128422200152
2016-07-19,-0.00012168281235369616
2016-07-20,0.0007096661200580723
2016-07-21,-0.0004783444320440866
2016-07-22,0.0007661009096315841
2016-07-25,0.0013567848272781902
2016-07-26,0.00201646377089304
2016-07-27,0.0018328092201496116
2016-07-28,0.0004897519219806412
2016-07-29,0.0007978724970136852
2016-08-01,0.0008991273625080787
2016-08-02,0.0010075247420395783
2016-08-03,-0.00026401068313219866
2016-08-04,0.0010059922057450432
2016-08-05,0.002465737470468854
2016-08-08,0.002930814070388532
2016-08-09,0.0010428887549940313
2016-08-10,0.0018296479036492563
2016-08-11,0.0010786366576263084
2016-08-12,0.007703445142059895
2016-08-15,0.0
2016-08-16,0.0
2016-08-17,0.0
2016-08-18,-0.00038537978417063634
2016-08-19,-0.00013297698980330175
2016-08-22,0.0008397610893837726
2016-08-23,0.0028015274398527357
2016-08-24,0.0009603017705315242
2016-08-25,8.541391668348552e-05
2016-08-26,0.0006715407648418825
2016-08-29,0.00107184346552458
2016-08-30,-0.00033815648635293627
2016-08-31,0.0005058303291174404
2016-09-01,0.000210720747114701
2016-09-02,0.000553599212993694
2016-09-06,0.0009537544672628684
2016-09-07,-0.0008612615342605823
2016-09-08,-0.0002586848993066937
2016-09-09,-0.0029842618702873303
2016-09-12,-0.003403081688818421
2016-09-13,-0.0006494667047841629
2016-09-14,0.0005475981922768991
2016-09-15,0.0003859365526217573
2016-09-16,0.0008520928923723137
2016-09-19,0.0025272269114777757
2016-09-20,0.002999416047122283
2016-09-21,0.0007903239652720107
2016-09-22,0.0015960887792774159
2016-09-23,0.0003353951033056024
2016-09-26,-0.003104730184854576
2016-09-27,-0.0010357675557599588
2016-09-28,0.00041127744470847993
2016-09-29,-0.00045923372253364736
2016-09-30,0.0015518819421855845
2016-10-03,-1.0528967364642483e-07
2016-10-04,0.0004162460728553974
2016-10-05,0.002389503085699518
2016-10-06,-0.0031017415001221016
2016-10-07,0.0013350687417426066
2016-10-10,0.002413432854458719
2016-10-11,-0.0018501906019066094
2016-10-12,-0.0010027593356563003
2016-10-13,-0.002866873942758752
2016-10-14,0.004595696692715423
2016-10-17,-0.0013431430170935954
2016-10-18,0.003069657347342547
2016-10-19,-0.001463086399798974
2016-10-20,0.002515380274997314
2016-10-21,-0.000755439743708175
2016-10-24,0.0014498735916583794
2016-10-25,-0.0003778780475088839
2016-10-26,-0.0019232860094571258
2016-10-27,0.0017649862556405882
2016-10-28,0.0010914645935526934
2016-10-31,0.0007435498518841843
2016-11-01,0.0008218261209989031
2016-11-02,0.0016763725817305897
2016-11-03,0.0010411896131183873
2016-11-04,-0.0014604733034189188
2016-11-07,0.006385340703170206
2016-11-08,0.0008708840781301852
2016-11-09,-0.006411550706886482
2016-11-10,0.005147218619971694
2016-11-11,0.039507345286541984
2016-11-14,0.0
2016-11-15,0.0
2016-11-16,0.0
2016-11-17,0.0034497151080254973
2016-11-18,-1.6117594925368905e-07
2016-11-21,0.004147125112600403
2016-11-22,0.001855467779494413
2016-11-23,0.0012266932930111718
2016-11-25,0.0026114731016622095
2016-11-28,-0.0016935315086484826
2016-11-29,-0.0006333469336380348
2016-11-30,0.0020145321940634453
2016-12-01,-0.0005836504419405308
2016-12-02,-0.00809439263318068
2016-12-05,0.009585156044459087
2016-12-06,0.0020605971879894547
2016-12-07,-0.003498340172453651
2016-12-08,0.0034329809354305407
2016-12-09,0.003127401905886007
2016-12-12,-0.005572717786515136
2016-12-13,0.0038618625022757147
2016-12-14,-0.0011355577410141482
2016-12-15,0.0044388488390654235
2016-12-16,0.0064533433435352006
2016-12-19,0.003111695416097904
2016-12-20,0.014313340974306588
2016-12-21,0.0036646648594973463
2016-12-22,0.02796639267858403
2016-12-23,0.0
2016-12-27,0.0
2016-12-28,0.0
2016-12-29,-0.01703533674964175
2016-12-30,0.002893798119562696
2017-01-03,-0.0018550521117521868
2017-01-04,0.004777021124593439
2017-01-05,0.0007272277448782116
2017-01-06,0.005197196144010485
2017-01-09,0.0008260058773352785
2017-01-10,0.0024171031860056313
2017-01-11,-0.0006099593439813367
2017-01-12,-0.005040092383959749
2017-01-13,-5.155202165929573e-05
2017-01-17,-0.0036931908960973203
2017-01-18,-0.0023109460190638975
2017-01-19,-0.007452361356932058
2017-01-20,0.0058324126518130015
2017-01-23,-0.0004094105028099593
2017-01-24,0.004273363520501006
2017-01-25,0.008115442167757614
2017-01-26,0.0006802827851721815
2017-01-27,0.0017022549908445317
2017-01-30,-0.0050697966002520856
2017-01-31,-0.006483376085979375
2017-02-01,0.008548436330818365
2017-02-02,-0.003802947026412151
2017-02-03,0.001738852921856271
2017-02-06,0.0024512015862190317
2017-02-07,0.010968384421705224
2017-02-08,-0.005476279657504746
2017-02-09,0.008320704171290494
2017-02-10,0.015189255123981171
2017-02-13,0.0015438732341792605
2017-02-14,-0.006152889419202667
2017-02-15,-0.0011197440453942775
2017-02-16,0.0001458414116939366
2017-02-17,-0.003809568163107846
2017-02-21,0.009139336025281608
2017-02-22,0.006497261692366196
2017-02-23,-0.010076480136950838
2017-02-24,-0.016775386187728558
2017-02-27,0.004855629882025481
2017-02-28,0.00461391071756978
2017-03-01,0.020333298310193815
2017-03-02,0.0
2017-03-03,0.0
2017-03-06,0.0
2017-03-07,-0.0008106183532718969
2017-03-08,0.008060510702240009
2017-03-09,0.0011039516887918488
2017-03-10,0.006489365094612953
2017-03-13,0.012016837365118382
2017-03-14,-0.004258686317954674
2017-03-15,-0.0038532526299439596
2017-03-16,-0.001452103888078371
2017-03-17,-0.0004890924662279694
2017-03-20,0.005897589619425547
2017-03-21,-0.0006207788682288662
2017-03-22,-0.0009700272530702714
2017-03-23,-0.00029549638366799247
2017-03-24,0.03699540263827816
2017-03-27,0.0
2017-03-28,0.0
2017-03-29,0.0
2017-03-30,0.00019381043535005027
2017-03-31,0.001343550930581694
2017-04-03,0.001546298889717912
2017-04-04,-0.021094752052265298
2017-04-05,0.0007705347952480235
2017-04-06,-0.014368582103653105
2017-04-07,0.00033376831809261986
2017-04-10,-0.0006143026445363242
2017-04-11,-0.00644352867469733
2017-04-12,-0.000918045740512019
2017-04-13,-0.009684271319992832
2017-04-17,0.008259038060437707
2017-04-18,-0.006555554469690694
2017-04-19,0.007767812893904491
2017-04-20,0.006357562956956331
2017-04-21,-0.0012195244041454112
2017-04-24,0.010847155505876227
2017-04-25,0.004518942283598504
2017-04-26,-0.0034449763073512996
2017-04-27,0.004002215693038824
2017-04-28,0.00432745309731275
2017-05-01,0.004541127963690439
2017-05-02,-0.03387974204437372
2017-05-03,-0.0024080120666800653
2017-05-04,0.0034671605698384234
2017-05-05,-0.0002735784790822704
2017-05-08,-0.003463566403223428
2017-05-09,0.0008695699129261936
2017-05-10,0.030147628113388114
2017-05-11,0.0
2017-05-12,0.0
2017-05-15,0.0
2017-05-16,0.008826356870235141
2017-05-17,-0.02647507330461729
2017-05-18,0.00016074512629149496
2017-05-19,0.013365908378307312
2017-05-22,0.007724979694293754
2017-05-23,2.970007265457042e-05
2017-05-24,0.010700340739624892
2017-05-25,0.006220567409642719
2017-05-26,-0.00429458720391529
2017-05-30,0.003214589558005798
2017-05-31,0.008388877551606777
2017-06-01,0.0020578219074085524
2017-06-02,0.00010554023534492529
2017-06-05,-0.0003952455032523172
2017-06-06,-0.0015707344305554427
2017-06-07,0.002609832903524678
2017-06-08,0.009799729534087698
2017-06-09,0.009039655289769133
2017-06-12,-0.00975966278615703
2017-06-13,0.01185776828240015
2017-06-14,0.002236702784199851
2017-06-15,-0.013463500604832701
2017-06-16,0.0013256097866751748
2017-06-19,0.008885546029895774
2017-06-20,0.004870965587898457
2017-06-21,0.0051739617738433274
2017-06-22,0.0008809288919151559
2017-06-23,0.000579285313150546
2017-06-26,0.009235194241695721
2017-06-27,-0.001356870058644044
2017-06-28,0.009868716840161218
2017-06-29,-0.0018911390409328543
2017-06-30,0.007826849488021814
2017-07-03,0.0033811547422015753
2017-07-05,0.01039421524505224
2017-07-06,-0.009073313060329213
2017-07-07,0.0067802008871620245
2017-07-10,0.00636028994316562
2017-07-11,0.0008710746281703763
2017-07-12,0.009308852796936051
2017-07-13,0.0019744188549011277
2017-07-14,0.0034604931923800653
2017-07-17,0.0014356365287415684
2017-07-18,-0.005432380859503483
2017-07-19,0.002101746168180263
2017-07-20,0.0025181778278660083
2017-07-21,-0.002383935044539265
2017-07-24,0.0004132425958589536
2017-07-25,-0.009532363529763499
2017-07-26,0.003259896138979368
2017-07-27,0.0057548816264201275
2017-07-28,-0.004872334519600119
2017-07-31,0.002241342842337568
2017-08-01,0.000297784400402179
2017-08-02,0.0052572138811717295
2017-08-03,0.001240720833576514
2017-08-04,0.0008337737580705884
2017-08-07,0.007436638645455629
2017-08-08,0.004086444612017903
2017-08-09,-0.011674181261178251
2017-08-10,-0.002974904371208509
2017-08-11,-0.014915197014925718
2017-08-14,0.014906238063499888
2017-08-15,0.006019976603168331
2017-08-16,0.004424469361014038
2017-08-17,-0.00431116872063575
2017-08-18,0.005750851456825412
2017-08-21,0.0027868820029581798
2017-08-22,0.005737552654647926
2017-08-23,-0.005850731621481975
2017-08-24,0.006416308233011314
2017-08-25,0.0015068852408204325
2017-08-28,0.0026171409904265364
2017-08-29,-0.009618067609044378
2017-08-30,0.0032383963372604185
2017-08-31,0.0032996965719487292
2017-09-01,0.0020063732770074783
2017-09-05,-0.0035651054939166427
2017-09-06,0.0016868446949245275
2017-09-07,0.0023690231171658027
2017-09-08,-0.0005623571023114504
2017-09-11,0.005698326463200676
2017-09-12,0.0030658294478476122
2017-09-13,0.00044211430832175047
2017-09-14,-0.003422394053800848
2017-09-15,0.005664369597643049
2017-09-18,0.010338099433080616
2017-09-19,-0.0022784511627224058
2017-09-20,0.0008030161024545901
2017-09-21,-0.006293764575148075
2017-09-22,-0.0031124088719949317
2017-09-25,-0.0021975661637136934
2017-09-26,0.011568908956158586
2017-09-27,0.022670296567846915
2017-09-28,0.0
2017-09-29,0.0
2017-10-02,0.0
2017-10-03,-0.0002405307684076874
2017-10-04,-0.001799115744816504
2017-10-05,0.004726881537495675
2017-10-06,-0.0063985084292410566
2017-10-09,0.003929638975145755
2017-10-10,0.019129017416577465
2017-10-11,-0.010147020761015146
2017-10-12,-0.0038690892812787148
2017-10-13,0.0078437346154272
2017-10-16,0.008170202999113751
2017-10-17,-0.005816218979497578
2017-10-18,0.007971893945779795
2017-10-19,-0.012596264766110421
2017-10-20,0.009415092268283853
2017-10-23,0.006167908426570001
2017-10-24,0.003006490031850273
2017-10-25,-0.007183278692703632
2017-10-26,0.003888985880112772
2017-10-27,0.00446494998047986
2017-10-30,-0.0012070289706950232
2017-10-31,0.008495900654872823
2017-11-01,0.009653281589729445
2017-11-02,-0.005450844462820625
2017-11-03,0.006908928719840723
2017-11-06,-0.0016911956242333659
2017-11-07,0.005134286660116061
2017-11-08,-0.0013520905204110756
2017-11-09,-0.011779299188105274
2017-11-10,0.017766473182706077
2017-11-13,-0.003926807778482977
2017-11-14,0.0005188222451384394
2017-11-15,-0.009450513895478907
2017-11-16,0.008786185753926645
2017-11-17,0.007156938349115682
2017-11-20,0.0038624914259617338
2017-11-21,0.008320228321142986
2017-11-22,0.005370774278370183
2017-11-24,0.0025587289611341824
2017-11-27,-0.012599500544245523
2017-11-28,0.0034037767678847253
2017-11-29,-0.00457041869462782
2017-11-30,0.008116648797819925
2017-12-01,-0.007640048120425624
2017-12-04,0.0038812779048160717
2017-12-05,-0.009307796396448187
2017-12-06,-0.008058300004968322
2017-12-07,0.006249540102016615
2017-12-08,0.009173950791780072
2017-12-11,0.0017525831305376105
2017-12-12,-0.00294336715739707
2017-12-13,0.004899264372263845
2017-12-14,0.0020583141711449926
2017-12-15,0.00388643116959253
2017-12-18,0.008580588803009936
2017-12-19,0.001627665433659331
2017-12-20,0.014515595532042846
2017-12-21,-0.00022060832796633179
2017-12-22,-0.006673515238498018
2017-12-26,-0.017083801893362005
2017-12-27,-0.0017912087571226865
2017-12-28,0.006847228773074754
2017-12-29,0.0028454593862237143
2018-01-02,0.010349775121072602
2018-01-03,0.009202222247398861
2018-01-04,0.01064895693502943
2018-01-05,-0.007548673747814982
2018-01-08,-0.004943507047160622
2018-01-09,-0.002865145909846878
2018-01-10,-0.01032966857856743
2018-01-11,0.0021967136473795
2018-01-12,-9.059642591680017e-08
2018-01-16,0.0035734434010081806
2018-01-17,0.0031284713531511965
2018-01-18,-0.000546147922499518
2018-01-19,-0.000426856610062476
2018-01-22,-0.0029553689002170813
2018-01-23,0.003873033111492008
2018-01-24,-0.0018723496341128687
2018-01-25,0.01122278862743653
2018-01-26,0.002029003582645128
2018-01-29,-0.004042304546473252
2018-01-30,-0.012610973474379339
2018-01-31,0.012877676406475747
2018-02-01,0.0
2018-02-02,0.0
2018-02-05,0.0
2018-02-06,0.010921471035047148
2018-02-07,-0.005812478251468689
2018-02-08,0.005025319236278358
2018-02-09,0.010146569088390844
2018-02-12,0.005742979393190462
2018-02-13,-0.001375436250591
2018-02-14,-0.00705016936370817
2018-02-15,0.002813503173396237
2018-02-16,-0.002100842860993546
2018-02-20,-0.0019276128741131382
2018-02-21,0.004822346161347246
2018-02-22,0.0024457150619054957
2018-02-23,0.009346166736680983
2018-02-26,0.004344792137429332
2018-02-27,-0.003176184281066363
2018-02-28,0.0022289863782474217
2018-03-01,-0.00041150972436920785
2018-03-02,-0.02231194555681526
2018-03-05,-0.00789975239911156
2018-03-06,0.023642083542360748
2018-03-07,-0.014813965154400033
2018-03-08,0.010147012158210122
2018-03-09,0.011278457045525103
2018-03-12,0.0259844403778835
2018-03-13,0.03605880531886552
2018-03-14,0.003448973660445942
2018-03-15,0.0013625823782248414
2018-03-16,0.014907734566857123
2018-03-19,-0.008542622766261276
2018-03-20,-0.0001115412641785607
2018-03-21,0.001485956294099644
2018-03-22,-0.017782626434933224
2018-03-23,-0.01240104638262296
2018-03-26,0.03960444376202932
2018-03-27,0.0029170182915929654
2018-03-28,-0.010088374666378797
2018-03-29,0.016987272136847364
2018-04-02,-0.015875935832033616
2018-04-03,0.021694828302549984
2018-04-04,-0.039787389535556605
2018-04-05,0.02456347119534974
2018-04-06,-0.021045937451334873
2018-04-09,0.016132892820131195
2018-04-10,0.03010511679917105
2018-04-11,0.012252808361458811
2018-04-12,0.019098110943831292
2018-04-13,0.017626795925799188
2018-04-16,0.015904981617979486
2018-04-17,0.05701273696480724
2018-04-18,0.0
2018-04-19,0.0
2018-04-20,0.0
2018-04-23,0.011186664567622628
2018-04-24,0.008988271701909634
2018-04-25,-0.0023657055697443585
2018-04-26,0.02058589446310055
2018-04-27,0.05578726405201784
2018-04-30,0.0
2018-05-01,0.0
2018-05-02,0.0
2018-05-03,0.0009590255085349941
2018-05-04,-0.004437943637724429
2018-05-07,0.011976379712830498
2018-05-08,0.0003813569853128307
2018-05-09,0.004658085006782331
2018-05-10,0.008457805997547752
2018-05-11,-0.012149128586538493
2018-05-14,0.010199782000257285
2018-05-15,0.001778498136185025
2018-05-16,0.008262810023800693
2018-05-17,-0.003179761614336085
2018-05-18,-0.004301546531778722
2018-05-21,0.024819436939781836
2018-05-22,0.0
2018-05-23,0.0
2018-05-24,0.0
2018-05-25,-0.00385157016170945
2018-05-29,-0.0013279288245693355
2018-05-30,0.011202883602919878
2018-05-31,-0.029119381022379542
2018-06-01,0.014084176678230476
2018-06-04,-0.00585712082212686
2018-06-05,0.006518806431271118
2018-06-06,0.001175813710422302
2018-06-07,0.004207546249653804
2018-06-08,-0.010742929585662586
2018-06-11,0.0037566615355053568
2018-06-12,0.0056286442938977554
2018-06-13,0.002560119347392531
2018-06-14,0.008730871815823216
2018-06-15,-0.008200629334808585
2018-06-18,-0.011640520391218656
2018-06-19,-0.009209465450883747
2018-06-20,0.023922093794549015
2018-06-21,0.030501265232040442
2018-06-22,0.012583767955881564
2018-06-25,-0.021713529556682154
2018-06-26,0.02213355703834896
2018-06-27,0.013612425486075663
2018-06-28,0.0030489116315497444
2018-06-29,0.008734053204267456
2018-07-02,-0.013243852550841484
2018-07-03,0.006153337569480222
2018-07-05,0.0100938056198292
2018-07-06,-0.0030360085321128327
2018-07-09,0.017804017089691815
2018-07-10,-0.0029406159337920235
2018-07-11,-0.008824098547386416
2018-07-12,-0.0019450417898653205
2018-07-13,-0.004236294344496794
2018-07-16,0.00863619109247038
2018-07-17,-0.09310785129021626
2018-07-18,0.004563410309486704
2018-07-19,-0.012102181849304117
2018-07-20,0.005690328493792807
2018-07-23,-0.004055948543422949
2018-07-24,0.017860416773786136
2018-07-25,0.0004883185534492185
2018-07-26,-0.01740178131098935
2018-07-27,0.03199587519311442
2018-07-30,-0.0024654568395747756
2018-07-31,-0.004142376314009488
2018-08-01,-9.241089847422668e-05
2018-08-02,-0.006192147491973277
2018-08-03,0.0014220166887335406
2018-08-06,0.002412278019568337
2018-08-07,0.0024632614436841394
2018-08-08,-0.0021757934459191164
2018-08-09,-0.0034878620571505703
2018-08-10,-0.004920398424268613
2018-08-13,0.00246957522350999
2018-08-14,0.0051098733499477245
2018-08-15,-0.005975000116163698
2018-08-16,0.005580217117210351
2018-08-17,-0.0073772597030078435
2018-08-20,0.0017742200251753548
2018-08-21,0.004366445576660549
2018-08-22,0.0007542085949747701
2018-08-23,0.002611478329032746
2018-08-24,0.008058277769192879
2018-08-27,0.013323570278424457
2018-08-28,0.00420867699748162
2018-08-29,-0.008239412684742708
2018-08-30,-0.0004147842805000135
2018-08-31,-0.00029482626432875136
2018-09-04,0.0027645635071933405
2018-09-05,-0.003342198289445486
2018-09-06,-0.007297332802046141
2018-09-07,-0.0006171489401642916
2018-09-10,0.0031396964125827154
2018-09-11,-0.00917362185831494
2018-09-12,-0.015615169486019265
2018-09-13,0.006101555227792987
2018-09-14,0.007016924903331834
2018-09-17,-0.005678403679528321
2018-09-18,0.002471899519350007
2018-09-19,0.002114762726563413
2018-09-20,0.003417200678738075
2018-09-21,-0.010143085859370071
2018-09-24,-0.005191310827501239
2018-09-25,0.002963100053537504
2018-09-26,-0.002408201368706564
2018-09-27,0.0008870564826999328
2018-09-28,0.004274753136306986
2018-10-01,0.005442445351462322
2018-10-02,-0.01609390049721704
2018-10-03,0.003973200256361276
2018-10-04,-0.011601425377030017
2018-10-05,0.00995157813146541
2018-10-08,-0.02063405541421426
2018-10-09,-0.009394590686036652
2018-10-10,-0.0010042788123666435
2018-10-11,-0.017824214666201765
2018-10-12,0.07014615004055424
2018-10-15,0.0
2018-10-16,0.0
2018-10-17,0.0
2018-10-18,-0.007362422030534055
2018-10-19,0.012296435299638864
2018-10-22,0.020294525834243515
2018-10-23,-0.028107901119753587
2018-10-24,0.0004005497955934523
2018-10-25,-0.0822977994400883
2018-10-26,-0.04959488068937923
2018-10-29,0.01780541755335152
2018-10-30,-0.023507486740662942
2018-10-31,0.02562112992980148
2018-11-01,0.0
2018-11-02,0.0
2018-11-05,0.0
2018-11-06,-0.0016551406602078877
2018-11-07,0.00704356360644387
2018-11-08,-0.004804440070574456
2018-11-09,-0.00814471642663639
2018-11-12,-0.009805696700683764
2018-11-13,0.006238439234854676
2018-11-14,0.012943810144554035
2018-11-15,0.0014562421041277585
2018-11-16,-0.046206196833329716
2018-11-19,-0.00041373390688848044
2018-11-20,-0.013626575755835812
2018-11-21,0.0025018175884701233
2018-11-23,0.0074539125514534454
2018-11-26,-0.012758737150149746
2018-11-27,0.004498225706091041
2018-11-28,0.0015424028882113916
2018-11-29,0.0014157584132912238
2018-11-30,-0.0016555339656528778
2018-12-03,0.00015654296738687457
2018-12-04,0.004658241812000696
2018-12-06,0.01825020407830613
2018-12-07,0.004272149080225995
2018-12-10,-0.0034454557489788096
2018-12-11,-0.005668181123016924
2018-12-12,-0.00881862193513483
2018-12-13,-0.0011758688247572868
2018-12-14,0.005127684002106392
2018-12-17,0.002074041098226509
2018-12-18,-0.002207712550902019
2018-12-19,-0.013956394433280561
2018-12-20,0.003429203576782891
2018-12-21,0.00055513920333361
2018-12-24,-0.0030626755982990916
2018-12-26,-0.0015865243345317692
2018-12-27,0.0019706687051130878
2018-12-28,-0.001329281007776295
2018-12-31,0.0002954896306872623
2019-01-02,0.004351039511656163
2019-01-03,-0.004018000397569832
2019-01-04,-0.002668140619516257
2019-01-07,0.008483937344269332
2019-01-08,0.0015719665482567535
2019-01-09,0.009564030376631116
2019-01-10,0.004081536846526124
2019-01-11,0.001231504609111811
2019-01-14,-0.0038650716688679587
2019-01-15,0.0013012054572612008
2019-01-16,0.0007292932401987695
2019-01-17,-0.0014348344639409927
2019-01-18,0.0007351208333663539
2019-01-22,0.00047337914174416795
2019-01-23,0.000513425717979521
2019-01-24,0.00991984094484022
2019-01-25,-0.0011953813591740747
2019-01-28,-0.04024965994999696
2019-01-29,-0.002462915201105531
2019-01-30,0.0025485389520940593
2019-01-31,-0.009693901628316626
2019-02-01,0.006688695327531136
2019-02-04,-0.000707184586111187
2019-02-05,-0.0014676552924404174
2019-02-06,-0.0002513182567255301
2019-02-07,0.008479827020279496
2019-02-08,0.008393554043466755
2019-02-11,-0.0028961095896425926
2019-02-12,-0.006252242780886874
2019-02-13,-0.004023350230483502
2019-02-14,0.003266637333905198
2019-02-15,-0.006573695376708821
2019-02-19,0.002557042210336702
2019-02-20,-0.0005140676460625437
2019-02-21,0.0028288476670037532
2019-02-22,-0.002032568797336487
2019-02-25,-0.0070129134304626195
2019-02-26,0.0028905317064862324
2019-02-27,0.004217685533864923
2019-02-28,0.002624954087697473
2019-03-01,-0.00651562982797782
2019-03-04,-0.004793685044955143
2019-03-05,-0.00026645549098291976
2019-03-06,0.0
2019-03-07,0.0
2019-03-08,0.0
2019-03-11,0.0
2019-03-12,0.0
2019-03-13,0.0
2019-03-14,0.0
2019-03-15,0.0
2019-03-18,0.0
2019-03-19,0.0
2019-03-20,0.0
2019-03-21,0.0
2019-03-22,0.0
2019-03-25,0.0
2019-03-26,0.0
2019-03-27,0.0
2019-03-28,0.0
2019-03-29,0.0
2019-04-01,0.0
2019-04-02,0.0
2019-04-03,0.0
2019-04-04,0.0
2019-04-05,0.0
2019-04-08,0.0
2019-04-09,0.0
2019-04-10,0.0
2019-04-11,0.0
2019-04-12,0.0
2019-04-15,0.0
2019-04-16,0.0
2019-04-17,0.0
2019-04-18,0.0
2019-04-22,0.0
2019-04-23,0.0
2019-04-24,0.0
2019-04-25,0.0
2019-04-26,0.0
2019-04-29,0.0
2019-04-30,0.0
2019-05-01,0.0
2019-05-02,0.0016266251897261164
2019-05-03,0.0001334175327882825
2019-05-06,-0.01851272983324226
2019-05-07,-0.002704796766542006
2019-05-08,-0.003094293947899507
2019-05-09,-0.004915613058662505
2019-05-10,-0.002261660881518912
2019-05-13,-0.012433013386505043
2019-05-14,0.0038445116847969363
2019-05-15,-0.006222466804519766
2019-05-16,-0.0030175443440926264
2019-05-17,-0.004641007379069695
2019-05-20,-0.007684752188805266
2019-05-21,0.007586132344971963
2019-05-22,-0.0035465821678639653
2019-05-23,-0.006519151636514731
2019-05-24,0.0038736459660131395
2019-05-28,0.012906046627977563
2019-05-29,0.0
2019-05-30,0.0
2019-05-31,0.0
2019-06-03,0.021286687680635907
2019-06-04,0.0
2019-06-05,0.0
2019-06-06,0.0
2019-06-07,0.0006772605620406491
2019-06-10,0.006366602926700882
2019-06-11,0.006550554129548525
2019-06-12,-0.004650124989258986
2019-06-13,0.0023127395772677417
2019-06-14,-0.009560651038844847
2019-06-17,-0.0001766809926466717
2019-06-18,0.005983060426212772
2019-06-19,0.0031432140156102406
2019-06-20,0.008063256565137067
2019-06-21,-0.001310263175715587
2019-06-24,0.0018858774573917714
2019-06-25,0.00042958121307434816
2019-06-26,0.010916707307216944
2019-06-27,0.0
2019-06-28,0.0
2019-07-01,0.0
2019-07-02,-0.003887260798884906
2019-07-03,-0.0016897352903022522
2019-07-05,-0.004546664026653935
2019-07-08,0.0042458513759127126
2019-07-09,-0.003664966988970897
2019-07-10,0.005228482491640873
2019-07-11,0.0014774829353412233
2019-07-12,-0.003619029208231761
2019-07-15,0.0015830453651959342
2019-07-16,-0.0010830352702871915
2019-07-17,0.0019195369091686842
2019-07-18,-0.006802041508679468
2019-07-19,0.0009248082919945944
2019-07-22,0.003334959184455588
2019-07-23,0.0035758115159170156
2019-07-24,0.0016021009484690207
2019-07-25,-0.0006292387203666872
2019-07-26,0.005808934695473944
2019-07-29,0.0012027748664640292
2019-07-30,-0.002669604350261534
2019-07-31,-0.017669413656443034
2019-08-01,0.0005086430976892764
2019-08-02,-0.004186307237101339
2019-08-05,-0.013763012128838348
2019-08-06,0.010532537331382485
2019-08-07,0.0
2019-08-08,0.0
2019-08-09,0.0
2019-08-12,-0.00039912770195693614
2019-08-13,-0.00099122651764183
2019-08-14,-0.016216397823372475
2019-08-15,0.005937817371749032
2019-08-16,0.010264171333445038
2019-08-19,0.013131185175147664
2019-08-20,-0.008680148214777805
2019-08-21,0.005454007941157801
2019-08-22,0.0009921161421098112
2019-08-23,-0.009908239904072857
2019-08-26,0.013435302357517553
2019-08-27,0.0054361539884544285
2019-08-28,-0.00474447229702224
2019-08-29,0.011611836116081964
2019-08-30,0.0023980193628310165
2019-09-03,-0.009657218181980398
2019-09-04,0.0065186792732703225
2019-09-05,0.012640382037692577
2019-09-06,0.0
2019-09-09,0.00544332577866391
2019-09-10,-0.003771137077532516
2019-09-11,0.0019095617654572017
2019-09-12,0.003877733279954221
2019-09-13,0.0006933145712284539
2019-09-16,-0.00345761295819913
2019-09-17,0.0025443850463502393
2019-09-18,-0.002493988592343732
2019-09-19,0.0015134000303729245
2019-09-20,0.0007045539927295064
2019-09-23,0.000704191111880581
2019-09-24,-0.0010376706392770663
2019-09-25,-0.0003997036861729253
2019-09-26,0.0013287429512194304
2019-09-27,-0.003077358622728066
2019-09-30,0.0017233764788915362
2019-10-01,0.0006130332517979564
2019-10-02,0.0
2019-10-03,0.0
2019-10-04,0.0
2019-10-07,0.0
2019-10-08,0.0
2019-10-09,0.0
2019-10-10,0.0
2019-10-11,0.0
2019-10-14,0.0
2019-10-15,0.0
2019-10-16,0.0
2019-10-17,0.0
2019-10-18,0.0
2019-10-21,0.0
2019-10-22,0.0
2019-10-23,0.0
2019-10-24,0.0
2019-10-25,0.0
2019-10-28,0.0
2019-10-29,0.0
2019-10-30,0.0
2019-10-31,0.0
2019-11-01,0.0
2019-11-04,0.0028053803091447893
2019-11-05,0.0025984252350856885
2019-11-06,-0.0009034965781437032
2019-11-07,0.006167884586182115
2019-11-08,-0.0023208040282689524
2019-11-11,-0.0035344033256967666
2019-11-12,0.001257480271785516
2019-11-13,-0.0006273526160638365
2019-11-14,-0.00010635750899279373
2019-11-15,0.006420993829999722
2019-11-18,0.0009991098620543148
2019-11-19,0.0029434809923569727
2019-11-20,-0.003770498368619757
2019-11-21,-0.006746324202505649
2019-11-22,-0.002025717468140842
2019-11-25,0.004651613899021134
2019-11-26,-0.006538672676181578
2019-11-27,0.0062872716145865315
2019-11-29,-0.004012491957736342
2019-12-02,0.0021332697777736165
2019-12-03,-0.01342859244785155
2019-12-04,0.00627187886817393
2019-12-05,0.001651923051681603
2019-12-06,0.005190756248653061
2019-12-09,-0.0016896878861524245
2019-12-10,0.0022116040084403377
2019-12-11,0.0007683771343809376
2019-12-12,-0.0021242492415960434
2019-12-13,0.0002187909842761293
2019-12-16,0.003530016655149737
2019-12-17,0.0013696365540543098
2019-12-18,0.002298978183817413
2019-12-19,0.008905640725904052
2019-12-20,0.00400429257280388
2019-12-23,0.0018828443196994282
2019-12-24,-0.00043282867099514455
2019-12-26,0.0002960366428366168
2019-12-27,0.0012537394227860599
2019-12-30,-0.002135571682107873
2019-12-31,-0.0029147903214790105
2020-01-02,0.008831040798416234
2020-01-03,-0.009870053285974678
2020-01-06,-0.005567664674040684
2020-01-07,0.009540922978288124
2020-01-08,-0.003986302490554983
2020-01-09,0.011400694241312959
2020-01-10,0.003017873144798733
2020-01-13,0.00528724803185332
2020-01-14,-0.0011938920086922433
2020-01-15,0.00020716832765699245
2020-01-16,0.0061729910036290025
2020-01-17,0.00417812947522056
2020-01-21,0.0002943009413558517
2020-01-22,0.005791722978550906
2020-01-23,-0.0008962861936852029
2020-01-24,0.005533383509186418
2020-01-27,-0.018060011441775936
2020-01-28,0.007717543225351786
2020-01-29,-0.026531428690888648
2020-01-30,-0.010592450412017729
2020-01-31,-0.004256956562171621
2020-02-03,-0.006982225359324579
2020-02-04,0.08671537664179207
2020-02-05,0.0
2020-02-06,0.0
2020-02-07,0.0
2020-02-10,0.03241287180103947
2020-02-11,0.0
2020-02-12,0.0
2020-02-13,0.0
2020-02-14,-0.004878569166709812
2020-02-18,0.025934577498925915
2020-02-19,0.05435293011403508
2020-02-20,0.0
2020-02-21,0.0
2020-02-24,0.0
2020-02-25,0.030271484013474792
2020-02-26,-0.009170684292730713
2020-02-27,-0.05364107377614169
2020-02-28,-0.06635688454008548
2020-03-02,0.059140898092018945
2020-03-03,0.0
2020-03-04,0.0
2020-03-05,0.0
2020-03-06,0.0
2020-03-09,0.0
2020-03-10,0.0
2020-03-11,0.0
2020-03-12,0.0
2020-03-13,0.0
2020-03-16,0.0
2020-03-17,0.0
2020-03-18,0.0
2020-03-19,0.0
2020-03-20,0.0
2020-03-23,0.0
2020-03-24,0.0
2020-03-25,-0.0045443636228326145
2020-03-26,-0.008026627453164625
2020-03-27,0.021871291603184684
2020-03-30,-0.008287171451486164
2020-03-31,0.0018900384540461168
2020-04-01,0.026815195035066797
2020-04-02,0.0036403279010794876
2020-04-03,0.0006333040813837343
2020-04-06,-0.0044719984785203115
2020-04-07,-0.027074086328911062
2020-04-08,-0.008696663489705991
2020-04-09,-0.007768384648268456
2020-04-13,-0.005140064791673837
2020-04-14,-0.004412646546188115
2020-04-15,-0.0018532415619237907
2020-04-16,0.0007814069641431942
2020-04-17,-0.0004365657178698745
2020-04-20,-0.004655514196265975
2020-04-21,0.0018692229329893006
2020-04-22,-0.0006801577599053754
2020-04-23,-0.0034212552626476933
2020-04-24,-0.0018109465211337827
2020-04-27,-0.009283603944539864
2020-04-28,0.009740131407284247
2020-04-29,0.0106862706593156
2020-04-30,-0.0035143147819006737
2020-05-01,-0.01398438073844932
2020-05-04,0.0
2020-05-05,0.0
2020-05-06,0.0
2020-05-07,0.0
2020-05-08,0.0
2020-05-11,0.0
2020-05-12,0.0
2020-05-13,0.0
2020-05-14,0.0
2020-05-15,0.0
2020-05-18,0.0
2020-05-19,0.0
2020-05-20,0.0
2020-05-21,0.0
2020-05-22,0.0
2020-05-26,0.0
2020-05-27,0.0
2020-05-28,0.0
2020-05-29,0.0
2020-06-01,0.0
2020-06-02,-0.004801948328838512
2020-06-03,0.00465343053139744
2020-06-04,0.0004930588892253507
2020-06-05,0.01381222786980385
2020-06-08,0.019599958579483268
2020-06-09,-0.0059844088069925805
2020-06-10,0.0462989833304126
2020-06-11,-0.046067015610254725
2020-06-12,0.0491282266213775
2020-06-15,0.0
2020-06-16,0.0
2020-06-17,0.0
2020-06-18,0.006174545974748202
2020-06-19,0.00944952731229809
2020-06-22,0.005774977605501164
2020-06-23,0.006373361843794889
2020-06-24,-0.002919550171244678
2020-06-25,0.004595202876394255
2020-06-26,0.003887523684189542
2020-06-29,0.00541884106668955
2020-06-30,0.011943873324031795
2020-07-01,0.0026577298334429234
2020-07-02,0.06826991490648138
2020-07-06,0.0
2020-07-07,0.0
2020-07-08,0.0
2020-07-09,0.025543621538751227
2020-07-10,0.005748366929252402
2020-07-13,0.05407405311513469
2020-07-14,0.0
2020-07-15,0.0
2020-07-16,0.0
2020-07-17,0.009970926628515953
2020-07-20,0.010845801290130241
2020-07-21,-0.0009522200451926865
2020-07-22,0.012808569848919316
2020-07-23,0.029949963364220178
2020-07-24,-0.04537583270941492
2020-07-27,0.008746193606585795
2020-07-28,-0.0151291186540925
2020-07-29,0.01767649369055979
2020-07-30,-0.008386277624764404
2020-07-31,0.007242577381080473
2020-08-03,0.01254574181227941
2020-08-04,0.0019405593362369356
2020-08-05,0.000802129859193812
2020-08-06,0.003087723527566144
2020-08-07,-0.0011063611020555308
2020-08-10,0.0062676157243271025
2020-08-11,-0.004125606014190986
2020-08-12,0.006362955969790196
2020-08-13,0.004620892145731803
2020-08-14,0.0038182554577552708
2020-08-17,0.012613197624007588
2020-08-18,0.004972165589921751
2020-08-19,0.0016415649245018482
2020-08-20,-0.007729637501058484
2020-08-21,0.002993286792874583
2020-08-24,0.010486853094178405
2020-08-25,-0.004690614042352603
2020-08-26,0.002575004166755601
2020-08-27,0.00044380711453939625
2020-08-28,0.002467952522234862
2020-08-31,0.001774613854439
2020-09-01,0.005459661318713671
2020-09-02,0.05581516762372618
2020-09-03,0.0
2020-09-04,0.0
2020-09-08,0.0
2020-09-09,0.039155377939573244
2020-09-10,0.0
2020-09-11,0.0
2020-09-14,0.0
2020-09-15,0.013156488151061518
2020-09-16,0.0012589875247068782
2020-09-17,-0.02472721290092439
2020-09-18,0.007743004159205702
2020-09-21,-0.014529348121813612
2020-09-22,0.00498173464899665
2020-09-23,-0.00445705873630764
2020-09-24,-0.003332803792746697
2020-09-25,0.007472604371651315
2020-09-28,0.013578318391372246
2020-09-29,-0.0050398386431974584
2020-09-30,-0.002909263806252893
2020-10-01,0.015753681134781816
2020-10-02,-0.019072859611629855
2020-10-05,0.008867898872306101
2020-10-06,0.009162454054927549
2020-10-07,0.012776286212719867
2020-10-08,0.005299183639605021
2020-10-09,-0.003456542566983134
2020-10-12,0.010984011380764436
2020-10-13,0.0033037204374766205
2020-10-14,0.001976836711191643
2020-10-15,-0.013456095493742382
2020-10-16,0.003185429567869935
2020-10-19,0.004416528368028194
2020-10-20,0.004235219442257465
2020-10-21,-0.0010013309515488622
2020-10-22,-0.0001109207053829886
2020-10-23,0.004405541933675261
2020-10-26,-0.007651732145025014
2020-10-27,0.007459308558495303
2020-10-28,-0.008674306900278705
2020-10-29,0.008878058684189671
2020-10-30,-0.006941605120428962
2020-11-02,0.004831493428864908
2020-11-03,0.004868708456256643
2020-11-04,0.013659805084409893
2020-11-05,0.01240611783870138
2020-11-06,-0.0016700090459175199
2020-11-09,-0.0003133995390458555
2020-11-10,-0.0008043832031624509
2020-11-11,0.009645555323348098
2020-11-12,0.0021504194689661027
2020-11-13,0.006113157435036376
2020-11-16,-0.0045011713653998475
2020-11-17,0.0013732549873162192
2020-11-18,0.0016090955538197171
2020-11-19,-0.008164058552036169
2020-11-20,0.0005451375628686694
2020-11-23,0.003430766496670401
2020-11-24,0.00010375305918386424
2020-11-25,0.0031124727522049422
2020-11-27,0.0058919738842506675
2020-11-30,0.00015442387465602891
2020-12-01,0.0036619637638384273
2020-12-02,0.0
2020-12-03,0.0
2020-12-04,0.0
2020-12-07,0.0
2020-12-08,0.0
2020-12-09,0.0
2020-12-10,0.0
2020-12-11,0.0
2020-12-14,0.0
2020-12-15,0.0
2020-12-16,0.0
2020-12-17,0.0
2020-12-18,0.0
2020-12-21,0.0
2020-12-22,0.0
2020-12-23,0.0
2020-12-24,0.0
2020-12-28,0.0
2020-12-29,0.0
2020-12-30,0.0
2020-12-31,0.0
2021-01-04,0.0
2021-01-05,0.0
2021-01-06,0.0
2021-01-07,0.0
2021-01-08,0.0
2021-01-11,0.0
2021-01-12,0.0
2021-01-13,0.0
2021-01-14,0.0
2021-01-15,0.0
2021-01-19,0.0
2021-01-20,0.0
2021-01-21,0.0
2021-01-22,0.0
2021-01-25,0.0
2021-01-26,0.0
2021-01-27,-0.013604681964565879
2021-01-28,0.0032165002238471185
2021-01-29,0.006217011437518183
2021-02-01,0.0010054604541072099
2021-02-02,0.0
2021-02-03,0.0
2021-02-04,0.0
2021-02-05,0.0
2021-02-08,0.0
2021-02-09,0.0
2021-02-10,0.0
2021-02-11,0.0
2021-02-12,0.0
2021-02-16,0.0
2021-02-17,0.0
2021-02-18,0.0
2021-02-19,0.0
2021-02-22,0.0
2021-02-23,0.0
2021-02-24,0.0
2021-02-25,0.0
2021-02-26,0.0
2021-03-01,0.0
2021-03-02,0.0
2021-03-03,0.0
2021-03-04,0.0
2021-03-05,0.0
2021-03-08,0.0
2021-03-09,0.0
2021-03-10,0.0
2021-03-11,0.0
2021-03-12,0.0
2021-03-15,0.0
2021-03-16,0.0
2021-03-17,0.0
2021-03-18,-0.004028155357952312
2021-03-19,0.0012605180869285082
2021-03-22,0.0031310407088287473
2021-03-23,-0.0006189011957442592
2021-03-24,0.003981696987076733
2021-03-25,-0.004527496076500603
2021-03-26,0.00017221002124001572
2021-03-29,-0.0005670068773225845
2021-03-30,-0.0008160016712124296
2021-03-31,0.0022359245849310483
2021-04-01,0.011756379432974695
2021-04-05,0.0
2021-04-06,0.0
2021-04-07,0.0
2021-04-08,0.002503300375402029
2021-04-09,-0.0022585556795327033
2021-04-12,-0.0002589857558328301
2021-04-13,0.0016250838056344197
2021-04-14,-0.0011280623005684998
2021-04-15,0.002548993413682643
2021-04-16,0.00039217456644480286
2021-04-19,2.260624237404585e-05
2021-04-20,0.0
2021-04-21,0.0
2021-04-22,0.0
2021-04-23,0.0
2021-04-26,0.0
2021-04-27,0.0
2021-04-28,0.0
2021-04-29,0.0
2021-04-30,0.0
2021-05-03,0.0
2021-05-04,0.0
2021-05-05,0.0
2021-05-06,0.0
2021-05-07,0.0
2021-05-10,0.0
2021-05-11,0.0
2021-05-12,0.0
2021-05-13,0.0
2021-05-14,0.0
2021-05-17,0.0
2021-05-18,0.0
2021-05-19,0.0
2021-05-20,0.0
2021-05-21,0.0
2021-05-24,0.0
2021-05-25,0.0
2021-05-26,0.0
2021-05-27,0.0
2021-05-28,0.0
2021-06-01,0.0
2021-06-02,0.0
2021-06-03,0.0
2021-06-04,0.0
2021-06-07,0.0
2021-06-08,0.0
2021-06-09,0.0
2021-06-10,0.0
2021-06-11,0.0
2021-06-14,0.0
2021-06-15,0.0
2021-06-16,0.0
2021-06-17,0.0
2021-06-18,0.0
2021-06-21,0.0
2021-06-22,0.0
2021-06-23,0.0
2021-06-24,0.0
2021-06-25,0.0
2021-06-28,0.0
2021-06-29,0.0
2021-06-30,0.0
2021-07-01,0.0
2021-07-02,0.0
2021-07-06,0.0
2021-07-07,0.0
2021-07-08,0.0
2021-07-09,0.0
2021-07-12,0.0
2021-07-13,0.0
2021-07-14,0.0
2021-07-15,0.0
2021-07-16,0.0
2021-07-19,0.0
2021-07-20,0.0
2021-07-21,0.0
2021-07-22,0.0
2021-07-23,0.0
2021-07-26,0.0
2021-07-27,0.0
2021-07-28,0.0
2021-07-29,0.0
2021-07-30,0.0
2021-08-02,0.0
2021-08-03,-0.0003375300179352392
2021-08-04,0.005887990952233579
2021-08-05,0.007431261307236481
2021-08-06,-0.003650415265177398
2021-08-09,0.0026189737950275127
2021-08-10,0.0008867558940515163
2021-08-11,0.0034254984632089425
2021-08-12,0.005359347315191165
2021-08-13,8.23724792820002e-08
2021-08-16,-0.0014939156062440118
2021-08-17,-0.006805176775043331
2021-08-18,0.000971157759832586
2021-08-19,0.00995712832222817
2021-08-20,0.004108577746324782
2021-08-23,0.0036296264375101916
2021-08-24,-0.005273721168506662
2021-08-25,-0.001552525566366647
2021-08-26,-0.0003642251869572233
2021-08-27,0.0033352305719627218
2021-08-30,0.005605533627559334
2021-08-31,0.0003228088368256721
2021-09-01,0.0029554973596268574
2021-09-02,0.0022530514001004587
2021-09-03,-0.0020624485998471664
2021-09-07,-0.00028977856715417527
2021-09-08,-0.004383482909023129
2021-09-09,-0.0008055971867424461
2021-09-10,0.005140228170170014
2021-09-13,0.006109708017762783
2021-09-14,0.003701577549112711
2021-09-15,0.0020083558474721652
2021-09-16,-0.004714928385401995
2021-09-17,0.0017386110562473966
2021-09-20,-0.022684701780948946
2021-09-21,0.008635978837030267
2021-09-22,0.003184432164546225
2021-09-23,0.004896521984389501
2021-09-24,-0.010029998015524844
2021-09-27,-0.008939311348423629
2021-09-28,-0.010797970177438332
2021-09-29,0.005825299250899585
2021-09-30,0.006134161017051998
2021-10-01,0.000818854055691487
2021-10-04,-0.005749804509141088
2021-10-05,0.005355752995102936
2021-10-06,-0.008197010046265496
2021-10-07,0.009949507562148296
2021-10-08,0.0006590673427466776
2021-10-11,-0.006561869185836233
2021-10-12,0.0033661497135226703
2021-10-13,0.006063752426113567
2021-10-14,0.00844999704663052
2021-10-15,0.001541111008039664
2021-10-18,-0.0027658503591735384
2021-10-19,0.0013071906816222167
2021-10-20,0.00035082428847199587
2021-10-21,-0.0001390933342629852
2021-10-22,0.0029546333495586996
2021-10-25,0.005479911525281933
2021-10-26,0.018288096517879993
2021-10-27,0.0
2021-10-28,0.0
2021-10-29,0.0
2021-11-01,0.0018562953064729104
2021-11-02,-0.00011422962705398554
2021-11-03,0.0060422624099512046
2021-11-04,0.014133173244372577
2021-11-05,0.008420440402399976
2021-11-08,0.008895669678756102
2021-11-09,0.031987278690730925
2021-11-10,0.0
2021-11-11,0.0
2021-11-12,0.0
2021-11-15,0.003553686149420532
2021-11-16,-0.00590602499777515
2021-11-17,0.0047455555666617855
2021-11-18,0.07076552341390774
2021-11-19,0.0
2021-11-22,0.0
2021-11-23,0.0
2021-11-24,-0.005984939544500634
2021-11-26,-0.0015099456884027918
2021-11-29,0.018262798979515216
2021-11-30,-0.004134743708345323
2021-12-01,0.011161641545393008
2021-12-02,-0.011080334996759644
2021-12-03,0.0016768839687535397
2021-12-06,-0.030944815948695248
2021-12-07,0.04362256836449219
2021-12-08,0.0
2021-12-09,0.0
2021-12-10,0.0
2021-12-13,-0.0003094143225574886
2021-12-14,-0.019816446310787827
2021-12-15,-0.0008733521553829782
2021-12-16,0.017443203905240123
2021-12-17,-0.0199273982235193
2021-12-20,-0.02018082848227587
2021-12-21,0.02709282923582168
2021-12-22,-0.011613455554949526
2021-12-23,0.00809615254639029
2021-12-27,0.006699396762996024
2021-12-28,0.014471278936498466
2021-12-29,-0.0025136362537898638
2021-12-30,-0.0075537179250605435
2021-12-31,0.006514571072064879
2022-01-03,0.014178142110489844
2022-01-04,0.0034528714253250214
2022-01-05,-0.0077616186437305945
2022-01-06,0.0008694551354042623
2022-01-07,-0.0008753646592090103
2022-01-10,-0.01629530710855731
2022-01-11,-0.0018735402725242878
2022-01-12,0.00599160757503725
2022-01-13,0.009047819415939351
2022-01-14,-0.006898706652660458
2022-01-18,-0.01687575701933275
2022-01-19,0.004529616284046911
2022-01-20,0.006303244153826659
2022-01-21,-0.017750066762912797
2022-01-24,-0.029776756721322517
2022-01-25,-0.02356092193049386
2022-01-26,0.027354642577098076
2022-01-27,0.0
2022-01-28,0.0
2022-01-31,0.0
2022-02-01,0.016825828878055615
2022-02-02,0.029081998812786836
2022-02-03,-0.038122517702070535
2022-02-04,0.005216577715205117
2022-02-07,0.0017921184397562406
2022-02-08,-0.011278190853230341
2022-02-09,0.023047688174833603
2022-02-10,-0.03462728600441167
2022-02-11,0.005437812230199235
2022-02-14,0.0028419924507103733
2022-02-15,0.01773744927893861
2022-02-16,-0.004733935294872205
2022-02-17,-0.016705786713071213
2022-02-18,0.0075276256310736755
2022-02-22,-0.021342210889400026
2022-02-23,0.007846835158098697
2022-02-24,-0.05263004158628093
2022-02-25,0.0024339724280770803
2022-02-28,0.008324410781066494
2022-03-01,0.0007154174849941519
2022-03-02,0.0031040111041038543
2022-03-03,-0.01013907487151744
2022-03-04,0.0006471597486548131
2022-03-07,-0.0029400956939190648
2022-03-08,0.0010012642692751594
2022-03-09,-0.0003795583007109027
2022-03-10,0.010888224127487911
2022-03-11,-0.008062009888605948
2022-03-14,0.004202670057952496
2022-03-15,-0.002360818963548672
2022-03-16,0.0018072979217802487
2022-03-17,-0.0034056378319051728
2022-03-18,0.0050386281067691385
2022-03-21,0.002917207312822523
2022-03-22,-0.0014996935102020714
2022-03-23,0.0020029415159639186
2022-03-24,0.006818505129688512
2022-03-25,-0.005054190987192841
2022-03-28,0.0014828876497490207
2022-03-29,-0.0018932617901584736
2022-03-30,0.0071945339702281785
2022-03-31,-0.0025754738881615946
2022-04-01,0.0005742990352630706
2022-04-04,-0.00016153843389421496
2022-04-05,0.00013101043171337423
2022-04-06,0.0028309886082960034
2022-04-07,0.0027329991485640637
2022-04-08,0.0005914146702008516
2022-04-11,0.0003702272816059615
2022-04-12,-0.005377627201808122
2022-04-13,0.002211387581040558
2022-04-14,0.0025691151093474307
2022-04-18,0.0027102065435229417
2022-04-19,0.0013360154730608365
2022-04-20,0.002539589426679534
2022-04-21,-0.004813086787339604
2022-04-22,0.00336894236092089
2022-04-25,-0.004436519303336661
2022-04-26,0.0005699985027969312
2022-04-27,-0.005357315370035032
2022-04-28,0.0025002597667320714
2022-04-29,0.0008101064705317018
2022-05-02,0.0018358800846742795
2022-05-03,-0.0034726303450611784
2022-05-04,0.007990111995741733
2022-05-05,-0.0005234540549708955
2022-05-06,0.003947197717492523
2022-05-09,-0.002224838523917194
2022-05-10,0.002857755873814316
2022-05-11,0.007101505169441857
2022-05-12,0.013759994775922157
2022-05-13,-0.013529463958582011
2022-05-16,-0.0016711131697554338
2022-05-17,0.008937074104977016
2022-05-18,0.013513055866174462
2022-05-19,0.006292620099757507
2022-05-20,-0.011431488758894659
2022-05-23,-0.017474596200088066
2022-05-24,0.00349092728567979
2022-05-25,0.0002540277924245604
2022-05-26,-0.029079087616252774
2022-05-27,0.0009145300984620963
2022-05-31,0.005154696964763561
2022-06-01,-0.004255620741151933
2022-06-02,0.00315462764687946
2022-06-03,0.015168209545523892
2022-06-06,-0.013448613175884083
2022-06-07,0.010178827894761655
2022-06-08,0.0023350793868386344
2022-06-09,0.005338918653047475
2022-06-10,0.0172837417228473
2022-06-13,0.028077781926535206
2022-06-14,-0.007195063796941126
2022-06-15,-0.010856617657186929
2022-06-16,0.023220589537625846
2022-06-17,-0.0014071015012929733
2022-06-21,-0.015009230255078942
2022-06-22,0.008161451703563527
2022-06-23,-0.008031513399239465
2022-06-24,-0.00939312613455634
2022-06-27,-0.004881345778346091
2022-06-28,-0.0012692069632338487
2022-06-29,0.0007926484488551822
2022-06-30,0.009690865223530132
2022-07-01,0.003976807536801186
2022-07-05,-0.0012914506530510295
2022-07-06,0.0006442872837675306
2022-07-07,0.009357951804087827
2022-07-08,-0.0067619113614507675
2022-07-11,-0.0035492457787815734
2022-07-12,0.0005066562232667327
2022-07-13,-0.0005780857761349401
2022-07-14,0.00650685600926959
2022-07-15,0.0008421703897572019
2022-07-18,0.010351129812504745
2022-07-19,-0.011514234050175709
2022-07-20,-0.002056097345247032
2022-07-21,-0.0013766961278862677
2022-07-22,-0.002189221001127506
2022-07-25,-0.009685630027537306
2022-07-26,0.0012078382623952333
2022-07-27,0.003016350193989714
2022-07-28,6.902425188104466e-05
2022-07-29,-0.004699690949203528
2022-08-01,0.005197042938511753
2022-08-02,0.006918977014563676
2022-08-03,-0.005064457536754108
2022-08-04,-0.0005666902879979396
2022-08-05,0.014547669665191387
2022-08-08,-0.002648427876637216
2022-08-09,0.005642393114036359
2022-08-10,-0.020988875031940246
2022-08-11,-0.006782055289109357
2022-08-12,-0.005200803613405247
2022-08-15,0.0027121844597839395
2022-08-16,0.00286989968445428
2022-08-17,0.008815551586103476
2022-08-18,0.0002580357095254282
2022-08-19,0.008573791218909221
2022-08-22,0.012520342224910719
2022-08-23,0.0011381144663082932
2022-08-24,0.0014364596043114908
2022-08-25,-0.005033023394270586
2022-08-26,0.0007238827470346099
2022-08-29,0.00874321830207725
2022-08-30,-0.004870038716066394
2022-08-31,-0.008690762587641565
2022-09-01,0.00786500283235636
2022-09-02,-0.002044100894112888
2022-09-06,0.0025349885336618527
2022-09-07,0.003175740412850736
2022-09-08,-0.004195838506001692
2022-09-09,0.000185796514878378
2022-09-12,-0.0052262845966969396
2022-09-13,-0.0014162544141614886
2022-09-14,0.0016666878832674037
2022-09-15,0.0012741506735236552
2022-09-16,0.0025847989497005397
2022-09-19,-0.00010730383149115674
2022-09-20,0.0007538073387305388
2022-09-21,-0.00115918034993856
2022-09-22,-0.0032372648699314777
2022-09-23,0.0017425181036794246
2022-09-26,0.0008410392327038441
2022-09-27,0.001713182219305942
2022-09-28,7.382449589732332e-05
2022-09-29,-7.22783981825792e-05
2022-09-30,-0.0026593545068599456
2022-10-03,0.0032518648338155653
2022-10-04,-0.018114513990648895
2022-10-05,0.011962655186814386
2022-10-06,0.0038945494442843565
2022-10-07,0.015461483556048705
2022-10-10,-0.0008633303353386967
2022-10-11,0.0052682561668628836
2022-10-12,-0.0014714770350919837
2022-10-13,0.026187271631413322
2022-10-14,-0.0083233623244241
2022-10-17,-0.021388480638974583
2022-10-18,-0.02425830186410105
2022-10-19,0.005089055856589475
2022-10-20,0.003568955699324139
2022-10-21,0.003454169274939689
2022-10-24,-0.0009430055022214834
2022-10-25,-0.0028713147192067634
2022-10-26,0.01795930835847237
2022-10-27,0.0038989697507756382
2022-10-28,0.002336970582305309
2022-10-31,0.0071741099848674494
2022-11-01,-0.011329323701042338
2022-11-02,0.013125952315378164
2022-11-03,0.0016523374231569576
2022-11-04,0.006610546314761878
2022-11-07,-0.0035768767992232497
2022-11-08,-0.005410967563128977
2022-11-09,0.006329566181690005
2022-11-10,-0.0013094019954603686
2022-11-11,-0.00012741163676166511
2022-11-14,0.006558387006721844
2022-11-15,-0.02135281221075014
2022-11-16,-0.010954066979523724
2022-11-17,0.0077078052367727246
2022-11-18,0.0010121179908826328
2022-11-21,-0.004922074363394868
2022-11-22,-0.0016886581688709823
2022-11-23,0.001788960589784061
2022-11-25,-0.0017745550956971279
2022-11-28,-0.0019402077202194112
2022-11-29,-0.0007046773927037453
2022-11-30,0.0014332979492044373
2022-12-01,0.0016748592891802083
2022-12-02,0.015854404821593393
2022-12-05,0.006460823650734193
2022-12-06,0.0008893786499122314
2022-12-07,0.0044439587396973845
2022-12-08,-0.004254893221970035
2022-12-09,0.003421088814389295
2022-12-12,-0.0005162807298036975
2022-12-13,-0.0349115462892835
2022-12-14,0.0017996634476709072
2022-12-15,0.012761431507188448
2022-12-16,0.002644493771712275
2022-12-19,-0.00047776012148426084
2022-12-20,0.004645402378268493
2022-12-21,-0.003426600607930319
2022-12-22,0.01059428805952023
2022-12-23,0.005525584114659088
2022-12-27,0.0025232946433648706
2022-12-28,0.0018276322779346987
2022-12-29,-0.009453887069407418
2022-12-30,0.010025814770057595
2023-01-03,-0.007887343930623403
2023-01-04,-0.007126077474759129
2023-01-05,0.0059546776348462505
2023-01-06,-0.005322314253262239
2023-01-09,-0.007213693626658135
2023-01-10,0.003802595141690901
2023-01-11,-0.003537828383941788
2023-01-12,-0.0012010625140626008
2023-01-13,0.00840802554595066
2023-01-17,0.0009823496889262984
2023-01-18,-0.005392294037138479
2023-01-19,0.0058300921575999975
2023-01-20,-0.005284551149229766
2023-01-23,-0.002344337900258675
2023-01-24,0.005449315088793982
2023-01-25,0.014455101780385116
2023-01-26,-0.010678747228008434
2023-01-27,0.004351013178340191
2023-01-30,0.010115737191690455
2023-01-31,-0.00021844620525168779
2023-02-01,0.000685958331501535
2023-02-02,-0.01946243592927499
2023-02-03,0.01872159148364294
2023-02-06,0.008047235878559933
2023-02-07,0.0005059173188004529
2023-02-08,0.004044253079203308
2023-02-09,-0.012713177558872468
2023-02-10,0.006974742563289338
2023-02-13,-0.004149656163640825
2023-02-14,0.005213577908818268
2023-02-15,0.005762467726453169
2023-02-16,0.0
2023-02-17,0.0
2023-02-21,0.0
2023-02-22,0.0
2023-02-23,0.0
2023-02-24,0.0
2023-02-27,0.0
2023-02-28,0.0
2023-03-01,0.0
2023-03-02,0.0
2023-03-03,0.0
2023-03-06,0.0
2023-03-07,0.0
2023-03-08,0.0
2023-03-09,0.0
2023-03-10,0.0
2023-03-13,0.0
2023-03-14,0.0
2023-03-15,0.0
2023-03-16,0.0
2023-03-17,0.0
2023-03-20,0.0
2023-03-21,0.0
2023-03-22,0.0
2023-03-23,0.0
2023-03-24,0.0
2023-03-27,0.0
2023-03-28,0.0
2023-03-29,0.0
2023-03-30,0.0
2023-03-31,0.0
2023-04-03,0.0
2023-04-04,2.3796354218230675e-05
2023-04-05,-0.015153092489383235
2023-04-06,-0.0073658431330897445
2023-04-10,-0.005276696736868702
2023-04-11,0.0035051333333031565
2023-04-12,0.004932022220528021
2023-04-13,0.00601360597423195
2023-04-14,0.0010328836772477423
2023-04-17,-0.004808503846935097
2023-04-18,0.01311022991392341
2023-04-19,-0.007373379201494057
2023-04-20,-0.006205762862709019
2023-04-21,-0.0037387374737635204
2023-04-24,-0.002605710795038352
2023-04-25,0.0008874978357162888
2023-04-26,0.01933358121322426
2023-04-27,0.010065861880078186
2023-04-28,-2.445277919671529e-05
2023-05-01,0.002186224526837588
2023-05-02,-0.004150277978886563
2023-05-03,-0.028808482024048176
2023-05-04,-0.003356626942023544
2023-05-05,-0.00550067351236061
2023-05-08,-0.004057938381485049
2023-05-09,-0.008226741559574702
2023-05-10,0.019866119597189424
2023-05-11,0.005728639261162405
2023-05-12,-0.0002238625609939371
2023-05-15,0.008808031957874718
2023-05-16,-0.007979191650758333
2023-05-17,0.006862488360877661
2023-05-18,0.0024635019239609424
2023-05-19,-0.008356923257689441
2023-05-22,-0.011991511094855967
2023-05-23,-0.009900818709277504
2023-05-24,-0.022483677330299656
2023-05-25,0.20301036078777845
2023-05-26,0.0
2023-05-30,0.0
2023-05-31,0.0
2023-06-01,0.005711956670949592
2023-06-02,0.003524053453852094
2023-06-05,-0.007817541795688054
2023-06-06,-0.002890363630702608
2023-06-07,0.0018088447994122347
2023-06-08,-0.00038494933827781797
2023-06-09,0.0017202734096162242
2023-06-12,0.006138966276025393
2023-06-13,0.009167960591577984
2023-06-14,0.0007076556247922472
2023-06-15,-0.003937703171013052
2023-06-16,0.009662135945069261
2023-06-20,-0.0019156244250334575
2023-06-21,-0.003852126326878702
2023-06-22,-0.008440159318668927
2023-06-23,-0.009718126461096932
2023-06-26,0.002530254812652011
2023-06-27,0.0069690306406891
2023-06-28,-0.013168417045105851
2023-06-29,0.004059315146374587
2023-06-30,0.009212020375396701
2023-07-03,0.001167831598311686
2023-07-05,-0.004369543285330013
2023-07-06,-0.007451689803163575
2023-07-07,0.0034675849090921584
2023-07-10,0.002415466542789124
2023-07-11,0.004757347296830972
2023-07-12,0.009873145241940717
2023-07-13,0.00935421652481705
2023-07-14,0.00878704806550612
2023-07-17,0.012022757174757093
2023-07-18,0.003443746069275555
2023-07-19,-0.00042111825922563906
2023-07-20,-0.008071857292227702
2023-07-21,0.003925023758934332
2023-07-24,0.006349443447402736
2023-07-25,0.004916489505645494
2023-07-26,0.004991243027748338
2023-07-27,0.01565030319874805
2023-07-28,0.011154550708418975
2023-07-31,5.7080193381242594e-05
2023-08-01,-0.003837699167170694
2023-08-02,-0.009690315862845189
2023-08-03,-0.007062826141244427
2023-08-04,0.007038791593899196
2023-08-07,0.006430946213419109
2023-08-08,-0.008278810683631899
2023-08-09,-0.0058213147801974285
2023-08-10,-0.00617236288358558
2023-08-11,-0.010018771370832624
2023-08-14,-0.006021340843152534
2023-08-15,0.012296420646930706
2023-08-16,0.008799882609704435
2023-08-17,0.00742000798622211
2023-08-18,-0.010905055233518812
2023-08-21,0.01839921841017622
2023-08-22,0.016578999281191775
2023-08-23,0.0028905620827415213
2023-08-24,0.04386327134266943
2023-08-25,0.0
2023-08-28,0.0
2023-08-29,0.0
2023-08-30,0.0035529839528576357
2023-08-31,0.0015698601077467345
2023-09-01,0.005497645862248657
2023-09-05,-0.003930433269532241
2023-09-06,-0.0014146864714038587
2023-09-07,-0.02175899248830293
2023-09-08,-0.004310720479434038
2023-09-11,0.008426209528264783
2023-09-12,-0.006492890138490637
2023-09-13,-0.004011526854550529
2023-09-14,0.006815427571379873
2023-09-15,-0.0035102915826511483
2023-09-18,-0.01749440687934445
2023-09-19,-0.002016568287920517
2023-09-20,0.001225500929893153
2023-09-21,-0.010353779767040328
2023-09-22,0.009020742847967611
2023-09-25,-0.00030450731187325886
2023-09-26,-0.003489551582248951
2023-09-27,0.006664949793264041
2023-09-28,-0.00012556699663446302
2023-09-29,0.01141827800516726
2023-10-02,0.008138047266184945
2023-10-03,0.0003870471134510556
2023-10-04,0.0034469502628544646
2023-10-05,0.00013632355181747435
2023-10-06,-0.00738461447557337
2023-10-09,-0.013402743766664504
2023-10-10,0.0005448959622631477
2023-10-11,0.005793540052901447
2023-10-12,-0.0004130508288294754
2023-10-13,0.00021303968047003963
2023-10-16,-0.005836515350705396
2023-10-17,-0.03029963743191899
2023-10-18,-0.020438079095124517
2023-10-19,0.009716747376491197
2023-10-20,-0.003341239897791559
2023-10-23,-0.0025450890682928717
2023-10-24,0.0015822647628069841
2023-10-25,-0.004045989416654572
2023-10-26,0.0011807614963246227
2023-10-27,0.0132916772300673
2023-10-30,0.009662556615404938
2023-10-31,-0.011515667056379852
2023-11-01,0.0017001280601491864
2023-11-02,0.015798326024602405
2023-11-03,0.007876231251772614
2023-11-06,0.004147678259225351
2023-11-07,-0.0004661149659602737
2023-11-08,0.0021033011514692834
2023-11-09,0.012782577840749543
2023-11-10,0.007809718408758437
2023-11-13,-0.00020687474492220304
2023-11-14,0.014534541160232228
2023-11-15,0.003745766890455693
2023-11-16,-0.0028499956541389038
2023-11-17,0.0005929265048394416
2023-11-20,0.0001892353757355636
2023-11-21,-0.003742829953436444
2023-11-22,-0.0012279998798971903
2023-11-24,-0.003366420040525675
2023-11-27,0.00033484378647363755
2023-11-28,-8.289629859892234e-05
2023-11-29,0.00777908044479414
2023-11-30,-0.0016064799274395636
2023-12-01,-0.003492220100393628
2023-12-04,0.0
2023-12-05,0.0
2023-12-06,0.0
2023-12-07,0.0
2023-12-08,0.0
2023-12-11,0.0
2023-12-12,0.0
2023-12-13,0.0
2023-12-14,0.0
2023-12-15,0.0
2023-12-18,0.0
2023-12-19,0.0
2023-12-20,0.0
2023-12-21,0.0
2023-12-22,0.0
2023-12-26,0.0
2023-12-27,0.0
2023-12-28,0.0
2023-12-29,0.0
2024-01-02,0.0
2024-01-03,0.0
2024-01-04,0.0
2024-01-05,0.0
2024-01-08,0.0
2024-01-09,0.0
2024-01-10,0.0
2024-01-11,0.0
2024-01-12,0.0
2024-01-16,0.0
2024-01-17,0.0
2024-01-18,0.0
2024-01-19,0.0
2024-01-22,0.0
2024-01-23,0.0
2024-01-24,0.0
2024-01-25,0.0
2024-01-26,0.0
2024-01-29,0.0
2024-01-30,0.0
2024-01-31,0.0
2024-02-01,0.0
2024-02-02,0.010016749023636695
2024-02-05,0.020808371229443567
2024-02-06,0.0
2024-02-07,0.0
2024-02-08,0.0
2024-02-09,0.008539199550473553
2024-02-12,0.004316036834883352
2024-02-13,-0.017052357437327137
2024-02-14,0.009926986667331938
2024-02-15,-0.00027990653925946685
2024-02-16,0.013230914717316633
2024-02-20,-0.006114620605949139
2024-02-21,-0.01388011044155213
2024-02-22,0.07462860665239979
2024-02-23,0.0
2024-02-26,0.0
2024-02-27,0.0
2024-02-28,-0.0091570549109532
2024-02-29,0.012283901892454985
2024-03-01,0.007483030440391003
2024-03-04,0.012529421424699594
2024-03-05,-0.004402010735137019
2024-03-06,0.01324881576409509
2024-03-07,0.009543321614668532
2024-03-08,0.004673294905611414
2024-03-11,-0.011566224738952635
2024-03-12,0.01768219618715472
2024-03-13,-0.00622334713328343
2024-03-14,-0.009616180476142988
2024-03-15,-0.007686720586088769
2024-03-18,0.019361573619513184
2024-03-19,-0.013227014172753404
2024-03-20,0.0029754467084575076
2024-03-21,0.014222624508068549
2024-03-22,-0.0021435753384988487
2024-03-25,-0.002460546283887477
2024-03-26,0.00595783053030563
2024-03-27,0.003968497471545707
2024-03-28,-0.0018466651290667269
2024-04-01,-0.00042057604443968
2024-04-02,-0.014128274227058979
2024-04-03,-0.007214224795090707
2024-04-04,0.0069465854422796625
2024-04-05,0.002885457273626546
2024-04-08,0.011310984437622018
2024-04-09,0.004109352770589991
2024-04-10,-0.00813341338500162
2024-04-11,0.0021747681591355317
2024-04-12,-0.006307839962357731
2024-04-15,0.004282271533326609
2024-04-16,-0.0022337053550904873
2024-04-17,0.002750433877613201
2024-04-18,0.0017044415653928446
2024-04-19,-0.01197561368723421
2024-04-22,0.016657853714538762
2024-04-23,0.01048823205571714
2024-04-24,0.012350940493368823
2024-04-25,-0.006769098698222176
2024-04-26,0.009568585019818832
2024-04-29,-0.0010639212480676452
2024-04-30,-0.003927485837016076
2024-05-01,-0.010223563956606063
2024-05-02,0.01130360374644912
2024-05-03,0.015319415389372981
2024-05-06,0.004512598196293238
2024-05-07,-0.007539252221782422
2024-05-08,-0.007884796484315948
2024-05-09,0.0008626353702136935
2024-05-10,0.01170367355956592
2024-05-13,0.004450520736496433
2024-05-14,-0.005899751883960858
2024-05-15,0.008143956692742593
2024-05-16,0.0019725659827409814
2024-05-17,7.062889465214717e-05
2024-05-20,0.009162468003004909
2024-05-21,-0.00830688818570069
2024-05-22,0.0005101547869732492
2024-05-23,0.04969638234911011
2024-05-24,0.0
2024-05-28,0.0
2024-05-29,0.0
2024-05-30,-0.0010160245246246813
2024-05-31,0.012186936830821615
2024-06-03,0.024250593596406134
2024-06-04,0.0
2024-06-05,0.0
2024-06-06,0.0
2024-06-07,-0.006765883505633008
2024-06-10,-0.0028566560112494033
2024-06-11,-5.473990406479334e-05
2024-06-12,0.011854474470078369
2024-06-13,0.0223109755678077
2024-06-14,0.0
2024-06-17,0.0
2024-06-18,0.0
2024-06-20,0.020750466418153035
2024-06-21,0.0
2024-06-24,0.0
2024-06-25,0.0
2024-06-26,0.0002115690525239522
2024-06-27,-0.012130758034883837
2024-06-28,0.003172276503849103
2024-07-01,-0.0003778290993360356
2024-07-02,-0.010052088966995498
2024-07-03,-0.00026699224089943296
2024-07-05,0.003387083132634139
2024-07-08,0.005832149265368347
2024-07-09,0.009704674503918875
2024-07-10,0.01162685463710389
2024-07-11,0.007571431407456863
2024-07-12,0.004080676633835267
2024-07-15,0.004148098848461235
2024-07-16,0.0023687815963358005
2024-07-17,-0.031285895507755734
2024-07-18,0.01792828632783161
2024-07-19,0.0007126254310891866
2024-07-22,0.012180637485168733
2024-07-23,-0.003103381071794642
2024-07-24,-0.013849504849726357
2024-07-25,-0.002822099046167148
2024-07-26,0.015536811927215233
2024-07-29,0.0
2024-07-30,0.0
2024-07-31,0.0
2024-08-01,-0.003506877284225496
2024-08-02,-0.01799456504875596
2024-08-05,-0.0510517721735001
2024-08-06,0.0067918626744885024
2024-08-07,0.014135540194848195
2024-08-08,0.0
2024-08-09,0.0
2024-08-12,0.0
2024-08-13,0.010411593824044996
2024-08-14,0.006826112106541382
2024-08-15,0.005902088556057228
2024-08-16,-0.0037068886406972368
2024-08-19,-0.001584843709080297
2024-08-20,-0.0033917578083013655
2024-08-21,-0.0009090117582544188
2024-08-22,0.00861316798202938
2024-08-23,0.011421820105275815
2024-08-26,0.0010307139227940798
2024-08-27,-0.00743312063820567
2024-08-28,-0.0009353946998559293
2024-08-29,-0.022556575677838975
2024-08-30,0.01099863245196464
2024-09-03,-0.018765188890497386
2024-09-04,-0.01598762955778521
2024-09-05,-0.0076577106228779
2024-09-06,0.0051611885501532395
2024-09-09,0.01329051088813027
2024-09-10,0.008390374366398223
2024-09-11,0.007955651208791714
2024-09-12,-0.0003422004796483913
2024-09-13,0.0026391140105548327
2024-09-16,-0.00752365613846917
2024-09-17,0.004524834936843858
2024-09-18,0.002292729761717238
2024-09-19,0.016242270311410234
2024-09-20,0.0
2024-09-23,0.0
2024-09-24,0.0
2024-09-25,0.002246048981089377
2024-09-26,0.011911198603634654
2024-09-27,-3.152051833388292e-05
2024-09-30,-0.008090912008510198
2024-10-01,0.00020054850994166706
2024-10-02,-0.0011103703068060522
2024-10-03,0.0029192628605427817
2024-10-04,0.010950184726945755
2024-10-07,-0.00247197366447649
2024-10-08,0.005010019073925731
2024-10-09,0.00021189426427792313
2024-10-10,-0.00417569050481803
2024-10-11,-0.006738696224720342
2024-10-14,0.0046387909695044804
2024-10-15,-0.001998259201137831
2024-10-16,0.012056613453800047
2024-10-17,0.017781724258604914
2024-10-18,0.008471386702415318
2024-10-21,0.0006280306355890275
2024-10-22,-0.0037112083882875346
2024-10-23,-0.0072426915596680574
2024-10-24,0.006018882870448383
2024-10-25,0.002468944522370453
2024-10-28,0.006876746545382284
2024-10-29,-0.001091263098791151
2024-10-30,-0.008070844866762794
2024-10-31,-0.00832489188059038
2024-11-01,0.009741892586951684
2024-11-04,0.00028908239672498226
2024-11-05,0.011383334653178867
2024-11-06,0.01453321915140604
2024-11-07,0.0003182258722995712
2024-11-08,0.0040412862920220505
2024-11-11,0.02558290680742159
2024-11-12,0.0
2024-11-13,0.0
2024-11-14,0.0
2024-11-15,0.0046497386764998705
2024-11-18,-0.0011961085597036458
2024-11-19,0.008087827158645755
2024-11-20,0.03546659095956084
2024-11-21,0.0
2024-11-22,0.0
2024-11-25,0.0
2024-11-26,-0.021863362289582855
2024-11-27,0.037441637751755685
2024-11-29,0.0
2024-12-02,0.0
2024-12-03,0.0
2024-12-04,0.008270301506712485
2024-12-05,-9.180997248992018e-05
2024-12-06,-0.0021139610211485804
2024-12-09,-0.01624081225107521
2024-12-10,0.0009605654611850589
2024-12-11,0.011302768786010997
2024-12-12,-0.010671584809489265
2024-12-13,0.007766567717108597
2024-12-16,-0.0003476389898524612
2024-12-17,-0.01594687663955674
2024-12-18,0.007052233856890799
2024-12-19,0.012530974943126827
2024-12-20,0.0008260230107435262
2024-12-23,0.013206695209076136
2024-12-24,0.013616203873835442
2024-12-26,-0.000943004886128862
2024-12-27,-0.0035346390546580064
2024-12-30,-0.01830906658939735
2024-12-31,0.0021192982697577634
2025-01-02,0.012774700577526277
2025-01-03,0.007708697981680057
2025-01-06,0.01842774360650301
2025-01-07,0.014898745593180163
2025-01-08,0.008562891616387347
2025-01-10,-0.010696330643665153
2025-01-13,-0.02388703285782634
2025-01-14,0.010461536129352078
2025-01-15,0.01188235409333549
2025-01-16,0.01807410277519339
2025-01-17,0.018300696147494744
2025-01-21,0.00804935252035932
2025-01-22,0.014921992249455673
2025-01-23,-0.0063557611308185935
2025-01-24,0.00681348661489567
2025-01-27,-0.05455693254499239
2025-01-28,0.019084612855316374
2025-01-29,-0.0025409261804314465
2025-01-30,0.011759191481438114
2025-01-31,0.0025985751364039356
2025-02-03,-0.016630733979691614
2025-02-04,0.0024501431218262315
2025-02-05,0.01922841818935095
2025-02-06,0.0
2025-02-07,0.0
2025-02-10,0.0
2025-02-11,-0.004625332408154326
2025-02-12,-0.010370354702873286
2025-02-13,0.0005054175928687066
2025-02-14,0.0008672976951433764
2025-02-18,0.0012073009637421084
2025-02-19,-0.0005314946009209454
2025-02-20,0.0013025712715912796
2025-02-21,-0.0012377876948764799
2025-02-24,0.0034261663818300203
2025-02-25,-0.0014306359469596908
2025-02-26,0.010039393270509178
2025-02-27,0.018890781063903184
2025-02-28,-0.011818570884228996
2025-03-03,-0.007524785449568916
2025-03-04,-0.019930988554301865
2025-03-05,0.00913869514956267
2025-03-06,-0.021426494441625366
2025-03-07,0.004099893083267858
2025-03-10,-0.016505508364264676
2025-03-11,6.232780426196349e-05
2025-03-12,0.01715048789942819
2025-03-13,0.0
2025-03-14,0.0
2025-03-17,0.0
2025-03-18,-0.0076521206944126785
2025-03-19,0.004394419264980298
2025-03-20,-0.00603915948550493
2025-03-21,-0.006045772624599044
2025-03-24,0.007877513149153526
2025-03-25,-0.0022212160169492456
2025-03-26,-0.006047557940116133
2025-03-27,-0.006969991811603737
2025-03-28,4.286050877322367e-05
2025-03-31,-0.001601935551807987
2025-04-01,0.0022609794433396946
2025-04-02,0.0037874138883928765
2025-04-03,0.00946479904318931
2025-04-04,0.012917632123589762
2025-04-07,0.016607890708829398
2025-04-08,-0.00289838228071182
2025-04-09,0.0010760735353179118
2025-04-10,0.020303381126796083
2025-04-11,0.00345458830195966
2025-04-14,-0.009023673338155902
2025-04-15,0.0004952192606715311
2025-04-16,-0.010401882351389724
2025-04-17,-0.00299304408686607
2025-04-21,0.0005042388282956445
2025-04-22,-0.005541147134260016
2025-04-23,-0.003970551016344248
2025-04-24,-0.004278491142124641
2025-04-25,0.0009168417904776849
2025-04-28,-0.0005687387920715326
2025-04-29,0.001087921496191635
2025-04-30,-0.000586971630516131
2025-05-01,0.0016518949569199748
2025-05-02,-0.009696779832400138
2025-05-05,0.007759559554966877
2025-05-06,0.011942368939891645
2025-05-07,-0.0026795068392471144
2025-05-08,-0.004259616859184967
2025-05-09,-0.0017371339136326158
2025-05-12,-0.017810640907856112
2025-05-13,-0.002369704524071037
2025-05-14,-0.001986736438042258
2025-05-15,0.0037910659640989497
2025-05-16,-0.00031509248209049545
2025-05-19,0.00010592324751268478
2025-05-20,-0.0008517327172828937
2025-05-21,0.0013011161777785052
2025-05-22,0.0011157945951163484
2025-05-23,0.002288730868650779
2025-05-27,0.00030112555298611454
2025-05-28,0.002607673841062974
2025-05-29,0.03679258645182504
2025-05-30,0.0
2025-06-02,0.0
2025-06-03,0.0
2025-06-04,0.0
2025-06-05,0.0
2025-06-06,0.0
2025-06-09,0.0
2025-06-10,0.0
2025-06-11,0.0
2025-06-12,-0.0021832677634158193
2025-06-13,-0.004312796247514017
2025-06-16,0.0
2025-06-17,-0.0009225028457430229
2025-06-18,0.0
2025-06-20,0.0020615717131768907
2025-06-23,-0.0007412465722780315
2025-06-24,0.004427331491007491
2025-06-25,0.0019867344672923615
2025-06-26,0.00039523755809312
2025-06-27,0.00011961665714643743
2025-06-30,0.004980207441156015
2025-07-01,-0.0011658032082945136
2025-07-02,0.0
2025-07-03,0.0
2025-07-07,0.0
2025-07-08,0.0
2025-07-09,0.0
2025-07-10,0.0
2025-07-11,0.0
2025-07-14,0.0
2025-07-15,0.0
2025-07-16,0.0
2025-07-17,0.0
2025-07-18,0.0
2025-07-21,0.0
2025-07-22,0.0
2025-07-23,0.0
2025-07-24,0.0
2025-07-25,0.0
2025-07-28,0.0
2025-07-29,0.0
2025-07-30,0.0
2025-07-31,0.0
2025-08-01,0.0
2025-08-04,0.015446129869329361
2025-08-05,0.021891069782721262
2025-08-06,-0.02472478188210947
2025-08-07,0.014464883492484759
2025-08-08,0.01031502941222362
2025-08-11,-0.008371216769088918
2025-08-12,0.008363098794975432
2025-08-13,0.013676520157839489
2025-08-14,-0.01669086221703142
2025-08-15,-0.004672568124832299
2025-08-18,-0.005023211036495723
2025-08-19,-0.010770319518330407
2025-08-20,-0.017165452027052996
2025-08-21,0.0029567949800242133
2025-08-22,-0.011465177830168094
2025-08-25,-0.011678211996571042
2025-08-26,0.009235619085364188
2025-08-27,0.00271789866239458
2025-08-28,0.003787493036879752
2025-08-29,-0.01118614741726165
2025-09-02,-0.030981176383806597
2025-09-03,0.0009649541947396312
2025-09-04,-0.004930568974226057
2025-09-05,-0.006207275311045701
2025-09-08,0.00474057304849218
2025-09-09,0.0032292872079444646
2025-09-10,0.020735749012618543
2025-09-11,0.0
2025-09-12,0.0
2025-09-15,0.0
2025-09-16,8.056335010886428e-05
2025-09-17,-0.003725253639116799
2025-09-18,-0.010043268159645624
2025-09-19,-0.0006998668987793222
2025-09-22,-0.002034167881857285
2025-09-23,0.005819638398304017
2025-09-24,0.005338421828977147
2025-09-25,-0.01155558168010451
2025-09-26,-0.0013167910991447318
2025-09-29,0.00408400799413533
2025-09-30,-0.0007406225725556936
2025-10-01,-0.0029540705652388866
2025-10-02,0.015824518948355015
2025-10-03,0.0
2025-10-06,0.0
2025-10-07,0.0
2025-10-08,0.002058904067495204
2025-10-09,-0.0038091561876588687
2025-10-10,0.0009344192109947969
2025-10-13,0.02343278540282423
2025-10-14,0.0
2025-10-15,0.0
2025-10-16,0.0
2025-10-17,-0.005974992226466913
2025-10-20,0.010388035116580596
2025-10-21,-0.00205484671625622
2025-10-22,0.0027392074061522997
2025-10-23,7.351869649885323e-05
2025-10-24,0.006037308355758997
2025-10-27,0.005296961891913643
2025-10-28,0.0004059858419733775
2025-10-29,0.00015614682199904806
2025-10-30,0.0002987580911439913
2025-10-31,0.0012917868056958604
2025-11-03,0.0017164421294337817
2025-11-04,-0.01250159327581779
2025-11-05,-0.007889207374161766
2025-11-06,-0.002179865986838392
2025-11-07,-0.008658689312412315
2025-11-10,0.016273008176402204
2025-11-11,0.0
2025-11-12,0.0
2025-11-13,0.0
2025-11-14,-0.012657914220175925
2025-11-17,-0.005536790288293347
2025-11-18,-0.008210434205731532
2025-11-19,0.00011139945392768524
2025-11-20,0.018633840616106845
2025-11-21,0.0
2025-11-24,0.0
2025-11-25,0.0
2025-11-26,0.009480339866410947
2025-11-28,0.008232243790987859
2025-12-01,-0.012386480236784458
2025-12-02,0.0018386447295117847
2025-12-03,-0.0028596570367445118
2025-12-04,-0.004458084769050519
2025-12-05,0.006362371425194802
2025-12-08,0.014154288698342121
2025-12-09,-0.003623233286362715
2025-12-10,0.0005427966253883643
2025-12-11,-0.01030919307393785
2025-12-12,-0.020631741904215573
2025-12-15,0.00821175941878538
2025-12-16,-0.004561848124948975
2025-12-17,0.007619407805945944
2025-12-18,0.01593242388930194
2025-12-19,0.00878496428176323
2025-12-22,0.02208165911821869
2025-12-23,0.0
2025-12-24,0.0
2025-12-26,0.0
2025-12-29,-0.008746132931347517
2025-12-30,0.0008243529347744527
2025-12-31,0.0007722524847331158
2026-01-02,0.015131244626942264
2026-01-05,0.008807327945407062
2026-01-06,0.0
2026-01-07,0.0
2026-01-08,0.0
2026-01-09,0.005857570892553898
2026-01-12,-0.004739827737638813
2026-01-13,0.0004271300118681154
2026-01-14,-0.0050582590203057665
2026-01-15,0.011645642198077288
2026-01-16,0.01674161020202014
2026-01-20,0.0
2026-01-21,0.0
2026-01-22,0.0
2026-01-23,0.007457227906710662
2026-01-26,-0.005916223428862111
2026-01-27,0.011980526177904904
2026-01-28,0.010793704709314955
2026-01-29,0.004846791918010851
2026-01-30,-0.010282065566670218
2026-02-02,-0.0029248911224057927
2026-02-03,0.005199785839794302
2026-02-04,-0.010432289335371658
2026-02-05,-0.011777654177330121
2026-02-06,-0.006069947543651866
2026-02-09,-0.01751705508151591
2026-02-10,-0.00960521281541038
2026-02-11,0.02850341293825509
2026-02-12,0.0
2026-02-13,0.0
2026-02-17,0.0
2026-02-18,-0.00038263313552910905
2026-02-19,-0.006865661470370044
2026-02-20,-0.002856601480730858
2026-02-23,-0.0073984963283052485
2026-02-24,0.010361018122856613
2026-02-25,0.01041429811240202
2026-02-26,-0.0050785949163586475
2026-02-27,-0.016672142534503664
2026-03-02,-0.01330882120128396
2026-03-03,-0.03170729118730653
2026-03-04,0.01699312943786424
2026-03-05,0.0
2026-03-06,0.0
2026-03-09,0.0
2026-03-10,0.005282172819437658
2026-03-11,0.00856040673187497
2026-03-12,-0.009669050666268997
2026-03-13,0.00936284799636633
2026-03-16,0.02155391991950162
2026-03-17,0.0
2026-03-18,0.0
2026-03-19,0.0
2026-03-20,-0.0003940259020066561
2026-03-23,0.003944159763279886
2026-03-24,-0.0038840858353549335
2026-03-25,-0.016521382597944112
2026-03-26,-0.01641647582478789
2026-03-27,0.006294502905604515
2026-03-30,0.008130837281361547
2026-03-31,-0.0001912374048981258
2026-04-01,0.01710849170451012
2026-04-02,0.01646222579141665
2026-04-06,-0.0017078801239269747
2026-04-07,0.0045837979458500655
2026-04-08,0.025923636575545972
2026-04-09,0.0005202526960110809
2026-04-10,-0.002122024043887283
2026-04-13,0.0025731561000896797
2026-04-14,0.012174917552761677
2026-04-15,-0.011496223879367107
2026-04-16,-0.004778308220346861
2026-04-17,0.014026470118298384
2026-04-20,0.004658581266064665
2026-04-21,0.004311456314318729
2026-04-22,0.02010172429753121
2026-04-23,0.0
2026-04-24,0.0
2026-04-27,0.0
2026-04-28,-0.026714356198515032
2026-04-29,0.028700403917470085
2026-04-30,0.0
2026-05-01,0.0
2026-05-04,0.0
2026-05-05,0.04343285737385871
2026-05-06,0.0
2026-05-07,0.0
2026-05-08,0.0
2026-05-11,0.05642499190127226
2026-05-12,0.0
2026-05-13,0.0
2026-05-14,0.0
2026-05-15,-0.05415703303784647
2026-05-18,0.03898891372101576
2026-05-19,0.0
2026-05-20,0.0
2026-05-21,0.0
2026-05-22,0.004744545934525668
2026-05-26,0.0608860418694237
2026-05-27,0.0
2026-05-28,0.0
2026-05-29,0.0
2026-06-01,-0.002499691547170668
2026-06-02,-0.0013064977076279183
2026-06-03,0.040766678087779784
2026-06-04,0.0
2026-06-05,0.0
2026-06-08,0.0
2026-06-09,0.03406529419635418
2026-06-10,0.0
2026-06-11,0.0
2026-06-12,0.0
2026-06-15,0.06598198250416076
2026-06-16,0.0
2026-06-17,0.0
2026-06-18,0.0
2026-06-22,0.04022605817478486
2026-06-23,0.0
2026-06-24,0.0
2026-06-25,0.0
2026-06-26,-0.05481966400835048
2026-06-29,0.0031268466983616072
2026-06-30,0.0021643357361031956
2026-07-01,-0.06330082291934547
2026-07-02,0.006007615323953885
2026-07-06,0.035046541584012214
2026-07-07,-0.06428260888917625
2026-07-08,-0.029110749234926736
2026-07-09,0.06224717813909231
2026-07-10,0.0
2026-07-13,0.0
2026-07-14,0.0
2026-07-15,0.0014785906579133368
2026-07-16,-0.02133739419526015
2026-07-17,-0.02555846020519681
2026-07-20,0.020104830006505647
2026-07-21,0.0
2026-07-22,0.0
2026-07-23,0.0
2026-07-24,-0.008106075344347374
2026-07-27,0.0035512505833277253
2026-07-28,-0.03154874612430292
2026-07-29,0.004662110231903993
2026-07-30,0.03184788352641732
2026-07-31,0.0
2026-08-03,0.0
2026-08-04,0.0
2026-08-05,-0.026862385973904446
2026-08-06,-0.02779956434376707
2026-08-07,0.01676982528739379
2026-08-10,-0.010925871728075354
2026-08-11,0.008876373117341796
2026-08-12,0.030213264950939456
2026-08-13,0.0
2026-08-14,0.0
