index,return
2000-01-03,0.0
2000-01-04,0.0
2000-01-05,-0.03146612358900658
2000-01-06,0.02222189220567472
2000-01-07,-0.03002130769494271
2000-01-10,0.039047590860121106
2000-01-11,-0.004975302951481075
2000-01-12,-0.0016022455846093075
2000-01-13,0.016049578962732403
2000-01-14,-0.007559584243604256
2000-01-18,0.0040501098639649236
2000-01-19,0.01497819131273137
2000-01-20,0.08119076879875542
2000-01-21,0.0
2000-01-24,0.0
2000-01-25,0.0
2000-01-26,-0.03895015213896258
2000-01-27,0.025767529729926686
2000-01-28,-0.013148880547028008
2000-01-31,0.017344433032970397
2000-02-01,0.009711357661819298
2000-02-02,0.01157989991716013
2000-02-03,0.013089574963373485
2000-02-04,0.003452865263005256
2000-02-07,0.0014740366778092096
2000-02-08,-0.0026558041957395195
2000-02-09,0.00196226164635549
2000-02-10,0.012526256945375458
2000-02-11,-0.0010852176129827473
2000-02-14,-0.03356972522723223
2000-02-15,0.025350479841965923
2000-02-16,0.0214353267692291
2000-02-17,0.007511410774439176
2000-02-18,-0.004764282746950066
2000-02-22,-0.021159931611200777
2000-02-23,0.0020296195889761837
2000-02-24,0.01308155214477047
2000-02-25,0.0031444976753089993
2000-02-28,0.003060252045703926
2000-02-29,0.023533914165767778
2000-03-01,0.04542058636844293
2000-03-02,0.0
2000-03-03,0.0
2000-03-06,0.0
2000-03-07,0.0
2000-03-08,0.0
2000-03-09,0.0
2000-03-10,0.0
2000-03-13,0.0
2000-03-14,0.0
2000-03-15,0.0
2000-03-16,0.0
2000-03-17,0.0
2000-03-20,0.0
2000-03-21,0.0
2000-03-22,0.0
2000-03-23,0.0
2000-03-24,0.0
2000-03-27,0.0
2000-03-28,0.0
2000-03-29,0.0
2000-03-30,0.0
2000-03-31,0.0
2000-04-03,0.0
2000-04-04,0.05252623324045613
2000-04-05,0.0
2000-04-06,0.0
2000-04-07,0.0
2000-04-10,0.016663293739852092
2000-04-11,-0.038934130733462635
2000-04-12,0.0005486816911244308
2000-04-13,0.026610793498300866
2000-04-14,-0.05312211947634604
2000-04-17,-0.07240446561797786
2000-04-18,0.00027175518068256466
2000-04-19,0.0067436356132257735
2000-04-20,0.01134602167111165
2000-04-24,-0.06475689458721368
2000-04-25,0.04740254460446747
2000-04-26,0.0
2000-04-27,0.0
2000-04-28,0.0
2000-05-01,0.02535502182280558
2000-05-02,0.001372715621316134
2000-05-03,0.004272700068669311
2000-05-04,0.007008028107172715
2000-05-05,0.0014499247641321933
2000-05-08,-0.005626936119420334
2000-05-09,0.006259492173163128
2000-05-10,-0.009222162628893193
2000-05-11,0.029396944893791632
2000-05-12,0.009706945096114916
2000-05-15,-0.0008633099873952554
2000-05-16,0.03109236353864575
2000-05-17,0.027948661072330738
2000-05-18,0.0060761775993647404
2000-05-19,-0.003925598325454915
2000-05-22,9.579686893124162e-05
2000-05-23,0.014116587741584086
2000-05-24,0.0036019034592997823
2000-05-25,0.05005647777597666
2000-05-26,0.0
2000-05-30,0.0
2000-05-31,0.0
2000-06-01,0.034094971027145204
2000-06-02,0.10233564329787015
2000-06-05,0.0
2000-06-06,0.0
2000-06-07,0.0
2000-06-08,0.030154755422278745
2000-06-09,0.016148480037950108
2000-06-12,0.011995235660509529
2000-06-13,-0.015058822955679063
2000-06-14,0.012640787342272919
2000-06-15,-0.006390558654471135
2000-06-16,0.004936599937514385
2000-06-19,0.004838593659608037
2000-06-20,0.003030792115876313
2000-06-21,-0.015563753835620031
2000-06-22,0.0165073949253296
2000-06-23,-0.01134656376380161
2000-06-26,0.013195208823719717
2000-06-27,0.007591967715556258
2000-06-28,0.016978658913941125
2000-06-29,-0.023514865110109584
2000-06-30,0.011179980682983537
2000-07-03,0.027328743660446797
2000-07-05,-0.03784175823128577
2000-07-06,-0.002514642393180777
2000-07-07,0.0035687349102069277
2000-07-10,-0.0028633750467950136
2000-07-11,-0.003117865265038766
2000-07-12,0.033650694383509094
2000-07-13,0.03066037967601698
2000-07-14,0.03006875462215386
2000-07-17,0.0071330542750236425
2000-07-18,-0.02909585186091801
2000-07-19,-0.014132170474147943
2000-07-20,-0.003629066092431854
2000-07-21,-0.040377624505550935
2000-07-24,0.01482941441566532
2000-07-25,0.016686425107781178
2000-07-26,-0.02542754800170588
2000-07-27,-0.030304549615959298
2000-07-28,0.009203883141904345
2000-07-31,0.035115388437330086
2000-08-01,0.0
2000-08-02,0.0
2000-08-03,0.0
2000-08-04,0.025366172359604144
2000-08-07,-0.006620982526163166
2000-08-08,0.005249410549568401
2000-08-09,0.03890198673107603
2000-08-10,-0.033443209210472724
2000-08-11,-0.00539401779409121
2000-08-14,0.038003656645046124
2000-08-15,0.015102566210361879
2000-08-16,0.02094248581258462
2000-08-17,-0.024137453630435957
2000-08-18,0.02436562433009115
2000-08-21,0.01031638212787822
2000-08-22,-0.004268691291100857
2000-08-23,0.0029705222826903466
2000-08-24,0.01139155536236558
2000-08-25,-0.006217980233659048
2000-08-28,0.009694021211505977
2000-08-29,0.00036952903212172927
2000-08-30,-0.006315849492987469
2000-08-31,0.0007849206500696315
2000-09-01,0.023978338359790463
2000-09-05,0.00043991688937272677
2000-09-06,-0.06906327842440019
2000-09-07,0.01284881784976366
2000-09-08,-0.020594132860248693
2000-09-11,-0.02391242812372618
2000-09-12,0.0022650291471353334
2000-09-13,-0.016829162320791125
2000-09-14,0.023470650314902475
2000-09-15,-0.0196738585482652
2000-09-18,0.02214971118514475
2000-09-19,0.014749513545969872
2000-09-20,-0.007536422767787987
2000-09-21,-0.01425773581524925
2000-09-22,-0.03848950884948921
2000-09-25,0.008304212586602855
2000-09-26,0.014314569614194417
2000-09-27,0.022916413686414172
2000-09-28,-0.01404026327176644
2000-09-29,-0.0252999502950203
2000-10-02,0.0023716920389604823
2000-10-03,0.039058475855974883
2000-10-04,0.0
2000-10-05,0.0
2000-10-06,0.0
2000-10-09,0.012121218496938813
2000-10-10,-0.029617797524549738
2000-10-11,-0.03518897074442895
2000-10-12,0.044375957106395525
2000-10-13,0.0
2000-10-16,0.0
2000-10-17,0.0
2000-10-18,-0.006171134379795218
2000-10-19,0.11697225761349639
2000-10-20,0.0
2000-10-23,0.0
2000-10-24,0.0
2000-10-25,-0.038774029378330854
2000-10-26,0.017913064679984325
2000-10-27,0.007082068454843826
2000-10-30,-0.007921086401694644
2000-10-31,0.05408238849978142
2000-11-01,0.0
2000-11-02,0.0
2000-11-03,0.0
2000-11-06,0.03326121457415776
2000-11-07,0.027699744867316856
2000-11-08,0.004684385579681205
2000-11-09,-0.0392667111935362
2000-11-10,-0.017189523574330567
2000-11-13,-0.03204266007365686
2000-11-14,0.041376654564573734
2000-11-15,0.0
2000-11-16,0.0
2000-11-17,0.0
2000-11-20,-0.024042150096444725
2000-11-21,0.010960894645086539
2000-11-22,0.03002458995871149
2000-11-24,0.0
2000-11-27,0.0
2000-11-28,0.0
2000-11-29,0.005397772009594126
2000-11-30,-0.07635556943835975
2000-12-01,0.018584401319885924
2000-12-04,0.013502289953908342
2000-12-05,0.025568914014939992
2000-12-06,0.0
2000-12-07,0.0
2000-12-08,0.0
2000-12-11,0.00035409295047439393
2000-12-12,-0.005140103588650025
2000-12-13,0.008344183139709749
2000-12-14,0.00363517351862086
2000-12-15,-0.014527692819424343
2000-12-18,0.00974799898007861
2000-12-19,-0.009413585178098871
2000-12-20,-0.041161508937768265
2000-12-21,-0.0003886270231088229
2000-12-22,0.038886648129314194
2000-12-26,0.0
2000-12-27,0.0
2000-12-28,0.0
2000-12-29,4.779811009192336e-05
2001-01-02,0.019150446020502088
2001-01-03,-0.007724422422542565
2001-01-04,-0.006360966580484462
2001-01-05,0.0018416526838025415
2001-01-08,-0.001993930552294798
2001-01-09,0.027318943746071467
2001-01-10,0.0
2001-01-11,0.0
2001-01-12,0.0
2001-01-16,-0.0022863416551951454
2001-01-17,0.051298984582511364
2001-01-18,0.0
2001-01-19,0.0
2001-01-22,0.0
2001-01-23,-0.007431921030850441
2001-01-24,-0.0004157950524967813
2001-01-25,-0.001337579508198683
2001-01-26,-0.030483584430786803
2001-01-29,-0.0013187114459116689
2001-01-30,0.016536458087687222
2001-01-31,-0.003963811693782904
2001-02-01,0.005265357828167838
2001-02-02,0.012380842768335176
2001-02-05,-0.018321074677020932
2001-02-06,0.003713342799477104
2001-02-07,-0.0181340751004484
2001-02-08,0.00291078307220749
2001-02-09,-0.011931796694805152
2001-02-12,-0.0017478464321016851
2001-02-13,0.024950583586567987
2001-02-14,0.010527318289766052
2001-02-15,0.008872684453627322
2001-02-16,-0.05056175308851929
2001-02-20,0.0040626926072429015
2001-02-21,-0.03213376558996539
2001-02-22,-0.012682815112481705
2001-02-23,-0.08170639415647996
2001-02-26,0.020071496917066334
2001-02-27,-0.015933651491611744
2001-02-28,0.009954952796676686
2001-03-01,-0.002134744787937737
2001-03-02,-0.042473199859374144
2001-03-05,0.03849101302483193
2001-03-06,0.0
2001-03-07,0.0
2001-03-08,0.0
2001-03-09,-0.06210366058607231
2001-03-12,-0.016832434747822367
2001-03-13,0.040782515692221466
2001-03-14,0.0
2001-03-15,0.0
2001-03-16,0.0
2001-03-19,7.5428765919483e-05
2001-03-20,0.0075749703227045995
2001-03-21,-8.020479648784828e-05
2001-03-22,0.05052568052660389
2001-03-23,0.0
2001-03-26,0.0
2001-03-27,0.0
2001-03-28,-0.051168216574293046
2001-03-29,-0.012133657750586835
2001-03-30,-0.03276181723512517
2001-04-02,-0.007631489251163082
2001-04-03,0.0
2001-04-04,0.0
2001-04-05,0.0
2001-04-06,0.0
2001-04-09,0.0
2001-04-10,0.0
2001-04-11,0.0
2001-04-12,0.0
2001-04-16,0.0
2001-04-17,0.0
2001-04-18,0.0
2001-04-19,0.0
2001-04-20,0.0
2001-04-23,0.0
2001-04-24,0.0
2001-04-25,0.0
2001-04-26,0.0
2001-04-27,0.0
2001-04-30,0.0
2001-05-01,0.0
2001-05-02,0.006167862734759
2001-05-03,-0.03955877713663847
2001-05-04,-0.052461261910901724
2001-05-07,0.002952541565245159
2001-05-08,0.01688646119322912
2001-05-09,-0.029692062266233776
2001-05-10,0.06803858010299857
2001-05-11,0.0
2001-05-14,0.0
2001-05-15,0.0
2001-05-16,-0.005145173468732889
2001-05-17,0.009714867134279048
2001-05-18,-0.006906173454813702
2001-05-21,-0.018834330137849076
2001-05-22,-0.0059168475303597035
2001-05-23,0.005428351393376829
2001-05-24,-0.002505361060622713
2001-05-25,0.006296132968665269
2001-05-29,-0.01801659604963579
2001-05-30,-0.020560188478996544
2001-05-31,-0.0007271829946817743
2001-06-01,0.01462621494478511
2001-06-04,-0.01568076249795347
2001-06-05,0.01260717218460572
2001-06-06,0.012350407647434114
2001-06-07,-0.003811688346880282
2001-06-08,0.013029293361348504
2001-06-11,-0.002728878616383823
2001-06-12,-0.032043259665252344
2001-06-13,0.0083695996723967
2001-06-14,-0.030439725732741008
2001-06-15,-0.0176622920821754
2001-06-18,-0.004235189875449352
2001-06-19,0.03772077731671253
2001-06-20,0.0
2001-06-21,0.0
2001-06-22,0.0
2001-06-25,0.03042109943344351
2001-06-26,-0.01588475811605783
2001-06-27,0.002057948965176859
2001-06-28,0.017444094929430554
2001-06-29,0.0043658280963594365
2001-07-02,0.0022486216839223694
2001-07-03,-0.009065863057622359
2001-07-05,-0.023481960486831044
2001-07-06,-0.08742452159457548
2001-07-09,0.01910719752575396
2001-07-10,0.012987419709029835
2001-07-11,-0.012402665986112615
2001-07-12,0.05953176535386562
2001-07-13,0.0
2001-07-16,0.0
2001-07-17,0.0
2001-07-18,-0.011717476835111706
2001-07-19,0.019906747328459762
2001-07-20,0.018746943975849417
2001-07-23,0.013058310898345082
2001-07-24,-0.022944072955343064
2001-07-25,-0.0037332075070778403
2001-07-26,0.0002640542081424613
2001-07-27,-0.01114379167631685
2001-07-30,0.020108552490880838
2001-07-31,0.016053475926733896
2001-08-01,0.03326414442056547
2001-08-02,0.0
2001-08-03,0.0
2001-08-06,0.0
2001-08-07,-0.003068326440454072
2001-08-08,-0.007747144122447036
2001-08-09,-0.012253231024986877
2001-08-10,0.001290597743904387
2001-08-13,0.024922237674491976
2001-08-14,-0.012213848225072432
2001-08-15,0.019623914294540912
2001-08-16,-0.019414921320113576
2001-08-17,-0.028583772763931203
2001-08-20,-0.007529476249134137
2001-08-21,0.007901654950076109
2001-08-22,0.024165083521016317
2001-08-23,-0.0016797408155848625
2001-08-24,0.017767447301187733
2001-08-27,-0.011519363072461375
2001-08-28,0.002773606613742041
2001-08-29,0.006631318147385823
2001-08-30,-0.01495687713587579
2001-08-31,-0.005674182378896719
2001-09-04,-0.012993724161086018
2001-09-05,-0.00309336034145713
2001-09-06,-0.0219637916575679
2001-09-07,-0.014021320984896946
2001-09-10,-0.0056393647417236625
2001-09-17,-0.11484323776770611
2001-09-18,0.011253296254372769
2001-09-19,0.020669732869540214
2001-09-20,-0.04060662757773659
2001-09-21,-0.06142963413417213
2001-09-24,0.06853833124530562
2001-09-25,0.0
2001-09-26,0.0
2001-09-27,0.0
2001-09-28,0.028126466353076918
2001-10-01,-0.007398902933911877
2001-10-02,-0.013363851749579325
2001-10-03,-0.006909286458522734
2001-10-04,0.05279324719557965
2001-10-05,0.0
2001-10-08,0.0
2001-10-09,0.0
2001-10-10,-0.015208659775203692
2001-10-11,0.05243893801287869
2001-10-12,0.0
2001-10-15,0.0
2001-10-16,0.0
2001-10-17,0.03849611356201388
2001-10-18,-0.004061479856762085
2001-10-19,-0.013078844362159114
2001-10-22,-0.00932567551527852
2001-10-23,0.014118365991421022
2001-10-24,-0.01069188000552812
2001-10-25,-0.019240522472846244
2001-10-26,-0.004598190380040168
2001-10-29,-0.006494740887664996
2001-10-30,-0.013273221785395917
2001-10-31,0.04504091399455046
2001-11-01,0.0
2001-11-02,0.0
2001-11-05,0.0
2001-11-06,-0.007581493579525755
2001-11-07,-0.007788837347591837
2001-11-08,0.04228931900898458
2001-11-09,0.0
2001-11-12,0.0
2001-11-13,0.0
2001-11-14,0.009698314041043599
2001-11-15,-0.007768435954887631
2001-11-16,-0.003981451067858632
2001-11-19,0.008318261666670379
2001-11-20,-0.007837852676296886
2001-11-21,-0.012567502646334217
2001-11-23,0.004525662063704861
2001-11-26,0.02405206158990425
2001-11-27,-0.006066902249877826
2001-11-28,-0.011822087020403771
2001-11-29,0.050131397597995786
2001-11-30,0.0
2001-12-03,0.0
2001-12-04,0.0
2001-12-05,0.0476317723117472
2001-12-06,0.0
2001-12-07,0.0
2001-12-10,0.0
2001-12-11,0.01784411789638951
2001-12-12,0.010837240145468607
2001-12-13,-0.04332622324956392
2001-12-14,0.0008812693301867291
2001-12-17,0.005167105985635301
2001-12-18,0.008426428370102323
2001-12-19,-0.03673126401400306
2001-12-20,-0.002930218136637297
2001-12-21,0.01453965392673262
2001-12-24,-0.0009368136502875268
2001-12-26,0.006101887232374148
2001-12-27,0.01879141610468049
2001-12-28,0.02073714701933893
2001-12-31,0.015091237137850877
2002-01-02,0.034776820636604144
2002-01-03,0.003265897449897359
2002-01-04,0.010609207896550732
2002-01-07,0.004145273143106198
2002-01-08,2.7036936868674033e-05
2002-01-09,0.012577466521688008
2002-01-10,-0.003874876203451727
2002-01-11,0.0034864056738825866
2002-01-14,-0.004666716512196523
2002-01-15,0.02931278674744009
2002-01-16,-0.01657787201422556
2002-01-17,0.02948473759736836
2002-01-18,-0.03174002729545056
2002-01-22,0.006969332373339965
2002-01-23,0.007583551635673702
2002-01-24,0.00933736660547968
2002-01-25,-0.011773304595784406
2002-01-28,0.014319713556754765
2002-01-29,0.0021090617445425064
2002-01-30,-5.4426855093603344e-05
2002-01-31,0.010033872589039428
2002-02-01,-0.0008280689699815547
2002-02-04,-0.02431006409783598
2002-02-05,-0.020092380669312182
2002-02-06,0.02943899212556933
2002-02-07,0.0007453809158719515
2002-02-08,0.012332533696846726
2002-02-11,0.0023603243291223652
2002-02-12,-0.017560030634151014
2002-02-13,0.014375128469972909
2002-02-14,0.007077735014749953
2002-02-15,-0.029803103515691487
2002-02-19,-0.04178297349039717
2002-02-20,-0.006574299717047594
2002-02-21,-0.01055254479860357
2002-02-22,-0.018610998746454888
2002-02-25,0.00382307312869834
2002-02-26,0.009706867186592971
2002-02-27,0.018421262654083614
2002-02-28,-0.00305662904428472
2002-03-01,0.0056373298067906585
2002-03-04,0.0021486101631063015
2002-03-05,-0.019841282838470864
2002-03-06,-0.039785803858407354
2002-03-07,0.012792454807403209
2002-03-08,0.02175528410063632
2002-03-11,-0.01571214577234392
2002-03-12,-0.029610578906191454
2002-03-13,-0.010966765761342478
2002-03-14,-0.017029787857953838
2002-03-15,0.0014298945413782072
2002-03-18,0.01598305770032238
2002-03-19,0.0075969275027634176
2002-03-20,-0.01744077282376011
2002-03-21,0.011946806650824593
2002-03-22,0.011652903366808909
2002-03-25,-0.0027886867633282186
2002-03-26,-0.008826342602442638
2002-03-27,-0.02767222218737664
2002-03-28,0.010955334461195232
2002-04-01,-0.037827092864796574
2002-04-02,-0.015325335643630589
2002-04-03,-0.012071037049637634
2002-04-04,-0.02421863230397414
2002-04-05,0.006586099729944506
2002-04-08,-0.030287143320148813
2002-04-09,0.004323434204100085
2002-04-10,-0.003503780907900822
2002-04-11,-0.028042222501179714
2002-04-12,0.012324530005740408
2002-04-15,-0.002912840830620267
2002-04-16,0.032325108467578634
2002-04-17,0.02333804642580084
2002-04-18,-0.00969089411476054
2002-04-19,0.0193896181400659
2002-04-22,0.006765762979939138
2002-04-23,0.012069803577046567
2002-04-24,0.020324995332226425
2002-04-25,0.006647635806545482
2002-04-26,0.009443292699226502
2002-04-29,0.0012336345643451097
2002-04-30,-0.027136918818610356
2002-05-01,0.011117506143254019
2002-05-02,0.011697284756110093
2002-05-03,-0.0015801719180017493
2002-05-06,-0.022250561972973593
2002-05-07,0.028828016081591468
2002-05-08,0.08841120931585689
2002-05-09,0.0
2002-05-10,0.0
2002-05-13,0.0
2002-05-14,0.08649702034475015
2002-05-15,0.0
2002-05-16,0.0
2002-05-17,0.0
2002-05-20,-0.0007064177176488995
2002-05-21,0.01742393090086014
2002-05-22,-0.0022881462105052153
2002-05-23,0.0059889309838419
2002-05-24,-0.019285267739513556
2002-05-28,0.012853440771040558
2002-05-29,-0.019328609130621732
2002-05-30,-0.023314024550410317
2002-05-31,0.005081546968713768
2002-06-03,-0.01565389435858977
2002-06-04,-0.00445233725955807
2002-06-05,-0.000855881684101556
2002-06-06,-0.009453529405282546
2002-06-07,-0.09403542751628835
2002-06-10,0.007824230067420723
2002-06-11,0.012294934797172363
2002-06-12,-0.01402718891443222
2002-06-13,-0.0007304925746586255
2002-06-14,-0.028092495706740883
2002-06-17,0.02482869849251479
2002-06-18,-0.009909944101142543
2002-06-19,-0.060998291907519264
2002-06-20,0.002142909157509809
2002-06-21,0.0022062724057847483
2002-06-24,-0.01871568040974214
2002-06-25,0.023679096043892178
2002-06-26,-0.10663504754637632
2002-06-27,0.04675395984527975
2002-06-28,0.0
2002-07-01,0.0
2002-07-02,0.0
2002-07-03,-0.012495868495847384
2002-07-05,0.07446693383846426
2002-07-08,0.0
2002-07-09,0.0
2002-07-10,0.0
2002-07-11,-0.008576329185564724
2002-07-12,0.046661097366693216
2002-07-15,0.0
2002-07-16,0.0
2002-07-17,0.0
2002-07-18,-0.030034040861170674
2002-07-19,-0.02631162419157551
2002-07-22,-0.0055201283616359564
2002-07-23,0.017687445712248895
2002-07-24,-0.022467441060655124
2002-07-25,-0.04742109679552842
2002-07-26,0.027524943157835713
2002-07-29,0.03857078085012078
2002-07-30,0.0
2002-07-31,0.0
2002-08-01,0.0
2002-08-02,-0.003668969269337352
2002-08-05,-0.0011215407690309265
2002-08-06,0.034012042729441916
2002-08-07,0.0
2002-08-08,0.0
2002-08-09,0.0
2002-08-12,-0.01724939678074744
2002-08-13,-0.0033190022307677536
2002-08-14,0.0056201306405776474
2002-08-15,0.014966320587910475
2002-08-16,-0.013727225894576978
2002-08-19,0.019067090257391728
2002-08-20,-0.012763955138726413
2002-08-21,0.03305002549908331
2002-08-22,0.0
2002-08-23,0.0
2002-08-26,0.0
2002-08-27,0.006698955953318375
2002-08-28,-0.007959638102691624
2002-08-29,-0.023937330694380532
2002-08-30,-0.009241029056802241
2002-09-03,-0.02020785558679028
2002-09-04,0.0025600617725298758
2002-09-05,-0.015333027940989674
2002-09-06,0.02875243847499509
2002-09-09,0.0
2002-09-10,0.0
2002-09-11,0.0
2002-09-12,-0.01918809176683045
2002-09-13,-0.015057220458065013
2002-09-16,-0.006091716192099694
2002-09-17,0.022301274413519145
2002-09-18,0.0
2002-09-19,0.0
2002-09-20,0.0
2002-09-23,-0.017142871657778058
2002-09-24,-0.015693682730688385
2002-09-25,0.014632723885403376
2002-09-26,0.009397126486420104
2002-09-27,-0.0033752000539711835
2002-09-30,-0.005611982644233571
2002-10-01,0.010107589358605118
2002-10-02,-0.002625426732255298
2002-10-03,-0.018469938795707574
2002-10-04,0.005741803896421871
2002-10-07,-0.0046172115031523076
2002-10-08,0.012374292960245947
2002-10-09,-0.008421255186214505
2002-10-10,0.0010773095510225872
2002-10-11,0.02990426489021747
2002-10-14,0.0
2002-10-15,0.0
2002-10-16,0.0
2002-10-17,0.04952359849091814
2002-10-18,0.0
2002-10-21,0.0
2002-10-22,0.0
2002-10-23,0.0011196514161362359
2002-10-24,0.014429655326589463
2002-10-25,-0.010001314964491304
2002-10-28,0.03023897776284712
2002-10-29,0.0
2002-10-30,0.0
2002-10-31,0.0
2002-11-01,-0.0016551292662687622
2002-11-04,0.012568030262318786
2002-11-05,-0.009900609709510344
2002-11-06,0.011062758571110942
2002-11-07,-0.012069345949031085
2002-11-08,-0.0033756235994529815
2002-11-11,0.0012995261262016555
2002-11-12,0.027362743501524456
2002-11-13,-0.010716635226635352
2002-11-14,0.00657043131914703
2002-11-15,-0.008492576045707745
2002-11-18,0.0028013166970202175
2002-11-19,-0.009080350550812466
2002-11-20,0.0012092571307356081
2002-11-21,0.008548895896802744
2002-11-22,-0.009908706379309296
2002-11-25,-0.0013456557105642197
2002-11-26,-0.008074136390702424
2002-11-27,0.008238739585528121
2002-11-29,0.007557223793599688
2002-12-02,0.0163820439317659
2002-12-03,-0.011654110354427871
2002-12-04,-0.028619472395116308
2002-12-05,0.031218465345320023
2002-12-06,-0.01701974858440547
2002-12-09,-0.02597832024285296
2002-12-10,0.010509801691954257
2002-12-11,-0.009706946955577722
2002-12-12,0.011178769544316847
2002-12-13,-0.021506572245647115
2002-12-16,0.007283289375185964
2002-12-17,-0.0016659446871304384
2002-12-18,-0.02139074799795171
2002-12-19,-0.00362327224026604
2002-12-20,0.008446605904184334
2002-12-23,0.0034122370364000343
2002-12-24,-0.010780451006476732
2002-12-26,0.00739078412023253
2002-12-27,-0.003929121390237267
2002-12-30,-0.0016749045670189089
2002-12-31,0.0015919041171839066
2003-01-02,0.012347017665837567
2003-01-03,0.00021850897979258654
2003-01-06,0.0015547420863959438
2003-01-07,0.0038233473683877417
2003-01-08,-0.006956671215681665
2003-01-09,0.009830125975932358
2003-01-10,-0.01542612205742977
2003-01-13,0.010203194851849728
2003-01-14,-0.00356076734636801
2003-01-15,0.002796896201510135
2003-01-16,0.005870112714744913
2003-01-17,-0.0015673352296851073
2003-01-21,0.0030690369202637235
2003-01-22,-0.008777790722147572
2003-01-23,0.007973556355829414
2003-01-24,-0.01215081663476758
2003-01-27,-0.015496953638699296
2003-01-28,0.0075551651067569114
2003-01-29,-0.012653701764720693
2003-01-30,-0.002594982831445214
2003-01-31,-0.00830478218726638
2003-02-03,0.0035365347220801535
2003-02-04,-0.002849083142781428
2003-02-05,0.00563951993451739
2003-02-06,0.00885384035260306
2003-02-07,0.011376912467840228
2003-02-10,-0.002404628208438675
2003-02-11,-0.0015906182948077774
2003-02-12,-0.0013108315525698355
2003-02-13,0.003392716414461594
2003-02-14,0.021833653656161855
2003-02-18,0.0
2003-02-19,0.0
2003-02-20,0.0
2003-02-21,0.0009147291112463485
2003-02-24,-0.004042626305011732
2003-02-25,-0.014036528545399274
2003-02-26,-0.006778965309272245
2003-02-27,0.0027692653890301067
2003-02-28,-0.004686541547541778
2003-03-03,0.004485502194012447
2003-03-04,-0.00015201171465695218
2003-03-05,-0.0030267119654427965
2003-03-06,-0.002873568214923239
2003-03-07,-0.013711311775175261
2003-03-10,-0.003717253724415559
2003-03-11,0.003197337798538591
2003-03-12,-0.0014246303506444402
2003-03-13,0.016638322896685098
2003-03-14,-0.0011338974303770621
2003-03-17,-0.007894597884567256
2003-03-18,0.0017656049289831444
2003-03-19,0.001980579431083651
2003-03-20,5.644291543860369e-05
2003-03-21,0.020083134528335655
2003-03-24,0.0
2003-03-25,0.0
2003-03-26,0.0
2003-03-27,-0.009869315107745025
2003-03-28,-0.004650873127643673
2003-03-31,-0.019755471510097045
2003-04-01,0.006338321488179366
2003-04-02,0.021532322897702905
2003-04-03,0.0
2003-04-04,0.0
2003-04-07,0.0
2003-04-08,-0.008580695143953765
2003-04-09,-0.003953519186217225
2003-04-10,0.005233340715427248
2003-04-11,0.007024656463607171
2003-04-14,-0.0032526915334786244
2003-04-15,-0.010086044898198532
2003-04-16,0.014170830288638081
2003-04-17,-0.006331998915032999
2003-04-21,0.006166690034643096
2003-04-22,0.0017675691242249325
2003-04-23,0.0012271948083906192
2003-04-24,-0.0014145051336615921
2003-04-25,-0.005674035196922
2003-04-28,0.0009867121336526452
2003-04-29,0.009378487611465758
2003-04-30,-0.0061316842096492685
2003-05-01,-0.002260935516822493
2003-05-02,0.0010654978136646065
2003-05-05,0.019389789407415092
2003-05-06,0.004050846622321469
2003-05-07,-0.018397734902850793
2003-05-08,-0.018732641279094797
2003-05-09,0.046566140941658896
2003-05-12,0.0
2003-05-13,0.0
2003-05-14,0.0
2003-05-15,0.012008836478619056
2003-05-16,-0.006209725378089281
2003-05-19,-0.018852942995023825
2003-05-20,0.011375230078824572
2003-05-21,-0.01175189662408016
2003-05-22,0.00950917122248085
2003-05-23,0.003280261032738929
2003-05-27,-0.013680727481563237
2003-05-28,0.012415330562600246
2003-05-29,0.004763481682163118
2003-05-30,0.07120086432660777
2003-06-02,0.0
2003-06-03,0.0
2003-06-04,0.0
2003-06-05,-0.010868290450946394
2003-06-06,0.030677455694403832
2003-06-09,-0.00902295474467174
2003-06-10,0.0008334500841016279
2003-06-11,-0.001958146615134604
2003-06-12,0.006362843453198819
2003-06-13,-0.018828126100580822
2003-06-16,0.013459629357255087
2003-06-17,0.009159541159385443
2003-06-18,-0.012891411098642558
2003-06-19,-0.007057617988787679
2003-06-20,0.0169658416681695
2003-06-23,-0.00029061789941342564
2003-06-24,-0.010282218740043092
2003-06-25,0.004880077504043401
2003-06-26,0.0029085731577036533
2003-06-27,0.007108274901970857
2003-06-30,0.009390340724217738
2003-07-01,-0.007794878940289074
2003-07-02,0.010860527080304605
2003-07-03,-0.01292395446204142
2003-07-07,0.01240139048014477
2003-07-08,-0.009529440393802213
2003-07-09,0.0007773037386431536
2003-07-10,-0.02420776105080147
2003-07-11,0.006483371709901542
2003-07-14,0.03939955403133433
2003-07-15,0.0
2003-07-16,0.0
2003-07-17,0.0
2003-07-18,0.005203710090215363
2003-07-21,0.00023598640399535853
2003-07-22,0.009106348205423442
2003-07-23,-0.002994036883778306
2003-07-24,0.017165714069228066
2003-07-25,0.007459590353219525
2003-07-28,0.006193677894128058
2003-07-29,0.0027102112143415624
2003-07-30,-0.00410986607369368
2003-07-31,0.01160577594471901
2003-08-01,-0.0002687035418681427
2003-08-04,-2.1776578017940196e-05
2003-08-05,0.010716293368676633
2003-08-06,-0.0016562042830352564
2003-08-07,-0.003902052157739311
2003-08-08,-0.03728463103440083
2003-08-11,0.002472183199553557
2003-08-12,0.005273434638635832
2003-08-13,0.004280746564242044
2003-08-14,-0.009871287985507182
2003-08-15,0.002672562497840314
2003-08-18,0.012536932624760855
2003-08-19,0.01673051091444533
2003-08-20,-0.020818599880508604
2003-08-21,0.016345162591485662
2003-08-22,0.043711428479116465
2003-08-25,0.0
2003-08-26,0.0
2003-08-27,0.0
2003-08-28,0.008441830299093622
2003-08-29,-0.004085091288684728
2003-09-02,0.007905464547337981
2003-09-03,0.012972713571356875
2003-09-04,-0.004219906594895129
2003-09-05,-0.0025214023264953367
2003-09-08,0.008929780331500714
2003-09-09,-0.010849487387007084
2003-09-10,-0.02434294950772753
2003-09-11,0.010345203634191336
2003-09-12,-0.0039003077614869763
2003-09-15,0.006754492033975934
2003-09-16,0.009357928486143141
2003-09-17,0.002386113700498793
2003-09-18,-0.01558854967805734
2003-09-19,0.0007052799202513782
2003-09-22,-0.030704196287648644
2003-09-23,0.006947353598582451
2003-09-24,0.006471386189095929
2003-09-25,0.011590721727468889
2003-09-26,-0.006440331669366306
2003-09-29,0.01513464660893149
2003-09-30,-0.01996835077480208
2003-10-01,0.005748330749327568
2003-10-02,0.0017817042643837322
2003-10-03,0.052323639029937974
2003-10-06,0.0
2003-10-07,0.0
2003-10-08,0.0
2003-10-09,0.022409674463287566
2003-10-10,0.01793603894959639
2003-10-13,0.01007773218773722
2003-10-14,-0.012645694358063397
2003-10-15,0.06456155537621822
2003-10-16,0.0
2003-10-17,0.0
2003-10-20,0.0
2003-10-21,0.009368311257911266
2003-10-22,-0.022996361906399643
2003-10-23,-0.018296737427582088
2003-10-24,-0.0017937514577701652
2003-10-27,0.028130864425324198
2003-10-28,0.024441944150612738
2003-10-29,-0.08164856872953563
2003-10-30,0.016836662718532347
2003-10-31,0.001260905742190399
2003-11-03,0.018144769951956352
2003-11-04,-0.006263978429378203
2003-11-05,-6.268800564268595e-05
2003-11-06,0.008749986865689063
2003-11-07,0.007280001229580391
2003-11-10,-0.011685962970511832
2003-11-11,-0.005491507391900519
2003-11-12,0.004748425695817904
2003-11-13,-0.011677598955390778
2003-11-14,0.0015904401785791222
2003-11-17,-0.020179715820502042
2003-11-18,0.01618776468352312
2003-11-19,0.003928816829962711
2003-11-20,-0.018089955154966697
2003-11-21,0.014195712551992479
2003-11-24,0.013117463428993004
2003-11-25,0.007639668841171732
2003-11-26,0.013626973232985673
2003-11-28,-0.003509284537164148
2003-12-01,0.0144615037116953
2003-12-02,0.004044669792987676
2003-12-03,0.006730358800702829
2003-12-04,0.005146413852663123
2003-12-05,-0.028035296120196285
2003-12-08,-0.006347331183273464
2003-12-09,0.01400537932921564
2003-12-10,-0.0019243130774032613
2003-12-11,0.003521526644182371
2003-12-12,0.006845800496324106
2003-12-15,0.02560494413343628
2003-12-16,0.00011968820642782596
2003-12-17,-0.00022103970091802427
2003-12-18,0.006869331327311601
2003-12-19,0.0026388061392013107
2003-12-22,-0.005985963239766412
2003-12-23,0.0019673948433642785
2003-12-24,-0.0012758848426071001
2003-12-26,0.0031196031402831448
2003-12-29,0.009144367301960665
2003-12-30,0.003781750945993867
2003-12-31,0.007093005958028753
2004-01-02,0.012008760501063032
2004-01-05,0.012448066049040474
2004-01-06,0.0004414086578405918
2004-01-07,0.011400108994493507
2004-01-08,0.011260943615256647
2004-01-09,-0.011926601929582392
2004-01-12,0.00831014139452213
2004-01-13,0.005424819171887751
2004-01-14,0.00658881988613591
2004-01-15,-0.015452424663240816
2004-01-16,0.009606297114609363
2004-01-20,0.009975713493829641
2004-01-21,-0.019703039244810983
2004-01-22,0.0014315022095294783
2004-01-23,0.00707924934620352
2004-01-26,-0.002679770265829551
2004-01-27,-0.0004630347988118233
2004-01-28,0.013258453084479482
2004-01-29,0.007984376682941052
2004-01-30,0.000887167603824679
2004-02-02,0.014494085386725253
2004-02-03,0.0275131415789156
2004-02-04,-0.055439366711256044
2004-02-05,0.014281070347026636
2004-02-06,0.007285759564926275
2004-02-09,0.013503415748227221
2004-02-10,0.007751064591084766
2004-02-11,0.016554419275843557
2004-02-12,0.02717902577208764
2004-02-13,0.02031598658925038
2004-02-17,0.03520324278138598
2004-02-18,0.0
2004-02-19,0.0
2004-02-20,0.0
2004-02-23,-0.007011090027571054
2004-02-24,-0.05578518701562607
2004-02-25,0.007359005542126873
2004-02-26,0.0017947247792260423
2004-02-27,0.018188545402378686
2004-03-01,0.0022186782169961727
2004-03-02,-0.004825143540209131
2004-03-03,-0.009454475130758477
2004-03-04,-0.008082509045092667
2004-03-05,-0.014638888769071823
2004-03-08,0.03132296959682046
2004-03-09,-0.002655456554811475
2004-03-10,-0.0017079571452717213
2004-03-11,-0.02544875237686861
2004-03-12,0.022872525237471963
2004-03-15,-0.0006430479768851916
2004-03-16,0.018548414402470348
2004-03-17,0.014680364450770478
2004-03-18,0.0005041845941902157
2004-03-19,0.006923240749030279
2004-03-22,-0.013108264864072572
2004-03-23,0.02109363238254791
2004-03-24,-0.0020072046296542023
2004-03-25,0.008539029182460078
2004-03-26,-0.003057277186841456
2004-03-29,0.01908668592174867
2004-03-30,0.01657001761939525
2004-03-31,0.006916958821507224
2004-04-01,0.01051610701419703
2004-04-02,0.03810843379747397
2004-04-05,0.0
2004-04-06,0.0
2004-04-07,0.0
2004-04-08,0.036767034529112674
2004-04-12,0.0
2004-04-13,0.0
2004-04-14,0.0
2004-04-15,0.014204176214449582
2004-04-16,0.005841653839583794
2004-04-19,0.020677454203053003
2004-04-20,-0.06826430713898879
2004-04-21,-0.10653898775508919
2004-04-22,0.021929337986736908
2004-04-23,0.0017743080489658336
2004-04-26,-0.0050093674750566475
2004-04-27,0.009228603696893156
2004-04-28,-0.08426554909136141
2004-04-29,0.01775518474204807
2004-04-30,-0.006395786457495167
2004-05-03,-0.04740207524570461
2004-05-04,0.005581933844186038
2004-05-05,0.005962733964174793
2004-05-06,-0.001691596194150602
2004-05-07,0.0028071306848795885
2004-05-10,-0.0043283874231118125
2004-05-11,0.009436410672563733
2004-05-12,-0.00649371313188396
2004-05-13,-0.00454211886225675
2004-05-14,0.0026745790624915777
2004-05-17,-0.008316392872955602
2004-05-18,0.008368338033593492
2004-05-19,0.01749612197013306
2004-05-20,0.0010649121261196992
2004-05-21,0.014575768198306749
2004-05-24,0.00672249800192426
2004-05-25,0.00027673023687180276
2004-05-26,-0.00027829561662340296
2004-05-27,0.005217939204614108
2004-05-28,0.0012595702339412984
2004-06-01,-0.0072342975132738685
2004-06-02,0.0027231578931221634
2004-06-03,-0.004550893041191384
2004-06-04,0.013521881265476932
2004-06-07,0.006325758726453357
2004-06-08,-0.00331165891400953
2004-06-09,-0.000597497732350516
2004-06-10,0.007724067718058558
2004-06-14,-0.003383927501956041
2004-06-15,0.01038541397727788
2004-06-16,-0.002651532839326065
2004-06-17,-0.0032417459728519837
2004-06-18,-0.007946801900270417
2004-06-21,0.002426947225566467
2004-06-22,0.003728218663021421
2004-06-23,0.002590381150858523
2004-06-24,0.00027900480644293957
2004-06-25,0.0019261254393709848
2004-06-28,0.005391977653468549
2004-06-29,0.009940366824452651
2004-06-30,-0.001822706421244047
2004-07-01,-0.0007656312737226445
2004-07-02,3.7295124877267938e-06
2004-07-06,-0.01415632967732705
2004-07-07,0.0013863441682000488
2004-07-08,-0.0050191794837464165
2004-07-09,0.007090695166589667
2004-07-12,-0.011013971321277016
2004-07-13,0.0036074512653903046
2004-07-14,-0.02349720164365865
2004-07-15,0.0014919071195211853
2004-07-16,0.009492123576562372
2004-07-19,0.0008467579670807801
2004-07-20,0.002093398552006409
2004-07-21,0.008745465347683945
2004-07-22,0.002540582532101876
2004-07-23,-0.007703676727704667
2004-07-26,0.0026302642218511973
2004-07-27,0.0018201570470843809
2004-07-28,-0.006276239610675249
2004-07-29,0.005218055505825436
2004-07-30,-0.000330974462750655
2004-08-02,-0.006054411421593353
2004-08-03,-0.0026274728898808553
2004-08-04,-0.001115715388507077
2004-08-05,0.0014376630039398819
2004-08-06,-0.03261184157838126
2004-08-09,0.007929369348038895
2004-08-10,0.0066412114978120496
2004-08-11,-0.016530553432705264
2004-08-12,-0.005854849970112763
2004-08-13,0.004758281472592163
2004-08-16,-0.00012175540597203494
2004-08-17,0.007457422585933182
2004-08-18,-0.0028226735958502003
2004-08-19,-0.001606614631937453
2004-08-20,-0.0008402545851265986
2004-08-23,0.005758069024046408
2004-08-24,0.005489866524599041
2004-08-25,0.0019184084589287664
2004-08-26,-0.0076771424460007065
2004-08-27,0.001256950857224881
2004-08-30,-0.002686750889185241
2004-08-31,0.0003298394974262653
2004-09-01,0.001624743037984988
2004-09-02,0.0005770604938968305
2004-09-03,-0.016555179702575695
2004-09-07,0.007159100026443488
2004-09-08,-0.0016226455608633339
2004-09-09,0.01034481008329391
2004-09-10,-0.0004946949006306989
2004-09-13,0.003674837425084787
2004-09-14,-0.003990330614201065
2004-09-15,-0.009661324005859395
2004-09-16,0.0066253863708432
2004-09-17,0.004142182528970473
2004-09-20,-0.0066444733337711614
2004-09-21,0.006101976997150427
2004-09-22,-0.007514189195115373
2004-09-23,0.0018543330860170126
2004-09-24,0.0026557172905250503
2004-09-27,-0.005686964879373924
2004-09-28,-0.0011697533762634604
2004-09-29,-0.0016745627747321024
2004-09-30,-0.0008687957215940401
2004-10-01,0.0057517918619032216
2004-10-04,0.005701690300631945
2004-10-05,-0.008764212922584003
2004-10-06,-0.00041730919219329365
2004-10-07,0.000692352624196424
2004-10-08,-0.006046868309118603
2004-10-11,-0.0030318358279860513
2004-10-12,-0.01420856134661852
2004-10-13,0.01654760906299968
2004-10-14,-0.0029794077787523854
2004-10-15,-0.00031287069974528237
2004-10-18,-0.0044008684342173865
2004-10-19,0.011418533495446859
2004-10-20,-0.002702582207064652
2004-10-21,0.006429193468941996
2004-10-22,0.0020710297470063477
2004-10-25,-0.004753747407918341
2004-10-26,0.013204727109374037
2004-10-27,0.0015816984547381008
2004-10-28,-0.0015282956458394503
2004-10-29,-0.004707197708541555
2004-11-01,0.0027837581689098556
2004-11-02,-0.0004482807969325986
2004-11-03,0.023590650274387226
2004-11-04,0.00643516440678682
2004-11-05,0.0016206383936541169
2004-11-08,0.025568632104133293
2004-11-09,0.012592080779267434
2004-11-10,0.010836499504797814
2004-11-11,0.04410649615631623
2004-11-12,0.0
2004-11-15,0.0
2004-11-16,0.0
2004-11-17,0.015609413909798198
2004-11-18,-0.0008849002382502746
2004-11-19,-0.02981939118179111
2004-11-22,-0.07245303607556752
2004-11-23,0.015359901561389222
2004-11-24,0.012785751385647304
2004-11-26,-0.04195950744681065
2004-11-29,0.02531542623900207
2004-11-30,0.02371868704718194
2004-12-01,0.046377565169342105
2004-12-02,0.0
2004-12-03,0.0
2004-12-06,0.0
2004-12-07,-0.009282883664979202
2004-12-08,-0.010042912329384923
2004-12-09,-0.0075120543361180125
2004-12-10,-0.004808630533174041
2004-12-13,0.01728530444792553
2004-12-14,0.00852535884418737
2004-12-15,-0.0022542057834374907
2004-12-16,-0.021589986411489903
2004-12-17,-0.003616516882653742
2004-12-20,0.015198785480264432
2004-12-21,0.009568722446443356
2004-12-22,0.0017456255019123734
2004-12-23,0.008230379481269257
2004-12-27,0.010767691179538463
2004-12-28,0.002731524286037512
2004-12-29,-0.006507538663868995
2004-12-30,0.0011580291345769655
2004-12-31,0.011665889524374862
2005-01-03,0.033015845719464254
2005-01-04,-0.00816817810641024
2005-01-05,-0.007457744309154801
2005-01-06,0.012487508841365402
2005-01-07,0.017526237630940633
2005-01-10,0.00675608369341707
2005-01-11,0.004226405060413496
2005-01-12,0.008807927781668612
2005-01-13,-0.0008569610554012286
2005-01-14,0.006617182849242731
2005-01-18,0.0024216430666728073
2005-01-19,0.006168549495052522
2005-01-20,-0.03333968109937757
2005-01-21,0.0056418948596126395
2005-01-24,-0.0014702534115994537
2005-01-25,0.010452105463203187
2005-01-26,0.01702791620147681
2005-01-27,-0.0017935895795866408
2005-01-28,0.014574243060461622
2005-01-31,0.028289511552306523
2005-02-01,-0.008826324365387106
2005-02-02,0.008599050768358207
2005-02-03,-0.006354715679331657
2005-02-04,0.0012300974203793835
2005-02-07,0.0038310025629413325
2005-02-08,0.0017632262094655626
2005-02-09,-0.0034069033953234573
2005-02-10,0.0018354241742348787
2005-02-11,0.0125567189876572
2005-02-14,-0.0030248768750620325
2005-02-15,0.017560796628591557
2005-02-16,-0.0037987087487515447
2005-02-17,0.005272112338109869
2005-02-18,0.013348290608908853
2005-02-22,-0.004751628934165253
2005-02-23,0.011568794780149938
2005-02-24,-0.0015159041148680164
2005-02-25,0.006062590389214417
2005-02-28,0.0015440861097619774
2005-03-01,0.0037064964784163656
2005-03-02,-0.005794123140232421
2005-03-03,0.004611212228655681
2005-03-04,0.017390643280007057
2005-03-07,0.001077432693796343
2005-03-08,-0.023104419988935088
2005-03-09,-0.015944701694809438
2005-03-10,0.005677541874467229
2005-03-11,0.008607900096346377
2005-03-14,0.009478875497609174
2005-03-15,0.006017871742774128
2005-03-16,-0.002033682862631836
2005-03-17,0.0073192811593700835
2005-03-18,0.019173343676261334
2005-03-21,0.0049225250761617545
2005-03-22,0.004449056170408916
2005-03-23,-0.007125823023683919
2005-03-24,0.007269624050672885
2005-03-28,0.004693625574824445
2005-03-29,-0.0006805873613410229
2005-03-30,0.005612431463446921
2005-03-31,-0.005636203747439339
2005-04-01,0.011474403977596692
2005-04-04,-0.0015723046132868346
2005-04-05,0.00044994735173942146
2005-04-06,0.0042648623141492426
2005-04-07,0.000222424098105245
2005-04-08,0.000934790597860502
2005-04-11,0.0015170611977808335
2005-04-12,-0.0006078062595401557
2005-04-13,-0.0016605765962585117
2005-04-14,0.000696238862571974
2005-04-15,-0.007539848721643927
2005-04-18,-0.0006390931127535637
2005-04-19,0.005467483082266966
2005-04-20,0.004977440985329595
2005-04-21,0.00914058901453041
2005-04-22,-0.0002603997161714222
2005-04-25,0.005212512346731479
2005-04-26,-0.00046579985739014784
2005-04-27,-0.003669846474816718
2005-04-28,-0.002525207776999605
2005-04-29,-0.0013021033151522365
2005-05-02,0.0024520481008094563
2005-05-03,-0.0016148159678037732
2005-05-04,0.0009128923827037561
2005-05-05,0.0008755851214807819
2005-05-06,0.004618601533641575
2005-05-09,0.0018364416541636341
2005-05-10,-0.0012126887637521344
2005-05-11,0.00216781293262458
2005-05-12,0.00026424311287343016
2005-05-13,0.008887114691315423
2005-05-16,0.0010210629198448284
2005-05-17,-0.0021465350284042284
2005-05-18,0.0005973763962248135
2005-05-19,0.00022164324991935658
2005-05-20,0.0009323356222246115
2005-05-23,0.0016158058836894806
2005-05-24,-0.002432748986600508
2005-05-25,-0.0013597534703471137
2005-05-26,0.0029502852805027846
2005-05-27,7.678788372045275e-05
2005-05-31,0.0007451251984045282
2005-06-01,-0.0015542965616761606
2005-06-02,-0.0008522542823884427
2005-06-03,-0.00025105571032058016
2005-06-06,-0.0038867612751842806
2005-06-07,-0.0004937142936058958
2005-06-08,0.0025954333898989823
2005-06-09,-0.0007979808271341149
2005-06-10,-0.0002777048817067529
2005-06-13,-0.000730533365730146
2005-06-14,0.00018738072438817532
2005-06-15,-0.0012120117764362615
2005-06-16,0.001168878495561021
2005-06-17,0.004808913584501973
2005-06-20,-0.0025415050280932494
2005-06-21,0.0002557456789393786
2005-06-22,0.0028709891950324806
2005-06-23,0.00035530951406270717
2005-06-24,-0.00037802126398922553
2005-06-27,-0.001460137172319187
2005-06-28,0.001992177354749547
2005-06-29,0.0011834812381592563
2005-06-30,0.0016118366646291626
2005-07-01,-0.00011242051215309967
2005-07-05,0.0040353989371568755
2005-07-06,0.007837849394772833
2005-07-07,-0.01364970544011146
2005-07-08,0.004005731749987973
2005-07-11,0.00032510769339100243
2005-07-12,4.365326783251078e-05
2005-07-13,0.0045576171070706994
2005-07-14,0.031841359544994674
2005-07-15,0.0017063176000933211
2005-07-18,-0.005217299398964204
2005-07-19,0.013576822306395009
2005-07-20,-0.01855355126841729
2005-07-21,0.006874881554458145
2005-07-22,-0.0345079583787975
2005-07-25,-0.0023904234750594666
2005-07-26,-0.0024155566042743937
2005-07-27,0.008581096476987904
2005-07-28,0.0026384276771431736
2005-07-29,-0.006086430143396715
2005-08-01,0.003189423558307869
2005-08-02,-0.0005722988793732675
2005-08-03,-0.006416323759061648
2005-08-04,-0.006200387279115316
2005-08-05,-0.0009737431482971237
2005-08-08,0.004194102613195083
2005-08-09,0.008714814593945741
2005-08-10,-0.0006939005587732749
2005-08-11,-0.0005176474088245397
2005-08-12,-0.0031227962121709307
2005-08-15,-0.0012173334000816771
2005-08-16,0.001599141942002058
2005-08-17,-0.0010989835797612368
2005-08-18,-0.024268162105483215
2005-08-19,0.0035621897302839933
2005-08-22,0.005693730965002475
2005-08-23,0.0055296800672941515
2005-08-24,-0.006665332796991774
2005-08-25,0.0015358652286763252
2005-08-26,-0.0017358904786178853
2005-08-29,-0.00967628210299254
2005-08-30,-0.0062755278477807375
2005-08-31,0.00511680148063598
2005-09-01,-0.0018988574917381262
2005-09-02,0.0013370682481232965
2005-09-06,0.0019709404907473083
2005-09-07,-0.0025764653498018264
2005-09-08,0.00022456262286341122
2005-09-09,0.005370290051863735
2005-09-12,0.006751066654608229
2005-09-13,-0.002822591321296697
2005-09-14,-0.006962995636742408
2005-09-15,-0.006807618938838744
2005-09-16,0.003221942839533254
2005-09-19,0.0004992144303179735
2005-09-20,0.006513078321654708
2005-09-21,0.0009731798490530963
2005-09-22,-0.0021111766192519754
2005-09-23,0.0066617584025923104
2005-09-26,0.020107119986713995
2005-09-27,0.0041294846131083585
2005-09-28,0.0034112473657554876
2005-09-29,0.0035274835047183206
2005-09-30,0.02144364167010049
2005-10-03,-0.012817293553832543
2005-10-04,0.0038657391116692086
2005-10-05,0.005104237820696911
2005-10-06,0.009107599160163016
2005-10-07,0.007745484801777058
2005-10-10,0.005201668295224504
2005-10-11,0.003139547132754439
2005-10-12,-0.01002411341850451
2005-10-13,0.003617724096700803
2005-10-14,0.008975618056516588
2005-10-17,0.006050823940866756
2005-10-18,0.0012750937265435525
2005-10-19,-0.008155675553485064
2005-10-20,0.003039185990569626
2005-10-21,0.09985720313470181
2005-10-24,0.0
2005-10-25,0.0
2005-10-26,0.0
2005-10-27,0.000905733125341257
2005-10-28,0.00896448622750734
2005-10-31,0.00717792831448727
2005-11-01,-0.003494538061327823
2005-11-02,0.0014396939266496656
2005-11-03,0.0075604919901202106
2005-11-04,0.0008185562686469083
2005-11-07,0.0037549181056832914
2005-11-08,-0.0013210870840600908
2005-11-09,-0.0004760161292086673
2005-11-10,0.004607667869946708
2005-11-11,0.0004485891791226049
2005-11-14,-0.0017895361024913292
2005-11-15,0.006607299469833627
2005-11-16,-0.0018953351341746139
2005-11-17,0.003828315751694511
2005-11-18,0.009608602638418118
2005-11-21,0.004392506054117007
2005-11-22,0.0022971027228750884
2005-11-23,0.00195873829473614
2005-11-25,0.00446043215360592
2005-11-28,0.002524698429857697
2005-11-29,-0.007009364301323706
2005-11-30,-0.001717881337877758
2005-12-01,0.007308269347196417
2005-12-02,0.00753494228545426
2005-12-05,-0.00910383659041536
2005-12-06,0.020984840769930235
2005-12-07,0.002683114575383172
2005-12-08,-0.006294630312267624
2005-12-09,0.003911774740115392
2005-12-12,0.008084353240263908
2005-12-13,-0.0011617945514206252
2005-12-14,-0.021753891560491012
2005-12-15,0.0063849471087444876
2005-12-16,0.003643777739549492
2005-12-19,-0.001579632709008072
2005-12-20,0.0009157291056178796
2005-12-21,0.005878957290056608
2005-12-22,0.0017053269959650397
2005-12-23,0.0015579592516676843
2005-12-27,0.007303696933333548
2005-12-28,0.002755865693629511
2005-12-29,0.0002654986302250695
2005-12-30,-0.007099265835997959
2006-01-03,0.010361958463286802
2006-01-04,0.004448814429593995
2006-01-05,0.00035537757944159587
2006-01-06,0.009999753491843455
2006-01-09,0.004752783957169271
2006-01-10,0.0033909494714621236
2006-01-11,0.02643760912126547
2006-01-12,0.008803070486442133
2006-01-13,-0.0021917851291315404
2006-01-17,-0.01209647015035864
2006-01-18,-0.01856087748644919
2006-01-19,0.028748191876525553
2006-01-20,-0.003143447475285499
2006-01-23,0.003149155167929907
2006-01-24,0.011846722461355208
2006-01-25,0.01834716715025686
2006-01-26,0.010023468776255928
2006-01-27,0.01636861964463665
2006-01-30,-0.012949944437521954
2006-01-31,0.0013380788621253359
2006-02-01,-0.012557559207824198
2006-02-02,-0.004367892810498986
2006-02-03,0.00171900534451086
2006-02-06,0.008558908287824796
2006-02-07,0.008456362803824558
2006-02-08,0.012839578654230133
2006-02-09,0.005876350187525858
2006-02-10,0.0026604227839581718
2006-02-13,-0.009564813034772968
2006-02-14,0.008036292013338553
2006-02-15,-0.007085132668531835
2006-02-16,0.010591131008458765
2006-02-17,-0.020154962144595556
2006-02-21,0.0051483249762791505
2006-02-22,-0.0014339688766080716
2006-02-23,0.0016218936172451848
2006-02-24,0.005962133647720247
2006-02-27,0.0065228607834040275
2006-02-28,0.006676702714316418
2006-03-01,0.006352523250914732
2006-03-02,0.0030749363413187236
2006-03-03,0.0012132954718862
2006-03-06,0.0026059446262591823
2006-03-07,0.0019997204854131923
2006-03-08,-0.004203300968899093
2006-03-09,-0.00015035089813575375
2006-03-10,-0.0009648618465937231
2006-03-13,0.009559744039754126
2006-03-14,-0.001918703890245399
2006-03-15,0.005790154517030244
2006-03-16,0.010411266378509865
2006-03-17,0.004057146277903323
2006-03-20,0.005760873472812511
2006-03-21,-0.023874506675121032
2006-03-22,-0.0021844934239223512
2006-03-23,0.008693139570107089
2006-03-24,0.002696790395954274
2006-03-27,0.0024455421146911682
2006-03-28,0.0002241575283838948
2006-03-29,0.006516568188013272
2006-03-30,0.004213274600472827
2006-03-31,0.005313885261567064
2006-04-03,-0.0006610328136609223
2006-04-04,0.003004570237718829
2006-04-05,5.781339995625245e-06
2006-04-06,-0.0012756964551250416
2006-04-07,0.006174029986470986
2006-04-10,-0.001105563715571356
2006-04-11,0.00562172888687229
2006-04-12,0.004671493348440636
2006-04-13,-0.01619862430633834
2006-04-17,0.0038264224896740195
2006-04-18,-0.00037843776924495476
2006-04-19,0.0030311278757677584
2006-04-20,-0.0017170242447619444
2006-04-21,0.006342979954498951
2006-04-24,0.0045522168958147535
2006-04-25,-0.0016341230647300975
2006-04-26,0.001033624057061422
2006-04-27,-0.0054877589774421365
2006-04-28,0.011133844229298084
2006-05-01,0.007227551711698199
2006-05-02,0.004022719495116789
2006-05-03,-0.0021739369799135266
2006-05-04,-0.0009176903883284515
2006-05-05,0.00939156949472797
2006-05-08,-0.0036646992077491447
2006-05-09,-0.003637961466745776
2006-05-10,-0.005021961765316885
2006-05-11,0.0038253482434760233
2006-05-12,-0.003816020401228637
2006-05-15,-0.00252744855081688
2006-05-16,0.0012714043611590231
2006-05-17,-0.00024631469711478005
2006-05-18,0.00403230829767498
2006-05-19,0.03271038293312012
2006-05-22,0.0
2006-05-23,0.0
2006-05-24,0.0
2006-05-25,0.00874063099908784
2006-05-26,0.0037095604220129808
2006-05-30,-0.002804646157026802
2006-05-31,0.007923860223940649
2006-06-01,0.0016885116107225873
2006-06-02,0.00627963481434346
2006-06-05,-0.0005476262306776114
2006-06-06,0.001837147729410793
2006-06-07,0.0027446375813366952
2006-06-08,-0.007774984492125769
2006-06-09,0.009140428306681825
2006-06-12,0.0003567429049853299
2006-06-13,-0.003399001001281876
2006-06-14,0.009709930353508867
2006-06-15,0.008804832056131806
2006-06-16,-0.0012737764317340972
2006-06-19,0.00555130939389592
2006-06-20,-0.0027506322313679554
2006-06-21,0.0001682119212380595
2006-06-22,0.0011199124727205856
2006-06-23,0.001989996766654123
2006-06-26,0.0014761152469822125
2006-06-27,-0.0138192178532891
2006-06-28,0.0005263415414915595
2006-06-29,-0.0013853339126606024
2006-06-30,0.00206860517240548
2006-07-03,0.003478907673261533
2006-07-05,-0.010453631968254107
2006-07-06,0.0008495021449286266
2006-07-07,-0.007773352142307455
2006-07-10,0.0025732441922945437
2006-07-11,-0.0024938872443269755
2006-07-12,-0.0012606458894197647
2006-07-13,-0.004817644249574871
2006-07-14,0.002705746891359384
2006-07-17,-0.0016833864402965304
2006-07-18,0.0005231199587885094
2006-07-19,0.0008518279353677549
2006-07-20,0.007073112809277138
2006-07-21,-0.024541720490317
2006-07-24,-0.0013593336817075974
2006-07-25,0.0038561286574054776
2006-07-26,-0.0003078271548333511
2006-07-27,0.005587099921206873
2006-07-28,0.004053482950742593
2006-07-31,-0.00012743010714744152
2006-08-01,-0.0001053663159185092
2006-08-02,0.00506844054403266
2006-08-03,-0.004786133025609374
2006-08-04,0.011510437015260111
2006-08-07,-0.0052310786331776216
2006-08-08,0.0012814506932947722
2006-08-09,0.011112633178928855
2006-08-10,-0.0027659012458732812
2006-08-11,-0.009634344766157099
2006-08-14,0.004589938993923015
2006-08-15,0.012770581261528413
2006-08-16,0.0072654953065687256
2006-08-17,0.0004703604705347253
2006-08-18,-0.015615263014943759
2006-08-21,-0.006995625783479786
2006-08-22,0.00445112077003218
2006-08-23,0.004882116910387202
2006-08-24,0.005252603776021658
2006-08-25,-0.0019008100170061493
2006-08-28,0.002962869371903487
2006-08-29,0.0021581165609365627
2006-08-30,0.0022101334215607338
2006-08-31,0.0013605608002664749
2006-09-01,0.0013404554562526094
2006-09-05,0.003045022522710328
2006-09-06,-0.008416232052587236
2006-09-07,-0.0044933739634989145
2006-09-08,0.0005438591188395847
2006-09-11,-0.0037296433820283026
2006-09-12,0.0016858191551107904
2006-09-13,0.005276649512004905
2006-09-14,-0.002221148023374364
2006-09-15,0.008138574537819743
2006-09-18,0.0013171482719598337
2006-09-19,-0.00021215460388168683
2006-09-20,0.010424264152631979
2006-09-21,0.0068617268840438506
2006-09-22,-0.003603516191195033
2006-09-25,0.008633952508682041
2006-09-26,0.0008967350559150322
2006-09-27,-0.00294490535829528
2006-09-28,-0.0022381546644203443
2006-09-29,0.0035539068636103455
2006-10-02,-0.00039776383429313
2006-10-03,-0.005121481629683178
2006-10-04,-0.0010962132287267723
2006-10-05,-0.008256117005633112
2006-10-06,-0.013742294281933964
2006-10-09,-0.004942426739823924
2006-10-10,0.0007832700630199252
2006-10-11,-0.0025412611912212224
2006-10-12,0.006655309900059692
2006-10-13,0.0027484172023060083
2006-10-16,0.002156593494333281
2006-10-17,-0.005744708214943217
2006-10-18,0.0073027539861567625
2006-10-19,0.0423393172508828
2006-10-20,0.0
2006-10-23,0.0
2006-10-24,0.0
2006-10-25,0.00289383168453039
2006-10-26,0.006605335690052172
2006-10-27,-0.004636104399823537
2006-10-30,-0.003503589530135076
2006-10-31,0.008706279697577868
2006-11-01,-0.0010211467025932341
2006-11-02,-0.0041963173951636845
2006-11-03,0.006002295755888731
2006-11-06,0.0070342503444738025
2006-11-07,0.007836056534337166
2006-11-08,-0.009481049472662262
2006-11-09,0.009512653998989817
2006-11-10,-0.0015616254889833092
2006-11-13,-0.0001596708499405075
2006-11-14,0.004812293995481776
2006-11-15,-0.0015702660174867766
2006-11-16,0.008849251806476222
2006-11-17,-0.008011660688880706
2006-11-20,-0.0030904926896467844
2006-11-21,0.007200904091970495
2006-11-22,0.0046470590251892485
2006-11-24,-0.013124943807169664
2006-11-27,0.002228275158555837
2006-11-28,0.0027951986219749703
2006-11-29,0.011853991142896092
2006-11-30,0.0002158532034750582
2006-12-01,-0.0030907797307481166
2006-12-04,0.011490847641532964
2006-12-05,0.0048458810565534804
2006-12-06,-0.002577015411253658
2006-12-07,0.004102714524958584
2006-12-08,0.0001206102753115168
2006-12-11,0.0033097952837202183
2006-12-12,-0.0022391075416205997
2006-12-13,0.01929439905117203
2006-12-14,0.0007723709859885908
2006-12-15,0.006584800316114192
2006-12-18,-0.0010975808439858126
2006-12-19,-0.009513262074960283
2006-12-20,0.0012273317509405857
2006-12-21,0.0017803252282253546
2006-12-22,0.004826388470265508
2006-12-26,0.001878995650511639
2006-12-27,-0.0250184220291495
2006-12-28,-0.010760556537572241
2006-12-29,0.024208681069695093
2007-01-03,0.013317262343953473
2007-01-04,0.0010119252040490245
2007-01-05,-0.002390600662245501
2007-01-08,0.008357891555015096
2007-01-09,0.00868993574058674
2007-01-10,0.013343514110214505
2007-01-11,-0.006211902892827581
2007-01-12,-0.010203114822897152
2007-01-16,0.0033864966865857493
2007-01-17,0.0009131756223024201
2007-01-18,-0.018101705444535154
2007-01-19,-0.003307043325408765
2007-01-22,0.005534484830592934
2007-01-23,-0.010469759293529002
2007-01-24,0.010520076606999051
2007-01-25,0.0037943054422862055
2007-01-26,0.005678797676776259
2007-01-29,0.006214743864098038
2007-01-30,0.005637002393412249
2007-01-31,-0.006438303613067964
2007-02-01,0.0045053806461592405
2007-02-02,0.0070283762843306175
2007-02-05,0.005318282568451238
2007-02-06,0.005009392491010178
2007-02-07,0.02028357954277138
2007-02-08,-0.0033717836974459514
2007-02-09,-0.00018736710518862942
2007-02-12,-0.0042321920600452145
2007-02-13,0.006318336124581547
2007-02-14,0.002149124500822941
2007-02-15,0.0041227271475203775
2007-02-16,-0.00030800176690348735
2007-02-20,-0.001549568756169628
2007-02-21,-0.008348000755250329
2007-02-22,0.003890373494606747
2007-02-23,-0.0013099002486051115
2007-02-26,0.00817784053411108
2007-02-27,-0.029092767745458437
2007-02-28,0.001886196696280873
2007-03-01,-0.031613563811901946
2007-03-02,-0.003479351525526808
2007-03-05,-0.014417833963826787
2007-03-06,0.00898882600980544
2007-03-07,-0.0026467258109628133
2007-03-08,0.007799816373070589
2007-03-09,0.005428267902527262
2007-03-12,-0.0033210712262157216
2007-03-13,-0.007465967231698012
2007-03-14,0.0008460900884379452
2007-03-15,-0.000730339307030925
2007-03-16,0.0007646867749113717
2007-03-19,0.0018456540567273194
2007-03-20,-0.0007167545583386392
2007-03-21,0.006501298800071664
2007-03-22,0.001152794198845175
2007-03-23,-0.0012604939929107273
2007-03-26,0.00019290376716019075
2007-03-27,-0.0013191753818923013
2007-03-28,-0.0030012503409505564
2007-03-29,0.004588418642868852
2007-03-30,0.0027526910850732556
2007-04-02,0.0002233055428502162
2007-04-03,0.0007074465949985509
2007-04-04,-0.0004023409762216046
2007-04-05,0.0014512768260774855
2007-04-09,0.005370001486975973
2007-04-10,-0.0003200792995343704
2007-04-11,0.0008130045696168597
2007-04-12,-0.001192183478840536
2007-04-13,0.0011783108693734778
2007-04-16,0.0013276023094159761
2007-04-17,0.0030007832790752698
2007-04-18,-0.00025469599638172635
2007-04-19,-0.0032678889502841812
2007-04-20,0.0075643346530058775
2007-04-23,-0.0024093856076649045
2007-04-24,0.0004328145538730066
2007-04-25,0.000133724486011344
2007-04-26,0.0021677567715425727
2007-04-27,-0.004901664944130024
2007-04-30,0.001766934417087418
2007-05-01,0.0029032083908542283
2007-05-02,0.0008342216699321892
2007-05-03,0.0029785953660044218
2007-05-04,0.0044851746670224735
2007-05-07,0.0014446691475626938
2007-05-08,-0.005196557071809105
2007-05-09,-0.00020310557488290026
2007-05-10,-0.003931179378822591
2007-05-11,0.0028861662749777306
2007-05-14,0.008108554544536739
2007-05-15,0.0016218732513864076
2007-05-16,0.0064768566393316185
2007-05-17,-0.001751505205729087
2007-05-18,0.0069105668227147365
2007-05-21,0.0015558093785705829
2007-05-22,0.00320545689068652
2007-05-23,-0.0013660705383130578
2007-05-24,-0.00033540313274793565
2007-05-25,0.009001224204903124
2007-05-29,0.005443194785699879
2007-05-30,-0.00228278137791027
2007-05-31,0.008989057766148223
2007-06-01,0.0012202014994666666
2007-06-04,0.0005753648395823152
2007-06-05,4.408733901106743e-05
2007-06-06,-0.0045112558028276295
2007-06-07,0.005527111288566644
2007-06-08,0.011573827054147223
2007-06-11,0.008267068412928236
2007-06-12,-0.008569380563208662
2007-06-13,0.0063939244371988835
2007-06-14,-0.0010270293081121595
2007-06-15,0.01447650906235376
2007-06-18,0.017774396615681587
2007-06-19,-0.00481503910022929
2007-06-20,0.002879956094519409
2007-06-21,0.00011388083803409721
2007-06-22,0.00027063233391100283
2007-06-25,0.00787991746570138
2007-06-26,0.010854419751771038
2007-06-27,0.0038458694420160366
2007-06-28,0.003254207258803543
2007-06-29,0.011025086660192418
2007-07-02,-0.003860728814821135
2007-07-03,0.006219300523593985
2007-07-05,0.007985633330256814
2007-07-06,0.0022735869935890385
2007-07-09,0.0016819967117858159
2007-07-10,-0.009196536545155398
2007-07-11,-0.000710797419183562
2007-07-12,0.010141891556233462
2007-07-13,0.005557033026328151
2007-07-16,0.0023087229923071106
2007-07-17,0.0036812230811462676
2007-07-18,-0.007263009742209947
2007-07-19,0.015946839735835994
2007-07-20,0.010030470548598958
2007-07-23,0.004534016975680677
2007-07-24,-0.0321380131011314
2007-07-25,0.06187521950524033
2007-07-26,0.0
2007-07-27,0.0
2007-07-30,0.0
2007-07-31,0.016366679928736527
2007-08-01,0.00653191221268723
2007-08-02,0.011917258228529182
2007-08-03,-0.008755499761638585
2007-08-06,0.007641731627492376
2007-08-07,-0.0036352345843023715
2007-08-08,0.012714141059831707
2007-08-09,-0.02065907168904646
2007-08-10,-0.03261186870525923
2007-08-13,0.025577820565174436
2007-08-14,0.0032169960437977707
2007-08-15,-0.0095782185421881
2007-08-16,-0.019347157134637638
2007-08-17,0.041569036004128535
2007-08-20,0.0
2007-08-21,0.0
2007-08-22,0.0
2007-08-23,0.0057848998782861205
2007-08-24,-0.0050053538700438605
2007-08-27,-0.005513768095062543
2007-08-28,-0.008340948398390502
2007-08-29,0.021925063271527323
2007-08-30,-0.010683694875424199
2007-08-31,0.023135115745487544
2007-09-04,0.008444728818462144
2007-09-05,0.0018653415127263262
2007-09-06,-0.0018061890055443008
2007-09-07,-0.02356628381178305
2007-09-10,0.03136146862261424
2007-09-11,0.009783162305516235
2007-09-12,0.0037852311676858097
2007-09-13,0.014081775899980498
2007-09-14,-0.0064574589634774915
2007-09-17,-0.000710285774756958
2007-09-18,0.005570355155210649
2007-09-19,0.013026058227380455
2007-09-20,-0.003065157734349566
2007-09-21,0.006877176990785827
2007-09-24,0.01282307740174371
2007-09-25,-0.008612739387148016
2007-09-26,0.007489891437662655
2007-09-27,0.007195047069012306
2007-09-28,-0.0049709093450091
2007-10-01,0.007573173070083872
2007-10-02,0.0015577412152036896
2007-10-03,-0.005698275527063701
2007-10-04,0.0001760736935045859
2007-10-05,0.013716595109428464
2007-10-08,0.01095367063199526
2007-10-09,0.010536124041573336
2007-10-10,-0.0003024894647957188
2007-10-11,0.011648581992568019
2007-10-12,0.004976781309256273
2007-10-15,0.0028010412073282698
2007-10-16,-0.010749617311229143
2007-10-17,0.022725580353119224
2007-10-18,-0.00690829459970288
2007-10-19,0.006034913718536039
2007-10-22,-0.002440794329891083
2007-10-23,0.06752176823430545
2007-10-24,0.0
2007-10-25,0.0
2007-10-26,0.0
2007-10-29,0.0006769730960571874
2007-10-30,0.003427913330021237
2007-10-31,0.002299824142080853
2007-11-01,-0.010447789699602583
2007-11-02,0.004075065742811246
2007-11-05,-0.0034076137824413655
2007-11-06,0.0012813361777950227
2007-11-07,-0.0034126416704348683
2007-11-08,-0.0015217687448983996
2007-11-09,-0.0004829749842829578
2007-11-12,-0.000681770283464056
2007-11-13,0.004423257833129135
2007-11-14,0.004077178245297297
2007-11-15,-0.0019337281793689876
2007-11-16,0.0022071168926272033
2007-11-19,-0.0035804818686948625
2007-11-20,0.0032616026510696727
2007-11-21,-0.0036228366116112243
2007-11-23,0.0023064754604313897
2007-11-26,7.633809863771823e-05
2007-11-27,0.002532827022136752
2007-11-28,0.0015716475553653186
2007-11-29,-0.001154917671088329
2007-11-30,0.0058198867657837106
2007-12-03,0.002287253205899731
2007-12-04,-0.0003523043179760599
2007-12-05,0.007139373595484777
2007-12-06,-0.0001349281984728279
2007-12-07,0.0002163448958691916
2007-12-10,-9.804351168152259e-05
2007-12-11,0.003011118572082916
2007-12-12,0.007686921397803248
2007-12-13,-0.0019339703802174757
2007-12-14,-0.0011059246967546343
2007-12-17,-0.0017346950771653935
2007-12-18,0.003484409925497589
2007-12-19,-0.0002724946706882392
2007-12-20,0.003451975139866059
2007-12-21,0.0016164855893627816
2007-12-24,0.00019512823705380988
2007-12-26,0.0004877111162071568
2007-12-27,-0.0008859522234329065
2007-12-28,0.001815631993501654
2007-12-31,-0.0016712077778828771
2008-01-02,1.6110693767057427e-05
2008-01-03,0.001486263324942838
2008-01-04,-0.005146361201325056
2008-01-07,0.0026744369412805558
2008-01-08,0.0021202654746892424
2008-01-09,0.001063459770214381
2008-01-10,-0.0035939213423572536
2008-01-11,-0.002088408070866632
2008-01-14,0.006481779032217361
2008-01-15,-0.005739359262965649
2008-01-16,-0.011463406163098266
2008-01-17,0.003830956082619741
2008-01-18,0.006648164523542777
2008-01-22,-0.020476914842033178
2008-01-23,-0.008063905499795188
2008-01-24,0.006887511722057038
2008-01-25,0.008336862639796161
2008-01-28,-0.005967157510434196
2008-01-29,0.00384502060865044
2008-01-30,-0.002525075396119014
2008-01-31,-0.006610599934082972
2008-02-01,0.004153018150717669
2008-02-04,0.002836837236703582
2008-02-05,-0.00657916287265492
2008-02-06,0.003395803425137345
2008-02-07,-0.006652774610805379
2008-02-08,-0.0011116508802943015
2008-02-11,0.002474758573311142
2008-02-12,0.0041385526373523
2008-02-13,0.003952527692454577
2008-02-14,-0.0035447453746295654
2008-02-15,-0.000418252623922033
2008-02-19,0.007364469598250878
2008-02-20,-0.003819737782514099
2008-02-21,0.0033161770138130375
2008-02-22,0.001158624503164507
2008-02-25,-3.830968714135796e-05
2008-02-26,-0.0016161585337607365
2008-02-27,-0.0017456219592992817
2008-02-28,-0.002430369005196331
2008-02-29,-0.0032607229123801096
2008-03-03,0.0003482943223556134
2008-03-04,-0.0030124223790679583
2008-03-05,0.0024666546884204443
2008-03-06,-0.0004292810543422565
2008-03-07,-0.005390185689950533
2008-03-10,-0.000583581056731397
2008-03-11,0.005496309221082685
2008-03-12,0.0009496535454598387
2008-03-13,-0.0033367050371533313
2008-03-14,0.001981703251846989
2008-03-17,-0.008054275574271075
2008-03-18,0.004547965153009814
2008-03-19,-0.0023387005369880365
2008-03-20,0.0009808421055670369
2008-03-24,0.003022325111106783
2008-03-25,0.0016281089245204772
2008-03-26,-0.001688582797877869
2008-03-27,-0.0003356024398596391
2008-03-28,0.003450392349857667
2008-03-31,0.0007962647875079387
2008-04-01,0.005415243361794442
2008-04-02,0.0008725727445000331
2008-04-03,0.0009756007520802523
2008-04-04,-0.001877977208945003
2008-04-07,0.0038655767693267507
2008-04-08,-0.005624217516581043
2008-04-09,0.0016319165072293806
2008-04-10,0.0018778478274175114
2008-04-11,-0.00494240965675774
2008-04-14,-0.00023407414498177737
2008-04-15,0.0014698849242471557
2008-04-16,0.006816436963638761
2008-04-17,-0.0051706961939435025
2008-04-18,0.006425038096685931
2008-04-21,-0.0006157111353879419
2008-04-22,-0.0024702997049881326
2008-04-23,0.003522110072137652
2008-04-24,0.0003347211310018583
2008-04-25,0.0019097171020832082
2008-04-28,-0.0005472521279866749
2008-04-29,-0.0011561437321346846
2008-04-30,0.0016772406291600817
2008-05-01,0.0011471893769645636
2008-05-02,0.0033931969123202066
2008-05-05,0.0041468384460661145
2008-05-06,-0.000302312414100947
2008-05-07,-0.001860149986766646
2008-05-08,0.006445267742418048
2008-05-09,-0.004850436934332403
2008-05-12,0.006268425281920731
2008-05-13,0.0024750024885689115
2008-05-14,0.003989231281004368
2008-05-15,0.0016026621930542717
2008-05-16,0.002389257917507104
2008-05-19,0.0013856566468501974
2008-05-20,-0.008284860898383428
2008-05-21,-0.0015453109336314164
2008-05-22,0.005309330863873862
2008-05-23,0.011666770002976001
2008-05-27,0.006918156661179342
2008-05-28,0.005441246871425998
2008-05-29,-0.00036418345113409245
2008-05-30,0.003781790523762929
2008-06-02,-0.0009111538229040761
2008-06-03,0.003937545525724007
2008-06-04,-0.006064082029512474
2008-06-05,0.006299981037959146
2008-06-06,-0.009286362732728537
2008-06-09,-0.0019294452819703656
2008-06-10,-0.010452496624145602
2008-06-11,-0.007008392025949273
2008-06-12,0.007046848818744511
2008-06-13,-0.001522778772618083
2008-06-16,-0.008238344367255124
2008-06-17,0.005797726575461404
2008-06-18,-0.002794310198561467
2008-06-19,-0.002486667259245734
2008-06-20,-0.011114208965826156
2008-06-23,0.0007487508870527293
2008-06-24,-0.005004111004270673
2008-06-25,0.008098964726136693
2008-06-26,-0.020998167362337283
2008-06-27,-0.007988817877373267
2008-06-30,-0.0013942816665061253
2008-07-01,-0.018092526457327174
2008-07-02,0.0
2008-07-03,0.0
2008-07-07,0.0
2008-07-08,0.0
2008-07-09,0.0
2008-07-10,0.0
2008-07-11,0.0
2008-07-14,0.0
2008-07-15,0.0
2008-07-16,0.0
2008-07-17,0.0
2008-07-18,0.0
2008-07-21,0.0
2008-07-22,0.0
2008-07-23,0.0
2008-07-24,0.0
2008-07-25,0.0
2008-07-28,0.0
2008-07-29,0.0
2008-07-30,0.0
2008-07-31,0.0
2008-08-01,0.0
2008-08-04,-5.411684405587369e-05
2008-08-05,0.004174234045752456
2008-08-06,0.0007730606295170972
2008-08-07,-0.0011346190957222113
2008-08-08,0.0009690088382237061
2008-08-11,0.0009527048839639285
2008-08-12,0.0017040964528660663
2008-08-13,0.004016637992034999
2008-08-14,-0.0013339438293821226
2008-08-15,0.002295027562311258
2008-08-18,0.0010669652321952938
2008-08-19,-0.0033593373929036163
2008-08-20,0.0025695972138297662
2008-08-21,-0.002008494373842651
2008-08-22,0.0020942058370247985
2008-08-25,0.0006012881422134964
2008-08-26,-0.0013528527282803404
2008-08-27,-0.0013861976678173349
2008-08-28,0.001693792973713082
2008-08-29,-0.004051702634654819
2008-09-02,0.003329470634432452
2008-09-03,-0.0018319726182760565
2008-09-04,-0.0027184205331398648
2008-09-05,-0.002894333790862569
2008-09-08,0.00447752517974509
2008-09-09,-0.00031336659484682006
2008-09-10,0.0019361964243180818
2008-09-11,-0.006735660506183239
2008-09-12,-0.0019160538377673841
2008-09-15,-0.007386270708861664
2008-09-16,-0.006481287130511881
2008-09-17,-0.003922175712028242
2008-09-18,0.0035452852572743776
2008-09-19,0.010714785947770977
2008-09-22,0.0
2008-09-23,0.0
2008-09-24,0.0
2008-09-25,0.0012223689917809644
2008-09-26,-0.007420034509076356
2008-09-29,-0.005266469834211973
2008-09-30,0.005189001935793636
2008-10-01,0.0
2008-10-02,0.0
2008-10-03,0.0
2008-10-06,-0.00655272560670539
2008-10-07,0.01126986891939663
2008-10-08,0.0
2008-10-09,0.0
2008-10-10,0.0
2008-10-13,0.012524925251863772
2008-10-14,0.0
2008-10-15,0.0
2008-10-16,0.0
2008-10-17,-0.0010438812775429573
2008-10-20,0.0034545602456317326
2008-10-21,-0.003825567700421084
2008-10-22,-0.0017657755198220437
2008-10-23,-0.00044213456572161913
2008-10-24,-0.013700983073806183
2008-10-27,-0.0015211858671912992
2008-10-28,0.006443101866756784
2008-10-29,0.0
2008-10-30,0.0
2008-10-31,0.0
2008-11-03,0.001537699002073012
2008-11-04,0.006432548717702824
2008-11-05,0.0
2008-11-06,0.0
2008-11-07,0.0
2008-11-10,0.004242806574514146
2008-11-11,0.0
2008-11-12,0.0
2008-11-13,0.0
2008-11-14,-0.003030391117872955
2008-11-17,-0.00025755896512913434
2008-11-18,0.0019932332824792454
2008-11-19,-0.0007744191681876567
2008-11-20,-0.0009241256231203865
2008-11-21,0.0027789845174563954
2008-11-24,0.0
2008-11-25,0.0
2008-11-26,0.0
2008-11-28,-0.0008709149241393765
2008-12-01,-0.002790516028197354
2008-12-02,0.0017586585080435757
2008-12-03,-0.0009845505419897593
2008-12-04,-0.002314235910654494
2008-12-05,-0.0010073469706610716
2008-12-08,0.0022716254847616746
2008-12-09,-0.0009945788491515506
2008-12-10,0.0016153192873258337
2008-12-11,-0.0007292744353331049
2008-12-12,-0.002497272304385123
2008-12-15,0.0004919872100126454
2008-12-16,0.0012103666036178407
2008-12-17,-0.002305532072661931
2008-12-18,0.0005102084326631395
2008-12-19,0.002205739205989099
2008-12-22,-0.0013296211412755499
2008-12-23,0.0007303307445836182
2008-12-24,-0.0018247143544043443
2008-12-26,0.001445709389621186
2008-12-29,0.0004542062685595205
2008-12-30,0.001060395907476197
2008-12-31,-0.0007775550174382584
2009-01-02,-1.6847237139572258e-05
2009-01-05,-0.0004155483193082343
2009-01-06,0.0017752873972187722
2009-01-07,-0.0022730664594426964
2009-01-08,-0.0011970356726738185
2009-01-09,-0.0003073312356902669
2009-01-12,-0.0002962858704493865
2009-01-13,-0.002025841480522539
2009-01-14,-0.003468911079647752
2009-01-15,0.00041055349470786595
2009-01-16,0.00256148162757297
2009-01-20,-0.0014360864259828077
2009-01-21,0.0021138350553679963
2009-01-22,-0.003024219318310095
2009-01-23,-0.002659647191234793
2009-01-26,0.00020900572888749025
2009-01-27,0.0015854661861955943
2009-01-28,0.0035242571268183642
2009-01-29,0.0
2009-01-30,0.0
2009-02-02,0.0
2009-02-03,0.00021971208661764052
2009-02-04,0.00045882874133229556
2009-02-05,-0.0007464495689533113
2009-02-06,0.0007053238673853102
2009-02-09,0.00012256432475155066
2009-02-10,-0.0007342731072372821
2009-02-11,-0.0026931865620606343
2009-02-12,-0.0014569383408897796
2009-02-13,-0.00016101309483251836
2009-02-17,-0.004958383395841315
2009-02-18,0.0009820312365211858
2009-02-19,0.0021892230105322597
2009-02-20,-0.0019384885013670194
2009-02-23,0.001374948661184705
2009-02-24,0.00258640613550587
2009-02-25,-0.00034218574421385206
2009-02-26,0.0023338572161111237
2009-02-27,-0.002259116519152893
2009-03-02,-0.002845303291933887
2009-03-03,0.0
2009-03-04,0.0
2009-03-05,0.0
2009-03-06,0.0
2009-03-09,0.0
2009-03-10,0.0
2009-03-11,0.0
2009-03-12,0.0
2009-03-13,0.0
2009-03-16,0.0
2009-03-17,0.0
2009-03-18,0.0
2009-03-19,0.0
2009-03-20,0.0
2009-03-23,0.0
2009-03-24,0.0
2009-03-25,0.0
2009-03-26,0.0
2009-03-27,0.0
2009-03-30,0.0
2009-03-31,0.0
2009-04-01,0.0
2009-04-02,0.0
2009-04-03,0.0
2009-04-06,0.0
2009-04-07,0.0
2009-04-08,0.0
2009-04-09,0.0
2009-04-13,0.0
2009-04-14,0.0
2009-04-15,0.0
2009-04-16,0.0
2009-04-17,0.0
2009-04-20,0.0
2009-04-21,0.0
2009-04-22,0.0
2009-04-23,0.0
2009-04-24,0.0
2009-04-27,0.0
2009-04-28,0.0
2009-04-29,0.0
2009-04-30,0.0
2009-05-01,0.0
2009-05-04,0.014066289979913327
2009-05-05,0.00114513189756682
2009-05-06,0.008953288736786469
2009-05-07,0.00418358348261294
2009-05-08,0.006574683492547084
2009-05-11,-0.01866691933348652
2009-05-12,0.005327754083053193
2009-05-13,-0.015150716740522374
2009-05-14,0.00014075733067842044
2009-05-15,-0.00379429363554018
2009-05-18,0.015533169815183268
2009-05-19,-0.0019139953735255455
2009-05-20,0.008003330346994186
2009-05-21,-0.010521453631477495
2009-05-22,0.002196517840052481
2009-05-26,0.0037365647422376025
2009-05-27,0.0035119809550363534
2009-05-28,0.008546742812297836
2009-05-29,0.003351520768630989
2009-06-01,0.010483301163635605
2009-06-02,-0.004861275511848229
2009-06-03,-0.010119002136315336
2009-06-04,0.006856982285594393
2009-06-05,0.011717659062548291
2009-06-08,-0.010533428729989858
2009-06-09,0.004913600821951691
2009-06-10,0.004000969492029327
2009-06-11,-0.004204443991776219
2009-06-12,-0.004694498745981712
2009-06-15,-0.010346658218377436
2009-06-16,0.0060430942409412935
2009-06-17,0.0001958209730259508
2009-06-18,0.001624099641864829
2009-06-19,0.010290955771782073
2009-06-22,-0.005819299030662806
2009-06-23,-0.001370260355234687
2009-06-24,0.008603908065102805
2009-06-25,-0.00488275839406449
2009-06-26,-0.005343058460364647
2009-06-29,0.0022495723655753253
2009-06-30,0.0017737821108214646
2009-07-01,0.0073588695337436505
2009-07-02,-0.01099872001695179
2009-07-06,-0.009499491814871086
2009-07-07,0.0013009033590809516
2009-07-08,0.007219632431027412
2009-07-09,0.009162201926484759
2009-07-10,-0.0028591093743750573
2009-07-13,0.006863843600823261
2009-07-14,-0.0013853819690178293
2009-07-15,0.023025938359135578
2009-07-16,-0.005963806869163313
2009-07-17,-0.0013975925626649177
2009-07-20,0.008462353830763769
2009-07-21,0.003494959263680597
2009-07-22,0.020686189893576623
2009-07-23,0.001861284384422346
2009-07-24,-0.01737537591667937
2009-07-27,0.0006170287988003231
2009-07-28,-0.007202620460200704
2009-07-29,-0.006150810755508385
2009-07-30,0.012855840863612578
2009-07-31,0.00012168472716833634
2009-08-03,0.011544300962108123
2009-08-04,-0.0076667457693674335
2009-08-05,0.00047610031182032664
2009-08-06,0.002901376829216318
2009-08-07,0.01512252662745217
2009-08-10,0.001876838275656434
2009-08-11,-0.005467071250580768
2009-08-12,-0.00039715275709006903
2009-08-13,0.007446540345133812
2009-08-14,-0.004690289787239621
2009-08-17,-0.02606858768303355
2009-08-18,0.010831429043352214
2009-08-19,-0.012900033390225385
2009-08-20,0.000834017996119929
2009-08-21,0.009664305130252071
2009-08-24,0.005960515381944864
2009-08-25,0.0030845212984256243
2009-08-26,-0.0007961498996137406
2009-08-27,0.0031785389273857323
2009-08-28,0.021126850654844764
2009-08-31,-0.01128003768143937
2009-09-01,-0.002281837801705211
2009-09-02,-0.004286357749145542
2009-09-03,0.007950703123360325
2009-09-04,0.0023765936171831203
2009-09-08,0.014905983509299947
2009-09-09,0.001279587202172916
2009-09-10,0.005209122134127497
2009-09-11,0.004942906414714843
2009-09-14,-0.009415868072393918
2009-09-15,0.005556618475907937
2009-09-16,0.012620583448071931
2009-09-17,-0.0020338889325101084
2009-09-18,0.00724204220054836
2009-09-21,-0.005295345279578201
2009-09-22,0.008707285240441731
2009-09-23,0.0057220414405751985
2009-09-24,0.009405326658660673
2009-09-25,-0.009250977848386244
2009-09-28,0.007849666732038907
2009-09-29,0.00209052076001659
2009-09-30,0.004526790939042513
2009-10-01,-0.000850045533246413
2009-10-02,-0.004524960972983494
2009-10-05,0.005342647373464349
2009-10-06,0.010834870157373278
2009-10-07,-0.001207971158610266
2009-10-08,0.004998039728610459
2009-10-09,-0.0014984237590107696
2009-10-12,0.006464057512471255
2009-10-13,-3.282593144615653e-05
2009-10-14,0.016642203452380544
2009-10-15,-0.008738721754330658
2009-10-16,-0.00890098359663205
2009-10-19,0.0032464929746058857
2009-10-20,0.035721710268518114
2009-10-21,0.0
2009-10-22,0.0
2009-10-23,0.0
2009-10-26,-0.0006597508034922317
2009-10-27,-0.0033450376423912465
2009-10-28,-0.002063301566748721
2009-10-29,0.012967216876553334
2009-10-30,0.00017493296209081244
2009-11-02,0.005697905540104298
2009-11-03,-0.004212420527485605
2009-11-04,0.0029363047048192037
2009-11-05,0.003432704631227468
2009-11-06,0.002348877068594657
2009-11-09,0.0033735248539259466
2009-11-10,0.0001901140871578555
2009-11-11,0.0030069844345175234
2009-11-12,0.008531857990005776
2009-11-13,0.0
2009-11-16,0.0
2009-11-17,0.0
2009-11-18,-0.00041994769907161
2009-11-19,-0.0046441564324468665
2009-11-20,-0.0032357767743073085
2009-11-23,0.002549494138833319
2009-11-24,9.485112481555369e-05
2009-11-25,0.0013910948184705507
2009-11-27,-0.008600672720753266
2009-11-30,0.0011522607531546658
2009-12-01,0.002521241679880104
2009-12-02,0.007487861648119765
2009-12-03,0.007084569612408664
2009-12-04,0.020507863135015958
2009-12-07,0.0033847411563638907
2009-12-08,-0.0006783809930892559
2009-12-09,0.005842045732975976
2009-12-10,0.009802932800801578
2009-12-11,0.006529345706409728
2009-12-14,0.002432055466716765
2009-12-15,-0.006638508037723034
2009-12-16,0.007962863262917397
2009-12-17,-0.003910553651706672
2009-12-18,0.006463986752015538
2009-12-21,0.00811285856239019
2009-12-22,0.006424587362608758
2009-12-23,0.007051469993824
2009-12-24,0.0068894469869473784
2009-12-28,0.011861881056848711
2009-12-29,0.0064746009315057584
2009-12-30,-0.0036228305964407514
2009-12-31,0.007586376328192923
2010-01-04,0.015953055718572084
2010-01-05,0.0017309679920634036
2010-01-06,0.00015939227686168067
2010-01-07,0.002009156055248429
2010-01-08,-0.003456379197647075
2010-01-11,0.004798741710522636
2010-01-12,-0.00733958792919287
2010-01-13,-0.005303356022042904
2010-01-14,-0.004508973897701107
2010-01-15,0.0064967849311143855
2010-01-19,0.007269392597699653
2010-01-20,-0.004937685646079215
2010-01-21,0.005035484739380314
2010-01-22,-0.019188121164025795
2010-01-25,0.015161440777655244
2010-01-26,0.0069051388673997405
2010-01-27,0.0015023849441346826
2010-01-28,-0.006529487795750244
2010-01-29,0.012256273925579153
2010-02-01,0.007276290426640575
2010-02-02,0.0030855980875055256
2010-02-03,-0.007976592142140415
2010-02-04,-0.011650344559588022
2010-02-05,0.0018762325491454845
2010-02-08,0.007114621514536124
2010-02-09,0.017504513544933653
2010-02-10,-0.0037341157145359682
2010-02-11,-0.0006737787150896679
2010-02-12,-0.0026732196589090984
2010-02-16,0.009251316170542312
2010-02-17,0.004042035440467773
2010-02-18,-0.005873628075835247
2010-02-19,-0.0052258746115250165
2010-02-22,0.004391940052341559
2010-02-23,-0.0024545777957970527
2010-02-24,0.007526861817362063
2010-02-25,-0.019839720936074556
2010-02-26,-0.00019083641695538667
2010-03-01,0.006710261324150091
2010-03-02,0.004226504881992721
2010-03-03,0.0005877652729671112
2010-03-04,8.722691997897769e-05
2010-03-05,0.014968811861604703
2010-03-08,0.002777456512760068
2010-03-09,-0.004619709382610582
2010-03-10,0.0037012647986851555
2010-03-11,-0.003133817483349177
2010-03-12,0.008498367544412133
2010-03-15,-0.004244733892501906
2010-03-16,0.0020068312997150173
2010-03-17,0.003268060595188249
2010-03-18,-0.0005662608382400736
2010-03-19,0.0012216077294420202
2010-03-22,-0.007123746281362253
2010-03-23,0.004217597703782605
2010-03-24,-0.00351839412080468
2010-03-25,0.008630676738496046
2010-03-26,0.007646561539944807
2010-03-29,0.008543350754712353
2010-03-30,0.013681621562551483
2010-03-31,-0.003178209696638512
2010-04-01,0.011023446168839879
2010-04-05,0.0003006642394665082
2010-04-06,-0.002067360819440256
2010-04-07,0.0006510838657347584
2010-04-08,-0.0014756840220602196
2010-04-09,0.0051775392326642855
2010-04-12,0.0015415491739938503
2010-04-13,-0.002265663693207909
2010-04-14,0.011095946190673667
2010-04-15,5.347922296938812e-05
2010-04-16,-0.003986654830777203
2010-04-19,-0.0023383371356174854
2010-04-20,0.007902296387510166
2010-04-21,0.040850255810388925
2010-04-22,0.0
2010-04-23,0.0
2010-04-26,0.0
2010-04-27,-0.008674740231054745
2010-04-28,0.0056770446403562325
2010-04-29,0.006567107949259521
2010-04-30,0.000839172320233672
2010-05-03,0.008942694058086342
2010-05-04,-0.014214743158750709
2010-05-05,-0.02074342116777128
2010-05-06,-0.007772417048506286
2010-05-07,-0.0071316517130223245
2010-05-10,0.06131921007233054
2010-05-11,0.0
2010-05-12,0.0
2010-05-13,0.0
2010-05-14,-0.017129416635314865
2010-05-17,0.001804248758640492
2010-05-18,0.011045963998618236
2010-05-19,-0.01067599342056269
2010-05-20,-0.027535028995733568
2010-05-21,-0.021167196204156302
2010-05-24,0.013766978141785513
2010-05-25,-0.033807700416892406
2010-05-26,0.020603333969143822
2010-05-27,0.02747017263082996
2010-05-28,0.016346383064382852
2010-06-01,0.0034763527415782036
2010-06-02,0.002127024347752915
2010-06-03,0.0005867049619325826
2010-06-04,-0.006388894151369007
2010-06-07,0.0017838597008508206
2010-06-08,0.00032728198086107163
2010-06-09,0.00203590464803427
2010-06-10,0.004109498675679113
2010-06-11,-0.002447608858082817
2010-06-14,0.0043674626158136665
2010-06-15,0.0026745689561606945
2010-06-16,-0.0021124761624654598
2010-06-17,0.003032335636853789
2010-06-18,-0.00011012937152565794
2010-06-21,0.0044895455709541565
2010-06-22,0.0008065996972936862
2010-06-23,0.0006766130410253979
2010-06-24,-0.00061398319495376
2010-06-25,0.0011459261509512153
2010-06-28,0.001855751504719727
2010-06-29,-0.00664605534862972
2010-06-30,0.0006749903096452403
2010-07-01,0.0004316323982995751
2010-07-02,0.0007682770878441048
2010-07-06,0.004691965283617261
2010-07-07,0.0012270638684590551
2010-07-08,-0.004568866566840413
2010-07-09,-0.0007320993831200218
2010-07-12,0.000883124317777817
2010-07-13,-0.0028100682903681173
2010-07-14,0.0026428197961194666
2010-07-15,0.0019415063618799522
2010-07-16,0.001750369930103357
2010-07-19,0.00017982021771634216
2010-07-20,0.00778147054144851
2010-07-21,-0.006343087356222243
2010-07-22,-0.007122802820486607
2010-07-23,0.0017991323701547213
2010-07-26,-0.0006197757008524762
2010-07-27,-0.0026644886918738564
2010-07-28,-0.0003669311471049541
2010-07-29,-0.004874160095015179
2010-07-30,0.0026205591084471624
2010-08-02,-0.00485292627291134
2010-08-03,-0.001140487307725313
2010-08-04,0.0011875160772147897
2010-08-05,-0.0004183657643952454
2010-08-06,-0.001396464384952334
2010-08-09,0.00149006258342399
2010-08-10,-0.0046662766810680045
2010-08-11,-0.005062659337470299
2010-08-12,-0.004008912262914888
2010-08-13,0.000699047811920428
2010-08-16,-0.0010835999541383146
2010-08-17,0.0025362795502850144
2010-08-18,-1.971200919881344e-05
2010-08-19,-0.0007770698039211155
2010-08-20,0.002926801628387876
2010-08-23,0.0012366141605939518
2010-08-24,-0.004090472818230384
2010-08-25,0.004354325770193013
2010-08-26,-0.0016371402061687856
2010-08-27,-0.0039372685958016795
2010-08-30,0.004297456482460715
2010-08-31,0.003322688333681878
2010-09-01,-0.007502374927218836
2010-09-02,-0.0005249431963022522
2010-09-03,-0.005006092724270106
2010-09-07,0.001465709875920096
2010-09-08,-0.0017378372351218863
2010-09-09,-0.0035142976618811606
2010-09-10,-0.0002760181380526694
2010-09-13,-0.00287835655446389
2010-09-14,0.00039897284714962566
2010-09-15,-0.0020223435087258768
2010-09-16,-0.0005281625522837174
2010-09-17,0.0012359957467253935
2010-09-20,0.0004911292897142872
2010-09-21,0.0002119876846269353
2010-09-22,-0.0006556956689558469
2010-09-23,-0.0009976395771197355
2010-09-24,0.0039172783210132955
2010-09-27,0.0006580544047245507
2010-09-28,0.0008802147223494483
2010-09-29,-0.0006960462326340844
2010-09-30,0.0021072804742447993
2010-10-01,0.0020583202711563775
2010-10-04,-0.003915480651563441
2010-10-05,0.013174635892138076
2010-10-06,-0.000485364865474347
2010-10-07,0.0038102223266607282
2010-10-08,0.006950543184307767
2010-10-11,0.0032161780223578518
2010-10-12,-0.0006157963134573174
2010-10-13,0.008522294628246163
2010-10-14,0.002145286746596531
2010-10-15,0.014120607611171954
2010-10-18,0.008407568469907645
2010-10-19,-0.035690960961735185
2010-10-20,0.0007595483611297915
2010-10-21,0.021063354299697412
2010-10-22,-0.006018706026303167
2010-10-25,0.005918923044611946
2010-10-26,-0.004735238519680163
2010-10-27,-1.6356501694181347e-05
2010-10-28,0.0013399245825302941
2010-10-29,-0.002544570681774938
2010-11-01,0.0048815073660910535
2010-11-02,0.004896117801614919
2010-11-03,0.003477212818284281
2010-11-04,0.0085133505910584
2010-11-05,0.0016729629604037566
2010-11-08,-0.0022010905218106114
2010-11-09,0.010382460689288386
2010-11-10,-0.0035759428845262287
2010-11-11,-0.007024284274815162
2010-11-12,-0.005386886388672796
2010-11-15,-0.001124648200859446
2010-11-16,-0.008870780998631256
2010-11-17,-0.0006152645726277273
2010-11-18,0.020392907360888834
2010-11-19,-0.0006414055349813763
2010-11-22,0.00254543538887142
2010-11-23,-0.013813852698632112
2010-11-24,0.015217407575420339
2010-11-26,-0.007584920840269627
2010-11-29,0.0009089526801697723
2010-11-30,-0.016780705201762447
2010-12-01,0.019562328505799087
2010-12-02,-0.002237300529379316
2010-12-03,-0.002539529925033812
2010-12-06,0.004102071194336476
2010-12-07,0.014080541331485508
2010-12-08,-0.0007125346195714366
2010-12-09,0.006471781350324557
2010-12-10,0.006247498713640054
2010-12-13,0.0069229136742194886
2010-12-14,-0.0024041795343876515
2010-12-15,-0.0004536945320562369
2010-12-16,0.0018681670112536963
2010-12-17,0.0028065704162905103
2010-12-20,0.0043456889979167634
2010-12-21,0.0053963749530479
2010-12-22,0.0024763295254135453
2010-12-23,-0.0007212314754898586
2010-12-27,-0.007549186740087643
2010-12-28,0.0017190968112428262
2010-12-29,0.0024870263131206993
2010-12-30,-0.0003223066510783523
2010-12-31,-0.0023550258361554333
2011-01-03,0.007966118726204341
2011-01-04,0.009272721228948955
2011-01-05,-0.0034129934989647337
2011-01-06,-0.0016562481413788799
2011-01-07,0.0036071940289446047
2011-01-10,0.0007141070321210474
2011-01-11,0.008611452673229936
2011-01-12,0.008446023830534832
2011-01-13,-0.00046445516152504585
2011-01-14,-0.0012239221198180328
2011-01-18,-0.024578712668324787
2011-01-19,0.009568520848098672
2011-01-20,-0.007801844980326544
2011-01-21,0.012099389104003544
2011-01-24,0.001352454641535994
2011-01-25,-0.004956723359028303
2011-01-26,0.0026713110653240335
2011-01-27,0.022032430991994367
2011-01-28,0.0012096138027102299
2011-01-31,-0.0009878482635311547
2011-02-01,0.0067781814591023615
2011-02-02,-0.008478715889757016
2011-02-03,-0.0010935764143146232
2011-02-04,0.004403849476649402
2011-02-07,0.004258416573637014
2011-02-08,0.005298238320540438
2011-02-09,-0.0007215612602302635
2011-02-10,-0.008664141415925974
2011-02-11,-0.0018065582736508379
2011-02-14,0.006368115863726542
2011-02-15,-0.00583135123072509
2011-02-16,0.00774813757086501
2011-02-17,-0.01711070495224154
2011-02-18,0.0029021905947004267
2011-02-22,-0.03762699624684174
2011-02-23,-0.00657574996678667
2011-02-24,0.01100820270192715
2011-02-25,0.012274885887521236
2011-02-28,0.008125459987404327
2011-03-01,0.005146097794122673
2011-03-02,0.0008610099444252839
2011-03-03,0.019503026899688525
2011-03-04,0.0018106683991010453
2011-03-07,0.007782405551839622
2011-03-08,-0.007501690038115627
2011-03-09,-0.004471890938418155
2011-03-10,-0.017636792918619415
2011-03-11,-0.0032080862041418134
2011-03-14,0.0011186498627335784
2011-03-15,-0.04055230439982327
2011-03-16,-0.005639942205759918
2011-03-17,0.02892546255702988
2011-03-18,0.012382847819098153
2011-03-21,0.024004806225941255
2011-03-22,0.013187209970133562
2011-03-23,-0.0035961761262940373
2011-03-24,0.017227417549531276
2011-03-25,0.006116163860812485
2011-03-28,0.009956286163140815
2011-03-29,-0.004404374164441283
2011-03-30,0.005013123213412296
2011-03-31,-0.005033306409110594
2011-04-01,0.011243081887843509
2011-04-04,0.0036060597776965686
2011-04-05,-0.006613415840052372
2011-04-06,0.011675659916145387
2011-04-07,-0.004546395367912015
2011-04-08,0.009403038757963111
2011-04-11,-0.002298104440294213
2011-04-12,-0.00802004569626713
2011-04-13,0.010753396586042685
2011-04-14,-0.0071428473802455095
2011-04-15,0.0009560092218583449
2011-04-18,-0.01178091304204032
2011-04-19,0.003057737055614851
2011-04-20,0.021892372716135977
2011-04-21,0.021993445576618198
2011-04-25,0.0015244705886758858
2011-04-26,-0.0059059995510646335
2011-04-27,0.005265537364535833
2011-04-28,-0.009635745590893086
2011-04-29,-0.000899363179170054
2011-05-02,0.006466942274162557
2011-05-03,0.0007930690833906073
2011-05-04,0.0010997423020440156
2011-05-05,-0.007761030758458132
2011-05-06,0.014370378965459896
2011-05-09,0.006117096435978464
2011-05-10,0.00522039035596733
2011-05-11,-0.0011754978625301282
2011-05-12,-0.003476517019813552
2011-05-13,-0.005694585438139832
2011-05-16,-0.005104856794777013
2011-05-17,-0.007160590570492897
2011-05-18,0.0024717659940780567
2011-05-19,0.006069870284023171
2011-05-20,-0.004695101971609272
2011-05-23,-0.020052289878171314
2011-05-24,0.005914029920382813
2011-05-25,7.936925245344284e-05
2011-05-26,-0.0036981639898790997
2011-05-27,0.0015916159475355407
2011-05-31,0.0143437422754642
2011-06-01,-0.0018403795841887005
2011-06-02,0.000594186199354807
2011-06-03,-0.0020601286242791783
2011-06-06,-4.2121857550037056e-05
2011-06-07,0.0012155229731620754
2011-06-08,-0.001046614281408731
2011-06-09,0.0003957808612315983
2011-06-10,0.000320286508167289
2011-06-13,0.00011769944640382946
2011-06-14,0.001866554790470154
2011-06-15,-0.001641287745557607
2011-06-16,0.0005021601393693231
2011-06-17,0.001644261649643708
2011-06-20,-0.0004293682809128896
2011-06-21,0.0011099948608384036
2011-06-22,-0.0004770413734583867
2011-06-23,-0.0019885082900987783
2011-06-24,-0.004154833079943021
2011-06-27,0.00034834313227194436
2011-06-28,0.00019379752712689324
2011-06-29,0.0008391804861185292
2011-06-30,0.0008775486406189525
2011-07-01,-8.003921372756739e-05
2011-07-05,0.0005390461069807451
2011-07-06,-0.000727120479822041
2011-07-07,0.0013456786492616057
2011-07-08,-0.0021225411901899527
2011-07-11,-0.0025583773614462624
2011-07-12,-0.0011156041717322873
2011-07-13,0.0012274366856666052
2011-07-14,0.0003817256879843356
2011-07-15,0.0009702097289401301
2011-07-18,-0.0010301734307216481
2011-07-19,0.001273208765395717
2011-07-20,0.0006299794851372109
2011-07-21,0.0007465417751120196
2011-07-22,0.0023268685897783747
2011-07-25,-0.0024302856316009702
2011-07-26,-0.0007986460506151927
2011-07-27,-0.0012800205120566677
2011-07-28,-0.000364874413960381
2011-07-29,-0.0015717969795820963
2011-08-01,0.0028412071216155077
2011-08-02,-0.001051062902003408
2011-08-03,6.186327232704514e-05
2011-08-04,-0.0030926841470705346
2011-08-05,0.0024774283500752503
2011-08-08,-0.007225188196195886
2011-08-09,0.0036815246258179446
2011-08-10,-0.005459222855019319
2011-08-11,0.0012868280706290758
2011-08-12,0.00576395117359052
2011-08-15,0.0
2011-08-16,0.0
2011-08-17,-0.0011867081330468876
2011-08-18,0.01572436499297236
2011-08-19,0.007749309375863822
2011-08-22,-0.015074480141599844
2011-08-23,-0.004566531637653304
2011-08-24,0.00214938764796746
2011-08-25,7.302949663445801e-05
2011-08-26,0.0025798486275649957
2011-08-29,-0.0037917359387141802
2011-08-30,0.0016301632049211534
2011-08-31,-0.004154313835971424
2011-09-01,-0.0019783070732416475
2011-09-02,0.010805778165714708
2011-09-06,0.013239284272784646
2011-09-07,-0.0076184587436449736
2011-09-08,0.004432128272621627
2011-09-09,0.0059966129733255435
2011-09-12,0.010122070424644303
2011-09-13,-0.0015618401282475602
2011-09-14,-0.0025548116674156685
2011-09-15,-0.008412962564666171
2011-09-16,-0.0017199511865888528
2011-09-19,0.007643415796918962
2011-09-20,-0.00313912468121591
2011-09-21,-0.002871054559426045
2011-09-22,0.017893895551743366
2011-09-23,0.005844635096887929
2011-09-26,-0.003015583887940987
2011-09-27,-0.012337918242811496
2011-09-28,-0.004440208026631809
2011-09-29,-0.013598080034702198
2011-09-30,0.00751348919932604
2011-10-03,0.005710059794001632
2011-10-04,0.006097585459637234
2011-10-05,0.0012549958399126204
2011-10-06,0.0011772603414919036
2011-10-07,0.0006987199572965341
2011-10-10,-0.009961629501045177
2011-10-11,0.0011626773436443916
2011-10-12,-0.005920011451819418
2011-10-13,0.0012717330335532129
2011-10-14,-0.008719083581891662
2011-10-17,0.002654100522596403
2011-10-18,0.0015487744293813943
2011-10-19,0.004437214706604298
2011-10-20,-0.001705152664623455
2011-10-21,-0.006016073159101243
2011-10-24,-0.0027755629875358956
2011-10-25,-0.0013586950559597577
2011-10-26,0.002090441379876573
2011-10-27,0.004418205357312743
2011-10-28,0.0
2011-10-31,0.0
2011-11-01,0.0
2011-11-02,0.009931015309595725
2011-11-03,0.004311629576792209
2011-11-04,-0.004059679475898137
2011-11-07,-0.0019171261463514222
2011-11-08,0.0047265606111837055
2011-11-09,-0.020265285683426337
2011-11-10,0.0060674600702399495
2011-11-11,0.0059400957471988924
2011-11-14,-0.0023784006737542773
2011-11-15,0.0020408613415112686
2011-11-16,-0.003586920388729098
2011-11-17,-0.002136851632927761
2011-11-18,0.003753597414164256
2011-11-21,-0.01450389865273538
2011-11-22,0.002794832677154302
2011-11-23,-0.007780323261406319
2011-11-25,-0.0016822870906235687
2011-11-28,0.030557049276876747
2011-11-29,-0.0007072208865709362
2011-11-30,0.026392317897403927
2011-12-01,-0.0015797995714007529
2011-12-02,0.006032480926513761
2011-12-05,0.012042909570368243
2011-12-06,-0.0027930961607491867
2011-12-07,-0.0032406760088151687
2011-12-08,0.002092157799792105
2011-12-09,0.005167816736662445
2011-12-12,-0.007430726598964044
2011-12-13,0.0042381781826716924
2011-12-14,-0.0058119445690715255
2011-12-15,0.007966828752886679
2011-12-16,0.005658507529209267
2011-12-19,0.0037447867927224987
2011-12-20,0.012684334870477487
2011-12-21,0.0007400352609661098
2011-12-22,0.0020663091699912872
2011-12-23,0.0030572217480695496
2011-12-27,-0.001191819423984719
2011-12-28,0.0021473562074774133
2011-12-29,0.0023795309412688592
2011-12-30,-0.0025558276755146547
2012-01-03,0.01280393019995607
2012-01-04,-0.002311910347134183
2012-01-05,-0.0023244846227625793
2012-01-06,0.0017825556963895206
2012-01-09,0.0012871927110438275
2012-01-10,0.010133688986267542
2012-01-11,-0.00013967646328660877
2012-01-12,0.0037167301341514136
2012-01-13,-0.004824385241138263
2012-01-17,0.01056267807217326
2012-01-18,0.0011219165405251807
2012-01-19,0.006787415239382755
2012-01-20,-0.030738044705187262
2012-01-23,0.002155467416148804
2012-01-24,-0.0020610217670538056
2012-01-25,0.03012443973480816
2012-01-26,0.004280743477923954
2012-01-27,0.0019264405246635086
2012-01-30,-0.003606315292627227
2012-01-31,0.0074460837277068315
2012-02-01,0.00634755162935563
2012-02-02,0.0008444984084639007
2012-02-03,0.008256129784592003
2012-02-06,-0.004941117719630017
2012-02-07,1.4788571265356154e-06
2012-02-08,0.0022986029788720774
2012-02-09,0.004967896375903447
2012-02-10,-0.00596173301642966
2012-02-13,0.012875736434328156
2012-02-14,0.0016991214284252099
2012-02-15,0.007265504710415982
2012-02-16,-0.008940812992797254
2012-02-17,0.0016728297258254976
2012-02-21,0.006802923383841364
2012-02-22,-0.0028025518935078653
2012-02-23,0.002062124480169736
2012-02-24,0.0046688671324481845
2012-02-27,-0.0024582964096807602
2012-02-28,0.003955096585294138
2012-02-29,0.008217381993063988
2012-03-01,0.008510865415960911
2012-03-02,-0.00025912211339362834
2012-03-05,-0.0005616953031996053
2012-03-06,-0.016255380485647897
2012-03-07,0.009670068904621187
2012-03-08,0.00790087871607259
2012-03-09,0.0037404764502557697
2012-03-12,0.004215903049729963
2012-03-13,0.009525111980549728
2012-03-14,0.012195871231699629
2012-03-15,0.011768310432754614
2012-03-16,-0.0009039049196941651
2012-03-19,0.014439967538265597
2012-03-20,-0.0038007047615602474
2012-03-21,-0.0028373888716587414
2012-03-22,-0.006959218281117452
2012-03-23,0.0011764750382738942
2012-03-26,0.006866335427615944
2012-03-27,-0.0004912405360472105
2012-03-28,0.0034972905563910306
2012-03-29,-0.00708257694506409
2012-03-30,0.0013993004647308016
2012-04-02,0.002112705018991523
2012-04-03,0.00869466165481958
2012-04-04,-0.0083860251869734
2012-04-05,0.0025670818965439768
2012-04-09,-0.012980499865851036
2012-04-10,0.004171191093566451
2012-04-11,0.011944776864500017
2012-04-12,0.0003140518321369523
2012-04-13,-2.0559585441337624e-05
2012-04-16,0.0074639948445907045
2012-04-17,0.0005135238588158675
2012-04-18,0.003753109864527371
2012-04-19,-0.01258506324136266
2012-04-20,0.005080395411293681
2012-04-23,-0.006282047876858932
2012-04-24,-0.009791764482343979
2012-04-25,0.07191534304398672
2012-04-26,0.0
2012-04-27,0.0
2012-04-30,0.0
2012-05-01,0.0008896988476141399
2012-05-02,-0.0038198006902211423
2012-05-03,0.005299811820207667
2012-05-04,-0.007870259592783313
2012-05-07,-0.00596555019034628
2012-05-08,-0.0019840430466264714
2012-05-09,-0.010266865359851662
2012-05-10,0.009192219370585564
2012-05-11,-0.009279551550791854
2012-05-14,-0.008335206213603286
2012-05-15,0.00403072819720296
2012-05-16,0.0027516245365826197
2012-05-17,-0.0005786609520540553
2012-05-18,0.006689197441892558
2012-05-21,0.006020111171081588
2012-05-22,0.010706384159708149
2012-05-23,-0.0007514786898635828
2012-05-24,0.008266485689635061
2012-05-25,-0.0009825000124221717
2012-05-29,0.014116190994766908
2012-05-30,-0.007348654433539714
2012-05-31,0.0017306540499637535
2012-06-01,-0.01780657835953936
2012-06-04,0.00022579800471356215
2012-06-05,0.0003948185938880133
2012-06-06,0.0007008335323233084
2012-06-07,0.0011963162052202048
2012-06-08,-0.0003041727847531428
2012-06-11,0.001036541413288461
2012-06-12,0.0004288644012899745
2012-06-13,-0.00010342139146823914
2012-06-14,-2.780614749964272e-05
2012-06-15,0.0001487131790984808
2012-06-18,-0.0004765752750063301
2012-06-19,0.0008563990848782232
2012-06-20,0.0003038425095336361
2012-06-21,-0.00036587796159737174
2012-06-22,0.0004111223038201217
2012-06-25,-0.00061605983051638
2012-06-26,0.000273377318167789
2012-06-27,0.00025160277880487136
2012-06-28,-0.0008576759931697708
2012-06-29,0.0017420126027876126
2012-07-02,0.0013815678870088277
2012-07-03,7.117435170167496e-05
2012-07-05,-0.0007457002183584027
2012-07-06,-0.0009725283365339399
2012-07-09,-0.0003232650772515555
2012-07-10,-0.00040007831882005185
2012-07-11,0.00013942192205451676
2012-07-12,-0.0004963186159389066
2012-07-13,8.646034595694019e-05
2012-07-16,-0.0003232190547810543
2012-07-17,0.0003284210425076317
2012-07-18,-0.00026010276632959517
2012-07-19,0.0009649184810409661
2012-07-20,5.731811730802505e-05
2012-07-23,-0.0014619979270101835
2012-07-24,9.900756484881867e-05
2012-07-25,0.00029701421833938646
2012-07-26,0.00154060817610846
2012-07-27,0.0005282504157999579
2012-07-30,-0.0007087507117146119
2012-07-31,0.00024998285782884544
2012-08-01,0.0006121843857784803
2012-08-02,-0.0005920189763342076
2012-08-03,0.0019989535363391653
2012-08-06,0.00039106775227093493
2012-08-07,0.0011859140603693863
2012-08-08,-0.0004069709044084435
2012-08-09,-0.00022867781812907495
2012-08-10,-0.00024436563419882873
2012-08-13,-0.00012021932518102574
2012-08-14,0.0006573244785341714
2012-08-15,3.542530167299773e-05
2012-08-16,0.00030042809224206657
2012-08-17,-0.0010839872543076945
2012-08-20,-0.00021449555982122614
2012-08-21,0.00029213063194433175
2012-08-22,-0.0002844377102075857
2012-08-23,-0.00031828263017152914
2012-08-24,-0.00011987785982181531
2012-08-27,0.0001366790986550015
2012-08-28,-0.0002710095118252376
2012-08-29,0.00016604232868555613
2012-08-30,-0.00016259198020995846
2012-08-31,0.0005539445693190093
2012-09-04,-0.00023525285262882
2012-09-05,-0.00030532434791108454
2012-09-06,0.005634298008998062
2012-09-07,0.0020060814925431103
2012-09-10,0.0005368703578456646
2012-09-11,0.0017419272987646561
2012-09-12,0.006457087855919141
2012-09-13,0.007650102358743194
2012-09-14,0.008244748446597061
2012-09-17,0.007561711171405916
2012-09-18,-0.0012884855671170259
2012-09-19,-0.0012472585478265907
2012-09-20,-0.004406955737201068
2012-09-21,0.004954169463669222
2012-09-24,-0.015034604596339207
2012-09-25,-0.0006453192593165458
2012-09-26,-0.004578965833413773
2012-09-27,0.001801377248068281
2012-09-28,-0.003931400110427918
2012-10-01,0.006764972051777951
2012-10-02,0.0004919848223001733
2012-10-03,0.0003888967085539097
2012-10-04,0.00034256200082616317
2012-10-05,0.0004606699707154771
2012-10-08,-0.0004989378916723242
2012-10-09,-0.00027031634394880655
2012-10-10,-0.0002076002075879213
2012-10-11,0.00041275506949634
2012-10-12,-0.00094468339896292
2012-10-15,0.0003468771485803934
2012-10-16,0.00048192244082367885
2012-10-17,-0.0005532866686637217
2012-10-18,-0.00010384073226832324
2012-10-19,-0.0009059916555645975
2012-10-22,0.0008608610003555395
2012-10-23,-0.0009671063825877901
2012-10-24,0.0010267713512410737
2012-10-25,0.0006217898137617084
2012-10-26,-8.086505800219967e-05
2012-10-31,0.0007095756918227281
2012-11-01,0.0005523865868890532
2012-11-02,0.00026807627872216244
2012-11-05,-0.00044388353968494165
2012-11-06,0.00027883258211836015
2012-11-07,-0.0012563243994641038
2012-11-08,0.00022862255182154456
2012-11-09,7.844762794850801e-05
2012-11-12,0.00025092413207672415
2012-11-13,-0.0006019141718780485
2012-11-14,0.00067668795503395
2012-11-15,0.00012276608074635043
2012-11-16,0.0006914622142768501
2012-11-19,0.0007623811979733386
2012-11-20,2.5627951459439302e-05
2012-11-21,-8.201688317277522e-05
2012-11-23,0.0008720537692992192
2012-11-26,0.00019172521919941232
2012-11-27,9.910595415796308e-05
2012-11-28,-0.00046585031363099993
2012-11-29,-4.6968472570907416e-05
2012-11-30,0.0001967448455642007
2012-12-03,0.0006393053128690429
2012-12-04,0.0003851726034027614
2012-12-05,-5.20287777305839e-08
2012-12-06,1.0247028348731035e-05
2012-12-07,0.00016877933314307647
2012-12-10,-0.00024355559683453265
2012-12-11,0.0004312562381112439
2012-12-12,0.0004803367437991035
2012-12-13,0.00027742237752081955
2012-12-14,0.00010103641694070298
2012-12-17,0.00019773814353452046
2012-12-18,0.00038124010480022896
2012-12-19,0.0004370593556837221
2012-12-20,0.00017344714935640937
2012-12-21,-0.0018343342290751963
2012-12-24,-3.379301537231871e-05
2012-12-26,0.00010924956846380951
2012-12-27,-4.294347161182266e-05
2012-12-28,-0.0007381090248363975
2012-12-31,-1.1919350871081313e-05
2013-01-02,0.0020828336898013333
2013-01-03,0.0
2013-01-04,0.0
2013-01-07,0.0
2013-01-08,0.00011501372194011594
2013-01-09,0.0005146880087558703
2013-01-10,0.0007923584514686333
2013-01-11,-4.167650221376107e-06
2013-01-14,-0.00011836613502680393
2013-01-15,-0.0006153542876624618
2013-01-16,-3.978384916025757e-05
2013-01-17,0.0004851939324514998
2013-01-18,-0.00031582391688256273
2013-01-22,5.7249917567947506e-05
2013-01-23,0.00048657744568791905
2013-01-24,-0.00032327830115397305
2013-01-25,0.0006080510901356195
2013-01-28,0.0006570339501918987
2013-01-29,-0.0003348786154450112
2013-01-30,5.597714647742613e-05
2013-01-31,0.00035933192073023257
2013-02-01,0.0010259997243491359
2013-02-04,-0.01202235739669344
2013-02-05,0.0026953250187844446
2013-02-06,-0.003631214302948216
2013-02-07,0.0006804430342224332
2013-02-08,0.005937011742257026
2013-02-11,-0.004895592743903943
2013-02-12,-0.003186881373090422
2013-02-13,0.0051253970918692104
2013-02-14,-0.0021033227729807535
2013-02-15,0.0006473715772494781
2013-02-19,0.0034683260571113372
2013-02-20,0.0010240206775196103
2013-02-21,-0.0007739432623620202
2013-02-22,0.002133648425982182
2013-02-25,0.0045177938823972585
2013-02-26,0.004124082656863592
2013-02-27,0.001493748443850862
2013-02-28,0.00039293027632547606
2013-03-01,-0.0038740206792612364
2013-03-04,-0.0021183607350945266
2013-03-05,0.009050173139914408
2013-03-06,0.00505172781983898
2013-03-07,0.0010494691264537614
2013-03-08,0.0024965524030318154
2013-03-11,-0.0011108195551726707
2013-03-12,-0.003869276178547154
2013-03-13,0.0018280183833729868
2013-03-14,0.003106050962519591
2013-03-15,-0.00219707923444179
2013-03-18,-0.011607495375932864
2013-03-19,0.003371324494043204
2013-03-20,0.00798527280651351
2013-03-21,-0.005440895267984636
2013-03-22,0.006089167980010135
2013-03-25,0.0032041462669476495
2013-03-26,0.005178587930424916
2013-03-27,-0.006854827407470454
2013-03-28,0.001055509676775701
2013-04-01,0.0030335107323116173
2013-04-02,0.0049491549480198405
2013-04-03,0.0012034411247650034
2013-04-04,0.0007662766741114435
2013-04-05,-0.01373112802932408
2013-04-08,-0.00017453998050609432
2013-04-09,1.4727851123552682e-05
2013-04-10,0.0031487994293470933
2013-04-11,9.343082448309836e-05
2013-04-12,0.0007210424185681852
2013-04-15,-0.003840038003070756
2013-04-16,0.006652385476006328
2013-04-17,-0.007262073070933073
2013-04-18,0.002220901414551557
2013-04-19,-0.0003079907305101326
2013-04-22,0.0030547236436093694
2013-04-23,0.023667704453327998
2013-04-24,-0.001176602336397048
2013-04-25,0.0031155740975110646
2013-04-26,0.0006155113566821413
2013-04-29,0.004161458594216461
2013-04-30,0.00017692382846656862
2013-05-01,-0.00013654647503824613
2013-05-02,0.00504499145191506
2013-05-03,0.011330712551740119
2013-05-06,0.0004310634170114902
2013-05-07,0.0006759964485694159
2013-05-08,-0.0001492333428415593
2013-05-09,0.003051364557339342
2013-05-10,0.002506893430294088
2013-05-13,0.00024408619175964041
2013-05-14,0.006036505752767152
2013-05-15,0.0034157574144604297
2013-05-16,0.008122863995725593
2013-05-17,0.005246037411134941
2013-05-20,-0.0023708743171896307
2013-05-21,-0.0001473608075662769
2013-05-22,-0.004703640152158295
2013-05-23,-0.014566805071558164
2013-05-24,-0.005958113504815787
2013-05-28,0.015691464768767815
2013-05-29,-0.002190034134749941
2013-05-30,0.001662471670131671
2013-05-31,0.0005193627503607967
2013-06-03,0.000995455510349963
2013-06-04,0.0002180547155425927
2013-06-05,-0.004310556226688189
2013-06-06,0.002489735801405546
2013-06-07,0.005994423540380156
2013-06-10,-0.0024001121855535823
2013-06-11,-0.011029206480799636
2013-06-12,0.009614311434225531
2013-06-13,0.0008750990232908595
2013-06-14,0.00343838529473528
2013-06-17,0.014315933076332277
2013-06-18,0.0015347006507544503
2013-06-19,-0.0010410092527726178
2013-06-20,-0.009816651187601666
2013-06-21,0.0078063338288312245
2013-06-24,-0.01219657564576937
2013-06-25,0.00958602705952516
2013-06-26,0.011070738664142432
2013-06-27,0.006958456931649426
2013-06-28,-0.0019139560898726593
2013-07-01,0.01001091629063433
2013-07-02,0.0008211100369746038
2013-07-03,-0.0034241432788818527
2013-07-05,0.007503775427407655
2013-07-08,0.006802369272783437
2013-07-09,0.007999916275782448
2013-07-10,-0.0023702114417842868
2013-07-11,0.012573610317089035
2013-07-12,0.0005265807497125685
2013-07-15,0.003412770171180579
2013-07-16,1.8850403746828448e-06
2013-07-17,0.0016976915484241406
2013-07-18,0.0025459081728005373
2013-07-19,-0.017151548241909342
2013-07-22,0.004903784270347877
2013-07-23,-0.00046997109698099226
2013-07-24,0.00628712069495152
2013-07-25,-0.005089735238445248
2013-07-26,0.0003877227957744811
2013-07-29,-0.0016062008286497065
2013-07-30,0.004537752878177592
2013-07-31,0.0034229372548706394
2013-08-01,0.009144900094533837
2013-08-02,-0.0003307689871947517
2013-08-05,0.0027831101457214125
2013-08-06,-0.0013364772212317577
2013-08-07,-0.0024593802958616795
2013-08-08,0.02321285183483357
2013-08-09,-0.0002615605848441671
2013-08-12,-0.009133043435853527
2013-08-13,0.004917375641981581
2013-08-14,-0.0056724761514992394
2013-08-15,-0.014122310795128268
2013-08-16,0.004844614676106751
2013-08-19,0.0031853064685904986
2013-08-20,0.008795525973054996
2013-08-21,-0.000278426740547455
2013-08-22,0.004424571709176428
2013-08-23,0.005083567910570297
2013-08-26,0.005814044329060186
2013-08-27,-0.012617267876650962
2013-08-28,0.004216939075602166
2013-08-29,-0.0011040806892929078
2013-08-30,0.004323652831665914
2013-09-03,0.014534822972424477
2013-09-04,0.014352330828677484
2013-09-05,0.0022860547881273785
2013-09-06,0.004941754079194061
2013-09-09,0.005456764817902915
2013-09-10,0.004658288870434957
2013-09-11,-0.025522951049107512
2013-09-12,0.002276300991365554
2013-09-13,-0.003523051003738842
2013-09-16,0.0057671160961501045
2013-09-17,-0.0032483893828930688
2013-09-18,0.00838285090993418
2013-09-19,0.012216640072021612
2013-09-20,0.00823334693277089
2013-09-23,0.026781531391112834
2013-09-24,0.009529182262611124
2013-09-25,0.006205730103522322
2013-09-26,0.010640294816670837
2013-09-27,-0.005602757459346797
2013-09-30,-0.017099893706364666
2013-10-01,0.0025375893975481123
2013-10-02,-0.009062949450317825
2013-10-03,-0.0009561848111108162
2013-10-04,0.006969293603920512
2013-10-07,0.00012436984180652644
2013-10-08,0.0041654415167642345
2013-10-09,0.005507799059522256
2013-10-10,0.021968123689295682
2013-10-11,-0.003724606786289497
2013-10-14,-0.010973344642803307
2013-10-15,0.00761727432412429
2013-10-16,0.008324323994131078
2013-10-17,-0.0023761710186388507
2013-10-18,0.016385512101632527
2013-10-21,0.007630710678297792
2013-10-22,0.013960835920789672
2013-10-23,-0.011180298539118838
2013-10-24,0.004789458378912981
2013-10-25,0.005690768736571483
2013-10-28,-0.0011395709612661564
2013-10-29,0.010616831750354105
2013-10-30,0.008429566021018964
2013-10-31,-0.012300153566429106
2013-11-01,0.010367084196281517
2013-11-04,0.002106126975292222
2013-11-05,-0.001073881207372951
2013-11-06,-0.014032577790557665
2013-11-07,-0.001421187052742079
2013-11-08,0.0014019331889500997
2013-11-11,-0.0021333637319019827
2013-11-12,-0.0030110771632727573
2013-11-13,-0.0027065798228597115
2013-11-14,0.0012324404170065417
2013-11-15,0.002301397406266892
2013-11-18,-0.0022524915763735276
2013-11-19,-0.00012587713395617595
2013-11-20,0.007262190017919501
2013-11-21,0.00870805139270514
2013-11-22,0.0030382744193186983
2013-11-25,0.006887902578167626
2013-11-26,-0.0008360623191137062
2013-11-27,0.0034791044099817814
2013-11-29,0.0061296620373019195
2013-12-02,0.0011121587496178975
2013-12-03,0.009735952769910572
2013-12-04,-0.0040864988167902405
2013-12-05,0.004125917564174131
2013-12-06,0.006994999686646075
2013-12-09,0.003536143574996098
2013-12-10,-0.0046005379781447475
2013-12-11,0.0003150133619971296
2013-12-12,0.006613415926732369
2013-12-13,0.005153797595089271
2013-12-16,0.002310341966832663
2013-12-17,0.0029954380098948796
2013-12-18,-0.003269536723305877
2013-12-19,-0.007544895847322652
2013-12-20,0.002307834830142852
2013-12-23,0.015652601512384123
2013-12-24,0.006947684788307429
2013-12-26,0.005077532863523304
2013-12-27,-0.0002620947282522268
2013-12-30,-0.0035770587592611758
2013-12-31,0.0019556488495671154
2014-01-02,-0.004159640475614457
2014-01-03,0.0002344071192947883
2014-01-06,-0.0026838423017443436
2014-01-07,0.0029720487411188934
2014-01-08,0.0037334467460901077
2014-01-09,0.00511841243354727
2014-01-10,0.003691777978474642
2014-01-13,-0.0021175238219582893
2014-01-14,0.00503204626147169
2014-01-15,0.009048290396405312
2014-01-16,-0.003657238413686925
2014-01-17,-0.0015355966509477126
2014-01-21,0.004749411295835282
2014-01-22,0.003867083449178965
2014-01-23,-0.0006255469063966013
2014-01-24,-0.008572951468902135
2014-01-27,0.004983474011805766
2014-01-28,-0.019727123369525867
2014-01-29,-0.008838709484419227
2014-01-30,0.03783096954464815
2014-01-31,0.0
2014-02-03,0.0
2014-02-04,0.0
2014-02-05,-0.00010422351594940871
2014-02-06,0.002523889582701111
2014-02-07,0.008135265042994222
2014-02-10,-0.00037052249960245476
2014-02-11,0.004089034364207711
2014-02-12,0.0006027342813377246
2014-02-13,-0.006763671521369363
2014-02-14,-0.0012465681329083544
2014-02-18,0.003516615189947281
2014-02-19,-0.004134501095448995
2014-02-20,0.01021375973587757
2014-02-21,0.006450616138252041
2014-02-24,0.0019482090828075727
2014-02-25,0.009388546213391358
2014-02-26,0.00873919637590781
2014-02-27,0.004124297735048188
2014-02-28,0.0009849013361475922
2014-03-03,-0.015788114130979136
2014-03-04,0.016946565105907974
2014-03-05,0.004260027357923635
2014-03-06,0.00430235655519029
2014-03-07,0.004582195401684697
2014-03-10,0.0006458853944908416
2014-03-11,0.0016214458994792125
2014-03-12,-0.005869919462405004
2014-03-13,0.0057867409967313765
2014-03-14,-0.005195193215303151
2014-03-17,0.008426076056111897
2014-03-18,0.003927799914864583
2014-03-19,0.0013043397266374601
2014-03-20,-0.001620984625305688
2014-03-21,0.007744510774917002
2014-03-24,0.001779992380181561
2014-03-25,0.00875827870696888
2014-03-26,0.004105485794742458
2014-03-27,-0.0002571632718595396
2014-03-28,0.004697174951539651
2014-03-31,0.011416720845912831
2014-04-01,0.006110175471136348
2014-04-02,0.012962179713766675
2014-04-03,0.001788769894868647
2014-04-04,0.008818356267975114
2014-04-07,-0.007520134159240688
2014-04-08,0.008188034448693982
2014-04-09,0.012060859746645392
2014-04-10,0.002968744113518662
2014-04-11,-0.016255322813795603
2014-04-14,0.015948644385193722
2014-04-15,0.005321507890047705
2014-04-16,0.01199941078859168
2014-04-17,-0.003126371397208394
2014-04-21,0.005765586927743094
2014-04-22,0.014014397128227607
2014-04-23,0.0008111059305973001
2014-04-24,0.01538101752443044
2014-04-25,-0.010166521654597083
2014-04-28,0.005055627960586229
2014-04-29,0.001745812052173612
2014-04-30,-0.006031780637506645
2014-05-01,0.003765596693116713
2014-05-02,0.0038408385388097877
2014-05-05,-0.008322803285864766
2014-05-06,-0.002716519528162986
2014-05-07,0.002888169933645157
2014-05-08,-0.010994435795280588
2014-05-09,0.00017620615140701013
2014-05-12,0.00866773181571201
2014-05-13,-0.00011564134874564314
2014-05-14,-0.002783666112956107
2014-05-15,-0.0016402440886136294
2014-05-16,0.0027394369381690264
2014-05-19,-0.004710083693534206
2014-05-20,0.0019061388014627312
2014-05-21,0.0036608393504866665
2014-05-22,0.0017356445849006086
2014-05-23,0.0008677036358901713
2014-05-27,0.004248428096542023
2014-05-28,-0.0006750516853444299
2014-05-29,0.004114161867331045
2014-05-30,0.0015548699318443937
2014-06-02,0.0006566385267934294
2014-06-03,-0.00385058726172971
2014-06-04,-0.0031351757165408722
2014-06-05,0.002799041132826474
2014-06-06,0.005116179412678834
2014-06-09,0.0009576482868731695
2014-06-10,0.0041349954055116545
2014-06-11,-0.003132235700470609
2014-06-12,3.7749621324412175e-05
2014-06-13,0.004001035533988784
2014-06-16,-0.0009992235319767895
2014-06-17,0.0007727111586541824
2014-06-18,0.002632558794865014
2014-06-19,0.0015069082740062356
2014-06-20,0.0014593058835818962
2014-06-23,0.00046673180091083566
2014-06-24,-0.00033155138495577496
2014-06-25,-0.0011827086551631227
2014-06-26,0.001762164225723728
2014-06-27,-0.0008115462715762023
2014-06-30,0.0013964322078960922
2014-07-01,0.006982965983010736
2014-07-02,0.00124726995163571
2014-07-03,0.0040168291724140825
2014-07-07,-0.000897151861980916
2014-07-08,-0.0031159032673216958
2014-07-09,0.0029124659143195952
2014-07-10,-0.01755248302233703
2014-07-11,0.002826084147319996
2014-07-14,0.007329881389023685
2014-07-15,0.0014608570153242795
2014-07-16,0.010038975552045137
2014-07-17,-0.003452468071945547
2014-07-18,0.0060359694032032785
2014-07-21,0.0004113896095812031
2014-07-22,0.0037825438033562975
2014-07-23,0.004701961792899834
2014-07-24,0.010890322857090906
2014-07-25,-0.002691285266153476
2014-07-28,0.0001075588206072009
2014-07-29,0.0012472663214211366
2014-07-30,0.004385273276185764
2014-07-31,-0.009936168030926118
2014-08-01,-0.0015719147753411322
2014-08-04,0.0021810696296420407
2014-08-05,-0.0037561604117628544
2014-08-06,-0.004959122564103802
2014-08-07,0.005682494686207296
2014-08-08,0.0008660032300464859
2014-08-11,0.005917543014173132
2014-08-12,-0.0022480166930675116
2014-08-13,0.0034231176175933964
2014-08-14,0.0008387697738654332
2014-08-15,0.005823979014389247
2014-08-18,0.0044104604153798466
2014-08-19,0.0021543197793520985
2014-08-20,-0.0023888104594490533
2014-08-21,0.00017476778627489864
2014-08-22,5.044312868074385e-06
2014-08-25,0.004761843850940917
2014-08-26,0.0012031832545014165
2014-08-27,8.743178596848367e-05
2014-08-28,-0.003821450028927087
2014-08-29,0.005289711236947436
2014-09-02,0.0037014564434940667
2014-09-03,0.002277216862035525
2014-09-04,0.0014147729710309864
2014-09-05,0.00045450416385395265
2014-09-08,0.00017073424248637004
2014-09-09,0.001662661533715859
2014-09-10,0.0007799746788672568
2014-09-11,-0.0036084172461796626
2014-09-12,-0.0009334817876774926
2014-09-15,0.00014064608161379333
2014-09-16,-0.007676533689319753
2014-09-17,0.0009021889285800722
2014-09-18,0.003712922020017606
2014-09-19,0.0025837383598446007
2014-09-22,-0.00117859029469225
2014-09-23,-0.005345677958355055
2014-09-24,0.000290116163282228
2014-09-25,-0.004028426640016125
2014-09-26,0.006187557601228688
2014-09-29,-0.012669836196068096
2014-09-30,0.00362636631091795
2014-10-01,-0.0015619584845287804
2014-10-02,0.0026893150652722575
2014-10-03,0.003900535591624621
2014-10-06,0.0030086288868678146
2014-10-07,-0.0045914599952697754
2014-10-08,0.0004458650605947412
2014-10-09,0.00018803967149438883
2014-10-10,-0.009996050600819983
2014-10-13,0.00404735329747008
2014-10-14,0.010843157098442413
2014-10-15,-0.017325932700290148
2014-10-16,-0.03273053494084699
2014-10-17,0.016164309546859323
2014-10-20,0.00013007554425037426
2014-10-21,0.016974766139219888
2014-10-22,0.0009243024837479741
2014-10-23,0.012645085158215386
2014-10-24,0.0024480555891985833
2014-10-27,-0.0017712726693422942
2014-10-28,0.005456624023816969
2014-10-29,-0.012414653144410148
2014-10-30,-0.005253230047472357
2014-10-31,0.016820867146758678
2014-11-03,0.0021233048322946146
2014-11-04,-0.006087121199788159
2014-11-05,0.006010297124910968
2014-11-06,0.002586110290339505
2014-11-07,0.00271238821650166
2014-11-10,0.0006835004281544599
2014-11-11,0.00029353758164618604
2014-11-12,-0.003652419677272034
2014-11-13,0.0027980417608195474
2014-11-14,0.00046229330745672925
2014-11-17,-0.0024906607640895473
2014-11-18,0.0017265229167069407
2014-11-19,-0.00338734378212735
2014-11-20,-0.0034841589615546287
2014-11-21,0.012296329044159782
2014-11-24,0.002779932899358961
2014-11-25,0.002420065153507789
2014-11-26,-1.973903845065017e-05
2014-11-28,0.0017507074642817422
2014-12-01,-0.003332717356608561
2014-12-02,-0.0012408679407286405
2014-12-03,0.0014621954756222078
2014-12-04,-0.0005888594269543024
2014-12-05,0.0026495785603402044
2014-12-08,-0.003168758025037799
2014-12-09,-0.011706052312119408
2014-12-10,-0.0008084781710787636
2014-12-11,0.004163887701510438
2014-12-12,-0.007284910164669589
2014-12-15,0.006010468001162339
2014-12-16,-0.0072972175506546
2014-12-17,0.0008076551847906455
2014-12-18,0.013903929086916511
2014-12-19,0.00048551608399272084
2014-12-22,-0.003362145728888488
2014-12-23,0.0038837778701801273
2014-12-24,0.00041163062896232283
2014-12-26,0.00212926954372028
2014-12-29,5.63964202198175e-05
2014-12-30,-0.0024236616641628572
2014-12-31,0.002385032682728383
2015-01-02,0.00472655644969544
2015-01-05,-0.003885748237921871
2015-01-06,0.002760203182456955
2015-01-07,0.005512943262699688
2015-01-08,0.008494367030714267
2015-01-09,0.0028552627886633264
2015-01-12,0.002518690407298685
2015-01-13,0.008814151878967724
2015-01-14,-0.007723581160825166
2015-01-15,0.002476816589621622
2015-01-16,-0.00041756268074899516
2015-01-20,0.005950829734624685
2015-01-21,-0.0022809994129650013
2015-01-22,0.0038383368737751056
2015-01-23,-0.0005891569847992217
2015-01-26,0.00011681001132068936
2015-01-27,-0.012069296897203485
2015-01-28,0.021719712721995243
2015-01-29,0.002205938733023549
2015-01-30,-0.003201262886023626
2015-02-02,0.004106647425424992
2015-02-03,0.00022859639259542597
2015-02-04,-0.007285462285517408
2015-02-05,0.004386812217501701
2015-02-06,0.00039210119393806586
2015-02-09,-0.004023531680220627
2015-02-10,0.004611818610929852
2015-02-11,0.001431191392097686
2015-02-12,0.004943004284022834
2015-02-13,0.0035542205516603254
2015-02-17,-0.0003667291524852567
2015-02-18,-0.0013352581473632386
2015-02-19,-0.0005885553145348332
2015-02-20,8.367504387640778e-05
2015-02-23,0.001380441522135456
2015-02-24,-0.0013302220549609167
2015-02-25,-0.0023136298200190364
2015-02-26,0.0006413315217614901
2015-02-27,4.5310368721684924e-05
2015-03-02,0.004668248527835761
2015-03-03,-0.0022052326523199772
2015-03-04,-0.0017168080022053056
2015-03-05,0.0016089242181620556
2015-03-06,0.002687166083367165
2015-03-09,0.0031808905186485603
2015-03-10,-0.005074798267541869
2015-03-11,0.0013040076679555757
2015-03-12,-0.0002507101224866748
2015-03-13,-0.0008575302852364963
2015-03-16,0.0030976363698367315
2015-03-17,-3.1798983930242386e-05
2015-03-18,-0.0009464989726720718
2015-03-19,0.0011225014415423562
2015-03-20,0.006753664960761574
2015-03-23,0.0010740175705079569
2015-03-24,-0.0001373233407864216
2015-03-25,-0.000752472760709888
2015-03-26,-0.0055851716657217
2015-03-27,0.00132315218924961
2015-03-30,0.004311095607171245
2015-03-31,-0.0017354437310570514
2015-04-01,8.45951837140646e-05
2015-04-02,0.0007441218705148689
2015-04-06,-0.0005247033224884401
2015-04-07,-1.4425195935530155e-05
2015-04-08,-0.0003352702046102163
2015-04-09,-0.00015817370510073925
2015-04-10,-5.32898742976462e-05
2015-04-13,2.6907271046594516e-05
2015-04-14,-0.00019036818782958154
2015-04-15,0.00042728791940715993
2015-04-16,-0.00043992100101042375
2015-04-17,-0.0007964713136209278
2015-04-20,0.00020786466244926416
2015-04-21,0.00044106387200648633
2015-04-22,0.0008103514648343246
2015-04-23,-0.0009112933573542925
2015-04-24,0.0002657695339893795
2015-04-27,0.00016828592607920356
2015-04-28,1.7198897742876085e-05
2015-04-29,-0.0005378834986523584
2015-04-30,-0.00012075984525639072
2015-05-01,0.000326628827328479
2015-05-04,0.003026335120987378
2015-05-05,-0.00040139619644863345
2015-05-06,0.0035385326270787054
2015-05-07,0.0018298268888510272
2015-05-08,0.007188489008886023
2015-05-11,0.0002659187209059777
2015-05-12,-0.004263791892026192
2015-05-13,0.0012385213474457313
2015-05-14,0.0074080187342506765
2015-05-15,0.0029907833158404618
2015-05-18,-0.0019725931733914903
2015-05-19,0.002426729065834632
2015-05-20,-0.0001432513567375393
2015-05-21,0.0002707206776133564
2015-05-22,0.0006336397364656854
2015-05-26,-0.0002771124585398965
2015-05-27,0.0027652292925759436
2015-05-28,-0.0013877990229400616
2015-05-29,-0.0013934286092878168
2015-06-01,0.0014166189636930504
2015-06-02,-0.0001358435959389892
2015-06-03,0.0005572454275704075
2015-06-04,-0.0003035212017077349
2015-06-05,-9.088400920209683e-05
2015-06-08,-0.00019879160772762194
2015-06-09,9.503839931457314e-05
2015-06-10,0.00019558122749052664
2015-06-11,-4.386787723886787e-05
2015-06-12,-0.000394436505668061
2015-06-15,-0.0011920979451843783
2015-06-16,-0.0002447660875577462
2015-06-17,1.511738168380461e-05
2015-06-18,0.0002804163450362829
2015-06-19,0.00033830672835333253
2015-06-22,5.220147164219924e-05
2015-06-23,0.0001580373781386868
2015-06-24,2.59934893604985e-05
2015-06-25,0.0001260316034266129
2015-06-26,-0.0037816457444806995
2015-06-29,-0.0008712925002408722
2015-06-30,0.0006045918295327635
2015-07-01,0.0007965628353661103
2015-07-02,7.093499905352907e-05
2015-07-06,-0.0007447785781848903
2015-07-07,-0.0007456462475191605
2015-07-08,-0.0007999758795933509
2015-07-09,0.0009193386526895608
2015-07-10,0.000756265600008188
2015-07-13,0.0007445705255009205
2015-07-14,0.0032980450632602576
2015-07-15,0.0
2015-07-16,0.0
2015-07-17,0.0
2015-07-20,0.00013184918364128606
2015-07-21,-2.3098978420565963e-05
2015-07-22,-0.001628206462025883
2015-07-23,0.0008469283266712146
2015-07-24,2.9579455218087247e-05
2015-07-27,-0.0006299140783698753
2015-07-28,0.0006282310467136121
2015-07-29,0.00033742473235109927
2015-07-30,-0.0005964912602386407
2015-07-31,0.000378943589568026
2015-08-03,0.000354263078285566
2015-08-04,0.00020029106628172144
2015-08-05,0.0004933896254937231
2015-08-06,-5.422353758943732e-05
2015-08-07,-0.0002373439456061499
2015-08-10,0.0002158353105385924
2015-08-11,-0.0006070384263303641
2015-08-12,-0.000992420053096299
2015-08-13,7.285738605755654e-07
2015-08-14,-4.5381823513879205e-05
2015-08-17,-0.0008406721533289474
2015-08-18,-0.00025328721421313816
2015-08-19,-0.0003123544268764933
2015-08-20,-0.0011487718671105984
2015-08-21,-0.0007072644493186786
2015-08-24,-0.00292672095273927
2015-08-25,0.002352081312633203
2015-08-26,0.0
2015-08-27,0.0
2015-08-28,0.0
2015-08-31,-0.0003210080755531308
2015-09-01,-0.0019557568303608663
2015-09-02,0.0012417725080615671
2015-09-03,0.0006718466406427925
2015-09-04,-0.0011513203487292234
2015-09-08,0.002008267672371611
2015-09-09,-0.01058812292085265
2015-09-10,0.0008321799502311045
2015-09-11,0.0036809731483589125
2015-09-14,-0.0031422241482925717
2015-09-15,-0.002370218001930491
2015-09-16,5.990527424648562e-05
2015-09-17,0.0005899105535409621
2015-09-18,0.012781565164313058
2015-09-21,-0.004052408578053002
2015-09-22,0.01278526334186636
2015-09-23,-0.001954434649705461
2015-09-24,0.007695106829513243
2015-09-25,-0.009042956273578984
2015-09-28,0.003337193512616521
2015-09-29,-0.00222881477947523
2015-09-30,-0.011519284092194715
2015-10-01,-0.0028051931090700144
2015-10-02,0.012203779291185102
2015-10-05,-0.005201619881713304
2015-10-06,0.002230046171002753
2015-10-07,-0.004515899700969661
2015-10-08,0.0033145217331818078
2015-10-09,-0.0011226007021970519
2015-10-12,-0.0008738696101568966
2015-10-13,0.004146721578819346
2015-10-14,0.00022557381492349649
2015-10-15,-0.003286420502447651
2015-10-16,-0.0020227405077883898
2015-10-19,0.0016390466171238849
2015-10-20,0.001337923051862866
2015-10-21,-0.005145614506027019
2015-10-22,-0.007385385823254431
2015-10-23,-0.02335535746002737
2015-10-26,0.0004336573887187001
2015-10-27,0.001439905549857956
2015-10-28,0.0007014572023136267
2015-10-29,-0.0013780662950614309
2015-10-30,0.0005004319966597226
2015-11-02,0.0007179210904568745
2015-11-03,-0.0024438971353650807
2015-11-04,0.002791540333220599
2015-11-05,0.006632667256208258
2015-11-06,-0.002078025115265336
2015-11-09,-0.005823947081623926
2015-11-10,-0.004193402087132703
2015-11-11,0.004045135512881437
2015-11-12,-0.0039024532651521504
2015-11-13,-0.003608075659689902
2015-11-16,-0.0021467136948000176
2015-11-17,0.0022339388964003337
2015-11-18,0.0036837604091284337
2015-11-19,0.002562264011970683
2015-11-20,0.007649117050791965
2015-11-23,0.0007890044541407626
2015-11-24,-0.00704269979768124
2015-11-25,0.002523234826774301
2015-11-27,0.002023179413472187
2015-11-30,0.002559787842737249
2015-12-01,0.004932320345000241
2015-12-02,0.0008438091298010875
2015-12-03,0.003785264742222072
2015-12-04,0.0014977425003828149
2015-12-07,0.0009482179786828304
2015-12-08,-0.011230574010734351
2015-12-09,-0.0029949733713755533
2015-12-10,0.0027988689894995478
2015-12-11,-0.011028268093892901
2015-12-14,0.002581003934915893
2015-12-15,0.00816524146864106
2015-12-16,0.007311202297155761
2015-12-17,0.004472354213799656
2015-12-18,-0.004575435056194399
2015-12-21,0.0073091406851670815
2015-12-22,0.004588628154668095
2015-12-23,0.0046450181840138605
2015-12-24,0.0004386871000969794
2015-12-28,-0.001130585676694107
2015-12-29,0.004656244831384715
2015-12-30,-0.00117853147505953
2015-12-31,-0.003178127489732785
2016-01-04,-0.020159178564227
2016-01-05,0.004915753946047374
2016-01-06,-0.01397356483724177
2016-01-07,-0.016862050219647706
2016-01-08,0.00894164568483169
2016-01-11,0.004346606258756269
2016-01-12,0.008943592127949263
2016-01-13,0.003881640349763238
2016-01-14,0.0018951117853212018
2016-01-15,-0.0321145265911047
2016-01-19,0.012780334104986357
2016-01-20,-0.014375173187281542
2016-01-21,0.004384864688824264
2016-01-22,0.0014446539320231988
2016-01-25,0.002578055193624307
2016-01-26,0.0005682604880348219
2016-01-27,0.003548616963306772
2016-01-28,0.01895590931490987
2016-01-29,-0.0007550206026680772
2016-02-01,0.004440219622356301
2016-02-02,0.003517105625841621
2016-02-03,-0.004376647460349492
2016-02-04,0.0025231100525180405
2016-02-05,0.0030128080783136113
2016-02-08,0.015659509422612627
2016-02-09,0.011051248666505087
2016-02-10,-0.01019094379523433
2016-02-11,0.010399897262483693
2016-02-12,-0.008667144592506393
2016-02-16,-0.012491433743081481
2016-02-17,-0.00711961580861209
2016-02-18,-0.0012954283101873632
2016-02-19,0.003643043041092753
2016-02-22,-0.007771242352786256
2016-02-23,0.005179399874824853
2016-02-24,0.009843915360748356
2016-02-25,-0.0011127102055381588
2016-02-26,-0.0056377072437330256
2016-02-29,0.0011227517135685705
2016-03-01,-0.008064082414418916
2016-03-02,0.0010582885918350993
2016-03-03,0.0011648877905541255
2016-03-04,0.00021435566891936375
2016-03-07,0.0036671569787631864
2016-03-08,0.006204788762764757
2016-03-09,-0.0027449790913270933
2016-03-10,-0.004263735419774761
2016-03-11,-0.00871385420148807
2016-03-14,0.0021513342386350054
2016-03-15,0.0033315364869699327
2016-03-16,0.002058560922574504
2016-03-17,0.0030687323924618592
2016-03-18,-0.0018250873141530954
2016-03-21,0.0021688522128453513
2016-03-22,0.004237873007413739
2016-03-23,0.001139772800886174
2016-03-24,0.004901152281175936
2016-03-28,-0.0020888028379681955
2016-03-29,0.001446950082411247
2016-03-30,-0.005047938337073399
2016-03-31,0.0005492416475094686
2016-04-01,0.004383752862646473
2016-04-04,0.001705641980201289
2016-04-05,0.0007279160994586586
2016-04-06,-0.0007881870316709394
2016-04-07,0.0025381681733325223
2016-04-08,-0.0009709797867470948
2016-04-11,-0.0015960482520885888
2016-04-12,0.0005368177328985979
2016-04-13,0.00593748511003489
2016-04-14,-0.00019232595021001497
2016-04-15,5.344471231860659e-05
2016-04-18,-0.0014921432740743201
2016-04-19,0.002029492825109447
2016-04-20,0.0010937128745089897
2016-04-21,0.000262866903247172
2016-04-22,-0.011872723549464559
2016-04-25,-0.0025764589199417376
2016-04-26,0.00190683658352242
2016-04-27,-0.002552342779622241
2016-04-28,0.013243518411853339
2016-04-29,0.006152056311016008
2016-05-02,0.002654435404086275
2016-05-03,-0.00618559139548569
2016-05-04,-0.005274132934931286
2016-05-05,0.0033357383170729005
2016-05-06,-0.0032541458413150037
2016-05-09,0.0008333248228946655
2016-05-10,0.004822568190277821
2016-05-11,-0.0005771510749107422
2016-05-12,0.003313312762887932
2016-05-13,-0.0002073121989741855
2016-05-16,-0.001405262842107624
2016-05-17,-0.00033742329789010483
2016-05-18,0.001732406760017735
2016-05-19,-0.0030382946060871774
2016-05-20,0.0028403164632821998
2016-05-23,0.00012304348044245295
2016-05-24,0.0023845920673637444
2016-05-25,0.001871857779990771
2016-05-26,0.0001338310732728054
2016-05-27,0.00015424831929777838
2016-05-31,0.0004451129381999319
2016-06-01,-0.001273921937262723
2016-06-02,-0.0008633037115143294
2016-06-03,7.462704813754328e-05
2016-06-06,0.0008560032462416878
2016-06-07,0.0020942716531935357
2016-06-08,0.0010676862527256858
2016-06-09,-0.0034802568613069296
2016-06-10,-0.007314789233529573
2016-06-13,-0.004929084101191417
2016-06-14,-0.00030153652803499575
2016-06-15,0.001559089432404459
2016-06-16,-0.0028132028812589693
2016-06-17,-5.746025014541356e-05
2016-06-20,0.007579294687655835
2016-06-21,0.0023386876843198845
2016-06-22,-0.0026428554805518756
2016-06-23,0.004255261405571753
2016-06-24,-0.026076109366482192
2016-06-27,-0.005865057543476548
2016-06-28,0.00950446770335156
2016-06-29,0.006771790641746822
2016-06-30,0.0025566941810375443
2016-07-01,-0.0018972586323582341
2016-07-05,-0.004341990656776429
2016-07-06,-0.003401641664864896
2016-07-07,0.0005188432231106876
2016-07-08,0.004261182305529632
2016-07-11,0.0037643314820532403
2016-07-12,0.003113874524903748
2016-07-13,0.001606684223212973
2016-07-14,0.00388864602654726
2016-07-15,0.002445773236764648
2016-07-18,0.0014132183738015947
2016-07-19,-0.002202975868357049
2016-07-20,0.0034440168770648594
2016-07-21,-0.00012542201956600163
2016-07-22,0.0013491119321933365
2016-07-25,0.0017262858646127643
2016-07-26,0.002319707457959286
2016-07-27,0.0028622288188071554
2016-07-28,0.003492506906893844
2016-07-29,0.0015613533768532584
2016-08-01,0.0006936871641174402
2016-08-02,-0.0009910592976131172
2016-08-03,-0.0014273855998510054
2016-08-04,0.0005685630021070587
2016-08-05,0.005162346909193927
2016-08-08,0.00032808155596053545
2016-08-09,0.0014940782076358072
2016-08-10,0.00012076260623805624
2016-08-11,0.00167560055631788
2016-08-12,-0.0004252280650198781
2016-08-15,0.0010774978527732237
2016-08-16,-0.0008790176302716501
2016-08-17,0.00023651991087980662
2016-08-18,0.0002584686481370557
2016-08-19,-0.00013020033871902204
2016-08-22,-0.0004802402822504659
2016-08-23,0.0027703549219366685
2016-08-24,0.00023056162866597063
2016-08-25,-0.0004988693061933613
2016-08-26,0.0011101380998095323
2016-08-29,0.0004960577375276998
2016-08-30,0.0005373788106772803
2016-08-31,-0.0007906209520062157
2016-09-01,0.0006712436897335916
2016-09-02,0.0026091944363275665
2016-09-06,0.001127653802175388
2016-09-07,-0.00013298733934175022
2016-09-08,-0.001381550128409903
2016-09-09,-0.0038019965072139117
2016-09-12,-0.003473583312299411
2016-09-13,-0.0031596221075522735
2016-09-14,-0.0004998218403930998
2016-09-15,0.000458592882888631
2016-09-16,0.0018646864084421733
2016-09-19,0.002943395088450318
2016-09-20,0.0027904567668015634
2016-09-21,0.003508446815390087
2016-09-22,0.003441290596098323
2016-09-23,-0.002906979759180639
2016-09-26,-0.0034493132732563714
2016-09-27,0.000859905725741239
2016-09-28,0.001761182076889689
2016-09-29,-0.0004024465062484328
2016-09-30,0.002322944277678207
2016-10-03,0.00022693490164593655
2016-10-04,0.0017597915451499357
2016-10-05,0.0018860284318980014
2016-10-06,-0.0009038027220789058
2016-10-07,0.0014258635075745651
2016-10-10,0.0029093357242206963
2016-10-11,-0.0012476695825500705
2016-10-12,0.00012757810554009374
2016-10-13,-0.004555175099075992
2016-10-14,0.00436587052076054
2016-10-17,0.0002415975136966786
2016-10-18,0.006336235017690539
2016-10-19,-0.0012024761158069275
2016-10-20,-0.002108425647386669
2016-10-21,-0.002364500426439098
2016-10-24,0.00354657332169217
2016-10-25,0.0001677027725333069
2016-10-26,-0.0012461322476532422
2016-10-27,0.005367205190897506
2016-10-28,-0.0038071679344355847
2016-10-31,0.003049749551010228
2016-11-01,0.0025181529833873117
2016-11-02,-0.0008327249937114534
2016-11-03,-0.001488125660717099
2016-11-04,-0.007775621497419616
2016-11-07,0.0159455166961342
2016-11-08,-0.0003757355145054264
2016-11-09,-0.018766393726578734
2016-11-10,0.004553021687698111
2016-11-11,-0.0008996923401547452
2016-11-14,0.002018696087011884
2016-11-15,0.010674524708642164
2016-11-16,-0.005177305238520891
2016-11-17,0.0018067415161082678
2016-11-18,0.0013391139622260795
2016-11-21,0.004101215909469547
2016-11-22,0.0051836360157482275
2016-11-23,-0.001737333690807752
2016-11-25,0.0022680361465028387
2016-11-28,-0.0021908401049545168
2016-11-29,0.00035998455642194394
2016-11-30,0.00029501954921684614
2016-12-01,0.00027903233563142393
2016-12-02,-0.0023733914793879762
2016-12-05,0.004807469099643358
2016-12-06,0.003558511108437523
2016-12-07,9.639107580783346e-05
2016-12-08,0.0017866652117459747
2016-12-09,0.0036888544784814403
2016-12-12,-0.0032287955818999237
2016-12-13,0.003850277401863833
2016-12-14,0.0003522379193294789
2016-12-15,0.0008296446715676531
2016-12-16,0.003922129743027414
2016-12-19,0.0009406847704425125
2016-12-20,0.0041981753822666334
2016-12-21,0.0001362236123101379
2016-12-22,0.0028988962775893246
2016-12-23,-0.002429858487326797
2016-12-27,0.0027821006311490315
2016-12-28,0.003656718607453202
2016-12-29,-0.004347790120078021
2016-12-30,0.0015464291786337903
2017-01-03,0.002750289252633209
2017-01-04,0.0017201876226846657
2017-01-05,-0.00030212613501057195
2017-01-06,0.0018933626983832497
2017-01-09,0.0004793776219602641
2017-01-10,0.0008701909623496373
2017-01-11,-0.0007203033823226512
2017-01-12,-0.003374141377019857
2017-01-13,0.0006783038713829015
2017-01-17,-0.0025647258283636454
2017-01-18,-0.0003446879003486947
2017-01-19,0.002128174523769788
2017-01-20,0.0035462062824984653
2017-01-23,-0.00100484129976941
2017-01-24,0.0016198166377447976
2017-01-25,0.0057191669252403265
2017-01-26,0.0026919751616396592
2017-01-27,0.002879702339193768
2017-01-30,-0.003873568690400786
2017-01-31,-0.0035348464383497813
2017-02-01,0.009163781514821556
2017-02-02,-0.002560776366410389
2017-02-03,-0.0028926405172251535
2017-02-06,-0.0004668595044258206
2017-02-07,0.0034103876819857604
2017-02-08,-0.0005551819058565721
2017-02-09,0.0029593087457315814
2017-02-10,0.005058076580002346
2017-02-13,0.0038144087472589128
2017-02-14,-0.0010444855712330448
2017-02-15,-0.0005687020462171732
2017-02-16,0.000796382451649924
2017-02-17,-0.003112423631723371
2017-02-21,0.003987892476478239
2017-02-22,0.0005660316924611664
2017-02-23,-0.0026503753172081312
2017-02-24,-0.007555983416614009
2017-02-27,-0.0016795802845275265
2017-02-28,0.0019716347575344795
2017-03-01,0.00971038226330534
2017-03-02,-0.0014079896425752692
2017-03-03,-0.0014224944258831584
2017-03-06,-0.004277535594676474
2017-03-07,-0.0010305078768907405
2017-03-08,0.0017534297327022053
2017-03-09,-8.899127867578738e-05
2017-03-10,0.005216040565956259
2017-03-13,0.00239378305358362
2017-03-14,-0.001820356527827971
2017-03-15,0.0012023634130005068
2017-03-16,0.0025393736707410852
2017-03-17,0.001804555420157783
2017-03-20,0.001105603769851804
2017-03-21,0.0020736401710750307
2017-03-22,-0.00036920345656055176
2017-03-23,-0.0015291717732579535
2017-03-24,0.008919922911260869
2017-03-27,-0.008573692238736386
2017-03-28,0.0015562736964882529
2017-03-29,0.0006140076856382404
2017-03-30,0.0008421979824571046
2017-03-31,-0.0007942161253312596
2017-04-03,0.0018147794748080148
2017-04-04,-0.006117322298487937
2017-04-05,0.0009398416265766762
2017-04-06,-0.0007618524297346996
2017-04-07,-1.1469775470174248e-05
2017-04-10,0.0016738887971743388
2017-04-11,-0.0018266111218859793
2017-04-12,-0.0010704716214885446
2017-04-13,-0.0012976474101973334
2017-04-17,0.0028058334846068345
2017-04-18,-0.0030441646665750888
2017-04-19,0.0043910652666516725
2017-04-20,0.004450103346969048
2017-04-21,-0.0001892894560721059
2017-04-24,0.008958356631677322
2017-04-25,0.0031315015363371224
2017-04-26,-1.7407418037795885e-05
2017-04-27,0.0038866498466461064
2017-04-28,0.006530747496475087
2017-05-01,0.0033779946990140086
2017-05-02,-0.0027701231388971292
2017-05-03,-0.0021586073245235537
2017-05-04,0.00016105629234175467
2017-05-05,0.002837061854932932
2017-05-08,0.00120164498389852
2017-05-09,0.002745643841965073
2017-05-10,0.005630674664851787
2017-05-11,-0.003968647473571174
2017-05-12,0.003438353216635548
2017-05-15,-0.0005819410176617357
2017-05-16,0.004297696941401696
2017-05-17,-0.012359933737859818
2017-05-18,0.00137809278869927
2017-05-19,0.00730685035922396
2017-05-22,0.004937144506800495
2017-05-23,0.003579981905639684
2017-05-24,0.0067862783651759795
2017-05-25,0.004515104729837072
2017-05-26,5.2758116264595145e-06
2017-05-30,0.001157084866115543
2017-05-31,0.004952387252204149
2017-06-01,0.003843332225520024
2017-06-02,0.002365105831845904
2017-06-05,-0.001803087220969446
2017-06-06,-0.0017300986258559359
2017-06-07,0.0046632868382594506
2017-06-08,0.007922790676106795
2017-06-09,0.00694792366338004
2017-06-12,-0.014524139217940046
2017-06-13,0.014879011783928586
2017-06-14,0.005789422788822884
2017-06-15,-0.019823100170502927
2017-06-16,0.005268488318967979
2017-06-19,0.014277517337359269
2017-06-20,0.005267438974346339
2017-06-21,0.006691143005021605
2017-06-22,0.0006014566695127233
2017-06-23,-0.0010996656725817955
2017-06-26,0.006823728779857152
2017-06-27,-0.005208027369065782
2017-06-28,0.007425501431228554
2017-06-29,-0.007336005518424171
2017-06-30,0.006111035193637759
2017-07-03,0.007190511638911712
2017-07-05,0.005014732554069035
2017-07-06,-0.011525411575940558
2017-07-07,0.007159085414698563
2017-07-10,0.005106324091418646
2017-07-11,-0.0009443966414771632
2017-07-12,0.009643655264490958
2017-07-13,0.0011743519369900035
2017-07-14,0.0028339058478439316
2017-07-17,0.0015366507318044231
2017-07-18,-0.0027360546964356747
2017-07-19,0.003834176653916277
2017-07-20,0.0033184667429027037
2017-07-21,-0.0045868057496161185
2017-07-24,0.0016593135269240555
2017-07-25,-0.004123586750641395
2017-07-26,0.006951932225062185
2017-07-27,0.011553926933014269
2017-07-28,-0.007847510129453061
2017-07-31,0.001618663237759499
2017-08-01,0.0032752649503275943
2017-08-02,0.00902598112854891
2017-08-03,0.00677188561318065
2017-08-04,0.0020609433893790108
2017-08-07,0.00315442527198484
2017-08-08,0.0010015764972097774
2017-08-09,-0.011260660627893437
2017-08-10,-0.006061466443785579
2017-08-11,-0.0014456047102554548
2017-08-14,0.012300752891074795
2017-08-15,0.0039447770405884874
2017-08-16,0.002601982508051659
2017-08-17,-0.003000954063498762
2017-08-18,0.0021902277072429754
2017-08-21,0.00031236882014695766
2017-08-22,0.005979524072688092
2017-08-23,-0.005890477945436068
2017-08-24,0.002652461765594305
2017-08-25,0.0035665019088340078
2017-08-28,0.002508128855267522
2017-08-29,-0.00984129354103247
2017-08-30,0.0027094403444325454
2017-08-31,0.0025798216509498317
2017-09-01,0.002371664318282951
2017-09-05,-0.004864861371172591
2017-09-06,0.003195559059152586
2017-09-07,0.002227043799958528
2017-09-08,-0.001160356640490079
2017-09-11,0.008273124943965815
2017-09-12,0.003168406360507303
2017-09-13,-0.0012523170772996695
2017-09-14,-0.003348714911068029
2017-09-15,0.0015865192487709567
2017-09-18,0.004583076452577162
2017-09-19,0.0007855520545625438
2017-09-20,-0.0005280025484727391
2017-09-21,-0.0018930980008377007
2017-09-22,-0.004853672229900852
2017-09-25,-0.004553145834311212
2017-09-26,0.008836169852797005
2017-09-27,0.009705168607078374
2017-09-28,-0.0014741017012355195
2017-09-29,0.002981605840846724
2017-10-02,0.0035887567353232175
2017-10-03,-0.00031448233125674907
2017-10-04,-0.0009894690576571774
2017-10-05,0.004230449689383908
2017-10-06,-0.004330358675203927
2017-10-09,0.0012430703987020841
2017-10-10,0.007369596131842071
2017-10-11,-0.0006476301752811331
2017-10-12,-0.0008719950626162598
2017-10-13,0.00618168406489672
2017-10-16,0.0034162469856229283
2017-10-17,-0.001380611548513877
2017-10-18,0.0021015913489506044
2017-10-19,-0.007672273592480572
2017-10-20,0.006024919247190619
2017-10-23,0.0035739363057578633
2017-10-24,0.0016557681517690437
2017-10-25,-0.0038382658358298016
2017-10-26,0.0038006358245319394
2017-10-27,0.016239176596806848
2017-10-30,-0.0016912319090385264
2017-10-31,0.0023041463468995715
2017-11-01,0.005262482409608804
2017-11-02,-0.0058696580118786645
2017-11-03,0.005196478345773414
2017-11-06,0.0006307406252583636
2017-11-07,0.0012618045123744537
2017-11-08,-0.0007152258756083496
2017-11-09,-0.008741143469983115
2017-11-10,6.293238375976173e-06
2017-11-13,-0.004993436236084725
2017-11-14,-0.00262208709880829
2017-11-15,-0.007306913533190795
2017-11-16,0.007404781368059998
2017-11-17,0.005033159306303325
2017-11-20,0.0006573691961564432
2017-11-21,0.006208075025716742
2017-11-22,0.001321084905093306
2017-11-24,0.001340897538611996
2017-11-27,-0.001042295037539831
2017-11-28,0.0027863507843173263
2017-11-29,-0.002616707118799466
2017-11-30,0.005804549639477852
2017-12-01,-0.00724642491297478
2017-12-04,0.006979498932561556
2017-12-05,-0.004438578940201721
2017-12-06,-0.005250786382095085
2017-12-07,0.0048972823056572246
2017-12-08,0.00905866306976022
2017-12-11,0.0010856522462847629
2017-12-12,-0.0031969361957975284
2017-12-13,0.004506032169211194
2017-12-14,0.0012814565164169789
2017-12-15,0.005892025400055179
2017-12-18,0.00759749568945578
2017-12-19,-0.0017383510575652572
2017-12-20,0.007463258360633329
2017-12-21,0.0004975539530085449
2017-12-22,-0.0024451515018685255
2017-12-26,-0.008062353121274013
2017-12-27,0.0007981233922822462
2017-12-28,0.0037064974254354954
2017-12-29,-0.0007485209734263698
2018-01-02,0.00608578476930588
2018-01-03,0.0038464432431948303
2018-01-04,0.004612967586266281
2018-01-05,0.0040467755220185975
2018-01-08,0.0008908509978833301
2018-01-09,0.0015496840336362006
2018-01-10,-0.006624737058681496
2018-01-11,0.003073048177186344
2018-01-12,-0.003427755548213174
2018-01-16,0.007628672111062551
2018-01-17,0.004703679959095597
2018-01-18,0.00012202037292485812
2018-01-19,0.004543431226256223
2018-01-22,-0.00029921766171936426
2018-01-23,0.009780866028236579
2018-01-24,0.0016011589488562628
2018-01-25,0.00826067916811879
2018-01-26,0.008685776404912637
2018-01-29,-0.0020854042856021104
2018-01-30,-0.01170203494730504
2018-01-31,0.008644124577713574
2018-02-01,-0.007655022986584381
2018-02-02,5.0161348312371956e-05
2018-02-05,-0.014713583774516703
2018-02-06,-0.01921430781607192
2018-02-07,-0.00022765609128450048
2018-02-08,0.006313768725464186
2018-02-09,0.025825796850761362
2018-02-12,0.012783321673637271
2018-02-13,-0.0036414475168523586
2018-02-14,-0.005391069667776915
2018-02-15,0.012075035171531967
2018-02-16,-0.0029496074813537554
2018-02-20,-0.0025210812102128832
2018-02-21,0.007945127811719743
2018-02-22,0.006707999095895145
2018-02-23,0.009750964424347641
2018-02-26,0.006537509104993289
2018-02-27,0.0001070987571045734
2018-02-28,0.005350960961224116
2018-03-01,0.0014483402853546767
2018-03-02,-0.015511156910576807
2018-03-05,-0.005217338612661826
2018-03-06,0.009786387730438495
2018-03-07,-0.009708286096108187
2018-03-08,0.0043740591226824055
2018-03-09,0.00838486981807196
2018-03-12,0.006663906123021368
2018-03-13,0.009161653166113615
2018-03-14,0.004905629833141356
2018-03-15,0.0019821966788420298
2018-03-16,0.004477306752212362
2018-03-19,-0.009111211187819324
2018-03-20,0.0014652612352075156
2018-03-21,-0.0008736961547194388
2018-03-22,-0.012380006102688301
2018-03-23,-0.002731236810832205
2018-03-26,0.024931438806661266
2018-03-27,0.007707426544508733
2018-03-28,-0.010334094722324605
2018-03-29,0.0029467056949841197
2018-04-02,-0.011656482290988035
2018-04-03,0.013503293956580231
2018-04-04,-0.029156346252407705
2018-04-05,0.00949437864730207
2018-04-06,-0.017746910563415597
2018-04-09,0.012157467995679516
2018-04-10,0.024818533377931606
2018-04-11,-0.002165084577055887
2018-04-12,0.010271036611530615
2018-04-13,0.008372514321736801
2018-04-16,0.0075365805407663355
2018-04-17,0.015530371496964568
2018-04-18,-0.0010953837098435226
2018-04-19,-0.00753290658300565
2018-04-20,-0.0022793989430787143
2018-04-23,0.00688814628196277
2018-04-24,0.007076586523253381
2018-04-25,0.000468013774116649
2018-04-26,0.01495795807397382
2018-04-27,0.026808917275229494
2018-04-30,0.0017629836071584304
2018-05-01,-0.002180518566531009
2018-05-02,-0.0009545223534713765
2018-05-03,-7.304352266690461e-05
2018-05-04,-0.0009255450473383275
2018-05-07,0.001969168623457307
2018-05-08,-0.00022679851414686425
2018-05-09,0.0005911446984763202
2018-05-10,0.0012231017370640807
2018-05-11,-0.0025435139276777097
2018-05-14,0.0021603674437611353
2018-05-15,-0.0003729497788360625
2018-05-16,0.0012691732834784197
2018-05-17,-0.0006736527435957651
2018-05-18,-9.233240170491985e-05
2018-05-21,0.004553103937632974
2018-05-22,0.0036604267817823555
2018-05-23,-0.0010252697482423523
2018-05-24,7.18611931296298e-05
2018-05-25,-0.00039047824389282226
2018-05-29,-0.0006505211754169737
2018-05-30,0.0019056744462220276
2018-05-31,-0.0042472533614329455
2018-06-01,0.0025848385721469747
2018-06-04,0.00017618616654258012
2018-06-05,0.0027129559869267794
2018-06-06,0.00028162301842882265
2018-06-07,0.0016918333282955889
2018-06-08,-0.005125691625720297
2018-06-11,-0.00016329505484535822
2018-06-12,0.002352376008377677
2018-06-13,0.0006179638217340688
2018-06-14,0.004665348390337387
2018-06-15,-0.003696778107531107
2018-06-18,-0.005705324689436075
2018-06-19,-0.008978229727389264
2018-06-20,0.006198800079949551
2018-06-21,0.007410426674382409
2018-06-22,0.00430201923194673
2018-06-25,-0.009516765452183162
2018-06-26,0.0069765938412573725
2018-06-27,0.006386627965487834
2018-06-28,0.0011692625955919134
2018-06-29,0.006360039226366965
2018-07-02,-0.008394412260091522
2018-07-03,0.003914993343041351
2018-07-05,0.007055584682032157
2018-07-06,-0.0008386209136027611
2018-07-09,0.007725268191916879
2018-07-10,0.0010242203194228416
2018-07-11,-0.008727843138445435
2018-07-12,0.0020450987433158208
2018-07-13,5.025368956990128e-05
2018-07-16,0.002217626202477785
2018-07-17,-0.02018672918158182
2018-07-18,0.001542638667359153
2018-07-19,-0.00460983287786354
2018-07-20,0.0032208613504771666
2018-07-23,-0.00341358354293253
2018-07-24,0.00957622682564141
2018-07-25,0.00019714385438573956
2018-07-26,-0.0028857515480782414
2018-07-27,0.009058556474124124
2018-07-30,0.0003778877080897747
2018-07-31,0.002184805435455406
2018-08-01,0.004204958738173392
2018-08-02,-0.00492320145783276
2018-08-03,0.0019491141195648876
2018-08-06,-0.00018752471454974717
2018-08-07,0.003326767699889599
2018-08-08,-0.0006232191012685018
2018-08-09,-0.00033414771135920063
2018-08-10,-0.0061793686284642435
2018-08-13,0.001447400701899415
2018-08-14,0.0058950948503111444
2018-08-15,-0.005585720964958574
2018-08-16,0.007987574982710743
2018-08-17,-0.0033087481977308597
2018-08-20,0.0011686745353300942
2018-08-21,0.0036810017596884403
2018-08-22,-0.0021662523487313567
2018-08-23,0.0007061933429466372
2018-08-24,0.006272222013245177
2018-08-27,0.007742316871290678
2018-08-28,0.0038340714219788907
2018-08-29,0.0005386504140563186
2018-08-30,-0.0024307388471032088
2018-08-31,0.0006524780439880473
2018-09-04,0.0009134633733622888
2018-09-05,0.002445707735313274
2018-09-06,-0.0020406711354924445
2018-09-07,-0.002391933566867288
2018-09-10,0.0029229712207248237
2018-09-11,-0.001532991721779231
2018-09-12,-0.0033578729750813885
2018-09-13,0.004558558732145057
2018-09-14,0.004441307803972672
2018-09-17,-0.0039339120059294075
2018-09-18,0.002555519725380595
2018-09-19,-0.0011992391666676427
2018-09-20,0.0035859550574108834
2018-09-21,-0.0011994228976414112
2018-09-24,-0.0003719551743450733
2018-09-25,0.0027284506899609706
2018-09-26,-0.0012105062739951045
2018-09-27,-0.0009809325820117065
2018-09-28,-0.0008047843593699255
2018-10-01,0.0003345716122173936
2018-10-02,-0.003138890035555675
2018-10-03,0.00427887675719596
2018-10-04,-0.005309711007164153
2018-10-05,0.0005840475212017804
2018-10-08,-0.009049878548276213
2018-10-09,-0.002078507195262702
2018-10-10,-0.005668933197083836
2018-10-11,-0.008194624709455867
2018-10-12,0.03665141805613947
2018-10-15,0.0
2018-10-16,0.0
2018-10-17,0.0
2018-10-18,-0.005562656942979416
2018-10-19,0.00955166697531129
2018-10-22,0.007369928678037985
2018-10-23,-0.025140698103666925
2018-10-24,-0.0006590116647896549
2018-10-25,0.0015080497452353292
2018-10-26,-0.04228088420007026
2018-10-29,0.01614177089533908
2018-10-30,-0.015317077219392128
2018-10-31,0.024796096270986778
2018-11-01,0.007512242947123715
2018-11-02,0.0006975222179399498
2018-11-05,-0.0008614756400904255
2018-11-06,-0.0013606812523708767
2018-11-07,0.0036277350407944997
2018-11-08,-0.0014132275160013696
2018-11-09,-0.003241785041881884
2018-11-12,-0.003412002766266631
2018-11-13,0.002219425112087725
2018-11-14,0.004695365223708281
2018-11-15,0.0017340575392381652
2018-11-16,-0.009658307792177911
2018-11-19,0.0031615743679735964
2018-11-20,0.009208833601406674
2018-11-21,-0.006062678878584804
2018-11-23,0.007462007070262011
2018-11-26,-0.01276393344977933
2018-11-27,0.0045063243684690946
2018-11-28,-0.0021053122721805817
2018-11-29,0.0027676976146329135
2018-11-30,-0.0016283336920543956
2018-12-03,-0.011289464546987094
2018-12-04,0.004665591147233972
2018-12-06,0.018264214383498345
2018-12-07,0.004279508066249438
2018-12-10,-2.4196843965706982e-05
2018-12-11,-0.010116647146833246
2018-12-12,-0.01121063178055337
2018-12-13,-0.003423459165856846
2018-12-14,0.008430194461599871
2018-12-17,0.0034080919867238713
2018-12-18,-0.005140003324253795
2018-12-19,-0.000822937884717212
2018-12-20,0.0027064501270179786
2018-12-21,-0.0017919778647508267
2018-12-24,0.0033800391343097314
2018-12-26,-0.007689287995947813
2018-12-27,0.008196228640173997
2018-12-28,-0.0040997047224623495
2018-12-31,-0.0065843434361352315
2019-01-02,0.014918302663163407
2019-01-03,0.009697749396281985
2019-01-04,-0.01074256769193549
2019-01-07,0.001268419082306238
2019-01-08,-0.005061740117284441
2019-01-09,-0.0005060375095115033
2019-01-10,0.0052174888651324025
2019-01-11,0.003957713582146027
2019-01-14,0.005301748971007214
2019-01-15,-0.0023587986665351
2019-01-16,-0.0010880267146462508
2019-01-17,0.0018157334390282998
2019-01-18,-0.004595067831346333
2019-01-22,0.004562614357694228
2019-01-23,-0.0024293985984040756
2019-01-24,0.0007073467304510306
2019-01-25,-0.006284316164182124
2019-01-28,-0.0022921469559603613
2019-01-29,-0.0005658042944062247
2019-01-30,-0.002954628138470361
2019-01-31,-0.005029825056095172
2019-02-01,0.004548856483814756
2019-02-04,-0.000708131157137526
2019-02-05,-0.00032625938936559074
2019-02-06,0.001557453366017869
2019-02-07,0.0008437926886126768
2019-02-08,-0.0015990562228168637
2019-02-11,0.0022792277137155814
2019-02-12,0.00018248497462591828
2019-02-13,-0.002073807959247276
2019-02-14,-0.0009187570110542609
2019-02-15,-0.001983624925107841
2019-02-19,-4.0836938390076405e-05
2019-02-20,0.0010866055987053258
2019-02-21,0.0019242478060452761
2019-02-22,0.0019792812426098205
2019-02-25,-0.0007555727652089894
2019-02-26,-0.0003670473486395709
2019-02-27,0.0030640535889074894
2019-02-28,0.0013981991279812256
2019-03-01,-0.002299825118585508
2019-03-04,-0.0017672863315028042
2019-03-05,-0.0008129257146073376
2019-03-06,0.00022168235893205157
2019-03-07,-0.0004101808439703758
2019-03-08,-0.006440677639029557
2019-03-11,0.0018864788544761257
2019-03-12,0.0001518785148517665
2019-03-13,0.001361347934586199
2019-03-14,0.0007388703644148897
2019-03-15,0.0005696974876789884
2019-03-18,0.0007184018149681837
2019-03-19,0.002094220699664362
2019-03-20,0.0010988312847961534
2019-03-21,-0.0011866323057311279
2019-03-22,-0.0031062683322449214
2019-03-25,-0.002764435998858561
2019-03-26,0.005737284980651847
2019-03-27,0.0005219558070650443
2019-03-28,0.0035450303435518027
2019-03-29,0.0038876860105754307
2019-04-01,0.006703986494311254
2019-04-02,-4.7448230840907435e-05
2019-04-03,0.003676527371739624
2019-04-04,-0.005835401032162624
2019-04-05,0.0020832078814785326
2019-04-08,-0.0004892553929539689
2019-04-09,-0.00306159716104637
2019-04-10,0.0017675294528627372
2019-04-11,-0.0007645265288007685
2019-04-12,0.001579355072972799
2019-04-15,0.00029877284872226184
2019-04-16,0.0026569117203585346
2019-04-17,0.0035617946596515626
2019-04-18,0.0009534804036408495
2019-04-22,-0.0023629000071764272
2019-04-23,-3.016037424430351e-05
2019-04-24,0.0005774138936425199
2019-04-25,0.0020498951186971315
2019-04-26,-0.002692692029706234
2019-04-29,2.1653258609699577e-05
2019-04-30,4.7015371175795906e-05
2019-05-01,0.0016001540228560707
2019-05-02,0.00029586595120667525
2019-05-03,0.008246583128799223
2019-05-06,-0.018778182797466014
2019-05-07,-0.00671419458367184
2019-05-08,-0.0026346905458447534
2019-05-09,-0.008425498226541261
2019-05-10,-0.0025766846649601938
2019-05-13,-0.021261705116735197
2019-05-14,0.005947911034044573
2019-05-15,-0.004714986983990754
2019-05-16,1.8439937309766563e-05
2019-05-17,-0.007668462033153078
2019-05-20,-0.012446445286355967
2019-05-21,0.009381192123602666
2019-05-22,-0.006530271541694832
2019-05-23,-0.010899683818802686
2019-05-24,0.0061932573000529345
2019-05-28,0.00470195194955525
2019-05-29,-0.004682157476248894
2019-05-30,0.0026876347719955174
2019-05-31,-0.010722320570888844
2019-06-03,0.0010929403335251386
2019-06-04,0.002978303315799069
2019-06-05,0.002496154857166699
2019-06-06,0.0008381671038593108
2019-06-07,0.0005760050986414189
2019-06-10,0.0037599839974995497
2019-06-11,0.002696827969971727
2019-06-12,-0.002089664941744118
2019-06-13,0.0010671846794831907
2019-06-14,-0.004802413095847502
2019-06-17,-0.0003216657322037131
2019-06-18,0.0023871969642581536
2019-06-19,0.0010996204573889834
2019-06-20,0.0037387161720146
2019-06-21,-0.0011369349867748069
2019-06-24,0.0008014739095099088
2019-06-25,0.00015702654077887068
2019-06-26,0.0058176513012664355
2019-06-27,0.0
2019-06-28,0.0
2019-07-01,0.0
2019-07-02,-0.0012225028636827506
2019-07-03,0.0009238226193180044
2019-07-05,-0.006885238254336956
2019-07-08,-0.0041560247401492
2019-07-09,-0.0032458819683742757
2019-07-10,0.005482529425736127
2019-07-11,0.002918593887342613
2019-07-12,0.0009914656965712698
2019-07-15,0.0021619180997118903
2019-07-16,-0.0013532010882224554
2019-07-17,0.0018912011163925158
2019-07-18,-0.0074627405036188366
2019-07-19,0.005335903798511232
2019-07-22,0.0037132886827488942
2019-07-23,0.0035336692142544646
2019-07-24,-0.0025965529021292344
2019-07-25,-0.001431443809294386
2019-07-26,-0.0006139034909109498
2019-07-29,-0.0016100820019891993
2019-07-30,-0.005657433034359838
2019-07-31,-0.002920858765228851
2019-08-01,0.000606119221116197
2019-08-02,-0.005194935593592409
2019-08-05,-0.01619597828497743
2019-08-06,0.008371272235905947
2019-08-07,-0.006117025993101821
2019-08-08,0.007870048794931028
2019-08-09,-0.004093646743493551
2019-08-12,-0.004929015366099132
2019-08-13,0.0007530272443347918
2019-08-14,-0.014537593363098567
2019-08-15,0.0022566308030944615
2019-08-16,0.00957450417255945
2019-08-19,0.012742374370296794
2019-08-20,-0.001203211581225272
2019-08-21,0.007653739886561262
2019-08-22,0.0016715112575607094
2019-08-23,-0.006517398159439081
2019-08-26,0.009992553577994334
2019-08-27,0.0054564077528995725
2019-08-28,-0.0030538380225575423
2019-08-29,0.010284405604365388
2019-08-30,0.004537416263021177
2019-09-03,-0.006540742181663561
2019-09-04,0.009295716123758124
2019-09-05,0.011259658810542472
2019-09-06,0.0007773744143679817
2019-09-09,0.0038531189483077544
2019-09-10,-0.004447390960677033
2019-09-11,0.00019650877299137726
2019-09-12,0.006003026266842237
2019-09-13,-0.002475054513343067
2019-09-16,-0.006316034878240173
2019-09-17,0.0008848851109155564
2019-09-18,-0.0008996803619150118
2019-09-19,0.0017067636152738874
2019-09-20,0.0007921609342864677
2019-09-23,-0.0009946709801812448
2019-09-24,0.004695829888706982
2019-09-25,7.10752659003333e-05
2019-09-26,-0.0008460704230114358
2019-09-27,-7.746353881110668e-05
2019-09-30,0.0030727439374576004
2019-10-01,0.0037991798140766253
2019-10-02,-0.004135321333089248
2019-10-03,0.0007041528930413765
2019-10-04,0.004838422131695053
2019-10-07,-0.0018008463955477838
2019-10-08,-0.005092889548416801
2019-10-09,0.007313640649600606
2019-10-10,0.0007981312656040185
2019-10-11,0.007513114929620812
2019-10-14,-0.001600258362891127
2019-10-15,0.002516083599643393
2019-10-16,-0.004691591426886688
2019-10-17,0.003783165601119798
2019-10-18,-0.0009148632884703467
2019-10-21,0.0042032272060577025
2019-10-22,0.0017075189423341186
2019-10-23,-0.002197049246396965
2019-10-24,0.00520532574673549
2019-10-25,0.00021189534649646014
2019-10-28,0.004089376639655917
2019-10-29,0.00036675501250416076
2019-10-30,0.0021211798782454494
2019-10-31,0.0037657144563369993
2019-11-01,0.0030172403020138905
2019-11-04,0.0056226168313395775
2019-11-05,0.0013703770771125168
2019-11-06,-0.0007830671979013326
2019-11-07,0.004992925498581657
2019-11-08,-0.0019964778370887837
2019-11-11,-0.0022687757556799637
2019-11-12,0.0016494419333892285
2019-11-13,-0.0009719305945790069
2019-11-14,-0.0011357253900583508
2019-11-15,0.005301589050078714
2019-11-18,-0.0004491725827454607
2019-11-19,0.002438781804501078
2019-11-20,-0.0032339559913381333
2019-11-21,-0.0013473790108977646
2019-11-22,-0.0014552302626966718
2019-11-25,0.006744048790322976
2019-11-26,-0.0003755403266982871
2019-11-27,0.0037436019054915004
2019-11-29,-0.002495277989659872
2019-12-02,0.00021260037023762557
2019-12-03,-0.012677681712484179
2019-12-04,0.005207870744910137
2019-12-05,0.002785183185023632
2019-12-06,0.006989311283025934
2019-12-09,-0.0009624876318605757
2019-12-10,0.0019547605520644495
2019-12-11,0.0014511178518337164
2019-12-12,-0.0016312765709438626
2019-12-13,-0.0004375324430447858
2019-12-16,0.006091020627491783
2019-12-17,0.0011286826750891432
2019-12-18,0.000986246627512788
2019-12-19,0.002564569283968643
2019-12-20,0.006640877659207733
2019-12-23,0.003685643417424167
2019-12-24,0.0011988866532262055
2019-12-26,0.0020179422724078133
2019-12-27,0.0035594050280525202
2019-12-30,-0.0009903014017493827
2019-12-31,-0.00478656044303416
2020-01-02,0.008030089737270263
2020-01-03,-0.008274426471012064
2020-01-06,-0.007942615889264815
2020-01-07,0.005541684512087031
2020-01-08,0.0004874153401812631
2020-01-09,0.009765918552042896
2020-01-10,0.0034702754627145005
2020-01-13,0.008423456026553477
2020-01-14,0.005561132581429762
2020-01-15,-0.0030341039034015305
2020-01-16,-0.0033471888273266526
2020-01-17,0.0019049038454428402
2020-01-21,0.004491397342677228
2020-01-22,0.013710755640311767
2020-01-23,-0.0008361850206866084
2020-01-24,0.005019180380630761
2020-01-27,-0.027567993727889317
2020-01-28,0.0113492063103664
2020-01-29,0.006849701438762068
2020-01-30,0.015839439074101458
2020-01-31,-0.003479170686783939
2020-02-03,0.008032665438870268
2020-02-04,0.056547518641597794
2020-02-05,0.0
2020-02-06,0.0
2020-02-07,0.0
2020-02-10,0.020274040352917577
2020-02-11,0.004357828023606736
2020-02-12,0.00621282359925579
2020-02-13,-0.01663992328679509
2020-02-14,-0.003878775566500514
2020-02-18,0.01065840149383801
2020-02-19,0.03514472045193884
2020-02-20,0.0
2020-02-21,0.0
2020-02-24,0.0
2020-02-25,0.016412326750242068
2020-02-26,-0.00559025423284365
2020-02-27,-0.0484538363703485
2020-02-28,-0.05683813295943996
2020-03-02,0.03698719124689953
2020-03-03,0.0
2020-03-04,0.0
2020-03-05,0.0
2020-03-06,0.0
2020-03-09,0.0
2020-03-10,0.0
2020-03-11,0.0
2020-03-12,0.0
2020-03-13,0.0
2020-03-16,0.0
2020-03-17,0.0
2020-03-18,0.0
2020-03-19,0.0
2020-03-20,0.0
2020-03-23,0.0
2020-03-24,0.0
2020-03-25,-0.004544353303600146
2020-03-26,-0.008031033650637842
2020-03-27,0.021878677555422943
2020-03-30,-0.008290416236243048
2020-03-31,0.0018907346765424382
2020-04-01,0.026823402350690362
2020-04-02,0.003741595609012549
2020-04-03,0.0015615370671440143
2020-04-06,-0.02297182557662325
2020-04-07,-0.027078661151346384
2020-04-08,-0.008698048147742665
2020-04-09,-0.007769829141760165
2020-04-13,0.0017649996183481953
2020-04-14,-0.012072589243240728
2020-04-15,0.00795542017425066
2020-04-16,-0.00442331093596382
2020-04-17,-0.007936611240758729
2020-04-20,0.003035984650975987
2020-04-21,0.006209358034839685
2020-04-22,-0.010605371772649863
2020-04-23,-0.0034218952772867572
2020-04-24,-0.001811281107274909
2020-04-27,-0.00928573308931091
2020-04-28,0.004057452839359543
2020-04-29,0.0013320655844040186
2020-04-30,-0.0013944715357228077
2020-05-01,-0.005954962892578242
2020-05-04,0.0
2020-05-05,0.0
2020-05-06,0.0
2020-05-07,0.0
2020-05-08,0.0
2020-05-11,0.0
2020-05-12,0.0
2020-05-13,0.0
2020-05-14,0.0
2020-05-15,0.0
2020-05-18,0.0
2020-05-19,0.0
2020-05-20,0.0
2020-05-21,0.0
2020-05-22,0.0
2020-05-26,0.0
2020-05-27,0.0
2020-05-28,0.0
2020-05-29,0.0
2020-06-01,0.0
2020-06-02,-2.129982352627735e-05
2020-06-03,0.004048631699763661
2020-06-04,-0.001369529006548409
2020-06-05,0.0022121836777162507
2020-06-08,0.007533382055878279
2020-06-09,-0.003246078546675024
2020-06-10,0.02070422349685752
2020-06-11,-0.022953653952480058
2020-06-12,0.023599593020532827
2020-06-15,-0.014322991013761777
2020-06-16,0.01887711075794285
2020-06-17,0.00785842292903638
2020-06-18,0.0032308935171834197
2020-06-19,0.009904906411750458
2020-06-22,0.002592677313016045
2020-06-23,0.005240330720169606
2020-06-24,-0.001783957052624574
2020-06-25,0.00016417179594108156
2020-06-26,0.002486866485147843
2020-06-29,0.0027274364732969847
2020-06-30,0.004501135674471302
2020-07-01,0.000841921047673333
2020-07-02,0.030147616862074456
2020-07-06,0.026808210460676607
2020-07-07,0.008691371660227709
2020-07-08,0.010017047190993944
2020-07-09,0.01575868807298586
2020-07-10,0.0012711627770840561
2020-07-13,0.03445440290450086
2020-07-14,0.0
2020-07-15,0.0
2020-07-16,0.0
2020-07-17,0.006253689720146394
2020-07-20,0.010334663991989679
2020-07-21,0.004853185825222539
2020-07-22,0.0075677408122227785
2020-07-23,0.02033308317993132
2020-07-24,-0.0323918059510927
2020-07-27,0.011802280843685509
2020-07-28,-0.011161281722630534
2020-07-29,0.012842026386881367
2020-07-30,-0.0071348884353991116
2020-07-31,0.027262052452857066
2020-08-03,0.013066216247819451
2020-08-04,0.002363147464687465
2020-08-05,0.003241078690860766
2020-08-06,0.0003133861141826344
2020-08-07,0.0006303677576131594
2020-08-10,0.0005123629259720097
2020-08-11,-0.011705623616760641
2020-08-12,0.030099067730273266
2020-08-13,0.017398991673896136
2020-08-14,0.010572521278366942
2020-08-17,0.01414518407530152
2020-08-18,0.0157766718334702
2020-08-19,-0.0028238003856767557
2020-08-20,-0.00779275621095854
2020-08-21,0.00731534297064429
2020-08-24,0.02075986731225754
2020-08-25,-0.011674541455264809
2020-08-26,0.01337900535401948
2020-08-27,0.00744369989644067
2020-08-28,0.013739492144200005
2020-08-31,0.001031650466035039
2020-09-01,0.00913409530692011
2020-09-02,0.02016817177652319
2020-09-03,-0.060102811828926406
2020-09-04,-0.010292063627179493
2020-09-08,-0.10751848615919124
2020-09-09,0.06005739301234225
2020-09-10,0.0
2020-09-11,0.0
2020-09-14,0.0
2020-09-15,0.03682476187187356
2020-09-16,0.0
2020-09-17,0.0
2020-09-18,0.0
2020-09-21,0.004548900503506426
2020-09-22,-0.017562369704823166
2020-09-23,-0.027603256777714025
2020-09-24,-0.029964467350219515
2020-09-25,0.010632849517411058
2020-09-28,0.037163500601442134
2020-09-29,0.0
2020-09-30,0.0
2020-10-01,0.0
2020-10-02,-0.05286052923623619
2020-10-05,0.016814500519634068
2020-10-06,-0.0024493265484145654
2020-10-07,0.015993203528503974
2020-10-08,0.021091074258401843
2020-10-09,0.003634577007423534
2020-10-12,0.019467927018183007
2020-10-13,0.0044437583674685754
2020-10-14,0.0044320120350269665
2020-10-15,-0.021951377592325017
2020-10-16,0.008653074730235577
2020-10-19,0.010087313549441923
2020-10-20,0.004183985238009669
2020-10-21,-0.0003214516254442801
2020-10-22,0.01686992044711788
2020-10-23,0.0020530609944988676
2020-10-26,-0.010293249013920147
2020-10-27,0.006298976691223368
2020-10-28,-0.014684685035562972
2020-10-29,0.01174387562355883
2020-10-30,-0.019339344420187254
2020-11-02,0.009228408422701007
2020-11-03,0.009792614064055849
2020-11-04,0.031100070292291893
2020-11-05,0.0
2020-11-06,0.0
2020-11-09,0.0
2020-11-10,-0.008442547811935208
2020-11-11,0.01341951002182662
2020-11-12,0.004904642771874412
2020-11-13,0.005592716768536565
2020-11-16,-0.00624471580025765
2020-11-17,0.022836491087563138
2020-11-18,0.0008251493528621534
2020-11-19,0.00018499371547675558
2020-11-20,0.000371969203190714
2020-11-23,0.009894840942580085
2020-11-24,0.010395696997175463
2020-11-25,0.0006209223704811695
2020-11-27,0.009606040402117655
2020-11-30,0.01039045377026615
2020-12-01,0.02104253618786278
2020-12-02,-0.017192975523331988
2020-12-03,0.014705423367479264
2020-12-04,0.00036109319563659703
2020-12-07,0.003863948426642727
2020-12-08,-0.007935155564220309
2020-12-09,0.0020787344243979877
2020-12-10,-0.021938234333696238
2020-12-11,-0.011415039864475673
2020-12-14,0.008772441440892731
2020-12-15,0.009515880473518479
2020-12-16,-0.002277937742409253
2020-12-17,0.008223618273330846
2020-12-18,0.011418893267596042
2020-12-21,-0.025375358629934897
2020-12-22,0.003754445231860304
2020-12-23,-0.005268751318297182
2020-12-24,-0.0008724157194298643
2020-12-28,0.01747154519473204
2020-12-29,0.0020001138084821957
2020-12-30,0.007570585275112229
2020-12-31,0.00406010467785034
2021-01-04,0.01308703351307261
2021-01-05,-0.0047511713638191955
2021-01-06,0.007719606601897855
2021-01-07,0.02338578603487451
2021-01-08,0.03349800039559225
2021-01-11,0.0
2021-01-12,0.0
2021-01-13,0.0
2021-01-14,-0.004880748834099724
2021-01-15,0.0044342494433147195
2021-01-19,0.013589144951327237
2021-01-20,0.013788853434488546
2021-01-21,0.00635612081785486
2021-01-22,-0.005876868865075435
2021-01-25,0.013872918978817372
2021-01-26,0.005607930896291746
2021-01-27,-0.015018687548979393
2021-01-28,-0.016795450307414805
2021-01-29,-0.0031923022753106434
2021-02-01,0.017446806573308216
2021-02-02,0.010209089253832904
2021-02-03,0.009132180181941063
2021-02-04,0.006652858937943984
2021-02-05,0.0007956380176281641
2021-02-08,0.013459857222848148
2021-02-09,-0.0025960590886552337
2021-02-10,0.0015841679338575165
2021-02-11,0.008630011843395291
2021-02-12,-0.004321814576296434
2021-02-16,0.0037401469789253294
2021-02-17,-0.01171626869473219
2021-02-18,-0.013414655303848777
2021-02-19,0.008980664446729403
2021-02-22,-0.013040960107154609
2021-02-23,-0.02988520838339892
2021-02-24,0.00016334493912428805
2021-02-25,-0.010775762519816046
2021-02-26,0.013410322362430227
2021-03-01,0.018141835206405332
2021-03-02,0.0010691765692700805
2021-03-03,0.00018475614266089124
2021-03-04,0.0002686359373307301
2021-03-05,0.007985734278183942
2021-03-08,0.0001219541698413984
2021-03-09,0.033973065750853015
2021-03-10,0.0
2021-03-11,0.0
2021-03-12,0.0
2021-03-15,0.0014888081618109616
2021-03-16,0.0020609798318391714
2021-03-17,-0.016976706985138756
2021-03-18,-0.0171058567945237
2021-03-19,-0.002152394714806216
2021-03-22,0.018459573865042156
2021-03-23,0.002858861292277526
2021-03-24,0.007313754508561088
2021-03-25,-0.014467198893714284
2021-03-26,0.0008088061836395433
2021-03-29,-0.0030696814382409343
2021-03-30,-0.006506985252032638
2021-03-31,0.009721561076322827
2021-04-01,0.019715820981602628
2021-04-05,0.02721797357383471
2021-04-06,0.0
2021-04-07,0.0
2021-04-08,0.0
2021-04-09,-0.0040107996367259036
2021-04-12,0.0014174519568050936
2021-04-13,0.005310084149934724
2021-04-14,0.0031346388169073425
2021-04-15,0.008462077174579585
2021-04-16,-0.003501145250260018
2021-04-19,-0.009664202154531232
2021-04-20,0.0005272277240166989
2021-04-21,-0.005785377830948235
2021-04-22,-0.0011160878059814916
2021-04-23,0.0021791101142898395
2021-04-26,0.005057067734559162
2021-04-27,-0.0061158131709432295
2021-04-28,-0.0022076167586141393
2021-04-29,0.005249767375500314
2021-04-30,-0.007454738162935515
2021-05-03,-0.00014191046300759957
2021-05-04,-0.006493233094958972
2021-05-05,0.007226300662172003
2021-05-06,0.003281733265369402
2021-05-07,0.0051743262265182555
2021-05-10,-0.006081498120813933
2021-05-11,-0.02111128124430328
2021-05-12,-0.012651692036148243
2021-05-13,0.008809996331610837
2021-05-14,0.009604344057483338
2021-05-17,-0.00797734999630395
2021-05-18,-0.0008408899662665226
2021-05-19,-0.01842617817745329
2021-05-20,0.007078374347240901
2021-05-21,0.007241823560398819
2021-05-24,0.004424621708335463
2021-05-25,0.003401340298096134
2021-05-26,0.0034960469266074323
2021-05-27,0.00022988252502020856
2021-05-28,0.001321976356118304
2021-06-01,0.0044972793593272
2021-06-02,-0.0003178898214184489
2021-06-03,-0.006190925691382132
2021-06-04,0.00613186108698649
2021-06-07,-0.0034284727508376855
2021-06-08,0.008401554305574876
2021-06-09,0.00237760392361297
2021-06-10,0.002112957461272824
2021-06-11,0.0006012167873610252
2021-06-14,0.001972877494673453
2021-06-15,-0.0007592220264238669
2021-06-16,9.251874503246604e-05
2021-06-17,-0.0024133473504626135
2021-06-18,-0.0025388908104841956
2021-06-21,-0.0005420732634930925
2021-06-22,-0.000609639074077295
2021-06-23,0.003257958897306734
2021-06-24,0.008478573545110946
2021-06-25,0.0029718747794849065
2021-06-28,0.0036449759140677607
2021-06-29,-0.0014522172747892803
2021-06-30,-0.0009510592607582247
2021-07-01,0.0003079121082065761
2021-07-02,0.004382816431314884
2021-07-06,0.0036589516800789035
2021-07-07,0.0050903304086651335
2021-07-08,-0.013248813146922278
2021-07-09,0.0001632908451163484
2021-07-12,0.0036303540840252335
2021-07-13,-0.001722624572025877
2021-07-14,0.0049774793573507115
2021-07-15,0.0003146998064851303
2021-07-16,0.002232030404611063
2021-07-19,-0.007917576421566985
2021-07-20,0.002615989117946693
2021-07-21,0.0020193384980298212
2021-07-22,0.0015414664218944552
2021-07-23,0.003861912839960624
2021-07-26,-0.0007261221403562779
2021-07-27,-0.0009270828452921931
2021-07-28,0.005984575287490079
2021-07-29,-0.0031687902173511695
2021-07-30,-0.014513474012538108
2021-08-02,0.0042829011000102835
2021-08-03,0.0007803828303769578
2021-08-04,0.0017380299077180972
2021-08-05,0.0004973934500158705
2021-08-06,-0.0034745855735489606
2021-08-09,0.0021093629707202854
2021-08-10,0.0011916012390571495
2021-08-11,0.002825966385405998
2021-08-12,-0.0016407261517907834
2021-08-13,0.0009174632019317563
2021-08-16,-0.0013525036670095636
2021-08-17,-0.004476216482198314
2021-08-18,-0.0008421771442570503
2021-08-19,-0.0021989469967284014
2021-08-20,0.002253747874464862
2021-08-23,0.0027162901454771404
2021-08-24,0.0020849556526483237
2021-08-25,0.001627450335276004
2021-08-26,-0.00048187337778815564
2021-08-27,0.0016649290008563522
2021-08-30,0.0031060776088651654
2021-08-31,0.000449494257567018
2021-09-01,0.0016154086734991857
2021-09-02,0.002643800259862328
2021-09-03,-0.0010584287586927754
2021-09-07,0.0018122826375603918
2021-09-08,0.0003684727629835738
2021-09-09,0.00045490149315430273
2021-09-10,0.005524832574537619
2021-09-13,0.004791247589489567
2021-09-14,0.0034494039880854643
2021-09-15,0.0021251687748213843
2021-09-16,-0.0028318076176961915
2021-09-17,-0.0012320284978895035
2021-09-20,-0.01635731817195485
2021-09-21,0.005535449449446839
2021-09-22,0.0019601057307645497
2021-09-23,0.0041349522599001265
2021-09-24,-0.006564339714831835
2021-09-27,-0.007162079324685822
2021-09-28,-0.011542727047299195
2021-09-29,0.004617292781227578
2021-09-30,0.003939891413535346
2021-10-01,0.002311724130249937
2021-10-04,-0.0009608658133817283
2021-10-05,0.004397816298190138
2021-10-06,-0.008699809963921945
2021-10-07,0.00836482521645654
2021-10-08,0.003631806001269222
2021-10-11,-0.0038223887567139236
2021-10-12,0.00478543091427408
2021-10-13,0.006072398352965136
2021-10-14,0.009695229122353766
2021-10-15,0.003336471924223039
2021-10-18,-0.000643698393780201
2021-10-19,0.0038161733310273505
2021-10-20,0.0020872733512042885
2021-10-21,-0.0027168762347571374
2021-10-22,-0.003415590224346121
2021-10-25,0.01021069707551625
2021-10-26,0.0064842334581507455
2021-10-27,0.004938438313778937
2021-10-28,0.011346383409448935
2021-10-29,-0.00668629830370715
2021-11-01,0.007833720754764961
2021-11-02,-0.011537932076495672
2021-11-03,0.002813476147091709
2021-11-04,0.008631530386358
2021-11-05,0.002833444366026283
2021-11-08,-0.017355504211544637
2021-11-09,0.010616293675714816
2021-11-10,-0.013969780241107177
2021-11-11,0.019383569082483953
2021-11-12,-0.004961830057511607
2021-11-15,-0.0039764797783261585
2021-11-16,-0.005528378539774059
2021-11-17,0.004061582052219848
2021-11-18,0.023384564590524404
2021-11-19,0.005957591948202667
2021-11-22,0.013016121716061146
2021-11-23,-0.0016143211019162829
2021-11-24,-0.013230323227586771
2021-11-26,-0.010345462073233391
2021-11-29,0.016561036619363367
2021-11-30,0.0009844486107746242
2021-12-01,0.01402671036557912
2021-12-02,-0.007019849255795241
2021-12-03,0.002694437876872957
2021-12-06,-0.007644854564547665
2021-12-07,0.0281563787035366
2021-12-08,-0.0007240096903645687
2021-12-09,-0.003996545237493376
2021-12-10,0.010607034759774425
2021-12-13,-0.00213044546146135
2021-12-14,-0.015714121305365314
2021-12-15,0.0001351110400329425
2021-12-16,0.0073390899807797005
2021-12-17,-0.013318292613755944
2021-12-20,-0.017448784736967093
2021-12-21,0.015638064274785535
2021-12-22,0.00418177753597937
2021-12-23,0.002133315189004392
2021-12-27,0.004720129761305536
2021-12-28,0.007418872061241588
2021-12-29,0.0022299119698820924
2021-12-30,-0.006784736294671134
2021-12-31,0.0012986667870427127
2022-01-03,0.023565170262565216
2022-01-04,-0.0004996156642927962
2022-01-05,-0.005450515410875156
2022-01-06,-0.006903819258921473
2022-01-07,0.00387076014382548
2022-01-10,-0.019985049080781803
2022-01-11,-0.002605019457314728
2022-01-12,0.010119586119536894
2022-01-13,0.005883480677568498
2022-01-14,-0.007519789574085167
2022-01-18,-0.0187559036183097
2022-01-19,0.007732873670523999
2022-01-20,0.007994761426467045
2022-01-21,-0.008339422168283539
2022-01-24,-0.02435073702179469
2022-01-25,-0.019569172785518396
2022-01-26,0.034412705880970895
2022-01-27,0.0
2022-01-28,0.0
2022-01-31,0.0
2022-02-01,0.005160888884674586
2022-02-02,0.017818012900463698
2022-02-03,-0.020385064122484753
2022-02-04,0.0001079601207951697
2022-02-07,0.001374790048584984
2022-02-08,-0.0041751116045284364
2022-02-09,0.013798215130413016
2022-02-10,-0.021974418627504932
2022-02-11,0.0036039972715111723
2022-02-14,0.0032729914254743253
2022-02-15,0.007259771741969345
2022-02-16,-0.004120147820926068
2022-02-17,-0.005751205335507659
2022-02-18,0.0053904261385298025
2022-02-22,-0.004931092011862037
2022-02-23,0.0031023181008793532
2022-02-24,-0.019402463068108555
2022-02-25,-0.0003573233551970034
2022-02-28,0.0029024404377777646
2022-03-01,0.00018663906433591393
2022-03-02,0.00030758322312918196
2022-03-03,-0.007319470025545893
2022-03-04,0.0040502984622832194
2022-03-07,1.7417691555055015e-05
2022-03-08,0.001846057719850025
2022-03-09,-0.013223949750509556
2022-03-10,0.010888189138355875
2022-03-11,-0.008062070996771808
2022-03-14,0.004202689072819288
2022-03-15,-0.0051409147667185184
2022-03-16,-0.0041335855709290215
2022-03-17,-0.001243075562127105
2022-03-18,0.003449040508006984
2022-03-21,0.0018961850429786153
2022-03-22,-0.001958598604223094
2022-03-23,0.0037531855247661117
2022-03-24,-0.0006380140333489548
2022-03-25,-0.0017730879563380153
2022-03-28,-0.0017097054960742986
2022-03-29,-0.0038501680579628994
2022-03-30,0.002422981844686145
2022-03-31,-0.0026426077438018725
2022-04-01,0.0007445869214293133
2022-04-04,0.00027709798713271283
2022-04-05,0.0014315933872184328
2022-04-06,0.004818027672632841
2022-04-07,0.0029642026702600965
2022-04-08,0.0013588763796235082
2022-04-11,0.0035270740741588646
2022-04-12,-0.006723958808751318
2022-04-13,0.0010319105346701107
2022-04-14,0.0020286249336658457
2022-04-18,0.0014365212436158181
2022-04-19,0.001070095204268151
2022-04-20,0.0009627381447365746
2022-04-21,-0.007799397570684707
2022-04-22,0.0006159247524222256
2022-04-25,0.003999623247963768
2022-04-26,0.0031834712325877756
2022-04-27,-0.002005074386687733
2022-04-28,-0.008965794859608356
2022-04-29,0.007396709709501348
2022-05-02,0.0021093341353848327
2022-05-03,-0.00039961746927719144
2022-05-04,0.006786092974585545
2022-05-05,0.012490945417066968
2022-05-06,0.007194974171439883
2022-05-09,0.01722545880295856
2022-05-10,-0.013813999803877874
2022-05-11,0.007101578306233813
2022-05-12,0.013759964784451073
2022-05-13,-0.013529551070896706
2022-05-16,0.0016021975542506173
2022-05-17,-0.007650811076384101
2022-05-18,0.013513521613868207
2022-05-19,0.00629258810548472
2022-05-20,-0.011431570620912601
2022-05-23,-0.008240211416143395
2022-05-24,0.010321939656654733
2022-05-25,0.002989588326493875
2022-05-26,-0.005546387651029994
2022-05-27,-0.004746587557356019
2022-05-31,0.001544824201519246
2022-06-01,-0.004742352479829126
2022-06-02,0.0031546146870935488
2022-06-03,0.015168600920731468
2022-06-06,-0.013448724424699132
2022-06-07,0.010179077176640794
2022-06-08,0.0023351791988881487
2022-06-09,0.005339017392108847
2022-06-10,0.017283884671334127
2022-06-13,0.028078515813345417
2022-06-14,-0.007195146628728333
2022-06-15,-0.010856924209167396
2022-06-16,0.023221144130163518
2022-06-17,-0.0014072282121272428
2022-06-21,-0.015009332964181166
2022-06-22,0.008161500544936695
2022-06-23,-0.008031541272582321
2022-06-24,-0.00939321798899162
2022-06-27,-0.0048813880520728326
2022-06-28,-0.0012692001889422766
2022-06-29,0.0007926658766865824
2022-06-30,0.009691072292944192
2022-07-01,0.003976880643553393
2022-07-05,0.00837223761123651
2022-07-06,-0.0007827582259768429
2022-07-07,0.0009194399556218258
2022-07-08,0.005125100911444358
2022-07-11,0.004174083519629113
2022-07-12,-0.003023083104747415
2022-07-13,0.013580032356378391
2022-07-14,0.008569646820643761
2022-07-15,-0.007198818103159588
2022-07-18,-0.0051051257643559556
2022-07-19,-0.00796499036665943
2022-07-20,-0.0026359124853951865
2022-07-21,-0.0009506253196758241
2022-07-22,0.0008843587417843857
2022-07-25,-0.002703176063288404
2022-07-26,0.004277864996565572
2022-07-27,-0.009658733113353524
2022-07-28,0.0017137271175398094
2022-07-29,-0.006441751837596099
2022-08-01,0.006007733135749094
2022-08-02,0.0016336949300983505
2022-08-03,-0.002098825474912136
2022-08-04,0.002053555567339327
2022-08-05,0.002230628402256407
2022-08-08,0.0028975896764147357
2022-08-09,0.002087190198381217
2022-08-10,0.0006389599484133424
2022-08-11,-0.006781983175925155
2022-08-12,-0.00520087709960948
2022-08-15,0.0027121331362451873
2022-08-16,0.0040872050745279775
2022-08-17,0.0017705588017491447
2022-08-18,0.0010272025708744081
2022-08-19,0.0009264282515895061
2022-08-22,0.003324668535156672
2022-08-23,0.0024286264902686483
2022-08-24,0.001110180812186723
2022-08-25,0.0014873269762738506
2022-08-26,0.0005656172571320006
2022-08-29,0.002764089192704766
2022-08-30,0.00021197192506838824
2022-08-31,-0.005071687406336012
2022-09-01,0.0017142314799050151
2022-09-02,-0.006474819773049978
2022-09-06,-0.0003914857756091017
2022-09-07,-9.782254031531767e-05
2022-09-08,0.004925818380843383
2022-09-09,-0.00450975314624813
2022-09-12,-0.0047682910896515995
2022-09-13,0.018784635878516198
2022-09-14,-0.0028267724421374707
2022-09-15,0.004763547344617924
2022-09-16,0.00866972305376823
2022-09-19,0.00568467890440294
2022-09-20,0.006064332511910742
2022-09-21,-0.0024846500045764275
2022-09-22,0.003427452662694286
2022-09-23,0.006007871241449969
2022-09-26,0.0017471437090703645
2022-09-27,-0.007957683761300238
2022-09-28,-0.0001028550140490525
2022-09-29,0.009685161945018228
2022-09-30,0.0022501745859300204
2022-10-03,-0.003944352294265596
2022-10-04,-0.018114675291935556
2022-10-05,0.011962860119860697
2022-10-06,0.0038944903570290457
2022-10-07,0.015461599379910318
2022-10-10,-0.0008633680271348254
2022-10-11,0.005268271999912422
2022-10-12,-0.0014714728767883933
2022-10-13,0.026187807648415884
2022-10-14,-0.008323499492907671
2022-10-17,-0.02138858003671007
2022-10-18,-0.024258529059272615
2022-10-19,0.0050892346549291645
2022-10-20,0.0035688228948207446
2022-10-21,0.0034543085671796536
2022-10-24,-0.0009431012580040088
2022-10-25,-0.0028713319877866628
2022-10-26,0.017959657538989315
2022-10-27,0.0038990427018747997
2022-10-28,0.0023370609117479013
2022-10-31,0.007174123607722738
2022-11-01,-0.011329489043179874
2022-11-02,0.0045063475178210854
2022-11-03,0.007488862883817671
2022-11-04,-0.010959967590284947
2022-11-07,-0.003576786384018482
2022-11-08,-0.005410985349830422
2022-11-09,0.006329737923783885
2022-11-10,-0.03286162802317516
2022-11-11,-0.0001273942235702208
2022-11-14,0.006558415409820162
2022-11-15,-0.02135317420155125
2022-11-16,0.0003254514679316145
2022-11-17,0.011063084686303792
2022-11-18,-0.006439467811407917
2022-11-21,0.0017757770083022262
2022-11-22,-0.0015948101824733163
2022-11-23,0.00018265767559899615
2022-11-25,0.00326684678389344
2022-11-28,0.003953762837338504
2022-11-29,-0.00027979790172172336
2022-11-30,-0.0005012538037411085
2022-12-01,0.00012264881856594023
2022-12-02,0.01169319094524468
2022-12-05,0.004979150076855232
2022-12-06,0.0009046992205699045
2022-12-07,0.003591201486531137
2022-12-08,-0.003285531160363231
2022-12-09,0.0037181013853055944
2022-12-12,-0.0008042181141419968
2022-12-13,-0.027813528313658242
2022-12-14,0.00179967978839346
2022-12-15,0.012761636408194388
2022-12-16,0.002644536731199354
2022-12-19,-0.000560344935496282
2022-12-20,0.002969869665217395
2022-12-21,-0.0022432234005131946
2022-12-22,0.008828273928717767
2022-12-23,0.00465878116386631
2022-12-27,0.002655895817011089
2022-12-28,0.0015163712482810787
2022-12-29,-0.0075663228741460475
2022-12-30,0.0077745562613689145
2023-01-03,-0.005894247622982185
2023-01-04,-0.004605174803974821
2023-01-05,0.0045534904374522345
2023-01-06,-0.003449052404339903
2023-01-09,-0.006896722383090803
2023-01-10,0.002931691526108171
2023-01-11,-0.0034806213058521385
2023-01-12,-0.0007129402266232709
2023-01-13,0.007348368711749043
2023-01-17,0.00020017106735692458
2023-01-18,-0.004437648379572279
2023-01-19,0.004940482384180989
2023-01-20,-0.0034195935828795765
2023-01-23,-0.0021149824657162863
2023-01-24,0.004548695753461729
2023-01-25,0.01209280213905295
2023-01-26,-0.009510990434443478
2023-01-27,0.003086868662668385
2023-01-30,0.008022060999524516
2023-01-31,-0.00021763939710539582
2023-02-01,0.0008239325296606204
2023-02-02,-0.01802402229944222
2023-02-03,0.012905748033698705
2023-02-06,0.0046720463822020886
2023-02-07,0.001110271958402409
2023-02-08,0.0036930367716594414
2023-02-09,-0.008056106685570108
2023-02-10,0.002845341901240195
2023-02-13,-0.0020464389624020862
2023-02-14,0.0032300086426502173
2023-02-15,0.0031714455097666683
2023-02-16,-0.005964448208102824
2023-02-17,-0.002688296758970865
2023-02-21,-0.004259348069165947
2023-02-22,0.0013471377932012807
2023-02-23,0.01313765669160638
2023-02-24,0.0
2023-02-27,0.0
2023-02-28,0.0
2023-03-01,7.175305516393671e-05
2023-03-02,-0.0026031655970596423
2023-03-03,0.0007974987877807926
2023-03-06,-0.00024802252545619297
2023-03-07,0.0004259050988408841
2023-03-08,0.0012450663793757144
2023-03-09,-0.0001980273261394938
2023-03-10,0.00039490678668019363
2023-03-13,-0.0026185896562698208
2023-03-14,0.004693435167120397
2023-03-15,-0.0038457256747245205
2023-03-16,-0.0017661404376940748
2023-03-17,0.0018124362603824107
2023-03-20,-0.0012518934248103575
2023-03-21,0.002786761675678484
2023-03-22,0.0012042462693722111
2023-03-23,0.00574654066960778
2023-03-24,-0.0017898833303097161
2023-03-27,0.0009720472285579262
2023-03-28,-0.0005709979125717579
2023-03-29,0.0038144719559294327
2023-03-30,0.0033971977016951094
2023-03-31,-0.0007914750798813097
2023-04-03,-0.0020776990930299055
2023-04-04,0.001039195687812633
2023-04-05,-0.004757583674610877
2023-04-06,-0.004371488739559615
2023-04-10,-0.004493664785459428
2023-04-11,0.0007340144814766969
2023-04-12,0.0037874882437960444
2023-04-13,0.003241887459400239
2023-04-14,-0.002326682069732522
2023-04-17,-0.0015006742382340788
2023-04-18,0.005546457119533388
2023-04-19,-0.004912999325546674
2023-04-20,-0.0038474595100504994
2023-04-21,-0.001698576564348464
2023-04-24,-0.0009266048906623192
2023-04-25,-0.0022478985566103393
2023-04-26,0.009276649035556916
2023-04-27,0.007321642500867975
2023-04-28,-0.000462831401418784
2023-05-01,0.00047856703786886
2023-05-02,-0.0008755945029212953
2023-05-03,-0.003552227519173501
2023-05-04,-1.2855308516357411e-05
2023-05-05,0.0011016059105479759
2023-05-08,-0.0010580570548187618
2023-05-09,-0.0029279559244218545
2023-05-10,0.004915637708698295
2023-05-11,0.0005453950565650345
2023-05-12,0.0003077298284548391
2023-05-15,0.002091072565693297
2023-05-16,-0.0017634078422639199
2023-05-17,0.00330309275732521
2023-05-18,0.0022101189857142156
2023-05-19,-0.0016700320582865302
2023-05-22,-0.001842015582976142
2023-05-23,-0.0030309298430193365
2023-05-24,-0.005035180297316866
2023-05-25,0.037735767373145546
2023-05-26,0.0
2023-05-30,0.0
2023-05-31,0.0
2023-06-01,0.0013022621328213635
2023-06-02,0.008521388970433863
2023-06-05,0.00048029942804173054
2023-06-06,-0.0040233190583119915
2023-06-07,0.009616928005018233
2023-06-08,0.0012439516525371008
2023-06-09,0.022058924054085605
2023-06-12,0.010823898178513147
2023-06-13,0.013643094819357104
2023-06-14,0.0015232699531753102
2023-06-15,-0.014401060927928033
2023-06-16,0.012469316951900122
2023-06-20,-0.0011135143980925966
2023-06-21,-0.0018205676939706539
2023-06-22,-0.015554539101010678
2023-06-23,-0.0160114156902762
2023-06-26,-0.00679930512225857
2023-06-27,0.008047633719118652
2023-06-28,-0.009496955338743174
2023-06-29,0.0059418052839006474
2023-06-30,0.013427594366082651
2023-07-03,0.020808236083112552
2023-07-05,-0.003703728464092948
2023-07-06,-0.012418980126492896
2023-07-07,0.0034507731776551864
2023-07-10,0.0027085661424379737
2023-07-11,-0.00043452158492995885
2023-07-12,0.01637290983000983
2023-07-13,0.010660420790747471
2023-07-14,0.0016263986271969344
2023-07-17,0.008880778344634965
2023-07-18,-0.0008441219931910604
2023-07-19,0.00520032416213323
2023-07-20,-0.019354660840457116
2023-07-21,0.010467774824736154
2023-07-24,-0.0014004461637830978
2023-07-25,0.006446198231195632
2023-07-26,-0.0029976375990078408
2023-07-27,0.02110303974477179
2023-07-28,0.01342760119112052
2023-07-31,0.0025407053013861702
2023-08-01,-0.0042574728958738595
2023-08-02,-0.012633250115548167
2023-08-03,-0.00765755497305709
2023-08-04,0.008600791768160754
2023-08-07,0.0029168132730459373
2023-08-08,-0.011514183844522963
2023-08-09,0.0003296793367495443
2023-08-10,0.007247376457821364
2023-08-11,-0.010315773825313568
2023-08-14,-0.008433761331205658
2023-08-15,-0.0002352556774486425
2023-08-16,-0.004335831381329647
2023-08-17,0.0036647542541579092
2023-08-18,-0.014142825755658728
2023-08-21,0.011975298129470957
2023-08-22,0.014833601793346585
2023-08-23,-0.0008225952899024724
2023-08-24,0.017665719744877073
2023-08-25,0.001259819663029571
2023-08-28,0.008748931587315267
2023-08-29,-0.0019316020066793005
2023-08-30,-0.0010934250317017336
2023-08-31,-0.00044021851551534485
2023-09-01,0.005514886002720987
2023-09-05,-0.0030973364798754233
2023-09-06,-0.0027884481699835817
2023-09-07,-0.020634755088231316
2023-09-08,-0.0015745722283000418
2023-09-11,0.020254350982546576
2023-09-12,-0.007170159226240536
2023-09-13,0.0010852547330559847
2023-09-14,0.004471545311061309
2023-09-15,-0.0016856357364476438
2023-09-18,-0.00904935707899579
2023-09-19,-0.003783765597083266
2023-09-20,0.002179342714528021
2023-09-21,-0.013139664885332913
2023-09-22,0.007292679312199901
2023-09-25,-0.0033582866440056147
2023-09-26,-0.008544653742172725
2023-09-27,0.0034206305059061304
2023-09-28,-0.002980795418980553
2023-09-29,0.011736920508938598
2023-10-02,-0.0027141310737959223
2023-10-03,-0.0047495446465289914
2023-10-04,0.006443754736242369
2023-10-05,0.005209421532059277
2023-10-06,0.0006015419310432257
2023-10-09,-0.0007533385842777296
2023-10-10,0.012615425125890312
2023-10-11,0.006933223374324449
2023-10-12,0.0008655902070142663
2023-10-13,0.00011400973444475326
2023-10-16,-0.0008717128841977395
2023-10-17,-0.00828593697028257
2023-10-18,-0.005298169875610603
2023-10-19,0.0029131154700807738
2023-10-20,-0.0005874405797683391
2023-10-23,-0.0010106635337552294
2023-10-24,0.0010776408460353437
2023-10-25,-0.0014404000538790207
2023-10-26,0.00024286767813430643
2023-10-27,0.0038846206147820084
2023-10-30,0.0021808250607089352
2023-10-31,-0.0022770309982813597
2023-11-01,0.0004651482082085323
2023-11-02,0.004172370880490606
2023-11-03,0.0026299106961085172
2023-11-06,0.0011743443840099843
2023-11-07,-9.610815984195664e-05
2023-11-08,0.0005614329385983385
2023-11-09,0.0035437559754616377
2023-11-10,0.002699545518186186
2023-11-13,-0.0005307509381411446
2023-11-14,0.005710559814118499
2023-11-15,0.0015382362237503777
2023-11-16,-0.0014506451472405812
2023-11-17,0.00010939693872424883
2023-11-20,0.00013965789583259003
2023-11-21,-0.0018351007352135351
2023-11-22,0.00027265732188319625
2023-11-24,-0.0009254390062475304
2023-11-27,-0.0002042512499869087
2023-11-28,-0.0006546552719267629
2023-11-29,0.0029177381169223082
2023-11-30,-0.0005088749525222758
2023-12-01,-0.001535306852002094
2023-12-04,-0.009774917845413622
2023-12-05,-0.0051804340913765845
2023-12-06,0.008681855646642589
2023-12-07,0.005505581616973121
2023-12-08,-0.004216870683592111
2023-12-11,-0.0012430148360478288
2023-12-12,-0.0038748461103379483
2023-12-13,-0.0017509825194343964
2023-12-14,0.00343348190974635
2023-12-15,0.0013907333830982527
2023-12-18,0.0024300550302092105
2023-12-19,-0.0005506704641061733
2023-12-20,-0.002362415495500647
2023-12-21,0.011678515318819471
2023-12-22,0.0028260609646111323
2023-12-26,0.0035092209413993825
2023-12-27,0.0032463862169884727
2023-12-28,0.003861056138021679
2023-12-29,0.0028535333944677
2024-01-02,-0.003431284216283581
2024-01-03,-0.0065561134996168224
2024-01-04,-0.001481480621268183
2024-01-05,0.0016149868941703893
2024-01-08,0.0038362993760141517
2024-01-09,-0.002791367006309997
2024-01-10,0.0025638760408279726
2024-01-11,0.004384736628659791
2024-01-12,0.0009616221967245764
2024-01-16,0.0024803400405255527
2024-01-17,-0.0029585894236363597
2024-01-18,0.009519990340851825
2024-01-19,0.005755817624142123
2024-01-22,0.004330026497056716
2024-01-23,-0.000774091928874121
2024-01-24,0.008070070476603464
2024-01-25,0.008638416130105853
2024-01-26,-0.007100636006261429
2024-01-29,0.002319819615868912
2024-01-30,-0.00044789990296112414
2024-01-31,-0.012397026305032921
2024-02-01,0.004987529085984432
2024-02-02,0.014642293600377831
2024-02-05,0.00577634199811583
2024-02-06,0.0019334138192204087
2024-02-07,0.003641231591836158
2024-02-08,0.00045298782710867513
2024-02-09,0.0057852897007386606
2024-02-12,0.002066549139407403
2024-02-13,-0.021152799894129992
2024-02-14,0.011654845702574912
2024-02-15,0.002499576954851257
2024-02-16,0.004750177923161791
2024-02-20,-0.006763778634977902
2024-02-21,-0.011939821639036508
2024-02-22,0.0428927132454342
2024-02-23,0.0
2024-02-26,0.0
2024-02-27,0.0
2024-02-28,-0.006502511642829445
2024-02-29,0.009972811049073771
2024-03-01,0.00594856797351051
2024-03-04,0.010100191335420394
2024-03-05,-0.0061438783538407815
2024-03-06,0.0196188266399544
2024-03-07,0.011798009629581552
2024-03-08,0.00921739152221468
2024-03-11,-0.008153958080700185
2024-03-12,0.01339864513352218
2024-03-13,-0.005280115657179452
2024-03-14,-0.004774858681367733
2024-03-15,-0.009354084584460853
2024-03-18,0.013612130140810308
2024-03-19,-0.017022965345546925
2024-03-20,0.003412097549357007
2024-03-21,0.020201001431072507
2024-03-22,-0.004429084239376824
2024-03-25,-0.005067121402963504
2024-03-26,0.00646311273053457
2024-03-27,0.00851767974380091
2024-03-28,-0.0004420894680294829
2024-04-01,-0.00036074734069246883
2024-04-02,-0.0176295178729704
2024-04-03,-0.0065471310192209975
2024-04-04,0.013590759219890725
2024-04-05,0.00587430438424108
2024-04-08,0.006629242657093748
2024-04-09,0.0037106699272098087
2024-04-10,-0.01232682937453311
2024-04-11,0.0027839314262976256
2024-04-12,-0.010110852197043552
2024-04-15,0.006979747696096661
2024-04-16,0.000922955306937201
2024-04-17,0.0041494826911963045
2024-04-18,0.003406786694953201
2024-04-19,-0.006627124830345221
2024-04-22,0.009307176886237833
2024-04-23,0.007081129855388113
2024-04-24,0.008788630008872866
2024-04-25,-0.014654885941962736
2024-04-26,0.005269747015427484
2024-04-29,9.147000311804376e-05
2024-04-30,-0.0032021323874587004
2024-05-01,-0.007623666911590998
2024-05-02,0.008348644570819186
2024-05-03,0.012178513253240597
2024-05-06,0.005511156894270064
2024-05-07,-0.003027472411147314
2024-05-08,-0.006907119017249497
2024-05-09,-0.0003815060801690695
2024-05-10,0.006398557285481221
2024-05-13,0.0017501394412446913
2024-05-14,-0.003959026518715492
2024-05-15,0.006395958452504846
2024-05-16,0.0005298288486574876
2024-05-17,0.0026555733792612557
2024-05-20,0.0037934919910245224
2024-05-21,-0.0057182257066996645
2024-05-22,0.0021647720418445093
2024-05-23,0.021888192474676993
2024-05-24,0.0
2024-05-28,0.0
2024-05-29,0.0
2024-05-30,-0.0003639115149948191
2024-05-31,0.005030292077276455
2024-06-03,0.013846464363989508
2024-06-04,0.0008105915748637393
2024-06-05,0.009358486653303189
2024-06-06,0.0037173520830611206
2024-06-07,-0.002611856869207285
2024-06-10,-0.0033973759384405833
2024-06-11,-0.0013032394476445441
2024-06-12,0.010348743887074185
2024-06-13,0.012405200473655675
2024-06-14,-0.001046301982701614
2024-06-17,0.0031939873715380873
2024-06-18,0.00029504996477869305
2024-06-20,0.011259958804382908
2024-06-21,-0.010441409702906301
2024-06-24,-0.01000988691801552
2024-06-25,0.00986180575835438
2024-06-26,-0.0005209273361397315
2024-06-27,-0.005722490576767658
2024-06-28,0.001998989695489062
2024-07-01,0.0007269170912713729
2024-07-02,-0.009905562425440606
2024-07-03,-0.002580547375819142
2024-07-05,-6.432461798433486e-06
2024-07-08,0.004806634350583927
2024-07-09,0.005878633153522772
2024-07-10,0.007807566269408817
2024-07-11,0.0016051279570077348
2024-07-12,0.0017926005983761595
2024-07-15,0.007112274543007668
2024-07-16,0.002488473182002071
2024-07-17,-0.022688768019615058
2024-07-18,0.012822866273845657
2024-07-19,-0.0027669195153511295
2024-07-22,0.0112051257132888
2024-07-23,-0.0017737363950113272
2024-07-24,-0.01236422471337062
2024-07-25,-0.0021549589334538544
2024-07-26,0.012347556916235236
2024-07-29,0.0044241959419522026
2024-07-30,0.0018905934215656117
2024-07-31,0.026704828821500604
2024-08-01,0.0
2024-08-02,0.0
2024-08-05,0.0
2024-08-06,0.008965275353393531
2024-08-07,0.015188758530774837
2024-08-08,0.016117640116529053
2024-08-09,-0.001603436021985205
2024-08-12,0.0027069756973465697
2024-08-13,0.010789472914170428
2024-08-14,0.005687570085574745
2024-08-15,0.009945588638082148
2024-08-16,-0.004767563543983333
2024-08-19,0.0003052454250254133
2024-08-20,-0.0023007815323167202
2024-08-21,0.0014767226391829702
2024-08-22,0.005311230918689569
2024-08-23,0.008941950269224952
2024-08-26,-0.002243710357303308
2024-08-27,-0.00458042249537427
2024-08-28,-0.0005241819784788104
2024-08-29,-0.0017113724781147033
2024-08-30,0.008327470899047063
2024-09-03,-0.008456646794434586
2024-09-04,-0.006983852058614737
2024-09-05,-0.0020304854706929554
2024-09-06,0.0016875618860345831
2024-09-09,0.0090987280818009
2024-09-10,0.004302792160945312
2024-09-11,0.0023837981256804586
2024-09-12,-0.0014862324396340831
2024-09-13,0.0003196540370224987
2024-09-16,-0.007293516288555679
2024-09-17,0.0052655440970894585
2024-09-18,0.0018709611473237686
2024-09-19,0.016700502682084784
2024-09-20,-0.0025130835091715653
2024-09-23,0.0033152014197839197
2024-09-24,0.003620345075539211
2024-09-25,-0.00021085769275097643
2024-09-26,0.013401123628357325
2024-09-27,0.0018893179408343563
2024-09-30,-0.0065141560399476495
2024-10-01,6.651735639007228e-05
2024-10-02,-0.0010876711992345856
2024-10-03,0.002734710578560673
2024-10-04,0.004956527060785643
2024-10-07,-0.0002187953338262938
2024-10-08,0.0035609114796266716
2024-10-09,0.0014784122603057614
2024-10-10,-0.0016565121567954089
2024-10-11,-0.0015694124601520754
2024-10-14,0.003547601558147484
2024-10-15,-0.00048047361888037265
2024-10-16,0.004332437277477563
2024-10-17,0.006697959437509171
2024-10-18,0.002992518497616725
2024-10-21,4.4573250193247205e-05
2024-10-22,-0.001757830611878397
2024-10-23,-0.00312303461971275
2024-10-24,0.0029163999325330092
2024-10-25,0.0016235391366792307
2024-10-28,0.0029637767060293196
2024-10-29,0.0007327246797599329
2024-10-30,-0.005985636792812277
2024-10-31,-0.0024268966999554387
2024-11-01,0.0025966232324883265
2024-11-04,-0.0011235136375721266
2024-11-05,0.00690033818673319
2024-11-06,0.02288267379583564
2024-11-07,0.0
2024-11-08,0.0
2024-11-11,0.0
2024-11-12,-0.002368287589153084
2024-11-13,0.0048799858544283925
2024-11-14,0.0021646265821793076
2024-11-15,-0.004513604826309359
2024-11-18,0.009369262065722861
2024-11-19,-0.0024287687614633624
2024-11-20,0.003394656421440434
2024-11-21,0.013710205714980717
2024-11-22,0.0009656702209954737
2024-11-25,0.010489463101506225
2024-11-26,0.0001790991424996946
2024-11-27,0.004036107461666161
2024-11-29,0.006200998181761674
2024-12-02,0.006095694175324962
2024-12-03,-0.0023864553597076066
2024-12-04,0.0042735939295872605
2024-12-05,0.00574022235794347
2024-12-06,0.001050783567096536
2024-12-09,-0.004064113777890732
2024-12-10,0.0018667438324024843
2024-12-11,0.004886778566638439
2024-12-12,-0.002041148648674329
2024-12-13,0.006898279622151282
2024-12-16,0.0034771757790601487
2024-12-17,-0.0034115719104342856
2024-12-18,0.0034561771499412863
2024-12-19,0.005113111312445406
2024-12-20,-0.0021482078830410423
2024-12-23,0.001919208334604905
2024-12-24,0.003798225903981045
2024-12-26,-0.0017341044654235471
2024-12-27,-0.0012908903754730305
2024-12-30,-0.005257759930403005
2024-12-31,0.0021404761685386298
2025-01-02,0.003939056390365403
2025-01-03,0.0026010266314335784
2025-01-06,0.007247901925696576
2025-01-07,0.0030634804396456605
2025-01-08,0.00113495623330917
2025-01-10,-0.003442437202464288
2025-01-13,-0.00895595486048173
2025-01-14,0.004926292691285861
2025-01-15,0.004954803821505482
2025-01-16,0.0038501329268474382
2025-01-17,0.006654863542408629
2025-01-21,0.0021875256734393833
2025-01-22,0.004273266574999379
2025-01-23,-0.0038369352432918724
2025-01-24,0.0023488799362996193
2025-01-27,-0.022962178158719704
2025-01-28,0.003634594060562435
2025-01-29,-0.0013119249054664994
2025-01-30,0.002391039865275113
2025-01-31,-0.00024513830844485884
2025-02-03,-0.01082004779093626
2025-02-04,-0.00018943799552195717
2025-02-05,0.003884433619818939
2025-02-06,0.0034885427441098127
2025-02-07,0.0019771722562007543
2025-02-10,0.0016146761400024356
2025-02-11,-0.0024174417916638102
2025-02-12,-0.0056698215865076396
2025-02-13,0.0005194781607906762
2025-02-14,0.0015892881013483962
2025-02-18,0.003346613315762248
2025-02-19,0.00019700994341476097
2025-02-20,0.0012361541041374657
2025-02-21,0.0005818257659133685
2025-02-24,0.0033747716454093357
2025-02-25,-0.0015414096382869724
2025-02-26,0.00545048028724171
2025-02-27,0.005406281714786854
2025-02-28,-0.0027615569987241573
2025-03-03,0.0019133240614728209
2025-03-04,-0.004708048508253793
2025-03-05,0.0026211749998565903
2025-03-06,-0.008078309834325448
2025-03-07,0.0013496050084280675
2025-03-10,-0.006452159719170458
2025-03-11,0.0011986973838886694
2025-03-12,0.008724749626264572
2025-03-13,0.0
2025-03-14,0.0
2025-03-17,0.0
2025-03-18,-0.00379049037203405
2025-03-19,0.003199984232822084
2025-03-20,-0.0026040844241677075
2025-03-21,-0.004198240048251645
2025-03-24,0.005441358704794563
2025-03-25,-0.0015144085292900789
2025-03-26,-0.003530350257949344
2025-03-27,-0.005003861558007694
2025-03-28,-0.0007911046964771407
2025-03-31,0.005359877831377258
2025-04-01,0.0038953066622224863
2025-04-02,0.007521402318003467
2025-04-03,0.023613207018794435
2025-04-04,0.020211955222333433
2025-04-07,0.019737565849131444
2025-04-08,-0.01942801924376336
2025-04-09,0.0010760562329634737
2025-04-10,0.020303381246404406
2025-04-11,0.0034545941668309155
2025-04-14,-0.013049538772130997
2025-04-15,-0.00194640475163943
2025-04-16,0.017826832109694157
2025-04-17,-0.005137522970552699
2025-04-21,0.007964987366202658
2025-04-22,-0.007489543427976919
2025-04-23,-0.015615898198606537
2025-04-24,-0.004278525200802963
2025-04-25,0.0009168723120340783
2025-04-28,-0.0005687077653828698
2025-04-29,0.0026412097447523486
2025-04-30,0.007100060069071157
2025-05-01,-0.006071129223453875
2025-05-02,-0.00969681599717842
2025-05-05,0.007759559875152311
2025-05-06,0.011942341545540636
2025-05-07,-0.0009461264055596885
2025-05-08,-0.005816906846579317
2025-05-09,-0.0022017593404506375
2025-05-12,-0.02560615544144562
2025-05-13,-0.002369666495604883
2025-05-14,-0.001986797556343123
2025-05-15,0.0037910868471939807
2025-05-16,0.00010033776679696516
2025-05-19,0.007933405235199809
2025-05-20,0.002716934233873536
2025-05-21,0.0051947335355666535
2025-05-22,-9.907456545021898e-05
2025-05-23,0.01029250947222038
2025-05-27,-0.007640419145116262
2025-05-28,0.0004976358258128588
2025-05-29,0.008128041568481903
2025-05-30,0.0
2025-06-02,0.0
2025-06-03,0.0
2025-06-04,0.000980580093713046
2025-06-05,-0.0019434937607972769
2025-06-06,0.011941268865529153
2025-06-09,-0.0023488512125873218
2025-06-10,0.003046707755198108
2025-06-11,0.005492471561171719
2025-06-12,-0.0035148627578234226
2025-06-13,-0.00867071926017049
2025-06-16,0.006963767366964246
2025-06-17,-0.00298230308168268
2025-06-18,0.0009085193435567351
2025-06-20,0.004960637811304736
2025-06-23,0.0016259638021045575
2025-06-24,0.00771105613022538
2025-06-25,0.0036789310482439053
2025-06-26,0.001869819366351333
2025-06-27,0.0006242451404741001
2025-06-30,0.0033992312368378297
2025-07-01,-0.01204192056909803
2025-07-02,-0.0007421477696453183
2025-07-03,0.003175297967798807
2025-07-07,-0.0020876312082003246
2025-07-08,0.002325591451017406
2025-07-09,0.0019375041883389343
2025-07-10,0.0025620680083338065
2025-07-11,-0.0014339184782014014
2025-07-14,-0.00022411382940235036
2025-07-15,0.007652845427739141
2025-07-16,0.0001140596244151304
2025-07-17,0.0005369617037298546
2025-07-18,0.0013757202174162764
2025-07-21,0.0008956656245406869
2025-07-22,-0.0002870639711283207
2025-07-23,0.0017942483152408872
2025-07-24,0.0025975389361909684
2025-07-25,-0.0009195498292848825
2025-07-28,0.0026509216965528992
2025-07-29,0.002553041122599131
2025-07-30,0.001068710273926854
2025-07-31,0.007455611288614161
2025-08-01,-0.006806191808914286
2025-08-04,0.004962181394672749
2025-08-05,0.0029065064215811898
2025-08-06,-0.0027709023684007184
2025-08-07,0.0042126698656184125
2025-08-08,0.0019081356686272422
2025-08-11,-5.103036162290575e-05
2025-08-12,0.0028254429307492668
2025-08-13,0.002727417048437042
2025-08-14,-0.0034592593263412796
2025-08-15,-1.549102687592452e-05
2025-08-18,-0.0018555354035217908
2025-08-19,-0.0014283300206584526
2025-08-20,-0.0025479472630590694
2025-08-21,-0.0009338233697243625
2025-08-22,-0.0014462975148086255
2025-08-25,-0.001883602502942061
2025-08-26,0.0006257787756858146
2025-08-27,-1.90409764966315e-06
2025-08-28,0.000560483323912786
2025-08-29,-0.0031127245478921317
2025-09-02,-0.009970977782364776
2025-09-03,0.004659958823381549
2025-09-04,0.0006429288698113211
2025-09-05,0.004301016498010624
2025-09-08,0.0034666623300843025
2025-09-09,0.0024091701901767237
2025-09-10,0.008873054097494837
2025-09-11,0.0038051515979251604
2025-09-12,0.0027430397866732292
2025-09-15,0.007003823021934696
2025-09-16,0.0014623841391061543
2025-09-17,-0.0037911059069052344
2025-09-18,0.008080010242854652
2025-09-19,0.0018441911987141513
2025-09-22,-0.0002844336749766585
2025-09-23,0.0021840575198075474
2025-09-24,0.003870697883463947
2025-09-25,-0.00866562657119696
2025-09-26,0.003126739912368226
2025-09-29,0.005085469224059391
2025-09-30,-0.0011509340820186065
2025-10-01,-0.0038005833882225337
2025-10-02,0.010130565490263477
2025-10-03,0.0031062489943312066
2025-10-06,0.016152843781757964
2025-10-07,0.0008256422553047926
2025-10-08,0.0033510015812243665
2025-10-09,-0.0014688807413335558
2025-10-10,0.0012447105411157455
2025-10-13,0.016595103872910633
2025-10-14,-0.011336234237649734
2025-10-15,0.011360487705737832
2025-10-16,0.003634403459757074
2025-10-17,-0.004363884020561648
2025-10-20,0.006296633039825528
2025-10-21,-0.0007746243845255796
2025-10-22,-0.001261888733779637
2025-10-23,-0.005337492204778305
2025-10-24,0.00734711043073899
2025-10-27,0.011711366083829278
2025-10-28,0.002787309778521596
2025-10-29,0.008094894181124523
2025-10-30,-0.007882102122930057
2025-10-31,0.014188350070481137
2025-11-03,0.008873673108981794
2025-11-04,-0.017280460048206936
2025-11-05,0.0011878532243094764
2025-11-06,-0.00017344679132302865
2025-11-07,-0.007823850774518748
2025-11-10,0.016390598847019877
2025-11-11,-0.006782273908817804
2025-11-12,0.00711454320960514
2025-11-13,-0.007280994994822487
2025-11-14,-0.01570568768501024
2025-11-17,-0.005621611940548221
2025-11-18,-0.007791003094447024
2025-11-19,0.003853965800274528
2025-11-20,0.02071654339847462
2025-11-21,0.004379197747259145
2025-11-24,0.010135786645225853
2025-11-25,-0.0071747840166336285
2025-11-26,0.00749711697927169
2025-11-28,0.002526040361702897
2025-12-01,-0.008360007806621494
2025-12-02,0.003766159032470462
2025-12-03,-0.0011712494010246433
2025-12-04,0.004836480436489099
2025-12-05,0.002593229267627173
2025-12-08,-0.0003415434588477373
2025-12-09,-0.0020235124847394204
2025-12-10,-0.0005235490889522465
2025-12-11,-0.006510484446957676
2025-12-12,-0.003304818939405818
2025-12-15,0.008150380769913257
2025-12-16,-0.0033315338896168223
2025-12-17,0.0003160357593601226
2025-12-18,0.015198383389625425
2025-12-19,0.004945339691851958
2025-12-22,0.009454929955645897
2025-12-23,-0.001203603641153017
2025-12-24,-0.0003383058193611177
2025-12-26,0.00137789302043001
2025-12-29,-0.006024365254607256
2025-12-30,0.00019428535652998846
2025-12-31,0.0015141258410116265
2026-01-02,0.009036567367200377
2026-01-05,0.009343377247936768
2026-01-06,0.0013721055695792295
2026-01-07,0.0001483918427565012
2026-01-08,3.2580980080521016e-05
2026-01-09,0.001997363329926838
2026-01-12,-0.00450305367251258
2026-01-13,0.001438001518073273
2026-01-14,-0.00454243219681616
2026-01-15,0.00855232500330172
2026-01-16,0.005493868943579283
2026-01-20,-0.01018281631565976
2026-01-21,0.003691293224331149
2026-01-22,0.006569501653530763
2026-01-23,-0.0011245379940719724
2026-01-26,-0.0016591324242404282
2026-01-27,0.005377441131780403
2026-01-28,0.00587253289476819
2026-01-29,-0.0007274507929614371
2026-01-30,-0.0011423952507215729
2026-02-02,-0.0053243498988554405
2026-02-03,0.006243550192446712
2026-02-04,-0.003892910789554338
2026-02-05,-0.007932017857291473
2026-02-06,0.0037654191569520545
2026-02-09,-0.0043406625072056615
2026-02-10,0.00025702649756498275
2026-02-11,0.009188742663798655
2026-02-12,0.0038948512026628634
2026-02-13,-0.0014945166947192279
2026-02-17,-0.006379359672421092
2026-02-18,0.001924188063510579
2026-02-19,-0.004783791487313893
2026-02-20,-0.003764679440843688
2026-02-23,-0.00202125795365804
2026-02-24,0.002711037030671992
2026-02-25,0.004974999643551081
2026-02-26,-0.002542564647867729
2026-02-27,-0.009553238590800595
2026-03-02,-0.011567995328635394
2026-03-03,-0.01629087278858732
2026-03-04,0.005390208659860285
2026-03-05,-0.003935522639883393
2026-03-06,-0.011973599472833052
2026-03-09,-0.006804864662326882
2026-03-10,0.001039094281461983
2026-03-11,0.0026899117336942613
2026-03-12,-0.005634615261722042
2026-03-13,0.004655275421252991
2026-03-16,0.008483676600745227
2026-03-17,0.003356231513210739
2026-03-18,-0.00045380099603109514
2026-03-19,-0.009927410333610776
2026-03-20,-0.0011572534268937673
2026-03-23,0.010003181117536952
2026-03-24,-0.00439005220009514
2026-03-25,0.005289161457836755
2026-03-26,-0.007463429226891916
2026-03-27,-0.002527208092678035
2026-03-30,0.004814016006825517
2026-03-31,0.007026352065801378
2026-04-01,0.006816173342798271
2026-04-02,0.00297834079710646
2026-04-06,0.0002498153173124962
2026-04-07,0.0029106065732544817
2026-04-08,-0.0077814832909263165
2026-04-09,0.0005202528462104894
2026-04-10,-0.0021220242404168532
2026-04-13,0.002573157661942993
2026-04-14,0.00439759494560632
2026-04-15,-0.001317176737136716
2026-04-16,-0.000579845695745651
2026-04-17,0.0068436508866995815
2026-04-20,-3.756418345801649e-05
2026-04-21,0.002591200938360183
2026-04-22,0.007511485489193337
2026-04-23,0.00038099621665588224
2026-04-24,0.01444246299429941
2026-04-27,0.0012953519313152473
2026-04-28,-0.014639156848612611
2026-04-29,0.004461053745320243
2026-04-30,0.009017577080281391
2026-05-01,-0.00046694431644533907
2026-05-04,0.0025981661062963735
2026-05-05,0.010841077018387102
2026-05-06,0.015680660723800477
2026-05-07,-0.0033716825300602604
2026-05-08,0.009854419662079783
2026-05-11,0.0067901892084101245
2026-05-12,-0.010156147042363006
2026-05-13,0.01235938453631813
2026-05-14,-0.0039963895272647765
2026-05-15,-0.019271535474488233
2026-05-18,0.010052757526303857
2026-05-19,-0.009450904674455973
2026-05-20,0.013301917364282101
2026-05-21,-0.0025798160282997085
2026-05-22,0.005161398007527795
2026-05-26,0.019182868544684428
2026-05-27,0.010819632012345703
2026-05-28,0.0006941550954369102
2026-05-29,0.00768069113141423
2026-06-01,0.0013453647725241158
2026-06-02,0.0053265056057267834
2026-06-03,0.007331590434067392
2026-06-04,-0.027413330120286794
2026-06-05,-0.023349029599091242
2026-06-08,0.03145283187803627
2026-06-09,0.0
2026-06-10,0.0
2026-06-11,0.0
2026-06-12,-0.0037012805203405774
2026-06-15,0.03088097650445265
2026-06-16,0.0
2026-06-17,0.0
2026-06-18,0.0
2026-06-22,0.011655286163464229
2026-06-23,-0.05135429705197103
2026-06-24,0.006413841658981623
2026-06-25,0.04535750285764317
2026-06-26,0.0
2026-06-29,0.0
2026-06-30,0.0
2026-07-01,-0.0244161909027103
2026-07-02,0.0010102110694567568
2026-07-06,0.014002073454620012
2026-07-07,-0.026382540572452262
2026-07-08,-0.01059700833385635
2026-07-09,0.024493647611895986
2026-07-10,0.0
2026-07-13,0.0
2026-07-14,0.0
2026-07-15,0.0035124035456635117
2026-07-16,-0.013080503367357998
2026-07-17,-0.017861324735924056
2026-07-20,0.013716641103832528
2026-07-21,0.02246408544273404
2026-07-22,0.0
2026-07-23,0.0
2026-07-24,0.0
2026-07-27,0.005782343162267667
2026-07-28,-0.016026633167727233
2026-07-29,-8.067929062027801e-05
2026-07-30,0.019159546797916427
2026-07-31,0.0
2026-08-03,0.0
2026-08-04,0.0
2026-08-05,-0.0014978169792544405
2026-08-06,-0.00908367205751981
2026-08-07,0.008894206279292272
2026-08-10,-0.003303301929548086
2026-08-11,0.005031705286256072
2026-08-12,0.013078878720721443
2026-08-13,0.0010732583730133083
2026-08-14,0.0032712916777923873
