index,return
2000-01-03,0.0
2000-01-04,0.0
2000-01-05,0.0
2000-01-06,0.022789940715362
2000-01-07,-0.03150187999844267
2000-01-10,0.03860986687170631
2000-01-11,-0.00516294421887209
2000-01-12,-0.0016849181732027096
2000-01-13,0.01671557814938396
2000-01-14,-0.007930650106181991
2000-01-18,0.003884340554593857
2000-01-19,0.014653267936847847
2000-01-20,0.08142355843833915
2000-01-21,0.0
2000-01-24,0.0
2000-01-25,0.0
2000-01-26,-0.04527895783852276
2000-01-27,0.024106958220766472
2000-01-28,-0.012868120554742402
2000-01-31,0.01610137325649985
2000-02-01,0.009866728444428263
2000-02-02,0.014155863474114572
2000-02-03,0.035811793442440454
2000-02-04,0.023262443319690407
2000-02-07,0.004382905965455652
2000-02-08,0.010624317698933572
2000-02-09,0.02627274934868451
2000-02-10,0.050562313496682165
2000-02-11,0.03575572956206585
2000-02-14,-0.033268955702296266
2000-02-15,0.025820230812224843
2000-02-16,0.028245928703279466
2000-02-17,0.007767537412149306
2000-02-18,-0.014491565011475305
2000-02-22,-0.052037959713408855
2000-02-23,-0.004077609241947555
2000-02-24,0.01854002037664726
2000-02-25,-0.00191854506801159
2000-02-28,-0.00018735306809913865
2000-02-29,0.031141998746647914
2000-03-01,0.05785257569944324
2000-03-02,0.0
2000-03-03,0.0
2000-03-06,0.0
2000-03-07,0.0
2000-03-08,0.0
2000-03-09,0.0
2000-03-10,0.0
2000-03-13,0.0
2000-03-14,0.0
2000-03-15,0.0
2000-03-16,0.0
2000-03-17,0.0
2000-03-20,0.0
2000-03-21,0.0
2000-03-22,0.0
2000-03-23,0.0
2000-03-24,0.0
2000-03-27,0.0
2000-03-28,0.0
2000-03-29,0.0
2000-03-30,0.0
2000-03-31,0.0
2000-04-03,0.0
2000-04-04,0.03381367201862284
2000-04-05,-0.018085743395090836
2000-04-06,0.12484067181737535
2000-04-07,0.0
2000-04-10,0.0
2000-04-11,0.0
2000-04-12,-0.014932434180000342
2000-04-13,0.02295770509860784
2000-04-14,-0.07314328705897166
2000-04-17,-0.0623085174731991
2000-04-18,0.057309540502971545
2000-04-19,0.029658908276169793
2000-04-20,0.03613072254940164
2000-04-24,-0.09956361479419462
2000-04-25,0.06557740532195067
2000-04-26,0.0
2000-04-27,0.0
2000-04-28,0.0
2000-05-01,0.03505736489631461
2000-05-02,-0.0031796399554877564
2000-05-03,-0.017481728540931996
2000-05-04,-0.01568330857952549
2000-05-05,-0.015560424794952232
2000-05-08,-0.023843966255640225
2000-05-09,0.021870615300602303
2000-05-10,-0.024943622350169226
2000-05-11,0.02352201018964606
2000-05-12,0.02612388998986237
2000-05-15,0.002979281136027634
2000-05-16,0.048828520888626326
2000-05-17,0.06090663543009334
2000-05-18,0.0
2000-05-19,0.0
2000-05-22,0.0
2000-05-23,-0.007829021436639216
2000-05-24,0.0018266295344055994
2000-05-25,0.053014094566595116
2000-05-26,0.0
2000-05-30,0.0
2000-05-31,0.0
2000-06-01,0.0795154836589882
2000-06-02,0.0
2000-06-05,0.0
2000-06-06,0.0
2000-06-07,0.0029861405318833967
2000-06-08,0.04655772074022879
2000-06-09,0.027011228642127127
2000-06-12,0.016799694797986264
2000-06-13,-0.02769104577697845
2000-06-14,0.021249031340376145
2000-06-15,-0.005510701968387988
2000-06-16,0.011610662956565987
2000-06-19,0.01236093433112373
2000-06-20,0.01355009653068806
2000-06-21,-0.023157144460712376
2000-06-22,0.016973044722797814
2000-06-23,-0.011822460164794046
2000-06-26,0.019244434697544666
2000-06-27,0.01203085696306827
2000-06-28,0.02051878279733832
2000-06-29,-0.06623880341522603
2000-06-30,0.02676302407595821
2000-07-03,0.03499863669841852
2000-07-05,-0.06706117167812653
2000-07-06,-0.0032452247108319954
2000-07-07,0.013520049845382687
2000-07-10,-0.010254733134006933
2000-07-11,-0.010186306583475524
2000-07-12,0.056930849762125924
2000-07-13,0.06411565594050561
2000-07-14,0.0
2000-07-17,0.0
2000-07-18,0.0
2000-07-19,-0.026433976319498953
2000-07-20,-0.008110314505964666
2000-07-21,-0.04595599894481095
2000-07-24,0.015603562186297992
2000-07-25,0.028783916622824535
2000-07-26,-0.03208950506272035
2000-07-27,-0.06977440158877657
2000-07-28,0.01244852977251898
2000-07-31,0.07021752451638363
2000-08-01,0.0
2000-08-02,0.0
2000-08-03,0.0
2000-08-04,0.038081069700686365
2000-08-07,-0.004271105731389113
2000-08-08,-0.006582217272596447
2000-08-09,0.04538052793074976
2000-08-10,-0.04716691034889131
2000-08-11,-0.005388689283722825
2000-08-14,0.04539419818987178
2000-08-15,0.018789432598978584
2000-08-16,0.054436582643829556
2000-08-17,-0.0321211621442945
2000-08-18,0.023157101255664392
2000-08-21,0.030564900266122796
2000-08-22,-0.03224260542189383
2000-08-23,-0.00451364518932551
2000-08-24,0.00834248698486939
2000-08-25,-0.01199572234108126
2000-08-28,0.011934342771785511
2000-08-29,0.0025815277980414386
2000-08-30,-0.012309691451446891
2000-08-31,0.009242853183988986
2000-09-01,0.03565264078974484
2000-09-05,0.03472052080832566
2000-09-06,-0.05808582905526405
2000-09-07,0.0234843710856798
2000-09-08,-0.015306579220322969
2000-09-11,-0.039316052835627335
2000-09-12,0.020251882404469956
2000-09-13,-0.02553798217783232
2000-09-14,0.031110803351809047
2000-09-15,-0.007418051900228262
2000-09-18,0.01913642166052587
2000-09-19,-0.007561014089921936
2000-09-20,-0.02404524402117114
2000-09-21,-0.02275950995059839
2000-09-22,-0.11462363926187857
2000-09-25,0.028427910691536162
2000-09-26,0.022152610367882852
2000-09-27,0.024933200819449386
2000-09-28,-0.021014208279897306
2000-09-29,-0.047433349861884966
2000-10-02,0.022712859990322576
2000-10-03,0.04793271247936115
2000-10-04,-0.0004280316870761691
2000-10-05,-0.02291035127523533
2000-10-06,0.015495875641197365
2000-10-09,0.009357939412458105
2000-10-10,-0.04481671216166916
2000-10-11,-0.06709868992459644
2000-10-12,0.06391425938026263
2000-10-13,0.0
2000-10-16,0.0
2000-10-17,0.0
2000-10-18,-0.04878213760600314
2000-10-19,0.17563049550309717
2000-10-20,0.0
2000-10-23,0.0
2000-10-24,0.0
2000-10-25,-0.048727468084818315
2000-10-26,0.017896232993106054
2000-10-27,0.019053617049267446
2000-10-30,-0.016635235606679344
2000-10-31,0.0848153610248854
2000-11-01,0.0
2000-11-02,0.0
2000-11-03,0.0
2000-11-06,0.0538114921566446
2000-11-07,0.015074581522757535
2000-11-08,0.011707675188609379
2000-11-09,-0.07881074592985593
2000-11-10,0.00018389586139888614
2000-11-13,-0.07065093357684571
2000-11-14,0.1034431840985035
2000-11-15,0.0
2000-11-16,0.0
2000-11-17,0.0
2000-11-20,-0.049402564135651694
2000-11-21,0.03731544478847759
2000-11-22,0.01578598859756064
2000-11-24,0.06976737631696417
2000-11-27,0.0
2000-11-28,0.0
2000-11-29,0.0
2000-11-30,-0.16799395500533532
2000-12-01,0.06137750286800259
2000-12-04,0.0
2000-12-05,0.0
2000-12-06,0.0
2000-12-07,-0.061398366520060255
2000-12-08,0.1569884764055982
2000-12-11,0.0
2000-12-12,0.0
2000-12-13,0.0
2000-12-14,0.0037340834740453577
2000-12-15,-0.050311769667151784
2000-12-18,0.027023979905945295
2000-12-19,-0.000564237831114367
2000-12-20,-0.08383887753161345
2000-12-21,-0.015401670221982133
2000-12-22,0.0963023349200669
2000-12-26,0.0
2000-12-27,0.0
2000-12-28,0.0
2000-12-29,-4.2909635460275375e-05
2001-01-02,0.042075671976490314
2001-01-03,-0.01773991835036448
2001-01-04,-0.022285894842028253
2001-01-05,0.006182251909990111
2001-01-08,-0.014024261731717114
2001-01-09,0.06240212908324727
2001-01-10,0.0
2001-01-11,0.0
2001-01-12,0.0
2001-01-16,0.0034734401646259183
2001-01-17,0.14060485377723797
2001-01-18,0.0
2001-01-19,0.0
2001-01-22,0.0
2001-01-23,-0.01826887263646304
2001-01-24,0.002394449271351462
2001-01-25,-0.020627569702969084
2001-01-26,-0.06394013679900623
2001-01-29,-0.011239869643490108
2001-01-30,0.02852875750114703
2001-01-31,-0.009909198032283406
2001-02-01,0.01658181105528711
2001-02-02,0.021135083468558635
2001-02-05,-0.016851904777346327
2001-02-06,0.02892128172018671
2001-02-07,-0.015280436319115576
2001-02-08,0.014964539263161436
2001-02-09,-0.015277095195713963
2001-02-12,-0.009754911340197903
2001-02-13,0.008760987801512243
2001-02-14,0.0006019023333727613
2001-02-15,0.002584886130996278
2001-02-16,-0.07709295706574337
2001-02-20,0.019357284889255588
2001-02-21,-0.06269564831710561
2001-02-22,-0.015166928829547288
2001-02-23,0.001056337256469142
2001-02-26,0.050443288458726254
2001-02-27,-0.028740658367180094
2001-02-28,0.0157903143692244
2001-03-01,-0.025898581732669568
2001-03-02,-0.10493001036063287
2001-03-05,0.0342436796814134
2001-03-06,0.13127726717850718
2001-03-07,0.0
2001-03-08,0.0
2001-03-09,0.0
2001-03-12,-0.034983081089010715
2001-03-13,0.055747019327648806
2001-03-14,-0.08838518220225722
2001-03-15,0.08691339432397882
2001-03-16,0.0
2001-03-19,0.0
2001-03-20,0.0
2001-03-21,-0.006111779079139845
2001-03-22,0.06658033158821008
2001-03-23,0.0
2001-03-26,0.0
2001-03-27,0.0
2001-03-28,-0.060715677711349336
2001-03-29,-0.015920337814430918
2001-03-30,-0.034867866862653085
2001-04-02,-0.005696347905198129
2001-04-03,0.0
2001-04-04,0.0
2001-04-05,0.0
2001-04-06,0.0
2001-04-09,0.0
2001-04-10,0.0
2001-04-11,0.0
2001-04-12,0.0
2001-04-16,0.0
2001-04-17,0.0
2001-04-18,0.0
2001-04-19,0.0
2001-04-20,0.0
2001-04-23,0.0
2001-04-24,0.0
2001-04-25,0.0
2001-04-26,0.0
2001-04-27,0.0
2001-04-30,0.0
2001-05-01,0.0
2001-05-02,0.11984812314322646
2001-05-03,0.0
2001-05-04,0.0
2001-05-07,0.0
2001-05-08,0.08470259031467564
2001-05-09,0.0
2001-05-10,0.0
2001-05-11,0.0
2001-05-14,-0.0011362883526431222
2001-05-15,0.014353700210326004
2001-05-16,-0.038276939575892066
2001-05-17,0.013922861769639638
2001-05-18,-0.012394493771964332
2001-05-21,-0.012974404272263373
2001-05-22,0.004105726204658211
2001-05-23,0.0064339733370086805
2001-05-24,-0.028064214503151996
2001-05-25,0.02212137822214988
2001-05-29,-0.020634005908113595
2001-05-30,-0.024698066683576436
2001-05-31,-0.00663991204865666
2001-06-01,0.034311948021664485
2001-06-04,-0.0308879441695582
2001-06-05,0.02481618351521453
2001-06-06,0.09895053626409167
2001-06-07,0.0
2001-06-08,0.0
2001-06-11,0.0
2001-06-12,-0.06685322942064409
2001-06-13,0.008888006962118666
2001-06-14,-0.043258958548483384
2001-06-15,-0.03432243869023255
2001-06-18,0.006199248560296633
2001-06-19,0.06134592270064587
2001-06-20,0.0
2001-06-21,0.0
2001-06-22,0.0
2001-06-25,0.0510212665346097
2001-06-26,-0.030242076043325516
2001-06-27,-0.004471711862619743
2001-06-28,0.027102871938987194
2001-06-29,0.008620118402241195
2001-07-02,-0.0009870521192864024
2001-07-03,-0.02062575147234802
2001-07-05,-0.047054550407884976
2001-07-06,-0.14877647731132382
2001-07-09,0.06719852778544388
2001-07-10,0.0
2001-07-11,0.0
2001-07-12,0.0
2001-07-13,-0.029031287808047646
2001-07-16,0.03182820863988911
2001-07-17,-0.04836553463231352
2001-07-18,-0.03265328852802307
2001-07-19,0.03985542469891179
2001-07-20,0.007058448671895201
2001-07-23,0.024360969889729356
2001-07-24,-0.033506974268363354
2001-07-25,0.004922114502683428
2001-07-26,0.003146598792452826
2001-07-27,-0.020205491667258046
2001-07-30,0.04096374209252818
2001-07-31,0.042296691570794076
2001-08-01,0.1388620398790532
2001-08-02,0.0
2001-08-03,0.0
2001-08-06,0.0
2001-08-07,-0.00171786751603753
2001-08-08,-0.007398034210617355
2001-08-09,-0.018098948887154798
2001-08-10,-0.004513514393443385
2001-08-13,0.03409662437961103
2001-08-14,-0.017665381170991368
2001-08-15,0.024412468753748362
2001-08-16,-0.027046885846250812
2001-08-17,-0.04514982807486834
2001-08-20,-0.012384944487673466
2001-08-21,0.01072357252527456
2001-08-22,0.03185885919454212
2001-08-23,0.0033795019571569718
2001-08-24,0.02480687350710964
2001-08-27,-0.007756159442285804
2001-08-28,0.00960545585488104
2001-08-29,0.018099972302535683
2001-08-30,-0.021069536994783977
2001-08-31,-0.009125437991558849
2001-09-04,-0.030140974907531093
2001-09-05,-0.010390678224225347
2001-09-06,-0.025784860245274044
2001-09-07,-0.0074723994416088235
2001-09-10,-0.005698978654235853
2001-09-17,-0.2075561013164099
2001-09-18,0.013044042163298686
2001-09-19,0.04297610285067677
2001-09-20,-0.04604108793676498
2001-09-21,-0.09688110397296934
2001-09-24,0.09634689754762382
2001-09-25,0.0
2001-09-26,0.0
2001-09-27,0.0
2001-09-28,0.055026338966962296
2001-10-01,-0.004128773474561087
2001-10-02,-0.020087454693306417
2001-10-03,-0.02083671318796021
2001-10-04,0.091350851996991
2001-10-05,0.0
2001-10-08,0.0
2001-10-09,0.0
2001-10-10,-0.009304323122531488
2001-10-11,0.07706173220140178
2001-10-12,0.0
2001-10-15,0.0
2001-10-16,0.0
2001-10-17,0.08225199030633767
2001-10-18,0.0
2001-10-19,0.0
2001-10-22,0.0
2001-10-23,0.026174396361879015
2001-10-24,-0.0030690407844397027
2001-10-25,-0.035079287997862196
2001-10-26,-0.0048673790447998355
2001-10-29,-0.0265869103657711
2001-10-30,-0.015634191050080237
2001-10-31,0.06651430672196224
2001-11-01,0.0
2001-11-02,0.0
2001-11-05,0.0
2001-11-06,-0.009857725268317519
2001-11-07,-0.01571634276147349
2001-11-08,0.08162766417862732
2001-11-09,0.0
2001-11-12,0.0
2001-11-13,0.0
2001-11-14,0.02127171332368083
2001-11-15,-0.00761248628602762
2001-11-16,-0.005610567701826108
2001-11-19,0.009436854008782802
2001-11-20,-0.019676066887730714
2001-11-21,-0.015302976177343663
2001-11-23,-0.001918748078883148
2001-11-26,0.029837151355948777
2001-11-27,-0.018112615195346682
2001-11-28,-0.012790374168823226
2001-11-29,0.04103706371965532
2001-11-30,-0.005189107276854843
2001-12-03,0.014818704784411718
2001-12-04,0.02514804314421193
2001-12-05,0.07632900143600918
2001-12-06,0.0
2001-12-07,0.0
2001-12-10,0.0
2001-12-11,0.026329542044965404
2001-12-12,0.018476880169976617
2001-12-13,-0.07169538885841142
2001-12-14,0.002444563412393741
2001-12-17,0.0026525949172817587
2001-12-18,0.01732666359914381
2001-12-19,-0.05541862705653677
2001-12-20,-0.009337500703318402
2001-12-21,0.013966124190522011
2001-12-24,0.0006002062160153088
2001-12-26,0.008954525970588989
2001-12-27,0.030866082906819692
2001-12-28,0.03729312722816447
2001-12-31,0.021970679946865523
2002-01-02,0.0588990328538026
2002-01-03,0.0
2002-01-04,0.0
2002-01-07,0.0
2002-01-08,0.016909644211624553
2002-01-09,0.022885657873246368
2002-01-10,-0.00872293199161589
2002-01-11,0.010817213213818233
2002-01-14,-0.01319777874453787
2002-01-15,0.03336024398228399
2002-01-16,-0.020425250174921028
2002-01-17,0.03439356565001095
2002-01-18,-0.04255398318742598
2002-01-22,0.01564951230455791
2002-01-23,0.01918316012871535
2002-01-24,0.018763031437123212
2002-01-25,-0.021629533360061237
2002-01-28,0.020107331890314883
2002-01-29,0.0066520832739966895
2002-01-30,0.010747733279183658
2002-01-31,0.02083741627515967
2002-02-01,-0.007471532096797295
2002-02-04,-0.04322360435023653
2002-02-05,-0.03490307081100108
2002-02-06,0.04122874779621899
2002-02-07,0.002299131251445985
2002-02-08,0.022717130168327326
2002-02-11,0.006518885567474486
2002-02-12,-0.02341178511295694
2002-02-13,0.01918241502289275
2002-02-14,0.008156827954806767
2002-02-15,-0.029167172424932497
2002-02-19,-0.048758447822376594
2002-02-20,-0.0025004206746029878
2002-02-21,-0.011765688281401565
2002-02-22,-0.023224567568832843
2002-02-25,0.007446343533948463
2002-02-26,-0.0019702172001780927
2002-02-27,0.025086297078085407
2002-02-28,-0.0019377231164409148
2002-03-01,0.007548615430815087
2002-03-04,0.0065241009021972385
2002-03-05,-0.030697858840707526
2002-03-06,-0.0671381758038917
2002-03-07,0.014808681738131435
2002-03-08,0.0394466701598426
2002-03-11,-0.01882003003884347
2002-03-12,-0.03472219728077319
2002-03-13,-0.016262918571498974
2002-03-14,-0.033973775787674465
2002-03-15,0.008607919561356203
2002-03-18,0.022411041178711066
2002-03-19,0.012656991645395355
2002-03-20,-0.020411757628831406
2002-03-21,0.016318973358747435
2002-03-22,0.009463483429065
2002-03-25,-0.0033409262943145945
2002-03-26,-0.012533998959286086
2002-03-27,-0.047782143084018625
2002-03-28,0.011921337864658765
2002-04-01,-0.03843524316148128
2002-04-02,-0.016392066793324056
2002-04-03,-0.007137355869737627
2002-04-04,0.0006981887130137476
2002-04-05,0.007152383955496999
2002-04-08,-0.05935464979136407
2002-04-09,0.009060767297926597
2002-04-10,0.022222995301562243
2002-04-11,-0.033093905475617635
2002-04-12,0.011259213666205081
2002-04-15,0.011998421243573754
2002-04-16,0.04836368963821336
2002-04-17,0.0
2002-04-18,0.0
2002-04-19,0.0
2002-04-22,-0.013331104024132512
2002-04-23,0.021928999022339912
2002-04-24,0.06504976315095545
2002-04-25,0.0
2002-04-26,0.0
2002-04-29,0.0
2002-04-30,0.00037010200647524805
2002-05-01,-0.004791218115453466
2002-05-02,0.024003104033939904
2002-05-03,-0.0022165804607905404
2002-05-06,-0.024419563060152583
2002-05-07,0.047143477885029705
2002-05-08,0.13288326485725177
2002-05-09,0.0
2002-05-10,0.0
2002-05-13,0.0
2002-05-14,0.13786843626950795
2002-05-15,0.0
2002-05-16,0.0
2002-05-17,0.0
2002-05-20,0.0006129376646739626
2002-05-21,0.02921747761234439
2002-05-22,-0.01041847295157039
2002-05-23,0.00935534625383938
2002-05-24,-0.03115844841809523
2002-05-28,0.029307993255418108
2002-05-29,-0.035422984284705916
2002-05-30,-0.04298517200391749
2002-05-31,0.0067317224706948675
2002-06-03,-0.019724646891909337
2002-06-04,-0.003985321141177778
2002-06-05,-0.001785486689739768
2002-06-06,-0.025859257132933244
2002-06-07,-0.1813127115333638
2002-06-10,0.012949849208239828
2002-06-11,0.026411391833991216
2002-06-12,-0.0010860512416255297
2002-06-13,-0.010219854579741616
2002-06-14,-0.03977069011814183
2002-06-17,0.045961827034412206
2002-06-18,-0.01127019634635773
2002-06-19,-0.158378617602988
2002-06-20,-0.0020563799578243724
2002-06-21,-0.021333649756377304
2002-06-24,-0.030092224277712187
2002-06-25,0.06017917653549998
2002-06-26,-0.16885606172713552
2002-06-27,0.07981327222112289
2002-06-28,0.0
2002-07-01,0.0
2002-07-02,0.0
2002-07-03,-0.043670991247111934
2002-07-05,0.15081771466306582
2002-07-08,0.0
2002-07-09,0.0
2002-07-10,0.0
2002-07-11,-0.017841976236823154
2002-07-12,0.06918922260434224
2002-07-15,0.0
2002-07-16,0.0
2002-07-17,0.0
2002-07-18,-0.06203030802079701
2002-07-19,-0.03428129520616252
2002-07-22,-0.001891380447076818
2002-07-23,0.03090695954559486
2002-07-24,-0.03265694021045451
2002-07-25,-0.08609756962726578
2002-07-26,0.04043983065925327
2002-07-29,0.07397409037065739
2002-07-30,0.0
2002-07-31,0.0
2002-08-01,0.0
2002-08-02,-0.00044144641211096847
2002-08-05,0.026535035408375762
2002-08-06,0.08428154571461999
2002-08-07,0.0
2002-08-08,0.0
2002-08-09,0.0
2002-08-12,-0.039099653824244296
2002-08-13,0.0022313713666524126
2002-08-14,0.0130770165993368
2002-08-15,0.021222700287315543
2002-08-16,-0.038111894364467824
2002-08-19,0.04481222649095451
2002-08-20,-0.014578729714369465
2002-08-21,0.06440333019675282
2002-08-22,0.0
2002-08-23,0.0
2002-08-26,0.0
2002-08-27,0.01558439692145308
2002-08-28,-0.02538969606980701
2002-08-29,-0.055944018558664266
2002-08-30,-0.01933799208111653
2002-09-03,-0.05954341500711813
2002-09-04,0.01441869390910866
2002-09-05,-0.04022315675596799
2002-09-06,0.0898943245406092
2002-09-09,0.0
2002-09-10,0.0
2002-09-11,0.0
2002-09-12,-0.04460609689630124
2002-09-13,-0.051714457091593835
2002-09-16,-0.010801753692680549
2002-09-17,0.07021607630389393
2002-09-18,0.0
2002-09-19,0.0
2002-09-20,0.0
2002-09-23,-0.06170903189711274
2002-09-24,-0.045699863644056093
2002-09-25,0.06164136576953494
2002-09-26,0.0
2002-09-27,0.0
2002-09-30,0.0
2002-10-01,0.03201670582366534
2002-10-02,0.0022421473918705637
2002-10-03,-0.12703276111233397
2002-10-04,0.013679368667950165
2002-10-07,-0.006100475698308405
2002-10-08,0.04867938145513184
2002-10-09,-0.021763093845899806
2002-10-10,0.005612129301575175
2002-10-11,0.11700964154504323
2002-10-14,0.0
2002-10-15,0.0
2002-10-16,0.0
2002-10-17,0.2518513925361774
2002-10-18,0.0
2002-10-21,0.0
2002-10-22,0.0
2002-10-23,0.010851995405712911
2002-10-24,0.05190892378111922
2002-10-25,-0.04673753728062269
2002-10-28,0.09995422930913689
2002-10-29,0.0
2002-10-30,0.0
2002-10-31,0.0
2002-11-01,-0.01065998719518968
2002-11-04,0.031001341544448557
2002-11-05,-0.007827204800599175
2002-11-06,0.014997539760143397
2002-11-07,-0.02394264602787055
2002-11-08,0.0016025228457841045
2002-11-11,-0.003901587635937953
2002-11-12,0.006711419703247179
2002-11-13,-0.010772525535370336
2002-11-14,0.03072628196668048
2002-11-15,-0.03723743062810558
2002-11-18,0.0052724878264305275
2002-11-19,-0.005477522206695173
2002-11-20,0.001606190459463086
2002-11-21,0.0035370870612791983
2002-11-22,-0.009457511446157696
2002-11-25,-0.002976429909056111
2002-11-26,-0.009241748121637361
2002-11-27,0.02729679071513913
2002-11-29,0.018782153982378924
2002-12-02,0.02745767519844944
2002-12-03,0.0019466938159877767
2002-12-04,-0.03110506076893571
2002-12-05,0.025906429449253032
2002-12-06,-0.019857760789122714
2002-12-09,-0.013813850912889891
2002-12-10,0.019953530199929848
2002-12-11,-0.0004937409877364685
2002-12-12,0.021268312273464707
2002-12-13,-0.009345738378268686
2002-12-16,0.005246556789901602
2002-12-17,0.0017368333112195433
2002-12-18,-0.01674462895689799
2002-12-19,0.0020833758805993696
2002-12-20,0.012855149949293265
2002-12-23,0.0019244494914962829
2002-12-24,-0.00036464498958332925
2002-12-26,0.003125867803191129
2002-12-27,-0.01469308622487453
2002-12-30,-0.006982509505018664
2002-12-31,-0.0009675803903932412
2003-01-02,0.01966000702191062
2003-01-03,0.005655644905978585
2003-01-06,0.004464674620809905
2003-01-07,0.04124780423982721
2003-01-08,-0.013149765083090736
2003-01-09,0.02078090499568752
2003-01-10,-0.013649297976102037
2003-01-13,0.02911092417244099
2003-01-14,-0.012146618283393584
2003-01-15,0.004301679541680814
2003-01-16,2.036275521488662e-05
2003-01-17,-0.005127363229275539
2003-01-21,0.02565684088571407
2003-01-22,-0.01844026028119561
2003-01-23,0.008571481595005315
2003-01-24,0.006849916142454893
2003-01-27,-0.0060331247812699385
2003-01-28,0.005734134813784042
2003-01-29,-0.01713845177953277
2003-01-30,0.0017140305673295497
2003-01-31,0.025395459025611578
2003-02-03,-0.006252245623643016
2003-02-04,-0.004987687973194932
2003-02-05,0.015259229641368499
2003-02-06,0.03915944871022825
2003-02-07,0.03798180488297387
2003-02-10,-0.007208671197935557
2003-02-11,-0.01205319609888178
2003-02-12,0.0009067518787280182
2003-02-13,0.012998958454397247
2003-02-14,0.09230809316009947
2003-02-18,0.0
2003-02-19,0.0
2003-02-20,0.0
2003-02-21,0.016209028533227476
2003-02-24,-0.003523553199353824
2003-02-25,-0.040675731643069035
2003-02-26,-0.017624499364560786
2003-02-27,0.006004436439553729
2003-02-28,0.0010192970230504805
2003-03-03,0.01735595888816821
2003-03-04,-0.00714924694791641
2003-03-05,-0.010938996022031522
2003-03-06,-0.006680797297354157
2003-03-07,-0.040082546237626526
2003-03-10,-0.007043989810401663
2003-03-11,0.01133676184831267
2003-03-12,-0.008977083770638994
2003-03-13,0.05178701968507382
2003-03-14,-0.008549242762820097
2003-03-17,-0.03018466339919812
2003-03-18,0.01423870227391677
2003-03-19,0.02079275953519022
2003-03-20,0.0008284216877338935
2003-03-21,0.07719714843303627
2003-03-24,0.0
2003-03-25,0.0
2003-03-26,0.0
2003-03-27,-0.023431436260031524
2003-03-28,-0.014071607782511486
2003-03-31,-0.06273087007526323
2003-04-01,0.018604296025321432
2003-04-02,0.06995616824493456
2003-04-03,0.0
2003-04-04,0.0
2003-04-07,0.0
2003-04-08,-0.0034147671531690182
2003-04-09,-0.008650980274575337
2003-04-10,0.01847852524651028
2003-04-11,0.01936093969843422
2003-04-14,-0.009776777724024965
2003-04-15,-0.03957321654333146
2003-04-16,0.043495197532466
2003-04-17,-0.03504935895914352
2003-04-21,0.026621489692116862
2003-04-22,0.0066283927396877385
2003-04-23,0.0045811116528731155
2003-04-24,-0.00031611090222583016
2003-04-25,-0.0036799616730543994
2003-04-28,-0.0023924011585342297
2003-04-29,0.03632912370997654
2003-04-30,-0.0038222717611464674
2003-05-01,-0.008017545514018676
2003-05-02,0.00798878030416339
2003-05-05,0.023785025359122303
2003-05-06,-0.003915448899540208
2003-05-07,-0.02731940151553791
2003-05-08,-0.021880435897021266
2003-05-09,0.1269663356901889
2003-05-12,0.0
2003-05-13,0.0
2003-05-14,0.0
2003-05-15,0.023088708050489792
2003-05-16,-0.007114995964567439
2003-05-19,-0.04218974445835144
2003-05-20,0.029097028934713665
2003-05-21,-0.012724808002601451
2003-05-22,0.013834701713679287
2003-05-23,0.02456259809461625
2003-05-27,-0.033532936661885615
2003-05-28,0.027423734274345524
2003-05-29,0.007428514243774886
2003-05-30,0.08826614388959597
2003-06-02,0.0
2003-06-03,0.0
2003-06-04,0.0
2003-06-05,-0.016028652841172164
2003-06-06,0.0532441427387913
2003-06-09,-0.014729967113468967
2003-06-10,-0.018174142734864063
2003-06-11,-0.01632518616266021
2003-06-12,0.005282632534781451
2003-06-13,-0.05120721737572853
2003-06-16,0.020565215470214948
2003-06-17,0.033188126683405095
2003-06-18,-0.035122016458819294
2003-06-19,-0.0016654516807524944
2003-06-20,0.02284191054045004
2003-06-23,-0.0045837543319847684
2003-06-24,-0.01548941232891754
2003-06-25,0.02077823712587401
2003-06-26,0.008038044033614522
2003-06-27,0.02073939237311695
2003-06-30,0.027949732503511404
2003-07-01,-0.0025270691710339577
2003-07-02,0.05405920015852428
2003-07-03,-0.030768468950148953
2003-07-07,0.012590470532708009
2003-07-08,-0.015648920117066867
2003-07-09,0.003069923381873396
2003-07-10,-0.044289985170128277
2003-07-11,0.0035858288907244518
2003-07-14,0.047157219452490295
2003-07-15,-0.02164891194023688
2003-07-16,0.026997632624368162
2003-07-17,-0.06251187138397596
2003-07-18,0.009593324177210816
2003-07-21,0.005235875896166142
2003-07-22,0.02931876677275702
2003-07-23,-0.03527227023811308
2003-07-24,0.0555263396185286
2003-07-25,0.0007783437495889611
2003-07-28,0.011878028839330312
2003-07-29,0.056046765441983615
2003-07-30,-0.0076939829822841865
2003-07-31,0.024843340166790906
2003-08-01,-0.009396089692565779
2003-08-04,-0.012608145528421932
2003-08-05,0.02842988059771656
2003-08-06,-0.000241491818960049
2003-08-07,-0.027328321370560293
2003-08-08,-0.07985804414329212
2003-08-11,0.016102458956093857
2003-08-12,0.0038224536188007363
2003-08-13,0.002232661463269503
2003-08-14,-0.024709477722516304
2003-08-15,-0.006507584997526905
2003-08-18,0.017563551548204437
2003-08-19,0.028260567518649138
2003-08-20,-0.040173192324051255
2003-08-21,0.03194506248440687
2003-08-22,0.05392537788101914
2003-08-25,0.00784723097297979
2003-08-26,-0.017546727844101717
2003-08-27,0.009981281588478552
2003-08-28,0.010029506424220624
2003-08-29,-0.0058118558555743105
2003-09-02,0.018046969207121677
2003-09-03,0.02461780343770892
2003-09-04,-0.006739821391416934
2003-09-05,-0.008424413036358769
2003-09-08,0.004793928954499371
2003-09-09,-0.00977855587549481
2003-09-10,-0.025157967880052423
2003-09-11,0.0013436875083523425
2003-09-12,0.005514760163253474
2003-09-15,0.01608443171891971
2003-09-16,0.009433949462319458
2003-09-17,-0.001100202164488917
2003-09-18,-0.012428705952002406
2003-09-19,0.0023424510725931214
2003-09-22,-0.05246948222735415
2003-09-23,0.012511329728960963
2003-09-24,0.01851984241785609
2003-09-25,0.01304660765272092
2003-09-26,-0.023206680332663154
2003-09-29,0.0344057777738942
2003-09-30,-0.048759605157939645
2003-10-01,0.014606815233405124
2003-10-02,4.015068738749683e-05
2003-10-03,0.10074244341310545
2003-10-06,0.0
2003-10-07,0.0
2003-10-08,0.0
2003-10-09,0.04382703817826994
2003-10-10,0.01305391111839782
2003-10-13,0.009068621372426477
2003-10-14,-0.03394203955711084
2003-10-15,0.07971564845703738
2003-10-16,0.0
2003-10-17,0.0
2003-10-20,0.0
2003-10-21,0.02060962181979198
2003-10-22,-0.03330154362664961
2003-10-23,-0.03946753985703921
2003-10-24,0.00743155911980975
2003-10-27,0.0542727632243829
2003-10-28,0.07907028712048536
2003-10-29,0.0
2003-10-30,0.0
2003-10-31,0.0
2003-11-03,0.040271985352984485
2003-11-04,-0.0174990863608544
2003-11-05,-0.004080528409744932
2003-11-06,0.03210131672501748
2003-11-07,0.0023185999507226995
2003-11-10,-0.030293062842757124
2003-11-11,-0.007054341908739659
2003-11-12,0.019658222692642946
2003-11-13,-0.014828662426864647
2003-11-14,-0.011987551507683047
2003-11-17,-0.03345211368488221
2003-11-18,0.023683440964567648
2003-11-19,0.008747763293154964
2003-11-20,-0.062188417812932606
2003-11-21,0.03205850325208748
2003-11-24,0.01269189096388712
2003-11-25,0.024893767434296388
2003-11-26,0.022532214176555154
2003-11-28,-0.0012285564692299245
2003-12-01,0.029426927343061626
2003-12-02,0.01747145664828964
2003-12-03,0.02777439414101468
2003-12-04,0.022101009158557616
2003-12-05,-0.048232054745301234
2003-12-08,-0.010663464881095375
2003-12-09,0.03241720428241446
2003-12-10,-0.012361591430296914
2003-12-11,0.009564720586879405
2003-12-12,0.017496148220294883
2003-12-15,0.05730822027109195
2003-12-16,0.0066221120186265026
2003-12-17,-0.007906604984123322
2003-12-18,0.021112694604988436
2003-12-19,0.007023447559370899
2003-12-22,-0.012636885072370152
2003-12-23,0.0005801363896391631
2003-12-24,-0.0008765342874860194
2003-12-26,0.0022077401563689314
2003-12-29,0.015035891193732942
2003-12-30,0.0075100062333772755
2003-12-31,0.0026705168082032937
2004-01-02,0.02704029597605473
2004-01-05,0.022424829897538023
2004-01-06,0.0022535968332941803
2004-01-07,0.00776653478973266
2004-01-08,0.043168543125968295
2004-01-09,-0.014854537616153296
2004-01-12,0.005538433296732093
2004-01-13,0.011478333710010169
2004-01-14,0.008020814712176527
2004-01-15,-0.022579463971507896
2004-01-16,0.0203509357801801
2004-01-20,0.02721738397886475
2004-01-21,-0.04465052356376986
2004-01-22,-0.005003283168841466
2004-01-23,0.01391809835507618
2004-01-26,0.0007459584828235499
2004-01-27,-0.001091653693823691
2004-01-28,0.032900419986868545
2004-01-29,0.0132058030235922
2004-01-30,0.006348014161807747
2004-02-02,0.032370008854164745
2004-02-03,0.0006320028580546477
2004-02-04,-0.02234217499008817
2004-02-05,0.019307833458523493
2004-02-06,0.016193261987924146
2004-02-09,0.017873147686239266
2004-02-10,0.007992027140018232
2004-02-11,0.000669693125579629
2004-02-12,0.00682239014909114
2004-02-13,0.023050065458484204
2004-02-17,0.04611521403297547
2004-02-18,0.007371805766045236
2004-02-19,0.05160222844075535
2004-02-20,-0.014852949177203478
2004-02-23,-0.0344712804765791
2004-02-24,-0.08059092373003374
2004-02-25,0.018260054135561976
2004-02-26,-0.0077465524265789565
2004-02-27,0.018408394148391904
2004-03-01,-0.01490143816623668
2004-03-02,0.0009594489181266042
2004-03-03,-0.009451875796250175
2004-03-04,-0.004357451256946643
2004-03-05,-0.023132642020660232
2004-03-08,0.05699094573160046
2004-03-09,0.0
2004-03-10,0.0
2004-03-11,0.0
2004-03-12,0.043416173530080426
2004-03-15,0.0
2004-03-16,0.0
2004-03-17,0.0
2004-03-18,0.009349509840620218
2004-03-19,0.015845106943625398
2004-03-22,-0.01925925875998269
2004-03-23,0.036967715957286096
2004-03-24,0.0005985841617153209
2004-03-25,0.013329932915739695
2004-03-26,-0.006947767543815209
2004-03-29,0.0317221052229284
2004-03-30,0.03346568862634447
2004-03-31,0.009740802779974134
2004-04-01,0.0152720024364279
2004-04-02,0.03829567828323066
2004-04-05,-0.01744585136513699
2004-04-06,-0.03368569509324337
2004-04-07,-4.3154931418931675e-05
2004-04-08,0.028947542785816793
2004-04-12,0.007184943416417733
2004-04-13,0.011531242713039402
2004-04-14,-0.033467611201040026
2004-04-15,-0.017811255054397068
2004-04-16,0.0029557846499963514
2004-04-19,0.004597056888320683
2004-04-20,0.008584626989610156
2004-04-21,0.004688228310233411
2004-04-22,-0.020009490532276963
2004-04-23,0.023649670665939482
2004-04-26,0.0104259825272075
2004-04-27,0.011759633537725911
2004-04-28,-0.015253130064452392
2004-04-29,-0.010100733529490591
2004-04-30,0.005182213624506327
2004-05-03,0.03683439613301953
2004-05-04,0.017027747021784112
2004-05-05,0.013788076463921772
2004-05-06,0.0031223914159845823
2004-05-07,0.02164961993740455
2004-05-10,-0.018417539408132844
2004-05-11,0.02255859163652585
2004-05-12,-0.017487332663846167
2004-05-13,-0.012440243778710003
2004-05-14,0.006117614677113581
2004-05-17,-0.02113517297035994
2004-05-18,0.023678699999739372
2004-05-19,0.0509303508151826
2004-05-20,0.0012013612445240796
2004-05-21,0.022167122187064292
2004-05-24,0.014576432647504856
2004-05-25,0.000511256535469462
2004-05-26,0.00014662368244988677
2004-05-27,0.0207185550150486
2004-05-28,0.015534455856800022
2004-06-01,-0.019397568630163287
2004-06-02,0.01834813465056273
2004-06-03,-0.012096732826779921
2004-06-04,0.03746495522472637
2004-06-07,0.020493075767259006
2004-06-08,-0.00349501750231751
2004-06-09,0.0021616092109844054
2004-06-10,0.025166201895714835
2004-06-14,-0.00319505129827502
2004-06-15,0.030530876271998908
2004-06-16,-0.009817488727273394
2004-06-17,-0.008719733103017213
2004-06-18,-0.030967548674753376
2004-06-21,0.006564478339636803
2004-06-22,0.014824171529726815
2004-06-23,0.01300158937660223
2004-06-24,0.005977717237359403
2004-06-25,0.014729842710213381
2004-06-28,0.023493233668198776
2004-06-29,0.022256041492751732
2004-06-30,-0.013599478133701437
2004-07-01,0.005511523872626878
2004-07-02,-0.0006890303794392372
2004-07-06,-0.03882710836155201
2004-07-07,0.006239011214282275
2004-07-08,-0.016168547561694724
2004-07-09,0.013513934858695897
2004-07-12,-0.02878444270599312
2004-07-13,0.01528647288660867
2004-07-14,-0.07713413200559005
2004-07-15,0.010209526802841706
2004-07-16,0.03110340544379686
2004-07-19,-0.0002699056234620745
2004-07-20,0.008472513339823351
2004-07-21,0.030942319164554588
2004-07-22,0.006114586370444819
2004-07-23,-0.017292709515811633
2004-07-26,0.012369890849119436
2004-07-27,0.002266918536293794
2004-07-28,-0.014936325582039611
2004-07-29,0.016189860271594858
2004-07-30,-0.0028822757003612587
2004-08-02,-0.01796885444213958
2004-08-03,-0.004871130217091846
2004-08-04,-0.007255204481023458
2004-08-05,0.006167644283917806
2004-08-06,-0.18123617016587268
2004-08-09,0.031561691191380525
2004-08-10,0.0033463817831906884
2004-08-11,-0.03903379201817281
2004-08-12,-0.011044000744321214
2004-08-13,0.014667217778621344
2004-08-16,-0.0079366702062319
2004-08-17,0.0290293441364029
2004-08-18,-0.002730855592281922
2004-08-19,-0.004850678537662745
2004-08-20,0.006854902661496354
2004-08-23,0.024577149506146423
2004-08-24,0.02475910038070883
2004-08-25,0.014811282646813195
2004-08-26,-0.02453067246011742
2004-08-27,0.0065950042736377945
2004-08-30,-0.008255842650983114
2004-08-31,0.0037343159107028345
2004-09-01,0.010490683782290455
2004-09-02,0.0026390140842496024
2004-09-03,-0.05010517999971886
2004-09-07,0.021174434304106704
2004-09-08,-0.0024622956717387234
2004-09-09,0.038195324680202924
2004-09-10,-0.008181022513098823
2004-09-13,0.011657534309345019
2004-09-14,-0.009979762333580666
2004-09-15,-0.03200341101823989
2004-09-16,0.019660883268839413
2004-09-17,0.02297621386692006
2004-09-20,-0.027922467067512446
2004-09-21,0.029657430901114834
2004-09-22,-0.022889413698240157
2004-09-23,0.00543224107043927
2004-09-24,0.008701646974925925
2004-09-27,-0.01923944886896234
2004-09-28,-0.00411155022303189
2004-09-29,-0.0010476615973985526
2004-09-30,-0.007406433937829582
2004-10-01,0.016725091347425947
2004-10-04,0.022774080106844785
2004-10-05,-0.039996345959388835
2004-10-06,0.005330463482443593
2004-10-07,0.009599606134152117
2004-10-08,-0.02014788949071067
2004-10-11,-0.0012677229352979769
2004-10-12,-0.05070934721767617
2004-10-13,0.05140398955219827
2004-10-14,-0.004915224168375865
2004-10-15,0.014792111739846403
2004-10-18,-0.01778397607059834
2004-10-19,0.03639821298820323
2004-10-20,-0.010629118648790126
2004-10-21,0.020598125693635172
2004-10-22,0.013685725278425265
2004-10-25,-0.007719828397723449
2004-10-26,0.07088108347418864
2004-10-27,0.0
2004-10-28,0.0
2004-10-29,0.0
2004-11-01,0.01145031189978929
2004-11-02,0.003618594001503883
2004-11-03,0.03710610378347412
2004-11-04,0.005670147405164361
2004-11-05,0.013693023217051792
2004-11-08,0.005135867537161554
2004-11-09,0.0019846359844066797
2004-11-10,0.0004402417888584864
2004-11-11,0.00846470137723121
2004-11-12,0.0026175619724526644
2004-11-15,0.0019838174269573017
2004-11-16,0.0027516662328548325
2004-11-17,0.006368449451860547
2004-11-18,0.004886810645645667
2004-11-19,0.04434468550304871
2004-11-22,0.0
2004-11-23,0.0
2004-11-24,0.0
2004-11-26,0.003685838760762561
2004-11-29,-0.007172947330432722
2004-11-30,0.002823675496221645
2004-12-01,0.008639973825228964
2004-12-02,-0.016103907986970145
2004-12-03,0.015279613498344613
2004-12-06,-0.009439061060514842
2004-12-07,-0.01506335323013408
2004-12-08,-0.010851015830199984
2004-12-09,-0.01350931492254459
2004-12-10,-0.007859922398569807
2004-12-13,0.025717129211799916
2004-12-14,0.01160160502494878
2004-12-15,0.00025296019195075736
2004-12-16,-0.022299547130812836
2004-12-17,-0.009333429507022317
2004-12-20,0.01658169104040086
2004-12-21,0.01014572159034377
2004-12-22,0.002607456834328614
2004-12-23,0.008344576221007038
2004-12-27,0.01322147700007803
2004-12-28,0.004432947495624839
2004-12-29,-0.006199927187591658
2004-12-30,0.0020181074141656374
2004-12-31,0.01278442595312912
2005-01-03,0.03383985363134867
2005-01-04,-0.003769420396518508
2005-01-05,-0.004480394115873643
2005-01-06,0.011510309893146387
2005-01-07,0.016107056965337874
2005-01-10,0.009893986754339723
2005-01-11,0.00394866020451623
2005-01-12,0.013729164696095086
2005-01-13,-0.004063052522511934
2005-01-14,0.00799032685105372
2005-01-18,-0.017071346041285018
2005-01-19,0.00631223374308032
2005-01-20,-0.01968786571767489
2005-01-21,0.006244468549382987
2005-01-24,-0.026107401185738843
2005-01-25,0.012158688836764409
2005-01-26,0.012749181180770952
2005-01-27,0.003616874450316665
2005-01-28,0.008866124246675655
2005-01-31,0.028053319241005736
2005-02-01,-0.008216422843166149
2005-02-02,0.030799674014387213
2005-02-03,-0.01526704327011652
2005-02-04,-0.0011002387516534373
2005-02-07,0.002622185139180111
2005-02-08,-0.00321108040059237
2005-02-09,-0.023403706935702706
2005-02-10,0.007588831366081683
2005-02-11,0.008339241278239706
2005-02-14,0.014626056718758162
2005-02-15,0.02052356235987096
2005-02-16,-0.003794093481558014
2005-02-17,0.014666993164973219
2005-02-18,0.050315792250932745
2005-02-22,-0.012373656209842543
2005-02-23,0.0031363843007614634
2005-02-24,-0.007936395658639017
2005-02-25,0.008686837147556137
2005-02-28,-0.0024590101425171484
2005-03-01,0.006527079071646291
2005-03-02,-0.011766129819803628
2005-03-03,0.0033315704491525544
2005-03-04,0.018563186874227533
2005-03-07,0.0026300471544209447
2005-03-08,-0.015054768223451531
2005-03-09,-0.01751944845533626
2005-03-10,0.006473865205046003
2005-03-11,0.012600590912024145
2005-03-14,0.024065135149876626
2005-03-15,0.009421129271962148
2005-03-16,-0.0211343185227445
2005-03-17,0.008020515382687998
2005-03-18,0.03131009244375682
2005-03-21,0.005203736507402912
2005-03-22,0.0003324859323108331
2005-03-23,-0.007699620814998975
2005-03-24,0.01021660617030995
2005-03-28,0.0041819901192374775
2005-03-29,-0.00024178168555344381
2005-03-30,0.007297559911936702
2005-03-31,-0.00880506022359051
2005-04-01,0.015185301951063712
2005-04-04,-0.005925775024954061
2005-04-05,0.004997491236064633
2005-04-06,0.0182901840646017
2005-04-07,0.0019013092489188477
2005-04-08,0.004978848363970334
2005-04-11,0.004077463879987864
2005-04-12,-0.002347413480379923
2005-04-13,-0.0009781842822735864
2005-04-14,0.00013513270651954734
2005-04-15,-0.028168161276018067
2005-04-18,-0.0014364304940481798
2005-04-19,0.020055306408547358
2005-04-20,0.016596752970909012
2005-04-21,0.027441026663171275
2005-04-22,-0.0013093791390259568
2005-04-25,0.02378146254995883
2005-04-26,0.0007542123383568189
2005-04-27,-0.012508595203302497
2005-04-28,-0.011205582591625296
2005-04-29,0.01039607566401668
2005-05-02,0.004074493495141329
2005-05-03,-0.0067275637565339386
2005-05-04,-0.0019365460372320342
2005-05-05,0.002346112689834534
2005-05-06,0.018037417492455354
2005-05-09,0.008503820199525114
2005-05-10,0.0015964075610725992
2005-05-11,0.005504873754713424
2005-05-12,-0.0013174965302191755
2005-05-13,0.04323542994112617
2005-05-16,0.0
2005-05-17,0.0
2005-05-18,0.0
2005-05-19,0.002715322591299474
2005-05-20,0.0016788466060888574
2005-05-23,0.008437956620178877
2005-05-24,-0.00939314024779725
2005-05-25,-0.005144883447220083
2005-05-26,0.007764745019900543
2005-05-27,-0.0006165159837056011
2005-05-31,-0.003804164195644777
2005-06-01,-0.005522483563653702
2005-06-02,-0.002461864538027325
2005-06-03,-0.0008981015666306158
2005-06-06,-0.0207384876495611
2005-06-07,8.837679598094894e-05
2005-06-08,0.007250895355762399
2005-06-09,-0.007499381462980903
2005-06-10,0.0009100404934476725
2005-06-13,-0.004730258213462624
2005-06-14,-0.002030005671566526
2005-06-15,0.00613943264768424
2005-06-16,0.007127368324205463
2005-06-17,0.021192943191438607
2005-06-20,-0.00747723938126077
2005-06-21,0.002127333337550663
2005-06-22,0.009143037898847739
2005-06-23,-0.0017532460426659124
2005-06-24,-0.0019282064338727034
2005-06-27,-0.007275039582549159
2005-06-28,0.010063449207891706
2005-06-29,0.007317211292987347
2005-06-30,0.007312922330306559
2005-07-01,-0.00354185453460798
2005-07-05,0.0007785061578913233
2005-07-06,0.0033316001142187357
2005-07-07,-0.016575078967164703
2005-07-08,0.005304547496845613
2005-07-11,0.010320905859622531
2005-07-12,-0.00022726946503026646
2005-07-13,0.0032036963483970116
2005-07-14,0.009233790881532977
2005-07-15,0.0008737023395382071
2005-07-18,0.0002848384000011528
2005-07-19,0.012204453101837709
2005-07-20,0.00042749780947293203
2005-07-21,-0.010364007882648685
2005-07-22,-0.013181567454687904
2005-07-25,-0.012835449058516524
2005-07-26,0.007574559057639041
2005-07-27,0.006300017301964944
2005-07-28,0.0009486367585140876
2005-07-29,-0.0003459445697940877
2005-08-01,-0.002684805939635382
2005-08-02,-0.0044829352010115064
2005-08-03,-0.006400961049979226
2005-08-04,-0.00921549968056301
2005-08-05,-0.0008339765992304571
2005-08-08,0.005440813068173123
2005-08-09,0.036675228220865774
2005-08-10,-0.0023049341566312442
2005-08-11,-0.006192919987376255
2005-08-12,-0.00030551751568674845
2005-08-15,-0.002714668504704809
2005-08-16,0.0007656890703999775
2005-08-17,-0.005104365800080002
2005-08-18,-0.015660661679747223
2005-08-19,-0.004430752527494586
2005-08-22,0.00469044117065609
2005-08-23,0.0009386307567464947
2005-08-24,-0.007604559338271533
2005-08-25,0.004996198061808954
2005-08-26,-0.01960469647349361
2005-08-29,-0.01737203647683938
2005-08-30,-0.005775928093004201
2005-08-31,0.0028610599061429376
2005-09-01,-0.007075375180937371
2005-09-02,0.007029311990768727
2005-09-06,0.0048157800538983775
2005-09-07,0.0007987810274179274
2005-09-08,0.000991069193251981
2005-09-09,0.006735764338419603
2005-09-12,0.004475435680066253
2005-09-13,-0.00151694345764386
2005-09-14,-0.0027086531259058466
2005-09-15,0.0012616271847301075
2005-09-16,0.0019743175202278085
2005-09-19,-0.0016915652482686339
2005-09-20,0.0076687041701331005
2005-09-21,0.0022314781337062772
2005-09-22,0.001755417215270949
2005-09-23,0.0005950448414049347
2005-09-26,0.008529306261760627
2005-09-27,0.007371648534677533
2005-09-28,0.00732026590854451
2005-09-29,0.0019919082373482944
2005-09-30,0.004295876631378093
2005-10-03,0.00023725121291473528
2005-10-04,0.009554989516824541
2005-10-05,-0.0008508288405776332
2005-10-06,-0.001914626634966221
2005-10-07,0.004171536170382906
2005-10-10,0.0056930026495973785
2005-10-11,0.0046301054762407645
2005-10-12,0.006981474779866659
2005-10-13,0.007838646792597714
2005-10-14,0.01770542445281653
2005-10-17,0.00679802465079371
2005-10-18,0.0063972757327928065
2005-10-19,-0.022810801134741987
2005-10-20,-0.0034285910616339565
2005-10-21,0.015813664886957568
2005-10-24,0.011439589178033893
2005-10-25,-0.0025895948331996488
2005-10-26,-0.0022440852113198018
2005-10-27,-0.0007811515468646446
2005-10-28,0.014103125024923946
2005-10-31,0.00044595927888901876
2005-11-01,-0.011444476411020199
2005-11-02,0.007331292625386787
2005-11-03,0.0227085548612751
2005-11-04,0.003494271596461207
2005-11-07,0.014151577026879636
2005-11-08,-0.004918909340750677
2005-11-09,0.002006070374706015
2005-11-10,0.022117368971110718
2005-11-11,0.0022182999655688818
2005-11-14,-0.012846836269719386
2005-11-15,0.027427815868560135
2005-11-16,-0.007503148487644107
2005-11-17,0.013914888840469208
2005-11-18,0.013120459571496879
2005-11-21,0.022671651485092648
2005-11-22,0.013868683712738639
2005-11-23,0.007890073175298662
2005-11-25,0.016720898812030427
2005-11-28,0.0061924358472571495
2005-11-29,-0.03885049293524989
2005-11-30,-0.006888086630598478
2005-12-01,0.02256928572487693
2005-12-02,0.0062799258361667665
2005-12-05,-0.010542818715051472
2005-12-06,0.004619708874031181
2005-12-07,0.005567182277657512
2005-12-08,0.002597016051155032
2005-12-09,0.010298915838567346
2005-12-12,0.012798396053663286
2005-12-13,-0.001628089843312197
2005-12-14,0.0001599934618878862
2005-12-15,0.0011561284341290445
2005-12-16,0.01234575331310217
2005-12-19,-0.0024382278448111805
2005-12-20,-0.0023864245042278798
2005-12-21,0.0004983325957614859
2005-12-22,0.007763661875724637
2005-12-23,0.004263273870520168
2005-12-27,0.0040271780066201135
2005-12-28,0.0029013868079883487
2005-12-29,-0.0031453783827591897
2005-12-30,-0.00698475375601415
2006-01-03,0.020000056714488235
2006-01-04,0.006823643362977139
2006-01-05,0.002722667400618217
2006-01-06,0.016278019141128475
2006-01-09,0.009542986507411255
2006-01-10,0.010470888928773014
2006-01-11,0.034007455448899826
2006-01-12,0.008870009139166912
2006-01-13,-0.014961158670948271
2006-01-17,-0.03302219483049251
2006-01-18,-0.0328745031960459
2006-01-19,0.08961380445325773
2006-01-20,0.0
2006-01-23,0.0
2006-01-24,0.0
2006-01-25,0.02856081608945238
2006-01-26,0.021089384186693927
2006-01-27,0.04575559151009556
2006-01-30,-0.02180668289262966
2006-01-31,0.0026421251094170817
2006-02-01,-0.019029456041378623
2006-02-02,-0.005004554045735632
2006-02-03,0.0015155718673836027
2006-02-06,0.010584904323214461
2006-02-07,0.013229989616188709
2006-02-08,0.013689621942150065
2006-02-09,0.007450027097418488
2006-02-10,0.001996946736362748
2006-02-13,-0.011775458433009756
2006-02-14,0.01007231116552676
2006-02-15,-0.008355028986568147
2006-02-16,0.01329647122908173
2006-02-17,-0.03162681218452312
2006-02-21,0.006703945081880436
2006-02-22,-0.001165643443502784
2006-02-23,-0.0008509659635871358
2006-02-24,0.008215407094063876
2006-02-27,0.00868530412983981
2006-02-28,0.00741587312232217
2006-03-01,0.009127214698976482
2006-03-02,0.00678739733304301
2006-03-03,0.00517867649629844
2006-03-06,0.006003673426977052
2006-03-07,0.0008646616893619452
2006-03-08,-0.010875785393371307
2006-03-09,-0.014338204513204333
2006-03-10,-0.004554361424539577
2006-03-13,-0.0021057984180075096
2006-03-14,-0.005405334653818095
2006-03-15,0.008563068012505282
2006-03-16,0.014511764743991185
2006-03-17,0.004285402774617975
2006-03-20,0.006083382394861614
2006-03-21,-0.033262565033467584
2006-03-22,-0.007957521331063866
2006-03-23,0.013708832432037354
2006-03-24,0.004259397068823834
2006-03-27,0.0010605617014511903
2006-03-28,-0.001299827287243538
2006-03-29,0.0073858635373529324
2006-03-30,0.003697001659209942
2006-03-31,0.004967006331391577
2006-04-03,-0.00870082437295805
2006-04-04,-0.003584523989316968
2006-04-05,-0.01527824941504996
2006-04-06,-0.0009085081863764444
2006-04-07,0.000697839055435745
2006-04-10,0.001413542087997488
2006-04-11,0.002953149345129358
2006-04-12,0.004104404573908926
2006-04-13,-0.016041804889208255
2006-04-17,0.0025062196298140105
2006-04-18,-0.009473682925601468
2006-04-19,-0.004381550702961756
2006-04-20,-0.004573654462302734
2006-04-21,0.0039936013280386096
2006-04-24,0.006448567129148541
2006-04-25,-0.007338397423193976
2006-04-26,0.007369050816823819
2006-04-27,-0.010806558322932869
2006-04-28,0.00648592341742793
2006-05-01,0.00919435086041176
2006-05-02,0.009506868851160144
2006-05-03,-0.007970065862916487
2006-05-04,-0.004893133146739892
2006-05-05,0.014771056277170125
2006-05-08,-0.00568424066799722
2006-05-09,-0.007263189807584558
2006-05-10,-0.014175401741119753
2006-05-11,0.011893780346168059
2006-05-12,-0.01563559355054378
2006-05-15,-0.0052441848776562106
2006-05-16,0.0016427119363160436
2006-05-17,-0.0018322572213023136
2006-05-18,0.009089865977297773
2006-05-19,0.07775752480963805
2006-05-22,0.0
2006-05-23,0.0
2006-05-24,0.0
2006-05-25,0.025736249798348876
2006-05-26,0.007198789974747211
2006-05-30,-0.005673658495687461
2006-05-31,0.021234973747951358
2006-06-01,0.006640263369434907
2006-06-02,0.013068524016497607
2006-06-05,-0.0023895704604897094
2006-06-06,0.008623830536615085
2006-06-07,0.009687973791961735
2006-06-08,-0.018562981040446735
2006-06-09,0.020501172955397662
2006-06-12,-0.008843022125159417
2006-06-13,-0.006807089784046538
2006-06-14,0.022183020841048062
2006-06-15,0.026783973799979988
2006-06-16,-0.0026029547025687716
2006-06-19,0.013269255907076394
2006-06-20,-0.014413876656240943
2006-06-21,-0.0033313180994275493
2006-06-22,0.0096982996538022
2006-06-23,0.006845987451630453
2006-06-26,0.00472792018984558
2006-06-27,0.003832694393169467
2006-06-28,0.005188024511115108
2006-06-29,-0.014225147914888048
2006-06-30,0.006384145672254871
2006-07-03,0.01200076613943879
2006-07-05,-0.01491027001077505
2006-07-06,0.0057321772274712135
2006-07-07,-0.029947055058228478
2006-07-10,0.005752636124699784
2006-07-11,-0.007289312617609234
2006-07-12,-0.0026578616194696814
2006-07-13,-0.011962907517469423
2006-07-14,0.007238376212499675
2006-07-17,-0.01016927048331362
2006-07-18,0.0059438815431240855
2006-07-19,0.008266936042358619
2006-07-20,0.028326828080635913
2006-07-21,-0.08440417772425479
2006-07-24,-0.002814993339014915
2006-07-25,0.01113484058266212
2006-07-26,0.0020634116461091256
2006-07-27,0.014875328410285382
2006-07-28,0.01010878811001037
2006-07-31,-0.00418306450148731
2006-08-01,0.0008209793721907221
2006-08-02,0.01836896252818354
2006-08-03,-0.006855090360583294
2006-08-04,0.03483528898510224
2006-08-07,-0.01949391146693813
2006-08-08,0.0065800123931814
2006-08-09,0.03233327590581192
2006-08-10,-0.009153516793189542
2006-08-11,-0.05041830974661066
2006-08-14,0.015111174144742057
2006-08-15,0.03729009285833107
2006-08-16,0.017240165787346662
2006-08-17,0.005271555561336738
2006-08-18,-0.020854866531318295
2006-08-21,-0.0188706786549242
2006-08-22,0.011979350002298661
2006-08-23,0.012252230207000947
2006-08-24,0.012413907889118558
2006-08-25,-0.006803601572675899
2006-08-28,0.011617129140004234
2006-08-29,0.007359848023700488
2006-08-30,0.007795142876253269
2006-08-31,0.002560521577851249
2006-09-01,-0.0013789421226100274
2006-09-05,0.006424911176790449
2006-09-06,-0.01667482965229261
2006-09-07,-0.009090448612082969
2006-09-08,0.010993199177031565
2006-09-11,-0.019018062688659243
2006-09-12,-0.0016109995141866396
2006-09-13,0.004260217018704271
2006-09-14,0.010271614125763495
2006-09-15,-0.0010337423212255503
2006-09-18,0.005432238047238469
2006-09-19,0.001733624899428854
2006-09-20,0.01775457406786618
2006-09-21,0.0045423802659834145
2006-09-22,-0.0012932914439475196
2006-09-25,0.020678871511996322
2006-09-26,0.0013521024059424125
2006-09-27,-0.006036708560309911
2006-09-28,-0.02136880619820203
2006-09-29,0.0029800094244689657
2006-10-02,-0.007269385926862326
2006-10-03,-0.004671833602273301
2006-10-04,0.0010358121668274656
2006-10-05,-0.010545761044937318
2006-10-06,-0.0488182115481125
2006-10-09,-0.0033922405608101114
2006-10-10,0.00808533541671741
2006-10-11,0.0018317432252406007
2006-10-12,0.013240628476004934
2006-10-13,0.0057922066826625596
2006-10-16,0.005930669730696447
2006-10-17,-0.011468660716246304
2006-10-18,0.012824283686137194
2006-10-19,0.04232591486263049
2006-10-20,0.00025830250701330826
2006-10-23,-0.0001135725988303804
2006-10-24,-0.0031616853528732003
2006-10-25,0.005900062912008952
2006-10-26,0.000667835463556532
2006-10-27,-0.005425927717793488
2006-10-30,-0.0014969272272189471
2006-10-31,0.008698615858032888
2006-11-01,0.00109493005088801
2006-11-02,-0.0011673301980156259
2006-11-03,0.005715381362572325
2006-11-06,0.0030557986591024378
2006-11-07,0.006015023068966618
2006-11-08,-0.009940590746878586
2006-11-09,0.01507632563294159
2006-11-10,-0.006270766396453409
2006-11-13,4.031246271662958e-05
2006-11-14,0.003925578181039224
2006-11-15,0.00018878607686212412
2006-11-16,0.00875120293679954
2006-11-17,-0.00548484030917562
2006-11-20,-0.006314455464313307
2006-11-21,8.850833203233321e-06
2006-11-22,0.002286315774446601
2006-11-24,-0.0077278291822960865
2006-11-27,-0.004067682744696821
2006-11-28,-0.0013908702359708425
2006-11-29,0.008243414894904655
2006-11-30,0.0011373256382349872
2006-12-01,-0.00508563967944331
2006-12-04,0.007264773158145443
2006-12-05,0.002814826530577408
2006-12-06,-0.00477354083284709
2006-12-07,0.004195247609492414
2006-12-08,0.00020952696057308096
2006-12-11,0.003793946478488852
2006-12-12,-0.0024243694160066553
2006-12-13,0.016410796245303505
2006-12-14,0.0008762620189146642
2006-12-15,0.006454432651943343
2006-12-18,-0.0062115040623208495
2006-12-19,-0.014786966256585932
2006-12-20,-0.001953818918667305
2006-12-21,0.003037267901911056
2006-12-22,0.0027185982839748046
2006-12-26,0.003475069562867361
2006-12-27,-0.022485160241157653
2006-12-28,-0.010663570617887141
2006-12-29,0.024740582799064104
2007-01-03,0.014214670700243737
2007-01-04,0.0008081099164172212
2007-01-05,0.00019718471935581405
2007-01-08,0.008743493525613655
2007-01-09,0.009853832833052856
2007-01-10,0.012136997052563103
2007-01-11,-0.005416391239118412
2007-01-12,-0.01167318804192674
2007-01-16,-0.0003380857429365891
2007-01-17,-0.0009182882431630901
2007-01-18,-0.01613891646073129
2007-01-19,-0.003159025698513118
2007-01-22,0.006024463535704738
2007-01-23,-0.012002476325978062
2007-01-24,0.012427941961128175
2007-01-25,0.004329182521025876
2007-01-26,0.00503991106412216
2007-01-29,0.005588676262374914
2007-01-30,0.008405172078347789
2007-01-31,-0.007098244636201456
2007-02-01,0.003919976767883249
2007-02-02,0.008410650475431769
2007-02-05,0.003683652843035734
2007-02-06,-0.004545003829929839
2007-02-07,0.03390781957464384
2007-02-08,-0.00538952537883941
2007-02-09,-0.001596189922744018
2007-02-12,-0.0019366934595658192
2007-02-13,0.009555750218944725
2007-02-14,0.0020319002858588675
2007-02-15,0.0029330617924820945
2007-02-16,-0.0020393534199278918
2007-02-20,-0.00013695581310313454
2007-02-21,-0.009766301909080455
2007-02-22,0.0035182069769750246
2007-02-23,-0.0011324908611344275
2007-02-26,0.004261031963130435
2007-02-27,-0.016399863182194996
2007-02-28,0.0007095663421261555
2007-03-01,-0.020066233193026695
2007-03-02,-0.012457743321535042
2007-03-05,-0.04181844803407675
2007-03-06,0.032768911710100435
2007-03-07,-0.009873101712238985
2007-03-08,0.022788851517085318
2007-03-09,0.018061763956519927
2007-03-12,-0.014725767400128431
2007-03-13,-0.015957945766932213
2007-03-14,0.00412057378985442
2007-03-15,-0.003853760451112631
2007-03-16,0.0037634175156684435
2007-03-19,0.004158639610801984
2007-03-20,-0.0033732698652845228
2007-03-21,0.03225537915590815
2007-03-22,0.004733384038724253
2007-03-23,-0.0051155776640553485
2007-03-26,0.0032557706818072685
2007-03-27,-0.0013636344594453176
2007-03-28,-0.011838044517134327
2007-03-29,0.01632356961671655
2007-03-30,0.010854431554103039
2007-04-02,0.001151155660130021
2007-04-03,0.00273028204837944
2007-04-04,-0.004535507979230302
2007-04-05,0.003895219734421751
2007-04-09,0.02350036841128267
2007-04-10,0.0009044716485342441
2007-04-11,0.004252747819045721
2007-04-12,-0.002756703114725867
2007-04-13,0.004564269837752377
2007-04-16,0.004931410744633435
2007-04-17,0.013965094863212402
2007-04-18,-0.0034886829442583034
2007-04-19,-0.011443612798711866
2007-04-20,0.026859515753818508
2007-04-23,-0.007623724360642736
2007-04-24,-0.0005266672937719319
2007-04-25,0.0034734152318705025
2007-04-26,0.010574657262512277
2007-04-27,-0.013512854309450262
2007-04-30,0.009778132254014915
2007-05-01,0.010390894682507312
2007-05-02,-0.0005573914475580644
2007-05-03,0.004936074362869025
2007-05-04,0.010135405346954451
2007-05-07,0.0037274407956087163
2007-05-08,-0.009863263754924412
2007-05-09,-0.0036789862164051668
2007-05-10,-0.006112223542888984
2007-05-11,0.0033081310719664803
2007-05-14,0.00794048596633079
2007-05-15,0.0014980945646638766
2007-05-16,0.008344163222936185
2007-05-17,0.001497861565316283
2007-05-18,0.010194010253215202
2007-05-21,0.006271716939217242
2007-05-22,0.0030516642037705655
2007-05-23,-0.008658711673959929
2007-05-24,-0.0016567481860789712
2007-05-25,0.009803625445025554
2007-05-29,0.005342683026431594
2007-05-30,-0.005623592555762613
2007-05-31,0.012645338235766301
2007-06-01,0.0029201019252886873
2007-06-04,-0.005127673013332612
2007-06-05,-0.0012560353505043365
2007-06-06,-0.004278863885002648
2007-06-07,-0.007455607217275895
2007-06-08,0.01155030006518154
2007-06-11,0.000359783224818111
2007-06-12,-0.019637484356564094
2007-06-13,0.006629413161069797
2007-06-14,0.0033710065951038093
2007-06-15,0.013137576292395758
2007-06-18,0.005054619570505459
2007-06-19,-0.0037322507162080854
2007-06-20,0.007244686553990798
2007-06-21,-0.002954060080950782
2007-06-22,0.005126239259210852
2007-06-25,0.0029957984478778954
2007-06-26,0.004930042719872629
2007-06-27,-0.00623423230646758
2007-06-28,0.003216149798289436
2007-06-29,0.014635131631804965
2007-07-02,0.003724498337903004
2007-07-03,0.004892797487776823
2007-07-05,0.00786551905680044
2007-07-06,0.0027544574309508185
2007-07-09,-0.0005564440249518077
2007-07-10,-0.008399542620620037
2007-07-11,-0.0019125453904548229
2007-07-12,0.010262461708803183
2007-07-13,0.004999829995705696
2007-07-16,0.004155023584698991
2007-07-17,0.0022244397893269596
2007-07-18,-0.012090705865723583
2007-07-19,0.020846646174891292
2007-07-20,0.005463802162717579
2007-07-23,0.021628894880554528
2007-07-24,-0.04819438927901665
2007-07-25,0.02271668220296097
2007-07-26,0.03184858618454234
2007-07-27,0.003676191583122712
2007-07-30,0.007273572104480319
2007-07-31,0.021025916496410835
2007-08-01,0.005268736605408497
2007-08-02,0.010961681843263404
2007-08-03,-0.010847351385301685
2007-08-06,0.007383134707898753
2007-08-07,-0.0035943181802506885
2007-08-08,0.011008944310012092
2007-08-09,-0.010590198980428345
2007-08-10,-0.05953563835543829
2007-08-13,0.018499660976789123
2007-08-14,0.00383348565310504
2007-08-15,-0.006716414910387658
2007-08-16,-0.009767265866259423
2007-08-17,0.03834304754471063
2007-08-20,0.00027475707558388685
2007-08-21,-0.0005639632302795183
2007-08-22,0.024791503504148604
2007-08-23,0.007552426141757218
2007-08-24,-0.006372514353798042
2007-08-27,0.010448006464442106
2007-08-28,-0.005460715910212466
2007-08-29,0.01969841212137835
2007-08-30,-0.013468980327611124
2007-08-31,0.02625083163316666
2007-09-04,0.006017790645461041
2007-09-05,-0.002934448573094328
2007-09-06,0.008712984224318099
2007-09-07,-0.04524031721852362
2007-09-10,0.04289569988896069
2007-09-11,0.020662144568621255
2007-09-12,0.008042559191713039
2007-09-13,0.026910845083679025
2007-09-14,-0.0161823779276562
2007-09-17,-0.004157735073812896
2007-09-18,0.013504052417016466
2007-09-19,0.02215480098889988
2007-09-20,-0.0033031637174206763
2007-09-21,0.015195981004710646
2007-09-24,0.016111626188596517
2007-09-25,-0.014760723828882383
2007-09-26,0.013096289102111802
2007-09-27,0.0150272725535614
2007-09-28,-0.0052092128963486806
2007-10-01,0.012191948360408045
2007-10-02,0.0026335199429852185
2007-10-03,-0.014702115457470577
2007-10-04,0.00035758098455085374
2007-10-05,0.027071589156170806
2007-10-08,0.018292381268667945
2007-10-09,0.014736398767348557
2007-10-10,0.0032995780094096094
2007-10-11,0.010966476291551341
2007-10-12,0.008625662516707377
2007-10-15,0.0002957751933585495
2007-10-16,-0.019522461589335682
2007-10-17,0.048154043515259426
2007-10-18,-0.015180341190533464
2007-10-19,0.0023786565567589513
2007-10-22,-0.0068944883293843295
2007-10-23,0.0912997579671957
2007-10-24,0.0
2007-10-25,0.0
2007-10-26,0.0
2007-10-29,-0.007911310874631483
2007-10-30,0.003996811875489836
2007-10-31,0.0034973670492408626
2007-11-01,-0.022442169379759735
2007-11-02,0.012142254462723212
2007-11-05,-0.01116785586827973
2007-11-06,0.006106240744954139
2007-11-07,-0.01190632067149111
2007-11-08,-0.004186885289077624
2007-11-09,0.0003857816987198337
2007-11-12,-0.0022583648377272336
2007-11-13,0.016768288525610187
2007-11-14,0.015632126061892127
2007-11-15,-0.004799778626640383
2007-11-16,0.009533610479753207
2007-11-19,-0.012232557390985388
2007-11-20,0.010589822186147568
2007-11-21,-0.014114935175836396
2007-11-23,0.009549589661134839
2007-11-26,0.002259867846248431
2007-11-27,0.01070624666063158
2007-11-28,0.006662580027522402
2007-11-29,-0.0048673973433119855
2007-11-30,0.024266402916596652
2007-12-03,0.00907028012535216
2007-12-04,-0.001724801905988227
2007-12-05,0.029262657659515634
2007-12-06,-0.0005494420569462921
2007-12-07,0.0018211814888267064
2007-12-10,0.0008421429812572878
2007-12-11,0.012319204366438408
2007-12-12,0.030515727472470333
2007-12-13,-0.007553418593506778
2007-12-14,-0.0063730803533526
2007-12-17,-0.008628440581148533
2007-12-18,0.012952617609422346
2007-12-19,-0.000759259663692502
2007-12-20,0.012819347246386448
2007-12-21,0.006362193759135604
2007-12-24,0.0007643331198687875
2007-12-26,0.001909350654905495
2007-12-27,-0.0034632277701963643
2007-12-28,0.007116291556126697
2007-12-31,-0.006516080219257647
2008-01-02,6.336395246520077e-05
2008-01-03,0.00582275329410975
2008-01-04,-0.02007551819804021
2008-01-07,0.01059162585700113
2008-01-08,0.00833113907400973
2008-01-09,0.004153091830813915
2008-01-10,-0.013991506245233376
2008-01-11,-0.008216181920920773
2008-01-14,0.025657681733823656
2008-01-15,-0.022293883311537366
2008-01-16,-0.04528308353197652
2008-01-17,0.015669167516320526
2008-01-18,0.026875113254024585
2008-01-22,-0.0811468731987075
2008-01-23,-0.030853349907274397
2008-01-24,0.025985063067645253
2008-01-25,0.028966116794756136
2008-01-28,-0.003765423190173367
2008-01-29,0.010467198514024778
2008-01-30,-0.00819557829741191
2008-01-31,-0.02020274497054808
2008-02-01,0.01072674894393244
2008-02-04,0.013209349330489673
2008-02-05,-0.018339716711646914
2008-02-06,0.010463318489899898
2008-02-07,-0.023694701839402477
2008-02-08,-0.0039467071910209706
2008-02-11,0.007077750842982233
2008-02-12,0.014286616835544219
2008-02-13,0.014674535964218638
2008-02-14,-0.015842018235306066
2008-02-15,-0.0023128181566872685
2008-02-19,0.02810366246944751
2008-02-20,-0.013922150238433684
2008-02-21,0.01375915444327469
2008-02-22,0.004757463061129785
2008-02-25,-0.00015654936025955024
2008-02-26,-0.006613618276624211
2008-02-27,-0.007179206367421642
2008-02-28,-0.010050206511220572
2008-02-29,-0.012747752689765801
2008-03-03,0.0014653353448801365
2008-03-04,-0.012659518529469893
2008-03-05,0.01046728136987407
2008-03-06,-0.0018074014377247316
2008-03-07,-0.0227230790364914
2008-03-10,-0.00250382734419774
2008-03-11,0.023626967274415822
2008-03-12,0.00400997109272927
2008-03-13,-0.014046462701869045
2008-03-14,0.008432877856938026
2008-03-17,-0.03405491827158791
2008-03-18,0.019747126721302743
2008-03-19,-0.010003195330636427
2008-03-20,0.004227816344904767
2008-03-24,0.012985371164499826
2008-03-25,0.006926291971260268
2008-03-26,-0.007145912355329687
2008-03-27,-0.0014278766428401646
2008-03-28,0.01469774024219661
2008-03-31,0.0033541961003649146
2008-04-01,0.022753856144513973
2008-04-02,0.003603800426811299
2008-04-03,0.004018950962952683
2008-04-04,-0.007975660280501118
2008-04-07,0.014887230312614852
2008-04-08,-0.02266933473683108
2008-04-09,0.005233142849555783
2008-04-10,0.007898580417083467
2008-04-11,-0.018585171907706588
2008-04-14,-0.00013798086013838695
2008-04-15,0.0057332147603565975
2008-04-16,0.028342574662482578
2008-04-17,-0.02104941844179964
2008-04-18,0.023666970782812102
2008-04-21,-0.002504575332796688
2008-04-22,-0.010116844753754961
2008-04-23,0.013977249367742806
2008-04-24,0.0019194802161999203
2008-04-25,0.007397070145098272
2008-04-28,-0.002453924665915652
2008-04-29,-0.004741345790956419
2008-04-30,0.006805780484982815
2008-05-01,0.004763642166334403
2008-05-02,0.010689190683111915
2008-05-05,0.0023572476941262632
2008-05-06,-8.399569345529656e-05
2008-05-07,0.000567078879340599
2008-05-08,0.005381667093323328
2008-05-09,0.011226935166122498
2008-05-12,0.0006227155218911928
2008-05-13,0.0053292159336826295
2008-05-14,-0.0044914154350567115
2008-05-15,-0.0008696035999755658
2008-05-16,0.003507447693522403
2008-05-19,0.00047846769246784326
2008-05-20,-0.007102823886540044
2008-05-21,0.0030930819798762332
2008-05-22,0.0040022028015038735
2008-05-23,-0.007628839092825412
2008-05-27,0.0032396046287137548
2008-05-28,0.006866658650113822
2008-05-29,0.0013802482367459845
2008-05-30,0.004809322895515944
2008-06-02,0.0009845485017787592
2008-06-03,-0.0007282285639819142
2008-06-04,-0.003433369083669646
2008-06-05,-9.010107958584701e-05
2008-06-06,-0.009876023502399134
2008-06-09,0.0010457490765165556
2008-06-10,-0.012950177242907257
2008-06-11,-0.00596807295306423
2008-06-12,0.010182858542714834
2008-06-13,0.013596043583899542
2008-06-16,-0.008272448638258934
2008-06-17,0.003632589816919385
2008-06-18,-0.002497267709300588
2008-06-19,-0.002316308712088766
2008-06-20,-0.014230757105581304
2008-06-23,0.0057749492650545076
2008-06-24,-0.008687828333751701
2008-06-25,0.008454497108123737
2008-06-26,-0.018062917555262903
2008-06-27,-0.004334494114690113
2008-06-30,-0.006516811629364461
2008-07-01,-0.014152927098490253
2008-07-02,0.0
2008-07-03,0.0
2008-07-07,0.0
2008-07-08,0.0
2008-07-09,0.0
2008-07-10,0.0
2008-07-11,0.0
2008-07-14,0.0
2008-07-15,0.0
2008-07-16,0.0
2008-07-17,0.0
2008-07-18,0.0
2008-07-21,0.0
2008-07-22,0.0
2008-07-23,0.0
2008-07-24,0.0
2008-07-25,0.0
2008-07-28,0.0
2008-07-29,0.0
2008-07-30,0.0
2008-07-31,0.0
2008-08-01,0.0
2008-08-04,-0.0002155449643953533
2008-08-05,0.016623923458596535
2008-08-06,0.003040979705321689
2008-08-07,-0.004453131545593458
2008-08-08,0.0038159330598637187
2008-08-11,0.0037409896639908347
2008-08-12,0.006672964476367893
2008-08-13,0.015650856217364062
2008-08-14,-0.005138189724375852
2008-08-15,0.00887396340164992
2008-08-18,0.004098595570103836
2008-08-19,-0.012865520209410342
2008-08-20,0.009935781184624348
2008-08-21,-0.007709545787978889
2008-08-22,0.008084651590865466
2008-08-25,0.0023074588243974237
2008-08-26,-0.00518276109898308
2008-08-27,-0.005331099136721695
2008-08-28,0.006539718783774573
2008-08-29,-0.015568386637470288
2008-09-02,0.012943069888444292
2008-09-03,-0.007054037122807277
2008-09-04,-0.01052243575611278
2008-09-05,-0.011291662513244649
2008-09-08,0.017616555451666294
2008-09-09,-0.0012170562555396947
2008-09-10,0.007526306105646086
2008-09-11,-0.026037160485994693
2008-09-12,-0.007553529281221327
2008-09-15,-0.029283353862560757
2008-09-16,-0.02627526802143121
2008-09-17,-0.01622375997303671
2008-09-18,0.014848233126448118
2008-09-19,0.04437520469211953
2008-09-22,0.0
2008-09-23,0.0
2008-09-24,0.0
2008-09-25,0.0048992098937428175
2008-09-26,-0.029630496292287534
2008-09-29,-0.021512213828404514
2008-09-30,0.021547706459449367
2008-10-01,0.0
2008-10-02,0.0
2008-10-03,0.0
2008-10-06,-0.026774847084096165
2008-10-07,0.047006404045727646
2008-10-08,0.0
2008-10-09,0.0
2008-10-10,0.0
2008-10-13,0.0504579876048068
2008-10-14,0.0
2008-10-15,0.0
2008-10-16,0.0
2008-10-17,-0.004053569517061484
2008-10-20,0.013455122298869027
2008-10-21,-0.014753081869702367
2008-10-22,-0.006885132842253672
2008-10-23,-0.001732876082546131
2008-10-24,-0.05376784377394339
2008-10-27,-0.006651806018051376
2008-10-28,0.026094747684596298
2008-10-29,0.0
2008-10-30,0.0
2008-10-31,0.0
2008-11-03,0.0062014648408419415
2008-11-04,0.025821858070724124
2008-11-05,0.0
2008-11-06,0.0
2008-11-07,0.0
2008-11-10,0.01670982764971174
2008-11-11,0.0
2008-11-12,0.0
2008-11-13,0.0
2008-11-14,-0.011788443276861571
2008-11-17,-0.0010106933833657905
2008-11-18,0.007828491027884299
2008-11-19,-0.0030240232165796854
2008-11-20,-0.0036166187007754536
2008-11-21,0.010905112916582471
2008-11-24,0.0
2008-11-25,0.0
2008-11-26,0.0
2008-11-28,-0.003390188399625571
2008-12-01,-0.010889830476870088
2008-12-02,0.0069192470835377495
2008-12-03,-0.003853714874997638
2008-12-04,-0.009084605939225332
2008-12-05,-0.0039812865891705185
2008-12-08,0.009005017902971701
2008-12-09,-0.003916376120516207
2008-12-10,0.006379273498229754
2008-12-11,-0.0028664356682570613
2008-12-12,-0.0098366946835593
2008-12-15,0.0019523636369940256
2008-12-16,0.004795852309948279
2008-12-17,-0.00910275627701429
2008-12-18,0.0020282475989774618
2008-12-19,0.008755154713647961
2008-12-22,-0.005243314680722255
2008-12-23,0.0028913914368906557
2008-12-24,-0.00720858074847508
2008-12-26,0.005742362425378511
2008-12-29,0.0017963369815809926
2008-12-30,0.004188189213656601
2008-12-31,-0.0030615078524619532
2009-01-02,-6.651182060113392e-05
2009-01-05,-0.0016399406040588094
2009-01-06,0.007014827696349091
2009-01-07,-0.008935077483401055
2009-01-08,-0.0047370239491885124
2009-01-09,-0.0012204967227994468
2009-01-12,-0.0011776883576354313
2009-01-13,-0.008059884071759393
2009-01-14,-0.013884962477371143
2009-01-15,0.0016607108916524282
2009-01-16,0.01034815381825549
2009-01-20,-0.005757055519414744
2009-01-21,0.008510755782753732
2009-01-22,-0.012098957736545568
2009-01-23,-0.010738095115912727
2009-01-26,0.0008507766406788964
2009-01-27,0.006449338856536091
2009-01-28,0.014266631387902518
2009-01-29,0.0
2009-01-30,0.0
2009-02-02,0.0
2009-02-03,0.0008799964747390199
2009-02-04,0.0018364171432170284
2009-02-05,-0.0029835149769315006
2009-02-06,0.002825621035966064
2009-02-09,0.0004898776893467183
2009-02-10,-0.0029342365450721886
2009-02-11,-0.010786221048518785
2009-02-12,-0.005882542284897818
2009-02-13,-0.0006531386811277073
2009-02-17,-0.020119569307054497
2009-02-18,0.0040464435723091
2009-02-19,0.00899307187553644
2009-02-20,-0.007909306009529105
2009-02-23,0.00564373534290552
2009-02-24,0.010571475816705922
2009-02-25,-0.0013875567539556322
2009-02-26,0.009473856850421125
2009-02-27,-0.00910554949689868
2009-03-02,-0.011547518038872773
2009-03-03,0.0
2009-03-04,0.0
2009-03-05,0.0
2009-03-06,0.0
2009-03-09,0.0
2009-03-10,0.0
2009-03-11,0.0
2009-03-12,0.0
2009-03-13,0.0
2009-03-16,0.0
2009-03-17,0.0
2009-03-18,0.0
2009-03-19,0.0
2009-03-20,0.0
2009-03-23,0.0
2009-03-24,0.0
2009-03-25,0.0
2009-03-26,0.0
2009-03-27,0.0
2009-03-30,0.0
2009-03-31,0.0
2009-04-01,0.0
2009-04-02,0.0
2009-04-03,0.0
2009-04-06,0.0
2009-04-07,0.0
2009-04-08,0.0
2009-04-09,0.0
2009-04-13,0.0
2009-04-14,0.0
2009-04-15,0.0
2009-04-16,0.0
2009-04-17,0.0
2009-04-20,0.0
2009-04-21,0.0
2009-04-22,0.0
2009-04-23,0.0
2009-04-24,0.0
2009-04-27,0.0
2009-04-28,0.0
2009-04-29,0.0
2009-04-30,0.0
2009-05-01,0.0
2009-05-04,0.024858799924569297
2009-05-05,0.010396540533488485
2009-05-06,0.011099217238681236
2009-05-07,0.007541122769159525
2009-05-08,0.021424306533193382
2009-05-11,-0.027382996340346355
2009-05-12,0.010043482236151258
2009-05-13,-0.02231373182837948
2009-05-14,-0.006002449832250734
2009-05-15,-0.004302706164510228
2009-05-18,0.01916549693642855
2009-05-19,-0.006333726451228983
2009-05-20,0.016502344531317936
2009-05-21,-0.01967834505092203
2009-05-22,0.007940533473207445
2009-05-26,-0.007872990794437373
2009-05-27,0.0023709491744672295
2009-05-28,0.01931900203982506
2009-05-29,0.004623629740236446
2009-06-01,0.01797489250977602
2009-06-02,-0.01719739504960538
2009-06-03,-0.024671840222577957
2009-06-04,0.0036846115236277566
2009-06-05,0.013089520276731825
2009-06-08,-0.012216966829079245
2009-06-09,0.01940265557384624
2009-06-10,0.008838096527280959
2009-06-11,-0.004902449451912982
2009-06-12,-0.0037171187111147974
2009-06-15,-0.014994894677356818
2009-06-16,0.00656995117547865
2009-06-17,0.0004158342141349358
2009-06-18,0.002174161438804667
2009-06-19,0.011629018125870916
2009-06-22,-0.00019162581720610916
2009-06-23,-0.0005789872379075023
2009-06-24,0.012102490199071614
2009-06-25,-0.003479007975510484
2009-06-26,-0.006430201615245212
2009-06-29,0.0022403450519017376
2009-06-30,0.00718579479119863
2009-07-01,0.010392497712397919
2009-07-02,-0.016029108653908164
2009-07-06,-0.01112679497543867
2009-07-07,0.008322250196369119
2009-07-08,0.0038261049895831345
2009-07-09,0.010568110087406213
2009-07-10,-0.0046102870762574355
2009-07-13,0.005945410184593269
2009-07-14,-0.0007628041444515121
2009-07-15,0.03241423341657157
2009-07-16,-0.005115895648609037
2009-07-17,0.009659662598232144
2009-07-20,0.012722755290559107
2009-07-21,0.004998684847476564
2009-07-22,0.015477196728965747
2009-07-23,-0.0021132026887832334
2009-07-24,-0.010639604830591787
2009-07-27,0.0018245062808495138
2009-07-28,-0.0094979428953198
2009-07-29,-0.0065281370282012086
2009-07-30,0.01697022597290565
2009-07-31,0.0005998022252902135
2009-08-03,0.01623197951482913
2009-08-04,-0.009644364276949147
2009-08-05,-0.005527996678456604
2009-08-06,0.0010224688217839173
2009-08-07,0.024298610361475514
2009-08-10,0.0017835486073936035
2009-08-11,-0.002417299638969639
2009-08-12,0.0004834002401372661
2009-08-13,0.002414442319803145
2009-08-14,-0.007241973390544887
2009-08-17,-0.03787986136994281
2009-08-18,0.010747321917452535
2009-08-19,-0.02148529046442349
2009-08-20,0.0009730831392693595
2009-08-21,0.012495726248352046
2009-08-24,0.009117576120661441
2009-08-25,0.003931218785546253
2009-08-26,-0.0007877776583939955
2009-08-27,-0.0013278909961591534
2009-08-28,0.020832559489305735
2009-08-31,-0.013618919561711684
2009-09-01,-0.0018587829850369442
2009-09-02,-0.0032925483658261534
2009-09-03,0.006687959703993718
2009-09-04,0.0012704008829775848
2009-09-08,0.013156574447172886
2009-09-09,0.005218886975550063
2009-09-10,0.010221047137039863
2009-09-11,0.009222045662319767
2009-09-14,-0.008896222860917291
2009-09-15,0.012075217808741323
2009-09-16,0.007822813736129364
2009-09-17,-0.005722393380727886
2009-09-18,0.008617283002686937
2009-09-21,-0.00718245511989235
2009-09-22,0.012122790992337817
2009-09-23,0.008285057234959092
2009-09-24,0.00989328627119912
2009-09-25,-0.01036533524575245
2009-09-28,0.005475550956847597
2009-09-29,-0.0016367844415215993
2009-09-30,0.002819006433157245
2009-10-01,-0.003953239522570096
2009-10-02,-0.018415477001771485
2009-10-05,0.0009897597308319295
2009-10-06,0.016557705208915863
2009-10-07,6.916181060878657e-05
2009-10-08,0.009419864027053304
2009-10-09,-0.002619361315097768
2009-10-12,0.014740749640768325
2009-10-13,0.0017324598197445695
2009-10-14,0.027669550395083453
2009-10-15,-0.009992690120493197
2009-10-16,-0.015725718400661948
2009-10-19,0.010311287466857166
2009-10-20,0.009402789364038266
2009-10-21,0.00042728828408211683
2009-10-22,-0.008668449575528703
2009-10-23,0.010972037746596053
2009-10-26,0.0036601412329611005
2009-10-27,-0.0017753590459648194
2009-10-28,-0.01143254497055124
2009-10-29,0.012933536416345426
2009-10-30,0.002828772437073024
2009-11-02,0.0022224139175881508
2009-11-03,-0.016795830812456503
2009-11-04,0.01185753514820731
2009-11-05,0.013739604089414215
2009-11-06,0.009306020858657504
2009-11-09,0.013273407548170857
2009-11-10,0.0007407160857502149
2009-11-11,0.01170929201542803
2009-11-12,0.03293729649270749
2009-11-13,0.0
2009-11-16,0.0
2009-11-17,0.0
2009-11-18,-0.0015829798108185633
2009-11-19,-0.017525639622227307
2009-11-20,-0.012370811783901203
2009-11-23,0.00983723443492912
2009-11-24,0.00036333229975671344
2009-11-25,0.005327439146431079
2009-11-27,-0.032808630774908476
2009-11-30,0.0045054127946628775
2009-12-01,0.009825507208212958
2009-12-02,0.0013528577548502785
2009-12-03,0.0024682946755831825
2009-12-04,0.016525131647057822
2009-12-07,0.011928053206067046
2009-12-08,-0.003404740098898018
2009-12-09,0.004599054878989817
2009-12-10,0.0081605522825281
2009-12-11,0.0028647960109298154
2009-12-14,0.012324663265486757
2009-12-15,-0.0043570103615026
2009-12-16,0.012895854178968769
2009-12-17,-0.010923535917451876
2009-12-18,0.000809185951836433
2009-12-21,0.010690017874653401
2009-12-22,0.008189205981042225
2009-12-23,0.011212736503642518
2009-12-24,0.010780083317634803
2009-12-28,0.013961544676714288
2009-12-29,0.0026263894119493703
2009-12-30,-0.0035886412823027403
2009-12-31,0.009837339566141967
2010-01-04,0.022639814956939786
2010-01-05,-0.00046815327346494406
2010-01-06,-0.00206245597235033
2010-01-07,-0.002285995109618466
2010-01-08,-0.007068829910006236
2010-01-11,0.00783608986045281
2010-01-12,-0.014852495257013154
2010-01-13,0.006688970677536377
2010-01-14,-0.0062745032188175065
2010-01-15,0.000558914235077923
2010-01-19,-0.0007235766008336642
2010-01-20,-0.013638450897458965
2010-01-21,0.00803239407614087
2010-01-22,-0.016518827347298704
2010-01-25,0.012901299663772292
2010-01-26,0.007874424360678312
2010-01-27,0.0013814568758296897
2010-01-28,0.003257728958686812
2010-01-29,0.01022639926203217
2010-02-01,0.009034726497410217
2010-02-02,-0.0034554315322382623
2010-02-03,-0.012199430260024458
2010-02-04,-0.006687461886635271
2010-02-05,0.00010865653185221369
2010-02-08,0.0029787200399453706
2010-02-09,0.022772067238405524
2010-02-10,-0.010448059289417277
2010-02-11,0.0022675222403227835
2010-02-12,-0.011804410294734335
2010-02-16,0.011793013699102017
2010-02-17,0.010562899363324885
2010-02-18,-0.0063671948793811994
2010-02-19,-0.005005798819610385
2010-02-22,0.010136514937399088
2010-02-23,-0.004081304238802819
2010-02-24,0.006815765250275163
2010-02-25,-0.019851895918701956
2010-02-26,-0.002523575422161639
2010-03-01,0.008942358253660743
2010-03-02,0.003318047152696346
2010-03-03,0.0015610892603872273
2010-03-04,0.0007782163587155555
2010-03-05,0.0037485295459946943
2010-03-08,-0.001430285258073427
2010-03-09,-0.008015082727366507
2010-03-10,0.005508576162762013
2010-03-11,-0.0017213813624903374
2010-03-12,0.010544149027757799
2010-03-15,-0.002748446703851881
2010-03-16,0.0038255337964467895
2010-03-17,0.006298973462812496
2010-03-18,-0.0030481204774834847
2010-03-19,0.0033955513030015094
2010-03-22,-0.006070314121245923
2010-03-23,0.004706926908246034
2010-03-24,-0.004266296259719304
2010-03-25,0.014393204039338192
2010-03-26,0.004814158286731596
2010-03-29,0.006404733288964071
2010-03-30,0.006618837421104695
2010-03-31,-0.008015533964738863
2010-04-01,0.01321132631023314
2010-04-05,0.003756211712339308
2010-04-06,-0.004047637718867292
2010-04-07,0.0008173994888982516
2010-04-08,-0.003298621417050507
2010-04-09,0.009347481666095891
2010-04-12,0.0028091797297917775
2010-04-13,-0.0050867314447891054
2010-04-14,0.020478670341289806
2010-04-15,-0.0018258395730489374
2010-04-16,-0.00873549260903872
2010-04-19,-0.007164853580390318
2010-04-20,0.012724497289652081
2010-04-21,0.04496323763127341
2010-04-22,0.0
2010-04-23,0.0
2010-04-26,0.0
2010-04-27,-0.010014910699857937
2010-04-28,0.010286338441278131
2010-04-29,0.01128806156702522
2010-04-30,0.00024759707057175895
2010-05-03,0.013818230901140538
2010-05-04,-0.020676492490899756
2010-05-05,-0.02639746788245767
2010-05-06,-0.005403004784877319
2010-05-07,-0.0063752849579093995
2010-05-10,0.0777351842354379
2010-05-11,0.0
2010-05-12,0.0
2010-05-13,0.0
2010-05-14,-0.021180407711268834
2010-05-17,0.001380954480333818
2010-05-18,0.01565540293922907
2010-05-19,-0.013784966160192758
2010-05-20,-0.03361860368918346
2010-05-21,-0.026105399585386713
2010-05-24,0.013706107124889844
2010-05-25,-0.04721004418421215
2010-05-26,0.02691373612473491
2010-05-27,0.03882312266774557
2010-05-28,0.01855630201843561
2010-06-01,-0.0015229217208614365
2010-06-02,0.00836896723793279
2010-06-03,0.0022943270175503905
2010-06-04,-0.024939251643550375
2010-06-07,0.007095641919541595
2010-06-08,0.0012950479918052427
2010-06-09,0.008047871109271076
2010-06-10,0.01614803284921873
2010-06-11,-0.009503872951389103
2010-06-14,0.017079235137113402
2010-06-15,0.010328073818620886
2010-06-16,-0.00809578660286403
2010-06-17,0.01169123119287141
2010-06-18,-0.0004209820686779109
2010-06-21,0.017166766268706724
2010-06-22,0.0030459072319888314
2010-06-23,0.00254904480079432
2010-06-24,-0.0023087881645172947
2010-06-25,0.004316688884518749
2010-06-28,0.006968399691031468
2010-06-29,-0.024829847002987404
2010-06-30,0.002568873221176826
2010-07-01,0.0016395006571059412
2010-07-02,0.002914855062289945
2010-07-06,0.0177626940205442
2010-07-07,0.0045859128545044925
2010-07-08,0.005821111046031557
2010-07-09,-0.002552499633310723
2010-07-12,0.0006179095723555239
2010-07-13,0.0126633495980073
2010-07-14,0.016280348539331913
2010-07-15,0.00040701702120715666
2010-07-16,-0.006824363665170696
2010-07-19,0.004383822821053318
2010-07-20,-0.01449653066668155
2010-07-21,0.0022512772944940362
2010-07-22,0.008945633268583553
2010-07-23,-0.003989143199624401
2010-07-26,0.00034660402283037683
2010-07-27,0.003166681188801812
2010-07-28,-0.006054789244503533
2010-07-29,-0.007389157331503693
2010-07-30,-0.011143436088884462
2010-08-02,0.011562109064286563
2010-08-03,-0.004127031243523871
2010-08-04,0.004310084237601375
2010-08-05,-0.0015137348204434797
2010-08-06,-0.0050582352690150545
2010-08-09,0.0054171336335242515
2010-08-10,-0.016897944371839446
2010-08-11,-0.018561527478621054
2010-08-12,-0.01490039428567691
2010-08-13,0.002626984183980996
2010-08-16,-0.004064170737146933
2010-08-17,0.009541093022823244
2010-08-18,-7.357006385855236e-05
2010-08-19,-0.0029030447440940854
2010-08-20,0.010957695621685026
2010-08-23,0.004593075966415228
2010-08-24,-0.015142042886203688
2010-08-25,-0.0036522046749662973
2010-08-26,0.006204342159852105
2010-08-27,0.006983714201642233
2010-08-30,-0.0015858025483085347
2010-08-31,-0.00711473832995535
2010-09-01,0.011479387009366127
2010-09-02,0.002725400721525384
2010-09-03,0.010979344167989513
2010-09-07,-0.0032975592887943828
2010-09-08,0.0005229634095285096
2010-09-09,0.008517306084841136
2010-09-10,0.0016657917339273354
2010-09-13,0.008989662403513288
2010-09-14,-0.0022381762852993203
2010-09-15,-0.007178428087459832
2010-09-16,-0.001884510830375219
2010-09-17,0.004415834468309177
2010-09-20,0.0017493471484402168
2010-09-21,0.0007539492075669951
2010-09-22,-0.002331003286529243
2010-09-23,-0.0035527841002306326
2010-09-24,0.01398567258850214
2010-09-27,0.002326154122152424
2010-09-28,0.0031061454956602397
2010-09-29,-0.0024508484212596438
2010-09-30,0.0074329563006052535
2010-10-01,0.007221929402257965
2010-10-04,-0.0027005604921801485
2010-10-05,0.011888108434776612
2010-10-06,0.0005978197979692457
2010-10-07,0.003660588431753098
2010-10-08,0.008534069417493795
2010-10-11,0.0013760425388922304
2010-10-12,-0.0014807645285394022
2010-10-13,0.009092855157011526
2010-10-14,0.0021527316831191357
2010-10-15,0.016194539659270424
2010-10-18,0.007761365254310482
2010-10-19,-0.03596587420684838
2010-10-20,0.0016494608251145237
2010-10-21,0.004868859546125703
2010-10-22,-0.00010619819979895695
2010-10-25,0.006206627746786264
2010-10-26,-0.005476078057640943
2010-10-27,-0.0017226193921651145
2010-10-28,0.0013957895717475743
2010-10-29,-0.0009377503721644809
2010-11-01,0.005775176363146395
2010-11-02,0.00751954300388058
2010-11-03,0.0026237736526197875
2010-11-04,0.009578727217649963
2010-11-05,-1.5128691527310778e-06
2010-11-08,-0.00027262777090864
2010-11-09,0.02408502397085277
2010-11-10,-0.0025098920611561493
2010-11-11,-0.00859885745990896
2010-11-12,-0.007239033105822412
2010-11-15,-7.806342657246113e-05
2010-11-16,-0.006200378305908694
2010-11-17,0.0015915636941357114
2010-11-18,0.012779662514115886
2010-11-19,0.0005407536444914651
2010-11-22,-0.005363656728909483
2010-11-23,-0.01052447609262841
2010-11-24,0.010066067209334228
2010-11-26,-0.008466511491610484
2010-11-29,-0.002328317633970123
2010-11-30,-0.014413150355755966
2010-12-01,0.016376852448072743
2010-12-02,-0.01726962564636436
2010-12-03,0.0006125456122449968
2010-12-06,0.006459817943647694
2010-12-07,0.019938846578992253
2010-12-08,-0.01382928737302258
2010-12-09,0.012844096260828719
2010-12-10,0.02329397727191518
2010-12-13,-0.0033664326808231504
2010-12-14,-0.009889814913545125
2010-12-15,-0.000606720225780566
2010-12-16,0.0014635419849617914
2010-12-17,0.006206262525965123
2010-12-20,0.006480799626311207
2010-12-21,0.010679377440019566
2010-12-22,0.007193716308506959
2010-12-23,-0.00031212546693926146
2010-12-27,-0.01916733533757875
2010-12-28,-0.0017516862334736594
2010-12-29,0.0031700602362760844
2010-12-30,-0.001714613515774066
2010-12-31,-0.003291971873746413
2011-01-03,0.0015432385397624593
2011-01-04,0.010217514416845264
2011-01-05,0.0003326419172142714
2011-01-06,-0.011459148497113048
2011-01-07,0.0006753900563665205
2011-01-10,-0.003877277908296839
2011-01-11,0.010166758493260764
2011-01-12,0.012466688058489606
2011-01-13,-0.004279592184384229
2011-01-14,-0.006866652700135423
2011-01-18,-0.004941451733204705
2011-01-19,-0.004035646857168507
2011-01-20,-0.015154168232566767
2011-01-21,0.006551796991127068
2011-01-24,0.012690008694579813
2011-01-25,-0.005881901598953632
2011-01-26,0.006799799173415888
2011-01-27,0.05935042260180823
2011-01-28,0.0
2011-01-31,0.0
2011-02-01,0.0
2011-02-02,-0.006819449162674962
2011-02-03,0.0022617603985668477
2011-02-04,0.007798627965057925
2011-02-07,-0.0018246588912139705
2011-02-08,0.0021128019560092692
2011-02-09,0.0008129846027133958
2011-02-10,-0.0181337524603864
2011-02-11,-0.0032894448890643524
2011-02-14,0.022301081774815712
2011-02-15,-0.011572479835999072
2011-02-16,0.013476018871804163
2011-02-17,-0.014958696725170584
2011-02-18,0.007048469115310763
2011-02-22,-0.050734587648083806
2011-02-23,-0.02042995327513497
2011-02-24,0.025166165748477853
2011-02-25,0.015499000477500635
2011-02-28,0.016372803715810624
2011-03-01,-0.001706878575192805
2011-03-02,-0.001051319032028486
2011-03-03,0.021816683364085376
2011-03-04,0.0010616090364345965
2011-03-07,0.003830197493459586
2011-03-08,0.0012249442429035362
2011-03-09,-0.004720232387249057
2011-03-10,-0.025251139191704297
2011-03-11,-0.00458141622900432
2011-03-14,0.006474870622148687
2011-03-15,-0.04629236232504441
2011-03-16,-0.006144537213130019
2011-03-17,0.02239746225608008
2011-03-18,0.018683302457530804
2011-03-21,0.020718265194815677
2011-03-22,-0.00222288582579111
2011-03-23,-0.0012149534672235562
2011-03-24,0.029083571910496042
2011-03-25,0.005841832849474482
2011-03-28,0.010158744933625563
2011-03-29,0.0003059966884502163
2011-03-30,0.010423828770704135
2011-03-31,-0.0004242190852329353
2011-04-01,0.0073922030717701315
2011-04-04,0.0038664790557727535
2011-04-05,0.004154747101420719
2011-04-06,0.006445798264455904
2011-04-07,-0.0014628825760867326
2011-04-08,0.010257173170377332
2011-04-11,0.0035386067810811994
2011-04-12,-0.010025477767681257
2011-04-13,0.008523673437510926
2011-04-14,-0.008490442792519093
2011-04-15,-0.0015862847685477188
2011-04-18,-0.015887326637921473
2011-04-19,0.0021455791011537606
2011-04-20,0.02570559857797594
2011-04-21,0.005474826770076158
2011-04-25,0.001316394396982945
2011-04-26,0.0038544512840270606
2011-04-27,0.007294915110985123
2011-04-28,-5.139040618329371e-05
2011-04-29,0.00015708949616133339
2011-05-02,0.009105068561936935
2011-05-03,-0.002149557126353452
2011-05-04,-0.0016186116218953606
2011-05-05,-0.006003207500001051
2011-05-06,0.01051218630012385
2011-05-09,0.005391779493577831
2011-05-10,0.00433583072757826
2011-05-11,0.00010916151811235508
2011-05-12,-0.0035056661068545436
2011-05-13,-0.009033895090738486
2011-05-16,-0.005424950699272513
2011-05-17,-0.006978701992856218
2011-05-18,0.0040119353207943576
2011-05-19,0.00494940925745424
2011-05-20,-0.005082034446870609
2011-05-23,-0.014752707786180319
2011-05-24,0.006563583761928227
2011-05-25,-0.00406667429091756
2011-05-26,-0.003830310276960791
2011-05-27,0.002759972401078725
2011-05-31,0.013963808755664164
2011-06-01,-0.004514151390021648
2011-06-02,0.0020796178125330744
2011-06-03,-0.007199608495561449
2011-06-06,-0.0001479646169981752
2011-06-07,0.004270332639608743
2011-06-08,-0.003665524249800045
2011-06-09,0.0013897469574160048
2011-06-10,0.0011236683343425202
2011-06-13,0.0004125218910646655
2011-06-14,0.006541076259932943
2011-06-15,-0.0057250544995665065
2011-06-16,0.0017588820862177723
2011-06-17,0.005751734017552135
2011-06-20,-0.0014957893442715253
2011-06-21,0.003871054743553204
2011-06-22,-0.0016591657240476732
2011-06-23,-0.006924023594962692
2011-06-24,-0.014538977816096255
2011-06-27,0.001231786311878702
2011-06-28,0.0006846488104359505
2011-06-29,0.002963472469355244
2011-06-30,0.003092379755834429
2011-07-01,-0.00028146248622629155
2011-07-05,0.001895663015984761
2011-07-06,-0.002553634696304763
2011-07-07,0.004734741189408753
2011-07-08,-0.007442826896476573
2011-07-11,-0.009019322276027975
2011-07-12,-0.003958500177087321
2011-07-13,0.004367769003762678
2011-07-14,0.0013541888662085277
2011-07-15,0.0034382704074971127
2011-07-18,-0.0036417892864607504
2011-07-19,0.004512785585938817
2011-07-20,0.0022257683244200077
2011-07-21,0.0026333952043398057
2011-07-22,0.008192305338459382
2011-07-25,-0.008506673687107003
2011-07-26,-0.0028126048374756962
2011-07-27,-0.004517082474140954
2011-07-28,-0.0012917413552692159
2011-07-29,-0.005569808648820063
2011-08-01,0.01010859032363931
2011-08-02,-0.0037126093267646487
2011-08-03,0.00021914074667339634
2011-08-04,-0.01095173037993269
2011-08-05,0.008842629362125987
2011-08-08,-0.025625899131920926
2011-08-09,0.013304008610045326
2011-08-10,-0.01954094202472023
2011-08-11,0.004672310661557155
2011-08-12,0.02085742931975476
2011-08-15,0.0
2011-08-16,0.0
2011-08-17,-0.0007050976383395913
2011-08-18,-0.008061319559826363
2011-08-19,0.004089623898144268
2011-08-22,-0.000653514514754594
2011-08-23,0.0019500552941442706
2011-08-24,0.002695399964613099
2011-08-25,-0.0026782502971348654
2011-08-26,0.0001323531505621478
2011-08-29,0.009921130900798047
2011-08-30,-0.003255044858312406
2011-08-31,-0.0007795454846752925
2011-09-01,-7.504162531812852e-06
2011-09-02,0.0008709232515216048
2011-09-06,-0.007553631105114533
2011-09-07,0.012457807626673034
2011-09-08,0.004545828212102476
2011-09-09,0.006149617309387123
2011-09-12,0.005189473799697808
2011-09-13,0.0021113872617410934
2011-09-14,0.0014100377965544642
2011-09-15,-0.001643267697744255
2011-09-16,-0.0009607977849955818
2011-09-19,0.0003277813898541204
2011-09-20,-0.000918948190551494
2011-09-21,-0.0002719321068749281
2011-09-22,0.0010782879212898333
2011-09-23,0.0031115256769294053
2011-09-26,0.0007620168910538183
2011-09-27,-0.003869452740523749
2011-09-28,-0.0038895766197453163
2011-09-29,-0.015372335172514129
2011-09-30,-0.0028179829923431488
2011-10-03,-0.0012555422314401987
2011-10-04,-0.0035358709386617004
2011-10-05,-0.0012581387415685485
2011-10-06,0.002584553862039929
2011-10-07,0.0028740540527645297
2011-10-10,-0.0012361701187486585
2011-10-11,-0.0010361505513304392
2011-10-12,0.0015985796741355696
2011-10-13,-0.0013635680187542576
2011-10-14,-0.0009184334938137084
2011-10-17,-0.0023438329562419646
2011-10-18,0.0010871228816002887
2011-10-19,0.002936629975978322
2011-10-20,-0.00743785860036783
2011-10-21,-2.0688416546454924e-05
2011-10-24,-0.0014045288950490509
2011-10-25,-0.004936314645084372
2011-10-26,0.007622148922976857
2011-10-27,0.0160212884661437
2011-10-28,0.0
2011-10-31,0.0
2011-11-01,0.0
2011-11-02,0.015794548285726018
2011-11-03,0.006791480619157575
2011-11-04,-0.007922167952954862
2011-11-07,-0.003936890324196307
2011-11-08,0.005525886093733945
2011-11-09,-0.028266986252483584
2011-11-10,0.010664387113602292
2011-11-11,0.011071604060990614
2011-11-14,-0.003241003309546908
2011-11-15,0.0007819750176383256
2011-11-16,-0.006065577718181836
2011-11-17,-0.0013961816351460987
2011-11-18,0.004541874663693823
2011-11-21,-0.018315371094449695
2011-11-22,0.0022635622337181527
2011-11-23,-0.010541237245835777
2011-11-25,-0.003856330397245311
2011-11-28,0.040716076643323884
2011-11-29,-0.000935443881754594
2011-11-30,0.03579423244142865
2011-12-01,-0.007939451550636023
2011-12-02,0.009323874509213237
2011-12-05,0.017569111027676776
2011-12-06,-0.005714919207663538
2011-12-07,-0.0045231076911856904
2011-12-08,-0.004870908596006807
2011-12-09,0.005054734221467516
2011-12-12,-0.01362961062180068
2011-12-13,0.007519443277916871
2011-12-14,-0.008871049148690635
2011-12-15,0.011054125657820046
2011-12-16,0.011262961294004059
2011-12-19,0.005173818149623921
2011-12-20,0.015019595043295864
2011-12-21,-0.00050920612800609
2011-12-22,0.004341015501478918
2011-12-23,0.004819479719466724
2011-12-27,-0.0025224489992509147
2011-12-28,0.00457271050148389
2011-12-29,0.004119979032070287
2011-12-30,-0.0015107959873299492
2012-01-03,0.016980491737221826
2012-01-04,-0.002809366620519338
2012-01-05,-0.009875136917488092
2012-01-06,0.0030850212029926993
2012-01-09,-0.0021779590089696654
2012-01-10,0.02155024211428591
2012-01-11,-0.0001138040329419221
2012-01-12,0.010829391225140483
2012-01-13,-0.009865990193524965
2012-01-17,0.021747558620691443
2012-01-18,-0.0005711831198532691
2012-01-19,0.01877155406956188
2012-01-20,-0.1015857200541429
2012-01-23,0.0037146118427062724
2012-01-24,-0.001843779599848605
2012-01-25,0.04529168104427517
2012-01-26,0.00841067860272382
2012-01-27,0.005841641424982447
2012-01-30,-0.006883639207508008
2012-01-31,0.016052682480003577
2012-02-01,0.013987974319982888
2012-02-02,0.0020150492026453914
2012-02-03,0.010766157115097652
2012-02-06,-0.006726753423457521
2012-02-07,0.0003308664607049039
2012-02-08,0.003391958219858049
2012-02-09,0.005161299139394782
2012-02-10,-0.007800152100378432
2012-02-13,0.014682603772080416
2012-02-14,0.0014021763031097922
2012-02-15,0.009096143815178426
2012-02-16,-0.011570927037550915
2012-02-17,0.0014875185482665643
2012-02-21,0.005785821006350611
2012-02-22,-0.002263138949941901
2012-02-23,0.001633002580572418
2012-02-24,0.0057379974282587565
2012-02-27,-0.0009685968724714167
2012-02-28,0.0052579551323270746
2012-02-29,0.010046841057770761
2012-03-01,0.009336420502978005
2012-03-02,-0.000415891577515648
2012-03-05,-0.0017152915551376102
2012-03-06,-0.01691651499053881
2012-03-07,0.009626719379615123
2012-03-08,0.007777103914970773
2012-03-09,0.0040089676360584026
2012-03-12,0.003201674824948597
2012-03-13,0.010533798374906311
2012-03-14,0.014683371230343134
2012-03-15,0.012473026428815315
2012-03-16,-0.0010558867052369303
2012-03-19,0.013187232577923869
2012-03-20,-0.003912588166337105
2012-03-21,-0.0011692565705904157
2012-03-22,-0.0068621088792122364
2012-03-23,-0.0011479082423768716
2012-03-26,0.005816244000997228
2012-03-27,-0.0002382563118966674
2012-03-28,0.0033759851208712277
2012-03-29,-0.006860362233174766
2012-03-30,0.0014616109736058647
2012-04-02,0.0027739309516539024
2012-04-03,0.008507190437119672
2012-04-04,-0.011012998835713272
2012-04-05,0.0027237653684319962
2012-04-09,-0.014794958385812573
2012-04-10,0.004735037671246944
2012-04-11,0.01372431265161933
2012-04-12,0.0018506956954211784
2012-04-13,-0.0011318828892721289
2012-04-16,0.007701334163660478
2012-04-17,0.000834296937687995
2012-04-18,0.0024082911365084225
2012-04-19,-0.010696486552173479
2012-04-20,0.0038037722786807837
2012-04-23,-0.00954467598936104
2012-04-24,-0.010858065760959823
2012-04-25,0.07589555931480718
2012-04-26,0.0
2012-04-27,0.0
2012-04-30,0.0
2012-05-01,0.0005725470737523164
2012-05-02,-0.002285353006710955
2012-05-03,0.006175532158835928
2012-05-04,-0.007580821312839436
2012-05-07,-0.005030854777542393
2012-05-08,-0.0008370897665670451
2012-05-09,-0.01059320228856675
2012-05-10,-0.0007378191917590815
2012-05-11,-0.011468804740008443
2012-05-14,-0.008325624289118094
2012-05-15,0.004509306960327697
2012-05-16,0.002505098872388034
2012-05-17,-0.00018142042921220902
2012-05-18,0.00650378323685441
2012-05-21,0.006945614716362014
2012-05-22,0.011094239726497035
2012-05-23,-0.0011524172355411588
2012-05-24,0.008183873300512845
2012-05-25,-0.0012282248217445613
2012-05-29,0.014492466628042822
2012-05-30,-0.007872551842502906
2012-05-31,0.0012893817683996556
2012-06-01,-0.019589712373533574
2012-06-04,0.0008099991026488951
2012-06-05,0.0014156769425412996
2012-06-06,0.0025102301788144654
2012-06-07,0.00427727541631806
2012-06-08,-0.0010841694937818724
2012-06-11,0.0036975326313593015
2012-06-12,0.001525790138894756
2012-06-13,-0.0003675168792978134
2012-06-14,-9.889333202817152e-05
2012-06-15,0.0005286953447294351
2012-06-18,-0.0016936308399085886
2012-06-19,0.003047088922023544
2012-06-20,0.0010787284348281467
2012-06-21,-0.0012979572434413944
2012-06-22,0.0014598182913057034
2012-06-25,-0.0021852241787860827
2012-06-26,0.000971255439785601
2012-06-27,0.0008931919713888181
2012-06-28,-0.0030429328049749182
2012-06-29,0.006194023238781821
2012-07-02,0.004890627816386939
2012-07-03,0.00025111257079601934
2012-07-05,-0.0026300253762788772
2012-07-06,-0.003436571207778738
2012-07-09,-0.0011451000675948286
2012-07-10,-0.001418374066202266
2012-07-11,0.0004947817414324707
2012-07-12,-0.0017607723845428636
2012-07-13,0.00030710977729753175
2012-07-16,-0.001147817560270048
2012-07-17,0.0011672993723326197
2012-07-18,-0.0009236927615993151
2012-07-19,0.0034289413405907965
2012-07-20,0.0002031735534127055
2012-07-23,-0.00518190936536056
2012-07-24,0.0003523078325442519
2012-07-25,0.0010563747144349822
2012-07-26,0.005475411544372477
2012-07-27,0.0018700841233658672
2012-07-30,-0.002505707578641103
2012-07-31,0.0008853867399472026
2012-08-01,0.002166828756956729
2012-08-02,-0.002092244357322137
2012-08-03,0.007074993607970814
2012-08-06,0.001377164121915575
2012-08-07,0.004172070332664868
2012-08-08,-0.0014274911881614338
2012-08-09,-0.0008029077412298191
2012-08-10,-0.0008584802090076948
2012-08-13,-0.00042262447345764453
2012-08-14,0.002311389938102204
2012-08-15,0.00012436127333170788
2012-08-16,0.0010545794012948306
2012-08-17,-0.0038021700722925544
2012-08-20,-0.0007544499606355615
2012-08-21,0.0010280293739146629
2012-08-22,-0.001000232018678493
2012-08-23,-0.0011200432383747794
2012-08-24,-0.0004221932961342434
2012-08-27,0.0004815358519019153
2012-08-28,-0.0009544582370731858
2012-08-29,0.0005851409182098255
2012-08-30,-0.0005727385659934914
2012-08-31,0.0019521768620274216
2012-09-04,-0.0008279009278927552
2012-09-05,-0.0017048545167420714
2012-09-06,0.006846616145054885
2012-09-07,0.004265007095517248
2012-09-10,-0.0012716132731579455
2012-09-11,0.0025744487487762147
2012-09-12,0.008252554350486552
2012-09-13,0.006641206614910633
2012-09-14,0.00971580291423102
2012-09-17,0.009027632590023815
2012-09-18,-0.002180696673406368
2012-09-19,-0.00013626295071522687
2012-09-20,-0.00541481236974406
2012-09-21,0.00404609059852068
2012-09-24,-0.017676042392849145
2012-09-25,-0.001259726867493316
2012-09-26,-0.005932520317670886
2012-09-27,0.0006503013350218634
2012-09-28,-0.003605809282155148
2012-10-01,0.007124328268234725
2012-10-02,0.0017359687900282417
2012-10-03,0.001370499699052452
2012-10-04,0.001206077285529572
2012-10-05,0.001620417990042089
2012-10-08,-0.0017529963215883182
2012-10-09,-0.0009509558630985682
2012-10-10,-0.0007308331546147517
2012-10-11,0.001453757999352101
2012-10-12,-0.003323871444710025
2012-10-15,0.0012234070335070957
2012-10-16,0.0016982241465945958
2012-10-17,-0.001947351307930778
2012-10-18,-0.0003659882628503919
2012-10-19,-0.0031940106452627015
2012-10-22,0.0030418390477091606
2012-10-23,-0.0034098163449538532
2012-10-24,0.0036291125906384725
2012-10-25,0.0021920109978876834
2012-10-26,-0.00028462007343510454
2012-10-31,0.0024981051569981094
2012-11-01,0.0019411257577790497
2012-11-02,0.0009407847924396417
2012-11-05,-0.0015566783707525733
2012-11-06,0.000978979121294632
2012-11-07,-0.004407742278241367
2012-11-08,0.0008046144773845576
2012-11-09,0.00027594083339876896
2012-11-12,0.0008824340240405348
2012-11-13,-0.002115420911218413
2012-11-14,0.0023818938958002356
2012-11-15,0.0004313990273687729
2012-11-16,0.00242901685076391
2012-11-19,0.0026734553812755024
2012-11-20,8.975815749789895e-05
2012-11-21,-0.0002870694223695569
2012-11-23,0.0030527479884341346
2012-11-26,0.0006696223883211339
2012-11-27,0.00034604382436431713
2012-11-28,-0.0016260271627515088
2012-11-29,-0.00016409120084392992
2012-11-30,0.000687566573942755
2012-12-03,0.0022332331717129783
2012-12-04,0.001343373974498796
2012-12-05,-1.7470354507498342e-07
2012-12-06,3.564908685382839e-05
2012-12-07,0.0005880919932037543
2012-12-10,-0.0008482460115112334
2012-12-11,0.0015028982962683735
2012-12-12,0.0016720834426759978
2012-12-13,0.0009646013972863798
2012-12-14,0.00035111120257291795
2012-12-17,0.000686864394813469
2012-12-18,0.001323682810653537
2012-12-19,0.0015160484879377378
2012-12-20,0.0006010327371217539
2012-12-21,-0.006353349775603867
2012-12-24,-0.00011757327243155924
2012-12-26,0.00038014646018513787
2012-12-27,-0.000149394419245219
2012-12-28,-0.0025678813147506085
2012-12-31,-4.1582171843579374e-05
2013-01-02,0.007259789326187427
2013-01-03,0.0
2013-01-04,0.0
2013-01-07,0.0
2013-01-08,0.0003988300136756884
2013-01-09,0.0017842085784076644
2013-01-10,0.002743317173063531
2013-01-11,-1.4409139852844532e-05
2013-01-14,-0.0004090087910944007
2013-01-15,-0.002126993076113637
2013-01-16,-0.00013769212956527
2013-01-17,0.0016797353550261906
2013-01-18,-0.0010920782684376018
2013-01-22,0.00019811167671401897
2013-01-23,0.0016836363328263104
2013-01-24,-0.0011172767153935226
2013-01-25,0.002103127498450652
2013-01-28,0.0022691919229638202
2013-01-29,-0.0011547089049400716
2013-01-30,0.00019317947894514909
2013-01-31,0.0012398176524006654
2013-02-01,0.0035370614301761805
2013-02-04,-0.019349428817885928
2013-02-05,-0.002403762027231582
2013-02-06,0.003994802432933486
2013-02-07,0.0038366315813946894
2013-02-08,0.005154418556768459
2013-02-11,-0.0043746802339929
2013-02-12,-0.006411889950505345
2013-02-13,0.007767816252972404
2013-02-14,0.004536094278674074
2013-02-15,0.003397255669924215
2013-02-19,0.002135503220242807
2013-02-20,0.0027479187517591708
2013-02-21,-0.0070019714859095306
2013-02-22,-0.003145207042804299
2013-02-25,0.0041250034360109655
2013-02-26,0.005182849683859736
2013-02-27,-0.0020316374543929427
2013-02-28,-0.0011368056059412046
2013-03-01,-0.006215725623284651
2013-03-04,-0.0017154690970209163
2013-03-05,0.011672084452426068
2013-03-06,0.011733967783830623
2013-03-07,-0.002866392435563192
2013-03-08,0.0009392284502398596
2013-03-11,-0.0006088891865830837
2013-03-12,-0.002092944382595774
2013-03-13,0.005083856504448869
2013-03-14,0.002510101612476223
2013-03-15,6.0309181656448274e-05
2013-03-18,-0.015377147384006418
2013-03-19,0.0023714588644792034
2013-03-20,0.007482708821823891
2013-03-21,-0.004754303200563803
2013-03-22,0.01045852433926342
2013-03-25,0.004265616142658191
2013-03-26,0.004802115655598627
2013-03-27,-0.006841902303013625
2013-03-28,0.0013276067358427568
2013-04-01,0.003994593900456644
2013-04-02,0.006924267197817802
2013-04-03,0.004952032771875503
2013-04-04,0.0013371693825101616
2013-04-05,-0.014019556037114356
2013-04-08,-0.0012628689116761516
2013-04-09,6.403754827943864e-05
2013-04-10,0.005228729046887537
2013-04-11,0.002893694457502427
2013-04-12,0.0038395108807165457
2013-04-15,-0.0006162941809149114
2013-04-16,0.007800346091740407
2013-04-17,-0.00715973607292697
2013-04-18,0.007300666560140057
2013-04-19,0.0029871054731309687
2013-04-22,0.007957314017814632
2013-04-23,0.06641667562517717
2013-04-24,0.0
2013-04-25,0.0
2013-04-26,0.0
2013-04-29,0.005958424725740485
2013-04-30,0.0013764112010672402
2013-05-01,0.0016182741513648402
2013-05-02,0.00934158874987534
2013-05-03,0.017104521019714936
2013-05-06,-0.0022383839383987025
2013-05-07,0.00026621731306497587
2013-05-08,-0.0008856969179997787
2013-05-09,0.01462111620649531
2013-05-10,0.0004425341974578778
2013-05-13,0.005556464604169475
2013-05-14,0.01723458503703945
2013-05-15,0.00309489109088279
2013-05-16,0.02281535884464314
2013-05-17,0.005386445409800489
2013-05-20,-0.0019123425087799184
2013-05-21,-0.001567727164269117
2013-05-22,-0.004565601631585481
2013-05-23,-0.01999968851986389
2013-05-24,-0.004217652755505785
2013-05-28,0.026008376878691397
2013-05-29,0.007876083674077883
2013-05-30,-0.008097436729335938
2013-05-31,0.0073951140290595685
2013-06-03,0.0002311005100772423
2013-06-04,-0.0025702864177974405
2013-06-05,-0.009654302958726602
2013-06-06,0.0006727257729710612
2013-06-07,0.006943414817873972
2013-06-10,-0.011324951061151722
2013-06-11,-0.014455391774538362
2013-06-12,0.01191007711520009
2013-06-13,0.006525522359337899
2013-06-14,0.008403855399959692
2013-06-17,0.02947939150983747
2013-06-18,0.0019161345462477275
2013-06-19,-0.0035760255780018513
2013-06-20,-0.011827233766514844
2013-06-21,0.015258827750407544
2013-06-24,-0.01808272796006183
2013-06-25,0.00899742090083766
2013-06-26,0.011675518598515344
2013-06-27,0.009094970749385256
2013-06-28,0.0028438110485637935
2013-07-01,0.015701789246926223
2013-07-02,3.5890518756964696e-07
2013-07-03,-0.0014508909123142066
2013-07-05,0.013148866601994103
2013-07-08,0.010084257813794961
2013-07-09,0.010781539990899258
2013-07-10,-0.004339220643045261
2013-07-11,0.019574473014221994
2013-07-12,0.0027646767687743434
2013-07-15,0.010153766343615978
2013-07-16,-0.0018491367333610675
2013-07-17,-0.000780067648769478
2013-07-18,0.0063088356170213356
2013-07-19,-0.0031995184338775573
2013-07-22,0.002334108427739068
2013-07-23,-0.0025023457352120193
2013-07-24,0.00731208467631439
2013-07-25,-0.0026041498973932153
2013-07-26,0.006672636118383535
2013-07-29,0.00017913813639713894
2013-07-30,0.0030440321962321715
2013-07-31,0.004228599302903202
2013-08-01,0.00762268071080241
2013-08-02,-0.0032908420082674583
2013-08-05,0.003568832508358488
2013-08-06,-0.00246100047847686
2013-08-07,-0.004400379582337521
2013-08-08,0.053069735446363175
2013-08-09,0.0
2013-08-12,0.0
2013-08-13,0.0
2013-08-14,-0.00976686708332375
2013-08-15,-0.016496441211621415
2013-08-16,0.004371071329646314
2013-08-19,0.002730466737596915
2013-08-20,0.011531521673631362
2013-08-21,-0.0009064977852959455
2013-08-22,0.00728316518606098
2013-08-23,0.0017440889955615546
2013-08-26,0.007372067148957662
2013-08-27,-0.012423142306454582
2013-08-28,0.00615504876662798
2013-08-29,-0.006597161979393418
2013-08-30,0.000986340501055949
2013-09-03,0.01904422030969699
2013-09-04,0.011373575424764137
2013-09-05,0.0002628848677233009
2013-09-06,0.002350034134428469
2013-09-09,-0.0036726365593587884
2013-09-10,0.006910104491130609
2013-09-11,-0.002200684784149365
2013-09-12,0.008219044143025211
2013-09-13,-0.0027912525484891093
2013-09-16,0.01609830881993357
2013-09-17,-0.0032845526460295593
2013-09-18,-0.0009521916646668682
2013-09-19,0.015577046780631765
2013-09-20,0.00762076898095887
2013-09-23,-0.000493176396698658
2013-09-24,0.014595217989625597
2013-09-25,0.014598944207382614
2013-09-26,0.013415918519066539
2013-09-27,-0.0041090683904565495
2013-09-30,-0.02159196321721024
2013-10-01,-0.0016199050801025683
2013-10-02,-0.01141158396754427
2013-10-03,-0.004517847633677574
2013-10-04,0.014127655022270869
2013-10-07,0.0005775687613365221
2013-10-08,0.005103036125710059
2013-10-09,0.003978854589819614
2013-10-10,0.026628098789593047
2013-10-11,-0.0032612175207925587
2013-10-14,-0.021179136959193823
2013-10-15,0.01890782007754077
2013-10-16,0.01148209671128031
2013-10-17,-0.00010292164400027559
2013-10-18,0.025627610023247538
2013-10-21,0.006127922154479659
2013-10-22,0.0033626611891557356
2013-10-23,-0.01954487761755086
2013-10-24,0.006596025134653738
2013-10-25,0.012682799475020268
2013-10-28,-0.00459017560717867
2013-10-29,0.009518446542846393
2013-10-30,0.01020213898560507
2013-10-31,-0.03347398852509076
2013-11-01,0.016301282632241287
2013-11-04,0.0009330730942829213
2013-11-05,0.0026571927734120315
2013-11-06,-0.04063678898941492
2013-11-07,-0.00919551186551315
2013-11-08,-0.004173021586841297
2013-11-11,-9.77656705081209e-05
2013-11-12,-0.0036451221541392576
2013-11-13,9.028408984224079e-05
2013-11-14,0.0008738504748913023
2013-11-15,0.0020427006712691043
2013-11-18,-0.006855462969814541
2013-11-19,0.0006395157127776496
2013-11-20,0.0047515562977427095
2013-11-21,0.015490406816846214
2013-11-22,0.0026591719005735204
2013-11-25,0.01309764956393722
2013-11-26,-0.0056335332281165496
2013-11-27,0.004982650760600116
2013-11-29,0.013533565243656565
2013-12-02,-0.004222859897957898
2013-12-03,-0.00454800661872945
2013-12-04,-0.00602551833069731
2013-12-05,-0.005157779140546825
2013-12-06,0.013476716126674448
2013-12-09,0.007412377110301405
2013-12-10,-0.00235359005993363
2013-12-11,-0.0009136349432310453
2013-12-12,0.018482869356587717
2013-12-13,0.0034192700953938893
2013-12-16,0.0015469093635458453
2013-12-17,0.011322529619251842
2013-12-18,8.610384400253857e-05
2013-12-19,-0.014938724256288283
2013-12-20,0.00114145920081965
2013-12-23,-0.00011812099978403268
2013-12-24,0.007213400478740528
2013-12-26,0.004488692621082757
2013-12-27,-0.0009570847596817034
2013-12-30,-0.005837385277012164
2013-12-31,0.005958325502101625
2014-01-02,0.0016255173984038862
2014-01-03,0.0005999508340230886
2014-01-06,-0.0009835223961550676
2014-01-07,0.008589308271966356
2014-01-08,0.01411354013079813
2014-01-09,0.004024725211229319
2014-01-10,0.0013889091643244367
2014-01-13,5.1241360650156054e-05
2014-01-14,0.004215414868221634
2014-01-15,0.00420848690261999
2014-01-16,-0.001391685050642022
2014-01-17,0.0007486416386199846
2014-01-21,0.006480848955224605
2014-01-22,0.0055436462929137065
2014-01-23,-0.01821614617648104
2014-01-24,-0.009212755685005014
2014-01-27,0.004935063684637697
2014-01-28,0.00774968882536875
2014-01-29,-0.010183726941769167
2014-01-30,0.09266628351191453
2014-01-31,0.0
2014-02-03,0.0
2014-02-04,0.0
2014-02-05,-0.0025743435923268887
2014-02-06,-0.004836576617437971
2014-02-07,0.006026227719962751
2014-02-10,-0.00041643290001636135
2014-02-11,0.0014751832945740784
2014-02-12,0.0023124329844541602
2014-02-13,-0.005931043707445016
2014-02-14,0.0021546832945940064
2014-02-18,0.00017170592294091236
2014-02-19,-0.005812014867232929
2014-02-20,-0.001918368827285244
2014-02-21,0.0038284200588658557
2014-02-24,0.0037261737278946327
2014-02-25,0.003746331002684178
2014-02-26,0.005296131274895366
2014-02-27,1.168147156915822e-05
2014-02-28,0.005400444280495131
2014-03-03,-0.018811919435557933
2014-03-04,0.017282186490469087
2014-03-05,0.00791267286516062
2014-03-06,0.005491758988296125
2014-03-07,0.004011871487684671
2014-03-10,0.008446571020866545
2014-03-11,0.006189178697499242
2014-03-12,-0.004777700249017247
2014-03-13,0.005828907775795589
2014-03-14,-0.003929665755711853
2014-03-17,0.006980970942030984
2014-03-18,0.0010028391809626669
2014-03-19,-0.000210052010582773
2014-03-20,-0.002986150353516792
2014-03-21,0.008215718259318106
2014-03-24,0.002067213462916051
2014-03-25,0.015044953573297937
2014-03-26,0.00403969686832073
2014-03-27,-0.00018398610770065105
2014-03-28,0.006996582541529239
2014-03-31,0.015809084489938563
2014-04-01,0.004097950582133025
2014-04-02,0.025231708384504392
2014-04-03,0.0038500123459015434
2014-04-04,0.014906540723187423
2014-04-07,-0.01053865765747286
2014-04-08,0.01503769788617082
2014-04-09,0.02528730354911657
2014-04-10,0.00790359087189052
2014-04-11,-0.027778184775894665
2014-04-14,0.027394257506194952
2014-04-15,0.01046913247528991
2014-04-16,0.019134395020788286
2014-04-17,-0.008937235617822559
2014-04-21,0.012077761446343649
2014-04-22,0.01573852208153048
2014-04-23,0.004092131283084388
2014-04-24,0.029716709348477588
2014-04-25,-0.015358853104283754
2014-04-28,0.007882102732177598
2014-04-29,0.0016219774495507266
2014-04-30,-0.008368380030710054
2014-05-01,0.007744610277873987
2014-05-02,0.0024802903265581655
2014-05-05,-0.011523707453428567
2014-05-06,-0.00207751159905345
2014-05-07,0.004378073126720006
2014-05-08,-0.01893493699828075
2014-05-09,0.0011922910954094146
2014-05-12,0.011649882644020781
2014-05-13,-0.0015661967600303361
2014-05-14,-0.0051946124960341455
2014-05-15,-0.0002118502832483271
2014-05-16,0.00408998824385276
2014-05-19,-0.007668845090445631
2014-05-20,0.0052380263615876554
2014-05-21,0.0043568215562639345
2014-05-22,0.003808775533936659
2014-05-23,-0.0004211026481590885
2014-05-27,0.00553356569066632
2014-05-28,-0.0019508427200748413
2014-05-29,0.007010205968471794
2014-05-30,0.0023121161152708236
2014-06-02,0.0004967926353727226
2014-06-03,-0.0059467648472742995
2014-06-04,-0.004445121966642818
2014-06-05,0.0033211540333657474
2014-06-06,0.005281814689322317
2014-06-09,-0.0011899987064646345
2014-06-10,0.0041583166434535634
2014-06-11,-0.0023533012193329705
2014-06-12,0.0006219321899245678
2014-06-13,0.00549599695606906
2014-06-16,-0.0020108650886845325
2014-06-17,0.0022502386108131933
2014-06-18,0.0016332762208726148
2014-06-19,0.0011544550235360607
2014-06-20,0.0020037554209213493
2014-06-23,-0.00046554854865621387
2014-06-24,0.00022263559665547383
2014-06-25,-0.0014660981314952304
2014-06-26,0.0024708184901782726
2014-06-27,-0.0008300058148744682
2014-06-30,0.0023841698693194413
2014-07-01,0.010375875439130766
2014-07-02,0.0012778918554585683
2014-07-03,0.0062147940792207645
2014-07-07,-0.002684198910690716
2014-07-08,-0.00545032597321693
2014-07-09,0.004768326672843326
2014-07-10,-0.0240781113881976
2014-07-11,0.004428125956094098
2014-07-14,0.009558103684401686
2014-07-15,0.0003606623706895462
2014-07-16,0.008453280709581845
2014-07-17,-0.008589677469260315
2014-07-18,0.0052155157838160715
2014-07-21,0.0015672245348252734
2014-07-22,0.0026935489749184693
2014-07-23,0.006902531005460455
2014-07-24,0.027961339973602506
2014-07-25,-0.0018086196577047353
2014-07-28,6.872003931213122e-05
2014-07-29,0.00010714997706950946
2014-07-30,0.00309008818833445
2014-07-31,-0.01242801506573521
2014-08-01,-0.00036236318160776104
2014-08-04,0.0027252106262074527
2014-08-05,-0.005149563339100327
2014-08-06,-0.006299156959775121
2014-08-07,0.007052537691845107
2014-08-08,9.551669453622402e-05
2014-08-11,0.011101577363634041
2014-08-12,-0.0031895134880161047
2014-08-13,0.00501334540164966
2014-08-14,0.0016857430603831602
2014-08-15,0.004259908852305205
2014-08-18,0.005489575409965974
2014-08-19,0.002589831283758448
2014-08-20,-0.00370709867836172
2014-08-21,0.0003074466792474251
2014-08-22,-0.0018021054826441452
2014-08-25,0.005841787256429143
2014-08-26,0.0012088528001081844
2014-08-27,-0.0004385354783339457
2014-08-28,-0.0061941453476890285
2014-08-29,0.009576955212285299
2014-09-02,0.0072765535446415175
2014-09-03,0.002673260745516659
2014-09-04,0.001049041370577486
2014-09-05,0.0038213928759609495
2014-09-08,0.0014561937043506834
2014-09-09,0.0034111052116889695
2014-09-10,0.0017121045057979511
2014-09-11,-0.005471379926745068
2014-09-12,-0.002362412046607698
2014-09-15,0.005455023362340494
2014-09-16,-0.013604360710677055
2014-09-17,0.0028841113809352503
2014-09-18,0.004655474141801008
2014-09-19,0.0063135417166722
2014-09-22,0.004922493390972171
2014-09-23,-0.0050233890329114406
2014-09-24,-0.00022101327431334195
2014-09-25,-0.007874159970846062
2014-09-26,0.012349034892217725
2014-09-29,-0.0181341024378342
2014-09-30,0.004914563404573968
2014-10-01,-0.0007397004345348623
2014-10-02,0.00028570149185958016
2014-10-03,0.003474688456763353
2014-10-06,0.0004556155333070855
2014-10-07,-0.0057737646482011185
2014-10-08,8.126893205950836e-05
2014-10-09,0.0018050976236245742
2014-10-10,-0.00961111590613517
2014-10-13,0.009185605636561567
2014-10-14,0.013521882650143757
2014-10-15,-0.02049773427909074
2014-10-16,-0.029479288957031002
2014-10-17,0.02542793123895626
2014-10-20,0.0039710448595209336
2014-10-21,0.03158912654239843
2014-10-22,0.00515531422119575
2014-10-23,0.01719213177840162
2014-10-24,0.004245561577528978
2014-10-27,-0.0007130435502088472
2014-10-28,0.003426078043401004
2014-10-29,-0.02828850496097124
2014-10-30,-0.009328151961298436
2014-10-31,0.02232518538289563
2014-11-03,0.004747346409190056
2014-11-04,-0.005109140308694693
2014-11-05,0.0074049007671488365
2014-11-06,0.0029459139201655216
2014-11-07,0.004330980470490298
2014-11-10,0.00445549742379181
2014-11-11,1.69778705492174e-05
2014-11-12,-0.003961654168854412
2014-11-13,0.0035280446233108
2014-11-14,0.0010223588242284087
2014-11-17,-0.003067921117534289
2014-11-18,0.0008502683891951079
2014-11-19,-0.0012971774975695238
2014-11-20,-0.0009309087180924269
2014-11-21,0.013319175976224562
2014-11-24,0.003211137169293554
2014-11-25,0.0037542730578241645
2014-11-26,0.001466953387240011
2014-11-28,0.0032869471119720828
2014-12-01,-0.0020459533386362194
2014-12-02,-0.005214403943129997
2014-12-03,0.006655880740358722
2014-12-04,-0.00026865613544213574
2014-12-05,0.003839640718055204
2014-12-08,-0.004580426806274462
2014-12-09,-0.01905897544634383
2014-12-10,0.000510921025661748
2014-12-11,0.005549567941566691
2014-12-12,-0.010294910668488422
2014-12-15,0.008645881007010692
2014-12-16,-0.012241165215353234
2014-12-17,0.003924962065899429
2014-12-18,0.022197665885439033
2014-12-19,-0.0012395533237982148
2014-12-22,-0.010069400971325027
2014-12-23,0.004030307494536922
2014-12-24,-0.00012876061075783873
2014-12-26,0.0038875089698879872
2014-12-29,0.002747550887642669
2014-12-30,-0.0017316385290392367
2014-12-31,0.0035883801007638993
2015-01-02,0.008824096109533608
2015-01-05,-0.004758892556862904
2015-01-06,0.00474031197750735
2015-01-07,0.009914752280688832
2015-01-08,0.01228655558509617
2015-01-09,0.0061506627841023676
2015-01-12,0.005909843656170866
2015-01-13,0.013664669132969598
2015-01-14,-0.01128268789295761
2015-01-15,0.0023018959551266427
2015-01-16,0.0006211503690674025
2015-01-20,0.01067190182292932
2015-01-21,-0.0015512919079621046
2015-01-22,0.005442333632723173
2015-01-23,-0.0020633345919367496
2015-01-26,0.0010087055004051049
2015-01-27,-0.010024436945250459
2015-01-28,0.04344568407632243
2015-01-29,0.0
2015-01-30,0.0
2015-02-02,0.0
2015-02-03,3.4864997068506653e-05
2015-02-04,-0.0029824316284920993
2015-02-05,0.0072257721372281924
2015-02-06,0.0005661150700682072
2015-02-09,-0.004227507609495862
2015-02-10,0.004529091068015134
2015-02-11,0.003734060633263203
2015-02-12,0.008855449634899815
2015-02-13,0.0051722662038231615
2015-02-17,0.0012651893244974843
2015-02-18,-0.001319599195433785
2015-02-19,-0.0002694632182546064
2015-02-20,0.0007391947066623938
2015-02-23,0.003061970600254371
2015-02-24,0.00019389686167303744
2015-02-25,-0.0030624571195446704
2015-02-26,0.0016998976207951433
2015-02-27,-0.0011314630712928597
2015-03-02,0.007180534499531044
2015-03-03,-0.0015001249910587822
2015-03-04,-0.0025590345281332194
2015-03-05,0.0014994486779289495
2015-03-06,0.007688478981865643
2015-03-09,0.0067375402896945324
2015-03-10,-0.007137022915656321
2015-03-11,0.001936759842769309
2015-03-12,0.0009034032905468337
2015-03-13,-0.0005351229863596041
2015-03-16,0.0040289107402446955
2015-03-17,0.002792873861046985
2015-03-18,-0.0011490368551678731
2015-03-19,0.0024033881297451654
2015-03-20,0.012210024889187876
2015-03-23,0.0038788680842702927
2015-03-24,-0.0002848758587769007
2015-03-25,-0.0015053366367598908
2015-03-26,-0.008495686372132494
2015-03-27,0.0023491587110491263
2015-03-30,0.007353490736488277
2015-03-31,-0.0032654871543208452
2015-04-01,0.0015819518167647928
2015-04-02,0.0016032572397324252
2015-04-06,-0.0011295451048528582
2015-04-07,-3.105084792753843e-05
2015-04-08,-0.0007222084294679076
2015-04-09,-0.0003408393694162015
2015-04-10,-0.00011486858610809669
2015-04-13,5.798932108458388e-05
2015-04-14,-0.0004102832079947438
2015-04-15,0.0009211513984244135
2015-04-16,-0.0009479195281220099
2015-04-17,-0.0017170926288975208
2015-04-20,0.0004485391342849976
2015-04-21,0.0009515222218376973
2015-04-22,0.0017473034785924213
2015-04-23,-0.001963111987664079
2015-04-24,0.0005731439415919137
2015-04-27,0.0003627693916696817
2015-04-28,3.7080650993503994e-05
2015-04-29,-0.0011593281612846118
2015-04-30,-0.000260450167323234
2015-05-01,0.0007045543622741235
2015-05-04,0.0033320063020598756
2015-05-05,0.0014205199511585498
2015-05-06,0.0043674714730914665
2015-05-07,0.0033852429861611633
2015-05-08,0.008856204709297266
2015-05-11,-0.0008114739304334595
2015-05-12,-0.005567741455016151
2015-05-13,0.0014325186791421807
2015-05-14,0.009653283841415838
2015-05-15,0.004278708111069562
2015-05-18,-0.0024875748644465068
2015-05-19,0.0036171850003448025
2015-05-20,-0.000359661845918402
2015-05-21,0.001925608491711861
2015-05-22,0.001202538415408183
2015-05-26,0.00025289805728090364
2015-05-27,0.004327625686117331
2015-05-28,-0.000676842966925939
2015-05-29,-0.002112382387841505
2015-06-01,0.0010489184852082722
2015-06-02,-0.0002894374682543832
2015-06-03,0.0011875306514128603
2015-06-04,-0.0006464607522864707
2015-06-05,-0.00019358860452078908
2015-06-08,-0.00042356406695576165
2015-06-09,0.00020253108210455117
2015-06-10,0.0004167718982062141
2015-06-11,-9.349545926362612e-05
2015-06-12,-0.0008403509135052056
2015-06-15,-0.0025410177363085484
2015-06-16,-0.0005224279109455887
2015-06-17,3.229985556374437e-05
2015-06-18,0.0005986595408331574
2015-06-19,0.0007220633701570112
2015-06-22,0.00011137856783904887
2015-06-23,0.0003371525680120335
2015-06-24,5.544353687092496e-05
2015-06-25,0.0002687966367411754
2015-06-26,-0.00806472341871678
2015-06-29,-0.0018661570441648179
2015-06-30,0.0012962189705896243
2015-07-01,0.0017066056715966393
2015-07-02,0.00015185358650304792
2015-07-06,-0.0015941093602053202
2015-07-07,-0.001597277820448495
2015-07-08,-0.001715183304603296
2015-07-09,0.001972902712980673
2015-07-10,0.0016212117031724205
2015-07-13,0.0015947472665371887
2015-07-14,0.007057909028823639
2015-07-15,0.0
2015-07-16,0.0
2015-07-17,0.0
2015-07-20,0.00028106174241626647
2015-07-21,-4.919783379253584e-05
2015-07-22,-0.0034709739171790988
2015-07-23,0.0018087434697025007
2015-07-24,6.315627537456514e-05
2015-07-27,-0.0013440100352078987
2015-07-28,0.0013413534607678024
2015-07-29,0.000719940914172934
2015-07-30,-0.0012721787961802455
2015-07-31,0.0008087392964217788
2015-08-03,0.0007557360735257479
2015-08-04,0.00042714316206748926
2015-08-05,0.001051900124438676
2015-08-06,-0.00011554936253443948
2015-08-07,-0.0005057512826439625
2015-08-10,0.0004600592644012913
2015-08-11,-0.0012936039775839347
2015-08-12,-0.0021162417711593218
2015-08-13,1.5808419915330774e-06
2015-08-14,-9.691870067563002e-05
2015-08-17,-0.0017947684046512036
2015-08-18,-0.0005412900982680879
2015-08-19,-0.00066767970631465
2015-08-20,-0.002456496932735308
2015-08-21,-0.001514370595381731
2015-08-24,-0.006271645650280044
2015-08-25,0.005057223676138811
2015-08-26,0.0
2015-08-27,0.0
2015-08-28,0.0
2015-08-31,-0.0006883393978717178
2015-09-01,-0.004195296246423452
2015-09-02,0.002669681992029549
2015-09-03,0.0014424285194247766
2015-09-04,-0.0024698847838470206
2015-09-08,0.004313873208950714
2015-09-09,-0.010541785580633789
2015-09-10,0.0008329231131940507
2015-09-11,0.003671437676767919
2015-09-14,-0.002800841285558908
2015-09-15,-0.0018341380177298028
2015-09-16,-1.8054820341784072e-05
2015-09-17,0.0006641695220916954
2015-09-18,0.011498596540024941
2015-09-21,-0.0036532160150613002
2015-09-22,0.011440805283688071
2015-09-23,-0.001964910653479035
2015-09-24,0.007299734743441366
2015-09-25,-0.008326247544166665
2015-09-28,0.002706396636341868
2015-09-29,-0.0016950416233324495
2015-09-30,-0.010513390703228542
2015-10-01,-0.00313763511302656
2015-10-02,0.012387285059919817
2015-10-05,-0.00440649870676979
2015-10-06,0.0022952464753556168
2015-10-07,-0.0039020451306631676
2015-10-08,0.0031472340238705154
2015-10-09,-0.0013638293102861132
2015-10-12,-0.0003634775321352812
2015-10-13,0.0034201511505276283
2015-10-14,0.0009298189150575009
2015-10-15,-0.003034796305674492
2015-10-16,-0.001840535686903344
2015-10-19,0.0014546693085377704
2015-10-20,0.0007778386562089512
2015-10-21,-0.005480043218078712
2015-10-22,-0.006949069156562793
2015-10-23,-0.02243214202093613
2015-10-26,2.619108747370369e-05
2015-10-27,0.000376080748457186
2015-10-28,0.0015023514843195418
2015-10-29,-0.002949120505516656
2015-10-30,0.0010726033296164506
2015-11-02,0.001537926278765367
2015-11-03,-0.0016730605775036045
2015-11-04,0.003956861403636047
2015-11-05,0.01466662638613836
2015-11-06,-0.0009190460951670198
2015-11-09,-0.0043554432010035615
2015-11-10,-0.005539300094202337
2015-11-11,0.005784355336065694
2015-11-12,-0.005049029479178624
2015-11-13,-0.005056568707360709
2015-11-16,-0.003859849307247032
2015-11-17,0.004562406666819507
2015-11-18,0.006319103169370566
2015-11-19,0.003730328410874506
2015-11-20,0.010747378330624668
2015-11-23,0.0010764953392687904
2015-11-24,-0.009850213614550296
2015-11-25,0.004669126119168698
2015-11-27,0.002555740929160999
2015-11-30,0.0029517900954523224
2015-12-01,0.008263696886636751
2015-12-02,0.0016120933640464408
2015-12-03,0.004775560511258714
2015-12-04,0.0017745320909294815
2015-12-07,0.002392258121620694
2015-12-08,-0.01662401477801545
2015-12-09,-0.0012148279885441093
2015-12-10,0.0034378733032127684
2015-12-11,-0.014933298655901428
2015-12-14,0.003231199487762071
2015-12-15,0.00935920139496349
2015-12-16,0.00898784593896651
2015-12-17,0.007414616144138408
2015-12-18,-0.005293814620555115
2015-12-21,0.008354010909691123
2015-12-22,0.0047112089263079415
2015-12-23,0.004898864221136057
2015-12-24,-1.7296069279804094e-05
2015-12-28,0.0016827417314477788
2015-12-29,0.005826659654969202
2015-12-30,-0.0015339686809165975
2015-12-31,-0.0034187341191489473
2016-01-04,-0.02772411735922009
2016-01-05,0.00838316138928974
2016-01-06,-0.019108903273541533
2016-01-07,-0.02072705175564915
2016-01-08,0.01267309341983669
2016-01-11,0.00502687857787687
2016-01-12,0.011766420937741051
2016-01-13,0.009107894090496282
2016-01-14,0.002908540702993845
2016-01-15,-0.03731366613683562
2016-01-19,0.014192786768564947
2016-01-20,-0.020044352291859746
2016-01-21,0.005068547523642053
2016-01-22,0.006196567740109904
2016-01-25,0.004668450758377851
2016-01-26,0.002809886356225366
2016-01-27,0.007650858405220395
2016-01-28,0.04504210882027837
2016-01-29,-0.0007548888975891233
2016-02-01,0.004443023354582243
2016-02-02,0.003519750305647662
2016-02-03,-0.002984827703629289
2016-02-04,0.002405165253113184
2016-02-05,0.0028732799769433104
2016-02-08,0.014442454442200825
2016-02-09,0.010005029465024018
2016-02-10,-0.009289479579061455
2016-02-11,0.009072867058903311
2016-02-12,-0.007858027288904723
2016-02-16,-0.01132899754904515
2016-02-17,-0.006442928566721018
2016-02-18,0.00018836688542411828
2016-02-19,0.003478826387236955
2016-02-22,-0.006977765631369981
2016-02-23,0.004860273187596631
2016-02-24,0.009048553221667754
2016-02-25,-0.000903234426460453
2016-02-26,-0.005012969645266985
2016-02-29,0.001167630062255176
2016-03-01,-0.007445157086815368
2016-03-02,0.0008018258991457916
2016-03-03,0.0013134189315664457
2016-03-04,0.0016054847950093265
2016-03-07,0.002980500559089494
2016-03-08,0.005571888976088957
2016-03-09,-0.0022930057433860895
2016-03-10,-0.0037222154399927376
2016-03-11,-0.008104431579144755
2016-03-14,0.0017755828661585316
2016-03-15,0.003211090801497507
2016-03-16,0.0017214057911412173
2016-03-17,0.002907188413381112
2016-03-18,-0.0016559628511310098
2016-03-21,0.002022935003499926
2016-03-22,0.003954554076786909
2016-03-23,0.0011808147431886518
2016-03-24,0.004419375121981206
2016-03-28,-0.0020286843274684996
2016-03-29,0.0012063412287930397
2016-03-30,-0.00479219704767464
2016-03-31,0.0004458617377467444
2016-04-01,0.003880979342755886
2016-04-04,-0.0026393102545776426
2016-04-05,-0.0010460664283901133
2016-04-06,-0.0007504418286632397
2016-04-07,0.0013173069571428275
2016-04-08,0.000613282546090721
2016-04-11,-0.00011702673796198937
2016-04-12,0.002339376013878791
2016-04-13,0.009711234875585228
2016-04-14,0.0003271675192288992
2016-04-15,-8.917056818391611e-05
2016-04-18,-0.0008418131746682489
2016-04-19,0.0040862882724623795
2016-04-20,0.002396792465604758
2016-04-21,0.0008907788442193976
2016-04-22,-0.022932140812463864
2016-04-25,-0.00422925208254088
2016-04-26,0.003341458465556002
2016-04-27,-0.00495412035200371
2016-04-28,0.02940574226821724
2016-04-29,0.014182505810030888
2016-05-02,0.004402050164806992
2016-05-03,-0.010186596010478
2016-05-04,-0.00805865043569165
2016-05-05,0.004790117067170918
2016-05-06,-0.0042398560931199425
2016-05-09,0.0009574023935294829
2016-05-10,0.0072819687979428505
2016-05-11,-0.0011007650903654964
2016-05-12,0.005029192739463673
2016-05-13,0.0004665548011659748
2016-05-16,-0.0010923315812109147
2016-05-17,-0.00033367658871752415
2016-05-18,-0.002991367757912311
2016-05-19,-0.002731218735187113
2016-05-20,0.004408692041911744
2016-05-23,0.0009952232443750653
2016-05-24,0.002988495082571152
2016-05-25,0.003299773284329177
2016-05-26,0.0025612949008706476
2016-05-27,0.0008575122511740307
2016-05-31,0.0003002009743469092
2016-06-01,-0.001782863608101204
2016-06-02,-0.000493694567331393
2016-06-03,0.0002588256336608641
2016-06-06,0.0006754555226142767
2016-06-07,0.002758627562223115
2016-06-08,0.0001910187898566118
2016-06-09,-0.004895294821121832
2016-06-10,-0.010026525122105223
2016-06-13,-0.005311179585802739
2016-06-14,0.0008954091085175975
2016-06-15,0.0027687842650707672
2016-06-16,-0.0038445092081991206
2016-06-17,0.0003423297135143333
2016-06-20,0.012395323043212558
2016-06-21,0.003624714400698892
2016-06-22,-0.005335765418198357
2016-06-23,0.007153596426654252
2016-06-24,-0.04119450088084453
2016-06-27,-0.008399860745264887
2016-06-28,0.013380175868052735
2016-06-29,0.010204311907352714
2016-06-30,0.003311384852781485
2016-07-01,-0.004060195229639518
2016-07-05,-0.004782081441462638
2016-07-06,-0.004296688310577834
2016-07-07,0.0007811407408946369
2016-07-08,0.006296792360347858
2016-07-11,0.005506951257173487
2016-07-12,0.006039507028215763
2016-07-13,0.0020876435834547014
2016-07-14,0.007261633948755231
2016-07-15,0.0039371861254444696
2016-07-18,0.002680437646113365
2016-07-19,-0.0036366686420096217
2016-07-20,0.005758272578437307
2016-07-21,0.0010741701972578621
2016-07-22,0.001749190238900411
2016-07-25,0.0036952011788558004
2016-07-26,0.004654534400211796
2016-07-27,0.005434258698603589
2016-07-28,0.006989728045742716
2016-07-29,0.0029706064386973985
2016-08-01,0.0010828790556309809
2016-08-02,-0.001924765473428569
2016-08-03,-0.0027748046798503623
2016-08-04,0.0011067884082704982
2016-08-05,0.010043646955057994
2016-08-08,0.0006352836198753042
2016-08-09,0.002729544583075949
2016-08-10,0.00023339478276107606
2016-08-11,0.0032388194843788742
2016-08-12,-0.0008207516621083766
2016-08-15,0.0020802175466698714
2016-08-16,-0.001695398931408909
2016-08-17,0.00045636361035250594
2016-08-18,0.0004986867527716488
2016-08-19,-0.0002519660303601512
2016-08-22,-0.0009267102152664686
2016-08-23,0.00534820697183136
2016-08-24,0.0004440117506856467
2016-08-25,-0.0009603996011925409
2016-08-26,0.002138116282645708
2016-08-29,0.0009545962879997649
2016-08-30,0.0010333240168929336
2016-08-31,-0.0015196444653130525
2016-09-01,0.0012911565296538363
2016-09-02,0.005016097091262051
2016-09-06,0.0021627116263638335
2016-09-07,-0.00025490699106700543
2016-09-08,-0.002647190749648587
2016-09-09,-0.007294204087832434
2016-09-12,-0.006687542818310632
2016-09-13,-0.005789165413273012
2016-09-14,-0.0010119247327348146
2016-09-15,0.0006362110927344844
2016-09-16,0.0036107252864245876
2016-09-19,0.004971511549498375
2016-09-20,0.004541629969500471
2016-09-21,0.004832799754123096
2016-09-22,0.0060192463839798815
2016-09-23,-0.0047124572311315616
2016-09-26,-0.005661200970267344
2016-09-27,0.0014700542128942562
2016-09-28,0.0028849332823761564
2016-09-29,-0.0005143188292833223
2016-09-30,0.003611903042136433
2016-10-03,-0.0014501630744163663
2016-10-04,0.0033209899912309826
2016-10-05,0.0032996598449095416
2016-10-06,-0.0015162930697669719
2016-10-07,0.002530267406624098
2016-10-10,0.005081150814541413
2016-10-11,-0.001995746319967018
2016-10-12,0.00123677118263954
2016-10-13,-0.007806297517105598
2016-10-14,0.00793915986596927
2016-10-17,0.0005864139906841537
2016-10-18,0.011491724767059841
2016-10-19,-0.002450328703361482
2016-10-20,-0.0039179577104773156
2016-10-21,-0.00430080770236696
2016-10-24,0.006563390165769123
2016-10-25,-0.0002490982194174318
2016-10-26,-0.0023826054780724526
2016-10-27,0.009687219022503468
2016-10-28,-0.00796845569366944
2016-10-31,0.005254858070802282
2016-11-01,0.004477058462487138
2016-11-02,-0.0008399125249716199
2016-11-03,0.0034968642422337215
2016-11-04,-0.00982028768583909
2016-11-07,0.020566897366922188
2016-11-08,-0.0005573142833165123
2016-11-09,-0.024968617877046406
2016-11-10,0.0053990104741601375
2016-11-11,0.004573769723094756
2016-11-14,0.00020235760017839333
2016-11-15,0.007785675964984806
2016-11-16,-0.0008885741193402907
2016-11-17,0.0031410317846407576
2016-11-18,0.0007702382187289025
2016-11-21,0.0038528469558440914
2016-11-22,0.0033845152365712394
2016-11-23,-0.0019821879201740167
2016-11-25,2.2905363751046792e-05
2016-11-28,-0.0018218785291662654
2016-11-29,-0.001294837582787034
2016-11-30,0.001957485044092655
2016-12-01,-0.000989276541229156
2016-12-02,-0.0044408816222656355
2016-12-05,0.006871850802949497
2016-12-06,0.004851312824549092
2016-12-07,0.00010768046829823241
2016-12-08,0.0028293014838509656
2016-12-09,0.005231422890341841
2016-12-12,-0.004963770842232651
2016-12-13,0.005578314426613495
2016-12-14,-0.0004957072198935597
2016-12-15,0.0020935593575539535
2016-12-16,0.0058352078161652
2016-12-19,0.0012553247793472
2016-12-20,0.00694380192423627
2016-12-21,0.001446667918316269
2016-12-22,0.006296837028310742
2016-12-23,-0.004125109132592009
2016-12-27,0.004406760532912557
2016-12-28,0.005519413326062317
2016-12-29,-0.008149171354724816
2016-12-30,0.0024692938649162333
2017-01-03,0.0024071425374807554
2017-01-04,0.0027298151116783576
2017-01-05,-0.0005089259760506781
2017-01-06,0.0029151134910512244
2017-01-09,0.000934611264255425
2017-01-10,0.0017432623582938067
2017-01-11,-0.0015102221950720196
2017-01-12,-0.005693888760744281
2017-01-13,0.000977672630701365
2017-01-17,-0.004301220549567719
2017-01-18,-0.0015273405963779352
2017-01-19,0.004258287473625
2017-01-20,0.005971975405960173
2017-01-23,-0.0022181651186592433
2017-01-24,0.0024804990177653696
2017-01-25,0.009756640730724131
2017-01-26,0.004848150253481176
2017-01-27,0.00479259651482522
2017-01-30,-0.005690871896752436
2017-01-31,-0.005396514481980752
2017-02-01,0.016962003908124634
2017-02-02,-0.002956646262650686
2017-02-03,-0.005351367039610699
2017-02-06,-0.0009005395328600674
2017-02-07,0.0054877594206563796
2017-02-08,-0.0005803966010150541
2017-02-09,0.0048722863915320325
2017-02-10,0.009509124834411686
2017-02-13,0.004578704342754758
2017-02-14,-0.002450965206739819
2017-02-15,-0.001284410606838593
2017-02-16,0.0011959205304865606
2017-02-17,-0.0038393799814396834
2017-02-21,0.005171260969495384
2017-02-22,0.0019092144938259725
2017-02-23,-0.006332186036146381
2017-02-24,-0.010582149328151158
2017-02-27,-0.0027618062269821886
2017-02-28,0.0027380020732821198
2017-03-01,0.01404199261972372
2017-03-02,-0.0016591461148679487
2017-03-03,-0.001988095340330287
2017-03-06,-0.0054152514064219615
2017-03-07,-0.0010435606657189789
2017-03-08,0.0026546056961753717
2017-03-09,-0.000748503030689518
2017-03-10,0.006632807915291528
2017-03-13,0.004378548188893383
2017-03-14,-0.0021463810000977857
2017-03-15,0.0009125876872413397
2017-03-16,0.0036586782927618966
2017-03-17,0.003954381587366829
2017-03-20,0.0025900449760740685
2017-03-21,0.0022515145751098586
2017-03-22,-0.0006227033264826209
2017-03-23,-0.0011605526871483196
2017-03-24,0.01349022026666269
2017-03-27,-0.011413026087009781
2017-03-28,0.002203521624497773
2017-03-29,0.00020755468598521176
2017-03-30,0.0006341405449439286
2017-03-31,-0.0007819873675998235
2017-04-03,0.002808846549449351
2017-04-04,-0.00910794296346984
2017-04-05,0.0007032003612346127
2017-04-06,-0.0017653326764737187
2017-04-07,-0.00015538423495431442
2017-04-10,0.002892134753545328
2017-04-11,-0.0029616447336370255
2017-04-12,-0.00125604026686843
2017-04-13,-0.002252009467560434
2017-04-17,0.004161855176525009
2017-04-18,-0.004791146215238795
2017-04-19,0.0066364594804149135
2017-04-20,0.006394250686166059
2017-04-21,-0.0007030957459384091
2017-04-24,0.01253390947848998
2017-04-25,0.004722193367951544
2017-04-26,-0.0010788201309862577
2017-04-27,0.003989757418895401
2017-04-28,0.004045190565219681
2017-05-01,0.005088386692149172
2017-05-02,-0.005068142389511143
2017-05-03,-0.0037815957109638143
2017-05-04,-0.0008448050264170393
2017-05-05,0.0033288814842187264
2017-05-08,0.00045095222319990746
2017-05-09,0.0039407696290656435
2017-05-10,0.008220665859464571
2017-05-11,-0.004942910974969905
2017-05-12,0.004159581541389734
2017-05-15,-0.0003641262246996124
2017-05-16,0.006068159015768959
2017-05-17,-0.016765723660707055
2017-05-18,0.0020552869413186237
2017-05-19,0.011718389355178438
2017-05-22,0.007756435152117325
2017-05-23,0.0038243251809899625
2017-05-24,0.009125779933006006
2017-05-25,0.0066096577442451565
2017-05-26,-0.0004230929438546749
2017-05-30,0.0024351204142050165
2017-05-31,0.007489514060285085
2017-06-01,0.00434814255663607
2017-06-02,0.0025116970505083547
2017-06-05,-0.0015849132148467726
2017-06-06,-0.0021673729698271638
2017-06-07,0.006220862953410622
2017-06-08,0.012515060300843484
2017-06-09,0.011623535453093803
2017-06-12,-0.014607561819977355
2017-06-13,0.01901541144321195
2017-06-14,0.006392925784575176
2017-06-15,-0.02394109502948194
2017-06-16,0.01081564117636935
2017-06-19,0.018406343512351153
2017-06-20,0.008402145734500932
2017-06-21,0.010095595690750025
2017-06-22,0.002310337034197696
2017-06-23,-0.00029155331728714096
2017-06-26,0.008681816776053397
2017-06-27,-0.005726922319161831
2017-06-28,0.010802512784088725
2017-06-29,-0.008160914363806393
2017-06-30,0.007290465282524972
2017-07-03,0.009128043004944297
2017-07-05,0.005176036526722827
2017-07-06,-0.01253179634079249
2017-07-07,0.00900395228616313
2017-07-10,0.006644462303610377
2017-07-11,-0.0004948430174065432
2017-07-12,0.010710647095203862
2017-07-13,0.0012803393364282378
2017-07-14,0.0025202636655139443
2017-07-17,0.0024730931058221106
2017-07-18,-0.0037171047550516034
2017-07-19,0.004678763050816048
2017-07-20,0.0034490876182324826
2017-07-21,-0.0052063374376568605
2017-07-24,0.0023140665117478143
2017-07-25,-0.0007117004869461319
2017-07-26,0.00933708046330306
2017-07-27,0.008554202552299772
2017-07-28,-0.009710153291977441
2017-07-31,0.0023682982161949973
2017-08-01,0.003258125443354576
2017-08-02,0.005438983064113723
2017-08-03,0.01082233906585195
2017-08-04,0.0017600860061388612
2017-08-07,0.003913797430697974
2017-08-08,0.0029800809098650127
2017-08-09,-0.013871627344806181
2017-08-10,-0.007731578113937432
2017-08-11,-0.004885170893830559
2017-08-14,0.015528128842271949
2017-08-15,0.005148453323892133
2017-08-16,0.002670488941642013
2017-08-17,-0.003845057252647721
2017-08-18,0.0044677338839349545
2017-08-21,0.0007105450213578113
2017-08-22,0.006606297922409521
2017-08-23,-0.0076196894852900154
2017-08-24,0.003449386883939365
2017-08-25,0.0038539389377918454
2017-08-28,0.002831985656398528
2017-08-29,-0.012080678940992517
2017-08-30,0.003223521002768015
2017-08-31,0.0032294241345860453
2017-09-01,0.0036600163605415847
2017-09-05,-0.005516892443535815
2017-09-06,0.003935669629673733
2017-09-07,0.002923401793372804
2017-09-08,-0.0017575301430954315
2017-09-11,0.011420746119488623
2017-09-12,0.004633263164346646
2017-09-13,-0.0017658828029936124
2017-09-14,-0.00450085131642286
2017-09-15,0.0022496965964844406
2017-09-18,0.006480279828473989
2017-09-19,0.00012795550554534074
2017-09-20,-0.001308799884629619
2017-09-21,-0.003965183089768676
2017-09-22,-0.005918425853829845
2017-09-25,-0.006198299896547632
2017-09-26,0.012800640340847158
2017-09-27,0.013907353513268328
2017-09-28,-0.0006682594833222755
2017-09-29,0.004717612794172155
2017-10-02,0.004825043385865646
2017-10-03,-0.0012065952519010326
2017-10-04,0.0003274138297353346
2017-10-05,0.00447655948527359
2017-10-06,-0.00518586674959054
2017-10-09,0.0006812159876390389
2017-10-10,0.01072694213903902
2017-10-11,-0.0010408667384208536
2017-10-12,-0.0009985939985576175
2017-10-13,0.007706771094472709
2017-10-16,0.004506353553767495
2017-10-17,-0.0017529886218277113
2017-10-18,0.0033527086104891968
2017-10-19,-0.007083339562463431
2017-10-20,0.007356987623827971
2017-10-23,0.004543855211102343
2017-10-24,0.0021325385691348675
2017-10-25,-0.002720207653697182
2017-10-26,0.0041563662749917185
2017-10-27,0.01612750890137571
2017-10-30,-0.001463356565485907
2017-10-31,0.002683834895734094
2017-11-01,0.006021269111696981
2017-11-02,-0.003791472253464212
2017-11-03,0.002386321080114051
2017-11-06,0.0003127941972547177
2017-11-07,0.002028088239768522
2017-11-08,-0.00026926896144974233
2017-11-09,-0.010017033414410736
2017-11-10,0.001709172879383214
2017-11-13,-0.004636406102874413
2017-11-14,-0.0017751518940714028
2017-11-15,-0.007987263756089713
2017-11-16,0.007562070635106943
2017-11-17,0.003190741735805247
2017-11-20,0.00174015552725848
2017-11-21,0.007060354154460491
2017-11-22,0.0018698605028493187
2017-11-24,0.001894126248839001
2017-11-27,-0.0008421591564379272
2017-11-28,0.0040690961729350494
2017-11-29,-0.00302088555797575
2017-11-30,0.007558826319702838
2017-12-01,-0.006877942893592781
2017-12-04,0.008726367482396746
2017-12-05,-0.006490508880690804
2017-12-06,-0.005739149943860267
2017-12-07,0.007952705998668375
2017-12-08,0.010684719916862706
2017-12-11,0.0018415760282153304
2017-12-12,-0.0037982841813650747
2017-12-13,0.005219071054860969
2017-12-14,0.0012155685264616523
2017-12-15,0.005801866483218454
2017-12-18,0.009273214066510382
2017-12-19,-0.00036871997287757363
2017-12-20,0.010970020610087339
2017-12-21,0.0005186954338514127
2017-12-22,-0.002928113475239802
2017-12-26,-0.006980065985619621
2017-12-27,0.0011170766553769695
2017-12-28,0.004459320849500958
2017-12-29,-0.00033623185002140676
2018-01-02,0.008096037329774042
2018-01-03,0.004717879547533554
2018-01-04,0.004767740571043566
2018-01-05,0.003387448657746317
2018-01-08,0.0012929367464216135
2018-01-09,0.0024472917287192697
2018-01-10,-0.009402426940564146
2018-01-11,0.003751079929662504
2018-01-12,0.0015586204713069485
2018-01-16,0.00908770468987341
2018-01-17,0.005219272786499696
2018-01-18,-0.00019466922209121496
2018-01-19,0.005842513812704064
2018-01-22,-0.00032321111086786036
2018-01-23,0.014262076375601618
2018-01-24,0.0009444975616499374
2018-01-25,0.009619136628257419
2018-01-26,0.012046162017858464
2018-01-29,-0.001978337829637744
2018-01-30,-0.015846866307776764
2018-01-31,0.01087030120003396
2018-02-01,-0.012534008779153116
2018-02-02,0.01087212497250789
2018-02-05,-0.01730616431657639
2018-02-06,-0.01996955448650617
2018-02-07,0.0011920271007397343
2018-02-08,0.009253134537487107
2018-02-09,0.027732820393180813
2018-02-12,0.01535039230992985
2018-02-13,-0.0032648881036889676
2018-02-14,-0.0051886561988440105
2018-02-15,0.011704609614263672
2018-02-16,-0.003670174700926121
2018-02-20,-0.001229154846190017
2018-02-21,0.01052274105399209
2018-02-22,0.007573873754215921
2018-02-23,0.009331263217078556
2018-02-26,0.0073742737183852825
2018-02-27,-0.0007883490648633584
2018-02-28,0.004937072982671431
2018-03-01,0.00032336267651333905
2018-03-02,-0.017458398311194112
2018-03-05,-0.004538495210795523
2018-03-06,0.011754421587524932
2018-03-07,-0.011490693202593216
2018-03-08,0.00513055755596703
2018-03-09,0.00872166991770884
2018-03-12,0.009673851091152486
2018-03-13,0.014058840050272803
2018-03-14,0.005051087440442137
2018-03-15,0.002751486453147045
2018-03-16,0.004983147509079577
2018-03-19,-0.008516407196323517
2018-03-20,0.0014872070064482212
2018-03-21,-0.0002830998703060583
2018-03-22,-0.012378737025443454
2018-03-23,-0.003811243884910831
2018-03-26,0.025006125416483505
2018-03-27,0.00727525666492479
2018-03-28,-0.015342210936838407
2018-03-29,0.00023284783742560933
2018-04-02,-0.01421178962815628
2018-04-03,0.016858281678015175
2018-04-04,-0.03280621860533384
2018-04-05,0.00953239371503578
2018-04-06,-0.019904267354392102
2018-04-09,0.01292103604656858
2018-04-10,0.025706766969633588
2018-04-11,0.0004428660982513932
2018-04-12,0.011993274440366353
2018-04-13,0.00882928335736377
2018-04-16,0.007865556421037034
2018-04-17,0.019660107085525125
2018-04-18,-0.0001349721347867483
2018-04-19,-0.0028731659827172518
2018-04-20,0.0004038384345290691
2018-04-23,0.007822391983781207
2018-04-24,0.00927183597263892
2018-04-25,0.00010977072101825414
2018-04-26,0.019053695087913214
2018-04-27,0.04072389522688913
2018-04-30,0.0
2018-05-01,0.0
2018-05-02,0.0
2018-05-03,-0.00011299794006103259
2018-05-04,-0.0014319956479124096
2018-05-07,0.0030482149612125475
2018-05-08,-0.000350714323824608
2018-05-09,0.0009142324902244869
2018-05-10,0.0018909696682933852
2018-05-11,-0.003929781108060637
2018-05-14,0.003342428581176504
2018-05-15,-0.0005763521781448899
2018-05-16,0.0019617144861452385
2018-05-17,-0.0010404970273026892
2018-05-18,-0.00014268209179535418
2018-05-21,0.007035547074839776
2018-05-22,0.005642207294193735
2018-05-23,-0.0015772396792902432
2018-05-24,0.00011065345321248365
2018-05-25,-0.0006009696335966819
2018-05-29,-0.0010015638692844053
2018-05-30,0.0029348168005634
2018-05-31,-0.006534192319491039
2018-06-01,0.003985790947225176
2018-06-04,0.0002490441483129491
2018-06-05,0.004160868874176549
2018-06-06,0.0004934887080987327
2018-06-07,0.0005783690083192017
2018-06-08,-0.0076905027067084575
2018-06-11,0.00014144344048871993
2018-06-12,0.003955835859510648
2018-06-13,0.0015129596983445293
2018-06-14,0.0069476744409651126
2018-06-15,-0.006543152001418084
2018-06-18,-0.007764474352173978
2018-06-19,-0.011438923822690628
2018-06-20,0.009079903678077539
2018-06-21,0.010340663732022914
2018-06-22,0.005629782045918796
2018-06-25,-0.012879368999083374
2018-06-26,0.009771596334495536
2018-06-27,0.008629484819030697
2018-06-28,0.001687894371335874
2018-06-29,0.007979323638040325
2018-07-02,-0.011119351936727195
2018-07-03,0.004570376766480866
2018-07-05,0.008513290877100399
2018-07-06,-0.0014178814812414453
2018-07-09,0.010018082917413684
2018-07-10,0.001167719087421526
2018-07-11,-0.010282868550425484
2018-07-12,0.004322193936835861
2018-07-13,-0.00021378459628718094
2018-07-16,0.0033279391619664977
2018-07-17,-0.02828012296622595
2018-07-18,0.0026774300486904767
2018-07-19,-0.005635274870034679
2018-07-20,0.005338529673220016
2018-07-23,-0.004402309043181063
2018-07-24,0.010058277547019934
2018-07-25,0.00045434844273462005
2018-07-26,-0.004084657776035616
2018-07-27,0.012596416829164792
2018-07-30,0.0006724945415592654
2018-07-31,0.0023079476716871827
2018-08-01,0.00042630322631365125
2018-08-02,-0.00543388285096591
2018-08-03,0.0027788103042516443
2018-08-06,0.0005986012280980724
2018-08-07,0.003795054802971043
2018-08-08,-0.0010666670336431094
2018-08-09,0.0009776782121184713
2018-08-10,-0.005554196825559132
2018-08-13,0.0016035893444150684
2018-08-14,0.007506232740121854
2018-08-15,-0.006582074737447319
2018-08-16,0.009878143673239803
2018-08-17,-0.004511298588728674
2018-08-20,0.001545556953238103
2018-08-21,0.00445325255754736
2018-08-22,-0.00262931218555007
2018-08-23,0.0015337692580188467
2018-08-24,0.007490661534409915
2018-08-27,0.01028518088337993
2018-08-28,0.005005832595350146
2018-08-29,0.0005923765015376503
2018-08-30,-0.0020004064253508202
2018-08-31,0.0018664625934219359
2018-09-04,0.002219286372048268
2018-09-05,0.0037073193372445523
2018-09-06,-0.0030894466224404837
2018-09-07,-0.003625004509400065
2018-09-10,0.004435289404651543
2018-09-11,-0.00232267197641578
2018-09-12,-0.005091528732482531
2018-09-13,0.006924205403545436
2018-09-14,0.006730308689363973
2018-09-17,-0.005947876295552934
2018-09-18,0.0038716597582184598
2018-09-19,-0.0018144644722717373
2018-09-20,0.00542896619409694
2018-09-21,-0.00181255851772133
2018-09-24,-0.0005624318264780825
2018-09-25,0.004126501726545717
2018-09-26,-0.0018282510078221348
2018-09-27,-0.0014823651169176832
2018-09-28,-0.0012168330579839237
2018-10-01,0.000506088879388189
2018-10-02,-0.003802505814020307
2018-10-03,0.0038825294456901194
2018-10-04,-0.005632615635892568
2018-10-05,0.0013311032489045083
2018-10-08,-0.010681983808560558
2018-10-09,-0.0025965238424431325
2018-10-10,-0.004897629117434299
2018-10-11,-0.01026235175835255
2018-10-12,0.04253724786285229
2018-10-15,0.0
2018-10-16,0.0
2018-10-17,0.0
2018-10-18,-0.009076348043353222
2018-10-19,0.010083328752974241
2018-10-22,0.008822618731260334
2018-10-23,-0.026951259279391904
2018-10-24,0.0005078686677990607
2018-10-25,-0.0015309173533976095
2018-10-26,-0.04775624816819801
2018-10-29,0.013196396511806707
2018-10-30,-0.021261440087033012
2018-10-31,0.026894943868978505
2018-11-01,0.010561622400648174
2018-11-02,0.0010690742888828098
2018-11-05,-0.0013198186208717155
2018-11-06,-0.0020857816544961327
2018-11-07,0.00556483283007414
2018-11-08,-0.0021636670071660813
2018-11-09,-0.004966956212376306
2018-11-12,-0.005236824478355384
2018-11-13,0.0034126863428922682
2018-11-14,0.0072112119561316135
2018-11-15,0.001473282592471925
2018-11-16,-0.019572000372654608
2018-11-19,0.002117604166422149
2018-11-20,0.0030714910278295537
2018-11-21,-0.0030176434289401755
2018-11-23,0.0074620193078316355
2018-11-26,-0.012763315583912194
2018-11-27,0.004506070946755258
2018-11-28,0.00024188970182059677
2018-11-29,0.002364920783654023
2018-11-30,-0.0018092399773619317
2018-12-03,-0.006634714741577619
2018-12-04,0.004665043424201043
2018-12-06,0.01826424272238425
2018-12-07,0.004278835674880854
2018-12-10,-0.0007777867747819078
2018-12-11,-0.0077473897646184176
2018-12-12,-0.010142962346180062
2018-12-13,-0.0024584884518058514
2018-12-14,0.007243918215528389
2018-12-17,0.00315023341218712
2018-12-18,-0.0038941581057275743
2018-12-19,-0.002164486181825298
2018-12-20,0.0026779975518522736
2018-12-21,-0.0011463526673162194
2018-12-24,0.0018668513191393288
2018-12-26,-0.006599016822316006
2018-12-27,0.0066438184274431045
2018-12-28,-0.003655044325106216
2018-12-31,-0.005310684899425544
2019-01-02,0.013016189453194382
2019-01-03,0.007659523356913445
2019-01-04,-0.008928120164132691
2019-01-07,0.002785358774289204
2019-01-08,-0.0032248094237899982
2019-01-09,0.0008555586397829273
2019-01-10,0.004351762893267663
2019-01-11,0.003162308970775296
2019-01-14,0.003699710520275179
2019-01-15,-0.0015661850766064411
2019-01-16,-0.0008679501502839582
2019-01-17,0.0009480194221829219
2019-01-18,-0.0036476564777208065
2019-01-22,0.0035002579434544323
2019-01-23,-0.0014390070525681642
2019-01-24,0.0023549124748112327
2019-01-25,-0.005806399864027534
2019-01-28,-0.009934917547807398
2019-01-29,-0.0007567248340638599
2019-01-30,0.001101105252462764
2019-01-31,-0.005030004536166532
2019-02-01,0.004548087749531193
2019-02-04,-0.0007079078969547403
2019-02-05,0.00027540457034147536
2019-02-06,0.003298404256625087
2019-02-07,-0.0008179471095790536
2019-02-08,-0.005337823520134122
2019-02-11,0.0031709272419480072
2019-02-12,0.002054380827659852
2019-02-13,-0.0014290908282772463
2019-02-14,-0.0012822410238376714
2019-02-15,-0.0005948526946578658
2019-02-19,-0.0007958815374161654
2019-02-20,0.002325642309343623
2019-02-21,0.0016344092635711682
2019-02-22,0.003426764592544762
2019-02-25,0.0017731038124804144
2019-02-26,-0.0007188490487061161
2019-02-27,0.0015806061934482418
2019-02-28,-0.00024391093917042195
2019-03-01,0.003121285773900029
2019-03-04,-0.00015792614478848943
2019-03-05,-0.0011014521761397722
2019-03-06,0.0003385957598114331
2019-03-07,-0.0006264546380946312
2019-03-08,-0.00984506869383106
2019-03-11,0.002893357522678164
2019-03-12,0.00023279892633176757
2019-03-13,0.0020854383533464027
2019-03-14,0.0011314081026339018
2019-03-15,0.0008709290449560037
2019-03-18,0.0010989888319969943
2019-03-19,0.0032026251766843483
2019-03-20,0.001679442737186898
2019-03-21,-0.0018114640052093733
2019-03-22,-0.004745405351526455
2019-03-25,-0.0042303300650263775
2019-03-26,0.008792619969856919
2019-03-27,0.0007977654899848918
2019-03-28,0.005414816609245809
2019-03-29,0.005926508976543454
2019-04-01,0.010200682555494778
2019-04-02,-7.197022642713158e-05
2019-04-03,0.005574547551381981
2019-04-04,-0.008833479016400858
2019-04-05,0.003162790488732359
2019-04-08,-0.000741880850627874
2019-04-09,-0.004642425039893983
2019-04-10,0.0026850317252109512
2019-04-11,-0.0011612962842891816
2019-04-12,0.002397972932584924
2019-04-15,0.00045345226669502026
2019-04-16,0.004030204676708005
2019-04-17,0.005395822668733619
2019-04-18,0.0014415280977819744
2019-04-22,-0.003570963818257944
2019-04-23,-4.607736131223561e-05
2019-04-24,0.0008735004114952538
2019-04-25,0.0030955529013374505
2019-04-26,-0.004070361338547435
2019-04-29,3.277324240480439e-05
2019-04-30,7.112844907619653e-05
2019-05-01,0.0024219522458446274
2019-05-02,0.0005909747551624545
2019-05-03,0.011963055769474762
2019-05-06,-0.027223105298309958
2019-05-07,-0.009544895783663465
2019-05-08,-0.0038829891411650275
2019-05-09,-0.012118109076680095
2019-05-10,-0.0036354629777219927
2019-05-13,-0.03084019417224937
2019-05-14,0.007687279183626883
2019-05-15,-0.006111295270221029
2019-05-16,-0.0003759683816590975
2019-05-17,-0.010460923745079231
2019-05-20,-0.017368542498535477
2019-05-21,0.013183438275538473
2019-05-22,-0.01077489732756487
2019-05-23,-0.015034407570956532
2019-05-24,0.008353351294657863
2019-05-28,0.006904772799509296
2019-05-29,-0.006424313063636
2019-05-30,0.003468777441655302
2019-05-31,-0.014256717974853172
2019-06-03,0.001421217583476464
2019-06-04,0.0046685956833063535
2019-06-05,0.003906245665088681
2019-06-06,0.001309833077301592
2019-06-07,0.0008996968947039274
2019-06-10,0.005871053553573757
2019-06-11,0.004202184762867489
2019-06-12,-0.0032511971422963803
2019-06-13,0.0016623098850747642
2019-06-14,-0.007476117620838552
2019-06-17,-0.0005020581821063574
2019-06-18,0.0037268793763607366
2019-06-19,0.0017144759095046869
2019-06-20,0.00582555474973856
2019-06-21,-0.0017678733375238176
2019-06-24,0.0012470317479129633
2019-06-25,0.00024421203353131027
2019-06-26,0.009046995276379421
2019-06-27,0.0
2019-06-28,0.0
2019-07-01,0.0
2019-07-02,-0.0013155077015516436
2019-07-03,0.0009476097530456418
2019-07-05,-0.00796500148188084
2019-07-08,-0.0054367833282581435
2019-07-09,-0.004676124065748799
2019-07-10,0.007067263448518268
2019-07-11,0.004122174364263431
2019-07-12,0.000856806616188921
2019-07-15,0.002906609111777758
2019-07-16,-0.0020266729303630715
2019-07-17,0.0018538403615331323
2019-07-18,-0.011012211680746953
2019-07-19,0.0077883209941163045
2019-07-22,0.005503090532884336
2019-07-23,0.005012802257493343
2019-07-24,-0.003930839802330999
2019-07-25,-0.001745467045824567
2019-07-26,-0.0007628450317310742
2019-07-29,-0.0026100907343354907
2019-07-30,-0.008082012047667897
2019-07-31,-0.004275087592991111
2019-08-01,0.0022600173480451513
2019-08-02,-0.008085371472470015
2019-08-05,-0.025274909968238557
2019-08-06,0.013186319830198912
2019-08-07,-0.009589497269153924
2019-08-08,0.012895262524795337
2019-08-09,-0.006351884454817602
2019-08-12,-0.007402535540347643
2019-08-13,0.001289402884717239
2019-08-14,-0.02215690330440445
2019-08-15,0.003304199569561961
2019-08-16,0.014055327171395016
2019-08-19,0.018990435978997633
2019-08-20,-0.0017400870623195397
2019-08-21,0.011304152447733307
2019-08-22,0.002545987681880968
2019-08-23,-0.009631149458189103
2019-08-26,0.014665257514025587
2019-08-27,0.008091391420000704
2019-08-28,-0.0045423490887630535
2019-08-29,0.01506559513383543
2019-08-30,0.006929215591493065
2019-09-03,-0.010002564692677685
2019-09-04,0.013040377943454251
2019-09-05,0.01596160360811827
2019-09-06,0.0007745515577759488
2019-09-09,0.005954097315015394
2019-09-10,-0.005900384804255698
2019-09-11,5.4007252303200914e-05
2019-09-12,0.008279345505562086
2019-09-13,-0.0035162374760596693
2019-09-16,-0.008761399144539883
2019-09-17,0.0012846619308284346
2019-09-18,-0.001377974814870897
2019-09-19,0.002267849929326271
2019-09-20,0.001450245427987662
2019-09-23,-0.0012389927542129087
2019-09-24,0.006427993417929212
2019-09-25,0.0007443265842130842
2019-09-26,-0.001379850329255805
2019-09-27,-0.00046681587188446283
2019-09-30,0.004454368692158095
2019-10-01,0.005394119350781823
2019-10-02,-0.006327942186609703
2019-10-03,0.0010796101248642387
2019-10-04,0.007418146044803731
2019-10-07,-0.0027527104579385675
2019-10-08,-0.007796413647291223
2019-10-09,0.011223973952532385
2019-10-10,0.001220081461848821
2019-10-11,0.011481804385861993
2019-10-14,-0.002436323763626347
2019-10-15,0.0038330822228365147
2019-10-16,-0.007138074066145084
2019-10-17,0.005770206046024295
2019-10-18,-0.0013929801064087588
2019-10-21,0.006400957543843733
2019-10-22,0.002594447666953048
2019-10-23,-0.003336881800355629
2019-10-24,0.007910173048725655
2019-10-25,0.0003222206151809459
2019-10-28,0.006194319835303386
2019-10-29,0.0005551439141036063
2019-10-30,0.0032073991893484255
2019-10-31,0.005689332421451754
2019-11-01,0.004548778139271237
2019-11-04,0.00817945801432618
2019-11-05,0.00200369972691794
2019-11-06,-0.0010070647062150329
2019-11-07,0.007320719576119794
2019-11-08,-0.0026646197063653343
2019-11-11,-0.0026423990918168494
2019-11-12,0.0024431326283975707
2019-11-13,-0.001199407404785302
2019-11-14,-0.001626157935919914
2019-11-15,0.006975691940487749
2019-11-18,-0.00030514203655207517
2019-11-19,0.0031667563976114366
2019-11-20,-0.004371349429834526
2019-11-21,-0.0015723881858724642
2019-11-22,-0.003033453260638863
2019-11-25,0.009465814643314863
2019-11-26,-0.0007679388385022357
2019-11-27,0.004935887119554838
2019-11-29,-0.0034529450627140967
2019-12-02,0.00031618407879774324
2019-12-03,-0.018597981123807616
2019-12-04,0.0076613790007580285
2019-12-05,0.0039700821693928745
2019-12-06,0.010310583043340316
2019-12-09,-0.0013719856793792395
2019-12-10,0.002874977581846405
2019-12-11,0.0021311006582305225
2019-12-12,-0.00248670734113432
2019-12-13,-0.0006416870658773055
2019-12-16,0.009058399933997485
2019-12-17,0.0016179147943542471
2019-12-18,0.0007470657662356217
2019-12-19,0.00366932743341275
2019-12-20,0.00910647773192319
2019-12-23,0.005207879293289475
2019-12-24,0.0016475190568121523
2019-12-26,0.002720437192043068
2019-12-27,0.004715943644821863
2019-12-30,-0.0013311987604326392
2019-12-31,-0.0068632721726290535
2020-01-02,0.010952072502163679
2020-01-03,-0.011025907730732087
2020-01-06,-0.010241152266237785
2020-01-07,0.008060919245606257
2020-01-08,0.0005807929250896127
2020-01-09,0.012739736877901198
2020-01-10,0.004489259293376291
2020-01-13,0.011258249119256325
2020-01-14,0.008242105060185079
2020-01-15,-0.004636833151889674
2020-01-16,-0.006271545604087714
2020-01-17,0.0008515158709818671
2020-01-21,0.0076494349408851026
2020-01-22,0.018026023388768797
2020-01-23,-0.0011445533127448781
2020-01-24,0.005355941500577499
2020-01-27,-0.03284305265325527
2020-01-28,0.013764643884778938
2020-01-29,0.00879573568905756
2020-01-30,0.02669992361669049
2020-01-31,-0.005277104066906957
2020-02-03,0.007789157582697159
2020-02-04,0.07402547063301279
2020-02-05,0.0
2020-02-06,0.0
2020-02-07,0.0
2020-02-10,0.030494889271605707
2020-02-11,0.00440567630089439
2020-02-12,0.007543228648484002
2020-02-13,-0.02214017642877597
2020-02-14,-0.006599530113512775
2020-02-18,0.01642988015606095
2020-02-19,0.04810622370982953
2020-02-20,0.0
2020-02-21,0.0
2020-02-24,0.0
2020-02-25,0.018738032066625054
2020-02-26,-0.009422074107265144
2020-02-27,-0.05550744000709895
2020-02-28,-0.06332857897936539
2020-03-02,0.050423373032295604
2020-03-03,0.0
2020-03-04,0.0
2020-03-05,0.0
2020-03-06,0.0
2020-03-09,0.0
2020-03-10,0.0
2020-03-11,0.0
2020-03-12,0.0
2020-03-13,0.0
2020-03-16,0.0
2020-03-17,0.0
2020-03-18,0.0
2020-03-19,0.0
2020-03-20,0.0
2020-03-23,0.0
2020-03-24,0.0
2020-03-25,-0.004544057664248813
2020-03-26,-0.008030655108949736
2020-03-27,0.021878102920109166
2020-03-30,-0.008289650941254334
2020-03-31,0.0018907077925776061
2020-04-01,0.026824230089303347
2020-04-02,0.0035411939659830693
2020-04-03,0.0010756420477746609
2020-04-06,-0.01884886248046036
2020-04-07,-0.02707830328863614
2020-04-08,-0.008697761782140101
2020-04-09,-0.00776948620224005
2020-04-13,0.0010232844367545901
2020-04-14,-0.009640806141626435
2020-04-15,0.005348399612686405
2020-04-16,-0.002323765906699471
2020-04-17,-0.006477158017414664
2020-04-20,0.0013162328224134434
2020-04-21,0.00519480561154495
2020-04-22,-0.007372535915516787
2020-04-23,-0.003422036106319748
2020-04-24,-0.0018112439771881261
2020-04-27,-0.009285182034215023
2020-04-28,0.005662278312698055
2020-04-29,0.0018559382028375815
2020-04-30,-0.0019418835407385426
2020-05-01,-0.00829724869514048
2020-05-04,0.0
2020-05-05,0.0
2020-05-06,0.0
2020-05-07,0.0
2020-05-08,0.0
2020-05-11,0.0
2020-05-12,0.0
2020-05-13,0.0
2020-05-14,0.0
2020-05-15,0.0
2020-05-18,0.0
2020-05-19,0.0
2020-05-20,0.0
2020-05-21,0.0
2020-05-22,0.0
2020-05-26,0.0
2020-05-27,0.0
2020-05-28,0.0
2020-05-29,0.0
2020-06-01,0.0
2020-06-02,-0.00017884256088618322
2020-06-03,0.0032007758544079223
2020-06-04,-0.0013030064295896926
2020-06-05,0.0024843494437962743
2020-06-08,0.011246420939167168
2020-06-09,-0.0031234566814397624
2020-06-10,0.02804687378535009
2020-06-11,-0.027483590416868653
2020-06-12,0.026600316554850068
2020-06-15,-0.016008238855933388
2020-06-16,0.021376195922925056
2020-06-17,0.00941053865855368
2020-06-18,0.004431600188431473
2020-06-19,0.01089705668965979
2020-06-22,0.002866054128022988
2020-06-23,0.006604926693748681
2020-06-24,-0.0010638794312161082
2020-06-25,4.368385747688386e-05
2020-06-26,0.0037908374417048307
2020-06-29,0.0025255731724247443
2020-06-30,0.002562469987114513
2020-07-01,0.0007364379455960801
2020-07-02,0.039038238676282866
2020-07-06,0.0
2020-07-07,0.0
2020-07-08,0.0
2020-07-09,0.018930905832191147
2020-07-10,0.0018430644332150248
2020-07-13,0.046878838850834326
2020-07-14,0.0
2020-07-15,0.0
2020-07-16,0.0
2020-07-17,0.0077595306551507814
2020-07-20,0.012421831493940383
2020-07-21,0.0051852907558613826
2020-07-22,0.009999574200313388
2020-07-23,0.03183548348833565
2020-07-24,-0.04760947782629632
2020-07-27,0.01597265278978699
2020-07-28,-0.01538401848873483
2020-07-29,0.017874676690899483
2020-07-30,-0.007411873019306792
2020-07-31,0.0377122117305555
2020-08-03,0.0
2020-08-04,0.0
2020-08-05,0.0
2020-08-06,0.0013000412224146718
2020-08-07,0.002828839877730971
2020-08-10,0.0011467531426876398
2020-08-11,-0.015251767480745415
2020-08-12,0.03611891342520712
2020-08-13,0.0
2020-08-14,0.0
2020-08-17,0.0
2020-08-18,0.023482103229450546
2020-08-19,-0.006157901499763696
2020-08-20,-0.010817877956608046
2020-08-21,0.011410694842358238
2020-08-24,0.028096756027181646
2020-08-25,-0.012298024602734547
2020-08-26,0.012502982256223705
2020-08-27,0.009368337940751648
2020-08-28,0.018635139872178685
2020-08-31,0.00277965713621664
2020-09-01,0.012434247690942701
2020-09-02,0.028131428699192718
2020-09-03,-0.07979073830029904
2020-09-04,-0.013204473287655283
2020-09-08,-0.14585240776731867
2020-09-09,0.07530121177156168
2020-09-10,0.0
2020-09-11,0.0
2020-09-14,0.0
2020-09-15,0.049874329014702345
2020-09-16,0.0
2020-09-17,0.0
2020-09-18,0.0
2020-09-21,0.0018381105274842824
2020-09-22,-0.016323291103600757
2020-09-23,-0.03034806974665838
2020-09-24,-0.0361417903180562
2020-09-25,0.013327660628638771
2020-09-28,0.0346887418557853
2020-09-29,0.0
2020-09-30,0.0
2020-10-01,0.0
2020-10-02,-0.05095234124909098
2020-10-05,0.01656663479817322
2020-10-06,0.00012318305528191686
2020-10-07,0.016807830192339557
2020-10-08,0.025902679479273605
2020-10-09,0.0041067195908923715
2020-10-12,0.01791375722605615
2020-10-13,0.0036098234787651506
2020-10-14,0.006490819069930209
2020-10-15,-0.02997818939773389
2020-10-16,0.009983795207040957
2020-10-19,0.013953294526685145
2020-10-20,0.0035911614709371875
2020-10-21,-0.0005018569901328318
2020-10-22,0.023246751278206856
2020-10-23,0.0008938131647582281
2020-10-26,-0.013237531402105485
2020-10-27,0.006247365954872075
2020-10-28,-0.01567694557313326
2020-10-29,0.009048055751732509
2020-10-30,-0.01949297852656129
2020-11-02,0.008921163601851578
2020-11-03,0.011161957066526007
2020-11-04,0.03063421507299302
2020-11-05,0.026894926405177655
2020-11-06,-0.0007716808403006592
2020-11-09,0.008748409658994927
2020-11-10,-0.005580227457935849
2020-11-11,0.014849053343442886
2020-11-12,0.004379956961718889
2020-11-13,0.005388043317071656
2020-11-16,-0.004247410428550147
2020-11-17,0.027702748135308486
2020-11-18,0.0014727122795394898
2020-11-19,0.001099120145881205
2020-11-20,0.00037895533563814254
2020-11-23,0.011815035205902324
2020-11-24,0.013991941779138983
2020-11-25,-0.0016284426437191968
2020-11-27,0.010215736607380954
2020-11-30,0.012978778432253923
2020-12-01,0.02722967914162977
2020-12-02,-0.02385000543421323
2020-12-03,0.019926346931148364
2020-12-04,-0.0012572032639939223
2020-12-07,0.0058532550812882
2020-12-08,-0.010871369385556107
2020-12-09,0.003723589831022611
2020-12-10,-0.027795067680818852
2020-12-11,-0.014312922298024722
2020-12-14,0.009548896165848086
2020-12-15,0.010478566763621133
2020-12-16,-0.004748319063776707
2020-12-17,0.009361152168885889
2020-12-18,0.014089002201606693
2020-12-21,-0.03363852839488568
2020-12-22,0.00505380512718423
2020-12-23,-0.007134015377835534
2020-12-24,-0.002063076118272833
2020-12-28,0.020014002585295287
2020-12-29,0.0010699659860358146
2020-12-30,0.007991410446546832
2020-12-31,0.006085156702440697
2021-01-04,0.016130932247713003
2021-01-05,-0.007123937158205695
2021-01-06,0.012275207765250817
2021-01-07,0.026077934122051616
2021-01-08,0.04091608397957991
2021-01-11,0.0
2021-01-12,0.0
2021-01-13,0.0
2021-01-14,-0.007829698949101238
2021-01-15,0.006070338091629379
2021-01-19,0.01405601621389585
2021-01-20,0.015184150127355966
2021-01-21,0.007561036586582359
2021-01-22,-0.007010902400773067
2021-01-25,0.017863924761741146
2021-01-26,0.0072038852628475425
2021-01-27,-0.015569821885711432
2021-01-28,-0.02864620682173835
2021-01-29,-0.0030464968092950295
2021-02-01,0.020205000695801223
2021-02-02,0.011612264139474693
2021-02-03,0.007735040922105307
2021-02-04,0.006874168118984336
2021-02-05,0.0003143707572554888
2021-02-08,0.01628118650388366
2021-02-09,-0.0028230317375605996
2021-02-10,0.0006554408157144476
2021-02-11,0.01093573759770683
2021-02-12,-0.005466414342565562
2021-02-16,0.005458796054292447
2021-02-17,-0.014945598121957837
2021-02-18,-0.017270371350553648
2021-02-19,0.011568776203655151
2021-02-22,-0.015968034387435104
2021-02-23,-0.03905569621705596
2021-02-24,0.0021603618843442085
2021-02-25,-0.013738473699166809
2021-02-26,0.01717229153674027
2021-03-01,0.023576177411197996
2021-03-02,0.0015094492654277314
2021-03-03,0.0002605075446788785
2021-03-04,0.0003789199423609446
2021-03-05,0.011264732456852222
2021-03-08,0.00017129730830522938
2021-03-09,0.04776676004891578
2021-03-10,0.0
2021-03-11,0.0
2021-03-12,0.0
2021-03-15,0.0021563191819518046
2021-03-16,0.0024714660355686924
2021-03-17,-0.02312121938628875
2021-03-18,-0.02199728787811428
2021-03-19,-0.003381808598352687
2021-03-22,0.025724170236739008
2021-03-23,0.003337646998717192
2021-03-24,0.009380210474290163
2021-03-25,-0.02003057198923508
2021-03-26,0.0012903634140906117
2021-03-29,-0.004092538640598997
2021-03-30,-0.009008546278908569
2021-03-31,0.013447590223150119
2021-04-01,0.02662239322429949
2021-04-05,0.03745498068723019
2021-04-06,0.0
2021-04-07,0.0
2021-04-08,0.0
2021-04-09,-0.005510350524311702
2021-04-12,0.0019506122233259315
2021-04-13,0.0073026851945814375
2021-04-14,0.004302578076187169
2021-04-15,0.011600868884610316
2021-04-16,-0.00478498518823911
2021-04-19,-0.013225150973060873
2021-04-20,0.0007245062247289713
2021-04-21,-0.007944446864925236
2021-04-22,-0.0015358159285100426
2021-04-23,0.0029996547341504254
2021-04-26,0.006956372414333334
2021-04-27,-0.008397145989161858
2021-04-28,-0.003037966618343657
2021-04-29,0.007230105767239037
2021-04-30,-0.010246518381481051
2021-05-03,-0.00019589686493171055
2021-05-04,-0.00895072202922087
2021-05-05,0.009985979318041016
2021-05-06,0.004522941536135638
2021-05-07,0.007122196023248151
2021-05-10,-0.008354620126556411
2021-05-11,-0.029068818720528578
2021-05-12,-0.017563073460598932
2021-05-13,0.012291068568531571
2021-05-14,0.013353436666520446
2021-05-17,-0.011050168336361743
2021-05-18,-0.0011688262843186914
2021-05-19,-0.02561188865366104
2021-05-20,0.009911202282880893
2021-05-21,0.01011202040617154
2021-05-24,0.006160381176137042
2021-05-25,0.0047273926356694584
2021-05-26,0.004852738623488451
2021-05-27,0.0003187778216215964
2021-05-28,0.0018322469807992015
2021-06-01,0.006230362576884474
2021-06-02,-0.0004703179997894713
2021-06-03,-0.008357382396314228
2021-06-04,0.00831399471121097
2021-06-07,-0.004742040824945559
2021-06-08,0.011560407995261146
2021-06-09,0.003142984308814878
2021-06-10,0.0029145864711508374
2021-06-11,0.0008284019758131311
2021-06-14,0.0027192225755205968
2021-06-15,-0.0010455813717747953
2021-06-16,0.0001267377394389424
2021-06-17,-0.00332381574922902
2021-06-18,-0.0034998301350840366
2021-06-21,-0.000748429391390304
2021-06-22,-0.0008415559554768581
2021-06-23,0.004498289707941083
2021-06-24,0.011692053492454946
2021-06-25,0.004085800128436956
2021-06-28,0.00500435585175274
2021-06-29,-0.0019915311302713956
2021-06-30,-0.001304542914274065
2021-07-01,0.00042353192616251256
2021-07-02,0.006014031688513777
2021-07-06,0.005013114982523881
2021-07-07,0.006964060025010266
2021-07-08,-0.01809297654640296
2021-07-09,0.00022512366829108288
2021-07-12,0.004981566072334465
2021-07-13,-0.002361076015140351
2021-07-14,0.006825458732927947
2021-07-15,0.00043125821525413777
2021-07-16,0.003054426607731253
2021-07-19,-0.01082735749344621
2021-07-20,0.003587730701383185
2021-07-21,0.002767447196023509
2021-07-22,0.0021093832103598054
2021-07-23,0.005284441095032566
2021-07-26,-0.0009919285808281941
2021-07-27,-0.0012674426434263752
2021-07-28,0.008182151733477028
2021-07-29,-0.004323698673265652
2021-07-30,-0.01982546988265177
2021-08-02,0.005881403765030546
2021-08-03,0.0010696333715347617
2021-08-04,0.0023832534197738564
2021-08-05,0.0006810727084478607
2021-08-06,-0.004758663583305567
2021-08-09,0.002892797135326086
2021-08-10,0.0016327570313205975
2021-08-11,0.0038706326401345414
2021-08-12,-0.002244690510032177
2021-08-13,0.0012564260060765609
2021-08-16,-0.0018513869006703265
2021-08-17,-0.006128600244193594
2021-08-18,-0.0011549945741240464
2021-08-19,-0.0030161042592675713
2021-08-20,0.0030934890544898064
2021-08-23,0.0037275626490858027
2021-08-24,0.0028577831025697886
2021-08-25,0.002228084350471171
2021-08-26,-0.0006590258207672672
2021-08-27,0.0022795725206443684
2021-08-30,0.004249204429194853
2021-08-31,0.0006138603795091679
2021-09-01,0.002206826750825952
2021-09-02,0.0034603650622280213
2021-09-03,-0.0013358673783941954
2021-09-07,0.0023870749987064954
2021-09-08,0.0005550807255985113
2021-09-09,0.0007815473118739646
2021-09-10,0.007154144049539957
2021-09-13,0.006390216231043633
2021-09-14,0.004426150682933727
2021-09-15,0.0028729868064327757
2021-09-16,-0.003719556564481863
2021-09-17,-0.001550346365861155
2021-09-20,-0.021030364588207062
2021-09-21,0.006925858352506031
2021-09-22,0.002371027050647845
2021-09-23,0.005285842738072866
2021-09-24,-0.008192409030854608
2021-09-27,-0.008955002475976692
2021-09-28,-0.014235520249206601
2021-09-29,0.005583582508643659
2021-09-30,0.004743901745107637
2021-10-01,0.002511100587003101
2021-10-04,-0.0008629651738401023
2021-10-05,0.00510875816915779
2021-10-06,-0.010970387276117655
2021-10-07,0.008433239823284255
2021-10-08,0.0038328203570525687
2021-10-11,-0.0033258810935683503
2021-10-12,0.006561201685748808
2021-10-13,0.006689231097890769
2021-10-14,0.011829896830706232
2021-10-15,0.003885211827025392
2021-10-18,-0.0010546864884806162
2021-10-19,0.005516216975343324
2021-10-20,0.002441012599324832
2021-10-21,-0.0034567225134164437
2021-10-22,-0.004076493994131791
2021-10-25,0.015134270966873142
2021-10-26,0.007345371588481919
2021-10-27,0.0068018930900333174
2021-10-28,0.014437383349249266
2021-10-29,-0.004276707627007936
2021-11-01,0.009945758379118042
2021-11-02,-0.015401146146701072
2021-11-03,0.003854064279883662
2021-11-04,0.011171914824598561
2021-11-05,0.0037555709286118955
2021-11-08,-0.02464428313152256
2021-11-09,0.014145365837632706
2021-11-10,-0.017612422661196225
2021-11-11,0.0250859911251875
2021-11-12,-0.00777396004025499
2021-11-15,-0.006140023488865776
2021-11-16,-0.0070149565940674785
2021-11-17,0.005149055423006255
2021-11-18,0.031133640444493293
2021-11-19,0.007774840406746364
2021-11-22,0.017174528421585178
2021-11-23,-0.0019695006637455714
2021-11-24,-0.016855320473584068
2021-11-26,-0.011647389549408582
2021-11-29,0.019689346925399587
2021-11-30,0.0019487405547273795
2021-12-01,0.015670719727560956
2021-12-02,-0.0026399271225829857
2021-12-03,0.002258997700011145
2021-12-06,-0.013956338318937167
2021-12-07,0.03041714800776174
2021-12-08,0.0
2021-12-09,0.0
2021-12-10,0.0
2021-12-13,-0.004968195076589077
2021-12-14,-0.018903503211227135
2021-12-15,-0.0008243596013033372
2021-12-16,0.009982887437026466
2021-12-17,-0.013457445660968292
2021-12-20,-0.01814877538883264
2021-12-21,0.017104974053274047
2021-12-22,0.005838838150726611
2021-12-23,0.0022069785714649015
2021-12-27,0.004830283698820104
2021-12-28,0.009883178931496372
2021-12-29,0.0028632276836095816
2021-12-30,-0.00943919097243584
2021-12-31,0.0020770839044961242
2022-01-03,0.031227493376640325
2022-01-04,0.0
2022-01-05,0.0
2022-01-06,0.0
2022-01-07,0.005162497592151372
2022-01-10,-0.025349163102867056
2022-01-11,-0.002901743898937603
2022-01-12,0.011363736287443027
2022-01-13,0.007323829357045231
2022-01-14,-0.008240362168012494
2022-01-18,-0.02284696559185817
2022-01-19,0.00938341631220263
2022-01-20,0.009767535918030701
2022-01-21,-0.006176923218433217
2022-01-24,-0.03039206516799209
2022-01-25,-0.023584246071486126
2022-01-26,0.03813238570091171
2022-01-27,0.0
2022-01-28,0.0
2022-01-31,0.0
2022-02-01,0.007767149387114536
2022-02-02,0.022489169985590696
2022-02-03,-0.02510393472758321
2022-02-04,0.0022677653539870946
2022-02-07,0.0017358793204311773
2022-02-08,-0.005300832004808798
2022-02-09,0.015740782589886315
2022-02-10,-0.027915115457206707
2022-02-11,0.004165034809678003
2022-02-14,0.004773952457383768
2022-02-15,0.012227736011499069
2022-02-16,-0.006248179494186434
2022-02-17,-0.007354884237825043
2022-02-18,0.006367569542244267
2022-02-22,-0.007985786122646
2022-02-23,0.005152005791699832
2022-02-24,-0.028339768480080907
2022-02-25,0.0007608264087104466
2022-02-28,0.003063956821529823
2022-03-01,-0.0010741110266669907
2022-03-02,0.0016477566168358049
2022-03-03,-0.007319658962938513
2022-03-04,0.003254879657969889
2022-03-07,2.3240708567406898e-05
2022-03-08,0.0017477887030936667
2022-03-09,-0.009859266266674882
2022-03-10,0.010888198032271035
2022-03-11,-0.008062092331760806
2022-03-14,0.004202673720687056
2022-03-15,-0.004416806126039008
2022-03-16,-0.001832646042017716
2022-03-17,-0.003353517051620347
2022-03-18,0.0031771162808014175
2022-03-21,0.0019404557527340494
2022-03-22,-0.00215662174576825
2022-03-23,0.0025808812863632458
2022-03-24,0.0007730727670942628
2022-03-25,-0.0024360080751292257
2022-03-28,-0.002324999620327395
2022-03-29,-0.001900494094327021
2022-03-30,0.0017806097896382322
2022-03-31,-0.003594611120854019
2022-04-01,0.0014546109475370717
2022-04-04,0.0010628881658270029
2022-04-05,0.0007894752613637479
2022-04-06,0.001841426416657077
2022-04-07,0.003034331323562567
2022-04-08,0.00028414253103425935
2022-04-11,0.0007944148442804444
2022-04-12,-0.004763932431233742
2022-04-13,0.001621780281118923
2022-04-14,0.0028322588784888136
2022-04-18,0.0009574149190676451
2022-04-19,0.0006618079134641519
2022-04-20,0.002125088821051113
2022-04-21,-0.0068082671553394425
2022-04-22,0.0008182808100034578
2022-04-25,0.0037853571357335802
2022-04-26,0.0023200763641728628
2022-04-27,-0.0027899138073086416
2022-04-28,-0.00713850802161442
2022-04-29,0.0059842624982786585
2022-05-02,0.0021391589915242815
2022-05-03,-0.0006592289492989289
2022-05-04,0.009456991688640004
2022-05-05,0.012491028419818972
2022-05-06,0.007194912638710305
2022-05-09,0.017225472465885128
2022-05-10,-0.011184782265612703
2022-05-11,0.0071014883236930615
2022-05-12,0.013760061300218673
2022-05-13,-0.013529548998129526
2022-05-16,0.000620847560600879
2022-05-17,-0.0044010850406788204
2022-05-18,0.013513513215416939
2022-05-19,0.006292581192403723
2022-05-20,-0.011431473490441824
2022-05-23,-0.009850678087574005
2022-05-24,0.008326796010221793
2022-05-25,0.0023501683250382044
2022-05-26,-0.008095698452472933
2022-05-27,-0.0031069158949842413
2022-05-31,0.002029805246855476
2022-06-01,-0.004385645005937411
2022-06-02,0.003154632553383996
2022-06-03,0.015168519271592684
2022-06-06,-0.013448726157590407
2022-06-07,0.010179150410531745
2022-06-08,0.0023350775024320036
2022-06-09,0.005339003282233135
2022-06-10,0.017283865370974816
2022-06-13,0.028078524272298733
2022-06-14,-0.007195135981514
2022-06-15,-0.010856913006368374
2022-06-16,0.023221223818656433
2022-06-17,-0.0014072282733357255
2022-06-21,-0.015009265682630168
2022-06-22,0.008161474259701151
2022-06-23,-0.008031580886197598
2022-06-24,-0.009393150772993963
2022-06-27,-0.004881372747004065
2022-06-28,-0.001269200899756684
2022-06-29,0.000792665741680576
2022-06-30,0.009691036691476418
2022-07-01,0.003976897031468862
2022-07-05,0.0070943956317612855
2022-07-06,-0.0006793855976974239
2022-07-07,0.002156047047223719
2022-07-08,0.004013343701082306
2022-07-11,0.0030468602050490734
2022-07-12,-0.002757032951756999
2022-07-13,0.012156594012229904
2022-07-14,0.0085599886256853
2022-07-15,-0.006359089848297694
2022-07-18,-0.003800517291419503
2022-07-19,-0.0068010951609683845
2022-07-20,-0.0028250324570180396
2022-07-21,-0.0008115406434084926
2022-07-22,0.0002788281981438434
2022-07-25,-0.0036303551376948295
2022-07-26,0.0038102535130013493
2022-07-27,-0.008201577531440352
2022-07-28,0.002251862952884487
2022-07-29,-0.007010475242620218
2022-08-01,0.006273088067074717
2022-08-02,-9.262764923589906e-05
2022-08-03,-0.0011239122804439505
2022-08-04,0.0029127675652342866
2022-08-05,-0.0017904199652444275
2022-08-08,0.00473845026906794
2022-08-09,0.0009158606640251588
2022-08-10,0.007797202539882031
2022-08-11,-0.006782045491373623
2022-08-12,-0.0052008215409816705
2022-08-15,0.0027121358322772515
2022-08-16,0.004479521601234326
2022-08-17,-0.0004904910345566726
2022-08-18,0.001277079992908714
2022-08-19,-0.001549257097536283
2022-08-22,0.00031900511867632986
2022-08-23,0.0028565689402693106
2022-08-24,0.0010028687942982284
2022-08-25,0.003642528755479768
2022-08-26,0.0005136142877637528
2022-08-29,0.0008048279616073017
2022-08-30,0.0018905547958847357
2022-08-31,-0.0038847175764603614
2022-09-01,-0.00029384825623357536
2022-09-02,-0.005751309206493027
2022-09-06,-0.00020733972372710685
2022-09-07,0.00023711477733878716
2022-09-08,0.004462139176424129
2022-09-09,-0.0038304854100782437
2022-09-12,-0.004850422654229747
2022-09-13,0.016405854293957134
2022-09-14,-0.00255752752759153
2022-09-15,0.004305174189392691
2022-09-16,0.00797120853644695
2022-09-19,0.004956825104081908
2022-09-20,0.005478257142721432
2022-09-21,-0.002395946995220166
2022-09-22,0.0029283193702505095
2022-09-23,0.005307809838462685
2022-09-26,0.0016715612294082582
2022-09-27,-0.006865941280921772
2022-09-28,-0.0002073710951000507
2022-09-29,0.008664841686428337
2022-09-30,0.0018285599596765678
2022-10-03,-0.0031004646251772128
2022-10-04,-0.018114721871747563
2022-10-05,0.01196274770805239
2022-10-06,0.0038945843377684586
2022-10-07,0.015461563456014016
2022-10-10,-0.000863335024632983
2022-10-11,0.005268319376992903
2022-10-12,-0.0014715586011452286
2022-10-13,0.026187875712246678
2022-10-14,-0.008323443306524347
2022-10-17,-0.021388560695193792
2022-10-18,-0.024258583598071093
2022-10-19,0.005089174278744446
2022-10-20,0.003568951561775613
2022-10-21,0.0034542042243890236
2022-10-24,-0.0009430340484194444
2022-10-25,-0.0028713878493292766
2022-10-26,0.01795962007754559
2022-10-27,0.0038991410489330747
2022-10-28,0.0023368824644034447
2022-10-31,0.0071741203621964456
2022-11-01,-0.011329398715109074
2022-11-02,0.005920079553903168
2022-11-03,0.0069205220426742375
2022-11-04,-0.008864194548016124
2022-11-07,-0.0035768719339354105
2022-11-08,-0.005410977510456827
2022-11-09,0.00632986533541291
2022-11-10,-0.02936710953249233
2022-11-11,-0.00012747482913166852
2022-11-14,0.006558490961446672
2022-11-15,-0.021353127807494432
2022-11-16,-0.0015827121634180985
2022-11-17,0.009884090834793025
2022-11-18,-0.005451369030386788
2022-11-21,0.0008105836672207545
2022-11-22,-0.0014296178208974553
2022-11-23,0.00035202078286822314
2022-11-25,0.002656175398181526
2022-11-28,0.003093851467001585
2022-11-29,-0.00013901576049135667
2022-11-30,-0.0003977845851652617
2022-12-01,0.0004512493699166953
2022-12-02,0.010317378185979997
2022-12-05,0.004486614158685676
2022-12-06,0.0009097964831594751
2022-12-07,0.0033072377749550075
2022-12-08,-0.0029623650704684312
2022-12-09,0.0038169703247847853
2022-12-12,-0.0008999497553854319
2022-12-13,-0.025450006541691716
2022-12-14,0.0017997448289062135
2022-12-15,0.012761602092534297
2022-12-16,0.002644533374992042
2022-12-19,-0.0005875411709976852
2022-12-20,0.002417295352831861
2022-12-21,-0.0018521576315918553
2022-12-22,0.00824540645258831
2022-12-23,0.0043721187118159754
2022-12-27,0.0026998056203055842
2022-12-28,0.0014132707074403505
2022-12-29,-0.006941007990423409
2022-12-30,0.007030646691189579
2023-01-03,-0.005233710931101143
2023-01-04,-0.0037721488714631546
2023-01-05,0.004091886841290249
2023-01-06,-0.0028309196433969896
2023-01-09,-0.006792343660722788
2023-01-10,0.0026451179452597895
2023-01-11,-0.0034616914816705258
2023-01-12,-0.0005522062539072836
2023-01-13,0.006999526344394491
2023-01-17,-5.7746017439352926e-05
2023-01-18,-0.004122627134840795
2023-01-19,0.004647430648761386
2023-01-20,-0.002804201678346274
2023-01-23,-0.0020395276151197184
2023-01-24,0.004252411352417607
2023-01-25,0.011314707313276884
2023-01-26,-0.009125184228627958
2023-01-27,0.002669815857165858
2023-01-30,0.007330222644150508
2023-01-31,-0.00021733645722676886
2023-02-01,0.0008696713981355408
2023-02-02,-0.017547531579223175
2023-02-03,0.01098270215341235
2023-02-06,0.0035476162722365423
2023-02-07,0.001312640022022471
2023-02-08,0.003575685520479599
2023-02-09,-0.00649797903789362
2023-02-10,0.0014724292711130182
2023-02-13,-0.0013433171996947157
2023-02-14,0.0025687962502738415
2023-02-15,0.0023053705828142146
2023-02-16,-0.00796458307483161
2023-02-17,-0.0035972794561621724
2023-02-21,-0.005704423552156612
2023-02-22,0.0018068647013633754
2023-02-23,0.01761279869668364
2023-02-24,0.0
2023-02-27,0.0
2023-02-28,0.0
2023-03-01,9.569752147453592e-05
2023-03-02,-0.0034744240352082567
2023-03-03,0.0010653268591738208
2023-03-06,-0.0003312942141453501
2023-03-07,0.0005688329396515979
2023-03-08,0.0016627253336216619
2023-03-09,-0.00026430933043231075
2023-03-10,0.0005270662781944324
2023-03-13,-0.0034951864484760176
2023-03-14,0.006270046935520135
2023-03-15,-0.005129480645976292
2023-03-16,-0.002358844601016763
2023-03-17,0.002422170255201639
2023-03-20,-0.0016720855113847577
2023-03-21,0.0037234513384563073
2023-03-22,0.001607580496140626
2023-03-23,0.007667799693610089
2023-03-24,-0.002383611273392816
2023-03-27,0.0012951913834993167
2023-03-28,-0.0007606988075794519
2023-03-29,0.005082286232430011
2023-03-30,0.004520632250526901
2023-03-31,-0.0010521129567556686
2023-04-03,-0.002762419517185588
2023-04-04,0.0013826449107017247
2023-04-05,-0.006327015352985743
2023-04-06,-0.005822498776363205
2023-04-10,-0.005993233596276792
2023-04-11,0.0009833050683605293
2023-04-12,0.005057816150193073
2023-04-13,0.004324895305257703
2023-04-14,-0.003098690777216251
2023-04-17,-0.002003711988982859
2023-04-18,0.007399258475323522
2023-04-19,-0.006542269544081991
2023-04-20,-0.005131183724336297
2023-04-21,-0.002268341765583437
2023-04-24,-0.001236557840037844
2023-04-25,-0.003004174166118534
2023-04-26,0.012401236283823502
2023-04-27,0.009765884272547432
2023-04-28,-0.0006154048562833081
2023-05-01,0.0006370459174060983
2023-05-02,-0.001166450416790421
2023-05-03,-0.004728857697070321
2023-05-04,-1.8249975106909844e-05
2023-05-05,0.0014678087214181623
2023-05-08,-0.0014092375898049347
2023-05-09,-0.003901325340096018
2023-05-10,0.006555946829041037
2023-05-11,0.0007276433049221431
2023-05-12,0.00040935971925404324
2023-05-15,0.00278386943654807
2023-05-16,-0.0023463457579419034
2023-05-17,0.004396343855406881
2023-05-18,0.002938604656192334
2023-05-19,-0.0022179833680840977
2023-05-22,-0.00244918745051248
2023-05-23,-0.004031372685932899
2023-05-24,-0.006704744828859965
2023-05-25,0.050330196911967606
2023-05-26,0.0
2023-05-30,0.0
2023-05-31,0.0
2023-06-01,0.0017175906500785931
2023-06-02,0.010625810878405417
2023-06-05,0.0010671171221192655
2023-06-06,-0.005000750705625556
2023-06-07,0.012653067457584877
2023-06-08,0.0021369817495004995
2023-06-09,0.02872327536871988
2023-06-12,0.013664865603424836
2023-06-13,0.01736797599715567
2023-06-14,0.002022931183141674
2023-06-15,-0.018613280085758133
2023-06-16,0.016184074924715297
2023-06-20,-0.0014385437697225223
2023-06-21,-0.0023543778032277807
2023-06-22,-0.0201342737625545
2023-06-23,-0.020819237222142184
2023-06-26,0.0021086045058908987
2023-06-27,0.006711803137809724
2023-06-28,-0.012316953026326294
2023-06-29,0.007728812325459078
2023-06-30,0.01743225914221269
2023-07-03,0.02691081588263189
2023-07-05,-0.00313138911464772
2023-07-06,-0.013823588843756118
2023-07-07,0.005038049564556113
2023-07-10,0.00491167402512116
2023-07-11,-0.0010296631925362787
2023-07-12,0.018152668607267497
2023-07-13,0.011968740276317114
2023-07-14,0.0021507599409171796
2023-07-17,0.01087962763125283
2023-07-18,0.00011875044563636195
2023-07-19,0.006705288247208507
2023-07-20,-0.023056514063349187
2023-07-21,0.011246361309951602
2023-07-24,-0.0020282230725713335
2023-07-25,0.007985207224725288
2023-07-26,-0.0052483391707548455
2023-07-27,0.02361877660507572
2023-07-28,0.015280808788404876
2023-07-31,0.0030285713473638953
2023-08-01,-0.0038506642632466503
2023-08-02,-0.01348312047360134
2023-08-03,-0.008481536896656872
2023-08-04,0.0095983404452058
2023-08-07,0.0021421990735555063
2023-08-08,-0.01287182003445364
2023-08-09,-4.370393883079693e-05
2023-08-10,0.00695166729945873
2023-08-11,-0.01171441050964761
2023-08-14,-0.010440849884680414
2023-08-15,0.0006825112660735488
2023-08-16,-0.004722365011458285
2023-08-17,0.0036781930986420353
2023-08-18,-0.016348846654319904
2023-08-21,0.015299499420565743
2023-08-22,0.018842021985527868
2023-08-23,-0.0013815931837962703
2023-08-24,0.022038701734053534
2023-08-25,0.0015741973561320677
2023-08-28,0.01056433182235561
2023-08-29,-0.002575276636218149
2023-08-30,-0.00137506160595402
2023-08-31,-0.00038058073126201464
2023-09-01,0.005587442097956696
2023-09-05,-0.003387924667091591
2023-09-06,-0.00329352703151764
2023-09-07,-0.025422127368473157
2023-09-08,-0.0019442754410033958
2023-09-11,0.0253668389825088
2023-09-12,-0.008768873007249378
2023-09-13,0.001396034255449763
2023-09-14,0.005267499474934212
2023-09-15,-0.0020128083872814617
2023-09-18,-0.011507124127082546
2023-09-19,-0.00448910796876778
2023-09-20,0.002757634093619954
2023-09-21,-0.016132155083908972
2023-09-22,0.008685971134629655
2023-09-25,-0.0036670077911349352
2023-09-26,-0.010497194674551458
2023-09-27,0.0041941332774313445
2023-09-28,-0.0033627178876350916
2023-09-29,0.014426197014051345
2023-10-02,-0.0034574201455830345
2023-10-03,-0.004912698228717871
2023-10-04,0.0067251777437942195
2023-10-05,0.005334312675332686
2023-10-06,-1.2034958438822407e-05
2023-10-09,-0.0016858096639167375
2023-10-10,0.012777878535096043
2023-10-11,0.007475632631628981
2023-10-12,0.00085319977960574
2023-10-13,0.00014534460377402247
2023-10-16,-0.001111668613479555
2023-10-17,-0.010569642173558491
2023-10-18,-0.006773992768048687
2023-10-19,0.003730115842110804
2023-10-20,-0.0007515629357590647
2023-10-23,-0.0012932877973215184
2023-10-24,0.0013793653290172792
2023-10-25,-0.0018431720912438498
2023-10-26,0.0003109045362221785
2023-10-27,0.004972425983062356
2023-10-30,0.002788511375031666
2023-10-31,-0.002909738834788511
2023-11-01,0.0005947366010081723
2023-11-02,0.005334471157676601
2023-11-03,0.0033584752654103323
2023-11-06,0.0014986475996174864
2023-11-07,-0.0001226403363694395
2023-11-08,0.0007162363147765749
2023-11-09,0.0045201925187356995
2023-11-10,0.003440045607133957
2023-11-13,-0.0006759146671089233
2023-11-14,0.007272625015893874
2023-11-15,0.0019559664607951
2023-11-16,-0.0018438068459460943
2023-11-17,0.00013908877097668082
2023-11-20,0.00017755581045264535
2023-11-21,-0.00233317594337068
2023-11-22,0.00034680355211968994
2023-11-24,-0.0011771300448576438
2023-11-27,-0.0002598532714062074
2023-11-28,-0.0008329898455103901
2023-11-29,0.003713098609950949
2023-11-30,-0.0006470690779674104
2023-12-01,-0.0019525899574364125
2023-12-04,-0.012434170938239952
2023-12-05,-0.0066074861550720065
2023-12-06,0.011091096155016578
2023-12-07,0.0070171879030853646
2023-12-08,-0.005365611826832928
2023-12-11,-0.0015810835881644447
2023-12-12,-0.004938304153986994
2023-12-13,-0.0022347622236359443
2023-12-14,0.00438326865289107
2023-12-15,0.001775723675074392
2023-12-18,0.0031002974625877755
2023-12-19,-0.0007342770510527785
2023-12-20,-0.0029068764283718407
2023-12-21,0.014567134545295124
2023-12-22,0.003538310492146479
2023-12-26,0.00442586593454819
2023-12-27,0.0041261047851304244
2023-12-28,0.004857390329404909
2023-12-29,0.0036128499887693177
2024-01-02,-0.004317819850235605
2024-01-03,-0.008305439443381246
2024-01-04,-0.0018802877805400575
2024-01-05,0.0020500749804370777
2024-01-08,0.004868208649629224
2024-01-09,-0.0035377717770012085
2024-01-10,0.0032528166870895436
2024-01-11,0.005558216614785616
2024-01-12,0.0012174844959651487
2024-01-16,0.0031382784138651587
2024-01-17,-0.0037425628823150037
2024-01-18,0.01205406357646277
2024-01-19,0.007269641410589278
2024-01-22,0.00546066998832706
2024-01-23,-0.0009749107815226754
2024-01-24,0.010167701774883797
2024-01-25,0.010861506989511494
2024-01-26,-0.008908674448227072
2024-01-29,0.002915193171355357
2024-01-30,-0.0005634880986242763
2024-01-31,-0.01557458930305311
2024-02-01,0.006284695881139779
2024-02-02,0.018431899210320735
2024-02-05,0.007244830619193232
2024-02-06,0.0024210660653625204
2024-02-07,0.004556664154712342
2024-02-08,0.0005664787807699856
2024-02-09,0.007233191380281223
2024-02-12,0.002580320119302204
2024-02-13,-0.026393268586141327
2024-02-14,0.014421343134952691
2024-02-15,0.0029320370812364605
2024-02-16,0.005019111873066473
2024-02-20,-0.008251208916580377
2024-02-21,-0.014917287388205303
2024-02-22,0.054186402384167165
2024-02-23,0.0
2024-02-26,0.0
2024-02-27,0.0
2024-02-28,-0.007656496860557027
2024-02-29,0.012088444147816624
2024-03-01,0.007222230438295618
2024-03-04,0.012569547134533954
2024-03-05,-0.007172600738449275
2024-03-06,0.023326560550892328
2024-03-07,0.014317953788312021
2024-03-08,0.011314693791722119
2024-03-11,-0.009826324114871055
2024-03-12,0.016190214589870244
2024-03-13,-0.006469382131112256
2024-03-14,-0.006130866410588465
2024-03-15,-0.010839938782997494
2024-03-18,0.016094886098191985
2024-03-19,-0.020672713008696664
2024-03-20,0.004071607289651613
2024-03-21,0.024358163918861697
2024-03-22,-0.005683367245631565
2024-03-25,-0.005920007366112312
2024-03-26,0.007778156757591637
2024-03-27,0.009886239736751845
2024-03-28,-0.0006463401359254606
2024-04-01,-0.00060919508044599
2024-04-02,-0.02134304481949567
2024-04-03,-0.007766117538907991
2024-04-04,0.016455966104856667
2024-04-05,0.007203902902457315
2024-04-08,0.008143364866141978
2024-04-09,0.004550736312159964
2024-04-10,-0.01510588883045283
2024-04-11,0.003420797456682223
2024-04-12,-0.012417178592404765
2024-04-15,0.008591173691984366
2024-04-16,0.0011341855910358412
2024-04-17,0.005098648555183605
2024-04-18,0.004182903429982732
2024-04-19,-0.008129897764091454
2024-04-22,0.011434635432781892
2024-04-23,0.008680860374606914
2024-04-24,0.01075734720176702
2024-04-25,-0.0179002243228239
2024-04-26,0.006456122349509652
2024-04-29,0.00011222682205325185
2024-04-30,-0.003920020196730323
2024-05-01,-0.009340923870494122
2024-05-02,0.010245941475191422
2024-05-03,0.014918213248647838
2024-05-06,0.006732753602095132
2024-05-07,-0.0036940786522400293
2024-05-08,-0.008433532427061241
2024-05-09,-0.0004664943722948456
2024-05-10,0.007825263934030158
2024-05-13,0.0021374174179078498
2024-05-14,-0.004833169420298433
2024-05-15,0.007814907696164886
2024-05-16,0.0006464161537520496
2024-05-17,0.0032397643500527984
2024-05-20,0.004625316279571523
2024-05-21,-0.006966395686667792
2024-05-22,0.0026406251533843683
2024-05-23,0.0266864669625142
2024-05-24,0.0
2024-05-28,0.0
2024-05-29,0.0
2024-05-30,-0.00044161793110253367
2024-05-31,0.006104863599149857
2024-06-03,0.016786377358489757
2024-06-04,0.0009800505993819986
2024-06-05,0.011310216380519655
2024-06-06,0.004484221663376475
2024-06-07,-0.0031487015120431616
2024-06-10,-0.00409738876818988
2024-06-11,-0.0015721692157556477
2024-06-12,0.01249212227986285
2024-06-13,0.014944041897181348
2024-06-14,-0.0012563598306909451
2024-06-17,0.0038388301546448123
2024-06-18,0.0003540720115911
2024-06-20,0.013523519252179206
2024-06-21,-0.012512743496271406
2024-06-24,-0.01202036093182901
2024-06-25,0.011866509677505244
2024-06-26,-0.0006251795881370148
2024-06-27,-0.0068731946323298265
2024-06-28,0.0024035313616190823
2024-07-01,0.0008732608530113151
2024-07-02,-0.011877977513270355
2024-07-03,-0.003153123225099863
2024-07-05,-4.00814421573914e-05
2024-07-08,0.005809757421828765
2024-07-09,0.007147745769827907
2024-07-10,0.009385631760983282
2024-07-11,0.0019273759957316727
2024-07-12,0.0021509956750906944
2024-07-15,0.008531110664595776
2024-07-16,0.0029806529472227172
2024-07-17,-0.02716128225947667
2024-07-18,0.015422083063571845
2024-07-19,-0.003317696917634949
2024-07-22,0.01344832752667191
2024-07-23,-0.0021244868995450306
2024-07-24,-0.014812086899228416
2024-07-25,-0.0025882096214300265
2024-07-26,0.014836266755670513
2024-07-29,0.005301362491045625
2024-07-30,0.0022638095015674597
2024-07-31,0.031969437461786265
2024-08-01,0.0
2024-08-02,0.0
2024-08-05,0.0
2024-08-06,0.010818539756970003
2024-08-07,0.017709567519991865
2024-08-08,0.01911237923227649
2024-08-09,-0.0018962301939406956
2024-08-12,0.0032013635235021987
2024-08-13,0.012754166363153185
2024-08-14,0.006710296157316886
2024-08-15,0.011721382815853332
2024-08-16,-0.005609080530064703
2024-08-19,0.00035928403779261764
2024-08-20,-0.0027091451415266476
2024-08-21,0.0017397620571451
2024-08-22,0.00625498736184027
2024-08-23,0.010520803692651404
2024-08-26,-0.002635718310277313
2024-08-27,-0.005383291568831217
2024-08-28,-0.0005870704729287191
2024-08-29,-0.002014263380687664
2024-08-30,0.009797518808206895
2024-09-03,-0.009935721097957373
2024-09-04,-0.008217470652789327
2024-09-05,-0.0023920410965280192
2024-09-06,0.001988913370402745
2024-09-09,0.010719966895063493
2024-09-10,0.005061409683946749
2024-09-11,0.0028018465535895043
2024-09-12,-0.0017461703683193663
2024-09-13,0.0003756099454981232
2024-09-16,-0.008570935947434521
2024-09-17,0.006195753757488598
2024-09-18,0.0021994012977328836
2024-09-19,0.019626210059216165
2024-09-20,-0.0029448245874038603
2024-09-23,0.00388643963818458
2024-09-24,0.004241765221089322
2024-09-25,-0.0002468371751516152
2024-09-26,0.015692071549462172
2024-09-27,0.002207319708543265
2024-09-30,-0.007608264900328177
2024-10-01,7.773250590914493e-05
2024-10-02,-0.0012717592565073543
2024-10-03,0.00319815696559278
2024-10-04,0.005793848238284882
2024-10-07,-0.0002555615926873589
2024-10-08,0.004159148663074541
2024-10-09,0.0017257495529519051
2024-10-10,-0.001933149775645071
2024-10-11,-0.0018320864972443118
2024-10-14,0.004142397360954009
2024-10-15,-0.0005607158605209772
2024-10-16,0.005056142469237468
2024-10-17,0.007811243713163218
2024-10-18,0.0034860183164258096
2024-10-21,5.192617630700447e-05
2024-10-22,-0.0020467349961624803
2024-10-23,-0.003637299218894108
2024-10-24,0.0033984159438296135
2024-10-25,0.0018909580313064556
2024-10-28,0.0034510211664415813
2024-10-29,0.0008527941959499685
2024-10-30,-0.006965508011071209
2024-10-31,-0.002826952715171749
2024-11-01,0.003025907277198092
2024-11-04,-0.0013087100105318994
2024-11-05,0.008039066904855341
2024-11-06,0.026628918816490765
2024-11-07,0.0
2024-11-08,0.0
2024-11-11,0.0
2024-11-12,-0.0027459503133208107
2024-11-13,0.005660464560480971
2024-11-14,0.002508670188773987
2024-11-15,-0.005228908792699549
2024-11-18,0.010863159200048766
2024-11-19,-0.002811811902472039
2024-11-20,0.00393162677116643
2024-11-21,0.015870290772376894
2024-11-22,0.001115515842755599
2024-11-25,0.012114426019835145
2024-11-26,0.00020650735561522637
2024-11-27,0.004653780320815759
2024-11-29,0.007145375009582677
2024-12-02,0.007017674162927756
2024-12-03,-0.0027449211322090328
2024-12-04,0.00491721710540749
2024-12-05,0.0066005116248673
2024-12-06,0.001207248660192617
2024-12-09,-0.004668500650849561
2024-12-10,0.002145697456146456
2024-12-11,0.00561529780950587
2024-12-12,-0.0023437401682556702
2024-12-13,0.007923357078492232
2024-12-16,0.003989814969324712
2024-12-17,-0.003912537291287488
2024-12-18,0.003965703041860946
2024-12-19,0.005863946309272672
2024-12-20,-0.0024618374483383887
2024-12-23,0.002200042981144845
2024-12-24,0.0043528842853166605
2024-12-26,-0.001986226533829183
2024-12-27,-0.0014789284591106844
2024-12-30,-0.006024855478512392
2024-12-31,0.0024546476872231437
2025-01-02,0.004515813654910827
2025-01-03,0.002980167699386138
2025-01-06,0.008301266575292843
2025-01-07,0.0035050284906881224
2025-01-08,0.0012979553883631922
2025-01-10,-0.003936207087392729
2025-01-13,-0.010245732643535232
2025-01-14,0.0056430601457340135
2025-01-15,0.005671705415889683
2025-01-16,0.004404057480874135
2025-01-17,0.0076080824419551
2025-01-21,0.0024985177597833808
2025-01-22,0.004879222675513439
2025-01-23,-0.00437837798914098
2025-01-24,0.002681816192135811
2025-01-27,-0.026208046296388066
2025-01-28,0.004162199242389697
2025-01-29,-0.0015015793209485206
2025-01-30,0.002737205894548511
2025-01-31,-0.0002805156225618166
2025-02-03,-0.012382706227070606
2025-02-04,-0.00021713082726049215
2025-02-05,0.004452573025754525
2025-02-06,0.003996482116982447
2025-02-07,0.002264002330650383
2025-02-10,0.0018483065133971799
2025-02-11,-0.0027666174901859186
2025-02-12,-0.006491047294383656
2025-02-13,0.0005952112520575259
2025-02-14,0.0018208286755321268
2025-02-18,0.003833333532726746
2025-02-19,0.00022557810238277298
2025-02-20,0.0014151864839409
2025-02-21,0.0006660310235258038
2025-02-24,0.0038625664148475014
2025-02-25,-0.0017633655675610704
2025-02-26,0.006236699968246162
2025-02-27,0.006181264744091308
2025-02-28,-0.0031549783895378214
2025-03-03,0.002186770960139306
2025-03-04,-0.005379456130904625
2025-03-05,0.0029969928005157964
2025-03-06,-0.009233122092967894
2025-03-07,0.0015443149642757614
2025-03-10,-0.007381681321756095
2025-03-11,0.0013726772692956857
2025-03-12,0.009989273353999018
2025-03-13,0.0
2025-03-14,0.0
2025-03-17,0.0
2025-03-18,-0.004334433294088003
2025-03-19,0.0036611898712959334
2025-03-20,-0.0029780219908263073
2025-03-21,-0.004802929310801063
2025-03-24,0.00622886484578955
2025-03-25,-0.0017322421577754543
2025-03-26,-0.004038980247993984
2025-03-27,-0.005727742768315003
2025-03-28,-0.0009062075576791173
2025-03-31,0.00413272316771085
2025-04-01,0.003973329933153691
2025-04-02,0.006766270004107566
2025-04-03,0.021530492064675055
2025-04-04,0.01940217095061314
2025-04-07,0.01794982365807507
2025-04-08,-0.01776120571809492
2025-04-09,0.0010761037607476265
2025-04-10,0.020303375610702723
2025-04-11,0.0034545679299753385
2025-04-14,-0.011967463870635187
2025-04-15,-0.0019464044012988957
2025-04-16,0.01782682970964622
2025-04-17,-0.005137549038547462
2025-04-21,0.007331917010417355
2025-04-22,-0.006886147680154275
2025-04-23,-0.01383349667410727
2025-04-24,-0.004278493003244899
2025-04-25,0.0009168431551171974
2025-04-28,-0.0005687078485193675
2025-04-29,0.0023739427696487514
2025-04-30,0.005778445499146523
2025-05-01,-0.004855106839274259
2025-05-02,-0.009696781505543095
2025-05-05,0.007759489718317303
2025-05-06,0.01194237595962555
2025-05-07,-0.0009526891133654347
2025-05-08,-0.005282017423611229
2025-05-09,-0.002064191010996197
2025-05-12,-0.024236485078913406
2025-05-13,-0.002369647985032808
2025-05-14,-0.001986777374703985
2025-05-15,0.0037910867988417696
2025-05-16,0.0003924969693132052
2025-05-19,0.007239377039250705
2025-05-20,0.0024562571036577108
2025-05-21,0.004949548948394167
2025-05-22,-5.990652530041274e-06
2025-05-23,0.009695361952462456
2025-05-27,-0.00699132203741859
2025-05-28,0.0005706338733242333
2025-05-29,0.009319649161875443
2025-05-30,0.0
2025-06-02,0.0
2025-06-03,0.0
2025-06-04,0.0011228255644872842
2025-06-05,-0.0022256567000328298
2025-06-06,0.013677275909270259
2025-06-09,-0.00268570185858219
2025-06-10,0.00348519724627816
2025-06-11,0.006279899210904549
2025-06-12,-0.0040159213742987365
2025-06-13,-0.00991037640817971
2025-06-16,0.00796962216178465
2025-06-17,-0.0034091214690613603
2025-06-18,0.0010391819342132624
2025-06-20,0.005672897273367283
2025-06-23,0.0018580890627608593
2025-06-24,0.008810008606808806
2025-06-25,0.004198527922987694
2025-06-26,0.0021328780329106234
2025-06-27,0.0007118521612829998
2025-06-30,0.0038761055098592845
2025-07-01,-0.013725152382034422
2025-07-02,-0.0008469443601114568
2025-07-03,0.00362530406250805
2025-07-07,-0.002382416159205869
2025-07-08,0.0026551359787843065
2025-07-09,0.0022106648177255828
2025-07-10,0.00292332611091517
2025-07-11,-0.0016350061404545313
2025-07-14,-0.00025529140646862736
2025-07-15,0.008730667513061618
2025-07-16,0.00013026842915131454
2025-07-17,0.0006119921860607835
2025-07-18,0.0015672044585268718
2025-07-21,0.0010209667354217355
2025-07-22,-0.0003271545497407491
2025-07-23,0.0020438167106069383
2025-07-24,0.0029579654004308065
2025-07-25,-0.0010471108035874366
2025-07-28,0.003018386006792939
2025-07-29,0.002905506252069312
2025-07-30,0.0012156798590476914
2025-07-31,0.008477056474439859
2025-08-01,-0.007735563734862949
2025-08-04,0.005644326579526293
2025-08-05,0.00330398159978329
2025-08-06,-0.0031492803476428355
2025-08-07,0.004788679353974867
2025-08-08,0.002167661854560743
2025-08-11,-5.798068782481014e-05
2025-08-12,0.0032090005584965997
2025-08-13,0.0030963472305405304
2025-08-14,-0.003926624444715254
2025-08-15,-1.7651492840276006e-05
2025-08-18,-0.0021072687889504005
2025-08-19,-0.0016220008958206522
2025-08-20,-0.002894627859726273
2025-08-21,-0.0010610488796897188
2025-08-22,-0.0016438836251974065
2025-08-25,-0.0021411747098609712
2025-08-26,0.000711550604530542
2025-08-27,-2.15807218773012e-06
2025-08-28,0.0006372044799973775
2025-08-29,-0.003538757166560158
2025-09-02,-0.011340069911094819
2025-09-03,0.005307887776614173
2025-09-04,0.000731981335837073
2025-09-05,0.004895034960235911
2025-09-08,0.003942794638957192
2025-09-09,0.0027385465139957432
2025-09-10,0.010084066351297771
2025-09-11,0.004457775180932266
2025-09-12,0.003058871459693746
2025-09-15,0.007943293485712655
2025-09-16,0.0016567219610190698
2025-09-17,-0.00429496814791841
2025-09-18,0.009157737522184517
2025-09-19,0.002087641890187397
2025-09-22,-0.0003215654857990913
2025-09-23,0.002472368373401146
2025-09-24,0.004380047453655056
2025-09-25,-0.009801097609629772
2025-09-26,0.003540124051292892
2025-09-29,0.005756220646258914
2025-09-30,-0.0013016591827348378
2025-10-01,-0.00429914267533249
2025-10-02,0.01146661095046797
2025-10-03,0.003511177193665782
2025-10-06,0.018251182260027532
2025-10-07,0.0009310334719889735
2025-10-08,0.003778348386779262
2025-10-09,-0.001655021161844461
2025-10-10,0.0014034500127442229
2025-10-13,0.01870198928266631
2025-10-14,-0.012749080540191526
2025-10-15,0.01279497211767655
2025-10-16,0.004087647441052278
2025-10-17,-0.00490548477802788
2025-10-20,0.007082346906717829
2025-10-21,-0.0008706357450981583
2025-10-22,-0.001418872919036307
2025-10-23,-0.006000722372970557
2025-10-24,0.008265054000150762
2025-10-27,0.013161846572457003
2025-10-28,0.00312606392438064
2025-10-29,0.009081680839608364
2025-10-30,-0.008833466750948982
2025-10-31,0.015918068465437196
2025-11-03,0.009938487439689503
2025-11-04,-0.019333383355088385
2025-11-05,0.001331967224206032
2025-11-06,-0.000218237104200103
2025-11-07,-0.008770753738377213
2025-11-10,0.018392131624595187
2025-11-11,-0.007595533755096251
2025-11-12,0.007974258695371939
2025-11-13,-0.008153828618775338
2025-11-14,-0.017603093650899293
2025-11-17,-0.006313072884675308
2025-11-18,-0.00875367733637844
2025-11-19,0.004336027179564272
2025-11-20,0.023292251144869436
2025-11-21,0.0049115779604818055
2025-11-24,0.011361414715903129
2025-11-25,-0.008033202175916743
2025-11-26,0.008399267882382544
2025-11-28,0.0028276697774194393
2025-12-01,-0.009356125848017816
2025-12-02,0.0042194589207775746
2025-12-03,-0.0013091967346473554
2025-12-04,0.005416614727958402
2025-12-05,0.002902472043962989
2025-12-08,-0.00038254016358185705
2025-12-09,-0.0022640432897492735
2025-12-10,-0.000584599472766345
2025-12-11,-0.007287432638202307
2025-12-12,-0.0037015929857818763
2025-12-15,0.009133865068498004
2025-12-16,-0.003729535656480043
2025-12-17,0.00035391486732705424
2025-12-18,0.01702216679648294
2025-12-19,0.005528471651942368
2025-12-22,0.01056457792119092
2025-12-23,-0.0013433845371608744
2025-12-24,-0.00037743407723422884
2025-12-26,0.001538418303794531
2025-12-29,-0.006723777558046984
2025-12-30,0.00021717775803753447
2025-12-31,0.001691065969411154
2026-01-02,0.010091170920023096
2026-01-05,0.010422932303580046
2026-01-06,0.0015288978198635395
2026-01-07,0.00016527566267066085
2026-01-08,3.668747150431528e-05
2026-01-09,0.0022258684718674537
2026-01-12,-0.005015695125483388
2026-01-13,0.0016030474903760972
2026-01-14,-0.005061014265839159
2026-01-15,0.00953359937887055
2026-01-16,0.006118844841539239
2026-01-20,-0.011333152612320707
2026-01-21,0.004113912817220067
2026-01-22,0.007317360270382656
2026-01-23,-0.0012518426268774974
2026-01-26,-0.0018469409529983105
2026-01-27,0.005987040321930648
2026-01-28,0.0065343123249501645
2026-01-29,-0.0008022308259731936
2026-01-30,-0.0012712362999782734
2026-02-02,-0.005922234658928716
2026-02-03,0.006948661689029523
2026-02-04,-0.004329838387980289
2026-02-05,-0.008825858535803421
2026-02-06,0.004193320495117225
2026-02-09,-0.004831890057868549
2026-02-10,0.0002860853243997763
2026-02-11,0.010233460030679042
2026-02-12,0.0043332463129996945
2026-02-13,-0.0016631646920979293
2026-02-17,-0.0070954794688826706
2026-02-18,0.0021417402965668852
2026-02-19,-0.005323314064107687
2026-02-20,-0.004191597508337863
2026-02-23,-0.0022514236181387925
2026-02-24,0.003020468081682992
2026-02-25,0.005541014373964925
2026-02-26,-0.0028303050693079257
2026-02-27,-0.01063738176264839
2026-03-02,-0.012894999797823159
2026-03-03,-0.018183712498297422
2026-03-04,0.006028079769506922
2026-03-05,-0.004398410039918366
2026-03-06,-0.01338821748271024
2026-03-09,-0.007619918268597092
2026-03-10,0.0011645450591388773
2026-03-11,0.003014214966335471
2026-03-12,-0.00631172016835424
2026-03-13,0.005218312053401508
2026-03-16,0.009504521134600319
2026-03-17,0.003756335401835953
2026-03-18,-0.0005077144636526087
2026-03-19,-0.01110697156607754
2026-03-20,-0.0012963747121855773
2026-03-23,0.011206485939230015
2026-03-24,-0.004912322073929665
2026-03-25,0.005921733824861386
2026-03-26,-0.008350368405942166
2026-03-27,-0.002830120886253229
2026-03-30,0.005392551477313656
2026-03-31,0.007866372840115154
2026-04-01,0.00762475442839694
2026-04-02,0.0013911448339172239
2026-04-06,0.00048376791095416927
2026-04-07,0.002711192556464903
2026-04-08,-0.00507617344518585
2026-04-09,0.0005202528625507519
2026-04-10,-0.0021220241914604587
2026-04-13,0.002573157600529896
2026-04-14,0.004909533201640226
2026-04-15,-0.0014696231599902188
2026-04-16,-0.0006470078467196716
2026-04-17,0.0076379933343537765
2026-04-20,-4.1879907785147275e-05
2026-04-21,0.0028897862300558685
2026-04-22,0.00837446651991991
2026-04-23,0.0004243219751565164
2026-04-24,0.016087329229499403
2026-04-27,0.0014406156240449608
2026-04-28,-0.016277432453149943
2026-04-29,0.004968631677434665
2026-04-30,0.010038513123431736
2026-05-01,-0.0005191437256973908
2026-05-04,0.002889657808242685
2026-05-05,0.01205324068288749
2026-05-06,0.017413158657166194
2026-05-07,-0.0037378386059986335
2026-05-08,0.010928491411685615
2026-05-11,0.007522413745593148
2026-05-12,-0.011243117773135247
2026-05-13,0.01369728036951412
2026-05-14,-0.004423351100930839
2026-05-15,-0.02133845351056085
2026-05-18,0.011154469139691647
2026-05-19,-0.010475102322139551
2026-05-20,0.01475880260399376
2026-05-21,-0.00285822202853947
2026-05-22,0.005719993771442056
2026-05-26,0.021247453593768117
2026-05-27,0.011959870164460096
2026-05-28,0.0007665261775025023
2026-05-29,0.00848002369068257
2026-06-01,0.0014844008388228414
2026-06-02,0.005875226981803872
2026-06-03,0.008082774694601946
2026-06-04,-0.03019897142015504
2026-06-05,-0.025795247896381657
2026-06-08,0.034835459881280784
2026-06-09,0.0
2026-06-10,0.0
2026-06-11,0.0
2026-06-12,-0.004085918271817479
2026-06-15,0.034103383233371476
2026-06-16,0.0
2026-06-17,0.0
2026-06-18,0.0
2026-06-22,0.012831423077724224
2026-06-23,-0.05647012696166542
2026-06-24,0.00709930279014781
2026-06-25,0.05011214406868869
2026-06-26,0.0
2026-06-29,0.0
2026-06-30,0.0
2026-07-01,-0.02685219445856568
2026-07-02,0.0011136053591536133
2026-07-06,0.015436192874584975
2026-07-07,-0.029043585083608714
2026-07-08,-0.011698307469787284
2026-07-09,0.027067468904774517
2026-07-10,0.0
2026-07-13,0.0
2026-07-14,0.0
2026-07-15,0.0038714918413873534
2026-07-16,-0.014414342732201324
2026-07-17,-0.01970904988308797
2026-07-20,0.014155712562349265
2026-07-21,0.024816974608615983
2026-07-22,0.0
2026-07-23,0.0
2026-07-24,0.0
2026-07-27,0.006376989991597304
2026-07-28,-0.017654482790576576
2026-07-29,-8.922654000720343e-05
2026-07-30,0.02114458762647442
2026-07-31,0.0
2026-08-03,0.0
2026-08-04,0.0
2026-08-05,-0.0016487072001184488
2026-08-06,-0.011000428446880428
2026-08-07,0.010810657590432315
2026-08-10,-0.002825073731838934
2026-08-11,0.0055563633319895
2026-08-12,0.014398599914185128
2026-08-13,0.0011813881798474757
2026-08-14,0.0035960694996690634
