index,return
2000-01-03,0.0
2000-01-04,0.0
2000-01-05,-0.01573276995418682
2000-01-06,0.011109899183693761
2000-01-07,-0.015008385593735851
2000-01-10,0.019521513519407563
2000-01-11,-0.0024872434720497605
2000-01-12,-0.0008009286544796712
2000-01-13,0.008022360653201055
2000-01-14,-0.003779111715520145
2000-01-18,0.0020254298201873855
2000-01-19,0.007487692711227956
2000-01-20,0.04058514624553111
2000-01-21,0.008504526441190263
2000-01-24,0.006139788374073252
2000-01-25,-0.0006334871107012141
2000-01-26,-0.019470071066053696
2000-01-27,0.01288314039231242
2000-01-28,-0.006573075952922447
2000-01-31,0.00867204906356478
2000-02-01,0.004855185062117462
2000-02-02,0.006913986493551683
2000-02-03,0.01767013090935876
2000-02-04,0.01143334594234613
2000-02-07,0.0021604559829684344
2000-02-08,0.005969824619688202
2000-02-09,0.012539182630786128
2000-02-10,0.024939885163041353
2000-02-11,0.014427787639536005
2000-02-14,-0.01650329196208289
2000-02-15,0.013406506839005239
2000-02-16,0.014105586917457114
2000-02-17,0.003920028763650274
2000-02-18,-0.007122142340852289
2000-02-22,-0.024568217145643056
2000-02-23,-0.0022292489973566587
2000-02-24,0.009179038630079184
2000-02-25,-0.0009774365655993433
2000-02-28,-0.0004155863177598418
2000-02-29,0.016290225418283955
2000-03-01,0.023989750635591722
2000-03-02,0.0
2000-03-03,0.0
2000-03-06,0.0
2000-03-07,0.0
2000-03-08,0.0
2000-03-09,0.0
2000-03-10,0.0
2000-03-13,0.0
2000-03-14,0.0
2000-03-15,0.0
2000-03-16,0.0
2000-03-17,0.0
2000-03-20,0.0
2000-03-21,0.0
2000-03-22,0.0
2000-03-23,0.0
2000-03-24,0.0
2000-03-27,0.0
2000-03-28,0.0
2000-03-29,0.0
2000-03-30,0.0
2000-03-31,0.0
2000-04-03,0.0
2000-04-04,0.01827424961166968
2000-04-05,-0.012233472595998052
2000-04-06,0.05929951262115729
2000-04-07,0.0
2000-04-10,0.0
2000-04-11,0.0
2000-04-12,0.0
2000-04-13,0.0
2000-04-14,-0.03750226524361677
2000-04-17,-0.034319215621844146
2000-04-18,0.027704603344958167
2000-04-19,0.013614712607248336
2000-04-20,0.018349850612570773
2000-04-24,-0.05066123469109163
2000-04-25,0.03428891837061343
2000-04-26,0.018014728240830724
2000-04-27,-0.05223000503970843
2000-04-28,0.01035922666296396
2000-05-01,0.017418838357610378
2000-05-02,-0.0014547417537741358
2000-05-03,-0.009310257477622264
2000-05-04,-0.00796562574844184
2000-05-05,-0.007209531143386627
2000-05-08,-0.011347841429461658
2000-05-09,0.011544774654890233
2000-05-10,-0.012857013241556525
2000-05-11,0.012586363518643395
2000-05-12,0.012427596579652977
2000-05-15,0.00137669766342019
2000-05-16,0.023250421775640406
2000-05-17,0.029239150652434542
2000-05-18,-0.006404622395058013
2000-05-19,-0.016223036490840226
2000-05-22,-0.003670783737674821
2000-05-23,-0.005923574067298709
2000-05-24,0.00040810161341164886
2000-05-25,0.02666948988161022
2000-05-26,0.004908389785523104
2000-05-30,0.04154470169121005
2000-05-31,-3.679693224278857e-05
2000-06-01,0.07488798234780969
2000-06-02,0.0
2000-06-05,0.0
2000-06-06,0.0
2000-06-07,0.0
2000-06-08,0.0
2000-06-09,0.01307869641200643
2000-06-12,0.008394989263550645
2000-06-13,-0.014141152690781866
2000-06-14,0.010276184481913475
2000-06-15,-0.0027363764256000955
2000-06-16,0.00594150394817361
2000-06-19,0.006176285237852186
2000-06-20,0.006267981940363487
2000-06-21,-0.011138890821631553
2000-06-22,0.008533356551533533
2000-06-23,-0.006374991368347405
2000-06-26,0.010150862035643637
2000-06-27,0.006367520054205489
2000-06-28,0.011067050890687602
2000-06-29,-0.034112818400803824
2000-06-30,0.01563562416411579
2000-07-03,0.0177984811229559
2000-07-05,-0.032246414509355614
2000-07-06,-0.0017966043457381398
2000-07-07,0.0062291780980601175
2000-07-10,-0.0051136521714255645
2000-07-11,-0.0048923080194192
2000-07-12,0.02739280248573106
2000-07-13,0.03063173402332442
2000-07-14,0.02403450061004686
2000-07-17,0.005625530947410695
2000-07-18,-0.027730846832581424
2000-07-19,-0.013476019200875267
2000-07-20,-0.004217194673426294
2000-07-21,-0.023489365911598337
2000-07-24,0.008237861982669292
2000-07-25,0.014901103824519257
2000-07-26,-0.015566207871605342
2000-07-27,-0.037216734994238054
2000-07-28,0.006745600323330159
2000-07-31,0.03433669836183917
2000-08-01,-0.004377833088712979
2000-08-02,-0.008556536392234637
2000-08-03,-0.06474464328461371
2000-08-04,0.01885001090701177
2000-08-07,-0.002258127514239483
2000-08-08,-0.002880660101022503
2000-08-09,0.023061234613426018
2000-08-10,-0.023238482201891952
2000-08-11,-0.0029350177478155715
2000-08-14,0.022604974253591203
2000-08-15,0.008872633299695343
2000-08-16,0.025172019249082078
2000-08-17,-0.015735567351186974
2000-08-18,0.01107007227442769
2000-08-21,0.014780958340946393
2000-08-22,-0.015837166136396408
2000-08-23,-0.0027706844208285064
2000-08-24,0.0041756932290351045
2000-08-25,-0.0058490917882688676
2000-08-28,0.006149243876090393
2000-08-29,0.001239750106117432
2000-08-30,-0.006146491786562236
2000-08-31,0.0044359919519159074
2000-09-01,0.01748902945271813
2000-09-05,0.01714170911492574
2000-09-06,-0.028947265225694574
2000-09-07,0.012687769272813787
2000-09-08,-0.007462025299383002
2000-09-11,-0.020135188766148837
2000-09-12,0.012163272939352598
2000-09-13,-0.012574580078720698
2000-09-14,0.015402924165172749
2000-09-15,-0.004388732062944989
2000-09-18,0.010337487711154392
2000-09-19,-0.004541455441180231
2000-09-20,-0.01148823034582036
2000-09-21,-0.010879489353557537
2000-09-22,-0.058251500658517696
2000-09-25,0.014013558776377222
2000-09-26,0.01155383494918305
2000-09-27,0.011925544314631997
2000-09-28,-0.010064826699376805
2000-09-29,-0.02339168289352278
2000-10-02,0.012297625974538429
2000-10-03,0.025356277118767423
2000-10-04,-0.0008111452814499875
2000-10-05,-0.010321312187400178
2000-10-06,0.00833527993272365
2000-10-09,0.004879175834587635
2000-10-10,-0.02256099480596918
2000-10-11,-0.03554398907556988
2000-10-12,0.031226622172892293
2000-10-13,-0.011164300346723999
2000-10-16,-0.004388035226275067
2000-10-17,-0.04269250357321963
2000-10-18,-0.02591688155182592
2000-10-19,0.08914021747786838
2000-10-20,0.0
2000-10-23,0.0
2000-10-24,0.0
2000-10-25,0.0
2000-10-26,0.0
2000-10-27,0.008977626770758862
2000-10-30,-0.008526242290431973
2000-10-31,0.04194076272950498
2000-11-01,-0.02757188766327867
2000-11-02,0.02720352883414079
2000-11-03,0.008872613819978614
2000-11-06,0.02628181528314455
2000-11-07,0.008920483247019106
2000-11-08,0.006211114840373844
2000-11-09,-0.040778588280913075
2000-11-10,0.0005812972701191299
2000-11-13,-0.0374041357045074
2000-11-14,0.04980005396686238
2000-11-15,0.010595972288822919
2000-11-16,-0.026333778828348864
2000-11-17,0.005094182150651383
2000-11-20,-0.02479999424816981
2000-11-21,0.019659610813391515
2000-11-22,0.008261539945267016
2000-11-24,0.03453628243015916
2000-11-27,0.03901864508803188
2000-11-28,0.0006764237426439834
2000-11-29,0.0037892177866538646
2000-11-30,-0.0856793479620559
2000-12-01,0.03551544611769186
2000-12-04,0.01761287948684287
2000-12-05,0.03424024579620655
2000-12-06,0.006538746656922001
2000-12-07,-0.033457217002051176
2000-12-08,0.08027329274734463
2000-12-11,0.0
2000-12-12,0.0
2000-12-13,0.0
2000-12-14,0.0
2000-12-15,0.0
2000-12-18,0.014695724439267366
2000-12-19,-0.0001772857025665875
2000-12-20,-0.04389579198470728
2000-12-21,-0.008201087911116067
2000-12-22,0.05134879013261351
2000-12-26,0.0
2000-12-27,0.0
2000-12-28,0.0
2000-12-29,0.0
2001-01-02,0.0
2001-01-03,-0.009897180566148744
2001-01-04,-0.008918025531850615
2001-01-05,0.0028871647826462787
2001-01-08,-0.008286839367290022
2001-01-09,0.030452993597699596
2001-01-10,-0.018100916551944457
2001-01-11,-0.015051003800338747
2001-01-12,0.004496241408332269
2001-01-16,0.0017737855631099197
2001-01-17,0.07443486753091055
2001-01-18,0.0
2001-01-19,0.0
2001-01-22,0.0
2001-01-23,0.0
2001-01-24,0.0
2001-01-25,-0.010456812525216352
2001-01-26,-0.03429906797324722
2001-01-29,-0.005164048113767583
2001-01-30,0.013881000539494481
2001-01-31,-0.00473550360731223
2001-02-01,0.00802815201437812
2001-02-02,0.010888722147635477
2001-02-05,-0.008437964255808894
2001-02-06,0.01421557033436116
2001-02-07,-0.007491393364442156
2001-02-08,0.00786381824583482
2001-02-09,-0.007413674847146057
2001-02-12,-0.005016676267014075
2001-02-13,0.004244822952462535
2001-02-14,0.00024839968639445154
2001-02-15,0.001229427710057296
2001-02-16,-0.03863624619573647
2001-02-20,0.010324775087491966
2001-02-21,-0.03301848500666116
2001-02-22,-0.008044603251716853
2001-02-23,-0.0010439259372693188
2001-02-26,0.024250359618902317
2001-02-27,-0.012864636557831766
2001-02-28,0.008438647975197444
2001-03-01,-0.01263666561707455
2001-03-02,-0.05068309206241883
2001-03-05,0.01551244851610667
2001-03-06,0.06205972979891139
2001-03-07,0.0
2001-03-08,0.0
2001-03-09,0.0
2001-03-12,0.0
2001-03-13,0.0
2001-03-14,-0.04093001107264871
2001-03-15,0.04236079283656302
2001-03-16,-0.007378021468838258
2001-03-19,9.201143397707945e-05
2001-03-20,0.0014861435354194263
2001-03-21,-0.0031979047073915634
2001-03-22,0.032013612873084796
2001-03-23,0.02516047375252839
2001-03-26,0.0007475567794843485
2001-03-27,-0.017343998341578293
2001-03-28,-0.03011839303064978
2001-03-29,-0.008320004875851383
2001-03-30,-0.01706689185397159
2001-04-02,-0.0031262856140551465
2001-04-03,0.0
2001-04-04,0.0
2001-04-05,0.0
2001-04-06,0.0
2001-04-09,0.0
2001-04-10,0.0
2001-04-11,0.0
2001-04-12,0.0
2001-04-16,0.0
2001-04-17,0.0
2001-04-18,0.0
2001-04-19,0.0
2001-04-20,0.0
2001-04-23,0.0
2001-04-24,0.0
2001-04-25,0.0
2001-04-26,0.0
2001-04-27,0.0
2001-04-30,0.0
2001-05-01,0.0
2001-05-02,0.044458668051879924
2001-05-03,-0.05924756740721526
2001-05-04,-0.04069981493322239
2001-05-07,-0.0010391947569133864
2001-05-08,0.04795231754233553
2001-05-09,-0.02619781259973686
2001-05-10,0.049975767683960726
2001-05-11,0.008485382159185928
2001-05-14,-0.0005911153363704624
2001-05-15,0.007902510871275803
2001-05-16,-0.018734058251131724
2001-05-17,0.006687169179117047
2001-05-18,-0.00616555913632888
2001-05-21,-0.006395138325054339
2001-05-22,0.0013663054284420717
2001-05-23,0.003502093501687842
2001-05-24,-0.014823995822102143
2001-05-25,0.01130728631862632
2001-05-29,-0.01019150711622896
2001-05-30,-0.013195987756956962
2001-05-31,-0.0034224026089306747
2001-06-01,0.016254730484988933
2001-06-04,-0.015502622464127702
2001-06-05,0.012746079585895576
2001-06-06,0.048124508416711675
2001-06-07,-0.012626460913313431
2001-06-08,0.013983432538355878
2001-06-11,-0.013100409673327151
2001-06-12,-0.0343552938097349
2001-06-13,0.004416218464673438
2001-06-14,-0.02167152277632578
2001-06-15,-0.017171966196952604
2001-06-18,0.0030085425789030396
2001-06-19,0.03169464408566158
2001-06-20,-0.034979814407825605
2001-06-21,-0.0025513275049098283
2001-06-22,-0.00016501957329007055
2001-06-25,0.025380325895665745
2001-06-26,-0.014836121341815778
2001-06-27,-0.0020266932504177104
2001-06-28,0.013360829667533602
2001-06-29,0.004190333188134554
2001-07-02,-0.0002642976325242241
2001-07-03,-0.009748480097769963
2001-07-05,-0.024095467879868715
2001-07-06,-0.07858324378951487
2001-07-09,0.03608098008378047
2001-07-10,0.01461755849029922
2001-07-11,-0.008038282409274289
2001-07-12,0.0492146886639675
2001-07-13,-0.013370850804966805
2001-07-16,0.014597058479970615
2001-07-17,-0.02443273906402088
2001-07-18,-0.01587206670999508
2001-07-19,0.021472960425860776
2001-07-20,0.003583547764542727
2001-07-23,0.012547238203340694
2001-07-24,-0.017007557373041826
2001-07-25,0.0025549413053636005
2001-07-26,0.0015040956227660995
2001-07-27,-0.009578390143983095
2001-07-30,0.020495488484947533
2001-07-31,0.02037643886237195
2001-08-01,0.06701064938622525
2001-08-02,0.0
2001-08-03,0.0
2001-08-06,0.0
2001-08-07,0.0
2001-08-08,0.0
2001-08-09,-0.009456510953906094
2001-08-10,-0.0022262847211592662
2001-08-13,0.017230842066824348
2001-08-14,-0.008456553743053763
2001-08-15,0.01272480910745366
2001-08-16,-0.01383624549322604
2001-08-17,-0.02194003570604719
2001-08-20,-0.006508785986246046
2001-08-21,0.005368575254836028
2001-08-22,0.01611794941185063
2001-08-23,0.0018820250482778356
2001-08-24,0.012678529503300062
2001-08-27,-0.0038597363993118083
2001-08-28,0.004689269997701917
2001-08-29,0.009303122655639262
2001-08-30,-0.010944136981040131
2001-08-31,-0.004730602810186113
2001-09-04,-0.014771420030427973
2001-09-05,-0.005444148238792357
2001-09-06,-0.012787899830217664
2001-09-07,-0.003958484723642575
2001-09-10,-0.0028196713422647957
2001-09-17,-0.10417547820490847
2001-09-18,0.007476915520825855
2001-09-19,0.023597672233503175
2001-09-20,-0.023604423327797774
2001-09-21,-0.05095123564659321
2001-09-24,0.049680975039902986
2001-09-25,-0.008974110817766556
2001-09-26,-0.010474037847740036
2001-09-27,-0.0047915775585359865
2001-09-28,0.028751885055540605
2001-10-01,-0.0017188277245420158
2001-10-02,-0.010670306960813059
2001-10-03,-0.010424258098498562
2001-10-04,0.040986531544349836
2001-10-05,-0.025828670748850424
2001-10-08,-0.02629486295524841
2001-10-09,0.011434701446414897
2001-10-10,-0.005180131318284653
2001-10-11,0.03605350033035393
2001-10-12,-0.015380092099632425
2001-10-15,-0.03254169253417982
2001-10-16,-0.0004143989061138331
2001-10-17,0.039876029212805086
2001-10-18,0.002654516260760298
2001-10-19,-0.002397756360973169
2001-10-22,-0.005397325380481766
2001-10-23,0.012624705320390062
2001-10-24,-0.0016804590459386093
2001-10-25,-0.016921902025449076
2001-10-26,-0.0022988432713325624
2001-10-29,-0.013002211797691232
2001-10-30,-0.00848851525394978
2001-10-31,0.03449163982079084
2001-11-01,0.019069491977038888
2001-11-02,0.0019728465213062485
2001-11-05,0.011509237767967306
2001-11-06,-0.005060945790311355
2001-11-07,-0.007697419062449917
2001-11-08,0.03903418726946617
2001-11-09,0.0324825756800351
2001-11-12,0.0022077878653454786
2001-11-13,0.035467339109615414
2001-11-14,0.010145015403942637
2001-11-15,-0.003917346035841707
2001-11-16,-0.002806479797564654
2001-11-19,0.004804157705046608
2001-11-20,-0.009604452265785546
2001-11-21,-0.00788563817083654
2001-11-23,-0.0008507834659507996
2001-11-26,0.014581388635565906
2001-11-27,-0.008542994546582472
2001-11-28,-0.006310064193358111
2001-11-29,0.021771073096599203
2001-11-30,-0.002448508037965147
2001-12-03,0.007954040966328568
2001-12-04,0.01211632022047815
2001-12-05,0.03579272203434902
2001-12-06,-0.008148238322565837
2001-12-07,0.026239262624292214
2001-12-10,-0.016076399132773256
2001-12-11,0.013253135991115217
2001-12-12,0.009041151896180155
2001-12-13,-0.03490347196229471
2001-12-14,0.0013886651627790236
2001-12-17,0.0016754756257406633
2001-12-18,0.008680492868732737
2001-12-19,-0.027586496447029152
2001-12-20,-0.00487175326889
2001-12-21,0.007269723533389616
2001-12-24,0.0003096149026178274
2001-12-26,0.004486956750537452
2001-12-27,0.015209925832256666
2001-12-28,0.018132481916081744
2001-12-31,0.01090995276619422
2002-01-02,0.030159123562228718
2002-01-03,-0.007183651448837036
2002-01-04,-0.003384069762759623
2002-01-07,0.021263330960475724
2002-01-08,0.04198393851660054
2002-01-09,0.07134996884967992
2002-01-10,0.0
2002-01-11,0.0
2002-01-14,0.0
2002-01-15,0.0
2002-01-16,0.0
2002-01-17,0.03069288659424263
2002-01-18,-0.024810564877032038
2002-01-22,0.0032245524394334257
2002-01-23,0.005185093900707427
2002-01-24,0.02344711958949941
2002-01-25,-0.0008712411267213227
2002-01-28,0.004342354010764771
2002-01-29,-0.008539334502670748
2002-01-30,-0.0049702415891701435
2002-01-31,0.0362480225439028
2002-02-01,-0.020202821515923453
2002-02-04,-0.028809971054648553
2002-02-05,-0.026586090044441235
2002-02-06,0.026818186646415443
2002-02-07,0.005726817353928215
2002-02-08,0.016851748416327306
2002-02-11,0.0037753942651126415
2002-02-12,-0.007472307676362866
2002-02-13,0.010513462982158384
2002-02-14,0.004076754754444467
2002-02-15,-0.013540721601712713
2002-02-19,-0.02678553419132057
2002-02-20,-0.002463395523395917
2002-02-21,-0.004702759878377205
2002-02-22,-0.011945532543889414
2002-02-25,0.013950606548209565
2002-02-26,-0.024603172745266355
2002-02-27,0.021073030868982157
2002-02-28,0.004444679005564112
2002-03-01,0.003911779885774624
2002-03-04,0.011708334718633084
2002-03-05,-0.006142924631197921
2002-03-06,-0.0190101069691907
2002-03-07,0.012049631266097593
2002-03-08,0.019899456612101796
2002-03-11,0.0016859178072488046
2002-03-12,-0.008476688854099024
2002-03-13,-0.001810667090336504
2002-03-14,-0.010348096981572907
2002-03-15,0.027907083445562142
2002-03-18,0.013922272974732364
2002-03-19,0.0051990518217230886
2002-03-20,-0.0073771716141135535
2002-03-21,0.009524040690491065
2002-03-22,-0.0057284783095993275
2002-03-25,0.0031696387735880016
2002-03-26,-0.0059821324802209475
2002-03-27,-0.014690985312009519
2002-03-28,0.005973367278228281
2002-04-01,-0.013734348929026474
2002-04-02,-0.008009514475464274
2002-04-03,0.0011661622742977773
2002-04-04,0.0030435042554959324
2002-04-05,0.006024885330904395
2002-04-08,-0.03024271553393476
2002-04-09,0.005764595710518794
2002-04-10,0.014155254802174833
2002-04-11,-0.02564843863115851
2002-04-12,0.00973891398122495
2002-04-15,0.00762486381061378
2002-04-16,0.03140126868749693
2002-04-17,0.019256061200066288
2002-04-18,-0.01041644804657671
2002-04-19,0.006830637194753297
2002-04-22,-0.014726176890413556
2002-04-23,0.013165289547533376
2002-04-24,0.025854028371521176
2002-04-25,-0.026678374812142636
2002-04-26,0.010379238537623792
2002-04-29,0.00138088023220595
2002-04-30,-0.007514937918025821
2002-05-01,0.0016332620951613475
2002-05-02,0.01162740356050973
2002-05-03,-0.0011778323652924527
2002-05-06,-0.012652717307544914
2002-05-07,0.02423388921840064
2002-05-08,0.06533005977008188
2002-05-09,0.0
2002-05-10,0.0
2002-05-13,0.0
2002-05-14,0.0
2002-05-15,0.0
2002-05-16,0.00021935299948605547
2002-05-17,0.01670915237989745
2002-05-20,0.0005235549725721711
2002-05-21,0.014692898846259572
2002-05-22,-0.00527996510326223
2002-05-23,0.004643724616450129
2002-05-24,-0.0157405527643093
2002-05-28,0.015100161683923918
2002-05-29,-0.01794130175886255
2002-05-30,-0.021392408415226938
2002-05-31,0.003355435074672286
2002-06-03,-0.01007494936944775
2002-06-04,-0.0021174362881645203
2002-06-05,-0.0008900425033863124
2002-06-06,-0.013017195301769258
2002-06-07,-0.09215508671908534
2002-06-10,0.0067426349357890825
2002-06-11,0.013213845462905605
2002-06-12,-0.00042439087732837333
2002-06-13,-0.004630431791287082
2002-06-14,-0.02022603182408511
2002-06-17,0.02235254802293163
2002-06-18,-0.005534611597143302
2002-06-19,-0.08093310480646065
2002-06-20,-0.001216342000177062
2002-06-21,-0.011397118952893526
2002-06-24,-0.015333517918610706
2002-06-25,0.028433247982773135
2002-06-26,-0.08768065128914382
2002-06-27,0.04090869518141038
2002-06-28,-0.004630766647375273
2002-07-01,-0.0023714455993165684
2002-07-02,-0.018786739660402896
2002-07-03,-0.02273425645936955
2002-07-05,0.07277998868364044
2002-07-08,0.0
2002-07-09,0.0
2002-07-10,0.0
2002-07-11,0.0
2002-07-12,0.0
2002-07-15,0.0009781739209040463
2002-07-16,-0.008222777443121498
2002-07-17,0.03373383899695237
2002-07-18,-0.03125073563711134
2002-07-19,-0.017787680429455444
2002-07-22,-0.0009843770121858997
2002-07-23,0.016477849056538263
2002-07-24,-0.017025333606143223
2002-07-25,-0.040573103667682964
2002-07-26,0.022660900537616158
2002-07-29,0.03713908808012478
2002-07-30,-0.006763661857549508
2002-07-31,-0.09804912335104454
2002-08-01,-0.0005394047243676425
2002-08-02,0.010653299596286026
2002-08-05,0.0139753684388082
2002-08-06,0.043558874564649575
2002-08-07,0.04853183109642267
2002-08-08,-0.004179575602056285
2002-08-09,-0.03119711379448209
2002-08-12,-0.019869408114912113
2002-08-13,0.0010864790265590063
2002-08-14,0.006682884804116496
2002-08-15,0.009872466366101396
2002-08-16,-0.017815288081553415
2002-08-19,0.0215396329162596
2002-08-20,-0.00717114832915533
2002-08-21,0.03400882298262875
2002-08-22,-0.014447751070607806
2002-08-23,-0.019156134986928364
2002-08-26,0.007415138606241989
2002-08-27,0.007811420108154499
2002-08-28,-0.013536716753356881
2002-08-29,-0.029018486794211484
2002-08-30,-0.009750996031617887
2002-09-03,-0.0300876740665309
2002-09-04,0.007707215881993301
2002-09-05,-0.019751074195107465
2002-09-06,0.046588456580392235
2002-09-09,-0.011278063190130028
2002-09-10,0.012027427095340437
2002-09-11,0.027970676620788337
2002-09-12,-0.02194929157154979
2002-09-13,-0.027593971002226936
2002-09-16,-0.005506799536874496
2002-09-17,0.03653865086761132
2002-09-18,-0.011141330803861482
2002-09-19,-0.024088296264786924
2002-09-20,0.003926994577975629
2002-09-23,-0.03230483878793733
2002-09-24,-0.024529946357617294
2002-09-25,0.031111853517317156
2002-09-26,0.016007285965244034
2002-09-27,-0.005146162457160819
2002-09-30,-0.009769796521621799
2002-10-01,0.016614963634745017
2002-10-02,0.0009443337487382575
2002-10-03,-0.06241524904116802
2002-10-04,0.00752705665243858
2002-10-07,-0.003213802661520604
2002-10-08,0.025870762374141876
2002-10-09,-0.010910809799242194
2002-10-10,0.0027229157347383737
2002-10-11,0.056775665538062015
2002-10-14,0.0
2002-10-15,0.0
2002-10-16,0.0
2002-10-17,0.0
2002-10-18,0.0
2002-10-21,0.019200726878294994
2002-10-22,-0.03308308312551467
2002-10-23,0.00526553915015282
2002-10-24,0.023963143524901698
2002-10-25,-0.023022494325878107
2002-10-28,0.04740986358567123
2002-10-29,-0.0054022826174273675
2002-10-30,0.016337941536512135
2002-10-31,0.025123760430648234
2002-11-01,-0.005130285247476829
2002-11-04,0.017410500114656724
2002-11-05,-0.0017027419993436155
2002-11-06,0.009627269337290523
2002-11-07,-0.01542742560018584
2002-11-08,0.00016655106787299978
2002-11-11,-0.003753281495818439
2002-11-12,0.0036733001972293344
2002-11-13,-0.009216258765982532
2002-11-14,0.02776794237494995
2002-11-15,-0.02396654366086104
2002-11-18,0.0028122910586270145
2002-11-19,0.0015718623034233214
2002-11-20,0.0017979065671840377
2002-11-21,0.0018566549697518475
2002-11-22,-0.0051534745959262995
2002-11-25,0.00141817703713909
2002-11-26,-0.005492224936310852
2002-11-27,0.017182791372232664
2002-11-29,0.012692988788995496
2002-12-02,0.01828346398670133
2002-12-03,0.006317778083613668
2002-12-04,-0.032451102052400094
2002-12-05,0.011553231365659222
2002-12-06,-0.012556937823225423
2002-12-09,-0.005454315658819597
2002-12-10,0.02770923219629262
2002-12-11,0.011214319374130977
2002-12-12,-0.0013780538281634724
2002-12-13,0.009882174199643323
2002-12-16,-0.0006355071979422533
2002-12-17,-0.003266963129449185
2002-12-18,-0.008216765162031625
2002-12-19,0.0028670703601456626
2002-12-20,0.003061802122553914
2002-12-23,-0.0004312610663930183
2002-12-24,0.0018992941313502598
2002-12-26,-0.005078795727630259
2002-12-27,-0.001723101443038777
2002-12-30,-0.012861314638821453
2002-12-31,-0.008387510346001381
2003-01-02,0.026978217767017254
2003-01-03,0.0054849123690712265
2003-01-06,0.007372707745255447
2003-01-07,0.04232713925666953
2003-01-08,-0.013263508797722867
2003-01-09,0.017515426931878908
2003-01-10,-0.006218798202368259
2003-01-13,0.023454505956624905
2003-01-14,-0.013042710428868287
2003-01-15,0.0002671838864030107
2003-01-16,-0.006714427365111186
2003-01-17,-0.01017952912174902
2003-01-21,0.01977161193962451
2003-01-22,-0.0167526178894426
2003-01-23,0.008863966414671687
2003-01-24,0.006659514665292354
2003-01-27,-0.008949178784797507
2003-01-28,0.014119867840212352
2003-01-29,-0.013558936329496785
2003-01-30,0.0015575146157604802
2003-01-31,0.04977246720399875
2003-02-03,-0.0035964370949391755
2003-02-04,-0.0024835221753188863
2003-02-05,0.007954382643124536
2003-02-06,0.01932424454888282
2003-02-07,0.019433983497976648
2003-02-10,-0.0036210039370830893
2003-02-11,-0.006369756327942899
2003-02-12,0.000461014960969397
2003-02-13,0.006488047151628207
2003-02-14,0.045592698515083185
2003-02-18,0.03286241878250529
2003-02-19,0.02054784235034046
2003-02-20,0.0007007228306916691
2003-02-21,0.00849679026685779
2003-02-24,-0.0019870308656871893
2003-02-25,-0.020350099546492362
2003-02-26,-0.008906149261577068
2003-02-27,0.003215908319794014
2003-02-28,0.0005712012924570242
2003-03-03,0.008439254624003523
2003-03-04,-0.003614563871825127
2003-03-05,-0.005442314460943898
2003-03-06,-0.0032783079629364886
2003-03-07,-0.020324879037324828
2003-03-10,-0.0034682747524618085
2003-03-11,0.005698468653894562
2003-03-12,-0.0044181568238116364
2003-03-13,0.025758705515997793
2003-03-14,-0.0040293072343807745
2003-03-17,-0.015283877693459402
2003-03-18,0.007116479532334408
2003-03-19,0.009490642281516193
2003-03-20,0.0004090803109899621
2003-03-21,0.038635922913791365
2003-03-24,-0.035066390184235186
2003-03-25,0.0029783645820991023
2003-03-26,0.004693725529836268
2003-03-27,-0.011824011745005691
2003-03-28,-0.006889042454899186
2003-03-31,-0.03228733034372788
2003-04-01,0.009704362621456575
2003-04-02,0.03442945062762459
2003-04-03,0.01853805834316291
2003-04-04,0.008267636112255339
2003-04-07,0.06335396166685814
2003-04-08,0.0
2003-04-09,0.0
2003-04-10,0.0
2003-04-11,0.0
2003-04-14,0.0
2003-04-15,-0.019399044312378266
2003-04-16,0.021468852973826724
2003-04-17,-0.016704998142515692
2003-04-21,0.013019167976181523
2003-04-22,0.0031758442540734677
2003-04-23,0.002248261870216206
2003-04-24,-0.00016596363107923562
2003-04-25,-0.001896469669244727
2003-04-28,-0.0014348636866520215
2003-04-29,0.017898290441520803
2003-04-30,-0.0018540305869702012
2003-05-01,-0.00406428594310837
2003-05-02,0.003954279252999182
2003-05-05,0.010677616148045965
2003-05-06,-0.0018876107733667435
2003-05-07,-0.014201152252237836
2003-05-08,-0.010965119655131361
2003-05-09,0.06351463496268717
2003-05-12,0.0
2003-05-13,0.0
2003-05-14,0.0
2003-05-15,0.0
2003-05-16,0.0
2003-05-19,-0.021015765999560565
2003-05-20,0.016044754132650496
2003-05-21,-0.006779829207169685
2003-05-22,0.0070696177286939665
2003-05-23,0.011302625248077236
2003-05-27,-0.015793236177380043
2003-05-28,0.012698234261981689
2003-05-29,0.003812168195979071
2003-05-30,0.041695633739234905
2003-06-02,0.019131122775691622
2003-06-03,-0.009064772495762763
2003-06-04,0.006991669245203447
2003-06-05,-0.007800664325026796
2003-06-06,0.025997235433756538
2003-06-09,-0.007681608571647125
2003-06-10,-0.009754501525336079
2003-06-11,-0.008364872764247355
2003-06-12,0.0024417263651623777
2003-06-13,-0.02606300802217576
2003-06-16,0.011209931953479968
2003-06-17,0.01582819516271705
2003-06-18,-0.017254911454778865
2003-06-19,-0.0009979390167659252
2003-06-20,0.0120265998922775
2003-06-23,-0.0023248935005643068
2003-06-24,-0.00810723484539988
2003-06-25,0.009811141486602448
2003-06-26,0.003936776755587124
2003-06-27,0.00979089906400743
2003-06-30,0.014230965976427035
2003-07-01,-0.0013744061196964141
2003-07-02,0.027061511390524373
2003-07-03,-0.015237321148111826
2003-07-07,0.006317556346870479
2003-07-08,-0.007120839187018224
2003-07-09,0.0015631794602823934
2003-07-10,-0.02128518172385374
2003-07-11,0.0020125015930430035
2003-07-14,0.022982515664881742
2003-07-15,-0.009711228791293047
2003-07-16,0.014060133575928502
2003-07-17,-0.031592262417458716
2003-07-18,0.005307972422507579
2003-07-21,0.0026196926452952685
2003-07-22,0.014875429987300404
2003-07-23,-0.01812947983966129
2003-07-24,0.028437919066693684
2003-07-25,-8.85884405498194e-05
2003-07-28,0.005767318540997435
2003-07-29,0.024180056646488923
2003-07-30,-0.0034974132927978463
2003-07-31,0.012624971015449571
2003-08-01,-0.004773463273883394
2003-08-04,-0.006534840050899771
2003-08-05,0.014016793863274923
2003-08-06,-9.212803809133252e-05
2003-08-07,-0.014264446531271013
2003-08-08,-0.04046102044105848
2003-08-11,0.008763154921400895
2003-08-12,0.001688592102814468
2003-08-13,0.0011056601331693727
2003-08-14,-0.012251310695421513
2003-08-15,-0.003312606490135761
2003-08-18,0.008790015097964732
2003-08-19,0.013397020276327831
2003-08-20,-0.019850739825745034
2003-08-21,0.01580232312677432
2003-08-22,0.026532522776394174
2003-08-25,0.00383455755693074
2003-08-26,-0.008925861102600297
2003-08-27,0.004906354257955492
2003-08-28,0.004916701876268137
2003-08-29,-0.0028716893394101772
2003-09-02,0.00888335232922799
2003-09-03,0.012237698441294187
2003-09-04,-0.0034432808093923795
2003-09-05,-0.004055964322218886
2003-09-08,0.0022773645969045297
2003-09-09,-0.004728664595559429
2003-09-10,-0.012783467818417105
2003-09-11,0.0006808511339457812
2003-09-12,0.0025937055501124018
2003-09-15,0.007897476922713142
2003-09-16,0.004666740810027159
2003-09-17,-0.0005484589547732899
2003-09-18,-0.006166548839219743
2003-09-19,0.0011074203534904292
2003-09-22,-0.028634838862761636
2003-09-23,0.006618161760886476
2003-09-24,0.009326508601200212
2003-09-25,0.006794543958648536
2003-09-26,-0.011997273769405958
2003-09-29,0.01845794859080163
2003-09-30,-0.023434432200243327
2003-10-01,0.007582531458187658
2003-10-02,9.176424047452336e-05
2003-10-03,0.04873121706906858
2003-10-06,0.0037346646822975504
2003-10-07,-0.0020145670488026513
2003-10-08,0.005741828007777228
2003-10-09,0.021749753660823323
2003-10-10,0.006499406989195489
2003-10-13,0.004297090207623588
2003-10-14,-0.01692341251989149
2003-10-15,0.04040921378360918
2003-10-16,-0.014305761586635657
2003-10-17,-0.002837893170703487
2003-10-20,-0.00042667562873688336
2003-10-21,0.010208693126262824
2003-10-22,-0.016428227071990875
2003-10-23,-0.020152671389741417
2003-10-24,0.003795845020433841
2003-10-27,0.02597285921801684
2003-10-28,0.03900009950038141
2003-10-29,-0.07654100436381861
2003-10-30,0.013534514246266616
2003-10-31,0.0035432791277956177
2003-11-03,0.020145167149650423
2003-11-04,-0.008362997744432832
2003-11-05,-0.0020693258217625576
2003-11-06,0.01598228453358419
2003-11-07,0.0011901757840824256
2003-11-10,-0.015205706676474251
2003-11-11,-0.0035671117822348997
2003-11-12,0.009737695230121357
2003-11-13,-0.006887156048026921
2003-11-14,-0.00601523933114434
2003-11-17,-0.016818472903683657
2003-11-18,0.012189397723876505
2003-11-19,0.004436583824915186
2003-11-20,-0.031365753928146445
2003-11-21,0.016396258757810367
2003-11-24,0.006361256520843073
2003-11-25,0.012051585205599569
2003-11-26,0.011216765527244377
2003-11-28,-0.0006152600502229433
2003-12-01,0.014632690369887902
2003-12-02,0.008623554876115769
2003-12-03,0.013810470797683827
2003-12-04,0.010816303607463995
2003-12-05,-0.024243347043922392
2003-12-08,-0.005551909377746189
2003-12-09,0.01636068507429922
2003-12-10,-0.006444776906931571
2003-12-11,0.004861271770607356
2003-12-12,0.008483929743162255
2003-12-15,0.028481259104946588
2003-12-16,0.0033858517504528063
2003-12-17,-0.004012459301924509
2003-12-18,0.010723551381873753
2003-12-19,0.003466469114371984
2003-12-22,-0.006405371115334346
2003-12-23,0.0002307242523718056
2003-12-24,-0.0004287407287398848
2003-12-26,0.0010828911532896335
2003-12-29,0.007415044672669291
2003-12-30,0.0039057226130425615
2003-12-31,0.0011047643146651076
2004-01-02,0.014348149319798775
2004-01-05,0.011628297158576384
2004-01-06,0.0018585680356582035
2004-01-07,0.004213905197977708
2004-01-08,0.025094088605479792
2004-01-09,-0.006776328047922386
2004-01-12,0.002680033576075269
2004-01-13,0.006862085850714905
2004-01-14,0.0036677181594453323
2004-01-15,-0.013758298203903396
2004-01-16,0.011043897881253928
2004-01-20,0.01380655385777696
2004-01-21,-0.0233309216740335
2004-01-22,-0.0032016468420659194
2004-01-23,0.007942439125529166
2004-01-26,0.0009092732153321847
2004-01-27,-0.0007182233275597749
2004-01-28,0.016886060189659435
2004-01-29,0.006705270604618674
2004-01-30,0.0033307695404733995
2004-02-02,0.01628637500079022
2004-02-03,0.00042894874397525484
2004-02-04,-0.011340452690369651
2004-02-05,0.010127381075042408
2004-02-06,0.008156888164480902
2004-02-09,0.008583445771326303
2004-02-10,0.003957746607193835
2004-02-11,0.00023162635218998417
2004-02-12,0.003446072315218318
2004-02-13,0.011925979105695594
2004-02-17,0.025148517459616437
2004-02-18,0.0038090256177085724
2004-02-19,0.02875592136277083
2004-02-20,-0.008531143982089762
2004-02-23,-0.01667937072121639
2004-02-24,-0.041945711778889394
2004-02-25,0.009186722194580277
2004-02-26,-0.0044370186242556064
2004-02-27,0.009071860935750964
2004-03-01,-0.007310234560666151
2004-03-02,-0.010625039481060083
2004-03-03,-0.011864288723372307
2004-03-04,0.011802437845993996
2004-03-05,-0.011287349808911218
2004-03-08,0.030734946187595646
2004-03-09,-0.0083774166270153
2004-03-10,0.00037979611523053514
2004-03-11,-0.019236575286354918
2004-03-12,0.011720127471480213
2004-03-15,0.005272635388754887
2004-03-16,0.019035690973842945
2004-03-17,0.007678146058505364
2004-03-18,0.005762993079654555
2004-03-19,0.003608046297597811
2004-03-22,-0.00966093886166497
2004-03-23,0.018690066070789824
2004-03-24,-0.0029769425191443766
2004-03-25,0.014307838617349411
2004-03-26,-0.0014628882180188763
2004-03-29,0.04296105319602139
2004-03-30,0.00584124495793259
2004-03-31,0.002431562547684729
2004-04-01,0.007595634306056809
2004-04-02,0.02140612712691836
2004-04-05,-0.01006963093921065
2004-04-06,-0.019451563927545656
2004-04-07,-0.00028114862354100545
2004-04-08,0.01485089731493594
2004-04-12,0.00263963794546318
2004-04-13,0.00589620036362315
2004-04-14,-0.021228070444307634
2004-04-15,-0.011458396859762354
2004-04-16,0.0032600948188961087
2004-04-19,0.0032217152403810623
2004-04-20,0.004308151736454935
2004-04-21,0.001213795858984179
2004-04-22,-0.012471178859456478
2004-04-23,0.014742000724216497
2004-04-26,0.007826962960488348
2004-04-27,0.007489607633721418
2004-04-28,-0.010303194607990562
2004-04-29,-0.007156661526863672
2004-04-30,0.004866529596949221
2004-05-03,0.02165510650430935
2004-05-04,0.00856595295477014
2004-05-05,0.006874334773075308
2004-05-06,0.0014867793796877748
2004-05-07,0.01070382477539078
2004-05-10,-0.009131263356654373
2004-05-11,0.01140990423550603
2004-05-12,-0.008576257439517954
2004-05-13,-0.0063544724590940405
2004-05-14,0.003057814198729858
2004-05-17,-0.010576475616820402
2004-05-18,0.011990006683452625
2004-05-19,0.02524178907707153
2004-05-20,0.0005791970350326192
2004-05-21,0.011305759273093186
2004-05-24,0.007246053442992784
2004-05-25,0.00026958878764649086
2004-05-26,6.56558330835999e-05
2004-05-27,0.01017070918543772
2004-05-28,0.007707248478006079
2004-06-01,-0.00942001409733828
2004-06-02,0.009198576843703288
2004-06-03,-0.006120424295769644
2004-06-04,0.019562871975895124
2004-06-07,0.010133920980638589
2004-06-08,-0.0017067386265037232
2004-06-09,0.0010440509350200244
2004-06-10,0.013274481199930355
2004-06-14,-0.0017614778336243475
2004-06-15,0.016183955241336312
2004-06-16,-0.004987680048699317
2004-06-17,-0.0046564582426665835
2004-06-18,-0.015710721959647622
2004-06-21,0.003311144679928546
2004-06-22,0.007678178774614075
2004-06-23,0.006174517920221723
2004-06-24,0.0040261044429610315
2004-06-25,0.00765305610352307
2004-06-28,0.012213635117949595
2004-06-29,0.011596205270751003
2004-06-30,-0.008412709138634233
2004-07-01,0.003528280541044815
2004-07-02,0.000466848578560386
2004-07-06,-0.020773977742308714
2004-07-07,0.004454590463034203
2004-07-08,-0.008951376743409845
2004-07-09,0.006709762731993862
2004-07-12,-0.01800070200170223
2004-07-13,0.009200056337852036
2004-07-14,-0.042466455360897104
2004-07-15,0.006332473329615063
2004-07-16,0.018859108528376245
2004-07-19,0.00012170546630474455
2004-07-20,0.004196187505215665
2004-07-21,0.01673834056173029
2004-07-22,0.004461437638409116
2004-07-23,-0.007513946731076082
2004-07-26,0.007725018372948478
2004-07-27,0.001773654072126929
2004-07-28,-0.0076641132614537755
2004-07-29,0.009661207098330182
2004-07-30,-0.002606212470115832
2004-08-02,-0.008509557884414432
2004-08-03,-0.0021736882747328545
2004-08-04,-0.004481048541506438
2004-08-05,0.003842892183810731
2004-08-06,-0.11418997735320646
2004-08-09,0.019502894989738895
2004-08-10,0.02087663154846897
2004-08-11,-0.01931888856084396
2004-08-12,-0.0058325626882842485
2004-08-13,0.007364799591385918
2004-08-16,-0.0038095458517191094
2004-08-17,0.014514379679366751
2004-08-18,-0.0014122452968778898
2004-08-19,-0.0022785438502889166
2004-08-20,0.0035156397231985714
2004-08-23,0.011802285214532526
2004-08-24,0.012119860093965151
2004-08-25,0.007687546977935389
2004-08-26,-0.012010986720884631
2004-08-27,0.0033650360144674707
2004-08-30,-0.004091726316516109
2004-08-31,0.0019387826950967302
2004-09-01,0.0053322460977784925
2004-09-02,0.0012855294075995172
2004-09-03,-0.02465312094556582
2004-09-07,0.011165474139210652
2004-09-08,-0.001235884283115718
2004-09-09,0.019289643487066632
2004-09-10,-0.00392274292549466
2004-09-13,0.0055310511855459765
2004-09-14,-0.004829637498979911
2004-09-15,-0.015994243981397815
2004-09-16,0.010299620598237302
2004-09-17,0.011317833998897298
2004-09-20,-0.013397883798320409
2004-09-21,0.01480404440910843
2004-09-22,-0.0112036658460406
2004-09-23,0.0028638484687515398
2004-09-24,0.004311246890595921
2004-09-27,-0.009858466447622893
2004-09-28,-0.002077390321262751
2004-09-29,-0.0005357687405155298
2004-09-30,-0.0036183658385002815
2004-10-01,0.0083261743017633
2004-10-04,0.011031998918797692
2004-10-05,-0.01953081260536782
2004-10-06,0.0026554104868450334
2004-10-07,0.0047979103002682155
2004-10-08,-0.010097277567527985
2004-10-11,-0.0005857206369608292
2004-10-12,-0.025171881891452585
2004-10-13,0.026181124056775973
2004-10-14,-0.002388185734943815
2004-10-15,0.007585596337777112
2004-10-18,-0.009052518635748075
2004-10-19,0.018657827418058437
2004-10-20,-0.0053890715645329434
2004-10-21,0.010318640148425207
2004-10-22,0.0070880113754643315
2004-10-25,-0.004261535082566437
2004-10-26,0.038967927024299076
2004-10-27,-0.008907043417149207
2004-10-28,-0.004064713404168474
2004-10-29,-0.004529633806286237
2004-11-01,0.005797354520532316
2004-11-02,0.003509711087932965
2004-11-03,0.022254916618648313
2004-11-04,0.0027021272950156217
2004-11-05,0.008426687927781673
2004-11-08,0.005145693220139247
2004-11-09,-0.0009197589491061198
2004-11-10,-0.004253706394290457
2004-11-11,0.0050449685081011
2004-11-12,-0.0012077513312706012
2004-11-15,0.0005876337154702149
2004-11-16,0.0037908649598146216
2004-11-17,0.008588637172768365
2004-11-18,0.002701622096042522
2004-11-19,0.0188888288272282
2004-11-22,-0.005943363961951054
2004-11-23,-0.0034508678818229166
2004-11-24,0.0017991457055339666
2004-11-26,0.004884128433934043
2004-11-29,0.0013418029318792435
2004-11-30,0.0007068050510505852
2004-12-01,0.010518917599054989
2004-12-02,-0.007593377629110276
2004-12-03,0.0076432189970983
2004-12-06,-0.004693241238414747
2004-12-07,-0.007132790839540326
2004-12-08,-0.005618913287471106
2004-12-09,-0.0069463945145319395
2004-12-10,-0.004072473702528612
2004-12-13,0.013013093691158995
2004-12-14,0.00576948112837572
2004-12-15,0.00019811368003708196
2004-12-16,-0.011083061118060566
2004-12-17,-0.004684561486561822
2004-12-20,0.008148101497850613
2004-12-21,0.004953488149481933
2004-12-22,0.0013111514590824491
2004-12-23,0.0041152445492860235
2004-12-27,0.0065445895372509
2004-12-28,0.002216732767031049
2004-12-29,-0.003082612583209854
2004-12-30,0.0010008349564787355
2004-12-31,0.006258607374949987
2005-01-03,0.017303430497563888
2005-01-04,0.0019671426105098977
2005-01-05,-0.003596180145383543
2005-01-06,0.005121618041160403
2005-01-07,0.012071846648740614
2005-01-10,0.012703007198253013
2005-01-11,0.000573861270447118
2005-01-12,0.011345280760595378
2005-01-13,-0.0015246424364820932
2005-01-14,0.01120200092122503
2005-01-18,-0.005956663178616872
2005-01-19,0.005767897796147059
2005-01-20,-0.0042990459191191155
2005-01-21,0.005428255672721205
2005-01-24,-0.01019304576269564
2005-01-25,0.005172756585498872
2005-01-26,0.003848931136685385
2005-01-27,0.005722852569365111
2005-01-28,0.0027111791177907296
2005-01-31,0.01657034748813979
2005-02-01,0.002761531246667559
2005-02-02,0.015263869456964008
2005-02-03,-0.008465953555024774
2005-02-04,-0.0010921403801638085
2005-02-07,0.0015562121507128879
2005-02-08,-0.0016776428565810075
2005-02-09,-0.01803733803227503
2005-02-10,0.0051635689294118325
2005-02-11,0.0042331716229477845
2005-02-14,0.0075050099558864325
2005-02-15,0.009885160244570201
2005-02-16,-0.001780965254988498
2005-02-17,0.007620194875120889
2005-02-18,0.025393226328153773
2005-02-22,-0.006780475406211184
2005-02-23,0.002393046067394211
2005-02-24,-0.004385978860976358
2005-02-25,0.004853240382650226
2005-02-28,-0.0016268147196678573
2005-03-01,0.003635099368516137
2005-03-02,-0.006397845209565767
2005-03-03,0.0027352098175088546
2005-03-04,0.01149803237306557
2005-03-07,0.001230755288483154
2005-03-08,-0.007654388193388373
2005-03-09,-0.008778565883406864
2005-03-10,0.0049957221176824
2005-03-11,0.006511965341552406
2005-03-14,0.022159785568712342
2005-03-15,0.005733551496296174
2005-03-16,-0.04412863972372327
2005-03-17,0.00439421454726685
2005-03-18,0.030439959478450573
2005-03-21,0.002809721486277006
2005-03-22,-0.000160685358812529
2005-03-23,-0.004848067138667478
2005-03-24,0.007400017919299895
2005-03-28,0.002093033398758548
2005-03-29,-5.56034927174931e-05
2005-03-30,0.005565670312426718
2005-03-31,-0.0037979002411983043
2005-04-01,0.008288733975202245
2005-04-04,-0.0033466413096419068
2005-04-05,0.003169176903522253
2005-04-06,0.01032373595096625
2005-04-07,0.0011985633701447895
2005-04-08,0.0026382823031438907
2005-04-11,0.0024153402915465527
2005-04-12,-0.0016666293902867224
2005-04-13,-0.0012058871410566274
2005-04-14,0.000910503640396465
2005-04-15,-0.018901261607089714
2005-04-18,-0.0002801752223166032
2005-04-19,0.012854913573208782
2005-04-20,0.012208565523386117
2005-04-21,0.01740083513088253
2005-04-22,-0.0010674439702114125
2005-04-25,0.019458695334892084
2005-04-26,0.0021449023962956115
2005-04-27,-0.009550233700048372
2005-04-28,-0.006253685657316432
2005-04-29,0.008130854582941272
2005-05-02,0.0038275540751187
2005-05-03,-0.006266922502705219
2005-05-04,-0.004408976920424745
2005-05-05,0.0019339966150502264
2005-05-06,0.013545613336345186
2005-05-09,0.0038214684774238172
2005-05-10,-0.0009152060896427949
2005-05-11,0.0036452599130185614
2005-05-12,-0.00010448233382653882
2005-05-13,0.03603204365274948
2005-05-16,0.0020507051946743182
2005-05-17,-0.007399031358762964
2005-05-18,-0.00014005358830859738
2005-05-19,0.0023537703184639547
2005-05-20,0.0016209288179431791
2005-05-23,0.005729998016420712
2005-05-24,-0.007341972610841685
2005-05-25,-0.0035216904172761243
2005-05-26,0.004413388374530314
2005-05-27,-0.0011658913549673633
2005-05-31,-0.0017839511760108229
2005-06-01,-0.0029265307015021724
2005-06-02,-0.0012197943683536216
2005-06-03,-0.00019838683323880613
2005-06-06,-0.0143458387887192
2005-06-07,-0.0001079894706093043
2005-06-08,0.004781230794507874
2005-06-09,-0.00494932254513214
2005-06-10,0.0008033656632440156
2005-06-13,-0.002956545939263755
2005-06-14,-0.0009224627071482416
2005-06-15,0.005548294974943246
2005-06-16,0.004310162897633418
2005-06-17,0.011959962783352429
2005-06-20,-0.004013688980958219
2005-06-21,0.0006200690702371503
2005-06-22,0.004755935885521367
2005-06-23,-0.000533489899611439
2005-06-24,-0.0009743956887053873
2005-06-27,-0.004517276767774914
2005-06-28,0.00569532536444628
2005-06-29,0.009041518456898823
2005-06-30,0.00250155634491378
2005-07-01,-0.0027551625964098436
2005-07-05,-0.005452674873905328
2005-07-06,0.0016624514268952506
2005-07-07,-0.015281409489782405
2005-07-08,0.003299063744526709
2005-07-11,0.010740870448544548
2005-07-12,0.0002445216841846509
2005-07-13,0.001756088965207958
2005-07-14,0.006281867066745717
2005-07-15,0.0013151554546082522
2005-07-18,-0.0025949763837561646
2005-07-19,0.006750478347270494
2005-07-20,-0.007909005631698496
2005-07-21,-0.001247598270496475
2005-07-22,0.00331864112900071
2005-07-25,-0.011657895261315443
2005-07-26,0.050790217793238
2005-07-27,0.0
2005-07-28,0.0
2005-07-29,0.0
2005-08-01,0.0
2005-08-02,0.0
2005-08-03,-0.00496953309823045
2005-08-04,-0.0032815825283168953
2005-08-05,-0.0021758952681062427
2005-08-08,0.007482447396762293
2005-08-09,0.03631760716602739
2005-08-10,-0.0020053369604393634
2005-08-11,-0.007542478564909638
2005-08-12,0.0009621286023437925
2005-08-15,-0.0009365668470817656
2005-08-16,-0.00016967877000917397
2005-08-17,-0.0057084527802026
2005-08-18,-0.011495860482951259
2005-08-19,-0.00259984291752946
2005-08-22,0.0016516805891975128
2005-08-23,0.0017164200256256645
2005-08-24,-0.0035310076806138735
2005-08-25,0.010074107087176376
2005-08-26,-0.012528940374542774
2005-08-29,-0.01405001821513241
2005-08-30,-0.0006480899325953526
2005-08-31,0.004235310425435346
2005-09-01,-0.005081952904374631
2005-09-02,0.008661571856890316
2005-09-06,0.0027394529545237134
2005-09-07,-0.0003946008559082559
2005-09-08,0.0010984014617605453
2005-09-09,0.009347073176003917
2005-09-12,0.004812944327104773
2005-09-13,-0.0018633209292986397
2005-09-14,-0.002017098098114789
2005-09-15,-0.0026773413220210207
2005-09-16,0.004676148209590059
2005-09-19,0.0014325289322243417
2005-09-20,0.004349442671655934
2005-09-21,-0.006402865264925728
2005-09-22,-0.002246052934027909
2005-09-23,0.002467225625329972
2005-09-26,0.005160757114886172
2005-09-27,0.002279196889056756
2005-09-28,0.008061507923960765
2005-09-29,0.008853828700323696
2005-09-30,0.001826652564273168
2005-10-03,0.003724994473340404
2005-10-04,0.008383094671197577
2005-10-05,-0.004452061913088334
2005-10-06,-0.00228832086350117
2005-10-07,0.00697926419465511
2005-10-10,0.006757298734460182
2005-10-11,0.004013571208397959
2005-10-12,0.016776708228027237
2005-10-13,0.0014861889763999603
2005-10-14,0.011347804001168749
2005-10-17,0.00153317631328731
2005-10-18,-0.0015348422381533666
2005-10-19,-0.006751033228485359
2005-10-20,-0.012674335411082538
2005-10-21,0.0036415701306469206
2005-10-24,0.003040238736933043
2005-10-25,-0.0007215176762925823
2005-10-26,-0.003377099520711746
2005-10-27,0.012260237751296144
2005-10-28,0.006631430783549996
2005-10-31,-0.015190995513195693
2005-11-01,-0.0050954974770797135
2005-11-02,0.003946207105485433
2005-11-03,0.01174559956924126
2005-11-04,0.001811488774485559
2005-11-07,0.007591717041763202
2005-11-08,-0.00207900446540632
2005-11-09,0.0012453727196828357
2005-11-10,0.014602786495428566
2005-11-11,0.0020810793251933024
2005-11-14,-0.006984313308657231
2005-11-15,0.013863818173831977
2005-11-16,-0.0036568894283381947
2005-11-17,0.007392000115986841
2005-11-18,0.006707058051265147
2005-11-21,0.012072710132557729
2005-11-22,0.007886577287937957
2005-11-23,0.004102186098845273
2005-11-25,0.008601588718899933
2005-11-28,0.0031146953231269148
2005-11-29,-0.020082692182013084
2005-11-30,-0.0034306486630794053
2005-12-01,0.011684462350112668
2005-12-02,0.004758989437334993
2005-12-05,-0.006425999234645929
2005-12-06,0.0026152134606984845
2005-12-07,0.004572626604963492
2005-12-08,0.0022146021213629297
2005-12-09,0.0065520836344357125
2005-12-12,0.008775161008041765
2005-12-13,6.838804010511623e-05
2005-12-14,-0.00043562603330982164
2005-12-15,0.0007872603571963399
2005-12-16,0.006637396231214954
2005-12-19,0.0033695174462249344
2005-12-20,0.00037326055789299595
2005-12-21,1.6914965514924774e-05
2005-12-22,0.005937413520533674
2005-12-23,0.004400982334495707
2005-12-27,0.0010462826933650415
2005-12-28,0.0022029305944621935
2005-12-29,-0.0021880267065168546
2005-12-30,-0.006026540746033371
2006-01-03,0.01649706282320662
2006-01-04,0.0032963011531195185
2006-01-05,0.0014599482645007988
2006-01-06,0.00812590662898005
2006-01-09,0.004786619438824413
2006-01-10,0.005234296272690564
2006-01-11,0.01604521430232375
2006-01-12,0.0042645556000928675
2006-01-13,-0.007752543139101786
2006-01-17,-0.017070707588010547
2006-01-18,-0.016780927484052466
2006-01-19,0.04300284835733503
2006-01-20,-0.004513899080206052
2006-01-23,0.00459536117550341
2006-01-24,0.008057624130452856
2006-01-25,0.014107650341588673
2006-01-26,0.01048837828085647
2006-01-27,0.02235322806198692
2006-01-30,-0.010622084049025093
2006-01-31,0.0013882586873419367
2006-02-01,-0.009479640209221873
2006-02-02,-0.00291917998898672
2006-02-03,0.00021218751558849114
2006-02-06,0.005316624939822434
2006-02-07,0.02061535478626908
2006-02-08,0.005767179755262752
2006-02-09,0.00489712408821652
2006-02-10,-0.0005008080168975582
2006-02-13,-0.00788910296235168
2006-02-14,0.006271269130537327
2006-02-15,-0.0033594605957196766
2006-02-16,0.00776531245381884
2006-02-17,-0.015616135856134972
2006-02-21,0.0032237037814402125
2006-02-22,0.0015453929488966622
2006-02-23,-0.001380299061820689
2006-02-24,0.004598350031095766
2006-02-27,0.00571664101912428
2006-02-28,0.002732498449748766
2006-03-01,0.005241758606473468
2006-03-02,9.976761829189051e-05
2006-03-03,0.0025379075157216935
2006-03-06,0.003142655467967881
2006-03-07,0.0002720682822203724
2006-03-08,-0.010222496956231009
2006-03-09,-0.02566290684106154
2006-03-10,-0.004554685134060543
2006-03-13,-0.0015462089376454546
2006-03-14,-0.00383610115823918
2006-03-15,0.005247755587412639
2006-03-16,0.00834002596756922
2006-03-17,0.003284000932396891
2006-03-20,0.003446066775921519
2006-03-21,-0.028567177559989276
2006-03-22,-0.004831886309324629
2006-03-23,0.005908014540039863
2006-03-24,0.00249246949376003
2006-03-27,0.0005996741592946275
2006-03-28,-0.001957317652217183
2006-03-29,0.0033763137992797176
2006-03-30,0.0015599218284780836
2006-03-31,0.00171697670344928
2006-04-03,-0.0041453423265823686
2006-04-04,-0.003546420152634955
2006-04-05,-0.009778051471371563
2006-04-06,0.0012774918638298605
2006-04-07,0.0020382377170700128
2006-04-10,0.004648708020475345
2006-04-11,0.001463638325170269
2006-04-12,0.009101346985307401
2006-04-13,-0.008182714496576815
2006-04-17,0.0008955183171215353
2006-04-18,-0.00486619469526528
2006-04-19,-0.005428135176237303
2006-04-20,-0.002554625498198626
2006-04-21,0.0035124403831356954
2006-04-24,0.0030350475758551543
2006-04-25,-0.001930302893437652
2006-04-26,0.016892288004993095
2006-04-27,-0.010557246167666401
2006-04-28,0.007252137466977615
2006-05-01,0.009050198013450306
2006-05-02,0.004692230375607176
2006-05-03,-0.003984423986093222
2006-05-04,-0.0022523861847173476
2006-05-05,0.007424513336172556
2006-05-08,-0.002576263835810777
2006-05-09,-0.0037544058903012933
2006-05-10,-0.007376567915951537
2006-05-11,0.006129027198668924
2006-05-12,-0.00863530848762839
2006-05-15,-0.0031619778184125424
2006-05-16,0.0012000977819124348
2006-05-17,-0.0012233179822953577
2006-05-18,0.0047255049660490656
2006-05-19,0.0411828455043739
2006-05-22,-0.01056587683299981
2006-05-23,0.015368121728757789
2006-05-24,0.0043207279011017174
2006-05-25,0.015154951217630108
2006-05-26,0.0036220424120412265
2006-05-30,-0.0033980521065339886
2006-05-31,0.01212964447120446
2006-06-01,0.0020758125526498805
2006-06-02,0.006756866711510767
2006-06-05,-0.0005498232381258017
2006-06-06,0.0046926094989891975
2006-06-07,0.0063552007529277255
2006-06-08,-0.009001604337094737
2006-06-09,0.01213982762263277
2006-06-12,-0.005152936011644904
2006-06-13,-0.0039020351201095593
2006-06-14,0.013444317510908022
2006-06-15,0.01717280343325034
2006-06-16,-0.0016257351117479057
2006-06-19,0.008258330194502728
2006-06-20,-0.01008014512901756
2006-06-21,-0.002419520443755818
2006-06-22,0.0072968637537556
2006-06-23,0.002688356822342808
2006-06-26,0.0024412338511849985
2006-06-27,0.002987173659116271
2006-06-28,0.0037362671688687676
2006-06-29,-0.012623922243797159
2006-06-30,0.0032506586257032843
2006-07-03,0.00849112406503405
2006-07-05,-0.009176681852590463
2006-07-06,0.003259793816567713
2006-07-07,-0.015199225670176841
2006-07-10,0.0034318146589384924
2006-07-11,-0.004824865197300743
2006-07-12,-0.001494606227606332
2006-07-13,-0.009425294142621499
2006-07-14,0.007302785010929069
2006-07-17,-0.006292714458051463
2006-07-18,0.008540190897991629
2006-07-19,0.004602138624878238
2006-07-20,0.019020851612635115
2006-07-21,-0.052229046193521866
2006-07-24,0.0023465427039774944
2006-07-25,0.007905610901745908
2006-07-26,0.0006115655427081368
2006-07-27,0.01084611886313036
2006-07-28,0.007063929859794316
2006-07-31,-0.004812279556441146
2006-08-01,-0.0013059850584371535
2006-08-02,0.011681627548094431
2006-08-03,-0.00354615054840679
2006-08-04,0.02000055564284664
2006-08-07,-0.011894521801078195
2006-08-08,0.003229926267526828
2006-08-09,0.021283032961876502
2006-08-10,-0.004614301845952795
2006-08-11,-0.028323975148026537
2006-08-14,0.009199606739072275
2006-08-15,0.021709868293165346
2006-08-16,0.008507481196462496
2006-08-17,-0.0014177154880828935
2006-08-18,-0.010210585994673282
2006-08-21,-0.010630506336589574
2006-08-22,0.006109783389122159
2006-08-23,0.00442073516812691
2006-08-24,0.008652851576593124
2006-08-25,-0.0032448549892769574
2006-08-28,0.006907897001710017
2006-08-29,0.0035819716463381113
2006-08-30,0.0037750811606724888
2006-08-31,0.0006468695745569519
2006-09-01,0.0004728132970013288
2006-09-05,0.0014469774954368742
2006-09-06,-0.011435132224417721
2006-09-07,-0.006979051677195591
2006-09-08,0.0064555496621310215
2006-09-11,-0.009113192180105423
2006-09-12,-0.0026792326599117677
2006-09-13,0.002650671080605793
2006-09-14,-0.004422643413166449
2006-09-15,0.0065885653587529625
2006-09-18,0.0016279926309170634
2006-09-19,-0.0029878731560860627
2006-09-20,0.011067342543603642
2006-09-21,0.002709931352249617
2006-09-22,-0.0041564005159951956
2006-09-25,0.006570197608477546
2006-09-26,0.000534007245349688
2006-09-27,0.00037372970878379874
2006-09-28,-0.007663877775294314
2006-09-29,0.0025031569774733864
2006-10-02,0.0008239737139073
2006-10-03,-0.006107155217854876
2006-10-04,-0.0018355214283414245
2006-10-05,-0.004201694537536049
2006-10-06,-0.004788278987921446
2006-10-09,-0.005000954954969439
2006-10-10,0.0037579512511072277
2006-10-11,0.0010756226643435784
2006-10-12,0.0054569781024240704
2006-10-13,0.0012651400912404576
2006-10-16,0.005665614848687772
2006-10-17,-0.007551024713075671
2006-10-18,0.005422289664024804
2006-10-19,0.018152364923071262
2006-10-20,0.0002323872426501783
2006-10-23,-0.006640085811706942
2006-10-24,-0.009616321223579916
2006-10-25,0.00018930222052437884
2006-10-26,-0.015332931856971599
2006-10-27,-0.006106680568541134
2006-10-30,-0.004279327361428886
2006-10-31,0.004035461901751747
2006-11-01,0.017217309222846477
2006-11-02,-0.005043869868041506
2006-11-03,0.00047136797440749945
2006-11-06,0.00596888206313162
2006-11-07,0.0016308106268676514
2006-11-08,-0.009224808816279961
2006-11-09,0.0069108863340829885
2006-11-10,-0.0028523915202773864
2006-11-13,-0.0006954252796822491
2006-11-14,-0.009268819069083167
2006-11-15,0.0036464036371861575
2006-11-16,0.006024581665151185
2006-11-17,-0.003438653504519773
2006-11-20,-0.0033942883632511744
2006-11-21,0.0009138658430121183
2006-11-22,0.000489206587269253
2006-11-24,-0.007723482066676279
2006-11-27,-0.003088282477648807
2006-11-28,0.0016776699422387242
2006-11-29,0.006776297542804288
2006-11-30,0.0008316602343934054
2006-12-01,-0.0015131390870235517
2006-12-04,0.005235904657815649
2006-12-05,-0.0002929981158666939
2006-12-06,-0.003683375089559071
2006-12-07,0.002772761155749759
2006-12-08,-3.872152082695646e-05
2006-12-11,0.001998265603470495
2006-12-12,-0.0027764814217663414
2006-12-13,0.011614626994116861
2006-12-14,0.0015398834702606834
2006-12-15,0.004908134533353481
2006-12-18,-0.004614040102299488
2006-12-19,-0.006048363328393758
2006-12-20,0.001249654747669915
2006-12-21,-0.0008535684211214978
2006-12-22,0.000850753783295799
2006-12-26,-0.00011500353369753302
2006-12-27,-0.008945955873603473
2006-12-28,-0.006440149476357293
2006-12-29,0.012380590528219937
2007-01-03,0.0057479930372765775
2007-01-04,0.00046815665425148367
2007-01-05,-0.003276573734387722
2007-01-08,0.0011321216660167277
2007-01-09,0.001978948364788069
2007-01-10,-0.005731644147608295
2007-01-11,0.002702314052830612
2007-01-12,0.00023709702843222047
2007-01-16,-0.004389950156451494
2007-01-17,-0.0023932120477865304
2007-01-18,-0.00011778600461120892
2007-01-19,-0.0010814881338971905
2007-01-22,0.00016031151247353215
2007-01-23,-0.002302103675464129
2007-01-24,0.004572499143976838
2007-01-25,0.002464145087783587
2007-01-26,-0.002207625047587314
2007-01-29,-0.00045528116421711395
2007-01-30,0.05103730424582653
2007-01-31,0.0
2007-02-01,0.0
2007-02-02,0.0
2007-02-05,0.0
2007-02-06,0.0
2007-02-07,0.01759808968021881
2007-02-08,-0.0035812669727806057
2007-02-09,0.00044402824682987507
2007-02-12,0.016255771881299896
2007-02-13,0.0043479741991101495
2007-02-14,0.0017345113241000742
2007-02-15,0.0013563552718538485
2007-02-16,-0.0004054673318479862
2007-02-20,-0.0027081137892369656
2007-02-21,-0.007974917731723097
2007-02-22,0.0029729951564232415
2007-02-23,-0.0015558932791652769
2007-02-26,0.0002232470626002403
2007-02-27,-0.014241762394771151
2007-02-28,-0.00227397949734065
2007-03-01,-0.019283132738809772
2007-03-02,-0.00716043817226697
2007-03-05,-0.02311977876782123
2007-03-06,0.019081504237280278
2007-03-07,-0.005859358617787747
2007-03-08,0.01313431665404785
2007-03-09,0.010707466071256722
2007-03-12,-0.008156892422771622
2007-03-13,-0.009096876788455721
2007-03-14,0.005153029741081561
2007-03-15,-0.002037936092700532
2007-03-16,0.001907827702238185
2007-03-19,0.0023462948525097005
2007-03-20,-0.0018346268610985872
2007-03-21,0.018360874882112688
2007-03-22,0.0029959150797918
2007-03-23,-0.0025028099471980925
2007-03-26,0.001742795138082398
2007-03-27,-0.0008094876029252074
2007-03-28,-0.007362915734088538
2007-03-29,0.009263275362573431
2007-03-30,0.006192106650512175
2007-04-02,0.0010791152470004395
2007-04-03,0.0018787074377457635
2007-04-04,-0.0025180601844262407
2007-04-05,0.0028220028503476158
2007-04-09,0.01370725114089999
2007-04-10,0.0004620125089824789
2007-04-11,0.0027914620843876303
2007-04-12,-0.0017672440544495016
2007-04-13,0.0024111676090636802
2007-04-16,0.0031206636140690414
2007-04-17,0.007451144617890426
2007-04-18,-0.0017798291056317916
2007-04-19,-0.006284162888694156
2007-04-20,0.01343104625048075
2007-04-23,-0.003734487929356156
2007-04-24,0.00017376972667748625
2007-04-25,0.0019588537626931135
2007-04-26,0.005669218882463634
2007-04-27,-0.006951606864165072
2007-04-30,0.005082594705801746
2007-05-01,0.005011586787537103
2007-05-02,0.0024613801233748234
2007-05-03,3.5641888802784294e-05
2007-05-04,0.022800384692793108
2007-05-07,1.333803231240438e-05
2007-05-08,-0.01187098194590297
2007-05-09,-0.008047836933115282
2007-05-10,-0.0042806459920174955
2007-05-11,-0.002889457333551837
2007-05-14,-0.0015854778642805378
2007-05-15,-0.0012159620675927796
2007-05-16,0.0007546118216661402
2007-05-17,0.00759187397906258
2007-05-18,0.010108011981887044
2007-05-21,0.007592555809598167
2007-05-22,0.0024036564958553885
2007-05-23,0.008933486935830626
2007-05-24,-0.0035951430818443875
2007-05-25,0.003925550545494261
2007-05-29,0.00017178491825831088
2007-05-30,-0.010150873797646343
2007-05-31,0.0014432407501763223
2007-06-01,0.007146104519738072
2007-06-04,-0.004749815057257245
2007-06-05,0.0007458087561018623
2007-06-06,-0.0027557195205141216
2007-06-07,-0.0017364082705365602
2007-06-08,0.0027098043864488552
2007-06-11,0.005067244343760269
2007-06-12,-0.010179185824804371
2007-06-13,0.005741490067045607
2007-06-14,0.010049926190100367
2007-06-15,0.017417425438979617
2007-06-18,0.00788870488846194
2007-06-19,0.010107067554314009
2007-06-20,0.005275478001113276
2007-06-21,-0.00278533946562598
2007-06-22,0.019195169679644408
2007-06-25,0.00915069244043254
2007-06-26,0.0054281038984325125
2007-06-27,-0.008532280992194385
2007-06-28,0.013949059281051612
2007-06-29,0.03685570649978742
2007-07-02,0.005423958572716714
2007-07-03,0.0009965582143693918
2007-07-05,0.0009372460013881145
2007-07-06,-0.001777743228998152
2007-07-09,-9.435448518246847e-05
2007-07-10,0.002276007016373649
2007-07-11,0.0014223877217161007
2007-07-12,0.00255900445760604
2007-07-13,-0.003312713178175941
2007-07-16,-4.3253736304982304e-05
2007-07-17,0.0029371340226995724
2007-07-18,-0.010300064884097293
2007-07-19,0.015719525521442623
2007-07-20,-0.004393716385883817
2007-07-23,0.04194177866378834
2007-07-24,-0.02661192583794425
2007-07-25,0.012034612112098442
2007-07-26,-0.017882024397399277
2007-07-27,0.0033916458186908915
2007-07-30,0.00771992393977361
2007-07-31,0.023529010634324665
2007-08-01,-0.008402481360906489
2007-08-02,0.004830740947251666
2007-08-03,-0.06323688843585484
2007-08-06,0.00865609431849701
2007-08-07,0.0003897090348594645
2007-08-08,-0.02255295419932435
2007-08-09,-0.02211840026154921
2007-08-10,-0.0315130531950214
2007-08-13,0.016854653486755744
2007-08-14,0.0019422752252518105
2007-08-15,0.00012386617402504463
2007-08-16,-0.004931996595375798
2007-08-17,0.04255941324981949
2007-08-20,0.0009353726518168681
2007-08-21,-0.0012195587797272367
2007-08-22,0.013110122570973326
2007-08-23,0.006193123885394725
2007-08-24,-0.004172629342336531
2007-08-27,0.0013947944412844304
2007-08-28,-0.006831615011615222
2007-08-29,0.011662680680394999
2007-08-30,-0.010887541650082988
2007-08-31,0.01864173122066526
2007-09-04,0.016235529386084302
2007-09-05,-0.001434683901592626
2007-09-06,0.004200241395120319
2007-09-07,-0.02250321668650268
2007-09-10,0.02206081806061766
2007-09-11,0.010257688565539436
2007-09-12,0.003985309949112059
2007-09-13,0.013626150551278915
2007-09-14,-0.008088101305061213
2007-09-17,-0.0020510602508786446
2007-09-18,0.006889860911516221
2007-09-19,0.010907075781162234
2007-09-20,-0.0016484724599319378
2007-09-21,0.0076691278698843846
2007-09-24,0.007995560786028255
2007-09-25,-0.007376169049560732
2007-09-26,0.0064791126034162705
2007-09-27,0.007646740343826952
2007-09-28,-0.0024706179572979714
2007-10-01,0.00633715998570028
2007-10-02,0.0012593768107296288
2007-10-03,-0.007903889054592494
2007-10-04,0.00012106027200498026
2007-10-05,0.014485825660793816
2007-10-08,0.009376931894496288
2007-10-09,0.007119716249907704
2007-10-10,0.002273976105609421
2007-10-11,0.004684911228907573
2007-10-12,0.005586839041828551
2007-10-15,0.0005051084575904419
2007-10-16,-0.010015813635880555
2007-10-17,0.02791794336618736
2007-10-18,-0.007851533974779223
2007-10-19,0.0009590904436092007
2007-10-22,-0.0041705734075832
2007-10-23,0.046057057920247724
2007-10-24,-0.04072390345935828
2007-10-25,-0.01403634328034975
2007-10-26,0.018129376171093003
2007-10-29,-0.008562003742629387
2007-10-30,0.003051438923096228
2007-10-31,0.002415564900071665
2007-11-01,-0.01278538208449953
2007-11-02,0.011367157641325454
2007-11-05,-0.011645647407574455
2007-11-06,0.0049065952918263545
2007-11-07,-0.014429970329708719
2007-11-08,-0.002463111412865482
2007-11-09,-0.00465733792207379
2007-11-12,-0.0028305494705044287
2007-11-13,0.018128153383217827
2007-11-14,0.011225462535718211
2007-11-15,-0.003974676688376144
2007-11-16,0.009160262214729986
2007-11-19,-0.01100525515306039
2007-11-20,0.007532257204256654
2007-11-21,-0.013960689768027224
2007-11-23,0.01047617435369208
2007-11-26,0.002121907060074646
2007-11-27,0.00858598510578834
2007-11-28,0.01849460793712221
2007-11-29,-0.0031933203236728103
2007-11-30,0.02104210678590479
2007-12-03,0.010516472985961256
2007-12-04,-0.003021764139716554
2007-12-05,0.022743375017578282
2007-12-06,0.0014483253099177862
2007-12-07,0.001007780947475112
2007-12-10,-0.002984018420639889
2007-12-11,0.010009359676926621
2007-12-12,0.028095133848769827
2007-12-13,-0.007426624491057243
2007-12-14,-0.005497799493058064
2007-12-17,-0.005499445071147413
2007-12-18,0.013941688490433535
2007-12-19,0.00012355271382902266
2007-12-20,0.013735535211520933
2007-12-21,-0.00361351342756
2007-12-24,-0.0001762494096166911
2007-12-26,0.0010435053324215904
2007-12-27,-0.004060704566166251
2007-12-28,0.0021276907046960947
2007-12-31,-0.008166119420627393
2008-01-02,-0.004384189178373132
2008-01-03,0.0033326252883190133
2008-01-04,-0.018293829495003577
2008-01-07,0.015393044728750693
2008-01-08,0.010471121744543233
2008-01-09,0.00620483934860272
2008-01-10,-0.012943593639303197
2008-01-11,-0.0038929061989517733
2008-01-14,0.02759537056743322
2008-01-15,-0.02586968693612246
2008-01-16,-0.045071466384211556
2008-01-17,0.03259544282467308
2008-01-18,0.037166068370208416
2008-01-22,-0.08022179543407792
2008-01-23,-0.029763355767699617
2008-01-24,0.01899040098038851
2008-01-25,0.021519551223948552
2008-01-28,-0.003022828071427619
2008-01-29,0.010320729403451523
2008-01-30,-0.0004791920138291772
2008-01-31,-0.021195794357692255
2008-02-01,0.01386573078699982
2008-02-04,0.01395566872036369
2008-02-05,-0.016389208172693404
2008-02-06,0.009287214412265987
2008-02-07,-0.02169695963408813
2008-02-08,-0.0003514532474648835
2008-02-11,0.008336878583333984
2008-02-12,0.01776642937307571
2008-02-13,0.011472531752717341
2008-02-14,-0.014335922980960869
2008-02-15,0.0005328005052787077
2008-02-19,0.032318784894590946
2008-02-20,-0.012826319039159761
2008-02-21,0.010501872860907202
2008-02-22,0.006917664623527386
2008-02-25,-0.005544628784564853
2008-02-26,-0.006759713144082413
2008-02-27,-0.009687328629091052
2008-02-28,-0.009650596434076064
2008-02-29,-0.010438579218186694
2008-03-03,-0.0013540814244407118
2008-03-04,-0.015506842151767009
2008-03-05,0.012398771148634413
2008-03-06,-0.005029097620029344
2008-03-07,-0.012572894934724466
2008-03-10,0.001073076169359588
2008-03-11,0.022523041382789266
2008-03-12,0.003665686453717454
2008-03-13,-0.014506143881150013
2008-03-14,0.010753863825383236
2008-03-17,-0.03212419529798893
2008-03-18,0.019215123369295428
2008-03-19,-0.010096814690196854
2008-03-20,0.0035199268826306973
2008-03-24,0.01451886439275607
2008-03-25,0.007504431311672555
2008-03-26,-0.009470767024801319
2008-03-27,0.008083741232048025
2008-03-28,0.014698339938347793
2008-03-31,0.00031233803160479745
2008-04-01,0.020018170055607243
2008-04-02,0.006501723492418066
2008-04-03,0.011772064077285371
2008-04-04,-0.00773819917587093
2008-04-07,0.015403674048660498
2008-04-08,-0.026542803094883327
2008-04-09,0.005623279554891392
2008-04-10,0.009538100739905131
2008-04-11,-0.01623766632608692
2008-04-14,0.0019970926304806458
2008-04-15,0.005509746853160191
2008-04-16,0.02479522299012049
2008-04-17,-0.017796216718324542
2008-04-18,0.023693722923138205
2008-04-21,-0.0022734966470790985
2008-04-22,-0.005588668707627642
2008-04-23,0.010773387906713339
2008-04-24,0.0026439296980944604
2008-04-25,0.008653058575460726
2008-04-28,-0.004961012167655099
2008-04-29,-0.00269898643513089
2008-04-30,0.00591582324992701
2008-05-01,0.004310422216092791
2008-05-02,0.00025043710543570796
2008-05-05,-0.0030591194079772066
2008-05-06,-0.00041356265192671327
2008-05-07,0.004960654191392022
2008-05-08,0.003673427198000123
2008-05-09,0.03830005588574492
2008-05-12,-0.0004429990065829559
2008-05-13,-0.0019574388702235934
2008-05-14,0.001512738735379715
2008-05-15,-0.001213079246209725
2008-05-16,0.0025708982997381113
2008-05-19,-0.0035676040301693135
2008-05-20,-0.008978222869976182
2008-05-21,0.00027057304105615465
2008-05-22,0.0014013519642177563
2008-05-23,-0.0075489913690419685
2008-05-27,0.0023681188673529974
2008-05-28,0.0015170449285519805
2008-05-29,9.829913297920712e-05
2008-05-30,0.0031169498163816645
2008-06-02,0.0008728794923478223
2008-06-03,-0.004282274879525705
2008-06-04,-0.0029573781146104983
2008-06-05,-0.008356114439174056
2008-06-06,-0.007595867512011467
2008-06-09,0.0013426855882296973
2008-06-10,-0.011665590174347207
2008-06-11,-0.018625020265855996
2008-06-12,0.010921561567368787
2008-06-13,0.010675124980264794
2008-06-16,-0.00784105521416667
2008-06-17,0.0020242517063435717
2008-06-18,-0.0033181316125450167
2008-06-19,-0.0017144953788764683
2008-06-20,-0.005356838798355801
2008-06-23,0.009145544738653921
2008-06-24,-0.007538251643588345
2008-06-25,0.010225870937293768
2008-06-26,-0.01782806337663101
2008-06-27,-0.002991417927423634
2008-06-30,0.0016889354316784733
2008-07-01,-0.012521462968822616
2008-07-02,0.0
2008-07-03,0.0
2008-07-07,0.0
2008-07-08,0.0
2008-07-09,0.0
2008-07-10,0.0
2008-07-11,0.0
2008-07-14,0.0
2008-07-15,0.0
2008-07-16,0.0
2008-07-17,0.0
2008-07-18,0.0
2008-07-21,0.0
2008-07-22,0.0
2008-07-23,0.0
2008-07-24,0.0
2008-07-25,0.0
2008-07-28,0.0
2008-07-29,0.0
2008-07-30,0.0
2008-07-31,0.0
2008-08-01,0.0
2008-08-04,0.0023362149735721705
2008-08-05,0.02794603088756986
2008-08-06,0.0037525345989524173
2008-08-07,-0.009151375372340897
2008-08-08,0.014562782332608215
2008-08-11,-0.007115342225351373
2008-08-12,0.011016104469338206
2008-08-13,0.026490613363902904
2008-08-14,-0.0024467972427755225
2008-08-15,0.012161967095448478
2008-08-18,0.006479495075984332
2008-08-19,-0.018179146410699842
2008-08-20,0.01621780303591991
2008-08-21,-0.012936031674836701
2008-08-22,0.012240747103368754
2008-08-25,0.0020822314039581347
2008-08-26,0.004550840306331461
2008-08-27,-0.005619187156131411
2008-08-28,0.00669697709875261
2008-08-29,-0.013540864579970058
2008-09-02,0.015280680371342337
2008-09-03,-0.0045995757064000165
2008-09-04,-0.007657281772323388
2008-09-05,-0.013286203099120764
2008-09-08,0.028946034507816742
2008-09-09,-0.002703293726851741
2008-09-10,0.006141409105957285
2008-09-11,-0.04383997231558667
2008-09-12,-0.006206378259536183
2008-09-15,-0.051578411573700356
2008-09-16,-0.05209861537121507
2008-09-17,-0.014218442917915186
2008-09-18,0.018843838260999446
2008-09-19,0.06562302368164752
2008-09-22,0.0
2008-09-23,0.0
2008-09-24,0.0
2008-09-25,0.0
2008-09-26,0.0
2008-09-29,-0.02706077257852757
2008-09-30,0.034054589971364235
2008-10-01,-0.04613209806359564
2008-10-02,-0.015355678463629507
2008-10-03,0.025060066737479625
2008-10-06,-0.04625099614769257
2008-10-07,0.1036958994602506
2008-10-08,0.0
2008-10-09,0.0
2008-10-10,0.0
2008-10-13,0.0
2008-10-14,0.0
2008-10-15,-0.011725952732345002
2008-10-16,0.025064768012702743
2008-10-17,0.007368670453224091
2008-10-20,0.017732263505427337
2008-10-21,-0.022636214127653265
2008-10-22,-0.012620852588113962
2008-10-23,-0.007874575109018678
2008-10-24,-0.10679085599372595
2008-10-27,-0.02192461095833964
2008-10-28,0.057919175514922205
2008-10-29,0.0
2008-10-30,0.0
2008-10-31,0.0
2008-11-03,0.0
2008-11-04,0.0
2008-11-05,-0.029469222816092988
2008-11-06,-0.030568736618068804
2008-11-07,0.058586559591587095
2008-11-10,0.0
2008-11-11,0.0
2008-11-12,0.0
2008-11-13,0.0
2008-11-14,0.0
2008-11-17,0.009984085082827221
2008-11-18,0.035835606329963854
2008-11-19,-0.0029671686094658867
2008-11-20,-0.010650629568576098
2008-11-21,0.03653025833815393
2008-11-24,0.04037578020129584
2008-11-25,0.034982469246613856
2008-11-26,0.007961577751266269
2008-11-28,0.0056983295172399195
2008-12-01,-0.02531520755117611
2008-12-02,0.0319397260098957
2008-12-03,-0.035650640752825424
2008-12-04,-0.03689940861187857
2008-12-05,-0.017006997939244206
2008-12-08,0.03982576079607725
2008-12-09,-0.008944883905141698
2008-12-10,0.017007967052745654
2008-12-11,-0.00971540399360471
2008-12-12,-0.03781880172074448
2008-12-15,0.0006244978119824829
2008-12-16,0.01727185003900855
2008-12-17,-0.023426219975078988
2008-12-18,0.005776080231969072
2008-12-19,0.030776070213475615
2008-12-22,-0.02313822866601445
2008-12-23,0.014160488199779442
2008-12-24,-0.02594012735644413
2008-12-26,0.03515641273124159
2008-12-29,0.011523061300110049
2008-12-30,0.007650550080262608
2008-12-31,-0.005664609091490469
2009-01-02,0.005892260370240265
2009-01-05,0.006509549055278674
2009-01-06,0.02779033805683251
2009-01-07,-0.013867293100621625
2009-01-08,-0.014889855887747272
2009-01-09,0.00217259679059989
2009-01-12,0.004052866385785503
2009-01-13,-0.03200013760575249
2009-01-14,-0.053999407888310036
2009-01-15,-0.00045118560066959024
2009-01-16,0.03258905438098325
2009-01-20,-0.022312949297321527
2009-01-21,0.027792669980987394
2009-01-22,-0.035086693647747746
2009-01-23,-0.04199034677269564
2009-01-26,0.002403161073229132
2009-01-27,0.018631041795227343
2009-01-28,0.036373207991184264
2009-01-29,-0.024827062691615387
2009-01-30,0.0024821454488253014
2009-02-02,-0.007535446909292642
2009-02-03,0.0023459239899270568
2009-02-04,0.009386639138005748
2009-02-05,-0.01709814873453308
2009-02-06,0.01036205660993339
2009-02-09,-0.0066325511924730796
2009-02-10,-0.004200317099122164
2009-02-11,-0.016079833954877554
2009-02-12,-0.006147186867716314
2009-02-13,-0.0038422746340279756
2009-02-17,-0.045049627485057475
2009-02-18,0.0012275165079116412
2009-02-19,0.03220163045539648
2009-02-20,-0.021242566169107024
2009-02-23,0.020291206545381746
2009-02-24,0.018649385402429886
2009-02-25,-0.0013409046111778622
2009-02-26,0.02388391379240673
2009-02-27,-0.019188016391518903
2009-03-02,-0.025013505901542166
2009-03-03,0.0
2009-03-04,0.0
2009-03-05,0.0
2009-03-06,0.0
2009-03-09,0.0
2009-03-10,0.0
2009-03-11,0.0
2009-03-12,0.0
2009-03-13,0.0
2009-03-16,0.0
2009-03-17,0.0
2009-03-18,0.0
2009-03-19,0.0
2009-03-20,0.0
2009-03-23,0.0
2009-03-24,0.0
2009-03-25,0.0
2009-03-26,0.0
2009-03-27,0.0
2009-03-30,0.0
2009-03-31,0.0
2009-04-01,0.0
2009-04-02,0.0
2009-04-03,0.0
2009-04-06,0.0
2009-04-07,0.0
2009-04-08,0.0
2009-04-09,0.0
2009-04-13,0.0
2009-04-14,0.0
2009-04-15,0.0
2009-04-16,0.0
2009-04-17,0.0
2009-04-20,0.0
2009-04-21,0.0
2009-04-22,0.0
2009-04-23,0.0
2009-04-24,0.0
2009-04-27,0.0
2009-04-28,0.0
2009-04-29,0.0
2009-04-30,0.0
2009-05-01,0.0
2009-05-04,0.021893846656458438
2009-05-05,-0.008367547651995322
2009-05-06,0.006287231294567652
2009-05-07,-0.028259141447145364
2009-05-08,0.015963059819332326
2009-05-11,-0.030710499447880513
2009-05-12,0.019239818471803893
2009-05-13,-0.016529993665841403
2009-05-14,-0.00032296586384128467
2009-05-15,-0.0004123132440165822
2009-05-18,0.025827712918736978
2009-05-19,-0.012565267559365934
2009-05-20,0.003257256286197663
2009-05-21,-0.01082250478483815
2009-05-22,0.007162241048843443
2009-05-26,-0.011703026367498648
2009-05-27,-0.0008385943694035891
2009-05-28,0.020090611932055857
2009-05-29,0.0017240330083156952
2009-06-01,0.021311783202756285
2009-06-02,-0.023479074141981138
2009-06-03,-0.025911525669550906
2009-06-04,0.009788687545108754
2009-06-05,0.018418519474482364
2009-06-08,-0.01550249346798993
2009-06-09,0.035911957783476334
2009-06-10,0.00944314865703677
2009-06-11,-0.008772357331074288
2009-06-12,-0.00024379990846701283
2009-06-15,-0.014284458452499815
2009-06-16,0.005183868885516141
2009-06-17,-0.0025176185533212214
2009-06-18,0.001001809945635257
2009-06-19,0.014841477172027107
2009-06-22,-2.0132769796621375e-05
2009-06-23,0.001990739578601186
2009-06-24,0.020198756316262
2009-06-25,-0.004601349346468275
2009-06-26,0.005222542162272248
2009-06-29,0.008377240306385536
2009-06-30,0.005961347254044069
2009-07-01,0.011545657153903877
2009-07-02,-0.016037221060162365
2009-07-06,-0.01323381253937539
2009-07-07,0.020669478854770995
2009-07-08,0.0009101768981532032
2009-07-09,0.01692204006360143
2009-07-10,-0.01102555680775763
2009-07-13,0.00361908268446709
2009-07-14,-0.00011570074702582644
2009-07-15,0.04503839897926443
2009-07-16,-0.0023584913709499
2009-07-17,0.0009261118007677371
2009-07-20,0.009248738941426193
2009-07-21,0.00508419919590275
2009-07-22,-0.046359537850093724
2009-07-23,-0.0015139774282107998
2009-07-24,-0.015415560623983082
2009-07-27,0.0001893914867601154
2009-07-28,-0.008901934399738742
2009-07-29,-0.005603712271883499
2009-07-30,0.018076132527752087
2009-07-31,-0.001532849674382497
2009-08-03,0.01601119093228376
2009-08-04,0.000799576280158476
2009-08-05,0.0002005444887061003
2009-08-06,-0.0035611807125499606
2009-08-07,0.02047337144646577
2009-08-10,0.0019170883195358535
2009-08-11,0.0038984759043960704
2009-08-12,-8.41585736001127e-05
2009-08-13,0.0005638672643517584
2009-08-14,-0.005859229696870583
2009-08-17,-0.027635305846143043
2009-08-18,0.005296318183215298
2009-08-19,-0.01731306049793735
2009-08-20,0.015308702842595778
2009-08-21,0.010523302324970896
2009-08-24,0.024910328931796677
2009-08-25,0.01161100790183811
2009-08-26,0.0009445751674166392
2009-08-27,-0.005067823001742799
2009-08-28,0.045122058306915847
2009-08-31,-0.01750158442383909
2009-09-01,-0.004416142754844921
2009-09-02,-0.007281727155043494
2009-09-03,0.011530068122008297
2009-09-04,0.0037919007881728195
2009-09-08,0.011540710324674519
2009-09-09,-0.0032331993636751655
2009-09-10,0.011263143343573923
2009-09-11,0.012377295718557502
2009-09-14,-0.009918942182578494
2009-09-15,0.004102035960095174
2009-09-16,0.008395292186354819
2009-09-17,-0.002028850055580955
2009-09-18,0.009656592429209132
2009-09-21,-0.011472653316955461
2009-09-22,0.010830484066496338
2009-09-23,0.011344845118069324
2009-09-24,0.00704862426673869
2009-09-25,-0.017982531234262855
2009-09-28,0.004169332575811646
2009-09-29,-0.004646594416920058
2009-09-30,0.006953286521347302
2009-10-01,0.004497503787280532
2009-10-02,-0.026938570956508978
2009-10-05,0.000424178920642726
2009-10-06,0.016318361527020375
2009-10-07,0.0063500910404410416
2009-10-08,0.008734987023432783
2009-10-09,0.0005909293391435089
2009-10-12,0.01781495417097534
2009-10-13,0.007058301125643096
2009-10-14,0.031038834001427817
2009-10-15,-0.005882627831325538
2009-10-16,-0.026410146236172216
2009-10-19,0.005804622987668928
2009-10-20,0.012275404016218516
2009-10-21,-0.009191291831080584
2009-10-22,0.001770566125555595
2009-10-23,0.010116253736811576
2009-10-26,-0.0019247871589537224
2009-10-27,-0.0032641308751523157
2009-10-28,-0.014929484228645373
2009-10-29,0.010889138768993334
2009-10-30,0.0040806051277413324
2009-11-02,0.009470356814781145
2009-11-03,-0.02870753580627239
2009-11-04,0.015053394256663077
2009-11-05,0.01673760952660741
2009-11-06,0.019536960447450458
2009-11-09,0.012850480382795126
2009-11-10,0.004984028155070375
2009-11-11,0.012716403366602513
2009-11-12,0.003387702737235987
2009-11-13,-0.004414053390964123
2009-11-16,0.005351006582000606
2009-11-17,-0.004377600283316019
2009-11-18,-0.005814536645546542
2009-11-19,-0.020459027883097947
2009-11-20,-0.011195529738263654
2009-11-23,0.011200712125071455
2009-11-24,-0.0030702334250579666
2009-11-25,0.006048521171996057
2009-11-27,-0.03468913510245675
2009-11-30,0.005622828719173967
2009-12-01,0.007503197180357413
2009-12-02,0.003300801845018686
2009-12-03,-0.0009395133658156585
2009-12-04,0.016227146917433544
2009-12-07,0.012617943057704473
2009-12-08,-0.0020371198456859974
2009-12-09,0.005025550032218717
2009-12-10,0.006195334778532624
2009-12-11,0.002149448462709147
2009-12-14,0.009251443188518005
2009-12-15,-0.0025593718446762503
2009-12-16,0.0159708968692005
2009-12-17,-0.009070335613153513
2009-12-18,-0.00033890906804523446
2009-12-21,0.01276902748203379
2009-12-22,0.004174339959917006
2009-12-23,0.014425568607290273
2009-12-24,0.007670707976628499
2009-12-28,0.006996978271099907
2009-12-29,0.0006498547825555256
2009-12-30,-0.00561901785553498
2009-12-31,0.0055009452212939625
2010-01-04,0.014274426213394253
2010-01-05,1.7052407278450588e-05
2010-01-06,-0.0021602610874825734
2010-01-07,-0.002101076878460284
2010-01-08,-0.005971863303922409
2010-01-11,0.004609588722122249
2010-01-12,-0.01550466977679521
2010-01-13,0.006719708850656092
2010-01-14,-0.0013128389604153412
2010-01-15,0.00698737699924723
2010-01-19,0.003223127269577075
2010-01-20,-0.013465234860166597
2010-01-21,0.015444890284406432
2010-01-22,-0.020713279190081813
2010-01-25,0.015405828141022093
2010-01-26,-0.0018123534644001182
2010-01-27,-0.0012371385398809442
2010-01-28,0.002028226040116099
2010-01-29,0.011776671338289635
2010-02-01,0.013010870642095718
2010-02-02,-0.00854633394778348
2010-02-03,-0.012648608305495634
2010-02-04,-0.005863424572410181
2010-02-05,0.0007734155036309698
2010-02-08,0.006610965877559272
2010-02-09,0.023082432477949943
2010-02-10,-0.01961760507659238
2010-02-11,0.004122812806129694
2010-02-12,-0.0110463255772415
2010-02-16,0.014406631088789368
2010-02-17,0.010574111929434915
2010-02-18,-0.0074646233311556065
2010-02-19,-0.00640555568557466
2010-02-22,0.012618273590685014
2010-02-23,-0.006685477213349
2010-02-24,0.007347481518141352
2010-02-25,-0.020293381499205676
2010-02-26,-0.0035569123923167023
2010-03-01,0.010992315184811918
2010-03-02,0.005491012575375542
2010-03-03,0.0055152992207379015
2010-03-04,0.001558625756915566
2010-03-05,-0.0006740673530637453
2010-03-08,0.003784109122184187
2010-03-09,-0.011399726289934575
2010-03-10,0.005977007661102318
2010-03-11,-0.002663872362614006
2010-03-12,0.012875746231064467
2010-03-15,-0.004688803245967654
2010-03-16,0.0064063703117089865
2010-03-17,0.006400014180775404
2010-03-18,-0.0029725151750178425
2010-03-19,-0.006823085941408791
2010-03-22,-0.012501250621272164
2010-03-23,0.005116402387646435
2010-03-24,-0.0032504385693690185
2010-03-25,0.017300072376818854
2010-03-26,0.008417223051291334
2010-03-29,0.009782381144661123
2010-03-30,0.007947789427833918
2010-03-31,-0.011615736748206151
2010-04-01,0.025364538344370136
2010-04-05,0.012911103315394357
2010-04-06,-0.0014999157215730419
2010-04-07,0.0012242391042978085
2010-04-08,-0.0026083851945210013
2010-04-09,0.008205971703721726
2010-04-12,0.003817344979112347
2010-04-13,-0.00099926431432662
2010-04-14,0.023082183228135378
2010-04-15,-0.0033823462053491626
2010-04-16,-0.01611206431700618
2010-04-19,-0.007271224929019771
2010-04-20,0.010243331774922204
2010-04-21,0.008982468877655192
2010-04-22,-0.01602192303228156
2010-04-23,0.0007028198617828885
2010-04-26,0.0035122826715590083
2010-04-27,-0.010001220128164734
2010-04-28,0.009561511711729587
2010-04-29,0.012616991387957466
2010-04-30,0.00022472263279604832
2010-05-03,0.011057037877590936
2010-05-04,-0.02011307529026274
2010-05-05,-0.02202450709340409
2010-05-06,0.000736634697437788
2010-05-07,0.00028592136313010386
2010-05-10,0.06471842173793174
2010-05-11,0.0
2010-05-12,0.0
2010-05-13,0.0
2010-05-14,0.0
2010-05-17,0.0
2010-05-18,0.012824969013153442
2010-05-19,-0.01064350710806039
2010-05-20,-0.02618750532566083
2010-05-21,-0.017726645641412797
2010-05-24,-0.0006182356796738953
2010-05-25,-0.0413401719472013
2010-05-26,0.02034933008864126
2010-05-27,0.030653677985901018
2010-05-28,0.0035657872465744145
2010-06-01,-0.013053247985969296
2010-06-02,0.003561725437672081
2010-06-03,-0.003971977077556255
2010-06-04,-0.02345283976444823
2010-06-07,0.007389759680173302
2010-06-08,0.004063479767193234
2010-06-09,0.008611215776123782
2010-06-10,0.02094919642109927
2010-06-11,-0.012672429332866941
2010-06-14,0.014197020177271646
2010-06-15,0.012771481434554088
2010-06-16,-0.008196346880733008
2010-06-17,0.020611848473243155
2010-06-18,0.00038104664118088216
2010-06-21,0.020443055364103735
2010-06-22,0.0033852170157757655
2010-06-23,0.0074573779066617885
2010-06-24,-0.00036954375061637457
2010-06-25,0.008657720746912956
2010-06-28,0.01300715212213266
2010-06-29,-0.04035832765671632
2010-06-30,0.0012866359943739525
2010-07-01,0.005880198170174156
2010-07-02,0.0035675079472767823
2010-07-06,0.014978741482523539
2010-07-07,0.007781920822486077
2010-07-08,0.005453883900103262
2010-07-09,0.0012354270848407012
2010-07-12,-0.0039789687596114565
2010-07-13,0.016341022931790405
2010-07-14,0.018767018541756775
2010-07-15,-0.0006770270183651395
2010-07-16,-0.007435153136945316
2010-07-19,0.007971414227863294
2010-07-20,-0.016545943310351308
2010-07-21,0.00962989417316984
2010-07-22,0.01486080333262052
2010-07-23,-0.0027095215227689318
2010-07-26,-0.0012126927602370552
2010-07-27,0.00402922734740363
2010-07-28,-0.008780071861248517
2010-07-29,-0.020721044775419473
2010-07-30,-0.01531935891466063
2010-08-02,0.01421031895644509
2010-08-03,-0.007271611173788717
2010-08-04,0.007941498392065816
2010-08-05,-0.004103946187510421
2010-08-06,-0.008812815565865773
2010-08-09,0.008336425585837581
2010-08-10,-0.018590002634374048
2010-08-11,-0.044166329997517906
2010-08-12,-0.010772856707894407
2010-08-13,0.007133006904881167
2010-08-16,-0.005988576116892297
2010-08-17,0.011287467454164757
2010-08-18,-0.0018969508954601588
2010-08-19,-0.001735605123963202
2010-08-20,-0.007329754748743089
2010-08-23,0.003975071380366568
2010-08-24,-0.025528185891785182
2010-08-25,-0.005024026716233698
2010-08-26,0.011433304716093273
2010-08-27,0.008755721397751826
2010-08-30,-0.002665519897597668
2010-08-31,-0.012761423087220503
2010-09-01,0.016771085267490937
2010-09-02,0.004397209801324964
2010-09-03,0.01576783816382976
2010-09-07,-0.006393087929796648
2010-09-08,0.0018249826814487058
2010-09-09,0.01159483052399879
2010-09-10,-0.000891447793708422
2010-09-13,0.015783505185745783
2010-09-14,-0.004930415663710108
2010-09-15,-0.01630011090059158
2010-09-16,-0.00424220231959016
2010-09-17,0.004811983714713142
2010-09-20,0.0036356596453108736
2010-09-21,7.152177054026154e-05
2010-09-22,-0.001668526814438187
2010-09-23,-0.003418144639743992
2010-09-24,0.01823485192632779
2010-09-27,0.007236563106306271
2010-09-28,0.005400808842369376
2010-09-29,-0.003063214408384418
2010-09-30,0.009984870989534489
2010-10-01,0.009716568494882116
2010-10-04,-0.0026089416220136386
2010-10-05,0.010149240658749115
2010-10-06,0.004616811711565472
2010-10-07,0.0022863080101556132
2010-10-08,-0.002960466955652996
2010-10-11,0.00042319973841165037
2010-10-12,-0.014573358360691291
2010-10-13,0.004934708363698359
2010-10-14,-0.002276385741425302
2010-10-15,0.012250211943758638
2010-10-18,0.004255455818060749
2010-10-19,-0.025760690397178765
2010-10-20,0.0018682669047458411
2010-10-21,-0.00034078737426557204
2010-10-22,-0.0015657186816931956
2010-10-25,0.002828822894090477
2010-10-26,-0.0038075939499305766
2010-10-27,-0.0036786761081377684
2010-10-28,-0.004727997698003805
2010-10-29,-0.0011754399853841635
2010-11-01,0.0024948267601576646
2010-11-02,0.005040161879982907
2010-11-03,-0.0026820293357608938
2010-11-04,0.005984575349281096
2010-11-05,0.005340862549230385
2010-11-08,0.0030363181338231016
2010-11-09,0.030915996387410383
2010-11-10,-0.0003860824003862895
2010-11-11,-0.010388770661271751
2010-11-12,-0.005923949814128915
2010-11-15,-0.0036319658852250747
2010-11-16,-0.0001989044747986446
2010-11-17,0.0011345453876561162
2010-11-18,0.01659709226700512
2010-11-19,-0.0004896809179361084
2010-11-22,-0.0024273752603612975
2010-11-23,-0.0092072083954573
2010-11-24,0.008831124184256689
2010-11-26,-0.008012862255151965
2010-11-29,-0.0037301915505311145
2010-11-30,-0.012543828647657684
2010-12-01,0.01925447710357675
2010-12-02,-0.0014007335568636536
2010-12-03,-0.008490033561468713
2010-12-06,0.0035296876906067975
2010-12-07,0.012810179157993318
2010-12-08,0.013558803861328794
2010-12-09,0.04139433845877227
2010-12-10,0.009305777343353139
2010-12-13,0.012842588925126242
2010-12-14,-0.006025390934652375
2010-12-15,0.004967476530650439
2010-12-16,0.007956073070854774
2010-12-17,0.00745652779506889
2010-12-20,0.010406671082223928
2010-12-21,0.0032483128384259707
2010-12-22,0.006204817871027224
2010-12-23,-0.013185806402654099
2010-12-27,-0.027164479001203556
2010-12-28,0.007135232120083268
2010-12-29,0.011862843617024943
2010-12-30,-0.0024070557890871758
2010-12-31,-0.00025286093500442863
2011-01-03,0.009606786553914448
2011-01-04,0.0026194410564635007
2011-01-05,0.0010638312794379878
2011-01-06,-0.0022905729508854167
2011-01-07,0.002493022018571489
2011-01-10,0.002635141178044087
2011-01-11,0.008438269979441637
2011-01-12,0.0310353533751051
2011-01-13,0.0018469526195408204
2011-01-14,0.00020803207275710278
2011-01-18,0.00013817072558630628
2011-01-19,-0.012088848151970533
2011-01-20,-0.015750895356853034
2011-01-21,0.008675002109328922
2011-01-24,0.00019621660336133218
2011-01-25,-0.009235581806516624
2011-01-26,0.015808813025483204
2011-01-27,0.0026645593484926344
2011-01-28,0.0011953974336100792
2011-01-31,-0.0033920183813367366
2011-02-01,0.007681977807222573
2011-02-02,-0.005151996109729384
2011-02-03,0.003192974417529415
2011-02-04,0.0065459596514116924
2011-02-07,0.0038827927280475905
2011-02-08,0.0071153081873338575
2011-02-09,0.0005650297292905115
2011-02-10,-0.016338799609381005
2011-02-11,-0.004156331772748545
2011-02-14,0.010121000494973442
2011-02-15,-0.00011782565334350625
2011-02-16,0.012113657357574192
2011-02-17,-0.010277920607198787
2011-02-18,0.0036771856810990933
2011-02-22,-0.02523187097159485
2011-02-23,-0.006781102401848149
2011-02-24,-0.00748923111447064
2011-02-25,0.019461391340424017
2011-02-28,0.017014270435705248
2011-03-01,0.0025131591412907994
2011-03-02,-0.0034101418343284173
2011-03-03,0.020477570767074127
2011-03-04,0.004708145881804793
2011-03-07,0.006130812677541897
2011-03-08,-0.0006775794469499052
2011-03-09,-0.0002464197823095482
2011-03-10,-0.021451869100239107
2011-03-11,-0.0022083943406785433
2011-03-14,0.021660079439647983
2011-03-15,-0.038894100595702974
2011-03-16,-6.577756423098435e-05
2011-03-17,0.006663081464358012
2011-03-18,0.015924472115199872
2011-03-21,0.01766931026915275
2011-03-22,-0.004311149668905778
2011-03-23,-0.00018443636181719736
2011-03-24,0.0327594371294504
2011-03-25,0.004795465614772176
2011-03-28,0.01374989650169911
2011-03-29,0.006381119284253334
2011-03-30,0.009672941601450491
2011-03-31,2.249950996202621e-05
2011-04-01,0.008472971751199543
2011-04-04,0.0035155707155472005
2011-04-05,0.00799045137466603
2011-04-06,0.006437502470484802
2011-04-07,-0.002899478001105238
2011-04-08,0.005822625652144975
2011-04-11,0.0032240447787914572
2011-04-12,-0.014804836507775865
2011-04-13,0.010464457704624897
2011-04-14,-0.01036550684452342
2011-04-15,-0.005933322274956132
2011-04-18,-0.01882875642916959
2011-04-19,0.002544858472621092
2011-04-20,0.02990089871301227
2011-04-21,0.004995453861591059
2011-04-25,0.0007477087724225839
2011-04-26,6.838899523375908e-05
2011-04-27,-0.0008583179333486735
2011-04-28,-0.003820087790469162
2011-04-29,0.00030967284302696463
2011-05-02,0.00920543203183155
2011-05-03,-0.004567642261913751
2011-05-04,0.004339836401688446
2011-05-05,-0.009045132790409971
2011-05-06,0.015675104940634288
2011-05-09,0.0005806522323934526
2011-05-10,0.0038676901777967565
2011-05-11,0.0022385147319008425
2011-05-12,-0.004918112960251686
2011-05-13,-0.02035609450502307
2011-05-16,0.0015116511448622916
2011-05-17,-0.00945530994313415
2011-05-18,0.004821894745883792
2011-05-19,0.0010930552437642405
2011-05-20,-0.0018671325731738353
2011-05-23,-0.012279255596063687
2011-05-24,0.00577959214209911
2011-05-25,-0.003998739859641831
2011-05-26,0.0017554462444990815
2011-05-27,0.006865302332061729
2011-05-31,0.017769703788539815
2011-06-01,-0.010207123949471653
2011-06-02,0.004055454357487109
2011-06-03,-0.007528416805668847
2011-06-06,0.0010026510778102793
2011-06-07,0.010601481018317704
2011-06-08,-0.007832858946087762
2011-06-09,0.00986640423067886
2011-06-10,0.005773978780668765
2011-06-13,0.00039489247930513116
2011-06-14,0.01025234826379684
2011-06-15,-0.007152879593569694
2011-06-16,0.0007739444598047207
2011-06-17,0.012091033881146851
2011-06-20,-0.00336190308507911
2011-06-21,0.007210495192213617
2011-06-22,-0.002768515488695278
2011-06-23,-0.01394615231997276
2011-06-24,-0.03009168348126179
2011-06-27,0.002130728334145404
2011-06-28,0.0033851626279268743
2011-06-29,0.005854127024242706
2011-06-30,0.004320016854628683
2011-07-01,0.00103845622976384
2011-07-05,0.0024919203821074376
2011-07-06,-0.0048332276799040175
2011-07-07,0.005214374776502773
2011-07-08,-0.014083222688832886
2011-07-11,-0.01673670060823329
2011-07-12,-0.0078003343545981485
2011-07-13,0.011842522217285989
2011-07-14,0.003359154516438201
2011-07-15,0.007352037103854903
2011-07-18,-0.007008684498478024
2011-07-19,0.006128778890730713
2011-07-20,0.002259732431127315
2011-07-21,0.002851207942629941
2011-07-22,0.00519955909707015
2011-07-25,-0.01680628771290149
2011-07-26,-0.009327649830809581
2011-07-27,-0.0090836714486916
2011-07-28,0.0036176050685674532
2011-07-29,-0.01858036627204873
2011-08-01,0.02042561462693282
2011-08-02,-0.009850226437484344
2011-08-03,0.0024258693346632665
2011-08-04,-0.020456665366176074
2011-08-05,0.01795271476464233
2011-08-08,-0.04088588931661963
2011-08-09,0.027518343853238036
2011-08-10,-0.025267411852683885
2011-08-11,0.007485004719041788
2011-08-12,0.04610504998009435
2011-08-15,0.009829569118114279
2011-08-16,-0.010187644158017206
2011-08-17,0.008080751664780728
2011-08-18,-0.037303472254617054
2011-08-19,-0.013624666775878258
2011-08-22,0.025427765031518668
2011-08-23,0.01406899254656313
2011-08-24,0.02891964789689694
2011-08-25,-0.0070411776251727565
2011-08-26,-0.0014758666099454754
2011-08-29,0.03190667119463164
2011-08-30,-0.01233555969090172
2011-08-31,0.010869759006254087
2011-09-01,0.005193099663531209
2011-09-02,-0.02326477228116819
2011-09-06,-0.03102205862513263
2011-09-07,0.04382605180843191
2011-09-08,-0.01032785625045507
2011-09-09,-0.009848590681832303
2011-09-12,-0.011831585439623593
2011-09-13,0.012281587344730616
2011-09-14,0.014839197401492976
2011-09-15,0.017653693446624485
2011-09-16,0.001470178138597067
2011-09-19,-0.013018017545908811
2011-09-20,0.007459559957629036
2011-09-21,0.005378630049593047
2011-09-22,-0.04024083846984694
2011-09-23,-0.004607992850387932
2011-09-26,0.005804626622023967
2011-09-27,0.01917731322734917
2011-09-28,-0.011420467073472107
2011-09-29,0.009838306679055497
2011-09-30,-0.030267900242937462
2011-10-03,-0.009350938307212564
2011-10-04,-0.01777468914961644
2011-10-05,-0.002971717820031361
2011-10-06,0.003177661913365659
2011-10-07,0.0021190994602526825
2011-10-10,0.024378647648465535
2011-10-11,-0.0031025397434201185
2011-10-12,0.013612483563140376
2011-10-13,-0.009941862149600467
2011-10-14,0.01905233568279341
2011-10-17,-0.01117830253938834
2011-10-18,-0.0017956007403674423
2011-10-19,-0.005022674089860346
2011-10-20,-0.010574398952204134
2011-10-21,0.012269459330481736
2011-10-24,0.003134841403097388
2011-10-25,-0.012414096538740038
2011-10-26,0.01227534873342817
2011-10-27,0.029288937216309208
2011-10-28,-0.004504738059419089
2011-10-31,-0.022576069917949138
2011-11-01,-0.034748584535828186
2011-11-02,0.012986211864617125
2011-11-03,0.006011846236527063
2011-11-04,-0.006997992827745936
2011-11-07,-0.0008906727274711201
2011-11-08,0.004611111568536774
2011-11-09,-0.021916945007256383
2011-11-10,0.009908797779917933
2011-11-11,0.007607427017365609
2011-11-14,-0.0036435717171861004
2011-11-15,-0.0051500893520946
2011-11-16,-0.006963370994454987
2011-11-17,0.007852158279596733
2011-11-18,0.0057011930674149
2011-11-21,-0.015207358235670987
2011-11-22,0.0009560392901566406
2011-11-23,-0.0074705904397082135
2011-11-25,-0.00011125466712103016
2011-11-28,0.03374527237808422
2011-11-29,-0.00011301598961244164
2011-11-30,0.027820616246474472
2011-12-01,-0.05174843601533874
2011-12-02,0.01510365197174579
2011-12-05,0.014684342317555998
2011-12-06,-0.00026414841403099576
2011-12-07,-0.00528046724997
2011-12-08,-0.004791989043284928
2011-12-09,0.006236418743782668
2011-12-12,-0.011170155515628388
2011-12-13,0.004803744347937178
2011-12-14,-0.005385332868964587
2011-12-15,0.009906812051862612
2011-12-16,0.008148525087438685
2011-12-19,0.007675547142720118
2011-12-20,0.013430959478776261
2011-12-21,0.000747836127799939
2011-12-22,0.0005488858875308811
2011-12-23,0.0012502315623910132
2011-12-27,-0.0011933643110452197
2011-12-28,-0.00026867563027488384
2011-12-29,0.0028320647697210877
2011-12-30,-0.0030708667579920634
2012-01-03,0.017888878064801217
2012-01-04,-0.0013776748533209648
2012-01-05,-0.004917684567510627
2012-01-06,0.001529120505636472
2012-01-09,-0.0011636875481360054
2012-01-10,0.011111319961847776
2012-01-11,-5.581543388744059e-05
2012-01-12,0.005388938423181999
2012-01-13,-0.00491560037104366
2012-01-17,0.010942091023638634
2012-01-18,-0.0002944748643958217
2012-01-19,0.009318735750117657
2012-01-20,-0.051320103200988454
2012-01-23,0.0018909842100534036
2012-01-24,-0.0008905235205136641
2012-01-25,0.0230566234121099
2012-01-26,0.004183563410297131
2012-01-27,0.0029274828239016504
2012-01-30,-0.003388499248548338
2012-01-31,0.008026167763213854
2012-02-01,0.006960050611037438
2012-02-02,0.005424422487819713
2012-02-03,0.01651795785585919
2012-02-06,-0.0057537750945250155
2012-02-07,-0.004159118188804434
2012-02-08,0.0021880503071514124
2012-02-09,0.0011898992400398711
2012-02-10,0.011680021037308475
2012-02-13,0.01402336881096855
2012-02-14,-0.0042174366907596905
2012-02-15,0.006867085117890248
2012-02-16,-0.0009152067905289218
2012-02-17,0.0020388833850431
2012-02-21,-0.006068377481394549
2012-02-22,-0.0031872513353832232
2012-02-23,-0.0010385728006582218
2012-02-24,0.006935757144061139
2012-02-27,-0.006552887935608043
2012-02-28,8.902054357773359e-05
2012-02-29,0.0015794234911732374
2012-03-01,0.00376382783042728
2012-03-02,0.0019941399178926567
2012-03-05,-0.0018608242047832846
2012-03-06,-0.019053721956767244
2012-03-07,0.009467797665810185
2012-03-08,0.011812119693160206
2012-03-09,0.0009611421447133228
2012-03-12,-0.006122089730269953
2012-03-13,0.014226103651405309
2012-03-14,0.02039132766001539
2012-03-15,0.0045175577712863735
2012-03-16,0.002062710939244816
2012-03-19,-0.00250228813925768
2012-03-20,-0.010785931743545918
2012-03-21,0.007158778069970895
2012-03-22,-0.00490395275541311
2012-03-23,-0.009195145267972049
2012-03-26,0.007071928227630808
2012-03-27,0.005424769546609642
2012-03-28,-0.0016005899218123343
2012-03-29,-0.00590111848412378
2012-03-30,0.007734680215296219
2012-04-02,-0.0023660970582278784
2012-04-03,-0.010287565504521257
2012-04-04,-0.015084056854608008
2012-04-05,-0.007141201955588206
2012-04-09,-0.016728739478784616
2012-04-10,-0.004340509869755538
2012-04-11,0.012676079655099759
2012-04-12,0.014957455431645394
2012-04-13,-0.010707998421362719
2012-04-16,0.011607839916980112
2012-04-17,0.0105351801013438
2012-04-18,-0.013013640083257783
2012-04-19,0.0011400690768044175
2012-04-20,0.0029420490555049916
2012-04-23,-0.014407911795361827
2012-04-24,0.0061822423772828206
2012-04-25,0.019900979770108185
2012-04-26,-0.0006109923972710263
2012-04-27,0.012469537338922754
2012-04-30,-0.001364241916429143
2012-05-01,-0.006430643768065458
2012-05-02,-0.007271172324945674
2012-05-03,0.0011334808373153482
2012-05-04,-0.003458882904465166
2012-05-07,-0.020047457699518212
2012-05-08,-0.004897659359458073
2012-05-09,-0.04541248756841265
2012-05-10,-5.939701387269736e-05
2012-05-11,-0.014624918429850253
2012-05-14,-0.011753573610459922
2012-05-15,-0.0005960699492207899
2012-05-16,0.0052166292783206725
2012-05-17,-0.000896863385734914
2012-05-18,0.003367006238201631
2012-05-21,0.0064636662599375505
2012-05-22,-0.0014827676372228815
2012-05-23,-0.008445080028119722
2012-05-24,0.004602233282130941
2012-05-25,-0.0001613459128747552
2012-05-29,0.01728774555911783
2012-05-30,-0.01366801889181346
2012-05-31,-0.0019268984243838716
2012-06-01,-0.029329563533808667
2012-06-04,0.005475163654613757
2012-06-05,7.7950367680657e-05
2012-06-06,0.010790881852094536
2012-06-07,0.016449723822062
2012-06-08,-0.0012684202095748498
2012-06-11,0.018290582972903424
2012-06-12,0.005092250196283787
2012-06-13,-0.0009277228388407943
2012-06-14,-0.0021001516591383496
2012-06-15,0.0035729569057765254
2012-06-18,-0.00814225809024316
2012-06-19,0.019733253289969
2012-06-20,0.005326376613641992
2012-06-21,-0.011330085341321627
2012-06-22,0.005730311599940974
2012-06-25,-0.008412402006843678
2012-06-26,0.003923013200464176
2012-06-27,0.000552533687562029
2012-06-28,-0.012013832347090303
2012-06-29,0.0219610703924491
2012-07-02,0.022668344020992715
2012-07-03,0.0021842113545154085
2012-07-05,-0.004593008699315226
2012-07-06,-0.00857372952391311
2012-07-09,-0.002292648712048706
2012-07-10,-0.0035079106891429124
2012-07-11,0.0030053168471537717
2012-07-12,-0.009270886630837194
2012-07-13,-3.812236060340979e-05
2012-07-16,-0.006108395066851902
2012-07-17,0.005834907467804573
2012-07-18,-0.005357146930641599
2012-07-19,0.013021826139762771
2012-07-20,0.008679902948326212
2012-07-23,-0.021754900714453074
2012-07-24,0.005908431640142542
2012-07-25,-0.0026895502774806346
2012-07-26,0.018472652205128393
2012-07-27,0.00903373960741849
2012-07-30,-0.002493339919991011
2012-07-31,0.008503183875961051
2012-08-01,0.00923405147790124
2012-08-02,-0.00908459517611282
2012-08-03,0.01943111507392392
2012-08-06,0.007036433367235473
2012-08-07,0.012528773856593345
2012-08-08,-0.0031222556525785095
2012-08-09,-0.0068311830731403456
2012-08-10,0.005096896993614264
2012-08-13,0.0004558941193326671
2012-08-14,0.007833086373143727
2012-08-15,0.000729029881451071
2012-08-16,0.007167924087101651
2012-08-17,0.0075860276225137024
2012-08-20,-0.001664364517927397
2012-08-21,0.0004812978074817398
2012-08-22,-0.004276621048962426
2012-08-23,-0.0045489242736782565
2012-08-24,-0.0015977054093754273
2012-08-27,-4.329592059792997e-05
2012-08-28,-0.0014610235412955141
2012-08-29,0.0019449730053939795
2012-08-30,-0.0010714858343854328
2012-08-31,0.007028572477651984
2012-09-04,-0.00728753711997121
2012-09-05,-0.0036327393555772858
2012-09-06,0.007566153596279435
2012-09-07,-0.002652464946161226
2012-09-10,-0.004206118370478129
2012-09-11,0.0033388434210221973
2012-09-12,0.007930520816450182
2012-09-13,0.0007418241440708684
2012-09-14,0.008279674471633358
2012-09-17,-0.0012579706618726094
2012-09-18,-0.006754545266723699
2012-09-19,-0.004982084355118044
2012-09-20,-0.0017931740973664567
2012-09-21,0.0007255332712385876
2012-09-24,-0.008673490501684755
2012-09-25,0.013321513222418035
2012-09-26,-0.005790334656635587
2012-09-27,0.012105253400326532
2012-09-28,-0.006299330679052861
2012-10-01,0.004112932721892282
2012-10-02,0.0066151376988348165
2012-10-03,0.004107659511803696
2012-10-04,0.0007670495757481355
2012-10-05,0.005585010000439317
2012-10-08,-0.008907435224492222
2012-10-09,-0.005384451130705292
2012-10-10,0.0010775459886374072
2012-10-11,0.008031516872641697
2012-10-12,-0.0037995093899902965
2012-10-15,0.007031629214632185
2012-10-16,0.0039715391794408195
2012-10-17,-0.00830599237319729
2012-10-18,-0.001156479078799899
2012-10-19,0.00225009893842798
2012-10-22,0.004900456137420628
2012-10-23,-0.012969221774778106
2012-10-24,0.008767774506660553
2012-10-25,0.008136007270693302
2012-10-26,-0.00472496894857799
2012-10-31,0.003579452609042466
2012-11-01,0.009818231984637604
2012-11-02,0.007209077008518694
2012-11-05,-0.01090272337135978
2012-11-06,0.003051087894796689
2012-11-07,-0.015496307486568828
2012-11-08,0.011554463184663133
2012-11-09,0.0034162663759129686
2012-11-12,0.0021356981754210302
2012-11-13,-0.011133467831338617
2012-11-14,0.008882375851682944
2012-11-15,0.00792833061370013
2012-11-16,0.00019582149563501794
2012-11-19,0.015183895517230539
2012-11-20,0.0009013016705508026
2012-11-21,-0.0021034263461384706
2012-11-23,0.006257442271880853
2012-11-26,0.0025473588501641053
2012-11-27,-0.00255402487513523
2012-11-28,-0.009776642406644442
2012-11-29,0.005363423524285205
2012-11-30,-0.006812190902061199
2012-12-03,0.009722883945942451
2012-12-04,0.004310627695369718
2012-12-05,-0.0011528994491277755
2012-12-06,-0.002357661092253993
2012-12-07,-0.007648939920171238
2012-12-10,0.0017825899809646994
2012-12-11,0.004610202577085776
2012-12-12,0.007703526678219053
2012-12-13,0.006772028078174008
2012-12-14,-7.2735154762471055e-06
2012-12-17,0.0018816865419397644
2012-12-18,0.0030051369875434553
2012-12-19,0.003092659288390198
2012-12-20,0.0029203448550600974
2012-12-21,-0.027643281227411
2012-12-24,0.002150770059458962
2012-12-26,-6.721631314188237e-05
2012-12-27,0.0027035503037775577
2012-12-28,-0.009524939597236992
2012-12-31,0.0013680254839008033
2013-01-02,0.0300414445803463
2013-01-03,-0.0015461383542261231
2013-01-04,0.002837324488051296
2013-01-07,0.003202296037980501
2013-01-08,0.00026687790613388884
2013-01-09,0.007744596507913704
2013-01-10,0.012342581809981823
2013-01-11,0.00021402660657821038
2013-01-14,-0.004437780788230095
2013-01-15,-0.006874305722271545
2013-01-16,0.0001687526790885574
2013-01-17,0.004528602782698954
2013-01-18,-0.0025856496421178266
2013-01-22,-0.0022893407086427287
2013-01-23,0.006770085862596753
2013-01-24,-0.01054598583430566
2013-01-25,0.002119001686818889
2013-01-28,0.004800515895621915
2013-01-29,-0.0034881506325052936
2013-01-30,-0.0005011668377750134
2013-01-31,0.004033864569793932
2013-02-01,0.008085110901391301
2013-02-04,-0.00776955020336656
2013-02-05,-0.005292870994762278
2013-02-06,0.020074564306403087
2013-02-07,-0.005260771663292529
2013-02-08,0.0028370041988388106
2013-02-11,-0.008808362861622898
2013-02-12,0.006229046766779822
2013-02-13,0.008111820761835586
2013-02-14,-0.0038875092189604166
2013-02-15,0.002294504822923038
2013-02-19,-0.001113891645403875
2013-02-20,0.0007271325329214484
2013-02-21,-0.007069013492461029
2013-02-22,-0.011933075242187341
2013-02-25,0.009672860041289866
2013-02-26,0.00416550632322954
2013-02-27,-0.004903489796217464
2013-02-28,0.0011143314646910873
2013-03-01,-0.007334052828014692
2013-03-04,-0.004358987555697524
2013-03-05,0.010279174174639971
2013-03-06,0.008793873269443031
2013-03-07,0.0022694059528742816
2013-03-08,0.0075892213398380814
2013-03-11,-0.004379268704724826
2013-03-12,-0.002624233515074459
2013-03-13,0.002145569270883607
2013-03-14,0.005130554297134493
2013-03-15,0.0010770417453653813
2013-03-18,-0.021612488081315995
2013-03-19,0.003701507441988605
2013-03-20,0.007524802788809071
2013-03-21,-0.003366401087393167
2013-03-22,0.027076790226454817
2013-03-25,0.0009183924669964316
2013-03-26,0.0051212506572611005
2013-03-27,-0.01078251061587987
2013-03-28,0.002096674523226927
2013-04-01,-0.004268385264703967
2013-04-02,0.0060881849143148425
2013-04-03,8.272036203171851e-05
2013-04-04,7.162154569861912e-05
2013-04-05,-0.013637218279249352
2013-04-08,0.0005808985545567857
2013-04-09,0.0015078825985384015
2013-04-10,0.0043030203862566285
2013-04-11,-0.008844489313868165
2013-04-12,-0.00572816304717505
2013-04-15,-0.011861863440579046
2013-04-16,0.01291361166314453
2013-04-17,-0.017624519613399392
2013-04-18,0.012314401499255112
2013-04-19,0.0037860924503723137
2013-04-22,0.0037311405334532477
2013-04-23,0.00813759191141461
2013-04-24,-0.00472138520410792
2013-04-25,0.0002780895074041556
2013-04-26,-0.003845978971246944
2013-04-29,0.004621726428295503
2013-04-30,0.004115581814372327
2013-05-01,-0.003456614366840305
2013-05-02,-0.006268369187126366
2013-05-03,0.025053039305412472
2013-05-06,0.025815890844248734
2013-05-07,0.0190652666040787
2013-05-08,0.010277987512372633
2013-05-09,0.0919302225532379
2013-05-10,0.0
2013-05-13,0.0
2013-05-14,0.0
2013-05-15,0.0
2013-05-16,0.0
2013-05-17,0.01262047671182387
2013-05-20,0.00762460205560056
2013-05-21,-0.001271834308057107
2013-05-22,0.0003322342631280062
2013-05-23,-0.027710756199658126
2013-05-24,-0.001438592744331224
2013-05-28,0.02624652106555936
2013-05-29,0.0038894807279459265
2013-05-30,-0.005801648900888967
2013-05-31,0.00495373345978245
2013-06-03,0.0029017233677464116
2013-06-04,-0.0002657307520823604
2013-06-05,-0.004716796652438182
2013-06-06,0.000607560361895576
2013-06-07,0.011277731527977286
2013-06-10,-0.007012818659185682
2013-06-11,-0.013215538614976596
2013-06-12,0.016011869707386994
2013-06-13,0.005399271819659823
2013-06-14,0.013100071868142216
2013-06-17,0.0366448281812195
2013-06-18,0.005165086278540398
2013-06-19,0.002298960984171705
2013-06-20,-0.015882197774562457
2013-06-21,0.026345905689889593
2013-06-24,-0.006537578847011005
2013-06-25,0.017160225763988235
2013-06-26,0.011967321823514787
2013-06-27,0.010094206935230776
2013-06-28,-0.0030045681047967676
2013-07-01,0.011917217677111402
2013-07-02,-0.0033753738564522573
2013-07-03,0.0025622383393268944
2013-07-05,0.013615560987399133
2013-07-08,0.005536539748186797
2013-07-09,0.011159839143859207
2013-07-10,-0.005206219441417748
2013-07-11,0.035715188457950964
2013-07-12,0.003005192196983364
2013-07-15,0.01141375734818495
2013-07-16,0.00048603612050879264
2013-07-17,-0.005237159075417996
2013-07-18,0.006901294123626389
2013-07-19,-0.04866644766350181
2013-07-22,-0.003739882587565524
2013-07-23,0.004011315622827416
2013-07-24,0.011340516209585205
2013-07-25,-0.006710455715770891
2013-07-26,0.0051659665511980535
2013-07-29,0.006300781468046912
2013-07-30,0.0048031223272628765
2013-07-31,0.0065697554296337835
2013-08-01,0.00884866686420982
2013-08-02,-0.004955136075939781
2013-08-05,0.007733607826146738
2013-08-06,-0.0009466050209201438
2013-08-07,-0.007494245899585805
2013-08-08,0.051770621142632756
2013-08-09,0.0
2013-08-12,0.0
2013-08-13,0.0
2013-08-14,0.0
2013-08-15,0.0
2013-08-16,0.0056213735631913675
2013-08-19,0.00402956897120621
2013-08-20,0.01072002755173096
2013-08-21,0.0002592542887696059
2013-08-22,0.00784735807106185
2013-08-23,0.00466343027525884
2013-08-26,0.007779417411934109
2013-08-27,-0.012012175606458508
2013-08-28,0.00015843541237270387
2013-08-29,-0.0037429432296373077
2013-08-30,0.0011135384302276563
2013-09-03,0.018933781852845888
2013-09-04,0.025840436636571873
2013-09-05,0.004842544012958028
2013-09-06,0.0013446732225959046
2013-09-09,-0.000658790937351772
2013-09-10,0.010219069834196626
2013-09-11,0.0015084962744735808
2013-09-12,0.0003271391773771448
2013-09-13,-0.007605316289938324
2013-09-16,0.019103027110747073
2013-09-17,-0.004706274775236996
2013-09-18,3.026702642339174e-05
2013-09-19,0.012093163934242313
2013-09-20,0.004510838078298329
2013-09-23,-7.883454833690351e-05
2013-09-24,-0.0012780375541000533
2013-09-25,0.01613945691772356
2013-09-26,0.011362248696597854
2013-09-27,-0.0027436557970555997
2013-09-30,-0.016605984546858465
2013-10-01,0.0015530908399912224
2013-10-02,-0.006468726305473904
2013-10-03,-0.003525299817770944
2013-10-04,0.009927567098960477
2013-10-07,0.005162870013278642
2013-10-08,0.008578770580709216
2013-10-09,0.0011134046584622137
2013-10-10,0.013881018729669403
2013-10-11,-0.010234880074930675
2013-10-14,-0.015804140845217973
2013-10-15,0.00956114581782308
2013-10-16,0.006477929821400608
2013-10-17,0.00022431687472157513
2013-10-18,0.004051344135635571
2013-10-21,0.00487318203568976
2013-10-22,0.0030261397456370354
2013-10-23,-0.01375772274874798
2013-10-24,-0.0009874135988184873
2013-10-25,-0.0006748594961457632
2013-10-28,-0.0015007127878132742
2013-10-29,0.007091967782400399
2013-10-30,0.008511519954611524
2013-10-31,-0.008143990520964706
2013-11-01,0.011628813302672292
2013-11-04,0.011162535571849652
2013-11-05,0.00225300662296668
2013-11-06,-0.02059942942380899
2013-11-07,0.009414283843547144
2013-11-08,-0.00010736208608375097
2013-11-11,0.0020437283916634463
2013-11-12,0.0010093794757364272
2013-11-13,-0.014625209330926259
2013-11-14,-0.0024822751742331617
2013-11-15,0.010780734748425003
2013-11-18,0.004033725472007754
2013-11-19,0.0042007653724622784
2013-11-20,0.004123826259703867
2013-11-21,0.00785037478606787
2013-11-22,-0.0023958576432672185
2013-11-25,0.008977399442040124
2013-11-26,0.0004548435233133752
2013-11-27,0.004412714633843073
2013-11-29,0.009078923345247514
2013-12-02,0.004338173874460782
2013-12-03,-0.0015902791317733422
2013-12-04,-0.00560180641243424
2013-12-05,-0.001966849383807534
2013-12-06,0.013486783218870091
2013-12-09,0.007023478508574099
2013-12-10,-0.0015572958627384503
2013-12-11,-0.0066325315704122145
2013-12-12,0.01293538912058212
2013-12-13,0.00364234260365337
2013-12-16,0.0006715007802340356
2013-12-17,0.007010647712914819
2013-12-18,-0.006101488288509316
2013-12-19,-0.008686022766247414
2013-12-20,0.0029382201465399937
2013-12-23,-0.007692498470161402
2013-12-24,0.004587511202737815
2013-12-26,0.0031555524896880183
2013-12-27,0.001990830334433369
2013-12-30,-0.0035697013260052035
2013-12-31,0.005144970469182164
2014-01-02,-0.0006716704000276907
2014-01-03,0.001078541977038494
2014-01-06,-0.0023906828864544982
2014-01-07,0.0065879058596356455
2014-01-08,-0.0010868759931613736
2014-01-09,0.004118059468134483
2014-01-10,0.0032628114506170203
2014-01-13,-0.00484232224136294
2014-01-14,0.008485301662763733
2014-01-15,0.005701817182799829
2014-01-16,-0.0031963686900716715
2014-01-17,0.0016073842998922672
2014-01-21,0.005254050140919508
2014-01-22,0.0032865677443443264
2014-01-23,-0.009773028582330867
2014-01-24,-0.008541437765601123
2014-01-27,0.0016908734324163621
2014-01-28,0.003951755066062379
2014-01-29,-0.012707877364081521
2014-01-30,0.06188676056253528
2014-01-31,0.0
2014-02-03,0.0
2014-02-04,0.0
2014-02-05,0.0
2014-02-06,0.0
2014-02-07,0.006022355663681367
2014-02-10,0.000720808222424596
2014-02-11,-0.00032795305623722903
2014-02-12,0.002655719217915964
2014-02-13,-0.012584325152562914
2014-02-14,-0.010154968866949776
2014-02-18,0.004319980495393727
2014-02-19,-0.00029048666093112185
2014-02-20,0.0024828645453676135
2014-02-21,0.005578592312021735
2014-02-24,0.002475781148254086
2014-02-25,0.005176889022678877
2014-02-26,0.022043550306571236
2014-02-27,-0.004082412544575642
2014-02-28,-0.0088279765128354
2014-03-03,-0.009598788929269575
2014-03-04,0.012622328294650709
2014-03-05,-0.0011944974225092109
2014-03-06,0.0009097894604397361
2014-03-07,0.004792896582625383
2014-03-10,-0.0006697408874549726
2014-03-11,0.0014467980872066022
2014-03-12,-0.004385806293242478
2014-03-13,0.008380285712317415
2014-03-14,0.0002938587168741513
2014-03-17,0.006831471688223623
2014-03-18,0.00258234093047216
2014-03-19,0.0001779050405255056
2014-03-20,-0.0018337274255217917
2014-03-21,0.0034305679216781737
2014-03-24,0.0044524860854888715
2014-03-25,0.005744029578605758
2014-03-26,0.006662352172962294
2014-03-27,0.0011395855769864571
2014-03-28,-0.0011623846471762178
2014-03-31,0.011117502553228631
2014-04-01,0.003211164875741357
2014-04-02,0.004561785171172783
2014-04-03,0.006547278677202506
2014-04-04,0.009884735100055053
2014-04-07,-0.011983136271351058
2014-04-08,0.010588777293738305
2014-04-09,0.01943338255403737
2014-04-10,0.0022117589176597896
2014-04-11,-0.012340549027041514
2014-04-14,0.0058802254497216655
2014-04-15,-0.0009870339888762292
2014-04-16,0.013531319782577489
2014-04-17,0.001391810317088682
2014-04-21,0.009542091832000832
2014-04-22,0.004670478783858734
2014-04-23,0.005420725002292848
2014-04-24,0.014608990044348014
2014-04-25,-0.006277888766591744
2014-04-28,0.006045714580657169
2014-04-29,0.00648502574583909
2014-04-30,-0.0008283520593783678
2014-05-01,-0.0022459004233256197
2014-05-02,0.010443943424357949
2014-05-05,-0.002834556309052161
2014-05-06,0.0203226917111321
2014-05-07,0.002264728793326398
2014-05-08,-0.0016737113903195766
2014-05-09,-0.0016565683052075508
2014-05-12,0.009002050433727371
2014-05-13,0.0018315813423024352
2014-05-14,-0.006226123841393871
2014-05-15,-0.00034595126629943795
2014-05-16,0.00024792079980184845
2014-05-19,0.00670793254726143
2014-05-20,0.0032643332848774076
2014-05-21,0.004990216525966318
2014-05-22,-0.0015053993404349209
2014-05-23,0.003910010382581097
2014-05-27,0.006599263843722669
2014-05-28,0.0018131784361603565
2014-05-29,0.004605115977381891
2014-05-30,0.007455058040369167
2014-06-02,0.004175946115269946
2014-06-03,-0.004528517452299208
2014-06-04,-0.005123078028414829
2014-06-05,0.0035817613286748262
2014-06-06,0.009052733012503422
2014-06-09,0.0009157401041959279
2014-06-10,0.0007039149455125848
2014-06-11,0.011995595307541018
2014-06-12,-0.0031381394562264298
2014-06-13,0.012683756828184123
2014-06-16,0.0038698048886536274
2014-06-17,0.001046927283034238
2014-06-18,0.004127028616822681
2014-06-19,0.004393779749241933
2014-06-20,0.002840241837444024
2014-06-23,0.005092143978326913
2014-06-24,0.004889948582867509
2014-06-25,-0.0016010762318905414
2014-06-26,0.0005740673859588874
2014-06-27,-0.0027529495024072315
2014-06-30,0.009569937164401798
2014-07-01,0.008154156398588297
2014-07-02,-0.0025746088625894226
2014-07-03,0.008481746970345982
2014-07-07,0.0008134923955596118
2014-07-08,-0.0016029240124466604
2014-07-09,-0.0015673291600691863
2014-07-10,-0.02382417169227935
2014-07-11,0.0026855797769456125
2014-07-14,0.011599675482143246
2014-07-15,0.0011549248891038477
2014-07-16,0.005248988687678313
2014-07-17,-0.012941139658195766
2014-07-18,0.007823604012167529
2014-07-21,-0.00394170779089742
2014-07-22,0.004635564211123988
2014-07-23,-0.00017680088756144574
2014-07-24,0.014902653951350375
2014-07-25,-0.0020592735563500497
2014-07-28,-0.00016255426803446493
2014-07-29,-8.213971534254405e-05
2014-07-30,0.01018327592683832
2014-07-31,-0.02261070213887062
2014-08-01,0.007371224234050899
2014-08-04,0.003931705365365135
2014-08-05,-0.006065794986632844
2014-08-06,-0.0044735508193995965
2014-08-07,0.002521240340584985
2014-08-08,0.0032740957959145334
2014-08-11,0.006916590930529987
2014-08-12,-0.003131814963173163
2014-08-13,0.008629418351583595
2014-08-14,-0.003967052113308167
2014-08-15,0.009392460225098986
2014-08-18,-0.005233900585376761
2014-08-19,0.0027326355605621355
2014-08-20,-0.000622049954661752
2014-08-21,-0.002699107898302966
2014-08-22,0.004583174130054379
2014-08-25,0.005684761880650591
2014-08-26,0.0009360533156401729
2014-08-27,0.004168144767278781
2014-08-28,-0.0010657385631491767
2014-08-29,0.013420195059362428
2014-09-02,0.006342584973726195
2014-09-03,0.0008451894473038291
2014-09-04,0.0034338386100249974
2014-09-05,0.00023139075340572468
2014-09-08,0.0005767287481286409
2014-09-09,-0.0017938740734924075
2014-09-10,0.0007711121170863589
2014-09-11,-0.003941420647764371
2014-09-12,-0.0004908419850363499
2014-09-15,0.0020986922037979916
2014-09-16,-0.0011302912528272646
2014-09-17,-0.00013488023120578063
2014-09-18,0.0053542040286536086
2014-09-19,0.003443709198911904
2014-09-22,-0.004881939054465101
2014-09-23,-0.0008742553206271264
2014-09-24,0.008204477538037658
2014-09-25,0.0010709113349123278
2014-09-26,0.02573411158722183
2014-09-29,-0.010718462264110884
2014-09-30,0.003435175271818247
2014-10-01,0.0003178572463289342
2014-10-02,-0.0013091796573895254
2014-10-03,0.005872234576578705
2014-10-06,-0.0013499122588764845
2014-10-07,-0.005937223056594942
2014-10-08,0.0008738528233638299
2014-10-09,-0.005240804044436609
2014-10-10,-0.02491423840257201
2014-10-13,0.016133760804210695
2014-10-14,0.0259722666250104
2014-10-15,-0.021035059886729046
2014-10-16,-0.017184739895011902
2014-10-17,0.01889264194749729
2014-10-20,0.002588088599855265
2014-10-21,0.013600642273719599
2014-10-22,0.004432206737316591
2014-10-23,0.012767005116531616
2014-10-24,0.0056752000721274065
2014-10-27,0.00792092670014366
2014-10-28,0.006798639542461737
2014-10-29,-0.0001878534028481038
2014-10-30,-0.01008474608288712
2014-10-31,0.027533848986122766
2014-11-03,0.0012281353513794446
2014-11-04,-0.002457147080485167
2014-11-05,0.0018577214617339077
2014-11-06,0.001209645313424712
2014-11-07,0.0016404730437598047
2014-11-10,0.0006107372028221203
2014-11-11,0.0015637175462972497
2014-11-12,-0.0019510578787826915
2014-11-13,0.000727909205388233
2014-11-14,-0.0004501386312885103
2014-11-17,0.0017880321201626526
2014-11-18,0.0008806216399162015
2014-11-19,0.0012256266582584274
2014-11-20,-0.0026814735714303373
2014-11-21,0.015746953284667464
2014-11-24,0.009405039607248256
2014-11-25,0.005591110370985364
2014-11-26,0.00011590955990858909
2014-11-28,0.0012958228217549994
2014-12-01,-0.002289774217805185
2014-12-02,0.012926995733668845
2014-12-03,-0.010205969230053236
2014-12-04,0.033751437754485636
2014-12-05,0.008222624340078033
2014-12-08,-0.010980369343462248
2014-12-09,-0.03314801010245261
2014-12-10,-0.003798146474203068
2014-12-11,0.020650942947024298
2014-12-12,-0.012484823027033909
2014-12-15,0.007748928841847302
2014-12-16,-0.005253524995151637
2014-12-17,0.021939141938988493
2014-12-18,0.019448250947724732
2014-12-19,0.0008892933760646926
2014-12-22,0.01667172484957624
2014-12-23,0.011857703075452308
2014-12-24,0.00533098646476482
2014-12-26,0.002590472694450119
2014-12-29,-0.0032357362603855355
2014-12-30,-0.0048907701874691956
2014-12-31,0.0014032088104258822
2015-01-02,0.003977778909517227
2015-01-05,-0.006487504059881077
2015-01-06,0.00773372786833848
2015-01-07,0.01380863059054982
2015-01-08,0.011094636003783798
2015-01-09,0.0020063410032122864
2015-01-12,0.0006097972352903103
2015-01-13,0.005800708500033558
2015-01-14,-0.01239641575944539
2015-01-15,0.006027575568822829
2015-01-16,-0.002267361844058069
2015-01-20,0.0023428614258456104
2015-01-21,-0.002764276277666844
2015-01-22,0.0059036060824873005
2015-01-23,-0.005040616896089145
2015-01-26,-0.00040219103582961324
2015-01-27,-0.016585687167216534
2015-01-28,0.013034830577596246
2015-01-29,-0.0011477846674798897
2015-01-30,-0.009315139285458574
2015-02-02,0.00022182775133727795
2015-02-03,-0.0006813469568734964
2015-02-04,-0.003672849340412121
2015-02-05,0.0024943638590111394
2015-02-06,0.0030304042503901396
2015-02-09,-0.007655994818607459
2015-02-10,0.007461438941774423
2015-02-11,-0.0012529928156782555
2015-02-12,0.002128322451094844
2015-02-13,0.0037176165358563384
2015-02-17,0.0020895796687474544
2015-02-18,0.00016710641515915725
2015-02-19,-0.002555489412625067
2015-02-20,0.0022187439567302736
2015-02-23,0.004251802055182496
2015-02-24,0.0008701254256895385
2015-02-25,-0.002318600953682526
2015-02-26,0.013695905542983056
2015-02-27,0.010649678191737566
2015-03-02,0.037840299602975414
2015-03-03,-0.008653816293730965
2015-03-04,-0.004852443400064965
2015-03-05,0.003738224485525077
2015-03-06,-0.0046154558833831905
2015-03-09,-0.0013752738884683646
2015-03-10,-0.013721767034857502
2015-03-11,0.0003268943867424934
2015-03-12,0.0035936846836481795
2015-03-13,-0.002630125468080724
2015-03-16,0.006255776334173069
2015-03-17,-0.007551664678822734
2015-03-18,-0.003408955213921483
2015-03-19,-0.001861961906961196
2015-03-20,0.007019861872161304
2015-03-23,0.003792247802814064
2015-03-24,0.002993131452108555
2015-03-25,-0.0023298595268699263
2015-03-26,-0.018684778795415635
2015-03-27,0.0007234294528377649
2015-03-30,0.008165001141996475
2015-03-31,-5.367628510888345e-06
2015-04-01,-0.0014011034447349857
2015-04-02,0.010794972199063446
2015-04-06,-0.008692044866226767
2015-04-07,0.0008291387921457449
2015-04-08,-0.0037700961254016896
2015-04-09,-0.005808067695898811
2015-04-10,0.0009470699762113011
2015-04-13,0.00039779201073275594
2015-04-14,-0.0038948226464450286
2015-04-15,0.006385371581081323
2015-04-16,-0.007307170673526042
2015-04-17,-0.014422042529098067
2015-04-20,0.0044692796390262135
2015-04-21,0.008394925804300346
2015-04-22,0.004507948708460718
2015-04-23,-0.01955102516071361
2015-04-24,0.0014206200383362066
2015-04-27,0.0030246472382220446
2015-04-28,-0.0005319177333696912
2015-04-29,-0.009783438521681842
2015-04-30,-0.003548261750987991
2015-05-01,0.007801671740967242
2015-05-04,0.005577486903152629
2015-05-05,-0.0030086805642242087
2015-05-06,0.006862912650000164
2015-05-07,-0.0007597240231335123
2015-05-08,0.008277088574462521
2015-05-11,0.0016594399223377465
2015-05-12,-0.0037886758344151117
2015-05-13,0.006684326878845681
2015-05-14,0.005818001831901842
2015-05-15,0.003549720673580392
2015-05-18,-0.01089535110280071
2015-05-19,0.004338345286247325
2015-05-20,0.0008893468357018541
2015-05-21,0.0011272646486750748
2015-05-22,0.002674301926078426
2015-05-26,0.005348901511665005
2015-05-27,0.002943146225307114
2015-05-28,0.010703038101706142
2015-05-29,0.0020144015998078135
2015-06-01,0.004559574178218728
2015-06-02,-0.0032663676150334053
2015-06-03,0.0076849718340468165
2015-06-04,-0.005540684125726392
2015-06-05,-0.0014758838887328762
2015-06-08,-0.0026073420441465878
2015-06-09,0.0009474011620438372
2015-06-10,-0.0002635707291972489
2015-06-11,-0.0014542252456427596
2015-06-12,-0.005525591883086212
2015-06-15,-0.016916232615084015
2015-06-16,-0.004223727435693547
2015-06-17,0.0004567529207415433
2015-06-18,0.00505369376854059
2015-06-19,0.0045187113478495355
2015-06-22,-0.0009229249812050533
2015-06-23,0.0021941693726847955
2015-06-24,-0.00016340506868672833
2015-06-25,0.0013508813665041863
2015-06-26,-0.05562649854942325
2015-06-29,-0.014955517372082228
2015-06-30,0.009355365001651572
2015-07-01,0.015714536993631345
2015-07-02,0.0009698823380537291
2015-07-06,-0.010379483251479749
2015-07-07,-0.006061138425684343
2015-07-08,-0.013123772473334627
2015-07-09,0.015341108253356772
2015-07-10,0.012951681249926184
2015-07-13,0.012261804891409378
2015-07-14,0.041638121566835995
2015-07-15,-0.004464976689513733
2015-07-16,0.01321140119943287
2015-07-17,-0.0018722895011746843
2015-07-20,0.0015569777156048126
2015-07-21,-0.0004202202850250858
2015-07-22,-0.027048919479258804
2015-07-23,0.010887705774610623
2015-07-24,0.004482034164328574
2015-07-27,-0.010211541547195058
2015-07-28,0.007581122933622009
2015-07-29,0.0030762144653855295
2015-07-30,-0.010210197335059346
2015-07-31,0.005143942519709732
2015-08-03,0.007883642129324242
2015-08-04,0.0011701460494848437
2015-08-05,0.00989380299667042
2015-08-06,0.0003175321085535643
2015-08-07,0.021870996056241543
2015-08-10,0.00276683051193527
2015-08-11,-0.01256628583295738
2015-08-12,-0.016672481134701544
2015-08-13,0.0008626487140475092
2015-08-14,0.00033678477601073453
2015-08-17,-0.011755262591056082
2015-08-18,-0.004625249175326807
2015-08-19,-0.005081970613288855
2015-08-20,-0.01906039524875003
2015-08-21,-0.016928666188710473
2015-08-24,-0.0661336301636607
2015-08-25,0.04443273023142136
2015-08-26,0.03135444756657235
2015-08-27,0.02070453330047206
2015-08-28,0.010410539288850496
2015-08-31,-0.005216992365143502
2015-09-01,-0.033804298516957876
2015-09-02,0.022573669119481332
2015-09-03,0.010653703072161846
2015-09-04,-0.018328138029095165
2015-09-08,0.03428291467190436
2015-09-09,0.010696728346574425
2015-09-10,-0.0013067103269840397
2015-09-11,-0.008628941541107493
2015-09-14,0.007213941676085911
2015-09-15,0.005728969197440481
2015-09-16,-0.001965970682660134
2015-09-17,0.00582266768250661
2015-09-18,-0.016562161252801078
2015-09-21,0.005047866689517955
2015-09-22,-0.021636398139377122
2015-09-23,0.0010447393321808551
2015-09-24,-0.0060774756726795776
2015-09-25,0.009119820807251822
2015-09-28,-0.007416963936688337
2015-09-29,0.011241936777854233
2015-09-30,0.017111119544530595
2015-10-01,-0.005358601768106097
2015-10-02,0.008020684738342387
2015-10-05,0.007675428929881489
2015-10-06,-0.0020621401926093075
2015-10-07,0.004542505551050846
2015-10-08,-0.0026020039152410135
2015-10-09,-0.0036426597538147254
2015-10-12,0.00725900373357069
2015-10-13,-0.006566760271099259
2015-10-14,0.008274972399657576
2015-10-15,0.0008504332610863585
2015-10-16,0.0011285207002045272
2015-10-19,-0.00035833527490480854
2015-10-20,-0.007334580362637011
2015-10-21,-0.004463012727717541
2015-10-22,0.006381207546312551
2015-10-23,0.01218731885732005
2015-10-26,-0.005223939571566749
2015-10-27,-0.004248019620900267
2015-10-28,0.013561914423647403
2015-10-29,-0.02585221571231977
2015-10-30,0.009217938685744942
2015-11-02,0.010543922539465456
2015-11-03,-0.0010610418261779442
2015-11-04,0.005663043371084475
2015-11-05,0.010099829773725588
2015-11-06,-0.0009924650298180904
2015-11-09,-0.006386889934065332
2015-11-10,-0.0038351030596466273
2015-11-11,0.005651107585262993
2015-11-12,-0.0029709386175902353
2015-11-13,-0.010716571420252397
2015-11-16,-0.006265902279248503
2015-11-17,0.0017901834392617388
2015-11-18,0.004635777153940257
2015-11-19,0.039476021993761545
2015-11-20,0.010927071917923303
2015-11-23,-0.0031727699787070796
2015-11-24,-0.010315143413362371
2015-11-25,0.0007027379165329695
2015-11-27,-0.0019202000604710001
2015-11-30,0.002789445452051842
2015-12-01,0.003128494291164019
2015-12-02,0.002082251398860535
2015-12-03,0.005519279178600955
2015-12-04,0.0005300677188413427
2015-12-07,0.0013055232152667795
2015-12-08,-0.011122976628683445
2015-12-09,-0.0015068469811430063
2015-12-10,0.0018748322901358527
2015-12-11,-0.013758639559478536
2015-12-14,0.0015141057959779936
2015-12-15,0.009689063793607566
2015-12-16,0.006039436157513123
2015-12-17,0.004550463143570882
2015-12-18,-0.0044664920443315825
2015-12-21,0.00854881992713219
2015-12-22,0.0036973241931959056
2015-12-23,0.003736903117146806
2015-12-24,-0.0011796980608587138
2015-12-28,-0.000313411060830715
2015-12-29,0.0035975320596535187
2015-12-30,-0.0012958772157479759
2015-12-31,-0.002991558694042218
2016-01-04,-0.02321584695178669
2016-01-05,0.010398306500384313
2016-01-06,-0.01600468339187433
2016-01-07,-0.01995475942661329
2016-01-08,0.00967424158383623
2016-01-11,0.0018101448131861986
2016-01-12,0.012074961372301685
2016-01-13,0.006523590615457042
2016-01-14,-0.002285956038283077
2016-01-15,-0.03358459073993614
2016-01-19,0.015665509509040332
2016-01-20,-0.018712145446286188
2016-01-21,0.006166211095701479
2016-01-22,0.021411387370951163
2016-01-25,-0.0016090781176546498
2016-01-26,0.0024471691976384324
2016-01-27,0.0007839043313084826
2016-01-28,0.02286297368473056
2016-01-29,0.00251929192433753
2016-02-01,0.008452911340951719
2016-02-02,-0.010769644722612215
2016-02-03,0.010070081373784845
2016-02-04,0.00047396929317566894
2016-02-05,-0.0005452263875491692
2016-02-08,-0.00646266662898487
2016-02-09,-0.006701089140864314
2016-02-10,0.0057353254937349
2016-02-11,-0.013169579021707678
2016-02-12,0.008918942348091763
2016-02-16,0.01084736994481661
2016-02-17,0.005619146547132248
2016-02-18,0.027727166288173732
2016-02-19,-0.0021607586823204628
2016-02-22,0.00819555698481178
2016-02-23,-0.0018922337614293294
2016-02-24,-0.006019246465749917
2016-02-25,0.0021656401037797313
2016-02-26,0.003774661895857845
2016-02-29,0.00010795461739521173
2016-03-01,0.0030960304387481763
2016-03-02,-0.0036258891775096114
2016-03-03,0.002979999983858006
2016-03-04,0.01973047027159769
2016-03-07,-0.011965377924997744
2016-03-08,-0.0053485486617019795
2016-03-09,0.005845246565795437
2016-03-10,0.00596914213067512
2016-03-11,0.005534759387370691
2016-03-14,-0.004574404026345014
2016-03-15,0.0008881012323653792
2016-03-16,-0.005592197443812341
2016-03-17,-0.0018393670515782778
2016-03-18,0.0023280834802550388
2016-03-21,-0.0011932040447920622
2016-03-22,-0.001542510306823619
2016-03-23,0.0016618520091380429
2016-03-24,-0.006168370080177676
2016-03-28,-0.0010415595621091622
2016-03-29,-0.005525681266983606
2016-03-30,0.0016734268977725009
2016-03-31,-0.0028445719981913253
2016-04-01,-0.005317915257365469
2016-04-04,0.004314826259535387
2016-04-05,-0.0032158055026466625
2016-04-06,-0.00769229156082929
2016-04-07,-0.004705926362130963
2016-04-08,0.00306982511839915
2016-04-11,0.0028387447388380505
2016-04-12,0.0018386049986038877
2016-04-13,0.00016867318735358516
2016-04-14,-0.003284925357964763
2016-04-15,-0.0003958389159050002
2016-04-18,0.000403484087565964
2016-04-19,0.003477454993385143
2016-04-20,-0.0012688263587937731
2016-04-21,0.0007932217786517093
2016-04-22,0.0013765166846151367
2016-04-25,-0.003263171513774532
2016-04-26,0.004243214637840387
2016-04-27,-0.004113108716311542
2016-04-28,-0.0028320529465889477
2016-04-29,-0.0029447111639872015
2016-05-02,0.007590437675329298
2016-05-03,-0.009749441537640013
2016-05-04,-0.009119445072751642
2016-05-05,0.00919211982354362
2016-05-06,0.012164967310924757
2016-05-09,-0.001469912212528901
2016-05-10,0.004355799869946164
2016-05-11,-0.0002564581320901871
2016-05-12,0.002938895771883221
2016-05-13,0.032072427071363485
2016-05-16,-0.00012569744200296995
2016-05-17,-0.0035376105512742173
2016-05-18,-0.0057577162781085045
2016-05-19,-0.005414715596225972
2016-05-20,0.006147355546296751
2016-05-23,0.0037248421944049426
2016-05-24,0.0027977383779007603
2016-05-25,0.002448705975629739
2016-05-26,0.0010992017025128753
2016-05-27,-0.0016782820154828126
2016-05-31,0.005170786448521092
2016-06-01,-0.007284317538044038
2016-06-02,-0.0010936964176007091
2016-06-03,-0.011037423210417119
2016-06-06,0.004475754856832825
2016-06-07,0.010660448560140479
2016-06-08,0.0027033442664570195
2016-06-09,-0.007643498004917704
2016-06-10,-0.013062110793463755
2016-06-13,-0.0008857273441416069
2016-06-14,-0.0038468195313194897
2016-06-15,0.007973809932040332
2016-06-16,0.0010379510760563093
2016-06-17,-0.00014197811545402228
2016-06-20,0.01984888684334951
2016-06-21,0.0022481255683239887
2016-06-22,0.0013168105609979719
2016-06-23,0.01828130625857649
2016-06-24,-0.052497791596742616
2016-06-27,-0.005496321708692076
2016-06-28,0.029458442344072022
2016-06-29,0.019779138760512627
2016-06-30,0.0026938881673626014
2016-07-01,-0.007867368267624575
2016-07-05,-0.00644054374485703
2016-07-06,-0.008759486553752915
2016-07-07,0.004500500401142693
2016-07-08,-0.005524940023726388
2016-07-11,0.007681921474509634
2016-07-12,0.005969827432726449
2016-07-13,0.0016804884921919339
2016-07-14,0.007884964619449875
2016-07-15,-0.0016783290501080073
2016-07-18,0.009758392245586167
2016-07-19,-0.0020468908401435337
2016-07-20,0.007707811089114225
2016-07-21,-5.90017796187059e-06
2016-07-22,0.035790363123557434
2016-07-25,0.00803379582390229
2016-07-26,0.008057803202448088
2016-07-27,0.0013666487619987677
2016-07-28,-0.0031380083868517428
2016-07-29,0.003677597604799354
2016-08-01,0.004380260583366269
2016-08-02,-0.002937065872686051
2016-08-03,-0.005574802652909883
2016-08-04,0.006363721678374734
2016-08-05,0.010124188959070635
2016-08-08,0.009617598692068574
2016-08-09,0.006629628222123651
2016-08-10,-0.009558410148326923
2016-08-11,0.004172946209455963
2016-08-12,0.013793903997861845
2016-08-15,0.006039931189838477
2016-08-16,-0.0014413114788053294
2016-08-17,-0.0013615345520772149
2016-08-18,0.006289983738263061
2016-08-19,0.02508424860849856
2016-08-22,0.008629043872790287
2016-08-23,0.009204727019769932
2016-08-24,0.0011656627634655248
2016-08-25,0.0020138123561657117
2016-08-26,0.003220878371396063
2016-08-29,0.0029602346277906033
2016-08-30,0.002001009398500342
2016-08-31,0.0008727807641464302
2016-09-01,-0.008521033131566047
2016-09-02,0.01344550812864087
2016-09-06,0.005388068007005309
2016-09-07,-0.010306777308936366
2016-09-08,-0.009679823721406078
2016-09-09,-0.00596388716712537
2016-09-12,-0.01234506709056482
2016-09-13,-0.006415760227961309
2016-09-14,0.003947360946603862
2016-09-15,0.002720566494390342
2016-09-16,0.02427836980625142
2016-09-19,0.010218086359159662
2016-09-20,0.009576188867121749
2016-09-21,0.00912577362607081
2016-09-22,0.009473823718800123
2016-09-23,-0.005382638687993158
2016-09-26,-0.006785682367148604
2016-09-27,0.008825655116346143
2016-09-28,0.004992888536336615
2016-09-29,-0.001369504491757656
2016-09-30,0.007320032447946545
2016-10-03,0.00586642022736128
2016-10-04,0.0075851457689941615
2016-10-05,-0.001850919951185026
2016-10-06,-0.008086024541912318
2016-10-07,0.00012385846353790697
2016-10-10,0.0072842728238264876
2016-10-11,-0.004946902231778183
2016-10-12,0.0062137502107233455
2016-10-13,-0.014326594808111714
2016-10-14,0.029726869808541556
2016-10-17,0.006204011503719187
2016-10-18,0.013437317373495405
2016-10-19,-0.011587688231607052
2016-10-20,0.0025900947840205024
2016-10-21,-0.027087668670466303
2016-10-24,0.007384527493112136
2016-10-25,-0.005014655124081613
2016-10-26,-0.011788290835861748
2016-10-27,0.012800667481365657
2016-10-28,0.0024656388117434425
2016-10-31,0.009527510328467992
2016-11-01,0.0061443771465747865
2016-11-02,-0.0008511893966713924
2016-11-03,0.002137796169713102
2016-11-04,-0.005913735638530038
2016-11-07,0.028249062289890103
2016-11-08,-0.00553961121781299
2016-11-09,-0.03213357920767901
2016-11-10,0.004433288099120469
2016-11-11,0.07749955056498514
2016-11-14,0.0
2016-11-15,0.0
2016-11-16,0.0
2016-11-17,0.0
2016-11-18,0.0
2016-11-21,0.01185292984992481
2016-11-22,0.00781401640289392
2016-11-23,4.1878393908678646e-05
2016-11-25,0.002265947498894194
2016-11-28,-0.002099067227602891
2016-11-29,0.00486075508012096
2016-11-30,0.007356724371612167
2016-12-01,0.002914143678726777
2016-12-02,-0.006044774938991471
2016-12-05,0.015781233570255182
2016-12-06,0.011745245983725505
2016-12-07,0.012786560763381027
2016-12-08,0.017331154824655748
2016-12-09,0.00498616568370136
2016-12-12,-0.008469470065701756
2016-12-13,0.006042931659022921
2016-12-14,-0.001781671202410906
2016-12-15,0.0069946403996288264
2016-12-16,0.010180432335164413
2016-12-19,0.004964700760778484
2016-12-20,0.023205946633030106
2016-12-21,0.005999873224411534
2016-12-22,0.04608809200864061
2016-12-23,-0.012617456282364437
2016-12-27,0.010227748401047343
2016-12-28,0.013708012115486223
2016-12-29,-0.025145545066483588
2016-12-30,0.004121834031355576
2017-01-03,-0.0026748680706876193
2017-01-04,0.006898985585558792
2017-01-05,0.0010434084001258448
2017-01-06,0.0075318607536967175
2017-01-09,0.001253210022821527
2017-01-10,0.0036858180271057694
2017-01-11,-0.0010006882414490548
2017-01-12,-0.014322254304980131
2017-01-13,0.0008473431198274817
2017-01-17,-0.018811881948997855
2017-01-18,-0.01329244700125587
2017-01-19,-0.01050803953726287
2017-01-20,0.009586421030614467
2017-01-23,-0.003066260458852832
2017-01-24,0.008432460046053691
2017-01-25,0.022943608740607857
2017-01-26,0.0037358284629622762
2017-01-27,0.0035277878624726533
2017-01-30,-0.006182953099533872
2017-01-31,-0.006726653433092422
2017-02-01,0.025734799963318178
2017-02-02,-0.007075653126117354
2017-02-03,0.004095419432379899
2017-02-06,0.003935379114112569
2017-02-07,0.01764485210415545
2017-02-08,-0.008791723729619227
2017-02-09,0.01354561309144442
2017-02-10,0.024641381526767425
2017-02-13,0.0025480452560173728
2017-02-14,-0.010213652794869521
2017-02-15,-0.0018614156766078027
2017-02-16,0.00022918388301351733
2017-02-17,-0.005900300582983853
2017-02-21,0.014071480981151963
2017-02-22,0.00987743676968611
2017-02-23,-0.015311637340666873
2017-02-24,-0.026175322600141326
2017-02-27,0.0076934535254447045
2017-02-28,0.007148365491147279
2017-03-01,0.03211887529531854
2017-03-02,-0.005449713463581363
2017-03-03,-0.003093532884085648
2017-03-06,-0.006658134962355677
2017-03-07,-0.0011779503549007586
2017-03-08,0.011725318228045678
2017-03-09,0.001631072486641072
2017-03-10,0.009593475302559051
2017-03-13,0.017851720935481596
2017-03-14,-0.006260883216793078
2017-03-15,-0.005718920829692609
2017-03-16,-0.002111691744005939
2017-03-17,-0.0007570383058015384
2017-03-20,0.009381005469515147
2017-03-21,-0.0009872607099534747
2017-03-22,-0.0015677413705968979
2017-03-23,-0.0004593741237275406
2017-03-24,0.05559630257725057
2017-03-27,0.0
2017-03-28,0.0
2017-03-29,0.0
2017-03-30,0.0
2017-03-31,0.0
2017-04-03,0.0017832604823764253
2017-04-04,-0.02480869722841106
2017-04-05,0.0008940663417875694
2017-04-06,-0.017061063249689368
2017-04-07,0.00038730409133957977
2017-04-10,-0.0007184470063726911
2017-04-11,-0.007883470262483705
2017-04-12,-0.0011279908335173339
2017-04-13,-0.011636226950804796
2017-04-17,0.009891669729616082
2017-04-18,-0.007715555992375944
2017-04-19,0.00979467750339058
2017-04-20,0.008542097017171457
2017-04-21,-0.0016684843592701393
2017-04-24,0.015218015618457814
2017-04-25,0.006459202485134652
2017-04-26,-0.0050429040156175775
2017-04-27,0.00618665826033582
2017-04-28,0.006513749569451832
2017-05-01,0.006832503499047959
2017-05-02,-0.04978024916545887
2017-05-03,-0.004511696105303331
2017-05-04,0.005218204210650557
2017-05-05,-0.0003985530422058181
2017-05-08,-0.005043053427755684
2017-05-09,0.0013399399606106588
2017-05-10,0.04719385509101648
2017-05-11,-0.0066577558364387945
2017-05-12,0.0050607862716272045
2017-05-15,0.010521496761844551
2017-05-16,0.013183152558282396
2017-05-17,-0.038988631621695746
2017-05-18,0.0002474337086881828
2017-05-19,0.01953480386033446
2017-05-22,0.011228393390170899
2017-05-23,4.3864310115715455e-05
2017-05-24,0.016578391746093102
2017-05-25,0.009527610479317827
2017-05-26,-0.0065544138166993005
2017-05-30,0.004872113586475324
2017-05-31,0.012649509577964624
2017-06-01,0.0030485073935735407
2017-06-02,-2.190196474460837e-05
2017-06-05,-0.004065800913068296
2017-06-06,-0.002709553529091191
2017-06-07,0.0047906751556627825
2017-06-08,0.01653062906279712
2017-06-09,0.013848472392775646
2017-06-12,-0.015504072488312981
2017-06-13,0.011068371681275169
2017-06-14,0.0038629554055427118
2017-06-15,-0.02173298225759701
2017-06-16,0.0013000901638144935
2017-06-19,0.017391141738622107
2017-06-20,0.005784210154885283
2017-06-21,0.0026833395324965537
2017-06-22,0.0014475155366440173
2017-06-23,-0.004751050296946668
2017-06-26,0.011487475786398749
2017-06-27,-0.004450481515678173
2017-06-28,0.016047112074474734
2017-06-29,-0.00513516251311219
2017-06-30,0.010680858322283715
2017-07-03,0.007882529759137613
2017-07-05,0.01331905837654146
2017-07-06,-0.013922265270237877
2017-07-07,0.007837327439383035
2017-07-10,0.007462463106673756
2017-07-11,0.0008717553032910885
2017-07-12,0.014441271654354049
2017-07-13,0.003876841579729229
2017-07-14,0.0018225508027087667
2017-07-17,0.004078887955152322
2017-07-18,-0.007242532216266917
2017-07-19,0.00371353933451557
2017-07-20,0.004717575488211834
2017-07-21,-0.00159279012303426
2017-07-24,-0.0014401891615367646
2017-07-25,-0.01250108627639368
2017-07-26,0.006055274542609679
2017-07-27,0.010795001369376278
2017-07-28,-0.008020684258240984
2017-07-31,0.008564526377664805
2017-08-01,0.0015314410658144872
2017-08-02,0.008181398230876491
2017-08-03,-0.0033031731941810527
2017-08-04,0.0018425855452826045
2017-08-07,0.008576256658946013
2017-08-08,0.004240773014261512
2017-08-09,-0.013179934806899718
2017-08-10,-0.006158619692401945
2017-08-11,-0.016663462122074923
2017-08-14,0.02252501633763937
2017-08-15,0.007030726714429836
2017-08-16,0.007637966659055362
2017-08-17,-0.006643427089357279
2017-08-18,0.010633041050037484
2017-08-21,0.00469915096091289
2017-08-22,0.008956531048557315
2017-08-23,-0.008787843093623127
2017-08-24,0.009273649122980565
2017-08-25,0.0032517080047960167
2017-08-28,0.005240997526580804
2017-08-29,-0.015330810391322225
2017-08-30,0.002942436669719495
2017-08-31,0.006869036614006507
2017-09-01,0.004160374755647789
2017-09-05,-0.007938271698750499
2017-09-06,0.005007938309099957
2017-09-07,0.004287366885911803
2017-09-08,-0.002519257951207221
2017-09-11,0.011929318472733375
2017-09-12,0.005860485296990348
2017-09-13,0.001823985581011378
2017-09-14,-0.005954643715624486
2017-09-15,0.007444302998250274
2017-09-18,0.01666306601363532
2017-09-19,-0.0024783020148423374
2017-09-20,0.0015544147622021942
2017-09-21,-0.007615272867246725
2017-09-22,-0.004828541315335055
2017-09-25,-0.003981951712328291
2017-09-26,0.018276708607123604
2017-09-27,0.03851422780959912
2017-09-28,-0.00039720574806023645
2017-09-29,0.008606623032228589
2017-10-02,0.006073745760436289
2017-10-03,0.0008024801894361833
2017-10-04,-0.0030572580489260925
2017-10-05,0.004297251608097685
2017-10-06,-0.005635472945829778
2017-10-09,0.0034662935254985427
2017-10-10,0.01750122801850784
2017-10-11,-0.009095947421511874
2017-10-12,-0.003085085091537265
2017-10-13,0.00898130456975954
2017-10-16,0.007963935388964671
2017-10-17,0.0005041866455965938
2017-10-18,0.01030603947706421
2017-10-19,-0.01255038593729274
2017-10-20,0.009251626099766153
2017-10-23,0.005729370371760467
2017-10-24,0.0033337844658916094
2017-10-25,-0.005072937449833281
2017-10-26,0.00549632321676885
2017-10-27,0.005575430643260271
2017-10-30,-0.002790113399969041
2017-10-31,0.008738196153763811
2017-11-01,0.010709319205250978
2017-11-02,-0.004052341004036286
2017-11-03,0.005884480614952281
2017-11-06,-0.0005074522025835249
2017-11-07,0.0038612161641986553
2017-11-08,-0.0010254894578055618
2017-11-09,-0.012158535204086163
2017-11-10,0.013895829403968607
2017-11-13,-0.0065964751026341695
2017-11-14,-0.00031495542587645087
2017-11-15,-0.0057374247775255904
2017-11-16,0.00852366355119294
2017-11-17,0.011943629267114675
2017-11-20,0.005500560193849369
2017-11-21,0.010721420477097121
2017-11-22,0.005176359842843814
2017-11-24,0.00365444150857952
2017-11-27,-0.017551757329267392
2017-11-28,0.004208062712932614
2017-11-29,-0.006428278929451858
2017-11-30,0.01266239809418157
2017-12-01,-0.011553275533897844
2017-12-04,0.004962719680153382
2017-12-05,-0.01414178948914735
2017-12-06,-0.008228007370759571
2017-12-07,0.010066681367960406
2017-12-08,0.014602640560362978
2017-12-11,0.0028406586498057607
2017-12-12,-0.004766105606817117
2017-12-13,0.007848936906215798
2017-12-14,0.0032814556041285137
2017-12-15,0.00616916406754342
2017-12-18,0.013343450994164563
2017-12-19,0.0025677936964851877
2017-12-20,0.023565403604428825
2017-12-21,-0.00036416452646925723
2017-12-22,-0.005327072095163143
2017-12-26,-0.013556874945981456
2017-12-27,-0.0012378760237489184
2017-12-28,0.006022704213704433
2017-12-29,0.0007460245061532422
2018-01-02,0.010116974703676895
2018-01-03,0.014151402332608365
2018-01-04,0.013965439534336266
2018-01-05,-0.0025233939380641113
2018-01-08,-0.0047352100772527494
2018-01-09,0.0008527179390691586
2018-01-10,-0.013472453375497961
2018-01-11,0.00498546060264804
2018-01-12,0.0008433465302506438
2018-01-16,0.008331974633579708
2018-01-17,0.005584424515912234
2018-01-18,-0.0032740553356461755
2018-01-19,0.0022134949982468566
2018-01-22,-0.002462655677766379
2018-01-23,0.004157116296116481
2018-01-24,0.000938922516372731
2018-01-25,0.011524930413662426
2018-01-26,0.005631539294698618
2018-01-29,-0.004527025509457605
2018-01-30,-0.019942997399587603
2018-01-31,0.02158108540191761
2018-02-01,-0.0060464466603695755
2018-02-02,-0.01034027590706521
2018-02-05,-0.015505323581437302
2018-02-06,-0.010651846077407767
2018-02-07,0.009126719388885318
2018-02-08,-0.00868034920293903
2018-02-09,0.019126581213043004
2018-02-12,0.009491369568280783
2018-02-13,-0.0057021945466034785
2018-02-14,-0.005843147565638862
2018-02-15,0.008233260522783947
2018-02-16,-0.002971619234827916
2018-02-20,-0.0041833407002626055
2018-02-21,-0.005243911845163818
2018-02-22,0.003178093675243465
2018-02-23,0.012819748733321479
2018-02-26,0.006465689644707284
2018-02-27,-0.003300149530028329
2018-02-28,0.006178667042552988
2018-03-01,-0.0018801860842985185
2018-03-02,-0.018455081570457055
2018-03-05,-0.003494896772706757
2018-03-06,0.015974610778328735
2018-03-07,-0.010564780528171225
2018-03-08,0.009544142674228429
2018-03-09,0.0027573025997551515
2018-03-12,0.01251758225237265
2018-03-13,0.019272067064990184
2018-03-14,0.004292670819128652
2018-03-15,-0.005231620133936965
2018-03-16,0.008452847972358235
2018-03-19,-0.0062080717412770214
2018-03-20,-0.00012878778592417817
2018-03-21,-0.002901999519325238
2018-03-22,-0.01399704597182283
2018-03-23,-0.007256526040914313
2018-03-26,0.027061653544814046
2018-03-27,0.004185084628346658
2018-03-28,-0.009038586456645903
2018-03-29,0.01027004455374736
2018-04-02,-0.007862854520040319
2018-04-03,0.011549069980819837
2018-04-04,-0.028588601206558373
2018-04-05,0.016746010349415474
2018-04-06,-0.0176931252743201
2018-04-09,0.01186602194243025
2018-04-10,0.021117373489189628
2018-04-11,0.0036622486946675803
2018-04-12,0.012586253539094816
2018-04-13,0.009856034448918027
2018-04-16,0.009364889180970781
2018-04-17,0.03240585689517794
2018-04-18,0.0010421499751234187
2018-04-19,-0.00018789178539579954
2018-04-20,0.0025079939073948676
2018-04-23,0.00909005616326053
2018-04-24,0.005858807620223727
2018-04-25,-0.00015176973932273796
2018-04-26,0.01389538091222442
2018-04-27,0.03032254580325544
2018-04-30,0.0036023662257962386
2018-05-01,-0.0021522818027103208
2018-05-02,-0.0022496751220045796
2018-05-03,-0.002468323597868194
2018-05-04,-0.006172441605715395
2018-05-07,0.011790008026018484
2018-05-08,3.221758010951703e-05
2018-05-09,0.00018450782690360157
2018-05-10,0.01030389722685121
2018-05-11,-0.011779340476745448
2018-05-14,0.013514558510627994
2018-05-15,-0.0016598932002721556
2018-05-16,0.00840635418777147
2018-05-17,-0.006108461866970005
2018-05-18,-0.003306560241209011
2018-05-21,0.027660555087299477
2018-05-22,0.023845351447078444
2018-05-23,-0.006165527955194983
2018-05-24,0.0013810464493964059
2018-05-25,-0.0020851060733279025
2018-05-29,-0.0027748823879660822
2018-05-30,0.009561769603540826
2018-05-31,-0.01968025396121187
2018-06-01,0.012495392778964609
2018-06-04,-0.0029404576689784356
2018-06-05,0.006592740029205846
2018-06-06,0.0018045562177706476
2018-06-07,0.004438036938710699
2018-06-08,-0.00820098126488189
2018-06-11,0.0034536593733525134
2018-06-12,0.005314613784037192
2018-06-13,0.004561607923724065
2018-06-14,0.009084611578857427
2018-06-15,-0.0061592671523909015
2018-06-18,-0.008999950065410434
2018-06-19,-0.010448284313641643
2018-06-20,0.015844979071426124
2018-06-21,0.01832099783946184
2018-06-22,0.0047798184248386555
2018-06-25,-0.018578489457810266
2018-06-26,0.016828788341591627
2018-06-27,0.011975628841727204
2018-06-28,0.0020198049305555354
2018-06-29,0.0097021086136726
2018-07-02,-0.012602537396241953
2018-07-03,0.004176055771254683
2018-07-05,0.007935796346530744
2018-07-06,-0.0010878866499021145
2018-07-09,0.016440694987196247
2018-07-10,-0.001871682425986454
2018-07-11,-0.012468439267804055
2018-07-12,0.0018957301423088158
2018-07-13,0.00029732800455173347
2018-07-16,0.0073912295926295
2018-07-17,-0.048162301580064626
2018-07-18,0.0036648248975321707
2018-07-19,-0.008820651754785969
2018-07-20,0.0018477768695623897
2018-07-23,-0.0026340492295602314
2018-07-24,0.010730933388305441
2018-07-25,0.002508904669514589
2018-07-26,0.01435208057531523
2018-07-27,0.02907695115516251
2018-07-30,0.00686299103353516
2018-07-31,-0.0032726960056561616
2018-08-01,-0.00014862619646827113
2018-08-02,-0.011809263079419763
2018-08-03,0.0020744483231627253
2018-08-06,0.003985807648938078
2018-08-07,0.00779947129839309
2018-08-08,-0.0023323484053358046
2018-08-09,-0.004145779489097667
2018-08-10,0.07274160369776728
2018-08-13,0.0
2018-08-14,0.0
2018-08-15,0.0
2018-08-16,0.0
2018-08-17,0.0
2018-08-20,0.005016336029751267
2018-08-21,0.007563602311823958
2018-08-22,0.0009760880844120745
2018-08-23,0.0031590022043199717
2018-08-24,0.013307535617822941
2018-08-27,0.021713822433849783
2018-08-28,0.0081162060228821
2018-08-29,-0.010987963702034143
2018-08-30,-0.00045182016419520465
2018-08-31,-0.0031967103664475305
2018-09-04,0.0035242580162251347
2018-09-05,-0.00351050231415051
2018-09-06,-0.009686042154598118
2018-09-07,0.011813658849304742
2018-09-10,0.006994646883309752
2018-09-11,-0.015580103014201985
2018-09-12,-0.026388702751337423
2018-09-13,0.013288101323028378
2018-09-14,0.007860312911249778
2018-09-17,-0.0014223638038355357
2018-09-18,0.005617513461239287
2018-09-19,0.0034156209954274708
2018-09-20,0.005524954068221399
2018-09-21,-0.009507143021221132
2018-09-24,-0.005671987867391648
2018-09-25,0.0022786870468038956
2018-09-26,-0.0050705697412319894
2018-09-27,0.0012245934152690374
2018-09-28,0.0028943324413763794
2018-10-01,0.006825864173578777
2018-10-02,-0.012715291433031628
2018-10-03,0.01105910373070551
2018-10-04,-0.008993614286549323
2018-10-05,0.001452334766618657
2018-10-08,-0.014764817255211615
2018-10-09,-0.001411977750053306
2018-10-10,-0.002880874854889859
2018-10-11,-0.011227331493369852
2018-10-12,0.05359693077450589
2018-10-15,0.0
2018-10-16,0.0
2018-10-17,0.0
2018-10-18,0.0
2018-10-19,0.0
2018-10-22,0.017242710025576757
2018-10-23,-0.030724373876994115
2018-10-24,-0.0012697938972632272
2018-10-25,-0.05811805344598142
2018-10-26,-0.04758105798041912
2018-10-29,0.02222005560449314
2018-10-30,-0.026918433891769067
2018-10-31,0.03270640487316978
2018-11-01,0.012329785887997824
2018-11-02,-0.006596729905195331
2018-11-05,-0.005283164280824093
2018-11-06,-0.0016884998679337349
2018-11-07,0.014065432042093429
2018-11-08,-0.008247222888519978
2018-11-09,-0.017626723316636173
2018-11-12,-0.02453970236028813
2018-11-13,0.011677820318481302
2018-11-14,0.021332739725789418
2018-11-15,-0.0010773969043468279
2018-11-16,-0.08009583545499
2018-11-19,-0.00889526201487445
2018-11-20,-0.05676905227065454
2018-11-21,0.02418248764280051
2018-11-23,-0.01085529784825734
2018-11-26,0.029867622836703855
2018-11-27,-0.00911269634741263
2018-11-28,0.013858953977913702
2018-11-29,-0.004688913101200676
2018-11-30,-0.0011181277019647329
2018-12-03,0.027380228509237492
2018-12-04,-0.005844105960240098
2018-12-06,-0.017548825870362328
2018-12-07,0.010558540500930969
2018-12-10,-0.007402022616874726
2018-12-11,0.011092795131335542
2018-12-12,0.006151599542741026
2018-12-13,0.006906038923515823
2018-12-14,-0.005799482405567158
2018-12-17,-0.001666518217324553
2018-12-18,0.00809719438876444
2018-12-19,-0.022901278992104812
2018-12-20,0.0029898191692740994
2018-12-21,0.0043763016614013495
2018-12-24,-0.011313465855712468
2018-12-26,0.007252377427438006
2018-12-27,-0.006947512865815519
2018-12-28,0.0023840628826192756
2018-12-31,0.007755773610893302
2019-01-02,-0.009430271670010537
2019-01-03,-0.0163775580934713
2019-01-04,0.009618578020760937
2019-01-07,0.013219217318704235
2019-01-08,0.009392648712192253
2019-01-09,0.015827138922933415
2019-01-10,-0.000393112407323426
2019-01-11,-0.0030057866842546632
2019-01-14,-0.012812310468221955
2019-01-15,0.0055706046725441105
2019-01-16,0.0025335185946848693
2019-01-17,-0.005619631802448399
2019-01-18,0.007727652526864581
2019-01-22,-0.0060442411257090045
2019-01-23,0.005497621033119238
2019-01-24,0.018081610110646684
2019-01-25,0.0054632832551244626
2019-01-28,-0.05714239208891658
2019-01-29,-0.0027250030758400046
2019-01-30,0.012244865406105365
2019-01-31,-0.0075740072709630235
2019-02-01,0.005370635732403706
2019-02-04,-0.0002881522692139704
2019-02-05,0.0035398755261735193
2019-02-06,-0.0029942980455669455
2019-02-07,-0.0031334435722480958
2019-02-08,-0.0033492471564061654
2019-02-11,0.008828455905158128
2019-02-12,0.007999102015348925
2019-02-13,-0.0006650480411143356
2019-02-14,-0.00305964250535784
2019-02-15,0.010183731613066183
2019-02-19,0.001616440155586707
2019-02-20,-0.0024057121127348813
2019-02-21,0.0007851783648598065
2019-02-22,0.016690956733027118
2019-02-25,0.00440600059768359
2019-02-26,-0.0012506140824060097
2019-02-27,0.003187212533922512
2019-02-28,0.0008949272402440922
2019-03-01,0.010181526843016764
2019-03-04,0.002938708335302298
2019-03-05,0.0054120489488691526
2019-03-06,0.0043574626079561085
2019-03-07,-0.0010864584769937347
2019-03-08,-0.013738606906420925
2019-03-11,0.009767627087098552
2019-03-12,0.008105202649957288
2019-03-13,-0.030738133098352383
2019-03-14,0.002447232275762712
2019-03-15,0.005044060351047985
2019-03-18,0.007275750264208458
2019-03-19,0.00485895596856345
2019-03-20,1.1338173277364305e-05
2019-03-21,-0.00368980194005486
2019-03-22,-0.003427760987925521
2019-03-25,-0.0036393571876841557
2019-03-26,0.0106629815838708
2019-03-27,-0.0006971995113415064
2019-03-28,0.0038813397354475754
2019-03-29,0.01234021494531845
2019-04-01,0.019192790973816765
2019-04-02,0.0015994384608268852
2019-04-03,0.007267414664018812
2019-04-04,-0.0004410913699698371
2019-04-05,0.0060702520463020715
2019-04-08,-0.0014714590810693817
2019-04-09,-0.011071742359146541
2019-04-10,0.0012841482907344215
2019-04-11,0.002689846794345474
2019-04-12,0.005676686085332783
2019-04-15,-0.0008974813097673007
2019-04-16,0.002735772139017323
2019-04-17,0.004458049710902134
2019-04-18,0.0036635408680971704
2019-04-22,-0.0017093958241610752
2019-04-23,0.025391828263732208
2019-04-24,0.0024316092680500834
2019-04-25,0.008991231969233349
2019-04-26,-0.0010330696839747633
2019-04-29,0.001462379572913175
2019-04-30,-4.888253204071713e-05
2019-05-01,0.0049513042683844155
2019-05-02,0.0016163150222969769
2019-05-03,0.0026208698364367233
2019-05-06,-0.038845141437219954
2019-05-07,-0.011140163224235944
2019-05-08,-0.01950204284491519
2019-05-09,-0.016178910318925932
2019-05-10,-0.0034926119633856834
2019-05-13,-0.03421345943480525
2019-05-14,0.00791954164860842
2019-05-15,-0.011874458890937079
2019-05-16,-0.005569512641554586
2019-05-17,-0.010741925125365315
2019-05-20,-0.022273012183874896
2019-05-21,0.015341304507397124
2019-05-22,-0.008391315605326133
2019-05-23,-0.013152075992559742
2019-05-24,0.006297619236368623
2019-05-28,0.012108337817460235
2019-05-29,-0.0053520661223070976
2019-05-30,0.0054104687407003915
2019-05-31,-0.0159621598986035
2019-06-03,0.016431959812470698
2019-06-04,0.01823697679039915
2019-06-05,0.017937600347297078
2019-06-06,0.001232015324987401
2019-06-07,0.0037847179412062726
2019-06-10,0.013415284353643697
2019-06-11,0.0258455322947424
2019-06-12,-0.0139388457940397
2019-06-13,0.005375915405780862
2019-06-14,-0.045534430195045106
2019-06-17,-0.002752337767256585
2019-06-18,0.013240015140075556
2019-06-19,0.007859695064937
2019-06-20,0.02281536709288523
2019-06-21,-0.005437180601764902
2019-06-24,0.0032491172453639194
2019-06-25,0.0019958380670699327
2019-06-26,0.046321776018003025
2019-06-27,0.007275822330269577
2019-06-28,0.017417713842073246
2019-07-01,0.055129836503224894
2019-07-02,0.0
2019-07-03,0.0
2019-07-05,0.0
2019-07-08,0.0
2019-07-09,0.0
2019-07-10,0.0074672793463719245
2019-07-11,0.005033292923662502
2019-07-12,-0.0031688470562165616
2019-07-15,0.0045339473391126095
2019-07-16,-0.0027549776115910474
2019-07-17,0.0018433392286918426
2019-07-18,-0.00749366502660076
2019-07-19,0.004977035390119067
2019-07-22,0.009378311774577153
2019-07-23,0.0015461509184604427
2019-07-24,0.0011393420794978404
2019-07-25,-0.010794776264694828
2019-07-26,0.009281400113721583
2019-07-29,0.0016263923668531355
2019-07-30,-0.007345188669951042
2019-07-31,-0.015935710072342624
2019-08-01,0.0005353266495655706
2019-08-02,-0.011906673477175223
2019-08-05,-0.03553440927386953
2019-08-06,0.02099047999358894
2019-08-07,-0.012762531434551305
2019-08-08,0.03633900389230216
2019-08-09,-0.00853181926979485
2019-08-12,-0.0035470958390325658
2019-08-13,-0.002022647760092311
2019-08-14,-0.025388109235445655
2019-08-15,0.00834238175379709
2019-08-16,0.015093875958643865
2019-08-19,0.012277726154528601
2019-08-20,-0.008212185457446508
2019-08-21,0.010502372999286136
2019-08-22,0.005988737748308104
2019-08-23,-0.008745320116899213
2019-08-26,0.017651630946511565
2019-08-27,0.008570835722158332
2019-08-28,-0.008986948281349494
2019-08-29,0.017174086158567636
2019-08-30,0.005752733045583991
2019-09-03,-0.012935894777409862
2019-09-04,0.013392742093732979
2019-09-05,0.018530637580762788
2019-09-06,-0.005459614028026305
2019-09-09,0.006969516519786945
2019-09-10,-0.010563701435068906
2019-09-11,-0.0710507639979463
2019-09-12,0.011709648394120586
2019-09-13,-0.0011882115065844356
2019-09-16,-0.009230292019792863
2019-09-17,0.005129473705234311
2019-09-18,-0.0019549268930335595
2019-09-19,0.003406228850163062
2019-09-20,0.002840202452065066
2019-09-23,-0.0028080283539292372
2019-09-24,0.008536955415853642
2019-09-25,-0.003915008090939254
2019-09-26,0.003747938087170777
2019-09-27,-0.002162360133033725
2019-09-30,0.0019293510302293981
2019-10-01,0.0023573744351157444
2019-10-02,-0.007796768397048015
2019-10-03,0.0026029981680688596
2019-10-04,0.008576775689534744
2019-10-07,-0.00020632336206649615
2019-10-08,-0.013100700404731658
2019-10-09,0.017646651257219537
2019-10-10,0.006318862111562629
2019-10-11,0.02073396400422367
2019-10-14,-0.0034938730451725686
2019-10-15,0.004439631005204836
2019-10-16,-0.01222271917888551
2019-10-17,0.011035328237851694
2019-10-18,-0.0007370554988385125
2019-10-21,0.01123057986360565
2019-10-22,8.95557056275198e-05
2019-10-23,-0.012859510587868828
2019-10-24,0.013419327934316883
2019-10-25,-0.0030295582702325463
2019-10-28,0.011447114810228198
2019-10-29,0.0205140897463294
2019-10-30,-0.001136484855966735
2019-10-31,-0.003052172576346379
2019-11-01,0.014102863949555955
2019-11-04,0.008872282693148215
2019-11-05,0.002558585392395951
2019-11-06,-0.005376151430309228
2019-11-07,0.009210552492706636
2019-11-08,-0.007754882192265278
2019-11-11,-0.008144735185737773
2019-11-12,0.0082845086022445
2019-11-13,-0.0014041080794862104
2019-11-14,-0.0024646167612788483
2019-11-15,0.016907235329869374
2019-11-18,-0.0026062079145645622
2019-11-19,0.0037441797425292744
2019-11-20,-0.003910442239141276
2019-11-21,-0.014062281291374656
2019-11-22,0.004191505831364406
2019-11-25,0.008318494164944124
2019-11-26,0.00028129785471597835
2019-11-27,0.005219921673039973
2019-11-29,-0.00039993188403297797
2019-12-02,0.0003818486555460243
2019-12-03,-0.02867819843008934
2019-12-04,0.01874235487830367
2019-12-05,0.006609513630227326
2019-12-06,0.014305041535914942
2019-12-09,-0.0021579718191460096
2019-12-10,0.008170988871475382
2019-12-11,0.002393657023705753
2019-12-12,-0.0022522401618553234
2019-12-13,-0.00044291630264503556
2019-12-16,0.017964043255182638
2019-12-17,0.0103602188884937
2019-12-18,0.0018605235626678596
2019-12-19,0.01739693154566635
2019-12-20,0.011155956112343768
2019-12-23,0.003717851460750987
2019-12-24,0.0008391208371225645
2019-12-26,0.0009305804577919297
2019-12-27,0.002766709856015348
2019-12-30,-0.004192954659733128
2019-12-31,-0.005101805428427197
2020-01-02,0.015372411381839868
2020-01-03,-0.019071193650673557
2020-01-06,-0.014868249226336006
2020-01-07,0.013036794120466322
2020-01-08,0.0007180420297887569
2020-01-09,0.011659505062594056
2020-01-10,0.0018232028120768184
2020-01-13,0.006249752897243388
2020-01-14,-9.98675324294096e-05
2020-01-15,-0.0025487217494768455
2020-01-16,0.010888753156422126
2020-01-17,0.0038790588536106174
2020-01-21,-0.0017422315949844336
2020-01-22,0.008705242038553607
2020-01-23,0.0008884164591880239
2020-01-24,0.010287313997274117
2020-01-27,-0.03268884508638181
2020-01-28,0.013158500360597847
2020-01-29,-0.010382547684077426
2020-01-30,0.00937763042666595
2020-01-31,-0.01298323411669966
2020-02-03,0.0012729723993323283
2020-02-04,0.06103581034500993
2020-02-05,0.0
2020-02-06,0.0
2020-02-07,0.0
2020-02-10,0.0
2020-02-11,0.0
2020-02-12,0.008410036521524722
2020-02-13,-0.013473263811946024
2020-02-14,-0.0030101994319351455
2020-02-18,-0.0006872902359891242
2020-02-19,0.03770821942437985
2020-02-20,-0.006487726397926719
2020-02-21,-0.0027572624134323265
2020-02-24,-0.07336288009850989
2020-02-25,0.025735053070446767
2020-02-26,-0.0017585012289869084
2020-02-27,-0.04801424767558293
2020-02-28,-0.05580067448266102
2020-03-02,0.03945728407147775
2020-03-03,0.0
2020-03-04,0.0
2020-03-05,0.0
2020-03-06,0.0
2020-03-09,0.0
2020-03-10,0.0
2020-03-11,0.0
2020-03-12,0.0
2020-03-13,0.0
2020-03-16,0.0
2020-03-17,0.0
2020-03-18,0.0
2020-03-19,0.0
2020-03-20,0.0
2020-03-23,0.0
2020-03-24,0.0
2020-03-25,0.0
2020-03-26,0.0
2020-03-27,0.0
2020-03-30,0.0
2020-03-31,0.0
2020-04-01,0.0
2020-04-02,-0.001064474789336134
2020-04-03,-0.003534399199828675
2020-04-06,0.04739301701351306
2020-04-07,0.03582971165116011
2020-04-08,0.014110540344172584
2020-04-09,0.019265023019301664
2020-04-13,-0.012978935655098889
2020-04-14,0.020305069140044818
2020-04-15,-0.024721375798003042
2020-04-16,0.017235637616828114
2020-04-17,0.01924640014605239
2020-04-20,-0.02177139191383226
2020-04-21,-0.013377289739326503
2020-04-22,0.03281572693898971
2020-04-23,0.0016445898815160565
2020-04-24,0.0008800842813292409
2020-04-27,0.01197720382142542
2020-04-28,0.02067837717132681
2020-04-29,0.023527840214135676
2020-04-30,-0.007771899981357855
2020-05-01,-0.026590080122925852
2020-05-04,0.0
2020-05-05,0.0
2020-05-06,0.0
2020-05-07,0.0
2020-05-08,0.0
2020-05-11,0.0
2020-05-12,0.0
2020-05-13,0.0
2020-05-14,0.0
2020-05-15,0.0
2020-05-18,0.0
2020-05-19,0.0
2020-05-20,0.0
2020-05-21,0.0
2020-05-22,0.0
2020-05-26,0.0
2020-05-27,0.0
2020-05-28,0.0
2020-05-29,0.0
2020-06-01,0.0
2020-06-02,-0.002759153227313571
2020-06-03,0.002740729317178836
2020-06-04,0.0003014288601408399
2020-06-05,0.00853532295192272
2020-06-08,0.012205997846065353
2020-06-09,-0.0037925962698580618
2020-06-10,0.027420984313509145
2020-06-11,-0.027750845452085615
2020-06-12,0.030086977872248566
2020-06-15,-0.016340803678563387
2020-06-16,0.015249676567992143
2020-06-17,0.005576880913842341
2020-06-18,0.003870580304028648
2020-06-19,0.006096661846734852
2020-06-22,0.0037827547029496422
2020-06-23,0.004142557304095851
2020-06-24,-0.0019350071522257206
2020-06-25,0.003139173358288172
2020-06-26,0.0028126570437978504
2020-06-29,0.004089413740585579
2020-06-30,0.009023291779070908
2020-07-01,0.001918536645574065
2020-07-02,0.04004618030889939
2020-07-06,0.03723516634140167
2020-07-07,0.01019856656560103
2020-07-08,0.014044404406943434
2020-07-09,0.018364131679138973
2020-07-10,0.0016089272382018294
2020-07-13,0.0331638164321566
2020-07-14,0.012608333951468653
2020-07-15,0.011367557405984163
2020-07-16,-0.028362361669212244
2020-07-17,0.007142978969502334
2020-07-20,0.008506428981034597
2020-07-21,0.001167332159030865
2020-07-22,0.008694126058460983
2020-07-23,0.016747436695866647
2020-07-24,-0.037957509572154824
2020-07-27,0.008590174563808617
2020-07-28,-0.010830990607506252
2020-07-29,0.016353584083010464
2020-07-30,-0.008406901490268237
2020-07-31,0.011790858185459108
2020-08-03,0.011450171792894315
2020-08-04,0.001386029838482683
2020-08-05,0.0013642898579908636
2020-08-06,-0.0038107961973603555
2020-08-07,0.010366248112808174
2020-08-10,0.0026069329379885264
2020-08-11,-0.009709183065264804
2020-08-12,0.009276672755973658
2020-08-13,0.0064351670590401255
2020-08-14,0.004478547522622112
2020-08-17,0.01436846707248507
2020-08-18,0.0069856280670395066
2020-08-19,0.0018138723854346228
2020-08-20,-0.009693324442295093
2020-08-21,0.001671120860124109
2020-08-24,0.01849334479652076
2020-08-25,-0.00463114963897282
2020-08-26,0.006267173776702384
2020-08-27,0.0025868929716845734
2020-08-28,0.01042333457853828
2020-08-31,-0.0010353750665502703
2020-09-01,0.007817330025294611
2020-09-02,0.03462695443848429
2020-09-03,-0.032071693523956335
2020-09-04,-0.016078185565542302
2020-09-08,-0.04489915126898347
2020-09-09,0.03114246249830077
2020-09-10,0.016304196945626348
2020-09-11,0.012923431028950771
2020-09-14,0.03340053747005567
2020-09-15,0.01395154459253889
2020-09-16,0.0009077773083667751
2020-09-17,-0.02509921183831898
2020-09-18,0.008198376205061031
2020-09-21,-0.015363179853654874
2020-09-22,0.006026350467053465
2020-09-23,-0.0033149082804621033
2020-09-24,-0.006788272193257949
2020-09-25,0.005279966257623503
2020-09-28,0.012867289965206252
2020-09-29,-0.0026631816380273676
2020-09-30,-0.003916670197287919
2020-10-01,0.015916028646612457
2020-10-02,-0.030577115746465378
2020-10-05,0.01250572548700224
2020-10-06,0.0028944120581053667
2020-10-07,0.01630607423306052
2020-10-08,0.012242203443614486
2020-10-09,-0.0012085597622162325
2020-10-12,0.020429332861731098
2020-10-13,0.003902929785834619
2020-10-14,0.00954577615287433
2020-10-15,-0.029149011091977095
2020-10-16,0.011555814553524835
2020-10-19,0.004611033057954961
2020-10-20,0.008820188693198672
2020-10-21,0.0051089159646307
2020-10-22,-0.0022994779417856437
2020-10-23,0.006206775001535547
2020-10-26,-0.010580224969211405
2020-10-27,0.009006974074258656
2020-10-28,-0.021056363358005648
2020-10-29,0.013273317188663203
2020-10-30,-0.013162142516816022
2020-11-02,0.010514449596305653
2020-11-03,0.008472361744447099
2020-11-04,0.03272384071345691
2020-11-05,0.07510092204698982
2020-11-06,0.0
2020-11-09,0.0
2020-11-10,0.0
2020-11-11,0.0
2020-11-12,0.0
2020-11-13,0.014616603238689851
2020-11-16,-0.004818462558730419
2020-11-17,0.003846526258171279
2020-11-18,0.0033415849649547358
2020-11-19,-0.004735074993075239
2020-11-20,0.0026753407570652143
2020-11-23,-0.002867135334828186
2020-11-24,0.0005638493781983112
2020-11-25,0.00396726899941946
2020-11-27,0.006713396435977126
2020-11-30,0.005489964637269917
2020-12-01,0.006507950186481759
2020-12-02,-0.007364020355836498
2020-12-03,0.005515661146476836
2020-12-04,0.00449557741930362
2020-12-07,0.006450980537909379
2020-12-08,-0.002485141084629716
2020-12-09,-0.003907841532978074
2020-12-10,-0.00857847013431512
2020-12-11,-0.01624819068943628
2020-12-14,0.008725421701778702
2020-12-15,0.0047972353969836234
2020-12-16,0.0021548334050740525
2020-12-17,0.006931623117928831
2020-12-18,0.005500367039579235
2020-12-21,-0.015173053897529098
2020-12-22,0.002178816698633401
2020-12-23,0.00553592483183496
2020-12-24,0.005937050022706947
2020-12-28,0.012242466835122423
2020-12-29,0.007121424564652257
2020-12-30,0.005102135687733433
2020-12-31,0.0038429199710257045
2021-01-04,0.006313877657951439
2021-01-05,-0.0039038082002410546
2021-01-06,-0.007769761374877504
2021-01-07,0.013518509440468618
2021-01-08,0.019679082972895223
2021-01-11,-0.01467791956026765
2021-01-12,0.009176297161731517
2021-01-13,-0.0006336195424381241
2021-01-14,0.0058819476044371655
2021-01-15,0.0173184366438488
2021-01-19,0.028397999979391075
2021-01-20,0.01577500725012304
2021-01-21,0.009349385959666945
2021-01-22,-0.006621079255975437
2021-01-25,0.025815054282848804
2021-01-26,-0.007638981896245789
2021-01-27,-0.04063891317499302
2021-01-28,0.022799990137786885
2021-01-29,0.018952019579961732
2021-02-01,0.02220563213744975
2021-02-02,0.016832669993100513
2021-02-03,0.011154504909510976
2021-02-04,-0.018657430111412188
2021-02-05,0.009706491361508807
2021-02-08,0.012672501433464989
2021-02-09,-0.0034652797870876606
2021-02-10,0.01189919282095575
2021-02-11,0.008178466583641741
2021-02-12,0.0012698160100275135
2021-02-16,0.010852837277509408
2021-02-17,-0.010964925404671644
2021-02-18,-0.014724734104782922
2021-02-19,0.006697128545843922
2021-02-22,-0.013585345349723887
2021-02-23,-0.02895573273719365
2021-02-24,-0.005202942773912533
2021-02-25,-0.008756065863287255
2021-02-26,0.01439596793219966
2021-03-01,0.028294835414070407
2021-03-02,-0.004673189622655616
2021-03-03,0.0032779241106732915
2021-03-04,-0.00359506363429829
2021-03-05,0.03223451421645773
2021-03-08,-0.0021427111942547983
2021-03-09,0.0402711968884093
2021-03-10,0.01112793211956764
2021-03-11,0.033153039688855745
2021-03-12,-0.02276635306536745
2021-03-15,0.003589729447633916
2021-03-16,0.015743260255232983
2021-03-17,-0.013010950386245779
2021-03-18,-0.017386869126569615
2021-03-19,0.003696886504588548
2021-03-22,0.017801799162555865
2021-03-23,-0.0008272141872915917
2021-03-24,0.02867151906875587
2021-03-25,-0.02414171196214354
2021-03-26,0.002407621557606765
2021-03-29,-0.009938514096938245
2021-03-30,-0.004297070424069127
2021-03-31,0.018010908504224377
2021-04-01,0.03455499149790331
2021-04-05,0.018276805813399966
2021-04-06,0.00013433768504267363
2021-04-07,0.00394668444776225
2021-04-08,0.010084183165165017
2021-04-09,-0.01035439464181731
2021-04-12,-0.007190271280134497
2021-04-13,0.007566296824241592
2021-04-14,-0.006401442308658245
2021-04-15,0.011284403090003003
2021-04-16,-0.001628913334818849
2021-04-19,-0.0022331927649946737
2021-04-20,-0.005338332404438595
2021-04-21,0.0013260422577565656
2021-04-22,-0.0015479466306664857
2021-04-23,0.009989705769910762
2021-04-26,0.0034325751001775817
2021-04-27,0.00809818835166376
2021-04-28,-0.008510671528695335
2021-04-29,0.015687891011037403
2021-04-30,-0.01953413707559759
2021-05-03,0.0006869914087246354
2021-05-04,-0.02151624000684549
2021-05-05,0.02074272337182892
2021-05-06,-0.004510323469840483
2021-05-07,0.010539691516313399
2021-05-10,-0.012607025959448959
2021-05-11,-0.02862640784156767
2021-05-12,-0.02946939180400232
2021-05-13,0.030557412140884255
2021-05-14,0.015671979636876276
2021-05-17,-0.022688833523330176
2021-05-18,0.0112422476596441
2021-05-19,-0.030991570726448425
2021-05-20,0.009366934223947077
2021-05-21,-0.0044111704915741345
2021-05-24,0.014388243766936482
2021-05-25,0.014153684606912798
2021-05-26,-6.068929954095026e-05
2021-05-27,-0.006381873213037181
2021-05-28,0.009008306736532301
2021-06-01,0.00982854312094128
2021-06-02,-0.0025712799466089953
2021-06-03,-0.013408713228881264
2021-06-04,0.008093745524656137
2021-06-07,-0.001365664046782622
2021-06-08,0.009732392241057708
2021-06-09,0.005064485223883031
2021-06-10,0.004425327729711492
2021-06-11,0.0023753607524077403
2021-06-14,0.0022908840389515017
2021-06-15,-0.003386218179488476
2021-06-16,0.004818677074556854
2021-06-17,-0.0030239893252631544
2021-06-18,-0.01560104714143351
2021-06-21,0.003360538525252199
2021-06-22,-0.0023840360774414204
2021-06-23,-0.00033526503898972937
2021-06-24,0.008937826430785556
2021-06-25,0.0042502239740564995
2021-06-28,0.012192314357256429
2021-06-29,-0.0021713831447723875
2021-06-30,-0.0005441215409769384
2021-07-01,-0.0008852197162638742
2021-07-02,0.010750654637932566
2021-07-06,0.0027020821859535804
2021-07-07,0.010151575779806965
2021-07-08,-0.02195864186588492
2021-07-09,0.0034046863626213675
2021-07-12,0.008638729293388714
2021-07-13,-0.004519264414600488
2021-07-14,0.01279458976242731
2021-07-15,-0.013635487792918233
2021-07-16,0.00480660804541766
2021-07-19,-0.01818856012373582
2021-07-20,0.004824584650212627
2021-07-21,0.0022274028080819797
2021-07-22,-0.00811237162033851
2021-07-23,0.007273277256373278
2021-07-26,-0.0005760722210323976
2021-07-27,-0.007588108045379238
2021-07-28,0.004719943772916402
2021-07-29,-0.011842366612025312
2021-07-30,-0.010216200942036013
2021-08-02,0.013394215082938254
2021-08-03,0.0014563968726470922
2021-08-04,0.010250000612925358
2021-08-05,0.009483059545833505
2021-08-06,-0.007412835235965365
2021-08-09,0.006225471958394957
2021-08-10,0.005500310955564691
2021-08-11,0.0036567987543916214
2021-08-12,-0.004298461214903404
2021-08-13,-0.0010557383835337886
2021-08-16,-0.0025587165546892
2021-08-17,-0.010945281784855543
2021-08-18,0.0005993378831194995
2021-08-19,0.0003729848870428487
2021-08-20,0.007816599687345827
2021-08-23,0.008287913013651949
2021-08-24,-0.004593247449504956
2021-08-25,0.0011699146078045786
2021-08-26,-0.0001304744925608725
2021-08-27,0.004420881934844134
2021-08-30,0.008156210194681046
2021-08-31,0.002805291179782232
2021-09-01,0.00511855388392668
2021-09-02,0.0054351550860090025
2021-09-03,-0.00616770490583618
2021-09-07,0.00293900302344996
2021-09-08,-0.004377490017392183
2021-09-09,-0.0008261859625467993
2021-09-10,0.011530265810469897
2021-09-13,0.008722634073960567
2021-09-14,0.011764666554940906
2021-09-15,0.001613560600918662
2021-09-16,-0.007625560336632864
2021-09-17,-0.0037408903825250084
2021-09-20,-0.02485028569335701
2021-09-21,0.015646301816465202
2021-09-22,0.0039633978124209435
2021-09-23,0.009901396835987342
2021-09-24,-0.01311201043830168
2021-09-27,-0.01832348767744585
2021-09-28,-0.02687577126864782
2021-09-29,0.008311727069646224
2021-09-30,0.0072782533382553805
2021-10-01,0.0015670159128047256
2021-10-04,-0.012554983276115372
2021-10-05,0.011517929985479514
2021-10-06,-0.014304341627087935
2021-10-07,0.01208505785950198
2021-10-08,0.0018385879710445252
2021-10-11,-0.007764957930069927
2021-10-12,0.007574630063219123
2021-10-13,0.011048504030571449
2021-10-14,0.015944938179669466
2021-10-15,0.0029503423886139135
2021-10-18,-0.0011807674393435885
2021-10-19,0.00508223036904254
2021-10-20,0.003218095211229288
2021-10-21,-1.0349383738561535e-05
2021-10-22,0.003912512961077974
2021-10-25,0.0059192081425873955
2021-10-26,0.015571604994189858
2021-10-27,-0.00132077804767472
2021-10-28,0.005904669210010427
2021-10-29,-0.002466849680726413
2021-11-01,0.002421502449926116
2021-11-02,0.0015536509585731828
2021-11-03,0.0069058403195425555
2021-11-04,0.008583598770532719
2021-11-05,0.007713766020368551
2021-11-08,0.00865527407948341
2021-11-09,0.01944747845714523
2021-11-10,-0.01900451252154345
2021-11-11,0.019213921963550984
2021-11-12,0.0011078619863531536
2021-11-15,0.006081690201292789
2021-11-16,-0.002942329575304603
2021-11-17,0.0003053745557666243
2021-11-18,0.03826507554910741
2021-11-19,0.05829414308560987
2021-11-22,0.0
2021-11-23,0.0
2021-11-24,0.0
2021-11-26,0.0
2021-11-29,0.0
2021-11-30,-0.014441664899854545
2021-12-01,0.03669564685882776
2021-12-02,-0.01385994420685166
2021-12-03,0.011125113462888025
2021-12-06,-0.015472375754917
2021-12-07,0.030747605896499053
2021-12-08,-0.00827174287451482
2021-12-09,-0.001821767867442925
2021-12-10,0.0209710259799325
2021-12-13,0.0015267442603037473
2021-12-14,-0.015995048818983948
2021-12-15,0.0027650526695119915
2021-12-16,0.00958974104531074
2021-12-17,-0.013853043912454566
2021-12-20,-0.01751355716477898
2021-12-21,0.021400951698566706
2021-12-22,-0.007813272011557348
2021-12-23,0.006235392908865212
2021-12-27,0.0053469548941842415
2021-12-28,0.00785666401291829
2021-12-29,-0.0010616955382645177
2021-12-30,-0.004163692544811082
2021-12-31,0.004148981824489306
2022-01-03,0.010444881440849985
2022-01-04,0.006699763881110377
2022-01-05,-0.014958068464625995
2022-01-06,-0.004918672711346939
2022-01-07,0.0005677252129920873
2022-01-10,-0.02417213665151463
2022-01-11,-0.00536900108819327
2022-01-12,0.009475897747889706
2022-01-13,0.013494337087588182
2022-01-14,-0.011144121392145823
2022-01-18,-0.03005659075680034
2022-01-19,0.007202722006185658
2022-01-20,0.007474889630610271
2022-01-21,-0.01493549265177574
2022-01-24,-0.03135722481550007
2022-01-25,-0.03580852213766461
2022-01-26,0.04567796356673148
2022-01-27,0.023852728428133352
2022-01-28,-0.0023827545154867513
2022-01-31,0.015358533489596038
2022-02-01,0.01415216341288672
2022-02-02,0.019849697371573383
2022-02-03,-0.031722351487518896
2022-02-04,0.003912959118701709
2022-02-07,0.015176866472463635
2022-02-08,-0.006335114158121269
2022-02-09,0.013039617783833446
2022-02-10,-0.024668016373236568
2022-02-11,0.00311207305339134
2022-02-14,0.002265144708101019
2022-02-15,0.02558364009867664
2022-02-16,-0.010656687714265867
2022-02-17,-0.02170590958710472
2022-02-18,0.006801818786270619
2022-02-22,-0.025142559836343614
2022-02-23,0.015414606718480828
2022-02-24,-0.06476315933532306
2022-02-25,0.002706044596606727
2022-02-28,-0.003333843114779911
2022-03-01,-9.478006394325611e-05
2022-03-02,0.006727656346584787
2022-03-03,-0.0044488210740917244
2022-03-04,0.0006434359203071338
2022-03-07,-0.0014707314124283721
2022-03-08,0.0032888679292257805
2022-03-09,0.01644514257696139
2022-03-10,-0.012004395926566436
2022-03-11,0.006096651058822955
2022-03-14,-0.005459741920943895
2022-03-15,0.00619874945527088
2022-03-16,0.015784510721185585
2022-03-17,-0.008050712583971276
2022-03-18,-0.0018662220775699234
2022-03-21,-0.0003716258746104817
2022-03-22,-0.0028979743001609215
2022-03-23,-0.006638443242548808
2022-03-24,0.007772531208712019
2022-03-25,-0.0020156114095429833
2022-03-28,0.0011718680440520046
2022-03-29,0.011013880467262593
2022-03-30,0.005340413645874342
2022-03-31,-0.004526352568018255
2022-04-01,0.003080142704761535
2022-04-04,0.0015287763944107358
2022-04-05,-0.0052621872225392385
2022-04-06,-0.014905243408552704
2022-04-07,0.0003267007556104762
2022-04-08,-0.006394369068166816
2022-04-11,-0.013582325135593765
2022-04-12,0.008864902004041886
2022-04-13,0.005816203939797537
2022-04-14,0.0055322518308749125
2022-04-18,0.0006610387843564158
2022-04-19,-0.0038737952016544286
2022-04-20,0.010127667588582634
2022-04-21,0.004280660544803583
2022-04-22,-0.0006862683096524602
2022-04-25,-0.00889533660768893
2022-04-26,-0.007459401343630767
2022-04-27,-0.008856442865795677
2022-04-28,0.00952055268688845
2022-04-29,-0.007048215882825115
2022-05-02,0.002198804748874128
2022-05-03,-0.0024251779307629118
2022-05-04,0.006325182163451348
2022-05-05,-0.00972938663323808
2022-05-06,-0.0034343459020130807
2022-05-09,-0.009270440098398058
2022-05-10,0.01711252526786078
2022-05-11,-0.004789429618704433
2022-05-12,-0.0060379716086070845
2022-05-13,0.012505873902495024
2022-05-16,-0.004309872742851106
2022-05-17,0.01783965200623583
2022-05-18,-0.009343138795302575
2022-05-19,-0.00426862094946312
2022-05-20,0.006613791175897443
2022-05-23,-0.01928154722451536
2022-05-24,-0.003101082948060885
2022-05-25,-0.002969671938940599
2022-05-26,-0.020765939283023727
2022-05-27,0.01099364576388373
2022-05-31,0.0037495890253436137
2022-06-01,0.0040430616382407525
2022-06-02,0.0015773275237898066
2022-06-03,0.007584213497885184
2022-06-06,-0.00672433026421948
2022-06-07,0.005089547830938068
2022-06-08,0.0011675479053716575
2022-06-09,0.002669494407248063
2022-06-10,0.008641859065686042
2022-06-13,0.014039159829792425
2022-06-14,-0.00359756060988925
2022-06-15,-0.005428432830564378
2022-06-16,0.011610522017508673
2022-06-17,-0.0007035853704874251
2022-06-21,-0.007504656011551258
2022-06-22,0.004080757877505503
2022-06-23,-0.0040157767223274465
2022-06-24,-0.004696533472165365
2022-06-27,-0.0024406457957283356
2022-06-28,-0.0006346527739984342
2022-06-29,0.00039631468799905534
2022-06-30,0.004845519080970417
2022-07-01,0.0019883926233177363
2022-07-05,-0.01187161341860632
2022-07-06,0.0034377434994425915
2022-07-07,0.016451876145075595
2022-07-08,-0.009019369678047062
2022-07-11,-0.011936302411273858
2022-07-12,0.006153481572003017
2022-07-13,-0.012667750302279845
2022-07-14,-0.0007517822497874471
2022-07-15,0.014208282922171467
2022-07-18,0.011020472201679565
2022-07-19,0.009110375681387062
2022-07-20,-0.0022951044100865126
2022-07-21,-0.0021486370374435015
2022-07-22,-0.01093859011575593
2022-07-25,-0.005704358386647845
2022-07-26,0.002196889901216359
2022-07-27,0.009391489540146125
2022-07-28,0.005058432507556221
2022-07-29,-0.009195848393692363
2022-08-01,0.0036831945371154085
2022-08-02,-0.0006980500194538886
2022-08-03,-0.011259769168882938
2022-08-04,0.0025662637481638217
2022-08-05,-0.006003988440766106
2022-08-08,0.0007797070221966518
2022-08-09,0.001733488375041503
2022-08-10,0.003970203557954077
2022-08-11,0.00412617603925769
2022-08-12,0.0011733650876362134
2022-08-15,0.00019694223174182568
2022-08-16,-0.006772075134636291
2022-08-17,0.00013569099921384442
2022-08-18,0.0014013520879234687
2022-08-19,-0.004931380132790486
2022-08-22,-0.0022383568455317526
2022-08-23,-0.003989662397746674
2022-08-24,0.0023903185290015116
2022-08-25,0.0009296778313110377
2022-08-26,-0.0005644161010620596
2022-08-29,-0.0027405850228163775
2022-08-30,0.0011263255545326256
2022-08-31,0.0006850332444008345
2022-09-01,-0.005406622010060147
2022-09-02,0.018839128219570123
2022-09-06,0.00031042662797919895
2022-09-07,0.004676814548749464
2022-09-08,-0.0061443640556977375
2022-09-09,0.006025442398670089
2022-09-12,-0.00015512464801126225
2022-09-13,-0.019812855214962677
2022-09-14,0.0042177169893879984
2022-09-15,-0.0025597893423915385
2022-09-16,-0.004380343590321689
2022-09-19,-0.00932727585135018
2022-09-20,-0.006020150707476413
2022-09-21,-0.005315414491932291
2022-09-22,-0.003144730805510365
2022-09-23,-0.002874815730067759
2022-09-26,-0.0003594144992200565
2022-09-27,0.010773371580155011
2022-09-28,-0.004674731443299329
2022-09-29,-0.008446112392863081
2022-09-30,0.00099949344013317
2022-10-03,0.010109687571446369
2022-10-04,-0.009057349399362313
2022-10-05,0.00598138747528254
2022-10-06,0.0019472973414591532
2022-10-07,0.007730750419753907
2022-10-10,-0.000431698863481933
2022-10-11,0.0026341605592881123
2022-10-12,-0.0007357959110532164
2022-10-13,0.013093842287928315
2022-10-14,-0.004161667673393321
2022-10-17,-0.010694331416368774
2022-10-18,-0.012129312900774347
2022-10-19,0.002544624993890743
2022-10-20,0.001784429960832723
2022-10-21,0.0017271139279930736
2022-10-24,-0.0004715335327181158
2022-10-25,-0.0014356778192029518
2022-10-26,0.008979789238709568
2022-10-27,0.0019495735383496804
2022-10-28,0.00116848069104325
2022-10-31,0.003587036186960546
2022-11-01,-0.00566466033113977
2022-11-02,0.007384372232916769
2022-11-03,-0.006258870491597013
2022-11-04,0.020862963384852717
2022-11-07,0.001910030820677644
2022-11-08,0.014903357540317685
2022-11-09,-0.013753265066913545
2022-11-10,0.025652178711709217
2022-11-11,-6.376715789091492e-05
2022-11-14,0.0032792406372967875
2022-11-15,-0.010676583551237018
2022-11-16,0.0030913398042651252
2022-11-17,0.007326729841975688
2022-11-18,0.007094807736495623
2022-11-21,-0.0063905996994141345
2022-11-22,0.00411688403973165
2022-11-23,-0.0007817789287630772
2022-11-25,-0.0037037114345618294
2022-11-28,-0.008754426885886901
2022-11-29,-0.00012703040214123718
2022-11-30,-0.005721247580438016
2022-12-01,0.0017221287683810704
2022-12-02,0.0022543188256669566
2022-12-05,0.011670066188157469
2022-12-06,-0.0007406281465884845
2022-12-07,-0.012698202865144781
2022-12-08,0.01940651053974296
2022-12-09,0.0008679869720165101
2022-12-12,0.010027459190543153
2022-12-13,0.0029414403994059146
2022-12-14,0.0017492225156252594
2022-12-15,0.0035910521422228836
2022-12-16,-0.0037212638670769405
2022-12-19,-0.00128540431010149
2022-12-20,-0.006261409602195123
2022-12-21,-0.0005707280766865663
2022-12-22,-8.213707058390973e-06
2022-12-23,0.004732967810586963
2022-12-27,0.009613601498079882
2022-12-28,0.0038375475371055234
2022-12-29,-0.0013520058951995706
2022-12-30,-0.006013856070853807
2023-01-03,0.0035383126602450687
2023-01-04,0.007831272006293855
2023-01-05,-0.0036965634710820483
2023-01-06,0.007790071909975271
2023-01-09,-0.012428648459150371
2023-01-10,0.0008079927578776847
2023-01-11,0.003124688796969588
2023-01-12,-0.003737948760019316
2023-01-13,-3.220151558913642e-05
2023-01-17,-0.0038252781423404603
2023-01-18,-6.871740259772885e-05
2023-01-19,-0.003217646308882882
2023-01-20,-0.002100337452903278
2023-01-23,-6.79589532402991e-05
2023-01-24,0.0007369266339571912
2023-01-25,-0.0012416888966308992
2023-01-26,-0.0012042048507269199
2023-01-27,0.0019729758150335286
2023-01-30,-0.0009870002208036688
2023-01-31,0.002757730471839359
2023-02-01,0.001222560743435963
2023-02-02,-0.005334060975787036
2023-02-03,0.0033234858410113866
2023-02-06,-0.00786183616281877
2023-02-07,0.001482371335818522
2023-02-08,-0.0023972610401477024
2023-02-09,0.007995988682852895
2023-02-10,0.00845409630847005
2023-02-13,0.011437789438174528
2023-02-14,-0.005512077899031409
2023-02-15,-0.005322165009907565
2023-02-16,-0.001400071829552041
2023-02-17,-0.004577805021238279
2023-02-21,-0.021729202301585926
2023-02-22,0.0032019332623809404
2023-02-23,0.003963493277616026
2023-02-24,-0.007312271352070354
2023-02-27,0.00740064655847994
2023-02-28,0.0039030265637947092
2023-03-01,0.005948599980148961
2023-03-02,0.002708206003739999
2023-03-03,-0.00336932255963196
2023-03-06,-0.020081090022368242
2023-03-07,0.0035674193583796754
2023-03-08,-0.001231073533913385
2023-03-09,0.002267529001517943
2023-03-10,0.002209168530846073
2023-03-13,-0.004388176698045587
2023-03-14,0.006749521001583325
2023-03-15,-0.005053962522885036
2023-03-16,-0.004645759861663934
2023-03-17,-0.00064521557052033
2023-03-20,0.003943198088040223
2023-03-21,0.0016549849021447738
2023-03-22,-0.00035231804742841266
2023-03-23,0.011676959106522666
2023-03-24,-0.004085472892964903
2023-03-27,0.00644229177092126
2023-03-28,0.003129861187673777
2023-03-29,0.01062393083999913
2023-03-30,0.00786290381694843
2023-03-31,0.0010143280397569843
2023-04-03,-0.0033715996848863172
2023-04-04,0.003120521577083979
2023-04-05,-0.011377518913685658
2023-04-06,-0.0093486374311893
2023-04-10,-0.009028094795167196
2023-04-11,0.007934345027992284
2023-04-12,0.009580606696836691
2023-04-13,0.006929893806371101
2023-04-14,-0.0011934090916841944
2023-04-17,-0.017646739312197846
2023-04-18,0.011875970143278014
2023-04-19,-0.016279933574948613
2023-04-20,-0.007430508293734039
2023-04-21,-0.0021499357585744727
2023-04-24,0.002038515153110154
2023-04-25,-0.0015196737415925643
2023-04-26,0.014212601041590167
2023-04-27,0.008031136208872969
2023-04-28,0.0008834187826212148
2023-05-01,0.002704260409962078
2023-05-02,-0.004027046681691959
2023-05-03,-0.02766767148142779
2023-05-04,-0.0033787491552106363
2023-05-05,-0.00486920879204944
2023-05-08,-0.003227286384662076
2023-05-09,-0.005994014882346521
2023-05-10,0.01383167139675301
2023-05-11,0.004000852423599488
2023-05-12,-0.00015544865244920825
2023-05-15,0.006199872850089161
2023-05-16,-0.0056079545918744644
2023-05-17,0.004735084496381159
2023-05-18,0.001665706831278202
2023-05-19,-0.005505810156635205
2023-05-22,-0.007773309000281947
2023-05-23,-0.006223623895166175
2023-05-24,-0.013762044816210572
2023-05-25,0.12059514877843247
2023-05-26,0.0
2023-05-30,0.0
2023-05-31,0.0
2023-06-01,0.0
2023-06-02,0.0
2023-06-05,-0.007517104863994373
2023-06-06,-0.004561681110739402
2023-06-07,0.002885734768182102
2023-06-08,-0.0005945863641562132
2023-06-09,0.002578992165245486
2023-06-12,0.009182908128196221
2023-06-13,0.012902236857854632
2023-06-14,0.0009634547290318096
2023-06-15,-0.005008404866050364
2023-06-16,0.011889486221295487
2023-06-20,-0.0023960763610701985
2023-06-21,-0.004598098576529819
2023-06-22,-0.010173552641939088
2023-06-23,-0.011621201805172343
2023-06-26,0.003111008874711496
2023-06-27,0.00846746304243684
2023-06-28,-0.016067946230668984
2023-06-29,0.005211079283329534
2023-06-30,0.01312968293088268
2023-07-03,0.001826279540444009
2023-07-05,-0.014944771069880791
2023-07-06,-0.007899381207931988
2023-07-07,0.005290550425271379
2023-07-10,6.339545492117793e-06
2023-07-11,0.004854309497750231
2023-07-12,0.014747182798769964
2023-07-13,0.013454970516113773
2023-07-14,-0.004640522183797513
2023-07-17,0.005383455315182584
2023-07-18,0.005762540889119316
2023-07-19,0.0054699263678124055
2023-07-20,-0.0074102677706565645
2023-07-21,0.007577092320311785
2023-07-24,-0.0022314821147119135
2023-07-25,0.0036730145607002385
2023-07-26,-0.001573139931458356
2023-07-27,0.022073128900436334
2023-07-28,0.019595829361807038
2023-07-31,0.00585706103674255
2023-08-01,-0.009248073974054583
2023-08-02,-0.022225431508543947
2023-08-03,-0.013101585781814418
2023-08-04,0.005853142877841666
2023-08-07,0.006949321090600646
2023-08-08,-0.019383327233359116
2023-08-09,-0.009141220883558399
2023-08-10,0.002067806023580143
2023-08-11,-0.017491257139147898
2023-08-14,-0.010355797211737738
2023-08-15,0.00264060544251965
2023-08-16,0.0003098088163950852
2023-08-17,0.005320606382193338
2023-08-18,-0.011581353537864936
2023-08-21,0.011167518907108098
2023-08-22,0.01881978061737999
2023-08-23,-0.003480388489561559
2023-08-24,0.04403381757106262
2023-08-25,-0.017474921401690602
2023-08-28,0.008838407933640768
2023-08-29,-0.003926163367758528
2023-08-30,0.0030752941380942644
2023-08-31,-0.0141161087242615
2023-09-01,0.010702637523597014
2023-09-05,-0.006269795520624233
2023-09-06,-0.0031952834963396848
2023-09-07,-0.020469355380330123
2023-09-08,0.002074748286243322
2023-09-11,0.009550043581208367
2023-09-12,-0.01193720361986772
2023-09-13,0.008152767526270477
2023-09-14,0.004304341511062848
2023-09-15,-0.015189971549360304
2023-09-18,-0.01524568836943807
2023-09-19,-0.003250781034515815
2023-09-20,0.0027399311794116255
2023-09-21,-0.029549019836287882
2023-09-22,0.00518554324188214
2023-09-25,-0.0015288573244216508
2023-09-26,-0.004582665990328305
2023-09-27,0.005382880970577819
2023-09-28,-0.0004160049690165035
2023-09-29,0.00800051603472296
2023-10-02,0.0023739898540366955
2023-10-03,-0.006855261020668468
2023-10-04,0.006332253275606936
2023-10-05,0.0010180446820657885
2023-10-06,-0.006584665524180688
2023-10-09,-0.010261925267970318
2023-10-10,0.0008148728180801257
2023-10-11,0.006538521276051368
2023-10-12,0.0013607950703700133
2023-10-13,0.0019314892709412224
2023-10-16,-0.0009413109271647624
2023-10-17,-0.026456998566752432
2023-10-18,-0.0166788410232942
2023-10-19,0.007458034905047706
2023-10-20,0.0011930812628944132
2023-10-23,-0.001565262111228205
2023-10-24,0.003522750459427293
2023-10-25,-0.001494715041015282
2023-10-26,-0.0003351016976831378
2023-10-27,0.009970821854074163
2023-10-30,0.009525757452450767
2023-10-31,-0.0046613163493808285
2023-11-01,0.0017475485691689219
2023-11-02,0.015858748497489694
2023-11-03,0.010379756553574815
2023-11-06,0.0016508956392220497
2023-11-07,-0.001680585438379456
2023-11-08,0.0010369016431579503
2023-11-09,0.012749342978804146
2023-11-10,0.011635858263565835
2023-11-13,-0.008056033580560173
2023-11-14,0.01812998620053552
2023-11-15,0.005542412830786603
2023-11-16,-0.0064012291411902345
2023-11-17,-0.0004733230957977286
2023-11-20,-0.002463561214532617
2023-11-21,-0.012068975776097002
2023-11-22,0.0023609811842166817
2023-11-24,-0.002483875540811642
2023-11-27,-0.0007586962186847401
2023-11-28,-0.014104992561610463
2023-11-29,0.010414584093256574
2023-11-30,-0.00017794204944099334
2023-12-01,-0.00340527502916832
2023-12-04,0.007292308214881915
2023-12-05,-0.010803923621849343
2023-12-06,-0.00576019487824142
2023-12-07,-0.005098271042169977
2023-12-08,-0.003632368679282294
2023-12-11,-0.01085886092672339
2023-12-12,0.0014610904032148486
2023-12-13,-0.0009532374424648937
2023-12-14,0.0062782817446254136
2023-12-15,0.006159880475584023
2023-12-18,-0.007729054750950315
2023-12-19,0.008456040178576707
2023-12-20,0.004116309494327508
2023-12-21,0.016145331724055634
2023-12-22,-0.010927724846427012
2023-12-26,0.0006324275954525671
2023-12-27,0.009352432136178424
2023-12-28,-0.004575713353064836
2023-12-29,0.002365384434649398
2024-01-02,0.02231657588702607
2024-01-03,-0.019231844145152555
2024-01-04,0.004235349105687458
2024-01-05,0.001902091775696002
2024-01-08,0.003310000052204387
2024-01-09,-0.009237030518770895
2024-01-10,0.00715072806023298
2024-01-11,0.0111813084128074
2024-01-12,0.007646768397463921
2024-01-16,-0.007503946630870173
2024-01-17,-0.020620009634860215
2024-01-18,0.02250224565856951
2024-01-19,0.0020343139226501883
2024-01-22,0.0007437922094029048
2024-01-23,0.010394849633732495
2024-01-24,0.01681663825980384
2024-01-25,0.010838207384749277
2024-01-26,-0.011990389917845401
2024-01-29,-0.004521929492511068
2024-01-30,-0.012696563499593583
2024-01-31,-0.013200870587258384
2024-02-01,0.007909248874781616
2024-02-02,0.0031506528483320473
2024-02-05,-0.004587595330217575
2024-02-06,0.00513727002479758
2024-02-07,0.011838298340567377
2024-02-08,0.002860624955919766
2024-02-09,0.014937721285367855
2024-02-12,0.00015183635734117296
2024-02-13,-0.03347587384585471
2024-02-14,0.014659763824586447
2024-02-15,0.004738603063521696
2024-02-16,0.007100755065471809
2024-02-20,-0.008231930554442712
2024-02-21,-0.055140312418421544
2024-02-22,0.05954524317041021
2024-02-23,0.0
2024-02-26,0.0
2024-02-27,0.0
2024-02-28,0.0
2024-02-29,0.0
2024-03-01,-0.014841608628195502
2024-03-04,0.009285898320496644
2024-03-05,-0.007026967638727899
2024-03-06,0.04513433435563541
2024-03-07,0.023634072831582476
2024-03-08,0.01533208937932562
2024-03-11,-0.01847740118424257
2024-03-12,0.007157573831203745
2024-03-13,-0.004398647345605244
2024-03-14,-0.009969584451378855
2024-03-15,-0.017484008099230564
2024-03-18,0.016804458238641073
2024-03-19,-0.024476384755047764
2024-03-20,0.00625785121713518
2024-03-21,0.025568572875797058
2024-03-22,-0.004495061308051329
2024-03-25,0.0054094077417401465
2024-03-26,0.013102879959386415
2024-03-27,0.008771654042114108
2024-03-28,-0.005388150016605975
2024-04-01,0.003008712220346599
2024-04-02,-0.015819390690113955
2024-04-03,-0.00853373627853049
2024-04-04,0.014218957787019315
2024-04-05,0.006173618734736097
2024-04-08,0.017402072521014444
2024-04-09,0.017428146095568753
2024-04-10,-0.017509643108334028
2024-04-11,0.0055520652925240555
2024-04-12,-0.014721109020603862
2024-04-15,0.006124185137565297
2024-04-16,-0.004251111894639781
2024-04-17,0.0032570619870881945
2024-04-18,-0.0010796940069960348
2024-04-19,-0.02837896101624382
2024-04-22,0.021433659630570423
2024-04-23,0.022118104308325615
2024-04-24,0.027631997338402936
2024-04-25,-0.02335320651165318
2024-04-26,0.01785003781930028
2024-04-29,-0.0027041677080709148
2024-04-30,-0.003198737027510834
2024-05-01,-0.016362988459247774
2024-05-02,0.024793534448414034
2024-05-03,0.02798471074689135
2024-05-06,0.02396793245681761
2024-05-07,0.003514710422679368
2024-05-08,-0.006486897597431596
2024-05-09,-0.020938198853968415
2024-05-10,0.020559968023393882
2024-05-13,0.02267466639576554
2024-05-14,-0.006986210951894889
2024-05-15,0.01286514801485028
2024-05-16,0.0072228113222470025
2024-05-17,0.0051400851384020285
2024-05-20,0.01143995552582866
2024-05-21,-0.01794470502684342
2024-05-22,0.0017103870135346533
2024-05-23,0.05288893767752967
2024-05-24,0.0
2024-05-28,0.0
2024-05-29,0.0
2024-05-30,0.0
2024-05-31,0.0
2024-06-03,0.032862753413874124
2024-06-04,-0.0006995954017767758
2024-06-05,0.013791032068387388
2024-06-06,0.0001164377760549673
2024-06-07,-0.0034981710502899332
2024-06-10,-0.008916329734303452
2024-06-11,-0.0007686135301528951
2024-06-12,0.019234116056362494
2024-06-13,0.019725249782175158
2024-06-14,0.0016813511696214256
2024-06-17,0.01756997853012021
2024-06-18,0.008682915410188619
2024-06-20,0.01619420053714471
2024-06-21,-0.033172308652531846
2024-06-24,-0.008974732986537615
2024-06-25,0.012365763388142215
2024-06-26,0.006757715089198868
2024-06-27,-0.025828002933725003
2024-06-28,0.0037024087471579925
2024-07-01,-0.003186203265198362
2024-07-02,-0.012656386468870129
2024-07-03,-0.0023474644146148638
2024-07-05,0.010188529249821165
2024-07-08,0.0044522168356753156
2024-07-09,0.01015984273085535
2024-07-10,0.011193776927579169
2024-07-11,0.006570103444695441
2024-07-12,0.004936559197494805
2024-07-15,0.004983987902888565
2024-07-16,0.006543445695979866
2024-07-17,-0.04351949422526735
2024-07-18,0.025678600626447556
2024-07-19,0.010220057071857136
2024-07-22,0.01716400121279027
2024-07-23,-0.00404842575878317
2024-07-24,-0.025093512747566216
2024-07-25,-0.016390385870391877
2024-07-26,0.03497874254085942
2024-07-29,-0.003146473080203771
2024-07-30,0.004907571518024678
2024-07-31,0.07413020862836417
2024-08-01,0.0
2024-08-02,0.0
2024-08-05,0.0
2024-08-06,0.0
2024-08-07,0.0
2024-08-08,0.03713333073654623
2024-08-09,0.0001534467771349135
2024-08-12,0.006471700460339624
2024-08-13,0.02434216526967159
2024-08-14,0.0243742669412228
2024-08-15,0.019504441356829716
2024-08-16,-0.003884683586646398
2024-08-19,-0.0017139149456473213
2024-08-20,-0.0056537536975137526
2024-08-21,0.002261253591082868
2024-08-22,0.017242059108940166
2024-08-23,0.011953735079014871
2024-08-26,-0.005054591326788094
2024-08-27,-0.011645801358185048
2024-08-28,-0.006222098064465498
2024-08-29,-0.01014624938457287
2024-08-30,0.017911296242905328
2024-09-03,-0.02194113824437738
2024-09-04,-0.013772893735405023
2024-09-05,-0.01428466417124541
2024-09-06,-0.018376320537223267
2024-09-09,0.01961229452916413
2024-09-10,0.005142011313357786
2024-09-11,0.004215778078762167
2024-09-12,-0.0018630508820283165
2024-09-13,0.006169893882441491
2024-09-16,-0.013451973307504028
2024-09-17,0.008584158692879651
2024-09-18,0.0056674652733204045
2024-09-19,0.03668995785935181
2024-09-20,-0.007938747411307512
2024-09-23,0.0043012183930273284
2024-09-24,0.0041086182797343
2024-09-25,-0.00011851711640797902
2024-09-26,0.02308887661781811
2024-09-27,0.0024625254702812516
2024-09-30,-0.014912343471493505
2024-10-01,-0.0005742527207839299
2024-10-02,-0.000505704029030718
2024-10-03,0.0025057077258685556
2024-10-04,0.020213874215723404
2024-10-07,-0.003166126632680566
2024-10-08,0.004911877941915277
2024-10-09,-0.000630630539964705
2024-10-10,-0.007225462682989736
2024-10-11,-0.012195820627924792
2024-10-14,0.010247085281352541
2024-10-15,-0.004738806162889464
2024-10-16,0.016252579321588634
2024-10-17,0.023876140730150874
2024-10-18,0.004793979347034405
2024-10-21,-0.0007810545311737194
2024-10-22,-0.00688553283637372
2024-10-23,-0.010843149500167737
2024-10-24,0.009939792796416436
2024-10-25,0.0114074340823489
2024-10-28,-5.217385519562523e-05
2024-10-29,0.0008947695368970443
2024-10-30,-0.01324304236732321
2024-10-31,-0.014316229145491799
2024-11-01,0.0030769068005225275
2024-11-04,-0.032582184371698464
2024-11-05,0.025392690878276447
2024-11-06,0.061613934514623825
2024-11-07,0.0
2024-11-08,0.0
2024-11-11,0.0
2024-11-12,0.0
2024-11-13,0.0
2024-11-14,0.020018516517923413
2024-11-15,0.004529317931432741
2024-11-18,0.001386696155010414
2024-11-19,0.0011090474036958842
2024-11-20,0.03140654530185705
2024-11-21,0.054057129242065516
2024-11-22,0.0
2024-11-25,0.0
2024-11-26,0.0
2024-11-27,0.0
2024-11-29,0.0
2024-12-02,0.007278012693688218
2024-12-03,0.0037392794008039854
2024-12-04,0.01772681169766832
2024-12-05,0.002521769175459543
2024-12-06,-0.0017474638287254818
2024-12-09,-0.010910544867687832
2024-12-10,0.005312979623947278
2024-12-11,0.02631747157611497
2024-12-12,-0.011621733706838167
2024-12-13,0.07379842684426552
2024-12-16,0.0
2024-12-17,0.0
2024-12-18,0.0
2024-12-19,0.0
2024-12-20,0.0
2024-12-23,0.01329043795367224
2024-12-24,0.011414484992437579
2024-12-26,-0.0037032978609328193
2024-12-27,-0.005950077711361357
2024-12-30,-0.02076748202289802
2024-12-31,0.002241713873048834
2025-01-02,0.013703503649459714
2025-01-03,0.008776963447088004
2025-01-06,0.03630954688195387
2025-01-07,0.02632382710971659
2025-01-08,0.010325505347138053
2025-01-10,-0.01357564084829388
2025-01-13,-0.03268330158111543
2025-01-14,0.015927393206594864
2025-01-15,0.017614185478029842
2025-01-16,0.020077693753506543
2025-01-17,0.025558380127093994
2025-01-21,0.008200789654814411
2025-01-22,0.017358235858885074
2025-01-23,-0.021586821695515068
2025-01-24,0.010834055399162157
2025-01-27,-0.11119469746708066
2025-01-28,0.02472681679032851
2025-01-29,0.0021012988016340106
2025-01-30,0.024302195616018096
2025-01-31,0.0007929565634856584
2025-02-03,-0.03298384789186337
2025-02-04,0.00011224275139598561
2025-02-05,0.02499337898078169
2025-02-06,0.015066420230962052
2025-02-07,0.010345288040527034
2025-02-10,0.007650753858471582
2025-02-11,-0.011938739984889257
2025-02-12,-0.029488194897965614
2025-02-13,0.0020401020439195783
2025-02-14,0.010719266386840065
2025-02-18,0.012054587087171997
2025-02-19,-0.003943887349432629
2025-02-20,0.0005849762716105822
2025-02-21,-0.00028294103789983094
2025-02-24,0.009844195840373438
2025-02-25,-0.0019440985586068882
2025-02-26,0.025977378269152362
2025-02-27,0.016682707281219233
2025-02-28,-0.01232398470721574
2025-03-03,0.011637089642762222
2025-03-04,-0.00792605716151984
2025-03-05,0.015829077004316794
2025-03-06,-0.04110060381473779
2025-03-07,0.021238945830801326
2025-03-10,-0.029501036243219203
2025-03-11,0.009675948441254967
2025-03-12,0.04001081079695945
2025-03-13,-0.0029828045207693776
2025-03-14,0.03076553540129523
2025-03-17,-0.008943674841859206
2025-03-18,-0.015136405445890677
2025-03-19,0.003547890008830379
2025-03-20,-0.010234136466846233
2025-03-21,-0.024081534376297675
2025-03-24,0.015621792704821447
2025-03-25,-0.005601952618098038
2025-03-26,-0.0018046504620237158
2025-03-27,-0.013818058561605118
2025-03-28,-0.0024598444216665794
2025-03-31,-0.031699087996770015
2025-04-01,0.0046117014816864366
2025-04-02,-0.0194181465977733
2025-04-03,-0.06460123111038063
2025-04-04,-0.038648443760740614
2025-04-07,-0.032329622114211976
2025-04-08,0.06596230811440473
2025-04-09,0.0005380331097957214
2025-04-10,0.010151675393550441
2025-04-11,0.0017272970510022745
2025-04-14,-0.01010491782651557
2025-04-15,-0.0009732020643549166
2025-04-16,-0.036298330450974525
2025-04-17,0.004520176087221772
2025-04-21,-0.012409853744105748
2025-04-22,0.00519485931423791
2025-04-23,0.030120927349448046
2025-04-24,-0.002139275200250701
2025-04-25,0.0004584362165716005
2025-04-28,-0.0002843693603484798
2025-04-29,0.0022246739084430533
2025-04-30,0.0080116062675748
2025-05-01,0.021090031977154977
2025-05-02,0.017703498223403225
2025-05-05,-0.0093695714683254
2025-05-06,-0.010757350026123214
2025-05-07,-0.0011175069687012762
2025-05-08,0.008170431972537529
2025-05-09,0.001909706142189549
2025-05-12,0.03377279754486984
2025-05-13,-0.0011848430849813463
2025-05-14,-0.0009933677834764731
2025-05-15,0.001895532982721937
2025-05-16,-0.0009513805651085727
2025-05-19,0.006351573582712433
2025-05-20,-0.007608457501544819
2025-05-21,-0.006087936850594944
2025-05-22,-0.0024275995164603215
2025-05-23,-0.021326414785089343
2025-05-27,0.01977109774673913
2025-05-28,0.004532348476906867
2025-05-29,0.03577011175368927
2025-05-30,-0.004775829889206773
2025-06-02,0.0029363195293887756
2025-06-03,0.03246372818186649
2025-06-04,-0.007281841193829797
2025-06-05,0.0023008415553682493
2025-06-06,-0.004647943351716921
2025-06-09,-0.001119171582514289
2025-06-10,0.001129352027506858
2025-06-11,0.008729538268709147
2025-06-12,-0.005217290027289101
2025-06-13,-0.012709148480509747
2025-06-16,0.005717014281237276
2025-06-17,-0.0031951166119368324
2025-06-18,0.0038135890595902833
2025-06-20,0.007890347887443916
2025-06-23,0.0017992027017921242
2025-06-24,0.011318644230589259
2025-06-25,0.006235945985082703
2025-06-26,0.003750480463338146
2025-06-27,0.005789979963559233
2025-06-30,0.012630706089208354
2025-07-01,-0.003837240471225467
2025-07-02,-0.00550664264610734
2025-07-03,0.003322282941070398
2025-07-07,-0.006242092863628312
2025-07-08,0.011926455718092699
2025-07-09,0.0013763777959314716
2025-07-10,0.008376406062093888
2025-07-11,-0.008047900632216942
2025-07-14,-0.014349546577558048
2025-07-15,0.014598298728099035
2025-07-16,-0.013374845043694683
2025-07-17,-0.0062642881102126236
2025-07-18,0.008375695111843662
2025-07-21,0.0015084834130438818
2025-07-22,-0.0033878724329169385
2025-07-23,0.014783795631957197
2025-07-24,0.006767503128111807
2025-07-25,-0.005029391098144598
2025-07-28,0.01110755371687211
2025-07-29,0.008387071212296648
2025-07-30,0.004847807386447522
2025-07-31,-0.030490563480603083
2025-08-01,-0.029563417354068644
2025-08-04,0.017617106686894646
2025-08-05,0.023919618588568836
2025-08-06,-0.025347165696596785
2025-08-07,0.0143253259339573
2025-08-08,0.009246982140129756
2025-08-11,-0.007307692715492253
2025-08-12,0.007345963853891746
2025-08-13,0.01208666147958204
2025-08-14,-0.015217436121146233
2025-08-15,-0.004280474581325189
2025-08-18,-0.004706007106211829
2025-08-19,-0.010097837498590612
2025-08-20,-0.01731150655526803
2025-08-21,0.0027649831905744993
2025-08-22,-0.00949653478953738
2025-08-25,-0.009260644707849375
2025-08-26,0.007482485479513468
2025-08-27,0.0022292559670351597
2025-08-28,0.0032362347213346077
2025-08-29,-0.0097143093809694
2025-09-02,-0.02834854525524988
2025-09-03,0.003359410035530308
2025-09-04,-0.004212836804630138
2025-09-05,0.003518680757753412
2025-09-08,0.0032937698182367026
2025-09-09,0.004493223319889106
2025-09-10,0.03576940736610501
2025-09-11,0.017458288528827248
2025-09-12,0.011452864466716894
2025-09-15,-0.0011036135077717724
2025-09-16,0.0005470038364030483
2025-09-17,-0.00783831044990091
2025-09-18,-0.007081410537923327
2025-09-19,-0.013069801644199908
2025-09-22,0.0006837551968770228
2025-09-23,0.00958008234047858
2025-09-24,0.004128312020183156
2025-09-25,-0.023633900668843744
2025-09-26,0.0019115647137868397
2025-09-29,0.011051602226582746
2025-09-30,-0.0005267682379844763
2025-10-01,-0.0072084265467659
2025-10-02,0.020642281712603516
2025-10-03,0.007446207750432032
2025-10-06,0.017393338896298127
2025-10-07,0.0074323213206151095
2025-10-08,0.013269295454368057
2025-10-09,-0.002911462777163698
2025-10-10,-0.0004902673286792947
2025-10-13,0.052845903588519816
2025-10-14,0.0
2025-10-15,0.0
2025-10-16,0.0
2025-10-17,0.0
2025-10-20,0.0
2025-10-21,-0.0038285636970115666
2025-10-22,0.0065010155082052545
2025-10-23,0.0008769236302259564
2025-10-24,0.026804329791445758
2025-10-27,0.018835832810944586
2025-10-28,0.0037637290417469327
2025-10-29,0.008451493318440306
2025-10-30,-0.00397074829129751
2025-10-31,0.011969643552769416
2025-11-03,0.02066336147975134
2025-11-04,-0.03348276300528119
2025-11-05,0.001607677873001201
2025-11-06,-0.0021926815672062006
2025-11-07,-0.016806191979527818
2025-11-10,0.03442104226224507
2025-11-11,-0.009157393651396006
2025-11-12,0.03290483822166945
2025-11-13,-0.014185168434991957
2025-11-14,-0.0266336126971517
2025-11-17,-0.00793141513979334
2025-11-18,-0.013561841674102793
2025-11-19,-0.0021573539666250863
2025-11-20,0.030908461351155436
2025-11-21,0.008149512685732274
2025-11-24,0.022615760945060792
2025-11-25,-0.021897955642099953
2025-11-26,0.014345726802221126
2025-11-28,0.01220795626036053
2025-12-01,-0.01820784466726122
2025-12-02,0.0026340014080510343
2025-12-03,-0.004106644293593864
2025-12-04,-0.006564933457853583
2025-12-05,0.009715767188696711
2025-12-08,0.020978309701953135
2025-12-09,-0.005338932129899332
2025-12-10,0.0007946952950688146
2025-12-11,-0.014760458655152298
2025-12-12,-0.029867985957883647
2025-12-15,0.012439789139069513
2025-12-16,-0.0071635580573382596
2025-12-17,0.012378653868335254
2025-12-18,0.06564613354805782
2025-12-19,0.0
2025-12-22,0.0
2025-12-23,0.0
2025-12-24,0.0
2025-12-26,0.0
2025-12-29,-0.013602772206181557
2025-12-30,0.001328938412779701
2025-12-31,0.0012438287982157181
2026-01-02,0.025163351119739108
2026-01-05,0.029488781458760993
2026-01-06,0.01418947466732945
2026-01-07,-0.013146813922932266
2026-01-08,0.004340630907292198
2026-01-09,0.013671522643246004
2026-01-12,-0.011069681976643375
2026-01-13,0.010796074532978261
2026-01-14,-0.013470855081039068
2026-01-15,0.04929792755243412
2026-01-16,0.032429625133782336
2026-01-20,-0.013595494375674533
2026-01-21,0.013977866309919929
2026-01-22,0.01951729126310142
2026-01-23,0.0051609101253040635
2026-01-26,-0.005631761978323935
2026-01-27,0.0260296014647039
2026-01-28,0.016618361939766624
2026-01-29,0.014053981957428574
2026-01-30,-0.017240287357797923
2026-02-02,-0.0037066514170714937
2026-02-03,0.012454295800403914
2026-02-04,-0.0073950292537903195
2026-02-05,-0.01370595977388167
2026-02-06,0.012701315978221661
2026-02-09,-0.014041882707494624
2026-02-10,-0.003804418442585833
2026-02-11,0.039237411255630184
2026-02-12,0.011297475706343985
2026-02-13,0.0018683701900492622
2026-02-17,-0.017773588949675734
2026-02-18,0.004816949955729122
2026-02-19,-0.019164106077460996
2026-02-20,-0.0036813517278107
2026-02-23,-0.003566252519763058
2026-02-24,0.011303237019812284
2026-02-25,0.019941873091920748
2026-02-26,-0.010831322292787049
2026-02-27,-0.026470699000288866
2026-03-02,-0.022920522113173525
2026-03-03,-0.05059020813848858
2026-03-04,0.02697081673753865
2026-03-05,-0.014912350029033017
2026-03-06,-0.0448899508929973
2026-03-09,-0.017320726807959708
2026-03-10,0.004673732660694707
2026-03-11,0.007169170401006175
2026-03-12,-0.021370302344838832
2026-03-13,0.016581754408343308
2026-03-16,0.030722396662714146
2026-03-17,0.009820052881180485
2026-03-18,0.003493463874467917
2026-03-19,-0.044566186762228455
2026-03-20,0.0025964156887470224
2026-03-23,0.015569811035837544
2026-03-24,-0.010375725662382096
2026-03-25,-0.01697888228775357
2026-03-26,-0.031439103481445296
2026-03-27,0.00014873302188722626
2026-03-30,0.01693733158761712
2026-03-31,0.015876059001669773
2026-04-01,0.017128296772932927
2026-04-02,-0.05868233884292451
2026-04-06,0.011898846273018737
2026-04-07,-0.011069331182257058
2026-04-08,0.08361272035763978
2026-04-09,0.0
2026-04-10,0.0
2026-04-13,0.0
2026-04-14,0.0
2026-04-15,0.0
2026-04-16,-0.00899048160567617
2026-04-17,0.022678453011893973
2026-04-20,0.002260753646204039
2026-04-21,0.004153623903746073
2026-04-22,0.019043019858235866
2026-04-23,-0.001960998614866316
2026-04-24,0.028440271772278702
2026-04-27,0.008431455101317153
2026-04-28,-0.0385073825398492
2026-04-29,0.019338216966890087
2026-04-30,0.014700155955328142
2026-05-01,-0.011242394537874345
2026-05-04,0.015850956442924335
2026-05-05,0.021393695450455663
2026-05-06,0.019062072021540866
2026-05-07,-0.015826423194506445
2026-05-08,0.026603437648825556
2026-05-11,0.03499310474678796
2026-05-12,-0.02925035224151873
2026-05-13,0.045236172754111736
2026-05-14,-0.023941511482805322
2026-05-15,-0.05025324054432656
2026-05-18,0.029453909512578313
2026-05-19,-0.023352614442188946
2026-05-20,0.03993539375812216
2026-05-21,-0.00821759138427558
2026-05-22,0.006667760939809364
2026-05-26,0.056066800792801796
2026-05-27,0.0
2026-05-28,0.0
2026-05-29,0.0
2026-06-01,0.0
2026-06-02,0.0
2026-06-03,0.06165808274278528
2026-06-04,0.0
2026-06-05,0.0
2026-06-08,0.0
2026-06-09,0.0
2026-06-10,0.0
2026-06-11,0.035338712309412657
2026-06-12,-0.019376884614553336
2026-06-15,0.058660881411373156
2026-06-16,0.0
2026-06-17,0.0
2026-06-18,0.0
2026-06-22,0.0
2026-06-23,0.0
2026-06-24,0.015066923945805222
2026-06-25,0.09655339599098323
2026-06-26,0.0
2026-06-29,0.0
2026-06-30,0.0
2026-07-01,0.0
2026-07-02,0.0
2026-07-06,0.029894882607353734
2026-07-07,-0.05618188435802962
2026-07-08,-0.02701118458774099
2026-07-09,0.058603943493648725
2026-07-10,0.0
2026-07-13,0.0
2026-07-14,0.0
2026-07-15,0.0
2026-07-16,0.0
2026-07-17,-0.03936335604586427
2026-07-20,0.030936714965019707
2026-07-21,0.06227842271287476
2026-07-22,0.0
2026-07-23,0.0
2026-07-24,0.0
2026-07-27,0.0
2026-07-28,0.0
2026-07-29,0.005268032429812219
2026-07-30,0.07382810759030112
2026-07-31,0.0
2026-08-03,0.0
2026-08-04,0.0
2026-08-05,0.0
2026-08-06,0.0
2026-08-07,0.027741730624167626
2026-08-10,0.004188741087912895
2026-08-11,0.013363501592422722
2026-08-12,0.048223511787270024
2026-08-13,0.0015548906059250633
2026-08-14,0.01245144416305144
