index,return
2000-01-03,0.0
2000-01-04,0.0
2000-01-05,-0.03146565419625669
2000-01-06,0.022222028907675107
2000-01-07,-0.03002034519437935
2000-01-10,0.03904603835924303
2000-01-11,-0.004974965788644092
2000-01-12,-0.0016024210408207562
2000-01-13,0.016048628548770427
2000-01-14,-0.007556941749504942
2000-01-18,0.004050697901967881
2000-01-19,0.014978128467705742
2000-01-20,0.08118162035656606
2000-01-21,0.017016850099596637
2000-01-24,0.012278492626902615
2000-01-25,-0.0012683450924106943
2000-01-26,-0.03894890829339104
2000-01-27,0.02576637450170005
2000-01-28,-0.0131479929740278
2000-01-31,0.01734366050165348
2000-02-01,0.009711662435424095
2000-02-02,0.013830454750696441
2000-02-03,0.03533902068446371
2000-02-04,0.022866969533980708
2000-02-07,0.004321955719476467
2000-02-08,0.011939634507820651
2000-02-09,0.025078507126505167
2000-02-10,0.0498796954192644
2000-02-11,0.028856561940385328
2000-02-14,-0.03301331638152494
2000-02-15,0.026816082804897556
2000-02-16,0.028210668443517273
2000-02-17,0.007841465261909653
2000-02-18,-0.014242917315935966
2000-02-22,-0.049140769751609414
2000-02-23,-0.004456371505661361
2000-02-24,0.018358487344620977
2000-02-25,-0.0019547685228743505
2000-02-28,-0.0008330014251554108
2000-02-29,0.03258327974449182
2000-03-01,0.04799091906613673
2000-03-02,0.0
2000-03-03,0.0
2000-03-06,0.0
2000-03-07,0.0
2000-03-08,0.0
2000-03-09,0.0
2000-03-10,0.0
2000-03-13,0.0
2000-03-14,0.0
2000-03-15,0.0
2000-03-16,0.0
2000-03-17,0.0
2000-03-20,0.0
2000-03-21,0.0
2000-03-22,0.0
2000-03-23,0.0
2000-03-24,0.0
2000-03-27,0.0
2000-03-28,0.0
2000-03-29,0.0
2000-03-30,0.0
2000-03-31,0.0
2000-04-03,0.0
2000-04-04,0.03594671524251103
2000-04-05,-0.011960620630530161
2000-04-06,0.0970684799667072
2000-04-07,0.05270443462101526
2000-04-10,0.014454750816393913
2000-04-11,-0.05685140619647644
2000-04-12,-0.01626954142477144
2000-04-13,0.027175590743232947
2000-04-14,-0.07282028076084357
2000-04-17,-0.05986614414110658
2000-04-18,0.05428559378637443
2000-04-19,0.028233583066698875
2000-04-20,0.029203251297217347
2000-04-24,-0.08274821638210494
2000-04-25,0.0573398558881717
2000-04-26,0.034795271111246695
2000-04-27,-0.08778596092376789
2000-04-28,0.02188198428889665
2000-05-01,0.034359543719208796
2000-05-02,-0.0011020723354102646
2000-05-03,-0.01421409853513822
2000-05-04,-0.009089572246569144
2000-05-05,-0.007465265644087116
2000-05-08,-0.018049407156987662
2000-05-09,0.017313762638085928
2000-05-10,-0.017355718021421884
2000-05-11,0.027402762134106196
2000-05-12,0.023653572848951088
2000-05-15,0.0004141739553547019
2000-05-16,0.039603209204624346
2000-05-17,0.05104248785150878
2000-05-18,0.0007128347475562347
2000-05-19,-0.02093697997566013
2000-05-22,-0.007341391230154204
2000-05-23,-0.003582388461499275
2000-05-24,0.00257138295871151
2000-05-25,0.05087407325183202
2000-05-26,0.009820516543808777
2000-05-30,0.06978411535325746
2000-05-31,0.008853993552168316
2000-06-01,0.048909431571898976
2000-06-02,0.15219501418205383
2000-06-05,-0.01755756488397664
2000-06-06,-0.017751936645959976
2000-06-07,0.0029600766901518583
2000-06-08,0.04696029047903383
2000-06-09,0.026159404940102826
2000-06-12,0.01679510563809461
2000-06-13,-0.028282078621371887
2000-06-14,0.020554557093575454
2000-06-15,-0.0054740855544817
2000-06-16,0.011881796135486455
2000-06-19,0.012354696080784988
2000-06-20,0.012535194315660636
2000-06-21,-0.022284015004332525
2000-06-22,0.01707224154333442
2000-06-23,-0.012751021496576032
2000-06-26,0.020308624683955667
2000-06-27,0.012740197462423719
2000-06-28,0.022138062755841403
2000-06-29,-0.06823631659787899
2000-06-30,0.03127118236822346
2000-07-03,0.03559405330325993
2000-07-05,-0.06449315337122419
2000-07-06,-0.003593342746669559
2000-07-07,0.012456698833524182
2000-07-10,-0.010227164397964228
2000-07-11,-0.009784610924598036
2000-07-12,0.05478853427711727
2000-07-13,0.06126787638894693
2000-07-14,0.04807525421325809
2000-07-17,0.011252357369567312
2000-07-18,-0.05546682766648847
2000-07-19,-0.026953598864217554
2000-07-20,-0.00843500987529866
2000-07-21,-0.04699013311749067
2000-07-24,0.0164851423572705
2000-07-25,0.029805672644690695
2000-07-26,-0.03114953052241254
2000-07-27,-0.07444907408419077
2000-07-28,0.013495458794465343
2000-07-31,0.0686890117168093
2000-08-01,-0.008755127877636104
2000-08-02,-0.01711551851022819
2000-08-03,-0.12948980537724653
2000-08-04,0.037710011350984285
2000-08-07,-0.004514101926636038
2000-08-08,-0.005758639802970533
2000-08-09,0.0461218726671353
2000-08-10,-0.04647586359824862
2000-08-11,-0.005872340789011998
2000-08-14,0.04521137062028169
2000-08-15,0.017749000485695055
2000-08-16,0.050350465038715875
2000-08-17,-0.031476688061768954
2000-08-18,0.022145521632052967
2000-08-21,0.02956337677253762
2000-08-22,-0.03167374347935681
2000-08-23,-0.005540480044659013
2000-08-24,0.00835111015231993
2000-08-25,-0.011697801755515602
2000-08-28,0.012302956177593138
2000-08-29,0.002479172363782478
2000-08-30,-0.012292427141593953
2000-08-31,0.008872647704988523
2000-09-01,0.03498271260423991
2000-09-05,0.03428335137288374
2000-09-06,-0.05793022047280416
2000-09-07,0.025375178782220065
2000-09-08,-0.014915706845246013
2000-09-11,-0.04027646792890449
2000-09-12,0.02434503077574668
2000-09-13,-0.025152805564223835
2000-09-14,0.03081744288690791
2000-09-15,-0.008780170869033266
2000-09-18,0.02067171397836587
2000-09-19,-0.009079823224975914
2000-09-20,-0.022977509868530643
2000-09-21,-0.021775656584000602
2000-09-22,-0.11650986649723949
2000-09-25,0.02802877717209573
2000-09-26,0.023106043972469292
2000-09-27,0.023858857425604008
2000-09-28,-0.020130993764458927
2000-09-29,-0.04679601727027549
2000-10-02,0.024590634122797494
2000-10-03,0.050715937400491296
2000-10-04,-0.0016227718422937576
2000-10-05,-0.020649857391429993
2000-10-06,0.016673565218434216
2000-10-09,0.00976418814622293
2000-10-10,-0.04512644747461647
2000-10-11,-0.07108827127035111
2000-10-12,0.0624628108177383
2000-10-13,-0.022329460975130777
2000-10-16,-0.008777073694105297
2000-10-17,-0.08538171678921147
2000-10-18,-0.05183588168403608
2000-10-19,0.17827775980547278
2000-10-20,-0.019796652467582998
2000-10-23,-0.008260277947236272
2000-10-24,-0.04473317771714902
2000-10-25,-0.051922695279047915
2000-10-26,0.019927660999419228
2000-10-27,0.017958280051824538
2000-10-30,-0.017053653106781752
2000-10-31,0.08388317984951454
2000-11-01,-0.055144299754051995
2000-11-02,0.054406898435536366
2000-11-03,0.017746882099788586
2000-11-06,0.05256641451324828
2000-11-07,0.01784535360425976
2000-11-08,0.012423286448081994
2000-11-09,-0.08155941665248279
2000-11-10,0.0011584431528179895
2000-11-13,-0.07481474120848652
2000-11-14,0.0996057815932867
2000-11-15,0.021197580309796793
2000-11-16,-0.05267049119115352
2000-11-17,0.010187868673006806
2000-11-20,-0.0496004609759938
2000-11-21,0.03932030053791191
2000-11-22,0.016529732831245703
2000-11-24,0.0690793641650358
2000-11-27,0.07804047006100423
2000-11-28,0.0013531715753949403
2000-11-29,0.007578470521184988
2000-11-30,-0.17136639764063022
2000-12-01,0.0710329814870363
2000-12-04,0.03522747469967036
2000-12-05,0.06848021646564062
2000-12-06,0.013078703468823782
2000-12-07,-0.06691319651918848
2000-12-08,0.1605536201816553
2000-12-11,-0.012792883798869004
2000-12-12,-0.011755113695444797
2000-12-13,0.026165235265900977
2000-12-14,0.0038125977701739533
2000-12-15,-0.05325661619448363
2000-12-18,0.02939171270655372
2000-12-19,-0.0003543562076450124
2000-12-20,-0.08780362499567995
2000-12-21,-0.016402995431433975
2000-12-22,0.1026998169643305
2000-12-26,0.03241504335090495
2000-12-27,-0.008589989028888079
2000-12-28,-0.03799148129621566
2000-12-29,6.0028870003669965e-06
2001-01-02,0.043325056910985316
2001-01-03,-0.019794853027769288
2001-01-04,-0.017836405346314033
2001-01-05,0.005776676558346017
2001-01-08,-0.016572540653023604
2001-01-09,0.060914670975646734
2001-01-10,-0.03620196304640033
2001-01-11,-0.030102104488507364
2001-01-12,0.008992512138794595
2001-01-16,0.0035474262954915403
2001-01-17,0.14887896316301608
2001-01-18,0.01499073277916807
2001-01-19,0.051669201430017075
2001-01-22,-0.0475192028657333
2001-01-23,-0.01891642532008342
2001-01-24,0.0021415609564905402
2001-01-25,-0.020911643810103242
2001-01-26,-0.06860315155835506
2001-01-29,-0.010327647750166591
2001-01-30,0.027763772526858244
2001-01-31,-0.009471977230640305
2001-02-01,0.01605715813882047
2001-02-02,0.02201748478593446
2001-02-05,-0.016642402544616464
2001-02-06,0.027502784687991166
2001-02-07,-0.014203668337743558
2001-02-08,0.015908371122307585
2001-02-09,-0.014833007724073699
2001-02-12,-0.009330340174824148
2001-02-13,0.008104536246050564
2001-02-14,0.0013605365602875619
2001-02-15,0.0022392457321298576
2001-02-16,-0.0767796887485025
2001-02-20,0.019516832737110246
2001-02-21,-0.0611018948551334
2001-02-22,-0.009851360486186955
2001-02-23,-0.013270554342327712
2001-02-26,0.045783711774175506
2001-02-27,-0.023993767738141214
2001-02-28,0.01687794427157785
2001-03-01,-0.025277771574563235
2001-03-02,-0.10137081265858883
2001-03-05,0.031030980313145218
2001-03-06,0.12411860454034751
2001-03-07,0.020848375096298444
2001-03-08,-0.0205125610513337
2001-03-09,-0.10204379895532578
2001-03-12,-0.03820659472508925
2001-03-13,0.056572222814080364
2001-03-14,-0.08186450302482595
2001-03-15,0.08472375632632789
2001-03-16,-0.014755752220424356
2001-03-19,0.00018446167767693922
2001-03-20,0.0029712269189037244
2001-03-21,-0.006397123866649368
2001-03-22,0.06403519144996817
2001-03-23,0.05032598142644429
2001-03-26,0.0014955562368301756
2001-03-27,-0.03468969483659523
2001-03-28,-0.06024601966357124
2001-03-29,-0.016641721154524003
2001-03-30,-0.03413400300837244
2001-04-02,-0.006252367949190596
2001-04-03,0.0
2001-04-04,0.0
2001-04-05,0.0
2001-04-06,0.0
2001-04-09,0.0
2001-04-10,0.0
2001-04-11,0.0
2001-04-12,0.0
2001-04-16,0.0
2001-04-17,0.0
2001-04-18,0.0
2001-04-19,0.0
2001-04-20,0.0
2001-04-23,0.0
2001-04-24,0.0
2001-04-25,0.0
2001-04-26,0.0
2001-04-27,0.0
2001-04-30,0.0
2001-05-01,0.0
2001-05-02,0.04367151462988139
2001-05-03,-0.0884539565271425
2001-05-04,-0.07651198554196925
2001-05-07,-0.0020774004382023703
2001-05-08,0.09590681982292182
2001-05-09,-0.051071002709983326
2001-05-10,0.09919277644793456
2001-05-11,0.016973043901113094
2001-05-14,-0.0008750848678020784
2001-05-15,0.01428944027927681
2001-05-16,-0.033721562957641615
2001-05-17,0.013376698737994852
2001-05-18,-0.012332405282174719
2001-05-21,-0.012793609271315676
2001-05-22,0.0027316900542901923
2001-05-23,0.007003671632187292
2001-05-24,-0.029648127768809096
2001-05-25,0.022615833016185194
2001-05-29,-0.020387450974159504
2001-05-30,-0.026393373477057613
2001-05-31,-0.006844515404621165
2001-06-01,0.03251350045047796
2001-06-04,-0.030959813733989705
2001-06-05,0.025003007174325687
2001-06-06,0.08809107278283324
2001-06-07,-0.02525318618448047
2001-06-08,0.027969399721856192
2001-06-11,-0.026200859489191042
2001-06-12,-0.06871582517498986
2001-06-13,0.008832597610052062
2001-06-14,-0.04334362545127346
2001-06-15,-0.034344126310709266
2001-06-18,0.006017093260717532
2001-06-19,0.06338827496646271
2001-06-20,-0.06996396638349833
2001-06-21,-0.005102419799257629
2001-06-22,-0.0003299442000050945
2001-06-25,0.050760005157648
2001-06-26,-0.02967231931546399
2001-06-27,-0.004053600788024525
2001-06-28,0.026721980086023445
2001-06-29,0.00838105288155
2001-07-02,-0.0005283966425791986
2001-07-03,-0.01949553096411427
2001-07-05,-0.048191251411356384
2001-07-06,-0.15716749301222133
2001-07-09,0.07216321797609493
2001-07-10,0.029235677909509317
2001-07-11,-0.016076956942257414
2001-07-12,0.09843115686599191
2001-07-13,-0.026745147831978122
2001-07-16,0.029194339286069404
2001-07-17,-0.04886576868824777
2001-07-18,-0.03174448915735828
2001-07-19,0.04294754935184031
2001-07-20,0.007166401121706301
2001-07-23,0.02509558287312741
2001-07-24,-0.034015500595232395
2001-07-25,0.005111374922795342
2001-07-26,0.0030080605771349855
2001-07-27,-0.019157296992823425
2001-07-30,0.040991641084617836
2001-07-31,0.04075380935261874
2001-08-01,0.13402371594850426
2001-08-02,0.03448995960112944
2001-08-03,-0.029147258925521058
2001-08-06,-0.04640287393720843
2001-08-07,-0.001626888958474515
2001-08-08,-0.007537508268978477
2001-08-09,-0.01891507928481395
2001-08-10,-0.004451349041886932
2001-08-13,0.03446048279667058
2001-08-14,-0.016913267938451715
2001-08-15,0.02545033071027558
2001-08-16,-0.027674079569588894
2001-08-17,-0.0438827806651213
2001-08-20,-0.013017952592409121
2001-08-21,0.010738091666258498
2001-08-22,0.032237577201622125
2001-08-23,0.003763172838377349
2001-08-24,0.025358925347539474
2001-08-27,-0.007718808023127632
2001-08-28,0.009378629471241462
2001-08-29,0.01860750741798811
2001-08-30,-0.02188865085227909
2001-08-31,-0.009461184380824772
2001-09-04,-0.029544803989043467
2001-09-05,-0.010888594605509838
2001-09-06,-0.02557612190186187
2001-09-07,-0.007914700311763445
2001-09-10,-0.0056395967781383005
2001-09-17,-0.2083703957458225
2001-09-18,0.014953608755221337
2001-09-19,0.047198535357767746
2001-09-20,-0.04720975502400393
2001-09-21,-0.10190410910595638
2001-09-24,0.09936529777072733
2001-09-25,-0.017949340988291484
2001-09-26,-0.02094789855512802
2001-09-27,-0.009583399791669778
2001-09-28,0.05750418089620868
2001-10-01,-0.0034398530605481703
2001-10-02,-0.021340569866651338
2001-10-03,-0.0208497067472182
2001-10-04,0.08197510916630169
2001-10-05,-0.05165757527150239
2001-10-08,-0.052591505446925035
2001-10-09,0.022870688483288326
2001-10-10,-0.010359476569831383
2001-10-11,0.07210716807764928
2001-10-12,-0.030759383819378816
2001-10-15,-0.06507942634544228
2001-10-16,-0.000828911472513072
2001-10-17,0.07975487126495207
2001-10-18,0.005308043166259324
2001-10-19,-0.004794601150655886
2001-10-22,-0.010795839882025704
2001-10-23,0.025249836408688164
2001-10-24,-0.0033608845762369555
2001-10-25,-0.03384489766669008
2001-10-26,-0.004597518721097815
2001-10-29,-0.026005562488066958
2001-10-30,-0.01697735406340073
2001-10-31,0.06898893697784936
2001-11-01,0.03814007460744029
2001-11-02,0.003946323404075303
2001-11-05,0.023018680284730086
2001-11-06,-0.010122855420794163
2001-11-07,-0.015395544953865636
2001-11-08,0.07807491145033918
2001-11-09,0.06496404715822823
2001-11-12,0.00441570299173466
2001-11-13,0.07093578517798216
2001-11-14,0.020291301151811103
2001-11-15,-0.007834438524229381
2001-11-16,-0.005613618862938874
2001-11-19,0.009608735272857993
2001-11-20,-0.019210543997156937
2001-11-21,-0.015771371422269476
2001-11-23,-0.001701224692375547
2001-11-26,0.029162518776903346
2001-11-27,-0.01708662593074939
2001-11-28,-0.012620514818619366
2001-11-29,0.04354255248785943
2001-11-30,-0.004896798936443791
2001-12-03,0.015907766511463972
2001-12-04,0.024233481463073137
2001-12-05,0.07158865371814027
2001-12-06,-0.016296647437745504
2001-12-07,0.052480497128558845
2001-12-10,-0.03215498947587503
2001-12-11,0.026506688051235683
2001-12-12,0.01808379598090326
2001-12-13,-0.06981324228694519
2001-12-14,0.002777264874461949
2001-12-17,0.0033493944697202682
2001-12-18,0.017364441438932676
2001-12-19,-0.055176339359575
2001-12-20,-0.009744868595110256
2001-12-21,0.014539713059062986
2001-12-24,0.0006192843682830684
2001-12-26,0.008974000260638215
2001-12-27,0.030422711289919357
2001-12-28,0.03626527771569488
2001-12-31,0.021823518407475095
2002-01-02,0.06032891863576517
2002-01-03,0.003141008471587936
2002-01-04,0.009717850747620549
2002-01-07,0.01111447170484925
2002-01-08,0.010472382924899382
2002-01-09,0.01857832812762794
2002-01-10,-0.007298274420510453
2002-01-11,0.009079143128871259
2002-01-14,-0.006537325557796958
2002-01-15,0.03376231788016959
2002-01-16,-0.018090396702684086
2002-01-17,0.034678411055736325
2002-01-18,-0.03845983267711317
2002-01-22,0.014432069966300975
2002-01-23,0.017091303509388256
2002-01-24,0.012342933586939608
2002-01-25,-0.022574290628617377
2002-01-28,0.018272965781964023
2002-01-29,0.006099337403211225
2002-01-30,0.011633127557852951
2002-01-31,0.015636042438624598
2002-02-01,-0.0025306666311170067
2002-02-04,-0.04264783270591632
2002-02-05,-0.03538748788345669
2002-02-06,0.0418619829273561
2002-02-07,0.0011064025363691776
2002-02-08,0.021480027942239133
2002-02-11,0.005518842352079778
2002-02-12,-0.022932744482732303
2002-02-13,0.01907936615487893
2002-02-14,0.008153773093618089
2002-02-15,-0.029071861242862984
2002-02-19,-0.051512274925593626
2002-02-20,-0.002774513831761083
2002-02-21,-0.011519885073049685
2002-02-22,-0.023891532444867414
2002-02-25,0.005578943269615166
2002-02-26,0.0011788523637317194
2002-02-27,0.023075742282902656
2002-02-28,-0.0028734190049466424
2002-03-01,0.007823479317553783
2002-03-04,0.004544606225959091
2002-03-05,-0.029291629613084846
2002-03-06,-0.0682421201034561
2002-03-07,0.013705495905488974
2002-03-08,0.040079513570410175
2002-03-11,-0.019133629565197263
2002-03-12,-0.03469240444691213
2002-03-13,-0.016850629878777057
2002-03-14,-0.03607705079065637
2002-03-15,0.0006088159395873927
2002-03-18,0.01964949654653325
2002-03-19,0.01153674674109717
2002-03-20,-0.019879651422835876
2002-03-21,0.017124242766333175
2002-03-22,0.00941285537415526
2002-03-25,-0.004690758066234202
2002-03-26,-0.012181165883063616
2002-03-27,-0.0499982585835409
2002-03-28,0.011896068989407649
2002-04-01,-0.03853005456615477
2002-04-02,-0.016019325077421542
2002-04-03,-0.0077996813163103695
2002-04-04,0.00046231701830556915
2002-04-05,0.006907404085278568
2002-04-08,-0.06048891330674022
2002-04-09,0.008769535077820079
2002-04-10,0.022402109528379732
2002-04-11,-0.03109685952004637
2002-04-12,0.011233206618316505
2002-04-15,0.011375696892877318
2002-04-16,0.04587901339485856
2002-04-17,0.03327077298018555
2002-04-18,-0.01359172259882091
2002-04-19,0.013661951139819939
2002-04-22,-0.011064739361625109
2002-04-23,0.02210334765069999
2002-04-24,0.06811915913018884
2002-04-25,-0.027697190825448526
2002-04-26,0.02075907684435685
2002-04-29,0.003944682625408369
2002-04-30,0.0017558420764860472
2002-05-01,-0.005355732485892273
2002-05-02,0.02325584827537508
2002-05-03,-0.002356296338008157
2002-05-06,-0.025305886363023777
2002-05-07,0.048468617895893296
2002-05-08,0.13066622561906716
2002-05-09,-0.01360213970065538
2002-05-10,0.013734259817821393
2002-05-13,0.040995284141033705
2002-05-14,0.13118878571558334
2002-05-15,-0.010222870747715551
2002-05-16,0.0004387225602093814
2002-05-17,0.03341831058039113
2002-05-20,0.0010472212286232185
2002-05-21,0.029386426300576973
2002-05-22,-0.010560072623544636
2002-05-23,0.00928760060895395
2002-05-24,-0.031481177821467754
2002-05-28,0.030200609359544606
2002-05-29,-0.035883352599099694
2002-05-30,-0.042786694295703365
2002-05-31,0.006711322295151589
2002-06-03,-0.0201503957891892
2002-06-04,-0.0042348121954013385
2002-06-05,-0.0017795383937455611
2002-06-06,-0.02603497874154015
2002-06-07,-0.1843160441818822
2002-06-10,0.01348495505635361
2002-06-11,0.026427849491811983
2002-06-12,-0.0008482601471826445
2002-06-13,-0.009261495091677618
2002-06-14,-0.04045231531251414
2002-06-17,0.0447052130374499
2002-06-18,-0.011069146215036074
2002-06-19,-0.1618698749433375
2002-06-20,-0.002432932332201432
2002-06-21,-0.022796111375178785
2002-06-24,-0.030668212770116332
2002-06-25,0.05686790122050844
2002-06-26,-0.17536744201575494
2002-06-27,0.0818168608607821
2002-06-28,-0.009261672128389575
2002-07-01,-0.004742264074068525
2002-07-02,-0.03757453533568633
2002-07-03,-0.045468963812462015
2002-07-05,0.14556153866559218
2002-07-08,-0.007423587457363268
2002-07-09,-0.012161810609597645
2002-07-10,0.038551685782376444
2002-07-11,-0.01828858260434274
2002-07-12,0.06412803407049461
2002-07-15,0.001956422002219238
2002-07-16,-0.016445908580831503
2002-07-17,0.06747076632122884
2002-07-18,-0.06250463531205341
2002-07-19,-0.03557794098068179
2002-07-22,-0.001967783823323188
2002-07-23,0.0329567307917209
2002-07-24,-0.034052225661474256
2002-07-25,-0.08114866261632159
2002-07-26,0.04532230417586813
2002-07-29,0.07427869329353398
2002-07-30,-0.013528035713583741
2002-07-31,-0.19609968039939796
2002-08-01,-0.006178612657854243
2002-08-02,0.021305841960291172
2002-08-05,0.027951055478404818
2002-08-06,0.08711833319892537
2002-08-07,0.09706641745452216
2002-08-08,-0.00835933752729845
2002-08-09,-0.06239613288030288
2002-08-12,-0.0397408905843033
2002-08-13,0.002172675235906585
2002-08-14,0.013365968971866371
2002-08-15,0.019745749495071463
2002-08-16,-0.03563078273421272
2002-08-19,0.04308048695823108
2002-08-20,-0.014344393335418926
2002-08-21,0.06801919387496902
2002-08-22,-0.028896349221460893
2002-08-23,-0.038313206634798314
2002-08-26,0.014830849194459983
2002-08-27,0.015622661053419584
2002-08-28,-0.027073575550983664
2002-08-29,-0.058034913758772566
2002-08-30,-0.01950211324537099
2002-09-03,-0.06017602510192288
2002-09-04,0.015414704422383574
2002-09-05,-0.039502001008198784
2002-09-06,0.09317906921522257
2002-09-09,-0.022556100572798
2002-09-10,0.024054820400488897
2002-09-11,0.05594422479709449
2002-09-12,-0.04390087153124089
2002-09-13,-0.05518873768171029
2002-09-16,-0.011013868276661398
2002-09-17,0.07307827089748131
2002-09-18,-0.022282742054846927
2002-09-19,-0.04817776066421331
2002-09-20,0.007853866534252907
2002-09-23,-0.06461177963287823
2002-09-24,-0.04905969403573118
2002-09-25,0.062223965178931806
2002-09-26,0.03201504317639969
2002-09-27,-0.01029287688766689
2002-09-30,-0.019540565035202517
2002-10-01,0.0332295631484365
2002-10-02,0.0018886714809611682
2002-10-03,-0.12482930885872023
2002-10-04,0.015054189577122123
2002-10-07,-0.006428036127233527
2002-10-08,0.05174144805945624
2002-10-09,-0.021821962549048224
2002-10-10,0.005445413709678437
2002-10-11,0.1135561071195712
2002-10-14,-0.039494406743013966
2002-10-15,0.17233758003977107
2002-10-16,-0.15132217190456732
2002-10-17,0.2978291091433136
2002-10-18,-0.011891909687170465
2002-10-21,0.038400865536272644
2002-10-22,-0.06616602110763137
2002-10-23,0.010531098134263672
2002-10-24,0.047926584630669344
2002-10-25,-0.046045012514809525
2002-10-28,0.09482354665780313
2002-10-29,-0.010804737124262775
2002-10-30,0.03267546439846547
2002-10-31,0.05024982432867975
2002-11-01,-0.0102604156421775
2002-11-04,0.027960181814669527
2002-11-05,-0.009080060344243135
2002-11-06,0.013362109232648356
2002-11-07,-0.020683723922327646
2002-11-08,0.002247662690850083
2002-11-11,-0.0026277861461246887
2002-11-12,0.006904908039141677
2002-11-13,-0.008460237423653094
2002-11-14,0.0231718374064227
2002-11-15,-0.03182180309911109
2002-11-18,0.005277891634399845
2002-11-19,-0.009189517368567657
2002-11-20,0.000891177288177003
2002-11-21,0.0031269774823312613
2002-11-22,-0.008401683872918508
2002-11-25,-0.006350952149536404
2002-11-26,-0.008315504891012515
2002-11-27,0.025508002948954056
2002-11-29,0.014856943242298026
2002-12-02,0.023815849190350846
2002-12-03,-8.179527519236451e-05
2002-12-04,-0.02603912604613534
2002-12-05,0.02358323974055243
2002-12-06,-0.018277284281315587
2002-12-09,-0.012412911950385741
2002-12-10,0.017421978931416504
2002-12-11,-0.0026303703760340857
2002-12-12,0.015041956309260751
2002-12-13,-0.009164213767845153
2002-12-16,0.006772020034196746
2002-12-17,0.00021400611314192908
2002-12-18,-0.012518342395874793
2002-12-19,0.00028188656750560703
2002-12-20,0.01185460395129323
2002-12-23,0.0022363402096579055
2002-12-24,-0.00030691716046737927
2002-12-26,0.0034870560202162615
2002-12-27,-0.013522752293766205
2002-12-30,-0.0030872482404153967
2002-12-31,-0.0003650085375289658
2003-01-02,0.015797585542204562
2003-01-03,0.003750329262058205
2003-01-06,0.0013882401935072508
2003-01-07,0.02556366704925428
2003-01-08,-0.008431733405685482
2003-01-09,0.01429815433683923
2003-01-10,-0.009935740900232415
2003-01-13,0.018684887393062732
2003-01-14,-0.007749520112212083
2003-01-15,0.004819205397835757
2003-01-16,0.002575584404775011
2003-01-17,0.0007778763390819954
2003-01-21,0.015382185267779791
2003-01-22,-0.010277050249104303
2003-01-23,0.01186063287251371
2003-01-24,-0.00775701940246043
2003-01-27,-0.012005796906919386
2003-01-28,0.0067358509905024455
2003-01-29,-0.015210810321426682
2003-01-30,0.0038495071849984352
2003-01-31,0.01122513065245112
2003-02-03,-0.0020584692839644703
2003-02-04,-0.004967684147094253
2003-02-05,0.015908699286397487
2003-02-06,0.03864859101494633
2003-02-07,0.03886821939181262
2003-02-10,-0.007241813018657561
2003-02-11,-0.012739636450374348
2003-02-12,0.0009221337141427366
2003-02-13,0.012976275773768142
2003-02-14,0.09118533393205497
2003-02-18,0.06572578859486677
2003-02-19,0.04109601090237658
2003-02-20,0.0012034369782298882
2003-02-21,0.014355229199521036
2003-02-24,-0.006000801527639599
2003-02-25,-0.03650489404925217
2003-02-26,-0.017811940131246873
2003-02-27,0.005920545423991452
2003-02-28,-0.0019289443920385008
2003-03-03,0.01569513254876509
2003-03-04,-0.004773510262156222
2003-03-05,-0.010884594254604085
2003-03-06,-0.0062200593369953205
2003-03-07,-0.03988401248321771
2003-03-10,-0.006936821061515053
2003-03-11,0.01116091609483938
2003-03-12,-0.0067325576581857005
2003-03-13,0.04895608483883174
2003-03-14,-0.008058765541811952
2003-03-17,-0.02820351824916867
2003-03-18,0.012685711767868035
2003-03-19,0.018980888016645103
2003-03-20,0.0008182144381640999
2003-03-21,0.07727206921675767
2003-03-24,-0.07013398583462271
2003-03-25,0.005957270092268763
2003-03-26,0.009386804530857384
2003-03-27,-0.02364844641148456
2003-03-28,-0.013778074624280157
2003-03-31,-0.06457628275097005
2003-04-01,0.01940859832732733
2003-04-02,0.06885846888086955
2003-04-03,0.03707717760500362
2003-04-04,0.016535008953250774
2003-04-07,0.12671000100115504
2003-04-08,-0.003411290874437478
2003-04-09,-0.008789996581683779
2003-04-10,0.018635949017263398
2003-04-11,0.019255435182105263
2003-04-14,-0.009928941169653815
2003-04-15,-0.038799069128821695
2003-04-16,0.042937922773874426
2003-04-17,-0.03341068496938726
2003-04-21,0.02603818569655103
2003-04-22,0.006351852954656456
2003-04-23,0.004496650299225191
2003-04-24,-0.00033185396207024986
2003-04-25,-0.003792529459659133
2003-04-28,-0.0028701224703242545
2003-04-29,0.03579662531566119
2003-04-30,-0.0037080632640166256
2003-05-01,-0.008128050884345761
2003-05-02,0.00829792642582361
2003-05-05,0.017630750038818865
2003-05-06,-0.0036759749167076805
2003-05-07,-0.024524728047118916
2003-05-08,-0.017842049641794033
2003-05-09,0.12494813821749218
2003-05-12,0.005938155408389045
2003-05-13,-0.030618475686113533
2003-05-14,0.028995613531462405
2003-05-15,0.020206152503306596
2003-05-16,-0.007337597959237718
2003-05-19,-0.034274717592123416
2003-05-20,0.02262863782796587
2003-05-21,-0.010460849159321994
2003-05-22,0.010904187191651316
2003-05-23,0.01624674362260592
2003-05-27,-0.027497065306694157
2003-05-28,0.022496386160290482
2003-05-29,0.007538647214962779
2003-05-30,0.08105662670855374
2003-06-02,0.03489131627007813
2003-06-03,-0.015550470928383242
2003-06-04,0.00868314223480593
2003-06-05,-0.015773402659702285
2003-06-06,0.0453983887379783
2003-06-09,-0.013401797790686065
2003-06-10,-0.00410334559897696
2003-06-11,-0.007287334239783783
2003-06-12,0.008176604428693945
2003-06-13,-0.04056866625670885
2003-06-16,0.017191134384255236
2003-06-17,0.029765615122846034
2003-06-18,-0.03537594553784862
2003-06-19,-0.0008646562943837033
2003-06-20,0.01963781310642676
2003-06-23,-0.0027609987968064686
2003-06-24,-0.013405352015199545
2003-06-25,0.012033507574065183
2003-06-26,0.0063960655290358215
2003-06-27,0.017945502220233056
2003-06-30,0.02549522183819697
2003-07-01,-0.0032689213023463504
2003-07-02,0.04482760286786425
2003-07-03,-0.02869777418103503
2003-07-07,0.013581927710795583
2003-07-08,-0.015263528497546197
2003-07-09,0.0032531265253670227
2003-07-10,-0.04176190534896074
2003-07-11,0.005900756620447201
2003-07-14,0.044891869170674115
2003-07-15,-0.009309567159827337
2003-07-16,0.02527298909400355
2003-07-17,-0.060210099076700496
2003-07-18,0.007880156307313868
2003-07-21,0.005109877047417832
2003-07-22,0.02975123278207925
2003-07-23,-0.03819095282553531
2003-07-24,0.05471887432026912
2003-07-25,0.0032085549191567253
2003-07-28,0.016573477862483976
2003-07-29,0.046751028310971554
2003-07-30,-0.007791070528827659
2003-07-31,0.02083881706542834
2003-08-01,-0.0053615997534438575
2003-08-04,-0.01078968041731021
2003-08-05,0.026242017358325098
2003-08-06,-0.00018418353357763095
2003-08-07,-0.027438327247783056
2003-08-08,-0.08191249187269622
2003-08-11,0.018394946010504842
2003-08-12,0.0033769599306459064
2003-08-13,0.0024213701253044118
2003-08-14,-0.023842533887764916
2003-08-15,-0.006480586142076472
2003-08-18,0.017602791071893442
2003-08-19,0.026725027714049387
2003-08-20,-0.03921222931742563
2003-08-21,0.031605181358622225
2003-08-22,0.05293593653304174
2003-08-25,0.0077122017619462024
2003-08-26,-0.017913640444151224
2003-08-27,0.00898747179756687
2003-08-28,0.00974271978663288
2003-08-29,-0.005829559275487783
2003-09-02,0.015976665280620805
2003-09-03,0.02456723977851416
2003-09-04,-0.007778830948151572
2003-09-05,-0.007520897244759239
2003-09-08,0.006793607404559143
2003-09-09,-0.009982047598022126
2003-09-10,-0.020612803940453173
2003-09-11,0.0010379691833055649
2003-09-12,0.005843370861290165
2003-09-15,0.01390254703954863
2003-09-16,0.008341373122958018
2003-09-17,-0.000886703108948117
2003-09-18,-0.011759102138938049
2003-09-19,0.0023290826231325834
2003-09-22,-0.038317971221397684
2003-09-23,0.01134874362322491
2003-09-24,0.01707595296286457
2003-09-25,0.011693376663975963
2003-09-26,-0.01926920420870093
2003-09-29,0.03334079538587198
2003-09-30,-0.04698264394876939
2003-10-01,0.013696886722068813
2003-10-02,0.0013287113614208756
2003-10-03,0.0803989122192541
2003-10-06,0.008479942671085983
2003-10-07,-0.0040282472610218
2003-10-08,0.007495115188861368
2003-10-09,0.03696486050032566
2003-10-10,0.012245225462159226
2003-10-13,0.005812019173823124
2003-10-14,-0.025903624514326595
2003-10-15,0.05813803351400648
2003-10-16,-0.024779095575193755
2003-10-17,-0.006122759188951665
2003-10-20,-0.0013089895174497324
2003-10-21,0.01634969339063108
2003-10-22,-0.028501825087311472
2003-10-23,-0.03360122587052561
2003-10-24,0.009579595286984377
2003-10-27,0.05152963836822666
2003-10-28,0.061592669834408253
2003-10-29,-0.14760123774616862
2003-10-30,0.026048087389388463
2003-10-31,0.005257993954264517
2003-11-03,0.03601823174448415
2003-11-04,-0.013254265345920668
2003-11-05,-0.003538964736704675
2003-11-06,0.025449201534087917
2003-11-07,0.002850780601312719
2003-11-10,-0.0288985962327033
2003-11-11,-0.007134209894312016
2003-11-12,0.01566940325792099
2003-11-13,-0.013120594831011911
2003-11-14,-0.009058914025018017
2003-11-17,-0.03476980364929094
2003-11-18,0.024037466982724798
2003-11-19,0.007379073729921748
2003-11-20,-0.06298791392196212
2003-11-21,0.023337150635381
2003-11-24,0.014681615578022944
2003-11-25,0.020952675811907406
2003-11-26,0.020351648998089722
2003-11-28,-0.0005421382891277471
2003-12-01,0.023572002767825673
2003-12-02,0.011683641431075698
2003-12-03,0.018652079324485538
2003-12-04,0.014816933199506943
2003-12-05,-0.0426880131518137
2003-12-08,-0.010473423703981855
2003-12-09,0.029484727278696
2003-12-10,-0.009359555927013097
2003-12-11,0.007733999163687333
2003-12-12,0.013309669693439385
2003-12-15,0.04925432753173831
2003-12-16,0.004082023556126524
2003-12-17,-0.003923755366645465
2003-12-18,0.015909345654692597
2003-12-19,0.005448901340395107
2003-12-22,-0.010840034906472784
2003-12-23,0.002001699163516113
2003-12-24,-0.0008569238840021587
2003-12-26,0.0028292467575359304
2003-12-29,0.014998005365598477
2003-12-30,0.005733393291715183
2003-12-31,0.005239190282967376
2004-01-02,0.021680058517446366
2004-01-05,0.018398721637646442
2004-01-06,0.0008412753733471057
2004-01-07,0.006873830256507452
2004-01-08,0.030492374783141152
2004-01-09,-0.013158803232651839
2004-01-12,0.0062320737485379585
2004-01-13,0.00784932717457587
2004-01-14,0.00845369504892779
2004-01-15,-0.012975175756574475
2004-01-16,0.014330305123350984
2004-01-20,0.023170628660271753
2004-01-21,-0.036302109052557374
2004-01-22,-0.0015405224767238712
2004-01-23,0.008045783996106337
2004-01-26,-0.0021668271163607367
2004-01-27,0.00135589742167741
2004-01-28,0.02634728728319402
2004-01-29,0.012032950080671068
2004-01-30,0.004606064789346664
2004-02-02,0.02672786706888086
2004-02-03,-0.0013115331611918135
2004-02-04,-0.019691853508770896
2004-02-05,0.010205901680979235
2004-02-06,0.010168006225226511
2004-02-09,0.013518665343065006
2004-02-10,0.009423547244588937
2004-02-11,-0.0011017815346480164
2004-02-12,0.007045660793506325
2004-02-13,0.018375605640229997
2004-02-17,0.03444593351531822
2004-02-18,0.0068056102446156785
2004-02-19,0.03740417216615155
2004-02-20,-0.011346742428013368
2004-02-23,-0.034077780177186545
2004-02-24,-0.07593571974320268
2004-02-25,0.016917854831881574
2004-02-26,-0.005622619044728938
2004-02-27,0.01627367067447083
2004-03-01,-0.015418127722783947
2004-03-02,0.0010498229127571257
2004-03-03,-0.009743305047853257
2004-03-04,-0.004444711440579896
2004-03-05,-0.022575611641324045
2004-03-08,0.06051652491184578
2004-03-09,0.0006030728723707135
2004-03-10,0.0021985957991645932
2004-03-11,-0.03755192273517671
2004-03-12,0.04269702102863793
2004-03-15,0.0005729529541123046
2004-03-16,0.02649717722004974
2004-03-17,0.014379006896840352
2004-03-18,0.00910996706367495
2004-03-19,0.014123195870846095
2004-03-22,-0.01981488427978506
2004-03-23,0.03620201020992431
2004-03-24,0.0006299399751974466
2004-03-25,0.01298313010650598
2004-03-26,-0.006784798341352927
2004-03-29,0.029984220943919837
2004-03-30,0.030817498160087498
2004-03-31,0.008967828963049707
2004-04-01,0.015664823427143926
2004-04-02,0.033943049244002266
2004-04-05,-0.014601342716488386
2004-04-06,-0.028469486608104333
2004-04-07,0.0005652520450896148
2004-04-08,0.028798827634074486
2004-04-12,0.008261672644800822
2004-04-13,0.011344153376113608
2004-04-14,-0.027564079661418384
2004-04-15,-0.014009287966286865
2004-04-16,0.0004075227147746219
2004-04-19,0.003265487466321604
2004-04-20,0.00838331885163357
2004-04-21,0.00671842658412336
2004-04-22,-0.0165568060314365
2004-04-23,0.01934289527570532
2004-04-26,0.006699830297587583
2004-04-27,0.009717694183073
2004-04-28,-0.012212688573915553
2004-04-29,-0.006988520481459037
2004-04-30,0.003091076071549015
2004-05-03,0.03267181910144812
2004-05-04,0.01446916637990614
2004-05-05,0.013596127727139251
2004-05-06,0.0045753415012226295
2004-05-07,0.016627345854816955
2004-05-10,-0.01409093520635174
2004-05-11,0.020955484769461075
2004-05-12,-0.01640838929190358
2004-05-13,-0.011573807663900038
2004-05-14,0.005577455170139967
2004-05-17,-0.018947098962327713
2004-05-18,0.02254286993583099
2004-05-19,0.04662426427076327
2004-05-20,0.0015476993211451795
2004-05-21,0.019958232093314265
2004-05-24,0.014952370006891202
2004-05-25,-0.0005575351264947015
2004-05-26,0.00013111969200951812
2004-05-27,0.01658790167131574
2004-05-28,0.012527174619896497
2004-06-01,-0.014821887019062285
2004-06-02,0.013229049207853505
2004-06-03,-0.011764244123913081
2004-06-04,0.03226580207781682
2004-06-07,0.015767224015795778
2004-06-08,-0.0019495487091076846
2004-06-09,0.0016919371799284377
2004-06-10,0.01963096191155622
2004-06-14,-0.0018775254803167218
2004-06-15,0.024448901275945012
2004-06-16,-0.0073509845807453456
2004-06-17,-0.006402962822001701
2004-06-18,-0.02618465309225637
2004-06-21,0.0052285018141045025
2004-06-22,0.010772317245819618
2004-06-23,0.01043911886366744
2004-06-24,0.001880585595969153
2004-06-25,0.011386402097861126
2004-06-28,0.018520031469470677
2004-06-29,0.01951976140160472
2004-06-30,-0.007829264037472417
2004-07-01,0.003153888249777248
2004-07-02,-0.002249592319878757
2004-07-06,-0.034293239687942845
2004-07-07,0.0038966165077989334
2004-07-08,-0.013500211261306516
2004-07-09,0.012869497594865775
2004-07-12,-0.022478120426739356
2004-07-13,0.01247871626551289
2004-07-14,-0.06462146710639094
2004-07-15,0.008036127190506948
2004-07-16,0.025098502667810108
2004-07-19,-0.000573791047623784
2004-07-20,0.008041778059001858
2004-07-21,0.025820124748834328
2004-07-22,0.004410917462520869
2004-07-23,-0.016286480362807998
2004-07-26,0.009040503029595248
2004-07-27,0.0022225170671084093
2004-07-28,-0.012106935282498954
2004-07-29,0.013814546799106653
2004-07-30,0.0011630014189873972
2004-08-02,-0.01667997281830369
2004-08-03,-0.005041424505910941
2004-08-04,-0.0034980688600300125
2004-08-05,0.003856422780180946
2004-08-06,-0.11366329319504476
2004-08-09,0.024189093072075618
2004-08-10,0.02099076288116275
2004-08-11,-0.0306701239762055
2004-08-12,-0.010525404175170117
2004-08-13,0.010012381662269032
2004-08-16,-0.004421123439599994
2004-08-17,0.01938651490875931
2004-08-18,-0.003367667606983149
2004-08-19,-0.003014896892716279
2004-08-20,0.004398351527493016
2004-08-23,0.018032550243515688
2004-08-24,0.01891223294822808
2004-08-25,0.011084116576447922
2004-08-26,-0.018190192176027686
2004-08-27,0.004885849809579845
2004-08-30,-0.0059332071247970575
2004-08-31,0.0029363716494144043
2004-09-01,0.005723818359521626
2004-09-02,0.001984707100165073
2004-09-03,-0.03415396557139727
2004-09-07,0.014302643328142794
2004-09-08,-0.0015793371902829145
2004-09-09,0.023290413922459008
2004-09-10,-0.004242874019521614
2004-09-13,0.007185684565758965
2004-09-14,-0.006331034032774352
2004-09-15,-0.021657597635474923
2004-09-16,0.013919027661374095
2004-09-17,0.016114151154567713
2004-09-20,-0.01937311498288552
2004-09-21,0.02226984328989534
2004-09-22,-0.01537465548423167
2004-09-23,0.003675772134613009
2004-09-24,0.005766240393779487
2004-09-27,-0.014206515357795602
2004-09-28,-0.002667769668237674
2004-09-29,-0.0003808431058853756
2004-09-30,-0.008001813420667747
2004-10-01,0.012344601512841447
2004-10-04,0.01652831326300075
2004-10-05,-0.03205398290619221
2004-10-06,0.004861254296534945
2004-10-07,0.005770726332048559
2004-10-08,-0.01621946810411179
2004-10-11,0.0016532910507842669
2004-10-12,-0.03733992854653467
2004-10-13,0.04097862917489814
2004-10-14,-0.00686437965015585
2004-10-15,0.012583127839735697
2004-10-18,-0.013292467374564354
2004-10-19,0.026655908453411703
2004-10-20,-0.0070333855356851105
2004-10-21,0.017186439343152005
2004-10-22,0.009277932876708972
2004-10-25,-0.005631609015614658
2004-10-26,0.04450419172917175
2004-10-27,-0.009613185465529361
2004-10-28,-0.004667483237368764
2004-10-29,-0.005974414293870134
2004-11-01,0.008105122808938825
2004-11-02,0.002829918506187079
2004-11-03,0.027697889848086854
2004-11-04,0.0015883684833750689
2004-11-05,0.01201706016872195
2004-11-08,0.0026216661490130466
2004-11-09,-5.931276293880128e-05
2004-11-10,0.0036350955226391868
2004-11-11,0.006582129279797622
2004-11-12,0.001624344801528066
2004-11-15,-0.00037307199694658344
2004-11-16,-0.0028961082309078012
2004-11-17,0.004959386631885998
2004-11-18,0.004967540115813351
2004-11-19,0.02708339528910164
2004-11-22,-0.0045785482740052785
2004-11-23,-0.008538523271694465
2004-11-24,0.004033383128904999
2004-11-26,0.004972678840512668
2004-11-29,-0.0062235636273730854
2004-11-30,0.0020772239085267152
2004-12-01,0.017575385729262427
2004-12-02,-0.015187430890330367
2004-12-03,0.015287330913426489
2004-12-06,-0.009386811150766894
2004-12-07,-0.014265627771954947
2004-12-08,-0.011237952228809411
2004-12-09,-0.013893799826060427
2004-12-10,-0.008144662479010134
2004-12-13,0.026027362772056195
2004-12-14,0.011538509764481786
2004-12-15,0.0003962562167452166
2004-12-16,-0.022166150575576693
2004-12-17,-0.009369399835675085
2004-12-20,0.01629629782879638
2004-12-21,0.00990693626361372
2004-12-22,0.00262251553946502
2004-12-23,0.008230373933646229
2004-12-27,0.013089254363968683
2004-12-28,0.004433603680792153
2004-12-29,-0.0061651473538335555
2004-12-30,0.0020016750183808885
2004-12-31,0.012517228037214556
2005-01-03,0.03460740147380226
2005-01-04,-0.003674801621452062
2005-01-05,-0.004216205643889692
2005-01-06,0.010498429663540643
2005-01-07,0.014515669372360485
2005-01-10,0.00798502762702391
2005-01-11,0.0035534545877227153
2005-01-12,0.011630631866162089
2005-01-13,-0.0032463463078323818
2005-01-14,0.006571310922419915
2005-01-18,-0.013571513038166172
2005-01-19,0.005404714309431569
2005-01-20,-0.019206543316390823
2005-01-21,0.005196476818693618
2005-01-24,-0.018717787538679698
2005-01-25,0.01012325182162832
2005-01-26,0.011607915154126625
2005-01-27,0.0029251643217667045
2005-01-28,0.008703905002054091
2005-01-31,0.02588789342135156
2005-02-01,-0.007789275676262308
2005-02-02,0.02268574589784289
2005-02-03,-0.011426414467875179
2005-02-04,-0.0004072777302888131
2005-02-07,0.0020214255525035085
2005-02-08,-0.0024528107312911107
2005-02-09,-0.013335363042925152
2005-02-10,0.005227363015738895
2005-02-11,0.00940177572946399
2005-02-14,0.013451071879139187
2005-02-15,0.018958562048879024
2005-02-16,-0.003243711853515019
2005-02-17,0.01153993440637735
2005-02-18,0.036767418299410215
2005-02-22,-0.009656504262090637
2005-02-23,0.002639393854780847
2005-02-24,-0.0077856763271976215
2005-02-25,0.00763898090739934
2005-02-28,-0.0016524970349964807
2005-03-01,0.005880892724960507
2005-03-02,-0.011543940041639167
2005-03-03,0.00284548789008765
2005-03-04,0.018623276835445735
2005-03-07,0.0025812386366785844
2005-03-08,-0.014950409353786887
2005-03-09,-0.018297734047730274
2005-03-10,0.0059328912120011346
2005-03-11,0.012264470264143457
2005-03-14,0.020889162456714017
2005-03-15,0.008873174126357242
2005-03-16,-0.012249934139544116
2005-03-17,0.007749898367328756
2005-03-18,0.025592551264003616
2005-03-21,0.005050624323498676
2005-03-22,0.00037762448746025967
2005-03-23,-0.007171693621445097
2005-03-24,0.00859379955876638
2005-03-28,0.0040999501586855835
2005-03-29,-1.9913447246278082e-05
2005-03-30,0.006520939967138206
2005-03-31,-0.007544499728347587
2005-04-01,0.012351082463428309
2005-04-04,-0.003641554865742802
2005-04-05,0.0030921941881467685
2005-04-06,0.011250681273694774
2005-04-07,0.0011728105508523878
2005-04-08,0.00307337623592141
2005-04-11,0.002521821271836533
2005-04-12,-0.0014540697154926674
2005-04-13,-0.0006054729877377207
2005-04-14,-0.00025393259024875103
2005-04-15,-0.02008773551327625
2005-04-18,-0.0008815151422433276
2005-04-19,0.014118936698960471
2005-04-20,0.01089877401403938
2005-04-21,0.020815183557468364
2005-04-22,-0.0006050725000981139
2005-04-25,0.016436017178040663
2005-04-26,0.004322625408777592
2005-04-27,-0.007717189472268626
2005-04-28,-0.003741196703429761
2005-04-29,-0.008317639840588309
2005-05-02,0.004907618328284347
2005-05-03,-0.005521749313506463
2005-05-04,0.00022946568280612922
2005-05-05,0.0024753447112186855
2005-05-06,0.01319998748905249
2005-05-09,0.00586663226829498
2005-05-10,0.0003474014686484228
2005-05-11,0.005821013979990797
2005-05-12,-0.0010874021243152399
2005-05-13,0.025594357802065648
2005-05-16,0.0009073665774601558
2005-05-17,-0.0063979823909176
2005-05-18,0.00023955609474901607
2005-05-19,0.002933403525768652
2005-05-20,0.001086164551505009
2005-05-23,0.006422503384840406
2005-05-24,-0.00501484658363438
2005-05-25,-0.002352549888821054
2005-05-26,0.005178680365992339
2005-05-27,-0.0009885855280939992
2005-05-31,-0.0024369734888498584
2005-06-01,-0.0034113429037458953
2005-06-02,-0.0015771851448677099
2005-06-03,-0.0006810621924659976
2005-06-06,-0.014284248264522459
2005-06-07,-0.0003432291108868002
2005-06-08,0.004782299527914313
2005-06-09,-0.005206137772887809
2005-06-10,0.0005273866450137277
2005-06-13,-0.0029739537271874505
2005-06-14,-0.0012755501141334946
2005-06-15,0.0037727078963338823
2005-06-16,0.0045364720341214415
2005-06-17,0.014550541018947927
2005-06-20,-0.004822546924009075
2005-06-21,0.001850961904339199
2005-06-22,0.00674860746839423
2005-06-23,-0.0012630591517978074
2005-06-24,-0.0013864822731143311
2005-06-27,-0.005282369005399468
2005-06-28,0.00677392663571208
2005-06-29,0.004745265115087882
2005-06-30,0.005067663362693597
2005-07-01,-0.0023867150199567977
2005-07-05,0.0005120210138167547
2005-07-06,0.002385762368328992
2005-07-07,-0.01401892085456502
2005-07-08,0.0028808398557165216
2005-07-11,-0.0015805917450801843
2005-07-12,-0.0004973105740667672
2005-07-13,0.004400686886806948
2005-07-14,0.010559935711255353
2005-07-15,0.001347063937493731
2005-07-18,-0.0024477228525557893
2005-07-19,0.013701942482262197
2005-07-20,-0.00903503077795298
2005-07-21,-0.006851822271509933
2005-07-22,-0.00868389490074728
2005-07-25,-0.008417732844633652
2005-07-26,0.004945543816197384
2005-07-27,0.004124088593798092
2005-07-28,0.0017388998228224928
2005-07-29,0.00033015389189983146
2005-08-01,0.0054455982128331915
2005-08-02,-0.001880521306677374
2005-08-03,-0.003980460452928325
2005-08-04,-0.008118951112207728
2005-08-05,-0.001639049471456877
2005-08-08,0.004805187407405986
2005-08-09,0.025338997322170265
2005-08-10,-0.0002687878690137424
2005-08-11,-0.003267326618221933
2005-08-12,-0.0027498483825224573
2005-08-15,-0.0036486954647139136
2005-08-16,-0.0004898994209642238
2005-08-17,-0.002527286257557937
2005-08-18,-0.009172707734948049
2005-08-19,0.004478832692447865
2005-08-22,0.010010957536790155
2005-08-23,0.0025157346388411383
2005-08-24,-0.006331646919361722
2005-08-25,0.005849680962259907
2005-08-26,-0.012472006080135989
2005-08-29,-0.011829141714798874
2005-08-30,-0.00483130310126878
2005-08-31,0.0023182116369755423
2005-09-01,-0.005201912820101295
2005-09-02,0.002955993384157418
2005-09-06,0.0022791745604455738
2005-09-07,0.0003058366371668786
2005-09-08,0.001147774376506927
2005-09-09,0.004044055995526374
2005-09-12,0.0031344438416487375
2005-09-13,-0.004619039626577726
2005-09-14,-0.0018290196493465638
2005-09-15,0.002464468261802466
2005-09-16,0.0006751251725534146
2005-09-19,-0.003746970096931812
2005-09-20,0.0048871750914121215
2005-09-21,-0.0004791684648802752
2005-09-22,-0.0016239789997568588
2005-09-23,-0.001321621670047346
2005-09-26,0.009104395060414827
2005-09-27,0.004373484838791963
2005-09-28,0.007831996976945366
2005-09-29,0.0018585362455043608
2005-09-30,0.003509616932011017
2005-10-03,-0.003406426918374561
2005-10-04,0.0069822878356369245
2005-10-05,0.004921077234570692
2005-10-06,0.002931036376966345
2005-10-07,0.007714387990967353
2005-10-10,0.01197654822769878
2005-10-11,0.009579091786954264
2005-10-12,-0.02474884650260345
2005-10-13,0.009200563494029979
2005-10-14,0.013978540780299475
2005-10-17,0.006369041374537421
2005-10-18,0.0057790026170359
2005-10-19,-0.019666316624699864
2005-10-20,-0.0011860612272366344
2005-10-21,0.012130963546040485
2005-10-24,0.008946311288191788
2005-10-25,-0.0013948516799100474
2005-10-26,-0.0014705023390690908
2005-10-27,-0.002642001936015159
2005-10-28,0.013351050561172029
2005-10-31,0.0015684674934635101
2005-11-01,-0.010150580232052064
2005-11-02,0.004800643138037852
2005-11-03,0.018771603871474474
2005-11-04,0.00194033523190007
2005-11-07,0.010767185554677816
2005-11-08,-0.002696133412793289
2005-11-09,0.0017042329370768883
2005-11-10,0.01600360740919582
2005-11-11,0.0009482313405582143
2005-11-14,-0.008553106360162488
2005-11-15,0.024530530568591224
2005-11-16,-0.007152895761915912
2005-11-17,0.011164839655000813
2005-11-18,0.011753752850784727
2005-11-21,0.017142854956962994
2005-11-22,0.008590410324439413
2005-11-23,0.006278857980721142
2005-11-25,0.013759509269804848
2005-11-28,0.005461240891005303
2005-11-29,-0.027475578902769415
2005-11-30,-0.0067313596441828105
2005-12-01,0.018081436518788685
2005-12-02,0.00458486689282922
2005-12-05,-0.009343531781357384
2005-12-06,0.004452286703725994
2005-12-07,0.003913840106139821
2005-12-08,0.0017514106874285673
2005-12-09,0.009504725901317235
2005-12-12,0.010813181772263203
2005-12-13,-0.001894600327472351
2005-12-14,0.00010831575449632425
2005-12-15,0.0007077542396687342
2005-12-16,0.0118142412612392
2005-12-19,-0.004342417467851911
2005-12-20,-0.0031481987160316693
2005-12-21,0.0004727412487783855
2005-12-22,0.006358367545520327
2005-12-23,0.0028336017586225726
2005-12-27,0.00455997153234744
2005-12-28,0.002300111775104252
2005-12-29,-0.002725747887432295
2005-12-30,-0.005734412484087237
2006-01-03,0.01651766570059654
2006-01-04,0.006212308408605427
2006-01-05,0.001146357164615086
2006-01-06,0.01491489393182821
2006-01-09,0.007469041318855396
2006-01-10,0.00767691849023322
2006-01-11,0.03066661382597835
2006-01-12,0.00898103052310395
2006-01-13,-0.01567726735139985
2006-01-17,-0.03378126533247261
2006-01-18,-0.03161512238731623
2006-01-19,0.0847907619992394
2006-01-20,-0.008868977980621695
2006-01-23,0.008392287300186485
2006-01-24,0.01564470347905922
2006-01-25,0.02668193478248604
2006-01-26,0.01870063542756384
2006-01-27,0.03764687102241804
2006-01-30,-0.01971407431379002
2006-01-31,0.00242616372995208
2006-02-01,-0.018511150701124857
2006-02-02,-0.004912346953822033
2006-02-03,0.0016996544644047873
2006-02-06,0.010958359610111934
2006-02-07,0.01152516307951501
2006-02-08,0.01387168353652335
2006-02-09,0.007200994108591097
2006-02-10,0.0024157725223528104
2006-02-13,-0.011175789198854091
2006-02-14,0.010219909760328605
2006-02-15,-0.008132477312308373
2006-02-16,0.012922751757975748
2006-02-17,-0.030479456024426477
2006-02-21,0.006892995993596829
2006-02-22,-0.001577705077867364
2006-02-23,-0.0007310898347892003
2006-02-24,0.008137064481523293
2006-02-27,0.008347875060783938
2006-02-28,0.00772083203726992
2006-03-01,0.009388501568765584
2006-03-02,0.007350848142187116
2006-03-03,0.0049595339766792534
2006-03-06,0.006285455546480856
2006-03-07,0.0010179677903285889
2006-03-08,-0.009799288352279834
2006-03-09,-0.008647808743006191
2006-03-10,-0.003981203517340437
2006-03-13,-0.001419987951811752
2006-03-14,-0.005580683754980664
2006-03-15,0.008026993429266271
2006-03-16,0.014227630410530878
2006-03-17,0.004002257195227843
2006-03-20,0.005901314817854386
2006-03-21,-0.029237946017324545
2006-03-22,-0.007401548971892158
2006-03-23,0.014081370551566996
2006-03-24,0.004131685317581013
2006-03-27,0.0011990026041384105
2006-03-28,-0.0009529586219007014
2006-03-29,0.007667797594759884
2006-03-30,0.003418375364299564
2006-03-31,0.0051195070790754915
2006-04-03,-0.009026556874529468
2006-04-04,-0.002232920897222046
2006-04-05,-0.010716131179572153
2006-04-06,-0.0011699521684319647
2006-04-07,-0.00043991677183996547
2006-04-10,0.0004621225836856091
2006-04-11,0.002686135579468951
2006-04-12,0.0029308425483955958
2006-04-13,-0.01878181847324989
2006-04-17,0.0004107988188064571
2006-04-18,-0.01139848038463298
2006-04-19,-0.002122631537886943
2006-04-20,-0.005415232198965891
2006-04-21,0.005784292644711364
2006-04-24,0.006810557684139074
2006-04-25,-0.008281405704415823
2006-04-26,0.006684413687836344
2006-04-27,-0.01040805076040241
2006-04-28,0.04127302811222777
2006-05-01,0.010153488000946398
2006-05-02,0.007995526888937565
2006-05-03,-0.007831814095951461
2006-05-04,-0.005936988604756999
2006-05-05,0.013314891557769881
2006-05-08,-0.00651685181650441
2006-05-09,-0.006732894664956968
2006-05-10,-0.012042346263223203
2006-05-11,0.010841964105612334
2006-05-12,-0.01062576149713923
2006-05-15,-0.004048852673219527
2006-05-16,-5.4965965475717304e-05
2006-05-17,-0.0008825743767262306
2006-05-18,0.007745322199023574
2006-05-19,0.07189055186248572
2006-05-22,-0.015010827037575503
2006-05-23,0.022687700558662538
2006-05-24,0.006405056161340461
2006-05-25,0.019357629744604088
2006-05-26,0.006389003117100778
2006-05-30,-0.0053913186407109626
2006-05-31,0.01773526096303568
2006-06-01,0.005523221494087238
2006-06-02,0.009533779957464628
2006-06-05,-0.0019870479255424955
2006-06-06,0.006039879356943834
2006-06-07,0.006351551212792961
2006-06-08,-0.01770022735570509
2006-06-09,0.016903634981090265
2006-06-12,-0.005480876841154947
2006-06-13,-0.006592422063945724
2006-06-14,0.020694405058032883
2006-06-15,0.02026199768093062
2006-06-16,-0.0017452216581155255
2006-06-19,0.010757089939899656
2006-06-20,-0.010142385777925589
2006-06-21,-0.0023168074649108084
2006-06-22,0.006394833457671778
2006-06-23,0.007894729623973085
2006-06-26,0.004578239728664446
2006-06-27,0.0025662749862616074
2006-06-28,0.003999197308580227
2006-06-29,-0.007930186438168452
2006-06-30,0.005679117278244661
2006-07-03,0.008494445701020092
2006-07-05,-0.011886640169837981
2006-07-06,0.004851448514675782
2006-07-07,-0.024929570406450163
2006-07-10,0.004583633057024805
2006-07-11,-0.005583916464234395
2006-07-12,-0.002078333824214962
2006-07-13,-0.008426618690922427
2006-07-14,0.004588518886895709
2006-07-17,-0.007366072747523766
2006-07-18,0.00370285623971367
2006-07-19,0.005604047163328962
2006-07-20,0.019675719159865768
2006-07-21,-0.061921133279881024
2006-07-24,-0.0061152274089982805
2006-07-25,0.007829420777058838
2006-07-26,0.002039639494981982
2006-07-27,0.010316609113141695
2006-07-28,0.00605714327864626
2006-07-31,-0.0009105931380795074
2006-08-01,0.003473833141394822
2006-08-02,0.014082698470664345
2006-08-03,-0.006067306518355076
2006-08-04,0.027410342838479096
2006-08-07,-0.015065342932161552
2006-08-08,0.005052374652439351
2006-08-09,0.025770554959883674
2006-08-10,-0.007041963772606796
2006-08-11,-0.034565687489847674
2006-08-14,0.011834912923636587
2006-08-15,0.03057979544200884
2006-08-16,0.015189755584464892
2006-08-17,0.00780423566013555
2006-08-18,-0.0193986026464108
2006-08-21,-0.016351206757666437
2006-08-22,0.0126385496110768
2006-08-23,0.011066520081874476
2006-08-24,0.011073311869811198
2006-08-25,-0.0055225062355126475
2006-08-28,0.008211755242663488
2006-08-29,0.005352026942773369
2006-08-30,0.006622063910356246
2006-08-31,0.003083425922456362
2006-09-01,0.0004649074187474955
2006-09-05,0.004419313305599193
2006-09-06,-0.011640958573124638
2006-09-07,-0.0067550657553906435
2006-09-08,0.013065979362876678
2006-09-11,-0.010965964699621189
2006-09-12,-0.000781321273039759
2006-09-13,0.0017952294743057706
2006-09-14,0.0071303772111277475
2006-09-15,0.0037664423547016934
2006-09-18,0.004583452916834263
2006-09-19,-0.0051018108630263015
2006-09-20,0.014169815539437858
2006-09-21,0.0042743934905200565
2006-09-22,-0.002643698786444326
2006-09-25,0.014520794542873805
2006-09-26,-0.002099044932430849
2006-09-27,-0.003863531364738604
2006-09-28,-0.014249452087369385
2006-09-29,0.005299062724370307
2006-10-02,-0.0028549629501006812
2006-10-03,-0.004388157713485885
2006-10-04,0.0007434612527132956
2006-10-05,-0.009421844675555291
2006-10-06,-0.033335740371807976
2006-10-09,-0.003546712588439749
2006-10-10,0.00494492641715194
2006-10-11,-7.560358049785165e-05
2006-10-12,0.009831268324083986
2006-10-13,0.004857749132308742
2006-10-16,0.004397482583991197
2006-10-17,-0.008587011407904965
2006-10-18,0.009834189679520655
2006-10-19,0.042231039096572776
2006-10-20,0.00011675812622935489
2006-10-23,3.86817609441259e-05
2006-10-24,-0.0027501381246458623
2006-10-25,0.004718374947151993
2006-10-26,0.0010488593689752523
2006-10-27,-0.00476891546738667
2006-10-30,-0.0022343777346902627
2006-10-31,0.008642648446828938
2006-11-01,0.0007722402495822234
2006-11-02,-0.0025536402430601512
2006-11-03,0.007015898250698038
2006-11-06,0.007640924656333814
2006-11-07,0.010209109662613569
2006-11-08,-0.010623387597615386
2006-11-09,0.013949871952450454
2006-11-10,-0.00266938464425992
2006-11-13,0.0009788225920066562
2006-11-14,0.0057462677475572654
2006-11-15,0.00011996884349119163
2006-11-16,0.012725159369333827
2006-11-17,-0.007610676751319767
2006-11-20,-0.0062510333596925705
2006-11-21,-0.0016541675208917583
2006-11-22,0.002212879761624764
2006-11-24,-0.006617908538770645
2006-11-27,-0.008670988042537964
2006-11-28,0.004395989006733103
2006-11-29,0.015826681081196003
2006-11-30,0.0034442995775536556
2006-12-01,-0.004073140208453063
2006-12-04,0.012511501880333897
2006-12-05,-0.0021070282992893263
2006-12-06,-0.003056998465166827
2006-12-07,0.0032226435037965295
2006-12-08,-0.002837367682692049
2006-12-11,0.004261381857287416
2006-12-12,-0.0053400844337970765
2006-12-13,0.019237010218115635
2006-12-14,0.003831713165937556
2006-12-15,0.00806837979731112
2006-12-18,-0.0037495703908421163
2006-12-19,-0.0117447743597493
2006-12-20,-0.0009996942436462097
2006-12-21,0.0019843974870819014
2006-12-22,0.003382728555488379
2006-12-26,0.002229870923070587
2006-12-27,-0.024329176046663514
2006-12-28,-0.010620703379233043
2006-12-29,0.025106705710441046
2007-01-03,0.012826477229193944
2007-01-04,0.0008268929826058535
2007-01-05,0.00026264587185731436
2007-01-08,0.008786004910430467
2007-01-09,0.009780829980680972
2007-01-10,0.010883201081862914
2007-01-11,-0.00512324954057175
2007-01-12,-0.011823584642718599
2007-01-16,-0.00016772589058533516
2007-01-17,-0.001128119928740623
2007-01-18,-0.01639121321703574
2007-01-19,-0.0033380172439939626
2007-01-22,0.006053377059745291
2007-01-23,-0.01217713648772678
2007-01-24,0.012567827976338153
2007-01-25,0.0042173398617944
2007-01-26,0.005067640423033648
2007-01-29,0.005667840732851204
2007-01-30,0.007457875406907677
2007-01-31,-0.007040163665837262
2007-02-01,0.004348288948504475
2007-02-02,0.009311684863461567
2007-02-05,0.002703057718183244
2007-02-06,0.0022838994690128622
2007-02-07,0.026549129453651066
2007-02-08,-0.00438429303710508
2007-02-09,0.0006791454904793159
2007-02-12,-0.007213784987106342
2007-02-13,0.010199745407532212
2007-02-14,0.0034423088184207806
2007-02-15,0.0032403742041253736
2007-02-16,-0.0018694892806705443
2007-02-20,-0.000496958429721972
2007-02-21,-0.009946056866513842
2007-02-22,0.004819959345565339
2007-02-23,-0.0004979016722116425
2007-02-26,0.004677341280652225
2007-02-27,-0.018509953202413554
2007-02-28,0.0009529035750974746
2007-03-01,-0.025495104095836663
2007-03-02,-0.009268322139790897
2007-03-05,-0.03285568433581687
2007-03-06,0.024577251503868247
2007-03-07,-0.007185570257829621
2007-03-08,0.01701555303785862
2007-03-09,0.012886276619589632
2007-03-12,-0.01115173915754597
2007-03-13,-0.012011801918326404
2007-03-14,0.001646732214716451
2007-03-15,-0.002840768793913595
2007-03-16,0.0030911402746105487
2007-03-19,0.0026511195906941953
2007-03-20,-0.0023182101813470357
2007-03-21,0.020881312406656916
2007-03-22,0.003358237476911885
2007-03-23,-0.0033879134936803945
2007-03-26,0.0025101577719071066
2007-03-27,-0.0008638010400304763
2007-03-28,-0.008043526256268807
2007-03-29,0.010848702707560554
2007-03-30,0.0070131196202893875
2007-04-02,0.0007462376312379337
2007-04-03,0.0017707935442632383
2007-04-04,-0.002944399822238375
2007-04-05,0.0025246991531049368
2007-04-09,0.01525226434350535
2007-04-10,0.0005917608470671354
2007-04-11,0.002783338310670791
2007-04-12,-0.0018069633320443312
2007-04-13,0.002988796329063126
2007-04-16,0.0032341921273411067
2007-04-17,0.009163777741542312
2007-04-18,-0.0023027791854897117
2007-04-19,-0.0075449500535476055
2007-04-20,0.01835938878386001
2007-04-23,-0.005367305848373527
2007-04-24,-0.0014595260876608673
2007-04-25,0.0023903475739015523
2007-04-26,0.007652094745965732
2007-04-27,-0.011486044694938968
2007-04-30,0.006115251010577305
2007-05-01,0.00772150412473982
2007-05-02,3.305332381464687e-05
2007-05-03,0.004028715374643221
2007-05-04,0.007644104503560012
2007-05-07,0.003079471461101324
2007-05-08,-0.007494840474278841
2007-05-09,-0.0027654293915642114
2007-05-10,-0.004577048953999574
2007-05-11,0.003025402788652931
2007-05-14,0.007043641568288184
2007-05-15,0.0014206475150453368
2007-05-16,0.007720328785947084
2007-05-17,0.0006051996178910724
2007-05-18,0.008342278360149447
2007-05-21,0.004770712963721557
2007-05-22,0.00301040865011748
2007-05-23,-0.00489636166357077
2007-05-24,-0.0012646796253975578
2007-05-25,0.00926911028433941
2007-05-29,0.005099782186163138
2007-05-30,-0.0038504148560714047
2007-05-31,0.010673488999952907
2007-06-01,0.001791892223381275
2007-06-04,-0.0021323419766285934
2007-06-05,-0.0003982233166869298
2007-06-06,-0.004859444062917273
2007-06-07,0.0023116400881675325
2007-06-08,0.017023948191881244
2007-06-11,0.0083228801527222
2007-06-12,-0.017444879311477535
2007-06-13,0.008570702400619856
2007-06-14,0.00048364211901819054
2007-06-15,0.01904032929489774
2007-06-18,0.01864814139556259
2007-06-19,-0.004512005888124615
2007-06-20,0.005756302236729072
2007-06-21,-0.0010654636442637422
2007-06-22,0.0030017788829892478
2007-06-25,0.008365541851581337
2007-06-26,0.01207253396269592
2007-06-27,0.0014116718102217263
2007-06-28,0.00458649346123674
2007-06-29,0.016956600959341372
2007-07-02,-0.0030823577165061122
2007-07-03,0.004602932914580471
2007-07-05,0.007855452280774111
2007-07-06,0.0023880023349578394
2007-07-09,-0.00019983723677607923
2007-07-10,-0.008104183671453935
2007-07-11,-0.0017121945677800454
2007-07-12,0.009179563102136079
2007-07-13,0.004877963103108618
2007-07-16,0.003744657404493479
2007-07-17,0.0017557283662994472
2007-07-18,-0.008881533752069237
2007-07-19,0.017042278287001666
2007-07-20,0.006280977609689931
2007-07-23,0.012898270216470387
2007-07-24,-0.038773233967763
2007-07-25,0.01926743574838574
2007-07-26,0.03513286720919506
2007-07-27,0.002599476976727244
2007-07-30,0.005424433851066279
2007-07-31,0.0160209127865949
2007-08-01,0.00723451575332934
2007-08-02,0.008724583375089301
2007-08-03,-0.007370677020178906
2007-08-06,0.005548192614312164
2007-08-07,-0.003600136512820762
2007-08-08,0.008910632868115442
2007-08-09,-0.011171545387578918
2007-08-10,-0.04120278291566104
2007-08-13,0.016092764640354362
2007-08-14,0.002329063633454531
2007-08-15,-0.0058674137087914024
2007-08-16,-0.008073734747568784
2007-08-17,0.03121878093734276
2007-08-20,7.747747889230716e-05
2007-08-21,-0.0015235965096318527
2007-08-22,0.02003154887967673
2007-08-23,0.006634737431374882
2007-08-24,-0.006002337115440404
2007-08-27,0.01048304047831694
2007-08-28,-0.005600282929633438
2007-08-29,0.017277263179346747
2007-08-30,-0.010917419737792144
2007-08-31,0.021647859318433937
2007-09-04,0.004216428562584085
2007-09-05,-0.0018759951121766205
2007-09-06,0.006284457584302849
2007-09-07,-0.04086855681077106
2007-09-10,0.041416842966450096
2007-09-11,0.0177472356087498
2007-09-12,0.006405727086834734
2007-09-13,0.022821796747632073
2007-09-14,-0.013062764017873985
2007-09-17,-0.0038032528524255538
2007-09-18,0.010497682877253611
2007-09-19,0.018657926736373565
2007-09-20,-0.003314318625085688
2007-09-21,0.01205741558784923
2007-09-24,0.014412363901095127
2007-09-25,-0.012484510644888758
2007-09-26,0.011119168239161592
2007-09-27,0.012116711069524388
2007-09-28,-0.005729471235576433
2007-10-01,0.010011961121317858
2007-10-02,0.002520497924466625
2007-10-03,-0.01068421114596596
2007-10-04,0.0004390564120630991
2007-10-05,0.021780072182790766
2007-10-08,0.014958722329672325
2007-10-09,0.012712502510057844
2007-10-10,0.001792994367865619
2007-10-11,0.011187797137993227
2007-10-12,0.006813183515070653
2007-10-15,0.0011401103201478247
2007-10-16,-0.015336913289704657
2007-10-17,0.03635614582020885
2007-10-18,-0.011651621836745285
2007-10-19,0.002549605694233348
2007-10-22,-0.004707451108016958
2007-10-23,0.07893126590530031
2007-10-24,-0.05695004662293324
2007-10-25,-0.01621986375806639
2007-10-26,0.023817119780769058
2007-10-29,-0.0038360618598152207
2007-10-30,0.0029988788205179695
2007-10-31,0.0026403994626869043
2007-11-01,-0.020111475838915704
2007-11-02,0.012387833119597458
2007-11-05,-0.010273606352746545
2007-11-06,0.0038897046120582868
2007-11-07,-0.010333244530591146
2007-11-08,-0.004639960281907718
2007-11-09,-0.0014773031154089455
2007-11-12,-0.0020873147437789896
2007-11-13,0.013561767512424883
2007-11-14,0.012387705724116405
2007-11-15,-0.005826933988976157
2007-11-16,0.006677034213917965
2007-11-19,-0.01078377040433598
2007-11-20,0.009894997755769408
2007-11-21,-0.01091883101408353
2007-11-23,0.007002786981036513
2007-11-26,0.00023077359151035814
2007-11-27,0.007652726249397723
2007-11-28,0.004724398664934126
2007-11-29,-0.0034607702114352046
2007-11-30,0.0174803255257161
2007-12-03,0.006790967902711609
2007-12-04,-0.0010412017051459888
2007-12-05,0.02111739833152959
2007-12-06,-0.00039361445183350163
2007-12-07,0.000631195646594529
2007-12-10,-0.000285880139172523
2007-12-11,0.008784971765081417
2007-12-12,0.02229819317948989
2007-12-13,-0.00552996976641007
2007-12-14,-0.003173749501270029
2007-12-17,-0.004988176245244502
2007-12-18,0.010052589977533222
2007-12-19,-0.000780990961633754
2007-12-20,0.009899146087575472
2007-12-21,0.0046062846684198355
2007-12-24,0.000554388561107233
2007-12-26,0.0013849202608910982
2007-12-27,-0.0025136008212132133
2007-12-28,0.005159808266362198
2007-12-31,-0.004733713074786539
2008-01-02,4.589620662365235e-05
2008-01-03,0.004222721311038402
2008-01-04,-0.014581991784735848
2008-01-07,0.00765041204340533
2008-01-08,0.00603523985780563
2008-01-09,0.0030153058653004106
2008-01-10,-0.010170296497660547
2008-01-11,-0.005949220067793082
2008-01-14,0.018536035005841223
2008-01-15,-0.01621856846593772
2008-01-16,-0.032739265995730626
2008-01-17,0.011181728214000763
2008-01-18,0.01926369963611152
2008-01-22,-0.0585989789576854
2008-01-23,-0.02401109849167571
2008-01-24,0.020843228368442768
2008-01-25,0.024884663334611368
2008-01-28,-0.01752373841401933
2008-01-29,0.011424385046267194
2008-01-30,-0.007446358942770237
2008-01-31,-0.019591013819404868
2008-02-01,0.012470770976891865
2008-02-04,0.008448603497837048
2008-02-05,-0.019484833965874415
2008-02-06,0.010189467617729875
2008-02-07,-0.01982803532104238
2008-02-08,-0.0033574949496161244
2008-02-11,0.0074918323801069775
2008-02-12,0.012465863392931986
2008-02-13,0.011807768888855374
2008-02-14,-0.010507214486963123
2008-02-15,-0.0012482799682121959
2008-02-19,0.022001223326839847
2008-02-20,-0.011248080485794398
2008-02-21,0.009838717246418494
2008-02-22,0.0034152658746477993
2008-02-25,-0.0001125637445580363
2008-02-26,-0.004753781241176647
2008-02-27,-0.005150687226858075
2008-02-28,-0.007195331542186545
2008-02-29,-0.009700405405348667
2008-03-03,0.001042879406488062
2008-03-04,-0.009013544699805531
2008-03-05,0.007425291782641841
2008-03-06,-0.0012859228245080123
2008-03-07,-0.016159919353223362
2008-03-10,-0.0017686752880641254
2008-03-11,0.01667824763342929
2008-03-12,0.002849892933315834
2008-03-13,-0.00999467672141574
2008-03-14,0.005975792046235329
2008-03-17,-0.02419149763712214
2008-03-18,0.013886062867399795
2008-03-19,-0.0070747551690505395
2008-03-20,0.002981215636490564
2008-03-24,0.009168177113885179
2008-03-25,0.004908772652012727
2008-03-26,-0.005074591127070871
2008-03-27,-0.0010118492772742682
2008-03-28,0.010411282066539629
2008-03-31,0.0023861958242035186
2008-04-01,0.016201736678104872
2008-04-02,0.0025828440150645893
2008-04-03,0.0028831129171387193
2008-04-04,-0.005539124371429338
2008-04-07,0.011443379475371884
2008-04-08,-0.016524735347019037
2008-04-09,0.004847852275647657
2008-04-10,0.005560681295026626
2008-04-11,-0.014581778358311093
2008-04-14,-0.000697252278480387
2008-04-15,0.004380915736863944
2008-04-16,0.02025815416541832
2008-04-17,-0.01516445644355846
2008-04-18,0.019034442980117028
2008-04-21,-0.001801553608908879
2008-04-22,-0.007236370161871841
2008-04-23,0.010367053549999117
2008-04-24,0.0009785474288646068
2008-04-25,0.005579614941773281
2008-04-28,-0.0015930620542510265
2008-04-29,-0.0033690224581000017
2008-04-30,0.004898203094801046
2008-05-01,0.003339753800149836
2008-05-02,0.008515532253382974
2008-05-05,0.005159586919200487
2008-05-06,-0.00039590674514489166
2008-05-07,-0.0012589169199305195
2008-05-08,0.010474235645770547
2008-05-09,-0.0011125506867869506
2008-05-12,0.006030514605227744
2008-05-13,0.002522541007050849
2008-05-14,-0.0013402922961992525
2008-05-15,-0.0010336289258707776
2008-05-16,0.003010499322898541
2008-05-19,0.0023895952734389603
2008-05-20,-0.011712838350246946
2008-05-21,-0.0029086304757083292
2008-05-22,0.0077864470801234376
2008-05-23,0.007245195604774768
2008-05-27,0.009017671532327354
2008-05-28,0.009112098642962918
2008-05-29,0.0006293230438616515
2008-05-30,0.0057921766809083675
2008-06-02,-0.0016272505870860154
2008-06-03,0.0014992556313975225
2008-06-04,-0.0030988046408747527
2008-06-05,0.0019094212686894263
2008-06-06,-0.008402501061065326
2008-06-09,0.0019950629126761488
2008-06-10,-0.012708611893985644
2008-06-11,-0.005272535034405279
2008-06-12,0.010854805671034917
2008-06-13,0.01162531075219797
2008-06-16,-0.008856395715554854
2008-06-17,0.003523712460422601
2008-06-18,-0.0038771468384927177
2008-06-19,-0.0032012382376217507
2008-06-20,-0.011953120709785603
2008-06-23,0.006508670521257809
2008-06-24,-0.008038984699933582
2008-06-25,0.007200832558477588
2008-06-26,-0.017060101553715845
2008-06-27,-0.0017117925169686243
2008-06-30,-0.005560917501321039
2008-07-01,-0.012284904565911359
2008-07-02,0.0
2008-07-03,0.0
2008-07-07,0.0
2008-07-08,0.0
2008-07-09,0.0
2008-07-10,0.0
2008-07-11,0.0
2008-07-14,0.0
2008-07-15,0.0
2008-07-16,0.0
2008-07-17,0.0
2008-07-18,0.0
2008-07-21,0.0
2008-07-22,0.0
2008-07-23,0.0
2008-07-24,0.0
2008-07-25,0.0
2008-07-28,0.0
2008-07-29,0.0
2008-07-30,0.0
2008-07-31,0.0
2008-08-01,0.0
2008-08-04,-0.00015194197051648928
2008-08-05,0.01171285892428986
2008-08-06,0.0021530680153365456
2008-08-07,-0.00315572604835046
2008-08-08,0.0027005995192592724
2008-08-11,0.0026506022293215636
2008-08-12,0.004732829603846467
2008-08-13,0.011122020416342693
2008-08-14,-0.003667809610334971
2008-08-15,0.00632509732650921
2008-08-18,0.002928763723189176
2008-08-19,-0.009203997054247792
2008-08-20,0.007081769238961311
2008-08-21,-0.005510587828608471
2008-08-22,0.005765930413552667
2008-08-25,0.0016494459672120598
2008-08-26,-0.003707310008905784
2008-08-27,-0.003807630926208394
2008-08-28,0.004663784495313461
2008-08-29,-0.011123454873775418
2008-09-02,0.009206123026985535
2008-09-03,-0.005035958982532618
2008-09-04,-0.007496849184353782
2008-09-05,-0.00802041392513031
2008-09-08,0.012471599018990087
2008-09-09,-0.0008659093623213376
2008-09-10,0.005353394429123526
2008-09-11,-0.018560234766037853
2008-09-12,-0.005343425576184058
2008-09-15,-0.020669177689153218
2008-09-16,-0.018382888555315224
2008-09-17,-0.011259308644901433
2008-09-18,0.010252943178984397
2008-09-19,0.030781216239538667
2008-09-22,-0.004396292400735469
2008-09-23,-0.0021522169198616714
2008-09-24,0.003037505364849924
2008-09-25,0.0034554196169742646
2008-09-26,-0.02092820519446459
2008-09-29,-0.015059230907361276
2008-09-30,0.014985188043926456
2008-10-01,-0.014796910481551961
2008-10-02,-0.0047881745806976905
2008-10-03,0.009777982741138835
2008-10-06,-0.018928616240838303
2008-10-07,0.03296556329268863
2008-10-08,-0.009746722811612818
2008-10-09,0.014813721088190901
2008-10-10,-0.022707151677380133
2008-10-13,0.03652086801852272
2008-10-14,0.020393259015266008
2008-10-15,-0.0047099854724765855
2008-10-16,0.008537226554677035
2008-10-17,-0.002902957631099934
2008-10-20,0.00962464043768363
2008-10-21,-0.010593185272068761
2008-10-22,-0.004922914232020181
2008-10-23,-0.0012366563668851915
2008-10-24,-0.03834986634302884
2008-10-27,-0.0043670290751918195
2008-10-28,0.018549780230961543
2008-10-29,0.0012416321710675415
2008-10-30,0.019183036867929326
2008-10-31,-0.0129279974273655
2008-11-03,0.004343001131842383
2008-11-04,0.018116666881340837
2008-11-05,-0.012388963522037999
2008-11-06,-0.01180970599835851
2008-11-07,0.02046951396274066
2008-11-10,0.011860814226434924
2008-11-11,-0.004093313425975298
2008-11-12,-0.007863454889609933
2008-11-13,-0.0032904428108879724
2008-11-14,-0.00853717569476975
2008-11-17,-0.0007295839718416408
2008-11-18,0.005649178659926202
2008-11-19,-0.002186869807311198
2008-11-20,-0.0026133133152514976
2008-11-21,0.00787187472999995
2008-11-24,0.009325892497632493
2008-11-25,0.005759322583198001
2008-11-26,-0.0010650188876507594
2008-11-28,-0.0024205435182456103
2008-12-01,-0.007767673230739569
2008-12-02,0.004919976030828943
2008-12-03,-0.002745696412572496
2008-12-04,-0.006465214437469502
2008-12-05,-0.002825905286912289
2008-12-08,0.006384299894762746
2008-12-09,-0.0027838007636884488
2008-12-10,0.0045293437530864455
2008-12-11,-0.002038911431267554
2008-12-12,-0.006991233280264408
2008-12-15,0.0013835878251617917
2008-12-16,0.003400716905296086
2008-12-17,-0.0064636730131015785
2008-12-18,0.0014363965873422924
2008-12-19,0.0062040599763781845
2008-12-22,-0.0037249526313393178
2008-12-23,0.002050969376270473
2008-12-24,-0.005117533111189343
2008-12-26,0.0040680104648920246
2008-12-29,0.0012746918977410981
2008-12-30,0.0029735821646321714
2008-12-31,-0.0021762412154008315
2009-01-02,-4.7240177009300055e-05
2009-01-05,-0.0011647249987929431
2009-01-06,0.004979565879478454
2009-01-07,-0.006355465825950257
2009-01-08,-0.003360694699980016
2009-01-09,-0.0008646814286261684
2009-01-12,-0.0008341094800214943
2009-01-13,-0.005706136425718489
2009-01-14,-0.009806968153801887
2009-01-15,0.0011681476469143082
2009-01-16,0.007282301223708654
2009-01-20,-0.004063652001663587
2009-01-21,0.005997275150369186
2009-01-22,-0.008547119716582174
2009-01-23,-0.007558601802513998
2009-01-26,0.000596916972737338
2009-01-27,0.004526323826486767
2009-01-28,0.010031963711510272
2009-01-29,-0.008088156473068042
2009-01-30,-0.00015096076364329303
2009-02-02,-0.002978428781301168
2009-02-03,0.0006284423806381945
2009-02-04,0.0013117775571991341
2009-02-05,-0.0021322609867724385
2009-02-06,0.002017680643958686
2009-02-09,0.00035008207906672695
2009-02-10,-0.002097147119439202
2009-02-11,-0.007702838154092784
2009-02-12,-0.004187895775072614
2009-02-13,-0.0004641384427646056
2009-02-17,-0.01429639526813975
2009-02-18,0.0028582720760219615
2009-02-19,0.0063600437243587216
2009-02-20,-0.005608249193428949
2009-02-23,0.003992541650165382
2009-02-24,0.00749079684988363
2009-02-25,-0.000986231479276678
2009-02-26,0.0067307536423739656
2009-02-27,-0.006486701525812655
2009-03-02,-0.00820481193368039
2009-03-03,0.0
2009-03-04,0.0
2009-03-05,0.0
2009-03-06,0.0
2009-03-09,0.0
2009-03-10,0.0
2009-03-11,0.0
2009-03-12,0.0
2009-03-13,0.0
2009-03-16,0.0
2009-03-17,0.0
2009-03-18,0.0
2009-03-19,0.0
2009-03-20,0.0
2009-03-23,0.0
2009-03-24,0.0
2009-03-25,0.0
2009-03-26,0.0
2009-03-27,0.0
2009-03-30,0.0
2009-03-31,0.0
2009-04-01,0.0
2009-04-02,0.0
2009-04-03,0.0
2009-04-06,0.0
2009-04-07,0.0
2009-04-08,0.0
2009-04-09,0.0
2009-04-13,0.0
2009-04-14,0.0
2009-04-15,0.0
2009-04-16,0.0
2009-04-17,0.0
2009-04-20,0.0
2009-04-21,0.0
2009-04-22,0.0
2009-04-23,0.0
2009-04-24,0.0
2009-04-27,0.0
2009-04-28,0.0
2009-04-29,0.0
2009-04-30,0.0
2009-05-01,0.0
2009-05-04,0.0193917757980695
2009-05-05,0.00850890769624213
2009-05-06,0.008830437134349278
2009-05-07,0.006144709462502673
2009-05-08,0.015782148818690667
2009-05-11,-0.020745610434502404
2009-05-12,0.007273170194107559
2009-05-13,-0.017740255312631348
2009-05-14,-0.004730106977675286
2009-05-15,-0.0035376497198489343
2009-05-18,0.01401184196678229
2009-05-19,-0.004933559074252747
2009-05-20,0.012387956905197006
2009-05-21,-0.015362731255859519
2009-05-22,0.00582844559312079
2009-05-26,-0.005926246214634556
2009-05-27,0.0016942998508346907
2009-05-28,0.013814390007223398
2009-05-29,0.0033242541211118137
2009-06-01,0.012939816288290107
2009-06-02,-0.01283421294865017
2009-06-03,-0.02079079234341752
2009-06-04,0.00344234835473034
2009-06-05,0.01045577913429696
2009-06-08,-0.008207766814085415
2009-06-09,0.013198177913916309
2009-06-10,0.00834806234644292
2009-06-11,-0.008532451055174861
2009-06-12,-0.007197927623881939
2009-06-15,-0.018687221779135843
2009-06-16,0.00948120565383892
2009-06-17,-0.00018184539892174278
2009-06-18,0.003207007048221522
2009-06-19,0.017316707513784335
2009-06-22,-0.006635699864519173
2009-06-23,-0.00169709589978706
2009-06-24,0.01402351572749505
2009-06-25,-0.008089687505266174
2009-06-26,-0.008176682869202367
2009-06-29,0.003915821362045824
2009-06-30,0.0056218525390150376
2009-07-01,0.012154915975991942
2009-07-02,-0.01367822610291547
2009-07-06,-0.009901926658314242
2009-07-07,0.005879535772866928
2009-07-08,0.003526428105794288
2009-07-09,0.008393620592167084
2009-07-10,-0.003396872466307821
2009-07-13,0.005608122574175534
2009-07-14,-0.0009188786707574614
2009-07-15,0.027181677691668682
2009-07-16,-0.004985995067055771
2009-07-17,0.00894348146837265
2009-07-20,0.010977990390516501
2009-07-21,0.004106723717058225
2009-07-22,0.018865780404931254
2009-07-23,-0.001663946250162751
2009-07-24,-0.008767498629901449
2009-07-27,0.0015297169035295433
2009-07-28,-0.008314549706512908
2009-07-29,-0.006008297232096282
2009-07-30,0.014279361731819762
2009-07-31,0.0006481935643383174
2009-08-03,0.013863249434416636
2009-08-04,0.0006552289991719196
2009-08-05,-0.003970318732072986
2009-08-06,0.0005314060375796181
2009-08-07,0.0182498891948899
2009-08-10,0.0001942795540983422
2009-08-11,-0.0025497632116809887
2009-08-12,1.3879174725062171e-06
2009-08-13,0.001784449761589535
2009-08-14,-0.005895869638786189
2009-08-17,-0.0302673617654311
2009-08-18,0.008245759945378905
2009-08-19,-0.017896516497845627
2009-08-20,0.0007159100065958768
2009-08-21,0.01553942329423541
2009-08-24,0.009010869194686189
2009-08-25,0.0035089252571471885
2009-08-26,0.00191844363281235
2009-08-27,-0.002795227108012055
2009-08-28,0.034309961723895555
2009-08-31,-0.014868797764924557
2009-09-01,-0.0038678523482073013
2009-09-02,-0.003983240967304402
2009-09-03,0.008260372698213558
2009-09-04,0.00039866585070891247
2009-09-08,0.014289593173995696
2009-09-09,0.0048242292189502045
2009-09-10,0.007942417814071678
2009-09-11,0.007831625908645723
2009-09-14,-0.00806212654101468
2009-09-15,0.006625978858007642
2009-09-16,0.007674315986258673
2009-09-17,-0.004973323993246681
2009-09-18,0.007854701497922445
2009-09-21,-0.0064239194457268445
2009-09-22,0.011833653024852842
2009-09-23,0.006636998799831817
2009-09-24,0.008438727341777863
2009-09-25,-0.008039206726156767
2009-09-28,0.006119881439542452
2009-09-29,-0.0006480057052304922
2009-09-30,0.002490985845492899
2009-10-01,-0.0019643256649177765
2009-10-02,-0.014536367216651302
2009-10-05,0.0020668345706640334
2009-10-06,0.013654235822118332
2009-10-07,-0.0008517547221800204
2009-10-08,0.010136637655323799
2009-10-09,-0.0012946685680897962
2009-10-12,0.012976046234206562
2009-10-13,0.0016239425357642556
2009-10-14,0.025462546366357808
2009-10-15,-0.009021181968834058
2009-10-16,-0.01330983533138852
2009-10-19,0.008054185667119684
2009-10-20,0.00852148911731665
2009-10-21,-0.01091146263389442
2009-10-22,-0.007464165443081039
2009-10-23,0.005843097678988718
2009-10-26,0.0006803809737250255
2009-10-27,-0.0018286632595193586
2009-10-28,-0.009305273014126647
2009-10-29,0.011479942892613781
2009-10-30,0.003376018725747887
2009-11-02,0.0031068184039246827
2009-11-03,-0.012280414388230576
2009-11-04,0.008629991390749936
2009-11-05,0.010032142864644156
2009-11-06,0.006819804252198747
2009-11-09,0.009751279226046794
2009-11-10,0.0005460405381694233
2009-11-11,0.008633896979166389
2009-11-12,0.02436043641195007
2009-11-13,-0.004938187315985831
2009-11-16,0.004199476667593682
2009-11-17,-9.90968949384774e-05
2009-11-18,-0.0011816416581981182
2009-11-19,-0.013076413460691994
2009-11-20,-0.009188702004488847
2009-11-23,0.007283325422028364
2009-11-24,0.00026963912690214364
2009-11-25,0.003954766252031172
2009-11-27,-0.02438808939382664
2009-11-30,0.0033201157725784025
2009-12-01,0.007249286469733551
2009-12-02,0.007787209642545978
2009-12-03,0.0066664944495766765
2009-12-04,0.02998687615863238
2009-12-07,0.008336421522389559
2009-12-08,-0.0027348711748979015
2009-12-09,0.008117382079881885
2009-12-10,0.012067416324132552
2009-12-11,0.006915650363745751
2009-12-14,0.01122433540384482
2009-12-15,-0.007015875481182099
2009-12-16,0.012463703815713156
2009-12-17,-0.010488269519022708
2009-12-18,0.005133885346738198
2009-12-21,0.008224939094764405
2009-12-22,0.00698350897917055
2009-12-23,0.008820911643512286
2009-12-24,0.009071910014799345
2009-12-28,0.012240793078375667
2009-12-29,0.002760924885012006
2009-12-30,-0.0028390602226173733
2009-12-31,0.008365861320548396
2010-01-04,0.018760966144038438
2010-01-05,0.001483137443252902
2010-01-06,-0.0014937897298844538
2010-01-07,0.0007546759610996823
2010-01-08,-0.005988053413058858
2010-01-11,0.006356496538490575
2010-01-12,-0.011553330992095878
2010-01-13,0.004951996274131787
2010-01-14,-0.004982304727942255
2010-01-15,0.005157336633748955
2010-01-19,0.0072149043995293205
2010-01-20,-0.009800092173751329
2010-01-21,0.006790253860302409
2010-01-22,-0.012965884521096482
2010-01-25,0.02516217227805906
2010-01-26,0.008174090821048363
2010-01-27,0.001825193730729202
2010-01-28,-0.007188319608224747
2010-01-29,0.01335696029294331
2010-02-01,0.007424559610694104
2010-02-02,-0.002581190315314008
2010-02-03,-0.014222803607283563
2010-02-04,-0.007287046607854841
2010-02-05,-0.00026847904623694685
2010-02-08,0.013402452308867163
2010-02-09,0.023714412879931812
2010-02-10,-0.007337081816701563
2010-02-11,0.0007244721392001274
2010-02-12,-0.014326266386569975
2010-02-16,0.010461434716257045
2010-02-17,0.004774489031445395
2010-02-18,-0.00717051089151155
2010-02-19,-0.0044819603464034685
2010-02-22,0.00627768720684907
2010-02-23,-0.002881249685073861
2010-02-24,0.008899999840011441
2010-02-25,-0.022599944332023503
2010-02-26,-0.003585562338882853
2010-03-01,0.008005994512952475
2010-03-02,0.0029907853424802067
2010-03-03,0.001192973988721313
2010-03-04,0.0005152718311618454
2010-03-05,0.016606754250765077
2010-03-08,0.001695829332949872
2010-03-09,-0.008307887441571404
2010-03-10,0.006451830280121085
2010-03-11,-0.00398611314319397
2010-03-12,0.013175863542437938
2010-03-15,-0.005565773522941075
2010-03-16,0.0037309692760729707
2010-03-17,0.005959945799276056
2010-03-18,-0.002264086483406147
2010-03-19,0.0028997348088966035
2010-03-22,-0.009580263946882717
2010-03-23,0.005948790273303528
2010-03-24,-0.005086554355833606
2010-03-25,0.014582991026049985
2010-03-26,0.01013495808894982
2010-03-29,0.010543824618468367
2010-03-30,0.016713916800832562
2010-03-31,-0.006521078519281409
2010-04-01,0.015894070338481336
2010-04-05,0.001691959644733343
2010-04-06,-0.003022983775150423
2010-04-07,0.0005685214420267926
2010-04-08,-0.0023967162169410416
2010-04-09,0.007700322039390528
2010-04-12,0.002275094398157762
2010-04-13,-0.0038575356651249226
2010-04-14,0.016488995471044543
2010-04-15,-0.001180543136970802
2010-04-16,-0.006285447774513897
2010-04-19,-0.005227401298711465
2010-04-20,0.009959041689491244
2010-04-21,0.043271838186994094
2010-04-22,-0.009497481764622728
2010-04-23,0.004648227246875747
2010-04-26,0.004080021494895281
2010-04-27,-0.008627489571028546
2010-04-28,0.008085009988879843
2010-04-29,0.008899156961503563
2010-04-30,0.0006561204859767411
2010-05-03,0.011842505250927893
2010-05-04,-0.016838925914324565
2010-05-05,-0.022992637876476096
2010-05-06,-0.005512559263925687
2010-05-07,-0.006712766571031481
2010-05-10,0.06727003393716258
2010-05-11,-0.013062231208143538
2010-05-12,0.011425041967022764
2010-05-13,0.002033231529022128
2010-05-14,-0.017286649113917196
2010-05-17,0.001697190385517633
2010-05-18,0.01303426658251583
2010-05-19,-0.011899994246325929
2010-05-20,-0.028762336347179507
2010-05-21,-0.022668742168065026
2010-05-24,0.013507993519914052
2010-05-25,-0.03837234619752872
2010-05-26,0.02255649499980983
2010-05-27,0.03214321880733828
2010-05-28,0.01730583090237836
2010-06-01,0.0011746552833407087
2010-06-02,0.005726161805687413
2010-06-03,0.001573826618981311
2010-06-04,-0.01712050123848885
2010-06-07,0.004832297820461129
2010-06-08,0.000883948944514934
2010-06-09,0.005495446581336161
2010-06-10,0.011054634101147709
2010-06-11,-0.006538865928438553
2010-06-14,0.011715724441097475
2010-06-15,0.007122507146292811
2010-06-16,-0.005600852769775733
2010-06-17,0.008067812853928658
2010-06-18,-0.0002915865718612354
2010-06-21,0.01188737843461074
2010-06-22,0.0021200139480617164
2010-06-23,0.0017760340476047354
2010-06-24,-0.001609846215962385
2010-06-25,0.0030076292761433976
2010-06-28,0.004861837943120673
2010-06-29,-0.01735947003504268
2010-06-30,0.0017823452996885703
2010-07-01,0.0011384397951723635
2010-07-02,0.0020249232814069096
2010-07-06,0.012350974388992242
2010-07-07,0.0032057024473370888
2010-07-08,0.004074843483045987
2010-07-09,-0.0017898183065706563
2010-07-12,0.0004329217754532877
2010-07-13,0.00887485040537106
2010-07-14,0.011452313424612726
2010-07-15,0.002606173200990325
2010-07-16,-0.00018803925064092564
2010-07-19,0.0030711947408414986
2010-07-20,-0.010169252512019056
2010-07-21,0.0015723184458211747
2010-07-22,0.006252129375446502
2010-07-23,0.0008725956861777018
2010-07-26,-0.0006620015355381925
2010-07-27,-0.002260476237594622
2010-07-28,-0.0025881241195735427
2010-07-29,-0.008752313056003769
2010-07-30,-0.0005732243113178992
2010-08-02,-0.00217877303325531
2010-08-03,-0.0028993914255553976
2010-08-04,0.0030242509911941884
2010-08-05,-0.001063488748087038
2010-08-06,-0.0035521879656764677
2010-08-09,0.003798457769528696
2010-08-10,-0.011867688414543665
2010-08-11,-0.012969734516743658
2010-08-12,-0.010352410022819836
2010-08-13,0.0018167491195821839
2010-08-16,-0.0028129803105279017
2010-08-17,0.006595543203653298
2010-08-18,-5.09948503304436e-05
2010-08-19,-0.002012717259814445
2010-08-20,0.007590137381812134
2010-08-23,0.0031920241485972056
2010-08-24,-0.010538109378601779
2010-08-25,-0.0025299106212949285
2010-08-26,0.004292943035908436
2010-08-27,0.004841492030418282
2010-08-30,-0.0011017179170226266
2010-08-31,-0.004940437139500875
2010-09-01,0.007953796391780843
2010-09-02,0.0018949999797257533
2010-09-03,0.007640258950824652
2010-09-07,0.0007029038101178386
2010-09-08,-0.002018204798755474
2010-09-09,-0.0014809021936249556
2010-09-10,0.00023760481231804853
2010-09-13,-0.0004659501146053735
2010-09-14,-0.00029402109671250454
2010-09-15,-0.005099797786778826
2010-09-16,-0.0013360471962361453
2010-09-17,0.003128981503573769
2010-09-20,0.0012411135534993178
2010-09-21,0.0005352195477210664
2010-09-22,-0.0016550229446775644
2010-09-23,-0.0025206689936857485
2010-09-24,0.009912613760886257
2010-09-27,0.0016553031107864324
2010-09-28,0.002211892515233682
2010-09-29,-0.0017468188830621623
2010-09-30,0.005294081226504321
2010-10-01,0.005154614630500154
2010-10-04,-0.006722687605517641
2010-10-05,0.01931470956334813
2010-10-06,-0.0029041634954880546
2010-10-07,0.004635012667644434
2010-10-08,0.009359831417204534
2010-10-11,0.005461199096494118
2010-10-12,-0.0014280007026828967
2010-10-13,0.01495015673847555
2010-10-14,0.0007579859171424896
2010-10-15,0.01690881548935752
2010-10-18,0.008885553214435626
2010-10-19,-0.041498024783715115
2010-10-20,0.0027485144719499033
2010-10-21,0.04478997920313743
2010-10-22,-0.013360412715868297
2010-10-25,0.008547211453272974
2010-10-26,-0.004582271664111626
2010-10-27,0.0020470985121627816
2010-10-28,0.003041329976098739
2010-10-29,-0.0028735490223004145
2010-11-01,0.006056551751069117
2010-11-02,0.0048627572618227255
2010-11-03,0.004736718309317434
2010-11-04,0.012227661306863258
2010-11-05,0.00605192305841995
2010-11-08,-0.003268412202084847
2010-11-09,0.018879213917405213
2010-11-10,-0.003614344616429954
2010-11-11,-0.011184298438884022
2010-11-12,-0.007308643367818335
2010-11-15,-0.0025439750573073017
2010-11-16,-0.008756463431048522
2010-11-17,-0.0001381355500379433
2010-11-18,0.017001408938513096
2010-11-19,0.0005315409229342816
2010-11-22,0.01095738309780514
2010-11-23,-0.011884834066639649
2010-11-24,0.014068317337848857
2010-11-26,-0.0073481774007924106
2010-11-29,0.0020289909641395543
2010-11-30,-0.012806115603044566
2010-12-01,0.01598352213289056
2010-12-02,-0.008577189341154146
2010-12-03,-0.002748573035854518
2010-12-06,0.006298390921327446
2010-12-07,0.02307650001904271
2010-12-08,-0.005651469935604947
2010-12-09,0.01216732183177105
2010-12-10,0.015055675837594373
2010-12-13,0.0059740513519703775
2010-12-14,-0.005787453301745571
2010-12-15,-0.0003598008330278901
2010-12-16,0.002630957488031216
2010-12-17,0.0054832739987884516
2010-12-20,0.00791863195172926
2010-12-21,0.010908177172911815
2010-12-22,0.004902273392321632
2010-12-23,-0.001194234590430887
2010-12-27,-0.015541363109765838
2010-12-28,0.0015927711928831467
2010-12-29,0.004128623039666435
2010-12-30,-0.000780777215686479
2010-12-31,-0.003911660286899377
2011-01-03,0.008711511844114561
2011-01-04,0.008023288610209844
2011-01-05,0.0009576117089298286
2011-01-06,-0.006277968382726207
2011-01-07,0.0025208989945391114
2011-01-10,-0.004759048250378761
2011-01-11,0.006676443877468907
2011-01-12,0.010329744583426503
2011-01-13,-0.0033998376537779373
2011-01-14,-0.004537691748693784
2011-01-18,-0.002223045006797264
2011-01-19,-0.003723800547534739
2011-01-20,-0.009561244869863317
2011-01-21,0.013360571227243323
2011-01-24,0.004692543414454908
2011-01-25,-0.0041741777916280975
2011-01-26,0.00413768842126383
2011-01-27,0.04572130335036495
2011-01-28,-0.001298061576219145
2011-01-31,-0.007096038116229386
2011-02-01,0.007041183372839432
2011-02-02,-0.012032243690951572
2011-02-03,0.001103195754961206
2011-02-04,0.007795694293809108
2011-02-07,0.003542619666851321
2011-02-08,0.0017896326316260147
2011-02-09,0.0005324477473009903
2011-02-10,-0.011879411003055673
2011-02-11,-0.002141110500809229
2011-02-14,0.014380762347992793
2011-02-15,-0.0075831153110014204
2011-02-16,0.009057919258770974
2011-02-17,-0.01005098534830895
2011-02-18,0.005017307886257649
2011-02-22,-0.03486344721140833
2011-02-23,-0.014877016720382219
2011-02-24,0.016460547482716636
2011-02-25,0.009850117051082297
2011-02-28,0.010885836043672548
2011-03-01,-0.0011126155760546874
2011-03-02,-0.0011471655707698813
2011-03-03,0.01908563798972085
2011-03-04,0.0013617167617976378
2011-03-07,0.010313332198135017
2011-03-08,-0.012806878867798743
2011-03-09,-0.004143183981471177
2011-03-10,-0.02186733331786439
2011-03-11,0.0009050693083827444
2011-03-14,0.000740754839735347
2011-03-15,-0.030790193865857574
2011-03-16,0.00445283099090954
2011-03-17,0.023182851660122905
2011-03-18,0.013063561639581112
2011-03-21,0.020544848276283334
2011-03-22,0.015400939789172341
2011-03-23,0.0002652520735677566
2011-03-24,0.02546678558831683
2011-03-25,-0.0006782420605284667
2011-03-28,0.013686510534620222
2011-03-29,0.0012631942471477142
2011-03-30,0.009911197490533707
2011-03-31,-0.001564774835876026
2011-04-01,0.012084706697486292
2011-04-04,0.007393479176106554
2011-04-05,0.0019942182526566654
2011-04-06,0.011527419826583563
2011-04-07,-0.008589052583472201
2011-04-08,0.010206353438828364
2011-04-11,-0.0012174970977202326
2011-04-12,-0.013165838298797028
2011-04-13,0.009812757498687485
2011-04-14,-0.006643691412004271
2011-04-15,-0.0011631341615636615
2011-04-18,-0.0155881545878499
2011-04-19,0.002052358006940258
2011-04-20,0.019144096297778024
2011-04-21,0.0030609967819923423
2011-04-25,0.004396100279467241
2011-04-26,-0.01801161779867666
2011-04-27,0.0043909707297216105
2011-04-28,-0.00489946552923104
2011-04-29,-0.0025924029302183405
2011-05-02,0.015599294113279205
2011-05-03,-0.00471747407458345
2011-05-04,0.0018492333489268376
2011-05-05,-0.009836364708060708
2011-05-06,0.014399972836338648
2011-05-09,0.00766510770785267
2011-05-10,0.00541592361106491
2011-05-11,0.0020716042608739382
2011-05-12,-0.0019291297354464554
2011-05-13,-0.0088033604895289
2011-05-16,-0.0050817574954304945
2011-05-17,-0.008772027654825765
2011-05-18,0.0035539472221270962
2011-05-19,0.004929837697291273
2011-05-20,-0.005579692160757266
2011-05-23,-0.017921379512369384
2011-05-24,0.008054792204837069
2011-05-25,-0.004010925664211018
2011-05-26,-0.003770836797823751
2011-05-27,0.003169822502833819
2011-05-31,0.01487547093878705
2011-06-01,-0.005540363011006799
2011-06-02,0.0013556593828012442
2011-06-03,-0.004696882777965761
2011-06-06,-9.621946864257769e-05
2011-06-07,0.0027787263244372085
2011-06-08,-0.0023888393122151186
2011-06-09,0.0009045858675711393
2011-06-10,0.000731677604058012
2011-06-13,0.0002687216603312059
2011-06-14,0.004261551081545578
2011-06-15,-0.0037383929348367984
2011-06-16,0.0011462456994080217
2011-06-17,0.0037505598582507904
2011-06-20,-0.000977323589501644
2011-06-21,0.0025279492941563397
2011-06-22,-0.0010849624891661191
2011-06-23,-0.004525090316515046
2011-06-24,-0.00947887741326181
2011-06-27,0.0007990025722948157
2011-06-28,0.00044428013969666225
2011-06-29,0.0019234433055810296
2011-06-30,0.002009264577915726
2011-07-01,-0.0001830555535904388
2011-07-05,0.001232945516581152
2011-07-06,-0.0016619830523207924
2011-07-07,0.0030786981204689035
2011-07-08,-0.00484757194560248
2011-07-11,-0.005858972755519831
2011-07-12,-0.0025632979207003137
2011-07-13,0.0028243549760458286
2011-07-14,0.0008769810965771896
2011-07-15,0.002227807828831807
2011-07-18,-0.0023625517382330763
2011-07-19,0.002923894419642359
2011-07-20,0.0014442779977879017
2011-07-21,0.0017101412439042285
2011-07-22,0.005325190083265152
2011-07-25,-0.005545268143814397
2011-07-26,-0.0018280280956664008
2011-07-27,-0.0029328388797175142
2011-07-28,-0.0008374356844753628
2011-07-29,-0.0036090245532162113
2011-08-01,0.0065371063325943
2011-08-02,-0.0024094117654153147
2011-08-03,0.00014197135468929645
2011-08-04,-0.007098733910618549
2011-08-05,0.0057094748780510685
2011-08-08,-0.016597500631095774
2011-08-09,0.008537703420607112
2011-08-10,-0.012599395089583854
2011-08-11,0.002991324011596186
2011-08-12,0.01337615867676245
2011-08-15,0.0034808758543907192
2011-08-16,-0.004221637920098109
2011-08-17,0.0011780242056658174
2011-08-18,0.003070050474145658
2011-08-19,0.006468361408240808
2011-08-22,-0.009098450010814885
2011-08-23,-0.001706588029783851
2011-08-24,0.0023829665574601755
2011-08-25,-0.001347390642955859
2011-08-26,0.0012618069623413497
2011-08-29,0.003346981110487812
2011-08-30,-0.0009354697514719623
2011-08-31,-0.002318691125150818
2011-09-01,-0.0009146976499810888
2011-09-02,0.00542024295708643
2011-09-06,0.009321174583662994
2011-09-07,-0.0006306678006650079
2011-09-08,0.0019534026418377426
2011-09-09,0.0027796451984425374
2011-09-12,0.0062989989631658805
2011-09-13,0.00036280899827589863
2011-09-14,-0.00045750188563331573
2011-09-15,-0.004135188345913199
2011-09-16,-0.0011809017043538095
2011-09-19,0.003114552474183574
2011-09-20,-0.0017074694100516208
2011-09-21,-0.0012535866979701549
2011-09-22,0.00746916936101738
2011-09-23,0.004331005400640242
2011-09-26,-0.001016742449471808
2011-09-27,-0.006874006691705792
2011-09-28,-0.003812194867381713
2011-09-29,-0.014255003277146017
2011-09-30,0.002028660494918677
2011-10-03,0.0020172760477490392
2011-10-04,0.0010419092640032712
2011-10-05,-5.154602242918305e-05
2011-10-06,0.0018715480880138191
2011-10-07,0.0017945752759804812
2011-10-10,-0.005315116754617044
2011-10-11,-9.980369587325733e-05
2011-10-12,-0.0014588802363064701
2011-10-13,-0.00023529232610852713
2011-10-14,-0.0034147147541034872
2011-10-17,0.0006856693278447512
2011-10-18,0.0011123675615472006
2011-10-19,0.004297539817526674
2011-10-20,-0.004648632254769303
2011-10-21,-0.0023536635543828233
2011-10-24,-0.001693296682399148
2011-10-25,-0.003159378480592223
2011-10-26,0.004869651114975504
2011-10-27,0.010263929806443528
2011-10-28,0.00035503796555880207
2011-10-31,-0.007227660039934358
2011-11-01,-0.01193309621490879
2011-11-02,0.015226655908746611
2011-11-03,0.006359546113717807
2011-11-04,-0.007186189256489395
2011-11-07,-0.0037553316677724213
2011-11-08,0.005522664121613063
2011-11-09,-0.027090843900175687
2011-11-10,0.010315118191903894
2011-11-11,0.010722462010756884
2011-11-14,-0.003011161887153224
2011-11-15,0.0013391784753629121
2011-11-16,-0.0050998863577391695
2011-11-17,-0.0018334476272140465
2011-11-18,0.004155834642127765
2011-11-21,-0.016492877574177056
2011-11-22,0.002640301854121674
2011-11-23,-0.009129254588108648
2011-11-25,-0.0027027387660258917
2011-11-28,0.0358542095760952
2011-11-29,-0.0007803230582277276
2011-11-30,0.031116801160596674
2011-12-01,-0.004914370560811565
2011-12-02,0.006924368912052836
2011-12-05,0.013807112021495982
2011-12-06,-0.0046688589128963676
2011-12-07,-0.003754293456274982
2011-12-08,-0.004014210363490145
2011-12-09,0.00396574590018961
2011-12-12,-0.010443679602550882
2011-12-13,0.0059804311697371215
2011-12-14,-0.006739817530459935
2011-12-15,0.008497553069109154
2011-12-16,0.008752005184967437
2011-12-19,0.003945532740864843
2011-12-20,0.011735289292259532
2011-12-21,-0.0004191586644680667
2011-12-22,0.0033654433441074882
2011-12-23,0.0036915888282804676
2011-12-27,-0.0018951148557929676
2011-12-28,0.0035600094379089064
2011-12-29,0.00306604759194129
2011-12-30,-0.001075319191459534
2012-01-03,0.012279814138447032
2012-01-04,-0.00254507971039708
2012-01-05,-0.006435617313132913
2012-01-06,0.0029766330170482025
2012-01-09,-0.00026438781020643454
2012-01-10,0.017381018634244016
2012-01-11,-0.0003248651204761366
2012-01-12,0.007956614072873958
2012-01-13,-0.008037922890924198
2012-01-17,0.017734728594070104
2012-01-18,0.0006826905067951472
2012-01-19,0.013368586322729525
2012-01-20,-0.06854375414827119
2012-01-23,0.003775427047979063
2012-01-24,-0.0021282125239826533
2012-01-25,0.04755485082539468
2012-01-26,0.007076086471560217
2012-01-27,0.004675948213753278
2012-01-30,-0.006088837040616912
2012-01-31,0.014391949663300041
2012-02-01,0.01241832644187113
2012-02-02,0.0011647937657235374
2012-02-03,0.008135698963659177
2012-02-06,-0.005038046940579188
2012-02-07,0.000843956424077863
2012-02-08,0.003021790342433661
2012-02-09,0.005288449353222147
2012-02-10,-0.006059712225236269
2012-02-13,0.012438216311987604
2012-02-14,0.001831024092459943
2012-02-15,0.008061479056258314
2012-02-16,-0.010548604260295691
2012-02-17,0.001378512937233456
2012-02-21,0.005972139713749769
2012-02-22,-0.0022358180411862216
2012-02-23,0.001993277191808751
2012-02-24,0.005196992249137944
2012-02-27,-0.0011092620926488328
2012-02-28,0.004388773970947613
2012-02-29,0.009126636396509458
2012-03-01,0.008481644667294397
2012-03-02,-0.0006344977330261514
2012-03-05,-0.0011413681118458419
2012-03-06,-0.01617232815551861
2012-03-07,0.009451045778614109
2012-03-08,0.007688567289092063
2012-03-09,0.003481888741655448
2012-03-12,0.003879801693417617
2012-03-13,0.010049751033074372
2012-03-14,0.013391426710271048
2012-03-15,0.01185439814535827
2012-03-16,-0.0011794851592349387
2012-03-19,0.013255021506904496
2012-03-20,-0.003960908355079007
2012-03-21,-0.002070557103580395
2012-03-22,-0.0071051071812308075
2012-03-23,-0.00020618367889535527
2012-03-26,0.006999765296222371
2012-03-27,-0.0003554867039941012
2012-03-28,0.0028575527459608896
2012-03-29,-0.007402755559888341
2012-03-30,0.0018212667567623075
2012-04-02,0.002403463545052942
2012-04-03,0.008318493879845512
2012-04-04,-0.009517498711097971
2012-04-05,0.0026674777874051703
2012-04-09,-0.012958044822478199
2012-04-10,0.004357832387325455
2012-04-11,0.012568012295366193
2012-04-12,0.0006717805362164153
2012-04-13,-0.00033337198798544243
2012-04-16,0.00703155716186421
2012-04-17,0.00019580030179611185
2012-04-18,0.0027400170565332616
2012-04-19,-0.010144078524003675
2012-04-20,0.004134938644890562
2012-04-23,-0.007448501231110516
2012-04-24,-0.010784238287689485
2012-04-25,0.07327891757325977
2012-04-26,0.003803361025043639
2012-04-27,0.0032567120462774213
2012-04-30,-0.006201056351240353
2012-05-01,0.0007594784737106064
2012-05-02,-0.0025498502277635504
2012-05-03,0.006495342428479711
2012-05-04,-0.00571038435061888
2012-05-07,-0.004616093371659802
2012-05-08,-0.0015251838949310592
2012-05-09,-0.01052173263966738
2012-05-10,0.002941077858226837
2012-05-11,-0.010347056467398419
2012-05-14,-0.008748092486701942
2012-05-15,0.004092071913759154
2012-05-16,0.0029079392685358307
2012-05-17,-0.00016496857265146936
2012-05-18,0.006518302311254942
2012-05-21,0.006333004123187047
2012-05-22,0.010562251287388635
2012-05-23,-0.0013235137910401207
2012-05-24,0.0073402102206132636
2012-05-25,-0.0008382366478310033
2012-05-29,0.014177041475445629
2012-05-30,-0.007759004047571572
2012-05-31,0.0018560345659439648
2012-06-01,-0.018048315683740435
2012-06-04,0.0005265516850618823
2012-06-05,0.0009204194625787032
2012-06-06,0.0016329440966071918
2012-06-07,0.002784907301224937
2012-06-08,-0.0007069722416063184
2012-06-11,0.002410102607379283
2012-06-12,0.0009957634241180013
2012-06-13,-0.00023995158530587535
2012-06-14,-6.456988053438195e-05
2012-06-15,0.00034515737370721666
2012-06-18,-0.0011059274561268095
2012-06-19,0.001988587750206827
2012-06-20,0.0007047421558106226
2012-06-21,-0.0008482828081045612
2012-06-22,0.000953635617423565
2012-06-25,-0.001428236653288173
2012-06-26,0.000634286588162114
2012-06-27,0.0005835374840483798
2012-06-28,-0.001988565164251832
2012-06-29,0.004043610147834276
2012-07-02,0.003199586411120503
2012-07-03,0.00016453612540523466
2012-07-05,-0.0017237000285983406
2012-07-06,-0.0022502066720953007
2012-07-09,-0.000748903972002557
2012-07-10,-0.0009272741110816218
2012-07-11,0.0003233083424833971
2012-07-12,-0.0011507163620120275
2012-07-13,0.0002005789196390939
2012-07-16,-0.0007497955887567631
2012-07-17,0.0007622090199692622
2012-07-18,-0.0006033907285170059
2012-07-19,0.002239146382791546
2012-07-20,0.0001328144926431296
2012-07-23,-0.003388060263864512
2012-07-24,0.00022990710029335837
2012-07-25,0.0006895585447306285
2012-07-26,0.0035752543845082307
2012-07-27,0.001223436893418306
2012-07-30,-0.0016403090019795341
2012-07-31,0.0005790876741680329
2012-08-01,0.00141768574953538
2012-08-02,-0.0013698964849963025
2012-08-03,0.004629002710535346
2012-08-06,0.0009032528224215408
2012-08-07,0.0027376369466851624
2012-08-08,-0.0009380601670992972
2012-08-09,-0.0005273501034053218
2012-08-10,-0.0005636962546571311
2012-08-13,-0.00027742655430118557
2012-08-14,0.001517073927618684
2012-08-15,8.166148293908826e-05
2012-08-16,0.0006927311623812216
2012-08-17,-0.0024984909751400997
2012-08-20,-0.0004950888619280613
2012-08-21,0.0006744930544091421
2012-08-22,-0.0006564772464540125
2012-08-23,-0.0007348547966253838
2012-08-24,-0.0002769000433872071
2012-08-27,0.0003157542535536795
2012-08-28,-0.0006259592834545469
2012-08-29,0.00038365311649246614
2012-08-30,-0.00037558325582243146
2012-08-31,0.0012798910908797811
2012-09-04,-0.0005431600090547439
2012-09-05,-0.0009689273500433915
2012-09-06,0.005688058462382406
2012-09-07,0.0033913571438062284
2012-09-10,-0.0008315277271574439
2012-09-11,0.0025496595827723123
2012-09-12,0.007601127372702132
2012-09-13,0.00688254447421599
2012-09-14,0.008630970351009015
2012-09-17,0.008538802800540868
2012-09-18,-0.0014026270271565444
2012-09-19,-0.000623269153597672
2012-09-20,-0.004515775771738562
2012-09-21,0.0038834650725902975
2012-09-24,-0.01591835848603884
2012-09-25,-0.0005646280135982451
2012-09-26,-0.005645788553669928
2012-09-27,0.0007590505423848981
2012-09-28,-0.003525943702694434
2012-10-01,0.006950663130596446
2012-10-02,0.0011374658474809785
2012-10-03,0.0008985644143686411
2012-10-04,0.0007910984354799755
2012-10-05,0.0010633656306728856
2012-10-08,-0.001150999119625129
2012-10-09,-0.0006239847392597309
2012-10-10,-0.00047940996170170447
2012-10-11,0.0009533816282776275
2012-10-12,-0.0021809323386471346
2012-10-15,0.0008018418856772236
2012-10-16,0.0011134397542076346
2012-10-17,-0.001277561791628412
2012-10-18,-0.0002399190942546925
2012-10-19,-0.002093734149635207
2012-10-22,0.001991778495050056
2012-10-23,-0.0022350764359927444
2012-10-24,0.0023760029077397604
2012-10-25,0.001436974734573715
2012-10-26,-0.00018676785507032445
2012-10-31,0.0016386454669217176
2012-11-01,0.0012744219508054044
2012-11-02,0.0006180483344260246
2012-11-05,-0.0010229878762921807
2012-11-06,0.0006429823355473818
2012-11-07,-0.0028960553633704533
2012-11-08,0.0005278705483997559
2012-11-09,0.0001810665368291442
2012-11-12,0.0005791548804396918
2012-11-13,-0.0013887745367033855
2012-11-14,0.0015625711909152962
2012-11-15,0.00028319354840822264
2012-11-16,0.001595010643901773
2012-11-19,0.0017569940022035269
2012-11-20,5.903380915950329e-05
2012-11-21,-0.00018882533814845726
2012-11-23,0.0020078984883065143
2012-11-26,0.00044095717438774606
2012-11-27,0.00022785380007328548
2012-11-28,-0.0010709898220084835
2012-11-29,-0.00010803721100283159
2012-11-30,0.0004526252743073389
2012-12-03,0.0014703596230227767
2012-12-04,0.0008851930629643068
2012-12-05,-1.2587271014385948e-07
2012-12-06,2.351101382247478e-05
2012-12-07,0.000387687677721571
2012-12-10,-0.000559316767528073
2012-12-11,0.0009906570868081221
2012-12-12,0.0011027727533379217
2012-12-13,0.0006365280261022566
2012-12-14,0.00023172458509779226
2012-12-17,0.00045345512151095946
2012-12-18,0.0008740830490532314
2012-12-19,0.0010015452306075812
2012-12-20,0.0003972343651121868
2012-12-21,-0.004200175068541534
2012-12-24,-7.757882555192719e-05
2012-12-26,0.00025077446487409283
2012-12-27,-9.854259509900487e-05
2012-12-28,-0.001694031078285363
2012-12-31,-2.7398186757343623e-05
2013-01-02,0.0047850009297027984
2013-01-03,-0.00023050953595038504
2013-01-04,0.00019152653670895248
2013-01-07,-2.6909184968948452e-05
2013-01-08,0.0002635322754416247
2013-01-09,0.0011791256851014786
2013-01-10,0.0018140495933693934
2013-01-11,-9.508022910331704e-06
2013-01-14,-0.00027071657353550105
2013-01-15,-0.001407649701031799
2013-01-16,-9.104313591601354e-05
2013-01-17,0.0011107823907097192
2013-01-18,-0.0007225824610112008
2013-01-22,0.00013104469396996166
2013-01-23,0.001113634891382942
2013-01-24,-0.0007394384154025824
2013-01-25,0.0013913801004576953
2013-01-28,0.0015022893781213575
2013-01-29,-0.0007650372325721522
2013-01-30,0.00012794691835438243
2013-01-31,0.0008211795810728617
2013-02-01,0.0023436945389778696
2013-02-04,-0.014686828141775354
2013-02-05,0.0004585324393953094
2013-02-06,0.0016826871468529347
2013-02-07,0.0029257729698450863
2013-02-08,0.004728591000176197
2013-02-11,-0.002850457172483112
2013-02-12,-0.00464562986007977
2013-02-13,0.005736222791541623
2013-02-14,0.0010661667324125546
2013-02-15,0.0020280272210739803
2013-02-19,0.0026095551696037056
2013-02-20,0.0027512755526470922
2013-02-21,-0.006418107493974312
2013-02-22,-0.0008209275834532015
2013-02-25,0.005221614988505596
2013-02-26,0.003477614779172189
2013-02-27,-0.0012377513987924527
2013-02-28,0.00011230154158203831
2013-03-01,-0.005948390410302706
2013-03-04,-0.0026591485836312545
2013-03-05,0.01001098154300717
2013-03-06,0.00968921691438318
2013-03-07,-0.00035023846491022415
2013-03-08,0.002321100331264425
2013-03-11,-0.0013134668303288466
2013-03-12,-0.0056326574171916555
2013-03-13,0.0038734957728634445
2013-03-14,0.004541122528670893
2013-03-15,-0.001918095512473239
2013-03-18,-0.016557931492790057
2013-03-19,0.005567293397551465
2013-03-20,0.009623536279739442
2013-03-21,-0.006031606167752335
2013-03-22,0.009377615250761417
2013-03-25,0.0042777324976057685
2013-03-26,0.0061915527017899485
2013-03-27,-0.008562361592645895
2013-03-28,0.0015043728164247927
2013-04-01,0.006552380028510996
2013-04-02,0.007241389308989543
2013-04-03,0.0023825815885101242
2013-04-04,0.0011839516019747087
2013-04-05,-0.015994473417900834
2013-04-08,-0.0011587910536425827
2013-04-09,-0.0008986380635103153
2013-04-10,0.0045029120828217195
2013-04-11,0.002730081774025228
2013-04-12,0.003288206929388471
2013-04-15,-0.002896005445387151
2013-04-16,0.008642823588792314
2013-04-17,-0.008143168423270675
2013-04-18,0.0015031746191402906
2013-04-19,0.0027515236064841186
2013-04-22,0.005452987167393619
2013-04-23,0.04716474783349356
2013-04-24,0.00017784051059144268
2013-04-25,0.004891450646678619
2013-04-26,0.006311010385782856
2013-04-29,0.006753666556231552
2013-04-30,0.0013048435841911399
2013-05-01,0.000677575545886322
2013-05-02,0.01027000120216548
2013-05-03,0.013795975019423423
2013-05-06,-0.0014780463502568342
2013-05-07,0.0006057715344025549
2013-05-08,-0.0007111444361501684
2013-05-09,0.009529604129602243
2013-05-10,0.001606093354745708
2013-05-13,0.003225790819970209
2013-05-14,0.0122960575297828
2013-05-15,0.0008945977908694225
2013-05-16,0.014861932339163442
2013-05-17,0.0060493370652559
2013-05-20,-0.0023067415319364404
2013-05-21,0.0001780818767866954
2013-05-22,-0.0033801226674677887
2013-05-23,-0.017478080738717483
2013-05-24,-0.003404956853536034
2013-05-28,0.020949436788991083
2013-05-29,0.002434775571979797
2013-05-30,0.0014483765059249976
2013-05-31,0.004744302024297875
2013-06-03,-9.815569406568248e-05
2013-06-04,-0.001173746159757627
2013-06-05,-0.010578926460813376
2013-06-06,0.0009910052567605465
2013-06-07,0.008825995213784354
2013-06-10,-0.006453422599241865
2013-06-11,-0.01662020226540628
2013-06-12,0.013000718987079996
2013-06-13,0.004344072405349619
2013-06-14,0.004360500071628248
2013-06-17,0.02370120169864398
2013-06-18,0.0012687743716730537
2013-06-19,-0.0025059914627462154
2013-06-20,-0.01185729342727937
2013-06-21,0.01260847903378437
2013-06-24,-0.016022996278678092
2013-06-25,0.010166898615681541
2013-06-26,0.012605831830897252
2013-06-27,0.008498502174923317
2013-06-28,-2.89334137461017e-05
2013-07-01,0.013328018717999157
2013-07-02,0.0010746141842188361
2013-07-03,-0.0028589046627645054
2013-07-05,0.01166835309392833
2013-07-08,0.009561091569530111
2013-07-09,0.01003446245467865
2013-07-10,-0.00368371500731135
2013-07-11,0.016996034082716882
2013-07-12,0.0018687585935370787
2013-07-15,0.007292887158204531
2013-07-16,1.4927654332641538e-05
2013-07-17,0.00046093721202056237
2013-07-18,0.0044078716697162346
2013-07-19,-0.010377071692605044
2013-07-22,0.004314737783366995
2013-07-23,-0.0012164890211201485
2013-07-24,0.007278304983456829
2013-07-25,-0.0042225669528835885
2013-07-26,0.001748170977665442
2013-07-29,-0.00036274781492495745
2013-07-30,0.004509195571386293
2013-07-31,0.004396701832974248
2013-08-01,0.009606297460838409
2013-08-02,-0.0010944627506965787
2013-08-05,0.006265237817748126
2013-08-06,-0.0028685652885463986
2013-08-07,-0.003207915330829314
2013-08-08,0.04172173134695867
2013-08-09,-0.0049324936143048115
2013-08-12,-0.014164669542488628
2013-08-13,0.008435900967766363
2013-08-14,-0.009702352007471271
2013-08-15,-0.017265515273392373
2013-08-16,0.00900935801991043
2013-08-19,0.006723026320939018
2013-08-20,0.016106456463169216
2013-08-21,-0.0013704636267926062
2013-08-22,0.00614350255225693
2013-08-23,0.007743173134548087
2013-08-26,0.009657434124553221
2013-08-27,-0.016960939893657434
2013-08-28,0.007960379538111573
2013-08-29,-0.0015853739331673777
2013-08-30,0.0075498767204928985
2013-09-03,0.019567068965807843
2013-09-04,0.007733016617679889
2013-09-05,0.0020984055705282056
2013-09-06,0.0029058004412036986
2013-09-09,-0.0015906637609152119
2013-09-10,0.007717617724722903
2013-09-11,-0.0011599020461980913
2013-09-12,0.0030259349208570097
2013-09-13,-0.0010354058690346113
2013-09-16,0.014051426808357803
2013-09-17,-0.0024292486253635337
2013-09-18,-0.0006945812209884217
2013-09-19,0.012045605273826476
2013-09-20,0.0055538702612403235
2013-09-23,0.0022633581750732823
2013-09-24,0.010483890977092791
2013-09-25,0.011223077249098878
2013-09-26,0.010289857479339748
2013-09-27,-0.004180441409550761
2013-09-30,-0.018802780319461143
2013-10-01,0.0006433289484453208
2013-10-02,-0.009365215537761817
2013-10-03,-0.002818868631476512
2013-10-04,0.011593001663284586
2013-10-07,-0.00032314703685898394
2013-10-08,0.00379257951136891
2013-10-09,0.0036040539069803756
2013-10-10,0.02188311770047613
2013-10-11,-0.002042247948160325
2013-10-14,-0.01728550875334367
2013-10-15,0.014864204759045041
2013-10-16,0.009753561767156027
2013-10-17,-0.00012857888118600336
2013-10-18,0.02407145773258801
2013-10-21,0.005701300601892001
2013-10-22,0.0038334390532821505
2013-10-23,-0.01649800523279421
2013-10-24,0.005856178374407994
2013-10-25,0.010492131476709687
2013-10-28,-0.003885483297333181
2013-10-29,0.010245699253491614
2013-10-30,0.008633577678677451
2013-10-31,-0.024824801918983397
2013-11-01,0.012268961918331156
2013-11-04,0.0001152069672587519
2013-11-05,0.0008263606614753449
2013-11-06,-0.028504000229986448
2013-11-07,-0.006231246371373067
2013-11-08,0.0001466495822197711
2013-11-11,-0.0013360882737381008
2013-11-12,-0.002342768393100547
2013-11-13,-0.0007874625918885547
2013-11-14,0.0014066234296481461
2013-11-15,0.0022713310418411847
2013-11-18,-0.006016904367581288
2013-11-19,0.001057201026472665
2013-11-20,0.006532987482756658
2013-11-21,0.01261550117008925
2013-11-22,0.002417562851082966
2013-11-25,0.009785956061098444
2013-11-26,-0.0037618310321269055
2013-11-27,0.003951312419611774
2013-11-29,0.010344526893335315
2013-12-02,-0.0026488695029057707
2013-12-03,-0.004830186250114332
2013-12-04,-0.005735841929155772
2013-12-05,-0.0030264139918185773
2013-12-06,0.01242533018492975
2013-12-09,0.005981585944751178
2013-12-10,-0.0025460996209090148
2013-12-11,-0.0006292117363172478
2013-12-12,0.012375641890386202
2013-12-13,0.006088601562282081
2013-12-16,0.0014275975187310053
2013-12-17,0.008477390176653277
2013-12-18,0.00034679011831384443
2013-12-19,-0.011487993212950465
2013-12-20,0.0013818995980880988
2013-12-23,0.001992037010735803
2013-12-24,0.005306565863246515
2013-12-26,0.003525893084114884
2013-12-27,-0.000609336690482909
2013-12-30,-0.00392659166923115
2013-12-31,0.004636623768267789
2014-01-02,0.00023868586851971685
2014-01-03,0.0009331433443071635
2014-01-06,-0.00030765536953580863
2014-01-07,0.0043377206474879415
2014-01-08,0.008332781084590346
2014-01-09,0.00491176822973749
2014-01-10,0.002413800981634351
2014-01-13,-0.0007543639247069578
2014-01-14,0.00621687245111846
2014-01-15,0.008857788295323132
2014-01-16,-0.0036628111576563205
2014-01-17,-8.431326633551173e-05
2014-01-21,0.006956261477432557
2014-01-22,0.005257658600259951
2014-01-23,0.0028952381852438425
2014-01-24,-0.01111425532996757
2014-01-27,0.004088129306947241
2014-01-28,0.008151237582218362
2014-01-29,-0.011259075830312604
2014-01-30,0.06797222459244678
2014-01-31,-0.014758134189685856
2014-02-03,0.007109555314003035
2014-02-04,0.007289301301195872
2014-02-05,-0.002247169378447711
2014-02-06,-0.0023576589483668142
2014-02-07,0.007719376650725307
2014-02-10,2.6954595984340912e-05
2014-02-11,0.0003997092749536968
2014-02-12,0.0027630963120175434
2014-02-13,-0.006794792955354567
2014-02-14,0.0018160363581587458
2014-02-18,0.0012113463109391098
2014-02-19,-0.004201491850313599
2014-02-20,-0.0004597178974323768
2014-02-21,0.008112297304106564
2014-02-24,0.0033048887253190884
2014-02-25,0.0036472190544443173
2014-02-26,0.004717445493641836
2014-02-27,-8.107503486864953e-05
2014-02-28,0.004309524375934792
2014-03-03,-0.015944198038668755
2014-03-04,0.024001019991106265
2014-03-05,0.008378053696247667
2014-03-06,0.005858703794983988
2014-03-07,0.0030850820118770717
2014-03-10,0.0009538490349099149
2014-03-11,0.0011937010847289375
2014-03-12,-0.007373332095362395
2014-03-13,0.007263247759350611
2014-03-14,-0.0060949210988408
2014-03-17,0.01035151414806812
2014-03-18,0.004644819939496614
2014-03-19,0.0016331017248401025
2014-03-20,-0.0017593569967289113
2014-03-21,0.009417181394755003
2014-03-24,0.0019775196442244347
2014-03-25,0.01131181125371139
2014-03-26,0.0040531064948432505
2014-03-27,-0.0005655765541840996
2014-03-28,0.005603983846389271
2014-03-31,0.012999613212731687
2014-04-01,0.006802202676095659
2014-04-02,0.017717409581165633
2014-04-03,0.002723353066175882
2014-04-04,0.010556428661242512
2014-04-07,-0.008573222086403764
2014-04-08,0.010673918171670627
2014-04-09,0.018026697981208706
2014-04-10,0.005674442169104177
2014-04-11,-0.019987834906411317
2014-04-14,0.019554827204745218
2014-04-15,0.007530715082926909
2014-04-16,0.01380388640118091
2014-04-17,-0.006481443276591281
2014-04-21,0.008761860996778559
2014-04-22,0.011496498353154028
2014-04-23,0.0030812333610290565
2014-04-24,0.022372999776511637
2014-04-25,-0.011285986795879999
2014-04-28,0.005851391868639366
2014-04-29,0.0013993730010024574
2014-04-30,-0.00613774585453386
2014-05-01,0.005708370891915671
2014-05-02,0.003015117698281111
2014-05-05,-0.010620310421350476
2014-05-06,-0.0022164992700306474
2014-05-07,0.0041518437681618
2014-05-08,-0.016622074540221243
2014-05-09,0.0012902747351069
2014-05-12,0.010751488010982913
2014-05-13,-0.0011173342121649776
2014-05-14,-0.003939041898616158
2014-05-15,-0.0005470350558623993
2014-05-16,0.0036507138365051706
2014-05-19,-0.006261026873342068
2014-05-20,0.003864614701055924
2014-05-21,0.004331175252813235
2014-05-22,0.0025424567765335304
2014-05-23,-0.0005061007521225402
2014-05-27,0.00519346461607384
2014-05-28,-0.001540636892241598
2014-05-29,0.005765110151364272
2014-05-30,0.002122985886048756
2014-06-02,0.000643851953122665
2014-06-03,-0.005564803086957393
2014-06-04,-0.004315501932714794
2014-06-05,0.0035736202071776635
2014-06-06,0.005313829080757504
2014-06-09,-0.0011743424992995966
2014-06-10,0.0023329119167705414
2014-06-11,-0.0031961023143018963
2014-06-12,9.629621695417256e-05
2014-06-13,0.004494933312588101
2014-06-16,-0.0025278829197067365
2014-06-17,0.001269417972166842
2014-06-18,0.002013942690619608
2014-06-19,0.001437270044643224
2014-06-20,0.0025243804782977275
2014-06-23,-0.0009693808964963413
2014-06-24,0.00018432430411730039
2014-06-25,-0.0010345713540119705
2014-06-26,0.002920968490613074
2014-06-27,-0.0004963398590230872
2014-06-30,0.0020912315335708254
2014-07-01,0.009069113189812628
2014-07-02,0.000711961001445216
2014-07-03,0.005408509279178686
2014-07-07,-0.0018403110932317945
2014-07-08,-0.004889440583864868
2014-07-09,0.004405391951404658
2014-07-10,-0.020514865011197703
2014-07-11,0.003429766384260846
2014-07-14,0.00855236837885709
2014-07-15,0.0006212764286332995
2014-07-16,0.010551955389537016
2014-07-17,-0.008165018055691475
2014-07-18,0.001764398939738454
2014-07-21,0.00046746864253965903
2014-07-22,0.002713982381634894
2014-07-23,0.005089172163526889
2014-07-24,0.02059272828217029
2014-07-25,-0.0019871605140938664
2014-07-28,0.0002501812617559107
2014-07-29,0.0010177669998829852
2014-07-30,0.00438754352910764
2014-07-31,-0.011446199967602322
2014-08-01,-0.0011839501876215186
2014-08-04,0.002154148717850468
2014-08-05,-0.003997117213305534
2014-08-06,-0.005276980721793945
2014-08-07,0.005444958122892363
2014-08-08,0.00035275947288471166
2014-08-11,0.008841540823604666
2014-08-12,-0.0026797793256052582
2014-08-13,0.004034170659165337
2014-08-14,0.0011163130943672162
2014-08-15,0.0035464523838621975
2014-08-18,0.005316347384318076
2014-08-19,0.0027172507565609294
2014-08-20,-0.003259763558389417
2014-08-21,0.000642564609636409
2014-08-22,-0.0005456217853369028
2014-08-25,0.00564476263896263
2014-08-26,0.0012801190130593554
2014-08-27,0.00019658809646672104
2014-08-28,-0.005478197993111333
2014-08-29,0.008185390944079884
2014-09-02,0.005980421855821927
2014-09-03,0.0013777082191255285
2014-09-04,0.00031640840791902214
2014-09-05,0.002528220010518112
2014-09-08,0.0009384328342110226
2014-09-09,0.0017677413152530352
2014-09-10,0.0010720287975616305
2014-09-11,-0.004972685014760447
2014-09-12,-0.0016892788220466137
2014-09-15,0.0030961789127617045
2014-09-16,-0.013210814361146794
2014-09-17,0.002224428633142761
2014-09-18,0.0046114503024801135
2014-09-19,0.00622475980174042
2014-09-22,0.0015362726993231046
2014-09-23,-0.005315331743199425
2014-09-24,-0.0007951453018033572
2014-09-25,-0.006416168509596143
2014-09-26,0.010808501354840239
2014-09-29,-0.017280964510559604
2014-09-30,0.005206894535910722
2014-10-01,-0.0015548832380949396
2014-10-02,0.000280162845283094
2014-10-03,0.002448803407790301
2014-10-06,0.00041851622424204926
2014-10-07,-0.0043765385459236805
2014-10-08,6.263493743419168e-05
2014-10-09,0.0013570437183367812
2014-10-10,-0.009114652707126414
2014-10-13,0.006540645366156728
2014-10-14,0.011280794494719304
2014-10-15,-0.018901244487144475
2014-10-16,-0.023146420822348412
2014-10-17,0.019054222848328806
2014-10-20,0.0029945158854947085
2014-10-21,0.02384229006469174
2014-10-22,0.003920896474363111
2014-10-23,0.013090592624411146
2014-10-24,0.003245736990357573
2014-10-27,-0.0005456266860189851
2014-10-28,0.002621269228126888
2014-10-29,-0.021660483197961877
2014-10-30,-0.0070946467593698825
2014-10-31,0.01694261885806503
2014-11-03,0.003621364641485103
2014-11-04,-0.003901939906967966
2014-11-05,0.005659390622521077
2014-11-06,0.0022512086117807417
2014-11-07,0.0033853118795938997
2014-11-10,0.003410560467659085
2014-11-11,0.00030137683031572493
2014-11-12,-0.003233181255713702
2014-11-13,0.003035992257797826
2014-11-14,0.0005433195092019449
2014-11-17,-0.0028228470281171925
2014-11-18,0.0016519142119608698
2014-11-19,-0.004393176506558127
2014-11-20,-0.0011426082433048101
2014-11-21,0.013489958322909112
2014-11-24,0.004352227634715877
2014-11-25,0.003567004216813663
2014-11-26,0.0013275609958918189
2014-11-28,0.0017120054029879928
2014-12-01,-0.003476958874410463
2014-12-02,-0.0027025515302772085
2014-12-03,0.0026474833512444285
2014-12-04,-0.0004707032625236307
2014-12-05,0.0034434368069649057
2014-12-08,-0.004810055247111533
2014-12-09,-0.017361576529704603
2014-12-10,-0.0010724845785068382
2014-12-11,0.005160457631693038
2014-12-12,-0.010900697656756608
2014-12-15,0.00849285077673656
2014-12-16,-0.011222865605211796
2014-12-17,0.0006235315036504652
2014-12-18,0.021348945336433056
2014-12-19,-8.234680874219524e-05
2014-12-22,-0.007081604299744582
2014-12-23,0.004622937240821079
2014-12-24,-0.0007035289153054514
2014-12-26,0.0031815568089579305
2014-12-29,0.0011633469804379626
2014-12-30,-0.002823278290915998
2014-12-31,0.003283214749368657
2015-01-02,0.007076155123638239
2015-01-05,-0.004929187394276946
2015-01-06,0.004971424758932086
2015-01-07,0.00762574749994549
2015-01-08,0.01237281681467306
2015-01-09,0.004869242847139299
2015-01-12,0.003767399789248227
2015-01-13,0.013196797840398622
2015-01-14,-0.011707211672439377
2015-01-15,0.003473545496236241
2015-01-16,-0.00014303682142036145
2015-01-20,0.009216729786682087
2015-01-21,-0.0025502862650960134
2015-01-22,0.004858896985645567
2015-01-23,-0.001782735115966938
2015-01-26,0.00023695886428409807
2015-01-27,-0.01182594619143984
2015-01-28,0.0364236746219635
2015-01-29,0.0033041208168087532
2015-01-30,-0.001954633355025437
2015-02-02,0.00598109989006268
2015-02-03,-0.0006965696450909054
2015-02-04,-0.009991762576684105
2015-02-05,0.006120929337442904
2015-02-06,0.0005056293774101661
2015-02-09,-0.0041840377652037075
2015-02-10,0.005024356154621934
2015-02-11,0.00346964745815459
2015-02-12,0.008399555559529537
2015-02-13,0.004893457586141237
2015-02-17,0.001082493091997927
2015-02-18,-0.001398608803601098
2015-02-19,-0.0007860838772345558
2015-02-20,0.0004694794314619166
2015-02-23,0.003021041136975766
2015-02-24,0.0004903186515823332
2015-02-25,-0.002702596818105807
2015-02-26,0.0012186331588486254
2015-02-27,-0.00027198976693876276
2015-03-02,0.007160375791463558
2015-03-03,-0.0018717031393730155
2015-03-04,-0.002705848862159299
2015-03-05,0.002088089361268919
2015-03-06,0.005081326388400864
2015-03-09,0.005465574886965641
2015-03-10,-0.0077097089158389975
2015-03-11,0.001715968553215097
2015-03-12,0.0011014542157896656
2015-03-13,-0.0013392238934899492
2015-03-16,0.004886951802590245
2015-03-17,0.0011978575995310603
2015-03-18,-0.0016107039995189032
2015-03-19,0.0021322409507189555
2015-03-20,0.010803117350020042
2015-03-23,0.0022576070944713145
2015-03-24,-0.00012068930843678327
2015-03-25,-0.001144208861948548
2015-03-26,-0.00812773934854627
2015-03-27,0.0019333958545830754
2015-03-30,0.007293287479804844
2015-03-31,-0.002925249026684118
2015-04-01,0.00023616755952393653
2015-04-02,0.0012815429189965144
2015-04-06,-0.0009031887317247911
2015-04-07,-2.4830883557425132e-05
2015-04-08,-0.0005773218630883425
2015-04-09,-0.0002724293188817173
2015-04-10,-9.179292737826472e-05
2015-04-13,4.634016585969292e-05
2015-04-14,-0.000327930976115276
2015-04-15,0.0007361573408415367
2015-04-16,-0.0007576995979253764
2015-04-17,-0.001372191401965095
2015-04-20,0.00035833291991438365
2015-04-21,0.0007602059423819085
2015-04-22,0.0013962715631459233
2015-04-23,-0.0015692717546775814
2015-04-24,0.0004579675977585129
2015-04-27,0.00028993968855961505
2015-04-28,2.960172633059699e-05
2015-04-29,-0.0009265606869962584
2015-04-30,-0.00020809760055917614
2015-05-01,0.0005629182736750504
2015-05-04,0.004697711822275519
2015-05-05,0.0006303756432453067
2015-05-06,0.004846191486058693
2015-05-07,0.003328036580284355
2015-05-08,0.008797123625982284
2015-05-11,8.450702267071009e-06
2015-05-12,-0.005492651363018797
2015-05-13,0.001305789749977082
2015-05-14,0.008810393482231893
2015-05-15,0.0036841962732681033
2015-05-18,-0.0026593304756148406
2015-05-19,0.0029475382795220995
2015-05-20,-0.00019937303457406852
2015-05-21,0.0012814967578733683
2015-05-22,0.0005516035858246227
2015-05-26,-0.00038401094947815295
2015-05-27,0.0037809231398420184
2015-05-28,-0.000985419320376879
2015-05-29,-0.002073886227487498
2015-06-01,0.0018125361243490623
2015-06-02,-0.00023185059729102786
2015-06-03,0.0009511923641458697
2015-06-04,-0.0005179262007088958
2015-06-05,-0.00015508058531232827
2015-06-08,-0.0003392859042888885
2015-06-09,0.00016224356218308422
2015-06-10,0.0003338311684035755
2015-06-11,-7.490242106877876e-05
2015-06-12,-0.0006731801173014418
2015-06-15,-0.0020351283539185028
2015-06-16,-0.0004181980167254906
2015-06-17,2.5839633687407826e-05
2015-06-18,0.0004792028177518226
2015-06-19,0.0005780285881342717
2015-06-22,8.916599781327861e-05
2015-06-23,0.0002699373657497617
2015-06-24,4.4387437444282085e-05
2015-06-25,0.00021524754399271373
2015-06-26,-0.006457958594990654
2015-06-29,-0.00149190506840724
2015-06-30,0.0010358755945207854
2015-07-01,0.0013642168779266495
2015-07-02,0.0001214321923883599
2015-07-06,-0.0012747677777337207
2015-07-07,-0.0012768888064224049
2015-07-08,-0.0013706693322985686
2015-07-09,0.0015760863837901429
2015-07-10,0.0012956853794801049
2015-07-13,0.0012749221059116245
2015-07-14,0.005644350379790719
2015-07-15,-0.00023337319162841652
2015-07-16,0.0013812679503322212
2015-07-17,-0.00012872750029024882
2015-07-20,0.00022487582834007647
2015-07-21,-3.939295353394545e-05
2015-07-22,-0.002776998562746824
2015-07-23,0.001446133279254358
2015-07-24,5.047981587380512e-05
2015-07-27,-0.001074923453416754
2015-07-28,0.0010725527993142858
2015-07-29,0.0005757969163713295
2015-07-30,-0.0010176471971623524
2015-07-31,0.00064676734478053
2015-08-03,0.0006044777236013932
2015-08-04,0.0003416925095987011
2015-08-05,0.0008415512903794387
2015-08-06,-9.245377963607027e-05
2015-08-07,-0.000404718903593948
2015-08-10,0.0003681044185972482
2015-08-11,-0.0010351116112512493
2015-08-12,-0.001692938380178477
2015-08-13,1.2719321633714031e-06
2015-08-14,-7.749617848207269e-05
2015-08-17,-0.0014351157116149205
2015-08-18,-0.00043268662744433417
2015-08-19,-0.0005336322067447385
2015-08-20,-0.001963077075194053
2015-08-21,-0.0012095801393864347
2015-08-24,-0.00500790301431564
2015-08-25,0.004033050964662888
2015-08-26,0.0025779892362223222
2015-08-27,0.001904320044312291
2015-08-28,0.001209983214070398
2015-08-31,-0.00054636802476693
2015-09-01,-0.0033296310081748492
2015-09-02,0.002116976132220394
2015-09-03,0.0011444257716810569
2015-09-04,-0.001960193590795467
2015-09-08,0.0034219327515414566
2015-09-09,-0.009352135389649852
2015-09-10,0.0007062241653186252
2015-09-11,0.00205898538967908
2015-09-14,-0.002885133410236995
2015-09-15,-0.0020295188234049633
2015-09-16,1.1791362736657263e-05
2015-09-17,0.0006367183066309234
2015-09-18,0.012023849429669609
2015-09-21,-0.0038048276390504343
2015-09-22,0.011998482837358937
2015-09-23,-0.0019609130914770567
2015-09-24,0.007452202806537578
2015-09-25,-0.008602699897905297
2015-09-28,0.002942294034303572
2015-09-29,-0.0019040045001409434
2015-09-30,-0.010880397920622231
2015-10-01,-0.0030020199028479855
2015-10-02,0.012312946513224121
2015-10-05,-0.004733351715201284
2015-10-06,0.0022718087401025766
2015-10-07,-0.0041308018911355715
2015-10-08,0.0032144794520279074
2015-10-09,-0.0012680448470985262
2015-10-12,-0.0005635084597254147
2015-10-13,0.00370744253573263
2015-10-14,0.0006581274758903355
2015-10-15,-0.0031357866230899978
2015-10-16,-0.001910748399060913
2015-10-19,0.001528020656186957
2015-10-20,0.0009966582133655866
2015-10-21,-0.005353062494130811
2015-10-22,-0.007093319036070689
2015-10-23,-0.02274233644983259
2015-10-26,0.0001827695596905432
2015-10-27,0.0007851225519961424
2015-10-28,0.0011934480067976594
2015-10-29,-0.002343445133067279
2015-10-30,0.0008517986998650695
2015-11-02,0.0012216091669783324
2015-11-03,-0.0015719226476104131
2015-11-04,0.0031886511156973274
2015-11-05,0.011893721946210745
2015-11-06,-0.0012081178983430751
2015-11-09,-0.003473546345274525
2015-11-10,-0.004413658555384892
2015-11-11,0.004603704000169628
2015-11-12,-0.004023248367719501
2015-11-13,-0.0040250917404685005
2015-11-16,-0.004124438679717235
2015-11-17,0.004021295727421492
2015-11-18,0.005028985866147195
2015-11-19,0.0029724910292925344
2015-11-20,0.0085705091214896
2015-11-23,0.0008602854349908373
2015-11-24,-0.009067319397343176
2015-11-25,0.004012719982813717
2015-11-27,0.002231878816549626
2015-11-30,0.0024470405304020115
2015-12-01,0.0072890208223461705
2015-12-02,0.0014433555402662002
2015-12-03,0.004380369473780066
2015-12-04,0.0013003870559475939
2015-12-07,0.0018892880235192866
2015-12-08,-0.014350385430274337
2015-12-09,-0.002069906204953398
2015-12-10,0.0038413391564096067
2015-12-11,-0.01346686030628963
2015-12-14,0.003305834164662347
2015-12-15,0.009184186346960166
2015-12-16,0.008194378662965907
2015-12-17,0.006432437324201068
2015-12-18,-0.004369153532112313
2015-12-21,0.00874283975736967
2015-12-22,0.00437196635957382
2015-12-23,0.004889091813323754
2015-12-24,0.000327229566071896
2015-12-28,0.00031916954813526743
2015-12-29,0.0056673307341401635
2015-12-30,-0.0013868971991516377
2015-12-31,-0.003819223711418407
2016-01-04,-0.02624380616401467
2016-01-05,0.006682568887110829
2016-01-06,-0.01725500199840413
2016-01-07,-0.019837116762277618
2016-01-08,0.012530009517756957
2016-01-11,0.005184537151283974
2016-01-12,0.011091744331920284
2016-01-13,0.005097861121402092
2016-01-14,0.0015453780846039766
2016-01-15,-0.037130415681112305
2016-01-19,0.01471763307757823
2016-01-20,-0.014847032743463662
2016-01-21,0.004815819848547065
2016-01-22,0.004794524484112106
2016-01-25,0.003009977961937027
2016-01-26,0.0026356505089693005
2016-01-27,0.004645113123638689
2016-01-28,0.03991453034924719
2016-01-29,-0.018437428798539934
2016-02-01,0.002344663288398774
2016-02-02,0.0016625737672510965
2016-02-03,-0.003453194870813747
2016-02-04,0.002449976324090386
2016-02-05,0.0029235992539184963
2016-02-08,0.014851882244642622
2016-02-09,0.010360347785231427
2016-02-10,-0.009595658505657578
2016-02-11,0.009570981622663899
2016-02-12,-0.008113587463901228
2016-02-16,-0.011745884265234707
2016-02-17,-0.00664771757038829
2016-02-18,-0.00032852065066779623
2016-02-19,0.0035345724459334704
2016-02-22,-0.007233699053022957
2016-02-23,0.004967258378916428
2016-02-24,0.009346242736009813
2016-02-25,-0.0009746542799095037
2016-02-26,-0.0052437914033761635
2016-02-29,0.0011532822592439373
2016-03-01,-0.007632401483380069
2016-03-02,0.0008908297170344692
2016-03-03,0.0012627272820686652
2016-03-04,0.0011300188836349534
2016-03-07,0.003222292996445386
2016-03-08,0.005788871862696832
2016-03-09,-0.0024458832786887763
2016-03-10,-0.003911872582907927
2016-03-11,-0.008327939641072812
2016-03-14,0.0019003187045338876
2016-03-15,0.0032513284518354
2016-03-16,0.0018366371816236349
2016-03-17,0.002956565943284639
2016-03-18,-0.001710344383113127
2016-03-21,0.0020670770915334202
2016-03-22,0.004046271675101076
2016-03-23,0.0011667404836890327
2016-03-24,0.004586141449719028
2016-03-28,-0.0020482103878312063
2016-03-29,0.0012894858116221375
2016-03-30,-0.004890566585282863
2016-03-31,0.0004817899903060141
2016-04-01,0.004056574439444516
2016-04-04,-0.0019313158991896007
2016-04-05,-0.00016643783587533267
2016-04-06,-0.000496065429663517
2016-04-07,0.001532077378307406
2016-04-08,0.00023226600743742054
2016-04-11,-0.0005704317738809417
2016-04-12,0.0018612049336113046
2016-04-13,0.008769235513662377
2016-04-14,0.0001288250360798049
2016-04-15,-2.611644585903683e-05
2016-04-18,-0.001003830362725
2016-04-19,0.003444030048170177
2016-04-20,0.0021540879078687514
2016-04-21,0.0010013448025869565
2016-04-22,-0.019347502272931916
2016-04-25,-0.0037784656843105058
2016-04-26,0.0027097236382964685
2016-04-27,-0.004059950423002223
2016-04-28,0.02428188303215717
2016-04-29,0.01117227926819453
2016-05-02,0.003668017758901021
2016-05-03,-0.0096763465343217
2016-05-04,-0.008181345478858737
2016-05-05,0.004761136756991968
2016-05-06,-0.004763336824890052
2016-05-09,0.001003791624052397
2016-05-10,0.0062955097529395765
2016-05-11,-0.0011298907773512612
2016-05-12,0.004850250911530907
2016-05-13,-0.00016665308260110923
2016-05-16,-0.0020180435830918775
2016-05-17,-0.0005015957461217413
2016-05-18,0.0037645342959053973
2016-05-19,-0.0033255288070532796
2016-05-20,0.004078300024476622
2016-05-23,0.0008870249414478781
2016-05-24,0.0030124472900014965
2016-05-25,0.0025465326945992572
2016-05-26,0.0009666481153023376
2016-05-27,-7.254893744335078e-05
2016-05-31,0.0005692668933021672
2016-06-01,-0.0019143849446584538
2016-06-02,-0.0008911968130494996
2016-06-03,0.00040867701806934775
2016-06-06,0.0006706209639852911
2016-06-07,0.0030895324102344635
2016-06-08,0.001113436424246439
2016-06-09,-0.004865010921494384
2016-06-10,-0.009617200411167759
2016-06-13,-0.005301048921798723
2016-06-14,8.783040891580107e-05
2016-06-15,0.002722297395175044
2016-06-16,-0.004231544362254591
2016-06-17,-0.0001685618187319271
2016-06-20,0.0113213913504433
2016-06-21,0.003542482117710577
2016-06-22,-0.004089496814178806
2016-06-23,0.006263399691779803
2016-06-24,-0.038167632169891164
2016-06-27,-0.008265509338171051
2016-06-28,0.014220594709623002
2016-06-29,0.009714171481826295
2016-06-30,0.0035427982163254157
2016-07-01,-0.003079000207349414
2016-07-05,-0.007176662072310935
2016-07-06,-0.005638569659825787
2016-07-07,0.0008619941146528198
2016-07-08,0.007076757996398619
2016-07-11,0.006234060665137209
2016-07-12,0.005144261472464162
2016-07-13,0.002648944824572119
2016-07-14,0.006404556408850404
2016-07-15,0.004018006972531296
2016-07-18,0.002318107603168862
2016-07-19,-0.0036102586075257292
2016-07-20,0.00565206870587498
2016-07-21,-0.00020535276916933132
2016-07-22,0.0022093725879228643
2016-07-25,0.0028246143588692707
2016-07-26,0.003791439668825891
2016-07-27,0.004671342112816168
2016-07-28,0.005689749061918548
2016-07-29,0.0025381094426482065
2016-08-01,0.0011264646436144332
2016-08-02,-0.0016087047913286856
2016-08-03,-0.0023185230304892945
2016-08-04,0.0009243094189239631
2016-08-05,0.008389650686422945
2016-08-08,0.0005315070405091937
2016-08-09,0.0024198044403447305
2016-08-10,0.0001954107145394346
2016-08-11,0.0027111633192133944
2016-08-12,-0.0006873543221913581
2016-08-15,0.0017420596283224121
2016-08-16,-0.0014201973214628127
2016-08-17,0.0003823134677536366
2016-08-18,0.00041776228448653363
2016-08-19,-0.00021034910553352493
2016-08-22,-0.0007762191129654372
2016-08-23,0.004478786805208523
2016-08-24,0.0003721610327624969
2016-08-25,-0.0008050675284821951
2016-08-26,0.0017919778235306882
2016-08-29,0.0008002027763602815
2016-08-30,0.0008665538945675788
2016-08-31,-0.0012745431845245792
2016-09-01,0.001082625066393561
2016-09-02,0.004206533969410398
2016-09-06,0.0018150877744198546
2016-09-07,-0.00021391101108059196
2016-09-08,-0.0022224430194335287
2016-09-09,-0.006121247211168579
2016-09-12,-0.005605543573304561
2016-09-13,-0.005109825771279164
2016-09-14,-0.000809907946153321
2016-09-15,0.0007433280482218585
2016-09-16,0.0030215833936937386
2016-09-19,0.004764081321098512
2016-09-20,0.004508448021114164
2016-09-21,0.005658683989269608
2016-09-22,0.005538403535991332
2016-09-23,-0.004668754741526615
2016-09-26,-0.005549663671217231
2016-09-27,0.0013864684945952277
2016-09-28,0.0028380197576973742
2016-09-29,-0.0004940483751777469
2016-09-30,0.003398363552203243
2016-10-03,-0.0014288293847900535
2016-10-04,0.0027384567718646835
2016-10-05,0.0028943414128901335
2016-10-06,-0.0013504435207907228
2016-10-07,0.0022526990853186657
2016-10-10,0.004620817055390303
2016-10-11,-0.0020015997128013385
2016-10-12,0.0002047819471460155
2016-10-13,-0.0073127344157700724
2016-10-14,0.007028327156489711
2016-10-17,0.00038793082344490415
2016-10-18,0.010171730946747948
2016-10-19,-0.0019229464305862143
2016-10-20,-0.0033743644209465185
2016-10-21,-0.003788964988118093
2016-10-24,0.005691281173993312
2016-10-25,0.000268564778562963
2016-10-26,-0.0019952620437122537
2016-10-27,0.008600141791757387
2016-10-28,-0.006080837830069075
2016-10-31,0.00488219030951309
2016-11-01,0.0040238531751981554
2016-11-02,-0.0007286278595540763
2016-11-03,0.002960488633454661
2016-11-04,-0.008248244513162528
2016-11-07,0.017246888958053264
2016-11-08,-0.0004683124204092337
2016-11-09,-0.02100159085162845
2016-11-10,0.0045235244777541705
2016-11-11,0.0018549638165168414
2016-11-14,0.002302453141834082
2016-11-15,0.010248291267727971
2016-11-16,-0.001943443424567981
2016-11-17,0.003653698050878784
2016-11-18,0.0019614601554882594
2016-11-21,0.00555158694138691
2016-11-22,0.006418639679141913
2016-11-23,-0.0030383053779947655
2016-11-25,0.00253150560092652
2016-11-28,-0.0027246563605579643
2016-11-29,-0.0006369952456466432
2016-11-30,0.0014507971172821321
2016-12-01,-0.0002145567750239108
2016-12-02,-0.0036915972673926545
2016-12-05,0.005709371024594345
2016-12-06,0.004034649053195061
2016-12-07,8.997202457661224e-05
2016-12-08,0.002354498698668328
2016-12-09,0.004730756230573396
2016-12-12,-0.004135421146378215
2016-12-13,0.004703944429841789
2016-12-14,-0.0004195327436395946
2016-12-15,0.0019353386364702185
2016-12-16,0.005170234361288051
2016-12-19,0.0012221737161282054
2016-12-20,0.005855075909375174
2016-12-21,0.0012438403341619164
2016-12-22,0.005124033117320126
2016-12-23,-0.0034027764243464986
2016-12-27,0.0037213089796868104
2016-12-28,0.004627315247293762
2016-12-29,-0.006849183008546422
2016-12-30,0.002120273525408889
2017-01-03,0.004236369631947623
2017-01-04,0.002605460162187878
2017-01-05,-0.0005373289950389992
2017-01-06,0.0027506926088507466
2017-01-09,0.0008163546232640151
2017-01-10,0.0013879329744419522
2017-01-11,-0.0010859108160184983
2017-01-12,-0.00516407491549542
2017-01-13,0.0010592677202450052
2017-01-17,-0.0040027038950825045
2017-01-18,-0.0005406479122930241
2017-01-19,0.0033322676001652507
2017-01-20,0.005540240230921922
2017-01-23,-0.001566769011967506
2017-01-24,0.002525904005526547
2017-01-25,0.008708320906323452
2017-01-26,0.0042475149990643946
2017-01-27,0.004066186711471964
2017-01-30,-0.005557828478554461
2017-01-31,-0.005035375661186836
2017-02-01,0.014633347272937414
2017-02-02,-0.002759590638267584
2017-02-03,-0.004476334465398968
2017-02-06,-0.0007532678147005312
2017-02-07,0.00458705436963891
2017-02-08,-0.00048502418390183877
2017-02-09,0.004076161941189538
2017-02-10,0.007961060618632887
2017-02-13,0.0038397629047639548
2017-02-14,-0.001952402353929461
2017-02-15,-0.001715024000351395
2017-02-16,0.0007709254185024328
2017-02-17,-0.004186426336318605
2017-02-21,0.0051834059931850085
2017-02-22,0.0017153252681736397
2017-02-23,-0.00486197485738904
2017-02-24,-0.010506092661265787
2017-02-27,-0.003251190919917768
2017-02-28,0.002929045033297939
2017-03-01,0.013680298960772053
2017-03-02,-0.0017670179029548594
2017-03-03,-0.0018502936504405376
2017-03-06,-0.005141602277534574
2017-03-07,-0.001115790071719136
2017-03-08,0.002084385897676899
2017-03-09,-0.0002986469216557097
2017-03-10,0.006508615754906133
2017-03-13,0.003718625062965719
2017-03-14,-0.002259405943629167
2017-03-15,0.0012511072783565336
2017-03-16,0.003172480816227674
2017-03-17,0.002166909656511562
2017-03-20,0.002118501891778868
2017-03-21,0.0023631014657907734
2017-03-22,-0.00021924236759751636
2017-03-23,-0.0011414593870155976
2017-03-24,0.012482355253759181
2017-03-27,-0.01060203095268486
2017-03-28,0.0014927784726466164
2017-03-29,-0.00016705857853083206
2017-03-30,0.0006856983806304839
2017-03-31,-0.0008262010106021567
2017-04-03,0.002707198464305005
2017-04-04,-0.008247875433701757
2017-04-05,0.0006832442439750341
2017-04-06,-0.0013935159759284055
2017-04-07,-0.0001478278482238693
2017-04-10,0.0024852735953135863
2017-04-11,-0.002555762545633611
2017-04-12,-0.0014126176755802078
2017-04-13,-0.0021045041869491854
2017-04-17,0.0036920149957599957
2017-04-18,-0.00427212789758824
2017-04-19,0.006256518650837206
2017-04-20,0.0060955416580079635
2017-04-21,-0.0003744162722526534
2017-04-24,0.012277795523121249
2017-04-25,0.004541699067874827
2017-04-26,-0.0005629934849429308
2017-04-27,0.0043687883883691825
2017-04-28,0.008654377335112873
2017-05-01,0.003847559665252742
2017-05-02,-0.004248518966143755
2017-05-03,-0.003374654509808006
2017-05-04,0.00011916052451921288
2017-05-05,0.003437769755957998
2017-05-08,0.0017596962087382817
2017-05-09,0.004020086729207284
2017-05-10,0.0069972020034965166
2017-05-11,-0.0048677555586210675
2017-05-12,0.0047790278778170325
2017-05-15,-0.0007957426206206542
2017-05-16,0.005646427260218356
2017-05-17,-0.014025539803722564
2017-05-18,0.0017143331638977966
2017-05-19,0.00977810579461491
2017-05-22,0.00648511261866358
2017-05-23,0.00320206085386876
2017-05-24,0.007705195663277653
2017-05-25,0.0055446510365138035
2017-05-26,-0.0003548643374128302
2017-05-30,0.0017562923300697975
2017-05-31,0.006747392805040331
2017-06-01,0.004260138707278482
2017-06-02,0.0028982019238719126
2017-06-05,-0.002835920024985561
2017-06-06,-0.002126622754458851
2017-06-07,0.006172866738739735
2017-06-08,0.01066396390527724
2017-06-09,0.010304444811138014
2017-06-12,-0.016947054897550773
2017-06-13,0.018808657088297265
2017-06-14,0.005687349264901442
2017-06-15,-0.020988401779414412
2017-06-16,0.00918392616502861
2017-06-19,0.016123039970217468
2017-06-20,0.007176575295112508
2017-06-21,0.00869826416329711
2017-06-22,0.0019637117522006697
2017-06-23,-0.0002478798969935969
2017-06-26,0.007381456594417912
2017-06-27,-0.004875508907932313
2017-06-28,0.009264461926543621
2017-06-29,-0.0069521963172217704
2017-06-30,0.006318316477238017
2017-07-03,0.007936912170226629
2017-07-05,0.006406482812215009
2017-07-06,-0.01382034991390868
2017-07-07,0.009635875303701136
2017-07-10,0.0069861400969795096
2017-07-11,-0.000741703862610299
2017-07-12,0.011577407028727116
2017-07-13,0.0011629644596582445
2017-07-14,0.0025599994735574505
2017-07-17,0.0023523184214329085
2017-07-18,-0.0032482124709598548
2017-07-19,0.004570439505700685
2017-07-20,0.003461100098606007
2017-07-21,-0.004755232185693514
2017-07-24,0.002144679480071021
2017-07-25,-0.001562302778813085
2017-07-26,0.008577886055472383
2017-07-27,0.0146845765685657
2017-07-28,-0.009544280254599302
2017-07-31,0.0015744150644287913
2017-08-01,0.003322517220456511
2017-08-02,0.004610711635968601
2017-08-03,0.00918155763666384
2017-08-04,0.0014956827712369059
2017-08-07,0.0033267136704420164
2017-08-08,0.0025345554928126734
2017-08-09,-0.011803058700907365
2017-08-10,-0.006564998404531175
2017-08-11,-0.004022394246938843
2017-08-14,0.013603062230671759
2017-08-15,0.004371053855999785
2017-08-16,0.002317944141671413
2017-08-17,-0.0033359946131450435
2017-08-18,0.0036108055083217128
2017-08-21,0.0005497670829068824
2017-08-22,0.007192420384181997
2017-08-23,-0.007502676836399047
2017-08-24,0.0035184748398708887
2017-08-25,0.004021446031843734
2017-08-28,0.0028009818191128133
2017-08-29,-0.012050289042350393
2017-08-30,0.003840099330739921
2017-08-31,0.003098090353663263
2017-09-01,0.0031079026343001637
2017-09-05,-0.004924929891574226
2017-09-06,0.0036781939104761907
2017-09-07,0.002529303078653955
2017-09-08,-0.0016752156206353286
2017-09-11,0.01031182558844912
2017-09-12,0.0043437780318775765
2017-09-13,-0.0015969180653621073
2017-09-14,-0.004268025100757189
2017-09-15,0.0020764607455787676
2017-09-18,0.006344401135490285
2017-09-19,0.0005035574444778312
2017-09-20,-0.0008548490715869494
2017-09-21,-0.003511020979091284
2017-09-22,-0.005292624565954807
2017-09-25,-0.0056118246599544674
2017-09-26,0.01127838427219996
2017-09-27,0.011910322434676157
2017-09-28,-0.000749499653735497
2017-09-29,0.004077947921790059
2017-10-02,0.004111344085264257
2017-10-03,-0.0009640156779395781
2017-10-04,0.00016958650649567808
2017-10-05,0.004525646905171543
2017-10-06,-0.00513894906736756
2017-10-09,0.0009474720625417543
2017-10-10,0.009536079254769403
2017-10-11,-0.000902039690982237
2017-10-12,-0.0009342460950174658
2017-10-13,0.007124713044416087
2017-10-16,0.0037438200687485157
2017-10-17,-0.0015906169990471675
2017-10-18,0.0028893654413622016
2017-10-19,-0.006789173598580889
2017-10-20,0.007287834733527232
2017-10-23,0.00418198047351348
2017-10-24,0.0020901870881000484
2017-10-25,-0.002647403556700123
2017-10-26,0.004117762916938883
2017-10-27,0.017961185166462723
2017-10-30,-0.001830304228495283
2017-10-31,0.0021796196915848665
2017-11-01,0.005470269388278215
2017-11-02,-0.003368503199954076
2017-11-03,0.0076683153639303114
2017-11-06,0.00018785404110377435
2017-11-07,0.0016121988546937693
2017-11-08,-0.0005048144056463144
2017-11-09,-0.010167729957061722
2017-11-10,0.0010300698124650065
2017-11-13,-0.005503870502948649
2017-11-14,-0.003010792974223131
2017-11-15,-0.008582234637362296
2017-11-16,0.009101661656833349
2017-11-17,0.002571830720098589
2017-11-20,0.0016490276414395932
2017-11-21,0.007155429234062982
2017-11-22,0.0019488931631588269
2017-11-24,0.0016865291564402973
2017-11-27,-0.0005785019317271489
2017-11-28,0.0038880393201996544
2017-11-29,-0.0030683778875215673
2017-11-30,0.007477482315031203
2017-12-01,-0.007936657060136021
2017-12-04,0.00904179576273978
2017-12-05,-0.006352519157515446
2017-12-06,-0.007155719715018716
2017-12-07,0.006651680337065091
2017-12-08,0.011346358839551263
2017-12-11,0.0018097974937076877
2017-12-12,-0.0035735871362242433
2017-12-13,0.005575324593443343
2017-12-14,0.0011997084351849097
2017-12-15,0.006866924906636651
2017-12-18,0.008579612132841197
2017-12-19,-0.0009612868965412913
2017-12-20,0.009882285366049848
2017-12-21,0.0004947664291448106
2017-12-22,-0.0029992129146599877
2017-12-26,-0.006698647126605062
2017-12-27,0.0013721755864433138
2017-12-28,0.004171275755475268
2017-12-29,-0.0008463261666805666
2018-01-02,0.007892085137589877
2018-01-03,0.004403561235671427
2018-01-04,0.004299909848444861
2018-01-05,0.0038287939535066595
2018-01-08,0.0012894704446959615
2018-01-09,0.00224577125897496
2018-01-10,-0.007798179064156807
2018-01-11,0.0035203799329144303
2018-01-12,-0.004219373464428133
2018-01-16,0.00910283419655955
2018-01-17,0.005191723707478113
2018-01-18,0.00021357683012146467
2018-01-19,0.0058238709999673954
2018-01-22,-0.0005660904539531719
2018-01-23,0.01275888541499115
2018-01-24,0.0012881048708399678
2018-01-25,0.009502145139457685
2018-01-26,0.009977194023124358
2018-01-29,-0.0017057827948220305
2018-01-30,-0.016208126779382215
2018-01-31,0.009694854437180433
2018-02-01,-0.011317724385726646
2018-02-02,0.005845715582240674
2018-02-05,-0.016358691308295148
2018-02-06,-0.020098166833990794
2018-02-07,0.0006178732289721101
2018-02-08,0.008234390584473061
2018-02-09,0.026824489043615785
2018-02-12,0.01358355943496048
2018-02-13,-0.0032271640221358533
2018-02-14,-0.006084344444021839
2018-02-15,0.01116654907385528
2018-02-16,-0.0037829466015198987
2018-02-20,-0.0025437618939117
2018-02-21,0.009521070057179282
2018-02-22,0.0073342488970571384
2018-02-23,0.01142041180666964
2018-02-26,0.007664920096046135
2018-02-27,-0.00015933708331172802
2018-02-28,0.005667717207251899
2018-03-01,0.000989349065166456
2018-03-02,-0.01752950964052713
2018-03-05,-0.004865020704976186
2018-03-06,0.010712739618505829
2018-03-07,-0.010633782464243735
2018-03-08,0.0043382966280192115
2018-03-09,0.008361354976927027
2018-03-12,0.008743202295964592
2018-03-13,0.012798866866725378
2018-03-14,0.005195665066759503
2018-03-15,0.002176389761776143
2018-03-16,0.0050269688053401484
2018-03-19,-0.009068337516073055
2018-03-20,0.0015676070971182288
2018-03-21,-9.209242844177012e-05
2018-03-22,-0.01302269773763609
2018-03-23,-0.00373064670238088
2018-03-26,0.0272309794959964
2018-03-27,0.008062879941864498
2018-03-28,-0.013350397060238994
2018-03-29,0.0014834509819943165
2018-04-02,-0.013772270048402646
2018-04-03,0.015951274025456597
2018-04-04,-0.030866675481875938
2018-04-05,0.00883475106972198
2018-04-06,-0.018396525829602273
2018-04-09,0.011875146859553931
2018-04-10,0.025089089283997668
2018-04-11,-1.8011728431410745e-05
2018-04-12,0.011209631863846381
2018-04-13,0.008359256445551688
2018-04-16,0.007726713142406361
2018-04-17,0.017982939045246393
2018-04-18,-0.00015613935506708643
2018-04-19,-0.003736378703478538
2018-04-20,0.00027006225505621373
2018-04-23,0.007066120842562862
2018-04-24,0.008939759765260069
2018-04-25,9.983227121601601e-05
2018-04-26,0.019001882715472318
2018-04-27,0.03646101899806076
2018-04-30,0.0021086488088146726
2018-05-01,-0.0034326593704254726
2018-05-02,-0.0012978403867666133
2018-05-03,-9.934293588975684e-05
2018-05-04,-0.0012589170608996447
2018-05-07,0.0026793266133360305
2018-05-08,-0.000308365001204125
2018-05-09,0.0008038324271493202
2018-05-10,0.0016628755895140568
2018-05-11,-0.003456476687480503
2018-05-14,0.0029384511384049627
2018-05-15,-0.0005068795180649399
2018-05-16,0.0017251773856916675
2018-05-17,-0.0009152823039538793
2018-05-18,-0.00012550320129922632
2018-05-21,0.006187922231595255
2018-05-22,0.004966575018478636
2018-05-23,-0.0013893272735024942
2018-05-24,9.7445464003032e-05
2018-05-25,-0.0005292792148272607
2018-05-29,-0.0008819424048133184
2018-05-30,0.0025841570902636057
2018-05-31,-0.0057555373731492665
2018-06-01,0.00350806529873271
2018-06-04,0.00023885697098657843
2018-06-05,0.0036783407514908717
2018-06-06,0.0003814841544398373
2018-06-07,0.0022913820482217684
2018-06-08,-0.006938091719937867
2018-06-11,-0.00022136563716246282
2018-06-12,0.0031901494211685755
2018-06-13,0.000837345740380524
2018-06-14,0.006320180785857499
2018-06-15,-0.004999886957231636
2018-06-18,-0.007726412680551742
2018-06-19,-0.01199308560871748
2018-06-20,0.008412950312147949
2018-06-21,0.010071909611386154
2018-06-22,0.005668486513257687
2018-06-25,-0.012808329474628843
2018-06-26,0.009481530376586278
2018-06-27,0.00825854599941045
2018-06-28,0.001549608897282173
2018-06-29,0.007679328592805845
2018-07-02,-0.011160511216084523
2018-07-03,0.004619531499060914
2018-07-05,0.008728685492551458
2018-07-06,-0.0012028106493996438
2018-07-09,0.009978984669602786
2018-07-10,0.0012051333513813933
2018-07-11,-0.010582700532064115
2018-07-12,0.005255563771425553
2018-07-13,-0.0003074008795205252
2018-07-16,0.0031387481315243715
2018-07-17,-0.026042325639419217
2018-07-18,0.0025163483920456198
2018-07-19,-0.005735355857936275
2018-07-20,0.00445911788737674
2018-07-23,-0.004468667944406701
2018-07-24,0.009595398451624826
2018-07-25,0.00047682992318209827
2018-07-26,-0.003700545218749074
2018-07-27,0.011750771924856185
2018-07-30,0.0005658241479649107
2018-07-31,0.0025853014495853532
2018-08-01,0.004676306003473352
2018-08-02,-0.005811526013603907
2018-08-03,0.0022862285340534694
2018-08-06,0.00036879396667233166
2018-08-07,0.0038234338365299436
2018-08-08,-0.0006277027042532746
2018-08-09,0.0011284967558775616
2018-08-10,-0.00624716279097115
2018-08-13,0.001553067342662695
2018-08-14,0.007536383111802936
2018-08-15,-0.006117096698513014
2018-08-16,0.009954496614076769
2018-08-17,-0.004127366612254768
2018-08-20,0.0015228062391128283
2018-08-21,0.004149967360050466
2018-08-22,-0.0024921229620502583
2018-08-23,0.00128807903819661
2018-08-24,0.007653347873283867
2018-08-27,0.009319484049864046
2018-08-28,0.004647579965379789
2018-08-29,0.0006153657069969398
2018-08-30,-0.002019531425031862
2018-08-31,0.001412477552078073
2018-09-04,0.0017848500741486362
2018-09-05,0.003260520556115365
2018-09-06,-0.0027183295051061984
2018-09-07,-0.003188346520075269
2018-09-10,0.0038993278842163193
2018-09-11,-0.0020431065788150127
2018-09-12,-0.004477425605657781
2018-09-13,0.006085300342990596
2018-09-14,0.005919821736692921
2018-09-17,-0.00523583036947084
2018-09-18,0.0034057303243637538
2018-09-19,-0.0015968763414166975
2018-09-20,0.004776834572282729
2018-09-21,-0.0015958585386713908
2018-09-24,-0.0004950966762479192
2018-09-25,0.0036321699333776714
2018-09-26,-0.0016100352317102162
2018-09-27,-0.0013051376457597907
2018-09-28,-0.001071147399564376
2018-10-01,0.0004454160214693026
2018-10-02,-0.003399784364091607
2018-10-03,0.0038826044847573016
2018-10-04,-0.005733908270010302
2018-10-05,0.001117252794901269
2018-10-08,-0.010569173081141248
2018-10-09,-0.0024194815884839294
2018-10-10,-0.005915783162226962
2018-10-11,-0.010361227471636925
2018-10-12,0.04241031980147203
2018-10-15,-0.00100647215630556
2018-10-16,0.014105472280710574
2018-10-17,0.01596229377136571
2018-10-18,-0.008347563123852764
2018-10-19,0.008820669439459694
2018-10-22,0.008583656207923118
2018-10-23,-0.027853981573307318
2018-10-24,0.00018379098152654372
2018-10-25,-0.0018689632343252827
2018-10-26,-0.0448827514179998
2018-10-29,0.014950329677812846
2018-10-30,-0.018268783119154697
2018-10-31,0.0249600372184553
2018-11-01,0.009287131408555194
2018-11-02,0.0009130114319644278
2018-11-05,-0.0011273241325238104
2018-11-06,-0.0017810620118478004
2018-11-07,0.004750489074821118
2018-11-08,-0.0018485394748291029
2018-11-09,-0.004242197363162448
2018-11-12,-0.004469433533909606
2018-11-13,0.002910359310046351
2018-11-14,0.006152824427783088
2018-11-15,0.0015829896448913416
2018-11-16,-0.01540550350071579
2018-11-19,0.002558172478186016
2018-11-20,0.005665009038148483
2018-11-21,-0.004309174562540763
2018-11-23,0.005368553209498472
2018-11-26,-0.006182555207930762
2018-11-27,0.0023144584348733233
2018-11-28,-0.0007663660483157031
2018-11-29,0.0025372177764073633
2018-11-30,-0.0017315564522255578
2018-12-03,-0.008632464369626391
2018-12-04,0.0019343128322721892
2018-12-06,0.010487167545898401
2018-12-07,0.004723972116082553
2018-12-10,-0.0004737469154340035
2018-12-11,-0.008703983430012552
2018-12-12,-0.010571443279098758
2018-12-13,-0.0028464598802067087
2018-12-14,0.007721230883948271
2018-12-17,0.003254335442393952
2018-12-18,-0.004397177598377766
2018-12-19,-0.0016237376236073464
2018-12-20,0.0026895994915487886
2018-12-21,-0.001406635556090774
2018-12-24,0.0024759863177916674
2018-12-26,-0.007037229351254504
2018-12-27,0.007267504425776172
2018-12-28,-0.0038347051440045243
2018-12-31,-0.005823083838797372
2019-01-02,0.01378317311182431
2019-01-03,0.00847959481755245
2019-01-04,-0.009660544720785147
2019-01-07,0.00217346772782534
2019-01-08,-0.0039656216030022895
2019-01-09,0.0003070630561636811
2019-01-10,0.0047011346043588365
2019-01-11,0.0034827284290339655
2019-01-14,0.00434677054689514
2019-01-15,-0.0018851578064308372
2019-01-16,-0.0009565800534672153
2019-01-17,0.0012975113936468663
2019-01-18,-0.004029962676789456
2019-01-22,0.003928293910922198
2019-01-23,-0.0018389014737886233
2019-01-24,0.001691223089985705
2019-01-25,-0.005999221163657142
2019-01-28,-0.006859581188307207
2019-01-29,-0.0006795908990044897
2019-01-30,-0.0005384785660269564
2019-01-31,-0.006092344631923208
2019-02-01,0.00591047465937411
2019-02-04,-0.0006678600125171741
2019-02-05,0.0002172100997208659
2019-02-06,0.0026447606554727
2019-02-07,-0.0008239100612268402
2019-02-08,-0.004799479312155519
2019-02-11,0.003951583708463602
2019-02-12,0.0023038225861959916
2019-02-13,-0.001456411595793905
2019-02-14,-0.002233232787711925
2019-02-15,-0.0005484552468139059
2019-02-19,-0.0008520626307795265
2019-02-20,0.0016053189906284349
2019-02-21,0.0016327241466824738
2019-02-22,0.0032722145461505647
2019-02-25,0.0012518968540096154
2019-02-26,-0.0014029058778600723
2019-02-27,0.002695736875184762
2019-02-28,0.0010053705234545074
2019-03-01,-0.0009474998726233252
2019-03-04,-0.0008017725141070686
2019-03-05,-0.0009861936559931728
2019-03-06,0.0002919897843998154
2019-03-07,-0.0005403112174008351
2019-03-08,-0.008485330487275733
2019-03-11,0.0024904664412215283
2019-03-12,0.00020038975751779375
2019-03-13,0.0017960697050285468
2019-03-14,0.0009743763233742708
2019-03-15,0.0007511209898534155
2019-03-18,0.0009470021059034828
2019-03-19,0.0027599323007325705
2019-03-20,0.0014471725362574794
2019-03-21,-0.0015622487915651906
2019-03-22,-0.004091132631697025
2019-03-25,-0.00364454453573293
2019-03-26,0.007570477876981396
2019-03-27,0.0006875155454675319
2019-03-28,0.004668466614217381
2019-03-29,0.00511397485584375
2019-04-01,0.00880791076983134
2019-04-02,-6.22278668033216e-05
2019-04-03,0.004820372770151682
2019-04-04,-0.007642140906110373
2019-04-05,0.0027331289449514795
2019-04-08,-0.0006414809568057178
2019-04-09,-0.0040148384222212785
2019-04-10,0.00232006339875368
2019-04-11,-0.0010029605713284262
2019-04-12,0.002072442672095054
2019-04-15,0.0003918502595499085
2019-04-16,0.0034843423680328556
2019-04-17,0.0046671874431314375
2019-04-18,0.0012480126286151805
2019-04-22,-0.0030918977713466633
2019-04-23,-3.950060025403879e-05
2019-04-24,0.0007561114995160434
2019-04-25,0.002683843173544753
2019-04-26,-0.003523186521117827
2019-04-29,2.8353320558061057e-05
2019-04-30,6.154791899826151e-05
2019-05-01,0.0020953807987478257
2019-05-02,0.00038721124315044264
2019-05-03,0.010792507819455954
2019-05-06,-0.02451353459082628
2019-05-07,-0.008816374886520761
2019-05-08,-0.0034670163263743614
2019-05-09,-0.011096250301104615
2019-05-10,-0.0034025723037716116
2019-05-13,-0.02781155079222586
2019-05-14,0.007884121141333633
2019-05-15,-0.005955410598783906
2019-05-16,2.7872407507567587e-05
2019-05-17,-0.009747461377492272
2019-05-20,-0.0156989718506112
2019-05-21,0.011992109095025238
2019-05-22,-0.0084704158606288
2019-05-23,-0.01396088748409352
2019-05-24,0.008076083595099037
2019-05-28,0.006216768941608608
2019-05-29,-0.006215738428229756
2019-05-30,0.003562460066192097
2019-05-31,-0.014145305445650624
2019-06-03,0.0014657538148101779
2019-06-04,0.003992839507332091
2019-06-05,0.003343110581222053
2019-06-06,0.0011216201959374228
2019-06-07,0.000770555596421918
2019-06-10,0.005029062874022383
2019-06-11,0.0036025445312632964
2019-06-12,-0.0027889205319728827
2019-06-13,0.0014252861234131942
2019-06-14,-0.006411650000183067
2019-06-17,-0.0004301575457851259
2019-06-18,0.003192632629721359
2019-06-19,0.0014694511341040162
2019-06-20,0.004994277856993357
2019-06-21,-0.0015168474010489597
2019-06-24,0.0010696996371808432
2019-06-25,0.00020951682004799466
2019-06-26,0.007762156456511793
2019-06-27,0.0024472378242357262
2019-06-28,0.0029289241243022346
2019-07-01,0.010574132156954352
2019-07-02,-0.0016170745754555682
2019-07-03,0.001130998143403561
2019-07-05,-0.008727855851189292
2019-07-08,-0.005356118092573858
2019-07-09,-0.004187216103533231
2019-07-10,0.007139373999565102
2019-07-11,0.0038351715815732046
2019-07-12,0.0013015034978918205
2019-07-15,0.002784053473529058
2019-07-16,-0.001792396423403897
2019-07-17,0.0025022435472079607
2019-07-18,-0.009786368592562877
2019-07-19,0.007013822253784996
2019-07-22,0.004872752957078008
2019-07-23,0.004631766394330494
2019-07-24,-0.003399712491991891
2019-07-25,-0.0018757360432384296
2019-07-26,-0.0008048312174976369
2019-07-29,-0.0021111502340228627
2019-07-30,-0.007421707580824721
2019-07-31,-0.0038386762657721674
2019-08-01,0.0007973872704438723
2019-08-02,-0.006832159772367841
2019-08-05,-0.02133546493811267
2019-08-06,0.011085587574890976
2019-08-07,-0.008078616544601847
2019-08-08,0.010414404526397414
2019-08-09,-0.005403453814994852
2019-08-12,-0.006514684700990481
2019-08-13,0.0009968244200802001
2019-08-14,-0.019240384685712986
2019-08-15,0.003000888445919392
2019-08-16,0.012723154473701426
2019-08-19,0.016880093978288047
2019-08-20,-0.0015874802497922724
2019-08-21,0.010101800860688792
2019-08-22,0.00220074373140533
2019-08-23,-0.008576555144248377
2019-08-26,0.013177051978690235
2019-08-27,0.007172474322469036
2019-08-28,-0.00400741086108336
2019-08-29,0.013509000000730076
2019-08-30,0.00594125170976012
2019-09-03,-0.008552359480843097
2019-09-04,0.011220607571231112
2019-09-05,0.014165493108125427
2019-09-06,0.0008146212610924408
2019-09-09,0.005333510861286195
2019-09-10,-0.005728882226249121
2019-09-11,0.0001660567690959791
2019-09-12,0.007601193527744465
2019-09-13,-0.003068340122609481
2019-09-16,-0.008056518721035077
2019-09-17,0.0011890638304841161
2019-09-18,-0.0011548595939208095
2019-09-19,0.002226677169460345
2019-09-20,0.0010329667574890955
2019-09-23,-0.0012967024122192417
2019-09-24,0.00583801910194115
2019-09-25,9.26416171171951e-05
2019-09-26,-0.0010728430218767127
2019-09-27,-8.338334515511914e-05
2019-09-30,0.004003334225863409
2019-10-01,0.004861868363445598
2019-10-02,-0.005376900884677793
2019-10-03,0.000916666592555293
2019-10-04,0.006297609048117936
2019-10-07,-0.0023405124394760835
2019-10-08,-0.006622826855863351
2019-10-09,0.009525435987141284
2019-10-10,0.0010371262945625404
2019-10-11,0.009761478656328926
2019-10-14,-0.002074519842477418
2019-10-15,0.003263335148348867
2019-10-16,-0.00608038231123198
2019-10-17,0.0049098079787959215
2019-10-18,-0.0011859779229447254
2019-10-21,0.005450423734867815
2019-10-22,0.0022114214739061833
2019-10-23,-0.002844005226702029
2019-10-24,0.00674245353153502
2019-10-25,0.00027408055292754696
2019-10-28,0.0052885197546568286
2019-10-29,0.0004737636158880232
2019-10-30,0.0027395244180916656
2019-10-31,0.004860649168766162
2019-11-01,0.003890300536237179
2019-11-04,0.007243294037677428
2019-11-05,0.0017625116940349628
2019-11-06,-0.0010068274585046666
2019-11-07,0.0064206641611948
2019-11-08,-0.002563667678497694
2019-11-11,-0.0028654028518398933
2019-11-12,0.0021204811027797366
2019-11-13,-0.001248802749689082
2019-11-14,-0.001459882415474234
2019-11-15,0.006739432443356508
2019-11-18,-0.0005477524916834842
2019-11-19,0.003093117479313179
2019-11-20,-0.004120482655887159
2019-11-21,-0.0017355059202972534
2019-11-22,-0.001877921567026486
2019-11-25,0.008633476652285754
2019-11-26,-0.00046835225695074367
2019-11-27,0.004771312633641278
2019-11-29,-0.003163225521938595
2019-12-02,0.00027268501261645817
2019-12-03,-0.01626049646558536
2019-12-04,0.006703918270313247
2019-12-05,0.0035800385923183686
2019-12-06,0.00897671112495635
2019-12-09,-0.0012338532384646994
2019-12-10,0.0025063618145140243
2019-12-11,0.0018595943531392045
2019-12-12,-0.0020896065291111654
2019-12-13,-0.0005606685217431906
2019-12-16,0.00780666380466899
2019-12-17,0.0014442708422839345
2019-12-18,0.0012615197808096834
2019-12-19,0.003279390628893486
2019-12-20,0.008485958208708677
2019-12-23,0.004701050344836366
2019-12-24,0.0015313900763329613
2019-12-26,0.0025402485556189625
2019-12-27,0.004531630913130025
2019-12-30,-0.0012594217026389298
2019-12-31,-0.006089690839148565
2020-01-02,0.010229543986627121
2020-01-03,-0.010491455385602144
2020-01-06,-0.01010511928290414
2020-01-07,0.0071285448357345516
2020-01-08,0.0005775913943228961
2020-01-09,0.011949800071038075
2020-01-10,0.004184269272226926
2020-01-13,0.010311871402087558
2020-01-14,0.007073447406115596
2020-01-15,-0.003942261207105391
2020-01-16,-0.004656911560933841
2020-01-17,0.0016183485441805256
2020-01-21,0.006239877683036799
2020-01-22,0.016277974686242258
2020-01-23,-0.00117126029632042
2020-01-24,0.005326617971577852
2020-01-27,-0.03178946308962072
2020-01-28,0.013411794624005102
2020-01-29,0.008042071063172562
2020-01-30,0.020930834072906856
2020-01-31,-0.0052364451658935
2020-02-03,0.0072222583559098386
2020-02-04,0.06578544194393854
2020-02-05,-0.02299521252383896
2020-02-06,-0.019115362696280225
2020-02-07,-0.015599392958992042
2020-02-10,0.028286424610264538
2020-02-11,0.004098077562104896
2020-02-12,0.007015663045015996
2020-02-13,-0.02060062136434415
2020-02-14,-0.006130878822726116
2020-02-18,0.01525483596536037
2020-02-19,0.04471836233502868
2020-02-20,-0.005509847582648164
2020-02-21,3.172198095313661e-05
2020-02-24,-0.07304268647907886
2020-02-25,0.018960372678185067
2020-02-26,-0.009526550129387412
2020-02-27,-0.05615563382439859
2020-02-28,-0.06410963124271296
2020-03-02,0.05108633862984746
2020-03-03,0.0
2020-03-04,0.0
2020-03-05,0.0
2020-03-06,0.0
2020-03-09,0.0
2020-03-10,0.0
2020-03-11,0.0
2020-03-12,0.0
2020-03-13,0.0
2020-03-16,0.0
2020-03-17,0.0
2020-03-18,0.0
2020-03-19,0.0
2020-03-20,0.0
2020-03-23,0.0
2020-03-24,0.0
2020-03-25,-0.004544260387676968
2020-03-26,-0.008030608481288226
2020-03-27,0.02187817767745104
2020-03-30,-0.008290173525596356
2020-03-31,0.001890684797373643
2020-04-01,0.026822371829948954
2020-04-02,0.003532457237155562
2020-04-03,0.0010549023129122759
2020-04-06,-0.018670161474549585
2020-04-07,-0.014628021719534479
2020-04-08,-0.003630873598025608
2020-04-09,-0.0009215142420460065
2020-04-13,0.0010558127651123517
2020-04-14,-0.009746555875931873
2020-04-15,0.005461396679915742
2020-04-16,-0.0024155252039489428
2020-04-17,-0.006541196986565967
2020-04-20,0.0013910221346691287
2020-04-21,0.005239188081204604
2020-04-22,-0.0075135622872166685
2020-04-23,-0.0009739294296740031
2020-04-24,-0.0035946310773669055
2020-04-27,-0.0028920909311423992
2020-04-28,0.0055528702550864395
2020-04-29,0.0018202507564846204
2020-04-30,-0.0019046059336744747
2020-05-01,-0.008137771706857033
2020-05-04,0.0
2020-05-05,0.0
2020-05-06,0.0
2020-05-07,0.0
2020-05-08,0.0
2020-05-11,0.0
2020-05-12,0.0
2020-05-13,0.0
2020-05-14,0.0
2020-05-15,0.0
2020-05-18,0.0
2020-05-19,0.0
2020-05-20,0.0
2020-05-21,0.0
2020-05-22,0.0
2020-05-26,0.0
2020-05-27,0.0
2020-05-28,0.0
2020-05-29,0.0
2020-06-01,0.0
2020-06-02,-0.00017295038220455083
2020-06-03,0.0031385550443887578
2020-06-04,-0.001279570361212956
2020-06-05,0.002435822223478823
2020-06-08,0.011027307840875578
2020-06-09,-0.003064476233612834
2020-06-10,0.027512158430457623
2020-06-11,-0.026977502629117578
2020-06-12,0.026098347294265523
2020-06-15,-0.015714862562388854
2020-06-16,0.020977820738228514
2020-06-17,0.009238187696285705
2020-06-18,0.0043496868217620666
2020-06-19,0.0107009555693105
2020-06-22,0.002815120547086547
2020-06-23,0.00648798505609971
2020-06-24,-0.0010452425285076838
2020-06-25,4.280044552684714e-05
2020-06-26,0.0037216380403291005
2020-06-29,0.0024793801243927494
2020-06-30,0.0025157789751095727
2020-07-01,0.000722629882705883
2020-07-02,0.038344454453963506
2020-07-06,0.0330565291280045
2020-07-07,0.011844198317313426
2020-07-08,0.010679948109047599
2020-07-09,0.017611775538157737
2020-07-10,0.0017168405913041695
2020-07-13,0.043674269614054406
2020-07-14,0.014658364049439765
2020-07-15,0.00911314319072054
2020-07-16,-0.030881105077055215
2020-07-17,0.0073076490732482124
2020-07-20,0.01170372032826239
2020-07-21,0.004889011157786616
2020-07-22,0.009430943714509255
2020-07-23,0.030042101794863108
2020-07-24,-0.045005724084979826
2020-07-27,0.015057952623326543
2020-07-28,-0.014516089373862395
2020-07-29,0.01685137787234381
2020-07-30,-0.006994588637063037
2020-07-31,0.035574043449529524
2020-08-03,0.010952480937304276
2020-08-04,0.003201756655210719
2020-08-05,0.0033060706778467175
2020-08-06,0.0012076704259631477
2020-08-07,0.002628118583623218
2020-08-10,0.0010655853230601142
2020-08-11,-0.014173514985180824
2020-08-12,0.033528693559145006
2020-08-13,0.017630078161905205
2020-08-14,0.013886407535585787
2020-08-17,0.013961385511716662
2020-08-18,0.020888366306922368
2020-08-19,-0.00549161130054876
2020-08-20,-0.009640988585256527
2020-08-21,0.01015720683313348
2020-08-24,0.02504135358810977
2020-08-25,-0.010993339108287925
2020-08-26,0.01116180926100907
2020-08-27,0.00837450304603471
2020-08-28,0.01667463645922984
2020-08-31,0.002492021743593753
2020-09-01,0.01115078972416006
2020-09-02,0.02585372366698402
2020-09-03,-0.07568302521366155
2020-09-04,-0.012681023983310391
2020-09-08,-0.13851289640311382
2020-09-09,0.08084727392792734
2020-09-10,0.053407488271861814
2020-09-11,0.026278198940856035
2020-09-14,0.03645024619956749
2020-09-15,0.04234328881163174
2020-09-16,-0.015691520482827626
2020-09-17,-0.05471336234776092
2020-09-18,0.04112110745555175
2020-09-21,0.003893276057853834
2020-09-22,-0.018303535250838943
2020-09-23,-0.03165470668664172
2020-09-24,-0.03645721473238872
2020-09-25,0.012533124292259501
2020-09-28,0.04247593974762909
2020-09-29,-0.011201123150114789
2020-09-30,0.001520263058720106
2020-10-01,0.029150625303224986
2020-10-02,-0.04962795488187466
2020-10-05,0.01999955215239302
2020-10-06,-0.00290427801609916
2020-10-07,0.018971865238683217
2020-10-08,0.024945901196127718
2020-10-09,0.004282772112084832
2020-10-12,0.022569185772242983
2020-10-13,0.005086426259664822
2020-10-14,0.004883783139820075
2020-10-15,-0.023805986615173635
2020-10-16,0.009439433682080445
2020-10-19,0.01101630227673378
2020-10-20,0.0031043115860422965
2020-10-21,0.00015163025713671452
2020-10-22,0.018512843869774143
2020-10-23,0.0024057680097986367
2020-10-26,-0.012057061435462146
2020-10-27,0.007391469072919987
2020-10-28,-0.017212946772487747
2020-10-29,0.010883518357789779
2020-10-30,-0.020496249509009745
2020-11-02,0.009977994084255926
2020-11-03,0.010381762037480424
2020-11-04,0.03556911353432102
2020-11-05,0.028732187415829058
2020-11-06,-0.0021533327901670507
2020-11-09,-9.047720978982987e-06
2020-11-10,-0.009543396050419983
2020-11-11,0.014711026779175018
2020-11-12,0.0055422883258278155
2020-11-13,0.00578588921408274
2020-11-16,-0.006522717581249116
2020-11-17,0.026666869470944432
2020-11-18,0.0011784752287566924
2020-11-19,0.0007486548241788515
2020-11-20,0.000422380886435203
2020-11-23,0.011153079662753251
2020-11-24,0.011692927229769223
2020-11-25,0.000702674589024177
2020-11-27,0.010870084218115972
2020-11-30,0.011742897187800194
2020-12-01,0.023749874683379524
2020-12-02,-0.01926069057541624
2020-12-03,0.01627967058759161
2020-12-04,3.0051680479870058e-05
2020-12-07,0.00435106278311248
2020-12-08,-0.008807062465444049
2020-12-09,0.002189429314253699
2020-12-10,-0.024024810468207813
2020-12-11,-0.01253271592776739
2020-12-14,0.009840232253964576
2020-12-15,0.010748100369466274
2020-12-16,-0.002569784027295463
2020-12-17,0.00927988027836446
2020-12-18,0.012452797659202153
2020-12-21,-0.028343756090061456
2020-12-22,0.004145962848018492
2020-12-23,-0.006279692194927855
2020-12-24,-0.0018745427867974396
2020-12-28,0.017204006464882182
2020-12-29,0.0005962141720625702
2020-12-30,0.007009914290627028
2020-12-31,0.005154385346658463
2021-01-04,0.013815254588609438
2021-01-05,-0.005511386386008121
2021-01-06,0.010521714596434029
2021-01-07,0.02513120168626437
2021-01-08,0.03620883683379117
2021-01-11,-0.0304069580120645
2021-01-12,0.015838722613050527
2021-01-13,0.001796718850493484
2021-01-14,-0.006746346700696071
2021-01-15,0.005284052085064328
2021-01-19,0.014054826169669576
2021-01-20,0.014610661423284155
2021-01-21,0.006607145725153973
2021-01-22,-0.006411175911143818
2021-01-25,0.015582268818628897
2021-01-26,0.0062946906720404705
2021-01-27,-0.015679908303801393
2021-01-28,-0.019931698837827083
2021-01-29,-0.0028574293569023634
2021-02-01,0.019087790328489618
2021-02-02,0.010015087233011588
2021-02-03,0.006577291601655988
2021-02-04,0.007477081579298828
2021-02-05,0.000660264030803992
2021-02-08,0.014959478820067096
2021-02-09,-0.0026369024375189065
2021-02-10,0.0017190911384452612
2021-02-11,0.00983757323516632
2021-02-12,-0.0049206129320568115
2021-02-16,0.00426090039137339
2021-02-17,-0.013340813880508007
2021-02-18,-0.01529983396292478
2021-02-19,0.010262317942277832
2021-02-22,-0.014883238805153853
2021-02-23,-0.03417082157117812
2021-02-24,0.00018758794804774048
2021-02-25,-0.012375381930118445
2021-02-26,0.015426004882200806
2021-03-01,0.020827255123612387
2021-03-02,0.0012242177999572945
2021-03-03,0.0002115138043110587
2021-03-04,0.00030754645163244554
2021-03-05,0.009141693066095469
2021-03-08,0.00013943107259084542
2021-03-09,0.03884550931018449
2021-03-10,0.021713755703137272
2021-03-11,0.028800926319911158
2021-03-12,-0.02459318758618645
2021-03-15,0.0016525610591582307
2021-03-16,0.002287266519538367
2021-03-17,-0.018836577831866985
2021-03-18,-0.019015889130907904
2021-03-19,-0.002397388958075952
2021-03-22,0.020565737628507996
2021-03-23,0.003178495081906929
2021-03-24,0.008128835272417811
2021-03-25,-0.016066482445107666
2021-03-26,0.0008996720519203194
2021-03-29,-0.003414254824013252
2021-03-30,-0.007239902321349412
2021-03-31,0.01082453112956161
2021-04-01,0.02192874346425322
2021-04-05,0.030207368514275412
2021-04-06,-0.0008457990276021787
2021-04-07,-0.0023545461398288836
2021-04-08,0.007807962936748458
2021-04-09,-0.004418148425074819
2021-04-12,0.001562039698942863
2021-04-13,0.005850938112723636
2021-04-14,0.0034520524803260955
2021-04-15,0.009315993723465477
2021-04-16,-0.003851203208093845
2021-04-19,-0.010634149514577862
2021-04-20,0.0005807145010057191
2021-04-21,-0.006371940482413629
2021-04-22,-0.0012299776458599698
2021-04-23,0.0024017356963275116
2021-04-26,0.005572463273867401
2021-04-27,-0.0067356629405279644
2021-04-28,-0.0024328728427082114
2021-04-29,0.005786760406707003
2021-04-30,-0.0082128983078823
2021-05-03,-0.00015645572829425802
2021-05-04,-0.007159188485354462
2021-05-05,0.007972774393348425
2021-05-06,0.003618079559669196
2021-05-07,0.005702659563678658
2021-05-10,-0.006698984301556132
2021-05-11,-0.0232692128275932
2021-05-12,-0.013975728844063728
2021-05-13,0.009745057327825712
2021-05-14,0.010613869716916247
2021-05-17,-0.008807043719081364
2021-05-18,-0.0009291460714510036
2021-05-19,-0.020361458623804674
2021-05-20,0.00783725314054351
2021-05-21,0.00801221430480048
2021-05-24,0.004891555422412486
2021-05-25,0.0037585620445206303
2021-05-26,0.003861795058244688
2021-05-27,0.00025387732659698514
2021-05-28,0.0014597348834501922
2021-06-01,0.00496517874109248
2021-06-02,-0.0003508090794116514
2021-06-03,-0.006832097373928869
2021-06-04,0.006771277297721312
2021-06-07,-0.003783618895741525
2021-06-08,0.009275116026162378
2021-06-09,0.0026225283641547747
2021-06-10,0.002330041241485059
2021-06-11,0.0006628738077179008
2021-06-14,0.002174952180396872
2021-06-15,-0.0008367935024258255
2021-06-16,0.00010193578047790197
2021-06-17,-0.0026601483229590217
2021-06-18,-0.002799368867160701
2021-06-21,-0.0005977826974059575
2021-06-22,-0.0006723913357180589
2021-06-23,0.0035934979049181415
2021-06-24,0.009348587318412926
2021-06-25,0.003274000257218024
2021-06-28,0.004014350896478502
2021-06-29,-0.0015987509079941065
2021-06-30,-0.0010472379131073462
2021-07-01,0.00033909421285960306
2021-07-02,0.004826174973481923
2021-07-06,0.0040273225284410685
2021-07-07,0.005600720861135278
2021-07-08,-0.014569856746633914
2021-07-09,0.0001797643472987165
2021-07-12,0.003997689983050945
2021-07-13,-0.0018962325169178396
2021-07-14,0.005479981200010142
2021-07-15,0.0003463106028545049
2021-07-16,0.002456093409791693
2021-07-19,-0.008710408122725832
2021-07-20,0.002880273414628709
2021-07-21,0.002222707415058256
2021-07-22,0.001696365679336731
2021-07-23,0.004249375818970336
2021-07-26,-0.0007987065287026196
2021-07-27,-0.001019717404982745
2021-07-28,0.006583512917840206
2021-07-29,-0.0034838222070894265
2021-07-30,-0.015961553436061426
2021-08-02,0.004717154639375609
2021-08-03,0.0008590966310493275
2021-08-04,0.0019132648160045118
2021-08-05,0.0005474591078438173
2021-08-06,-0.0038240902243176222
2021-08-09,0.0023223663845906017
2021-08-10,0.001311668871634808
2021-08-11,0.0031102108001968
2021-08-12,-0.0018052432925197426
2021-08-13,0.0010096498553497923
2021-08-16,-0.0014882356801243501
2021-08-17,-0.004926174750110257
2021-08-18,-0.0009273043452957541
2021-08-19,-0.0024212590496044406
2021-08-20,0.0024822154144850117
2021-08-23,0.002990884539080918
2021-08-24,0.0022951180677457383
2021-08-25,0.0017911267229884231
2021-08-26,-0.0005302414688008739
2021-08-27,0.0018321886541892152
2021-08-30,0.003417533192201727
2021-08-31,0.0004943545240294611
2021-09-01,0.0017767444857970105
2021-09-02,0.002907349984293095
2021-09-03,-0.001163590527511471
2021-09-07,0.001992681518377948
2021-09-08,0.0004050606409080615
2021-09-09,0.0005000578026250757
2021-09-10,0.006073063281054614
2021-09-13,0.005263820334572733
2021-09-14,0.003787893124963304
2021-09-15,0.002332932973427626
2021-09-16,-0.003108023333556753
2021-09-17,-0.0013524883574131952
2021-09-20,-0.017959740414617897
2021-09-21,0.006087641998807403
2021-09-22,0.002154453533674161
2021-09-23,0.004544062139375082
2021-09-24,-0.007210850316840878
2021-09-27,-0.00787258098129151
2021-09-28,-0.012696858810790412
2021-09-29,0.005084881546044695
2021-09-30,0.0043368836285904155
2021-10-01,0.0025436877960780535
2021-10-04,-0.0010285719945855032
2021-10-05,0.004838144648793508
2021-10-06,-0.009345753230195153
2021-10-07,0.008975870329369862
2021-10-08,0.004186834480702117
2021-10-11,-0.004088089927856475
2021-10-12,0.005206648596905117
2021-10-13,0.006430317929089213
2021-10-14,0.010295851003468748
2021-10-15,0.0036216816812948416
2021-10-18,-0.0005860033163191947
2021-10-19,0.004141996223705702
2021-10-20,0.0023281531776067066
2021-10-21,-0.0030153548386856466
2021-10-22,-0.0038891205115191285
2021-10-25,0.011177617169142229
2021-10-26,0.006983208387560502
2021-10-27,0.005298950866354346
2021-10-28,0.012438038717697886
2021-10-29,-0.0028863904496843062
2021-11-01,0.008837621328471323
2021-11-02,-0.012568578337788128
2021-11-03,0.0030680141842958086
2021-11-04,0.009409964830291884
2021-11-05,0.0030866013225971933
2021-11-08,-0.01890133682753281
2021-11-09,0.011580127020312858
2021-11-10,-0.015223571927276303
2021-11-11,0.02091012505161305
2021-11-12,-0.005544586893980408
2021-11-15,-0.0045463903809048745
2021-11-16,-0.0060163327705238245
2021-11-17,0.0045053623975266355
2021-11-18,0.025270249076751128
2021-11-19,0.006729876493444031
2021-11-22,0.01407629671628885
2021-11-23,-0.0017438260268094474
2021-11-24,-0.014148900523290209
2021-11-26,-0.010003706172508786
2021-11-29,0.01742865514516545
2021-11-30,0.0012912487515708282
2021-12-01,0.014941035661632185
2021-12-02,-0.007619177160802959
2021-12-03,0.0029262070013360564
2021-12-06,-0.008534067104562282
2021-12-07,0.0301154968755748
2021-12-08,-0.0007853829285533465
2021-12-09,-0.004335159246740328
2021-12-10,0.011287662923849195
2021-12-13,-0.002260308890172036
2021-12-14,-0.016301866075686067
2021-12-15,0.00024141868378890763
2021-12-16,0.007963437426776299
2021-12-17,-0.013933959114483141
2021-12-20,-0.018933234471991134
2021-12-21,0.016994216824677055
2021-12-22,0.0045381879832115946
2021-12-23,0.0023145261487556024
2021-12-27,0.00511979948136676
2021-12-28,0.008043983705142033
2021-12-29,0.0024163116451099143
2021-12-30,-0.007350483418572917
2021-12-31,0.0014077307730848698
2022-01-03,0.025587534804797363
2022-01-04,-0.0006739041181841321
2022-01-05,-0.0058808300434606275
2022-01-06,-0.007119740203101799
2022-01-07,0.004330768810513197
2022-01-10,-0.02140008498698831
2022-01-11,-0.0024701328631789865
2022-01-12,0.010476638153121387
2022-01-13,0.006270493752091433
2022-01-14,-0.008023293429205935
2022-01-18,-0.019624146012595323
2022-01-19,0.008094358834389137
2022-01-20,0.008665267324461823
2022-01-21,-0.00903284077864297
2022-01-24,-0.026394211998923
2022-01-25,-0.0206339638382268
2022-01-26,0.035996885492807884
2022-01-27,0.014158206513990468
2022-01-28,0.008097369042859404
2022-01-31,0.013303762345420855
2022-02-01,0.005408581486952446
2022-02-02,0.01825511566233784
2022-02-03,-0.020715132386753488
2022-02-04,0.0006474337901130056
2022-02-07,0.0013980012373049355
2022-02-08,-0.004397394489980777
2022-02-09,0.013860658310364427
2022-02-10,-0.02269749475575422
2022-02-11,0.003654505316943668
2022-02-14,0.003269681664321844
2022-02-15,0.007691247668450085
2022-02-16,-0.0040601844938567
2022-02-17,-0.006029448219020517
2022-02-18,0.005694412838558538
2022-02-22,-0.005243158014211713
2022-02-23,0.0028925144844951234
2022-02-24,-0.02016587856403529
2022-02-25,-0.00026341393320228335
2022-02-28,0.003345497311086909
2022-03-01,0.00017624514099878752
2022-03-02,0.0005022512612338215
2022-03-03,-0.0073194978916063524
2022-03-04,0.003934672655506288
2022-03-07,1.8279392742792666e-05
2022-03-08,0.0018317109615533234
2022-03-09,-0.01273497122124334
2022-03-10,0.003815583798352673
2022-03-11,-0.0029187139169692955
2022-03-14,0.001062788078176835
2022-03-15,-0.005023851265641532
2022-03-16,-0.0037611947336793072
2022-03-17,-0.0015852512852210232
2022-03-18,0.0034049288426212243
2022-03-21,0.0019034238810249349
2022-03-22,-0.0019906854065278035
2022-03-23,0.0035635198483554564
2022-03-24,-0.0004099419554297601
2022-03-25,-0.00188041305404274
2022-03-28,-0.0018091812536007446
2022-03-29,-0.003534986828684472
2022-03-30,0.002318957676852307
2022-03-31,-0.0027965833956090647
2022-04-01,0.0008592648018415083
2022-04-04,0.0004043867829610637
2022-04-05,0.0013275898005755682
2022-04-06,0.004336264974736714
2022-04-07,0.0029754700513653365
2022-04-08,0.001185455538597946
2022-04-11,0.0030862898077352874
2022-04-12,-0.006408532410395407
2022-04-13,0.001127014731251208
2022-04-14,0.002158255862415137
2022-04-18,0.0013591252548417199
2022-04-19,0.0010042162443362201
2022-04-20,0.0011502160145935303
2022-04-21,-0.007639366576909001
2022-04-22,0.0006485397039663887
2022-04-25,0.0039651018823112505
2022-04-26,0.003044007405510918
2022-04-27,-0.0021318675807657783
2022-04-28,-0.008670962789835368
2022-04-29,0.007168492396249615
2022-05-02,0.002114098456886815
2022-05-03,-0.0004415318397108514
2022-05-04,0.007217109872928562
2022-05-05,0.007234889221880758
2022-05-06,0.0068207828291917405
2022-05-09,0.009988361557556225
2022-05-10,-0.01328043562545378
2022-05-11,0.004338743105312126
2022-05-12,0.009136722232013117
2022-05-13,-0.007284573271839734
2022-05-16,0.0013994640492422938
2022-05-17,-0.006979740806748791
2022-05-18,0.006561965387363644
2022-05-19,0.006427067299308309
2022-05-20,-0.006963364197204891
2022-05-23,-0.00858566159942542
2022-05-24,0.009894578974589008
2022-05-25,0.0028527425880340296
2022-05-26,-0.006091286879428615
2022-05-27,-0.004396692957606363
2022-05-31,0.0016483431180469577
2022-06-01,-0.004666163094270259
2022-06-02,0.0031547126041744367
2022-06-03,0.015168463122717135
2022-06-06,-0.013448604798680819
2022-06-07,0.010179119902644196
2022-06-08,0.002335095839191892
2022-06-09,0.005339018066855106
2022-06-10,0.017283906199377252
2022-06-13,0.0280784240631744
2022-06-14,-0.007195153161525858
2022-06-15,-0.010856913328218032
2022-06-16,0.023221241132014958
2022-06-17,-0.0014071398090080844
2022-06-21,-0.015009385236509964
2022-06-22,0.008161594858003163
2022-06-23,-0.00803162597553031
2022-06-24,-0.00939316681892044
2022-06-27,-0.00488134216012015
2022-06-28,-0.0012693009059572269
2022-06-29,0.0007926979521515332
2022-06-30,0.009691094184586468
2022-07-01,0.0039768801346560245
2022-07-05,0.008099002487512497
2022-07-06,-0.0007605890081485711
2022-07-07,0.001183500818482619
2022-07-08,0.004887477337656376
2022-07-11,0.003933345419344425
2022-07-12,-0.002966303427750727
2022-07-13,0.01327615691179429
2022-07-14,0.008567642936212483
2022-07-15,-0.007019823767054678
2022-07-18,-0.004826769268961306
2022-07-19,-0.007716428138573761
2022-07-20,-0.002676347296193926
2022-07-21,-0.0009209849444051788
2022-07-22,0.0007550000288643055
2022-07-25,-0.002901207607572509
2022-07-26,0.004177965145587548
2022-07-27,-0.009347737144488444
2022-07-28,0.0018287131998280248
2022-07-29,-0.0065633878754607355
2022-08-01,0.00606450469444364
2022-08-02,0.0012645374850048796
2022-08-03,-0.0018905217034926869
2022-08-04,0.0022369954634362532
2022-08-05,0.0013706222838305582
2022-08-08,0.0032899903374876693
2022-08-09,0.0018371963196848196
2022-08-10,0.0021655047030173513
2022-08-11,-0.0011621151091119053
2022-08-12,0.0007139739543047252
2022-08-15,0.0021470156065648283
2022-08-16,0.004156890562393656
2022-08-17,0.0013678397610956683
2022-08-18,0.0010714926491157684
2022-08-19,0.00048625559917070404
2022-08-22,0.002791137196149318
2022-08-23,0.0025042467637130805
2022-08-24,0.0010910242863348962
2022-08-25,0.0018689432129510575
2022-08-26,0.0005564154417556644
2022-08-29,0.002416588142937659
2022-08-30,0.0005091284310252409
2022-08-31,-0.00486111419764701
2022-09-01,0.0013577872071763863
2022-09-02,-0.006346687807487372
2022-09-06,-0.00035887102540232974
2022-09-07,-3.836039364657484e-05
2022-09-08,0.0048435552554730865
2022-09-09,-0.004389319510262668
2022-09-12,-0.00478287128604693
2022-09-13,0.018362813000289746
2022-09-14,-0.0027791466081044103
2022-09-15,0.004682427366309749
2022-09-16,0.00854608388722533
2022-09-19,0.005556015203227238
2022-09-20,0.005960662068520417
2022-09-21,-0.0024689455401206706
2022-09-22,0.0033392461425931774
2022-09-23,0.005884272251610367
2022-09-26,0.001733805000885713
2022-09-27,-0.007765057134849429
2022-09-28,-0.0001212993705921317
2022-09-29,0.00950494306593197
2022-09-30,0.0021758056790577296
2022-10-03,-0.0037954384053531243
2022-10-04,-0.018114750422027148
2022-10-05,0.011962897251119653
2022-10-06,0.0038944796455553377
2022-10-07,0.015461690438865583
2022-10-10,-0.0008634582291401349
2022-10-11,0.005268365274183173
2022-10-12,-0.0014715048148558063
2022-10-13,0.026187716626515645
2022-10-14,-0.008323471400836113
2022-10-17,-0.021388549495472198
2022-10-18,-0.024258601834236226
2022-10-19,0.005089268196856622
2022-10-20,0.003568897172967267
2022-10-21,0.0034542349596906607
2022-10-24,-0.0009430325182416821
2022-10-25,-0.0028714079531635406
2022-10-26,0.017959694163594664
2022-10-27,0.00389900352831285
2022-10-28,0.0023370002711644577
2022-10-31,0.007174138773803129
2022-11-01,-0.011329510061925618
2022-11-02,0.004756026747951836
2022-11-03,0.00738834309345493
2022-11-04,-0.010589711224438858
2022-11-07,-0.002196830055248844
2022-11-08,-0.0013304148306071406
2022-11-09,0.0019920802202879617
2022-11-10,-0.03225601641003706
2022-11-11,0.0010406046944668734
2022-11-14,0.007969833774960744
2022-11-15,-0.014316096836272996
2022-11-16,5.383317228213613e-05
2022-11-17,0.010895395726270518
2022-11-18,-0.006299098689670379
2022-11-21,0.0016385024630312106
2022-11-22,-0.001571328493947699
2022-11-23,0.00020679667114165134
2022-11-25,0.0031800502337757663
2022-11-28,0.0038317237799403436
2022-11-29,-0.0002598675059772848
2022-11-30,-0.00048658925072142534
2022-12-01,0.00016924564146436616
2022-12-02,0.011497882863932496
2022-12-05,0.004909284796387192
2022-12-06,0.0009054458134434284
2022-12-07,0.00355092569875759
2022-12-08,-0.003239675934955888
2022-12-09,0.003732030913550899
2022-12-12,-0.0008177350896942936
2022-12-13,-0.02747854590876031
2022-12-14,0.0015176039321278534
2022-12-15,0.00930234143220865
2022-12-16,0.001369323363394459
2022-12-19,-0.0005646820656010076
2022-12-20,0.0028826962753831786
2022-12-21,-0.0021814460099272015
2022-12-22,0.008736117401874965
2022-12-23,0.004613588233795429
2022-12-27,0.0026629243692684046
2022-12-28,0.0015000202063544243
2022-12-29,-0.007467690587969811
2022-12-30,0.007657118762494308
2023-01-03,-0.0057900427113964925
2023-01-04,-0.004473769532002181
2023-01-05,0.004480601623179314
2023-01-06,-0.003351453299340945
2023-01-09,-0.0068802635882585506
2023-01-10,0.0028864218278585874
2023-01-11,-0.0034775080425784033
2023-01-12,-0.0006876574260169521
2023-01-13,0.00729330449413057
2023-01-17,0.00015943066793111527
2023-01-18,-0.004388005800539663
2023-01-19,0.004894300044257616
2023-01-20,-0.0033224780824991917
2023-01-23,-0.002103048628437354
2023-01-24,0.0045019160516635015
2023-01-25,0.01196992339745262
2023-01-26,-0.009450093385186098
2023-01-27,0.003021051574980671
2023-01-30,0.00791285993063462
2023-01-31,-0.00021758178936748251
2023-02-01,0.0008311479218368056
2023-02-02,-0.017948916460759357
2023-02-03,0.012602308717736932
2023-02-06,0.004494904907811126
2023-02-07,0.0011421387097092506
2023-02-08,0.0036745676961733587
2023-02-09,-0.007810811599009093
2023-02-10,0.002628973211552754
2023-02-13,-0.0019358102802010668
2023-02-14,0.0031259062350394995
2023-02-15,0.0030350801974570185
2023-02-16,-0.006279113818756232
2023-02-17,-0.002831046727388653
2023-02-21,-0.004486091297384753
2023-02-22,0.001419152668917345
2023-02-23,0.01383929921155369
2023-02-24,-0.004692055925586636
2023-02-27,0.0043698041427866485
2023-02-28,-0.0008864142673119524
2023-03-01,7.566503482747677e-05
2023-03-02,-0.002743678089477508
2023-03-03,0.0008406599400496706
2023-03-06,-0.00026140189155843263
2023-03-07,0.00044891963496440646
2023-03-08,0.0013123973796917987
2023-03-09,-0.0002087141715945151
2023-03-10,0.0004162019084921198
2023-03-13,-0.002759934561053168
2023-03-14,0.00494747972481302
2023-03-15,-0.004052856666469373
2023-03-16,-0.0018616622144614903
2023-03-17,0.0019106502978500917
2023-03-20,-0.001319569721491387
2023-03-21,0.0029376504381237734
2023-03-22,0.0012692459449934468
2023-03-23,0.0060564287113327175
2023-03-24,-0.0018858019558114503
2023-03-27,0.0010242420897710325
2023-03-28,-0.0006016622178922626
2023-03-29,0.004019223165862007
2023-03-30,0.003578826074511543
2023-03-31,-0.0008336295407269656
2023-04-03,-0.0021885077918847307
2023-04-04,0.0010947526500646454
2023-04-05,-0.00501154486356159
2023-04-06,-0.004605980207087801
2023-04-10,-0.004735809201856012
2023-04-11,0.0007737773920870605
2023-04-12,0.003992378780635297
2023-04-13,0.0034166119067657874
2023-04-14,-0.0024516309639275313
2023-04-17,-0.0015814763017806266
2023-04-18,0.0058455585974261925
2023-04-19,-0.0051764000117708875
2023-04-20,-0.004054821714635226
2023-04-21,-0.0017904758664910592
2023-04-24,-0.0009768446201003922
2023-04-25,-0.002369866159903311
2023-04-26,0.00978120112557268
2023-04-27,0.00771599333266626
2023-04-28,-0.000487583640039535
2023-05-01,0.0005041792452566973
2023-05-02,-0.0009224221577036618
2023-05-03,-0.003742245481298978
2023-05-04,-1.354207030479504e-05
2023-05-05,0.001160748812249146
2023-05-08,-0.0011148104945720716
2023-05-09,-0.0030851644752248886
2023-05-10,0.005180424028493169
2023-05-11,0.0005746319541508615
2023-05-12,0.0003241931926833974
2023-05-15,0.002203004954439036
2023-05-16,-0.0018576096443234658
2023-05-17,0.003479905824736562
2023-05-18,0.0023279790900077035
2023-05-19,-0.0017589003645406276
2023-05-22,-0.0019401737392102936
2023-05-23,-0.0031928205445039826
2023-05-24,-0.005304983857341572
2023-05-25,0.03976844111614186
2023-05-26,0.003346150277143467
2023-05-30,0.014873334932275384
2023-05-31,-0.006914699992532247
2023-06-01,0.0013545419178824236
2023-06-02,0.00870894156386215
2023-06-05,0.0006623865515336114
2023-06-06,-0.004166258848744886
2023-06-07,0.010112692531581535
2023-06-08,0.0015018825544670378
2023-06-09,0.022774764656314117
2023-06-12,0.010917211714605468
2023-06-13,0.013894437857824071
2023-06-14,0.001623574361517388
2023-06-15,-0.014946439013503565
2023-06-16,0.012948710608348124
2023-06-20,-0.0011557821205119279
2023-06-21,-0.0018897711814295226
2023-06-22,-0.01614666803254161
2023-06-23,-0.016631194181670028
2023-06-26,-0.00706686162939929
2023-06-27,0.008366657167387492
2023-06-28,-0.009870212709227388
2023-06-29,0.006177634784080288
2023-06-30,0.013957354274230394
2023-07-03,0.021617926093284945
2023-07-05,-0.003814949631304243
2023-07-06,-0.0125221189608955
2023-07-07,0.0035199714444178465
2023-07-10,0.002688441756939053
2023-07-11,-0.00038198752325713237
2023-07-12,0.016518772376670432
2023-07-13,0.010864051382039719
2023-07-14,0.0016765948376999962
2023-07-17,0.00916293182935668
2023-07-18,-0.0006922367288574316
2023-07-19,0.005344939892767631
2023-07-20,-0.019937250027480036
2023-07-21,0.010863619490504517
2023-07-24,-0.001452840305024572
2023-07-25,0.0067307177883300096
2023-07-26,-0.0031090628610557225
2023-07-27,0.02188990679651237
2023-07-28,0.013917530662836297
2023-07-31,0.002632178494344828
2023-08-01,-0.004410319451280342
2023-08-02,-0.012852611899535904
2023-08-03,-0.007935416276832696
2023-08-04,0.0081392335493784
2023-08-07,0.0029800288367796135
2023-08-08,-0.011576838452291738
2023-08-09,0.000290423596947198
2023-08-10,0.007516100736881581
2023-08-11,-0.010695469154537784
2023-08-14,-0.008747558407690037
2023-08-15,-0.00024407004812154742
2023-08-16,-0.004498655475435487
2023-08-17,0.003803014796510684
2023-08-18,-0.014674199373924113
2023-08-21,0.0124319226360039
2023-08-22,0.015392314647123317
2023-08-23,-0.0008531524964480175
2023-08-24,0.01832154068581504
2023-08-25,0.0013057929295490212
2023-08-28,0.009067421512080731
2023-08-29,-0.002001240503989865
2023-08-30,-0.0011329365817517312
2023-08-31,-0.0004562000173826686
2023-09-01,0.005714616278924334
2023-09-05,-0.0032088996311503415
2023-09-06,-0.0028891639442085726
2023-09-07,-0.021382285537777213
2023-09-08,-0.001632863781398597
2023-09-11,0.021005365312175117
2023-09-12,-0.0074304995523652995
2023-09-13,0.0011249635163925742
2023-09-14,0.004634906840595532
2023-09-15,-0.001746974766859699
2023-09-18,-0.009379087254023366
2023-09-19,-0.003922985601237494
2023-09-20,0.002259842088696562
2023-09-21,-0.01362382459944056
2023-09-22,0.007565092744042046
2023-09-25,-0.003482786873674093
2023-09-26,-0.008862569127591313
2023-09-27,0.0035490114779259674
2023-09-28,-0.003092257623684813
2023-09-29,0.012177309656919766
2023-10-02,-0.0028147714237009014
2023-10-03,-0.004783841609471651
2023-10-04,0.006491130822015911
2023-10-05,0.0051990804345116715
2023-10-06,0.0005248059969509278
2023-10-09,-0.0008916432418983877
2023-10-10,0.012632274593381121
2023-10-11,0.006986591475510284
2023-10-12,0.0008660432721327993
2023-10-13,0.000118253476548702
2023-10-16,-0.0009042065548287015
2023-10-17,-0.00859544086097952
2023-10-18,-0.0054977909384607004
2023-10-19,0.003023484145083577
2023-10-20,-0.00060964980856415
2023-10-23,-0.0010488578568693674
2023-10-24,0.001118438257013299
2023-10-25,-0.0014948892597791419
2023-10-26,0.0002520766890061754
2023-10-27,0.004031592819970564
2023-10-30,0.0022630401114507315
2023-10-31,-0.0023626622688455168
2023-11-01,0.00048270540603367884
2023-11-02,0.004329510276104509
2023-11-03,0.0027285751530188307
2023-11-06,0.0012183412723352216
2023-11-07,-9.974126716361109e-05
2023-11-08,0.0005824100369002938
2023-11-09,0.003676079997309678
2023-11-10,0.0028000032200163893
2023-11-13,-0.0005504702468235312
2023-11-14,0.005922586614616643
2023-11-15,0.0015949659096852198
2023-11-16,-0.0015040595612838548
2023-11-17,0.00011342425001870104
2023-11-20,0.0001447854185834263
2023-11-21,-0.001902752993312773
2023-11-22,0.0002826971665941258
2023-11-24,-0.0009596488023856375
2023-11-27,-0.00021178147979217243
2023-11-28,-0.0006788755674156377
2023-11-29,0.0030257454228921343
2023-11-30,-0.0005276692585250986
2023-12-01,-0.0015919943384306023
2023-12-04,-0.01013650152234502
2023-12-05,-0.005373948992683397
2023-12-06,0.009007989086537549
2023-12-07,0.005710589056426407
2023-12-08,-0.004372995680671288
2023-12-11,-0.0012892532872351703
2023-12-12,-0.004019112128235469
2023-12-13,-0.0018164012665209395
2023-12-14,0.003562076094288269
2023-12-15,0.0014425944510065847
2023-12-18,0.002520641270836066
2023-12-19,-0.0005711699094332889
2023-12-20,-0.0024502408773995343
2023-12-21,0.012113874278465886
2023-12-22,0.002930167044133958
2023-12-26,0.003638113311629443
2023-12-27,0.003365204082943718
2023-12-28,0.004001881644810412
2023-12-29,0.0029571832238501905
2024-01-02,-0.0035555518873119363
2024-01-03,-0.006794398721761352
2024-01-04,-0.0015357364037525967
2024-01-05,0.0016741669415547555
2024-01-08,0.003976702410144917
2024-01-09,-0.0028931152490043743
2024-01-10,0.002657616454203149
2024-01-11,0.004544590817453065
2024-01-12,0.000996531331445727
2024-01-16,0.002570250904851079
2024-01-17,-0.003065578946633396
2024-01-18,0.00986532191610534
2024-01-19,0.005962576712551737
2024-01-22,0.004484654260806131
2024-01-23,-0.0008016258891374584
2024-01-24,0.00835714432183976
2024-01-25,0.008943205487300654
2024-01-26,-0.007348927517591197
2024-01-29,0.0024015295691175442
2024-01-30,-0.00046363976782093363
2024-01-31,-0.0128328975271369
2024-02-01,0.005165175254714605
2024-02-02,0.015161158195747149
2024-02-05,0.005977930454457825
2024-02-06,0.0020004793558556777
2024-02-07,0.003767269829560993
2024-02-08,0.0004686089529146731
2024-02-09,0.0059848559060329265
2024-02-12,0.0021373092538758964
2024-02-13,-0.021876223113530435
2024-02-14,0.01206243628003456
2024-02-15,0.002585899023669791
2024-02-16,0.004913844956985214
2024-02-20,-0.006995749056284972
2024-02-21,-0.012352158002351676
2024-02-22,0.04439261153885998
2024-02-23,0.008984796711419829
2024-02-26,0.007203872336153383
2024-02-27,0.002281930971847368
2024-02-28,-0.006597672742928662
2024-02-29,0.010119726508346805
2024-03-01,0.006035316793009615
2024-03-04,0.010246686775420066
2024-03-05,-0.00623207183304153
2024-03-06,0.019902117880777448
2024-03-07,0.011965063103188456
2024-03-08,0.009346413545467058
2024-03-11,-0.008267006748159722
2024-03-12,0.013585929960090226
2024-03-13,-0.005352958310962497
2024-03-14,-0.004841057835893503
2024-03-15,-0.009484347770157164
2024-03-18,0.013803595718890671
2024-03-19,-0.01725915446082993
2024-03-20,0.003460228773930041
2024-03-21,0.020485170989687607
2024-03-22,-0.004490096828164369
2024-03-25,-0.005137333426318946
2024-03-26,0.006553163736445988
2024-03-27,0.008635477942988246
2024-03-28,-0.00044820897634001433
2024-04-01,-0.00036568540558368223
2024-04-02,-0.017871473080121936
2024-04-03,-0.0066386212962791236
2024-04-04,0.013781905126341032
2024-04-05,0.005955939273527777
2024-04-08,0.006720644127426789
2024-04-09,0.0037614992369545686
2024-04-10,-0.012495083826749909
2024-04-11,0.0028224192093524447
2024-04-12,-0.010250225600693441
2024-04-15,0.007076928054743137
2024-04-16,0.000935749408157438
2024-04-17,0.004206770990186515
2024-04-18,0.0034536527970592257
2024-04-19,-0.006717993913695097
2024-04-22,0.009435697348254113
2024-04-23,0.007177918005907724
2024-04-24,0.008907933651625344
2024-04-25,-0.014852076493551691
2024-04-26,0.005341738603558577
2024-04-29,9.268249295901754e-05
2024-04-30,-0.003245593115268508
2024-05-01,-0.007727595281794564
2024-05-02,0.008463298558884613
2024-05-03,0.012344376882629904
2024-05-06,0.005585332467086479
2024-05-07,-0.0030679896013287022
2024-05-08,-0.006999761811747107
2024-05-09,-0.0003866793434187388
2024-05-10,0.006485045396262601
2024-05-13,0.0017736998424155992
2024-05-14,-0.004012166694863595
2024-05-15,0.00648208206951395
2024-05-16,0.0005368762910014091
2024-05-17,0.0026911450998714503
2024-05-20,0.003844078145099239
2024-05-21,-0.005794246893615185
2024-05-22,0.0021937269210914323
2024-05-23,0.022180001746136435
2024-05-24,0.003548805747102257
2024-05-28,0.010437779459464114
2024-05-29,-0.007014788174270814
2024-05-30,-0.0003660943595023003
2024-05-31,0.005060925758307189
2024-06-03,0.01393040453215999
2024-06-04,0.0008154223048122411
2024-06-05,0.00941439133838573
2024-06-06,0.003739365984774201
2024-06-07,-0.002627291908168128
2024-06-10,-0.0034174669249811274
2024-06-11,-0.0013109119132778124
2024-06-12,0.010410184716885373
2024-06-13,0.012478099276634014
2024-06-14,-0.0010523699430048383
2024-06-17,0.003212544042784149
2024-06-18,0.0002967533858750926
2024-06-20,0.011325170314454569
2024-06-21,-0.010501174870756413
2024-06-24,-0.010067818890793001
2024-06-25,0.009919467379146285
2024-06-26,-0.0005239851749800906
2024-06-27,-0.0057556421254525425
2024-06-28,0.0020106355617826033
2024-07-01,0.0007311987446372292
2024-07-02,-0.009963148894578389
2024-07-03,-0.002595696590235841
2024-07-05,-6.427530271913007e-06
2024-07-08,0.0048349439573396324
2024-07-09,0.005912944928408548
2024-07-10,0.00785297034040311
2024-07-11,0.0016144668503268456
2024-07-12,0.0018029388761211518
2024-07-15,0.0071531938614917134
2024-07-16,0.0025027272756832364
2024-07-17,-0.022818100764611104
2024-07-18,0.012897679912005744
2024-07-19,-0.0027829089918219863
2024-07-22,0.011269882461072633
2024-07-23,-0.0017838946477369833
2024-07-24,-0.012434953991166897
2024-07-25,-0.0021674566645782933
2024-07-26,0.01241928122673075
2024-07-29,0.00444949722087884
2024-07-30,0.001901429219605122
2024-07-31,0.02685697750382343
2024-08-01,0.0025126658673380042
2024-08-02,-0.021100794758555974
2024-08-05,-0.07114226874164276
2024-08-06,0.009889840274012629
2024-08-07,0.01673978985984581
2024-08-08,0.017736456001669954
2024-08-09,-0.0017616594324798562
2024-08-12,0.0029745651974508736
2024-08-13,0.011852950422916786
2024-08-14,0.0062416529798379194
2024-08-15,0.010908390637031529
2024-08-16,-0.005224104138867647
2024-08-19,0.00033462489564173303
2024-08-20,-0.002522195620250023
2024-08-21,0.0016191735997133083
2024-08-22,0.005822861116252964
2024-08-23,0.009798264365560305
2024-08-26,-0.0024565101602056494
2024-08-27,-0.005015920991046308
2024-08-28,-0.0005742339553652664
2024-08-29,-0.0018749878226175243
2024-08-30,0.009125126853970711
2024-09-03,-0.00925933725608663
2024-09-04,-0.007652928601827758
2024-09-05,-0.0022265550166349346
2024-09-06,0.0018508671304924285
2024-09-09,0.009977502299381324
2024-09-10,0.004714257540000766
2024-09-11,0.0026106580022067227
2024-09-12,-0.0016273281505765347
2024-09-13,0.00035005364032647535
2024-09-16,-0.007986756152611796
2024-09-17,0.005770054991729667
2024-09-18,0.002049206958456784
2024-09-19,0.01828822652201878
2024-09-20,-0.002747731735801673
2024-09-23,0.0036255832904925622
2024-09-24,0.0039580576285318525
2024-09-25,-0.00023043162659752703
2024-09-26,0.014646567121729737
2024-09-27,0.002062347044172075
2024-09-30,-0.007109581320625558
2024-10-01,7.26639667778528e-05
2024-10-02,-0.0011877970738531918
2024-10-03,0.0029867447329239294
2024-10-04,0.005412000537198036
2024-10-07,-0.00023880820666244418
2024-10-08,0.003886400366424514
2024-10-09,0.001613058882083962
2024-10-10,-0.001807091388281834
2024-10-11,-0.0017123766928505146
2024-10-14,0.0038712749588936113
2024-10-15,-0.0005241404529089388
2024-10-16,0.004726392730444839
2024-10-17,0.007304128819980882
2024-10-18,0.0032614139466922154
2024-10-21,4.854261281961314e-05
2024-10-22,-0.001915241582859939
2024-10-23,-0.0034032249074985588
2024-10-24,0.0031789645247932707
2024-10-25,0.001769243412138577
2024-10-28,0.0032293079354022147
2024-10-29,0.0007981357799822231
2024-10-30,-0.006519713210976996
2024-10-31,-0.0026448648829847654
2024-11-01,0.002830468811503062
2024-11-04,-0.001224443251138796
2024-11-05,0.007520747930969129
2024-11-06,0.0249246243025667
2024-11-07,0.002885351095615718
2024-11-08,0.0007649258608428688
2024-11-11,0.014949971246962734
2024-11-12,-0.002527333058714998
2024-11-13,0.005208595603957145
2024-11-14,0.0023095541214330773
2024-11-15,-0.004815211222129245
2024-11-18,0.009998356872780167
2024-11-19,-0.0025902463750406834
2024-11-20,0.0036209221014893433
2024-11-21,0.01462074208031039
2024-11-22,0.0010289079628325037
2024-11-25,0.011175321586833542
2024-11-26,0.00019068697501345433
2024-11-27,0.004297051958424447
2024-11-29,0.0066002067445447565
2024-12-02,0.006485551214440388
2024-12-03,-0.0025381285039343116
2024-12-04,0.004545859854584888
2024-12-05,0.006104226345028385
2024-12-06,0.0011170303817698013
2024-12-09,-0.0043199924588486205
2024-12-10,0.001984784513911375
2024-12-11,0.005195176962291992
2024-12-12,-0.0021692800787883604
2024-12-13,0.0073322943381104455
2024-12-16,0.003694382043782918
2024-12-17,-0.0036238925323260895
2024-12-18,0.0036720405986527815
2024-12-19,0.005431274403520092
2024-12-20,-0.0022811512128404487
2024-12-23,0.002038252979651878
2024-12-24,0.004033382559178511
2024-12-26,-0.0018410267039974393
2024-12-27,-0.0013706248271425636
2024-12-30,-0.005583002724388497
2024-12-31,0.0022736293420335674
2025-01-02,0.004183523187178961
2025-01-03,0.0027617941594924034
2025-01-06,0.00769462281989397
2025-01-07,0.0032508577910685954
2025-01-08,0.0012041381872338608
2025-01-10,-0.0036520376514298514
2025-01-13,-0.009503325749884106
2025-01-14,0.005230252215989495
2025-01-15,0.005258952332682476
2025-01-16,0.004085226490198046
2025-01-17,0.007059559002798199
2025-01-21,0.0023196091371835426
2025-01-22,0.004530727226960574
2025-01-23,-0.004067055845352607
2025-01-24,0.002490347049843855
2025-01-27,-0.024341529662732064
2025-01-28,0.003858360334131561
2025-01-29,-0.0013923727022295829
2025-01-30,0.002537900857047859
2025-01-31,-0.0002601611231007883
2025-02-03,-0.011483087475784193
2025-02-04,-0.00020117118167395365
2025-02-05,0.004125258665206077
2025-02-06,0.003703990015625047
2025-02-07,0.0020987850109279726
2025-02-10,0.0017138026244014615
2025-02-11,-0.0025655971958746804
2025-02-12,-0.006018192763920238
2025-02-13,0.0005515877160553462
2025-02-14,0.0016874761857659237
2025-02-18,0.003553019730718976
2025-02-19,0.0002090992580954243
2025-02-20,0.0013121120085290983
2025-02-21,0.0006175532203609446
2025-02-24,0.003581741066185584
2025-02-25,-0.0016356103588975879
2025-02-26,0.005784102505832722
2025-02-27,0.005735284353155734
2025-02-28,-0.002928652898874562
2025-03-03,0.0020294411855503736
2025-03-04,-0.004993202415663034
2025-03-05,0.0027807321834794063
2025-03-06,-0.008568661957314316
2025-03-07,0.0014322267616142526
2025-03-10,-0.006846618675448335
2025-03-11,0.0012724804596819794
2025-03-12,0.009261161699638976
2025-03-13,0.0011617995700776707
2025-03-14,0.006631363486969688
2025-03-17,0.00019751556568659012
2025-03-18,-0.003989471138081013
2025-03-19,0.003368652315698384
2025-03-20,-0.002740881157453301
2025-03-21,-0.004419385140696841
2025-03-24,0.005729255092971952
2025-03-25,-0.0015940781208449994
2025-03-26,-0.0037163639322875808
2025-03-27,-0.005268490063674358
2025-03-28,-0.0008331702772609306
2025-03-31,0.0049114853353289245
2025-04-01,0.003923820399513112
2025-04-02,0.007245639619208433
2025-04-03,0.022853137739995866
2025-04-04,0.019916826261174414
2025-04-07,0.019086261606236832
2025-04-08,-0.018821467197008945
2025-04-09,0.005693716736394849
2025-04-10,0.009030718714301056
2025-04-11,0.005860228638028708
2025-04-14,-0.012624254100699672
2025-04-15,-0.0011196444763744706
2025-04-16,0.0027624925904343733
2025-04-17,-0.004241770033792558
2025-04-21,0.007656631044769213
2025-04-22,-0.007195735392918845
2025-04-23,-0.014747691354053183
2025-04-24,-0.002100939838637572
2025-04-25,0.0013056189758020587
2025-04-28,-0.0027955034324137484
2025-04-29,0.0025116456706399948
2025-04-30,0.006459069201922629
2025-05-01,-0.005481794370690407
2025-05-02,-0.0030943417969947484
2025-05-05,0.0037330234736312473
2025-05-06,0.006733629578380196
2025-05-07,-0.0009494431903208644
2025-05-08,-0.005547750797883166
2025-05-09,-0.002132519529974064
2025-05-12,-0.024916703764391035
2025-05-13,0.00041341775612102616
2025-05-14,0.0023451444590094628
2025-05-15,0.0018494723793585077
2025-05-16,0.00023637444117396988
2025-05-19,0.007610122655403062
2025-05-20,0.00259564247959565
2025-05-21,0.0050805551198829235
2025-05-22,-5.5726922864374195e-05
2025-05-23,0.010014543282499622
2025-05-27,-0.007338364785986484
2025-05-28,0.0005316154557426511
2025-05-29,0.008682760427933145
2025-05-30,-0.0011999503838163728
2025-06-02,0.0003927718566503202
2025-06-03,0.003816538273772485
2025-06-04,0.0010437966561467338
2025-06-05,-0.0020686615136200626
2025-06-06,0.012711816715659685
2025-06-09,-0.0024985163271559196
2025-06-10,0.003241323464159507
2025-06-11,0.005842177803995652
2025-06-12,-0.0037373563164372348
2025-06-13,-0.009221629883654714
2025-06-16,0.007410348780227283
2025-06-17,-0.0031721546788259225
2025-06-18,0.0009665392218498603
2025-06-20,0.005277116512337754
2025-06-23,0.0017291553838985063
2025-06-24,0.008199583597466864
2025-06-25,0.003910102322471021
2025-06-26,0.0019868656515504846
2025-06-27,0.0006632266401680464
2025-06-30,0.0036114490771230745
2025-07-01,-0.012790973860622334
2025-07-02,-0.0007889073079636599
2025-07-03,0.0033755407022042494
2025-07-07,-0.0022188311629849355
2025-07-08,0.0024720583084338887
2025-07-09,0.002059247932584052
2025-07-10,0.002722714338142085
2025-07-11,-0.0015235799871415878
2025-07-14,-0.00023814935423283057
2025-07-15,0.0081322348555668
2025-07-16,0.00012115235338217012
2025-07-17,0.000570322871889184
2025-07-18,0.001461136597951107
2025-07-21,0.0009512032594680697
2025-07-22,-0.00030484653028850506
2025-07-23,0.0019054264846576352
2025-07-24,0.0027581918120649362
2025-07-25,-0.0009762733797213929
2025-07-28,0.0028145916337567467
2025-07-29,0.0027101963358258097
2025-07-30,0.0011343433972081929
2025-07-31,0.00791283714825397
2025-08-01,-0.007220319184596202
2025-08-04,0.0052662947778008284
2025-08-05,0.003083717730670399
2025-08-06,-0.002939320672976531
2025-08-07,0.0044694665834645875
2025-08-08,0.0020239352575657232
2025-08-11,-5.412504506263627e-05
2025-08-12,0.0029965705013981214
2025-08-13,0.002892127192433591
2025-08-14,-0.0036675488101999276
2025-08-15,-1.6430808415845988e-05
2025-08-18,-0.0019676693321160066
2025-08-19,-0.0015148277093908202
2025-08-20,-0.002702474123691956
2025-08-21,-0.0009906129371080041
2025-08-22,-0.0015343343443188218
2025-08-25,-0.0019984354407708294
2025-08-26,0.0006640109975206698
2025-08-27,-2.022833187731443e-06
2025-08-28,0.0005947007228204182
2025-08-29,-0.0033026339744015587
2025-09-02,-0.010581327188664003
2025-09-03,0.00494826037406737
2025-09-04,0.0006825092311033565
2025-09-05,0.004565622720066331
2025-09-08,0.003678956522343846
2025-09-09,0.0025561684034307586
2025-09-10,0.00941307197708352
2025-09-11,0.004034576275214308
2025-09-12,0.0029077633097487343
2025-09-15,0.007423186506830826
2025-09-16,0.0015493045935512928
2025-09-17,-0.004016083910094448
2025-09-18,0.008561449189524506
2025-09-19,0.0019531240349015544
2025-09-22,-0.00030119142397877496
2025-09-23,0.0023128659132467533
2025-09-24,0.004098463545467057
2025-09-25,-0.009173453678853027
2025-09-26,0.0033116636527881216
2025-09-29,0.005385266877703243
2025-09-30,-0.0012184229459735185
2025-10-01,-0.004023701316869244
2025-10-02,0.010727695977607699
2025-10-03,0.003287410179996453
2025-10-06,0.01709174908849853
2025-10-07,0.0008728417696743929
2025-10-08,0.003542339538600947
2025-10-09,-0.0015524645039702856
2025-10-10,0.0013156508689651236
2025-10-13,0.017539569024372703
2025-10-14,-0.011970290192598765
2025-10-15,0.012003599586114522
2025-10-16,0.0038376986418278136
2025-10-17,-0.004607057455704444
2025-10-20,0.006649134261459411
2025-10-21,-0.0008177090224513739
2025-10-22,-0.0013321205303192807
2025-10-23,-0.005634958171011228
2025-10-24,0.007758896918621971
2025-10-27,0.01236269794871081
2025-10-28,0.0029404344422760964
2025-10-29,0.008538307907962617
2025-10-30,-0.008310192171322117
2025-10-31,0.014965396026276556
2025-11-03,0.009352504802394801
2025-11-04,-0.01820427973928429
2025-11-05,0.0012525390100839306
2025-11-06,-0.0001828828070892241
2025-11-07,-0.008249416708096646
2025-11-10,0.0172895420406749
2025-11-11,-0.00714791846710372
2025-11-12,0.00750088200888932
2025-11-13,-0.007673432395183588
2025-11-14,-0.0165587042666685
2025-11-17,-0.0059320850131897584
2025-11-18,-0.008223875408490344
2025-11-19,0.0040698741082692
2025-11-20,0.02187235348286176
2025-11-21,0.00461827214042998
2025-11-24,0.010686639302026624
2025-11-25,-0.007560580590802224
2025-11-26,0.007903308682208232
2025-11-28,0.0026618336953709854
2025-12-01,-0.00880821036539614
2025-12-02,0.003969865846224163
2025-12-03,-0.0012343537106386249
2025-12-04,0.005097373883757639
2025-12-05,0.0027323996433803455
2025-12-08,-0.00035981406055474174
2025-12-09,-0.0021318595033815724
2025-12-10,-0.0005516508988318014
2025-12-11,-0.006859993410686216
2025-12-12,-0.0034834672857160243
2025-12-15,0.008592504197282969
2025-12-16,-0.003510713346420391
2025-12-17,0.0003330936160435005
2025-12-18,0.01601840460822701
2025-12-19,0.005207973973007318
2025-12-22,0.009954426520203175
2025-12-23,-0.0012665652902340563
2025-12-24,-0.00035602831767844734
2025-12-26,0.001450101929963532
2025-12-29,-0.006339560726605353
2025-12-30,0.00020451768959439676
2025-12-31,0.0015938246020938962
2026-01-02,0.009511508457855644
2026-01-05,0.009829809057008587
2026-01-06,0.0014428432661663937
2026-01-07,0.00015603600114655336
2026-01-08,3.425406330870295e-05
2026-01-09,0.002100168753621512
2026-01-12,-0.004734343745766867
2026-01-13,0.001512217396923754
2026-01-14,-0.004776511013838025
2026-01-15,0.00899514599321094
2026-01-16,0.005775787123332821
2026-01-20,-0.010702354710121043
2026-01-21,0.003881658985481984
2026-01-22,0.006907004509504322
2026-01-23,-0.00118191403508916
2026-01-26,-0.0017438822835654788
2026-01-27,0.005652616621849793
2026-01-28,0.006171327342487931
2026-01-29,-0.0007642302827022274
2026-01-30,-0.001200208279061088
2026-02-02,-0.005594137376070396
2026-02-03,0.006561691505942102
2026-02-04,-0.004089982356713873
2026-02-05,-0.00833521611998711
2026-02-06,0.0039584402271222174
2026-02-09,-0.004562286248427472
2026-02-10,0.0002702066286610627
2026-02-11,0.009659910327036503
2026-02-12,0.0040926589131231594
2026-02-13,-0.0015701136509629343
2026-02-17,-0.006702526731961145
2026-02-18,0.0020223214562899994
2026-02-19,-0.005027272527203364
2026-02-20,-0.003957258756482451
2026-02-23,-0.002125063665602278
2026-02-24,0.002850564261659194
2026-02-25,0.005230319254289961
2026-02-26,-0.002672371154959552
2026-02-27,-0.010042277909080966
2026-03-02,-0.012166167100709058
2026-03-03,-0.01714364329376228
2026-03-04,0.005677287930047958
2026-03-05,-0.0041439439307084935
2026-03-06,-0.012610348316753561
2026-03-09,-0.0071713638846868655
2026-03-10,0.001095463529019236
2026-03-11,0.0028356669432851866
2026-03-12,-0.005939078184406532
2026-03-13,0.004908327171095461
2026-03-16,0.008942579565621278
2026-03-17,0.0035361677062792918
2026-03-18,-0.0004780439714549001
2026-03-19,-0.010458025732213883
2026-03-20,-0.001219762329447538
2026-03-23,0.010544157353276296
2026-03-24,-0.004624990778693938
2026-03-25,0.005573532242846735
2026-03-26,-0.007862475402888536
2026-03-27,-0.0026634013122392997
2026-03-30,0.005074140631227797
2026-03-31,0.0074040966513344575
2026-04-01,0.007179928397581303
2026-04-02,0.002263885919002062
2026-04-06,0.0003550110840824239
2026-04-07,0.002820884312109806
2026-04-08,-0.006564764308840787
2026-04-09,0.0009580785010088189
2026-04-10,-0.00010977894571662095
2026-04-13,-0.000176885650849945
2026-04-14,0.004629519155510797
2026-04-15,-0.001386319650880652
2026-04-16,-0.000610332488515053
2026-04-17,0.007203642986447267
2026-04-20,-3.952548009622525e-05
2026-04-21,0.0027265326046783667
2026-04-22,0.007902725629370666
2026-04-23,0.0004006847180937356
2026-04-24,0.015188509290719354
2026-04-27,0.0013612638166631275
2026-04-28,-0.01538303690260312
2026-04-29,0.004691281687883464
2026-04-30,0.009480785370278522
2026-05-01,-0.0004907083920935307
2026-05-04,0.0027304381224897423
2026-05-05,0.011391493950989151
2026-05-06,0.016467820811835843
2026-05-07,-0.0035381967073417897
2026-05-08,0.010342819699087125
2026-05-11,0.0071232763541084765
2026-05-12,-0.010650824779672607
2026-05-13,0.012967856068757388
2026-05-14,-0.00419061953780675
2026-05-15,-0.020212098247903043
2026-05-18,0.01055351199596144
2026-05-19,-0.009916762820469827
2026-05-20,0.01396416870948558
2026-05-21,-0.002706486308736822
2026-05-22,0.0054155130363373605
2026-05-26,0.020122226179931868
2026-05-27,0.01133900301579538
2026-05-28,0.0007271027852433498
2026-05-29,0.008044986031603196
2026-06-01,0.0014086661161836211
2026-06-02,0.0055767727971334224
2026-06-03,0.0076741566213123225
2026-06-04,-0.028684454281029503
2026-06-05,-0.02446366972637204
2026-06-08,0.03299198612070153
2026-06-09,0.01502327160300454
2026-06-10,-0.013485270426173979
2026-06-11,0.011283709266031838
2026-06-12,-0.0038282522315005174
2026-06-15,0.03194441352567168
2026-06-16,-0.003584028597837574
2026-06-17,0.016751639316705536
2026-06-18,0.02841699629255534
2026-06-22,0.011559904581909475
2026-06-23,-0.05093883940166777
2026-06-24,0.006359168520492453
2026-06-25,0.044973307688323416
2026-06-26,-0.02448657759639694
2026-06-29,0.005429492440216732
2026-06-30,0.0006209787689628321
2026-07-01,-0.024676796252840694
2026-07-02,0.001021266329992665
2026-07-06,0.014155149032110126
2026-07-07,-0.02666693806931375
2026-07-08,-0.010714371267073974
2026-07-09,0.024767855184676835
2026-07-10,-0.00994904960796239
2026-07-13,-0.017531964569527325
2026-07-14,0.023182433273241543
2026-07-15,0.003567747145152511
2026-07-16,-0.013285875142231895
2026-07-17,-0.018145534255634144
2026-07-20,0.013938934013226323
2026-07-21,0.02282313531541824
2026-07-22,-0.011671743151890235
2026-07-23,-0.005230555615523991
2026-07-24,-0.006296208309120699
2026-07-27,0.0060111469925059335
2026-07-28,-0.016657008096381487
2026-07-29,-8.390639995425886e-05
2026-07-30,0.01992597818564601
2026-07-31,0.012832131496032906
2026-08-03,-0.009149342954258066
2026-08-04,0.013350429404785258
2026-08-05,-0.0015305987809044463
2026-08-06,-0.009282785579960762
2026-08-07,0.009090993456918772
2026-08-10,-0.0033757301042520726
2026-08-11,0.005142404110065835
2026-08-12,0.013365145352481456
2026-08-13,0.0010964397130830417
2026-08-14,0.003341871019719278
