index,return
2000-01-03,0.0
2000-01-04,0.0
2000-01-05,-0.0047177249419194656
2000-01-06,0.003348329917870485
2000-01-07,-0.004509330649921428
2000-01-10,0.005886320984451521
2000-01-11,-0.0007460690089549082
2000-01-12,-0.00024163046628822293
2000-01-13,0.0024086241777763195
2000-01-14,-0.0011301324046987249
2000-01-18,0.0006076054235863992
2000-01-19,0.00224372329766509
2000-01-20,0.012132637105863875
2000-01-21,0.0025135827971596303
2000-01-24,0.0018095590490543323
2000-01-25,-0.00018641071969416334
2000-01-26,-0.005731127281226822
2000-01-27,0.0038128158191703676
2000-01-28,-0.0019379594060384697
2000-01-31,0.0025606474166395277
2000-02-01,0.0014307831784650116
2000-02-02,0.0020315392114638176
2000-02-03,0.005188228953540763
2000-02-04,0.003339947865961257
2000-02-07,0.000628806353772049
2000-02-08,0.0017371285221017274
2000-02-09,0.0036421859706388116
2000-02-10,0.007215798883066338
2000-02-11,0.004147104032938165
2000-02-14,-0.004718858978768226
2000-02-15,0.003852474031621922
2000-02-16,0.004037857265057454
2000-02-17,0.0011178238956537356
2000-02-18,-0.0020296628004322637
2000-02-22,-0.007016234049459391
2000-02-23,-0.0006416458336087061
2000-02-24,0.0026406985990885534
2000-02-25,-0.00028147068459782876
2000-02-28,-0.00011930337455423601
2000-02-29,0.004673688973395818
2000-03-01,0.006852514477246441
2000-03-02,0.0
2000-03-03,0.0
2000-03-06,0.0
2000-03-07,0.0
2000-03-08,0.0
2000-03-09,0.0
2000-03-10,0.0
2000-03-13,0.0
2000-03-14,0.0
2000-03-15,0.0
2000-03-16,0.0
2000-03-17,0.0
2000-03-20,0.0
2000-03-21,0.0
2000-03-22,0.0
2000-03-23,0.0
2000-03-24,0.0
2000-03-27,0.0
2000-03-28,0.0
2000-03-29,0.0
2000-03-30,0.0
2000-03-31,0.0
2000-04-03,0.0
2000-04-04,0.005186049043462093
2000-04-05,-0.0034524701568805494
2000-04-06,0.016792645228191017
2000-04-07,0.0
2000-04-10,0.0
2000-04-11,0.0
2000-04-12,0.0
2000-04-13,0.0
2000-04-14,-0.010447992710596155
2000-04-17,-0.00966307920135967
2000-04-18,0.00788042362011443
2000-04-19,0.003839446216491238
2000-04-20,0.005154964586745248
2000-04-24,-0.014161355991730407
2000-04-25,0.009720661428476829
2000-04-26,0.005060683175176939
2000-04-27,-0.014587306260336441
2000-04-28,0.0029353686578974525
2000-05-01,0.004924708077628459
2000-05-02,-0.00040907755312968863
2000-05-03,-0.0026180327220045596
2000-05-04,-0.002247030627298585
2000-05-05,-0.002036657859067037
2000-05-08,-0.003215427856822828
2000-05-09,0.0032818318156619952
2000-05-10,-0.0036413099871802634
2000-05-11,0.0035737705298222178
2000-05-12,0.0035203598814399495
2000-05-15,0.0003877675850267881
2000-05-16,0.006560633136092786
2000-05-17,0.008198615806076726
2000-05-18,-0.0017807318450886456
2000-05-19,-0.0045214817668607354
2000-05-22,-0.00102773229841846
2000-05-23,-0.001660927890859698
2000-05-24,0.00011418789063477597
2000-05-25,0.007488570775694647
2000-05-26,0.0013671530930783327
2000-05-30,0.01155349103357639
2000-05-31,-1.1646691377653617e-05
2000-06-01,0.020589674263547186
2000-06-02,0.0
2000-06-05,0.0
2000-06-06,0.0
2000-06-07,0.0
2000-06-08,0.0
2000-06-09,0.003519083110567367
2000-06-12,0.0022530243159295527
2000-06-13,-0.0037849582520548264
2000-06-14,0.0027616669543233385
2000-06-15,-0.0007347756551240314
2000-06-16,0.0015944373244567434
2000-06-19,0.0016544525680739497
2000-06-20,0.0016765712261395116
2000-06-21,-0.0029745600501699387
2000-06-22,0.002286722776056793
2000-06-23,-0.0017072229155229435
2000-06-26,0.0027153804104249613
2000-06-27,0.0016965557531614106
2000-06-28,0.002945409036073654
2000-06-29,-0.009063794827909089
2000-06-30,0.004193959964140737
2000-07-03,0.004740583217901051
2000-07-05,-0.008558062250889287
2000-07-06,-0.0004801692913612987
2000-07-07,0.0016724592416166306
2000-07-10,-0.001369406250955496
2000-07-11,-0.0013120818384806388
2000-07-12,0.007350667468241534
2000-07-13,0.008160250121812762
2000-07-14,0.006344397377429978
2000-07-17,0.0014782986863497438
2000-07-18,-0.00727160341293609
2000-07-19,-0.00356084339842766
2000-07-20,-0.001118008560565098
2000-07-21,-0.006220415895665687
2000-07-24,0.0021976036875441807
2000-07-25,0.0039702639019045805
2000-07-26,-0.0041299619945887045
2000-07-27,-0.009917366392204863
2000-07-28,0.001815912406500253
2000-07-31,0.009222242076532439
2000-08-01,-0.0011647339634627274
2000-08-02,-0.0022815691989381826
2000-08-03,-0.017302776725661273
2000-08-04,0.00512429235822931
2000-08-07,-0.0006118925188550728
2000-08-08,-0.0007805512787883995
2000-08-09,0.006240605501535157
2000-08-10,-0.006248952410138564
2000-08-11,-0.0007957277013488362
2000-08-14,0.0061277212130603775
2000-08-15,0.0023873169455852494
2000-08-16,0.00677014149441546
2000-08-17,-0.004204070774330271
2000-08-18,0.0029695005569339017
2000-08-21,0.003953055965057128
2000-08-22,-0.004220138398230655
2000-08-23,-0.0007417816520386422
2000-08-24,0.0011172666445755652
2000-08-25,-0.0015624677593610858
2000-08-28,0.0016457868746788673
2000-08-29,0.0003317673005875932
2000-08-30,-0.0016425376416807635
2000-08-31,0.0011876234768544158
2000-09-01,0.004673841268988177
2000-09-05,0.0045582810876789726
2000-09-06,-0.007668280856142351
2000-09-07,0.0033837735736081953
2000-09-08,-0.001986158327228593
2000-09-11,-0.00536948197350029
2000-09-12,0.0032505002325946553
2000-09-13,-0.003351653517796316
2000-09-14,0.004127771419642823
2000-09-15,-0.001168819401465071
2000-09-18,0.0027643053223325165
2000-09-19,-0.0012149354588223416
2000-09-20,-0.0030663379709680028
2000-09-21,-0.002905730363616077
2000-09-22,-0.01563318406923697
2000-09-25,0.0038219572053075357
2000-09-26,0.0031352480053035148
2000-09-27,0.0032300664481990093
2000-09-28,-0.002716939722450129
2000-09-29,-0.006331033543597209
2000-10-02,0.003344207636150065
2000-10-03,0.006886958384151987
2000-10-04,-0.00021989991866433467
2000-10-05,-0.0027787748300021065
2000-10-06,0.0022552391099468494
2000-10-09,0.0013171486639576013
2000-10-10,-0.006077307491314854
2000-10-11,-0.009640023145270349
2000-10-12,0.008551844950877463
2000-10-13,-0.00302895643584844
2000-10-16,-0.0011939303668386803
2000-10-17,-0.011628977579927202
2000-10-18,-0.01963560394410857
2000-10-19,0.025083956620799652
2000-10-20,0.0
2000-10-23,0.0
2000-10-24,0.0
2000-10-25,0.0
2000-10-26,0.0
2000-10-27,0.002463838069795221
2000-10-30,-0.002335126012912303
2000-10-31,0.0115088773300831
2000-11-01,-0.0074790728444729115
2000-11-02,0.00743420288622354
2000-11-03,0.0024051396756790133
2000-11-06,0.007113957921666136
2000-11-07,0.002395294423736427
2000-11-08,0.0016656122931526518
2000-11-09,-0.010917768451661591
2000-11-10,0.00016101373551680176
2000-11-13,-0.010120054891298857
2000-11-14,0.013614665990000274
2000-11-15,0.0028561117175196493
2000-11-16,-0.007077846834010804
2000-11-17,0.0013800289905914198
2000-11-20,-0.006706835495735031
2000-11-21,0.005353773586243227
2000-11-22,0.002234359875713521
2000-11-24,0.009330947422905078
2000-11-27,0.010446047208248377
2000-11-28,0.00017996858001412264
2000-11-29,0.0010043875039542627
2000-11-30,-0.022672086078235676
2000-12-01,0.017444244109200424
2000-12-04,0.0
2000-12-05,0.0
2000-12-06,0.0
2000-12-07,0.0
2000-12-08,0.0
2000-12-11,-0.0017031780953608022
2000-12-12,-0.0015671369497384235
2000-12-13,0.0034926740686773705
2000-12-14,0.0005063007303396372
2000-12-15,-0.007084432053381495
2000-12-18,0.003936677490313789
2000-12-19,-4.466225553712011e-05
2000-12-20,-0.011715093543506638
2000-12-21,-0.0022152898139885524
2000-12-22,0.013892719386317864
2000-12-26,0.0
2000-12-27,0.0
2000-12-28,0.0
2000-12-29,0.0
2001-01-02,0.0
2001-01-03,-0.002641600566820723
2001-01-04,-0.0023866791839427526
2001-01-05,0.0007758196181242294
2001-01-08,-0.0022225771025261576
2001-01-09,0.00818113112938268
2001-01-10,-0.004824338346244628
2001-01-11,-0.004029243458445686
2001-01-12,0.0012091577882071824
2001-01-16,0.0004763888026257934
2001-01-17,0.01997164881798308
2001-01-18,0.0
2001-01-19,0.0
2001-01-22,0.0
2001-01-23,0.0
2001-01-24,0.0
2001-01-25,-0.0027514453448613807
2001-01-26,-0.009047884016057273
2001-01-29,-0.001376229309640764
2001-01-30,0.003699147075853837
2001-01-31,-0.0012573469975187823
2001-02-01,0.0021359831070919544
2001-02-02,0.002886182206229382
2001-02-05,-0.002231855743454969
2001-02-06,0.0037676736054321758
2001-02-07,-0.001976611371724446
2001-02-08,0.0020829892012426132
2001-02-09,-0.0019581401260486686
2001-02-12,-0.0013262131996404358
2001-02-13,0.0011229403865149479
2001-02-14,6.546025668896505e-05
2001-02-15,0.00032533013691127266
2001-02-16,-0.01021264123715715
2001-02-20,0.002758444244379543
2001-02-21,-0.008798929307324843
2001-02-22,-0.002165130063635279
2001-02-23,-0.00027536787439153
2001-02-26,0.006535615747552903
2001-02-27,-0.003448305772399518
2001-02-28,0.002267778413006294
2001-03-01,-0.0033884416986408317
2001-03-02,-0.013642647172589117
2001-03-05,0.00423078936751442
2001-03-06,0.0168524076998513
2001-03-07,0.0
2001-03-08,0.0
2001-03-09,0.0
2001-03-12,0.0
2001-03-13,0.0
2001-03-14,-0.010939427312104621
2001-03-15,0.011446847404099625
2001-03-16,-0.0019708720947829717
2001-03-19,2.4413458341365768e-05
2001-03-20,0.00039712992944962444
2001-03-21,-0.0008549315968565674
2001-03-22,0.008572097799713463
2001-03-23,0.006681572165604388
2001-03-26,0.00019718254550071812
2001-03-27,-0.004571545481076633
2001-03-28,-0.00797817785252175
2001-03-29,-0.002222679531544758
2001-03-30,-0.004567042078652994
2001-04-02,-0.0008392919270830967
2001-04-03,0.0
2001-04-04,0.0
2001-04-05,0.0
2001-04-06,0.0
2001-04-09,0.0
2001-04-10,0.0
2001-04-11,0.0
2001-04-12,0.0
2001-04-16,0.0
2001-04-17,0.0
2001-04-18,0.0
2001-04-19,0.0
2001-04-20,0.0
2001-04-23,0.0
2001-04-24,0.0
2001-04-25,0.0
2001-04-26,0.0
2001-04-27,0.0
2001-04-30,0.0
2001-05-01,0.0
2001-05-02,0.011966312780274713
2001-05-03,-0.01575082015098217
2001-05-04,-0.010672123845190784
2001-05-07,-0.00028430009819047086
2001-05-08,0.013101399066498987
2001-05-09,-0.007063651645496605
2001-05-10,0.013569888195527735
2001-05-11,0.002273835536239055
2001-05-14,-0.00015851389653431802
2001-05-15,0.002115514931941398
2001-05-16,-0.004998741269747642
2001-05-17,0.001793351564655321
2001-05-18,-0.0016494044090955562
2001-05-21,-0.0017125558088695314
2001-05-22,0.00036748828019761426
2001-05-23,0.0009397661076930852
2001-05-24,-0.003976764928171339
2001-05-25,0.003044655632185478
2001-05-29,-0.002733138125151191
2001-05-30,-0.0035528858099015403
2001-05-31,-0.0009247678987698293
2001-06-01,0.0043935238774610585
2001-06-04,-0.004174121061462088
2001-06-05,0.0034457933095004556
2001-06-06,0.01296829201355898
2001-06-07,-0.003359895488410425
2001-06-08,0.0037315749295094847
2001-06-11,-0.0034838336155473826
2001-06-12,-0.009166192305757992
2001-06-13,0.0011892830678676969
2001-06-14,-0.005829598797967073
2001-06-15,-0.004644772691791532
2001-06-18,0.0008181442478756296
2001-06-19,0.008606391590380458
2001-06-20,-0.00941920830857379
2001-06-21,-0.0006934587105760226
2001-06-22,-4.558652358299664e-05
2001-06-25,0.006901030041700729
2001-06-26,-0.004007833887553991
2001-06-27,-0.0005490945994134355
2001-06-28,0.003625169302291509
2001-06-29,0.0011332140784874323
2001-07-02,-7.135299790672622e-05
2001-07-03,-0.0026323665333152224
2001-07-05,-0.006526901231893811
2001-07-06,-0.021420186474735425
2001-07-09,0.00903713287586605
2001-07-10,0.004035920054044517
2001-07-11,-0.0022105281896996898
2001-07-12,0.013560805756285044
2001-07-13,-0.0036367547968479963
2001-07-16,0.003984277357088839
2001-07-17,-0.006642352561067044
2001-07-18,-0.0043434477807202665
2001-07-19,0.005901992370539677
2001-07-20,0.0009785914180415745
2001-07-23,0.003424238366693144
2001-07-24,-0.004627220620217365
2001-07-25,0.0006986614866761887
2001-07-26,0.00041080124357084635
2001-07-27,-0.0026140600920423473
2001-07-30,0.005609857764509174
2001-07-31,0.005546078154994971
2001-08-01,0.018139542343577286
2001-08-02,0.0
2001-08-03,0.0
2001-08-06,0.0
2001-08-07,0.0
2001-08-08,0.0
2001-08-09,-0.002513359164542872
2001-08-10,-0.0005931997764463404
2001-08-13,0.004593785983467935
2001-08-14,-0.0022458057629002326
2001-08-15,0.0033857026893970854
2001-08-16,-0.003667849366944531
2001-08-17,-0.005838641357713503
2001-08-20,-0.0017420266349190694
2001-08-21,0.001438538384639143
2001-08-22,0.004316402974660738
2001-08-23,0.0005019037234896828
2001-08-24,0.0033783883183524654
2001-08-27,-0.0010254173543065015
2001-08-28,0.0012467016246857643
2001-08-29,0.002469363885909237
2001-08-30,-0.0028989805525508894
2001-08-31,-0.0012565321564823595
2001-09-04,-0.003929301145288777
2001-09-05,-0.001453669467542773
2001-09-06,-0.0034184007986745035
2001-09-07,-0.0010606372606059011
2001-09-10,-0.0007575565503379345
2001-09-17,-0.027995370272772435
2001-09-18,0.0017002517033415376
2001-09-19,0.006514085809156356
2001-09-20,-0.0064754848243503416
2001-09-21,-0.014068343019794871
2001-09-24,0.0139134231343927
2001-09-25,-0.0024775131778987936
2001-09-26,-0.002898075724838134
2001-09-27,-0.0013307563183951876
2001-09-28,0.007996105197678904
2001-10-01,-0.00047482042572311034
2001-10-02,-0.002944252664407121
2001-10-03,-0.002886115129521638
2001-10-04,0.011379215597715486
2001-10-05,-0.00709001508853635
2001-10-08,-0.007269269970692216
2001-10-09,0.0031840334662616154
2001-10-10,-0.0014377653591840511
2001-10-11,0.010023223090161792
2001-10-12,-0.004231980154523085
2001-10-15,-0.008993700776158242
2001-10-16,-0.00011559381417614034
2001-10-17,0.011124827027643613
2001-10-18,0.0007325963822033543
2001-10-19,-0.000660402770848445
2001-10-22,-0.0014891671960464148
2001-10-23,0.0034875545344401626
2001-10-24,-0.0004628585757970871
2001-10-25,-0.0046615352069372396
2001-10-26,-0.0006362153421960448
2001-10-29,-0.003600345328598209
2001-10-30,-0.0023591788825229054
2001-10-31,0.009604671016111732
2001-11-01,0.005261478708556977
2001-11-02,0.0005407639206218562
2001-11-05,0.0031569418929617843
2001-11-06,-0.0013831120312202128
2001-11-07,-0.002107739345422188
2001-11-08,0.010706879696350535
2001-11-09,0.008817503116011594
2001-11-12,0.0005937256219352705
2001-11-13,0.009536885816951113
2001-11-14,0.002703146849611926
2001-11-15,-0.0010409531156945206
2001-11-16,-0.0007457613510347683
2001-11-19,0.0012786699606044394
2001-11-20,-0.002552407199224782
2001-11-21,-0.0021018407652765303
2001-11-23,-0.00022805503622036483
2001-11-26,0.0038958390522654263
2001-11-27,-0.0022731100332606946
2001-11-28,-0.0016828254248812957
2001-11-29,0.005816775487339276
2001-11-30,-0.0006497732974739545
2001-12-03,0.002114164635585558
2001-12-04,0.003213630038383597
2001-12-05,0.009458876441664765
2001-12-06,-0.0021338129968606623
2001-12-07,0.006883464452918098
2001-12-10,-0.004187796505242036
2001-12-11,0.003468121889785847
2001-12-12,0.0023576812978403083
2001-12-13,-0.009080446107591955
2001-12-14,0.00036473403488290757
2001-12-17,0.00044080730761741904
2001-12-18,0.002278411847744577
2001-12-19,-0.007219313767433788
2001-12-20,-0.0012846171970655185
2001-12-21,0.0019199184305560557
2001-12-24,8.153027334856233e-05
2001-12-26,0.0011825433939536278
2001-12-27,0.004002651878056929
2001-12-28,0.004753430503807943
2001-12-31,0.0028456481656298216
2002-01-02,0.007845074795350238
2002-01-03,-0.0018548741553932047
2002-01-04,-0.0008753945263119123
2002-01-07,0.0055052788264384755
2002-01-08,0.010810348961137306
2002-01-09,0.01817545116268615
2002-01-10,0.0
2002-01-11,0.0
2002-01-14,0.0
2002-01-15,0.0
2002-01-16,0.0
2002-01-17,0.00767901036853158
2002-01-18,-0.00616020035035747
2002-01-22,0.0008054856415060652
2002-01-23,0.0012942980275716387
2002-01-24,0.0058450529260341
2002-01-25,-0.00021593877519965332
2002-01-28,0.0010763300579832435
2002-01-29,-0.002114679488809168
2002-01-30,-0.0012334248373481183
2002-01-31,0.00900645325771654
2002-02-01,-0.004974455956825996
2002-02-04,-0.007129815228569036
2002-02-05,-0.0066265566600135495
2002-02-06,0.006729269923739123
2002-02-07,0.001427341118651615
2002-02-08,0.004194180084906796
2002-02-11,0.0009356970709690771
2002-02-12,-0.0018503494746865412
2002-02-13,0.002608147463434962
2002-02-14,0.0010087191401295659
2002-02-15,-0.0033470548361065333
2002-02-19,-0.006643112325515288
2002-02-20,-0.0006150126842999759
2002-02-21,-0.0011749187572823727
2002-02-22,-0.0029877852770303637
2002-02-25,0.0034995035586773415
2002-02-26,-0.0061505069626135445
2002-02-27,0.005300523551274194
2002-02-28,0.001112080250958991
2002-03-01,0.0009777069666709881
2002-03-04,0.0029233392694660854
2002-03-05,-0.001529304262005482
2002-03-06,-0.0047400704332797305
2002-03-07,0.0030187035501128
2002-03-08,0.004970426121337246
2002-03-11,0.0004190899617988464
2002-03-12,-0.002105825627512714
2002-03-13,-0.0004508288951021733
2002-03-14,-0.0025774073727770075
2002-03-15,0.006968891936849797
2002-03-18,0.0034525734049895007
2002-03-19,0.0012848724345999596
2002-03-20,-0.0018208518269599017
2002-03-21,0.002355005767350038
2002-03-22,-0.001413068879653756
2002-03-25,0.0007829745538427968
2002-03-26,-0.0014766141891178197
2002-03-27,-0.0036319014832637553
2002-03-28,0.0014820446747147997
2002-04-01,-0.003402571140727284
2002-04-02,-0.001990546628683254
2002-04-03,0.0002908536110035609
2002-04-04,0.0007577942883612021
2002-04-05,0.0014991169149507488
2002-04-08,-0.007513931624251735
2002-04-09,0.001442751386529606
2002-04-10,0.003538449393721388
2002-04-11,-0.006388239081105307
2002-04-12,0.0024410510204806446
2002-04-15,0.0019067348258503536
2002-04-16,0.007838576505745154
2002-04-17,0.004767116118380654
2002-04-18,-0.0025668501582782888
2002-04-19,0.0016875605892159307
2002-04-22,-0.0036329674053262595
2002-04-23,0.003259590783198485
2002-04-24,0.006380067653944277
2002-04-25,-0.006540710864816224
2002-04-26,0.002560018297308675
2002-04-29,0.0003401100773934296
2002-04-30,-0.001849972705929015
2002-05-01,0.00040268517706620877
2002-05-02,0.002865875486022018
2002-05-03,-0.00028910983040708604
2002-05-06,-0.003110788935116404
2002-05-07,0.005976525499115315
2002-05-08,0.016015229528995478
2002-05-09,0.0
2002-05-10,0.0
2002-05-13,0.0
2002-05-14,0.0
2002-05-15,0.0
2002-05-16,5.291036739030197e-05
2002-05-17,0.004030808342482484
2002-05-20,0.00012578072882707403
2002-05-21,0.0035296689562984707
2002-05-22,-0.0012640521321134468
2002-05-23,0.001112553532957028
2002-05-24,-0.0037690974599337013
2002-05-28,0.0036282000637004597
2002-05-29,-0.004297290345321669
2002-05-30,-0.005145413247039321
2002-05-31,0.0008110804810044225
2002-06-03,-0.002433823946572433
2002-06-04,-0.0005128270410552638
2002-06-05,-0.00021552522299361776
2002-06-06,-0.003154671781332219
2002-06-07,-0.022402678007463428
2002-06-10,0.0009165888816766721
2002-06-11,0.003283102092243473
2002-06-12,-0.00010568949590550325
2002-06-13,-0.0011466719798038927
2002-06-14,-0.005015320236832599
2002-06-17,0.0055697001222991815
2002-06-18,-0.0013716547607593998
2002-06-19,-0.020082885525378402
2002-06-20,0.007344929183492388
2002-06-21,-0.0028646676704177088
2002-06-24,-0.003865808285902994
2002-06-25,0.007196205415043844
2002-06-26,-0.022031719260113825
2002-06-27,0.011622562393993618
2002-06-28,-0.0011763913602178544
2002-07-01,-0.0006029997115338803
2002-07-02,-0.004780571675989442
2002-07-03,-0.005811708076203459
2002-07-05,0.018715166975234343
2002-07-08,0.0
2002-07-09,0.0
2002-07-10,0.0
2002-07-11,0.0
2002-07-12,0.0
2002-07-15,0.0002469271577756338
2002-07-16,-0.0020755261941429737
2002-07-17,0.008526541430212475
2002-07-18,-0.007835274114485258
2002-07-19,-0.004495945789080524
2002-07-22,-0.00024969733435953323
2002-07-23,0.004183800670410465
2002-07-24,-0.004305876714114976
2002-07-25,-0.010303647726260912
2002-07-26,0.0058156225569157005
2002-07-29,0.009474691508708943
2002-07-30,-0.001709541690631311
2002-07-31,-0.024826804573409578
2002-08-01,0.0009516500849857668
2002-08-02,0.0027636481554480508
2002-08-05,0.003613867383378766
2002-08-06,0.011225601979970135
2002-08-07,0.012367568534976225
2002-08-08,-0.0010520101551186878
2002-08-09,-0.00786333901519054
2002-08-12,-0.005047848869703664
2002-08-13,0.0002774548387425302
2002-08-14,0.0017059417138320931
2002-08-15,0.0025162479535907334
2002-08-16,-0.00452868706545595
2002-08-19,0.005499213341030984
2002-08-20,-0.0018195295353597984
2002-08-21,0.008649951583571847
2002-08-22,-0.0036447376214587823
2002-08-23,-0.004849725771320035
2002-08-26,0.0018863968392852648
2002-08-27,0.0019830635934048324
2002-08-28,-0.0034302864398164656
2002-08-29,-0.007377409244256561
2002-08-30,-0.0024971732345530073
2002-09-03,-0.007725385278937624
2002-09-04,0.0019946285215906023
2002-09-05,-0.005099969966470552
2002-09-06,0.012094714207363522
2002-09-09,-0.002892272976496857
2002-09-10,0.003093408130918185
2002-09-11,0.007173409031167033
2002-09-12,-0.005587647999411693
2002-09-13,-0.007065228831931281
2002-09-16,-0.001420186352895647
2002-09-17,0.009435594755826004
2002-09-18,-0.002850325843197221
2002-09-19,-0.0061797899234886655
2002-09-20,0.0010138058946034256
2002-09-23,-0.008329829664926791
2002-09-24,-0.006379142275610206
2002-09-25,0.008143643208603946
2002-09-26,0.00415549003900062
2002-09-27,-0.0013303702118200311
2002-09-30,-0.0025287788941479317
2002-10-01,0.004312650749977998
2002-10-02,0.00024403594429389663
2002-10-03,-0.016126147260588364
2002-10-04,0.0027232074599932155
2002-10-07,-0.0008419409169851955
2002-10-08,0.006780963862134337
2002-10-09,-0.0028408825824264294
2002-10-10,0.0007107163316322218
2002-10-11,0.014811739989411432
2002-10-14,0.0
2002-10-15,0.0
2002-10-16,0.0
2002-10-17,0.0
2002-10-18,0.0
2002-10-21,0.0049364791322032975
2002-10-22,-0.008463484734811955
2002-10-23,0.0013587007972846177
2002-10-24,0.006174132318065295
2002-10-25,-0.0058957945719119165
2002-10-28,0.012213000938439134
2002-10-29,-0.001374885770813905
2002-10-30,0.004163820124980067
2002-10-31,0.006376908270164128
2002-11-01,-0.0012941588657090497
2002-11-04,0.004396537829333136
2002-11-05,-0.0004279023271385185
2002-11-06,0.0024213032571440696
2002-11-07,-0.003870571560274927
2002-11-08,4.1909142248774955e-05
2002-11-11,-0.0009453332940024817
2002-11-12,0.0009261252317211977
2002-11-13,-0.002321367121285056
2002-11-14,0.007010545272700508
2002-11-15,-0.006008732181607357
2002-11-18,0.0007092409995561599
2002-11-19,0.00039620618246472006
2002-11-20,0.00045296563396135525
2002-11-21,0.0004675110010889938
2002-11-22,-0.0012970174014561575
2002-11-25,0.00035745104897300095
2002-11-26,-0.0013837060900038223
2002-11-27,0.004334710434553468
2002-11-29,0.0031887802423968825
2002-12-02,0.0045777909851145715
2002-12-03,0.001574277455903328
2002-12-04,-0.008076285367550229
2002-12-05,0.002898507199916578
2002-12-06,-0.003141704424865166
2002-12-09,-0.0013687905195371997
2002-12-10,0.006964230883656164
2002-12-11,0.00279895945334685
2002-12-12,-0.00034305727222117
2002-12-13,0.002460319254772747
2002-12-16,-0.00015700411977948026
2002-12-17,-0.0008115147210387974
2002-12-18,-0.002042271985517319
2002-12-19,0.0007140480691574247
2002-12-20,0.0007629881074011635
2002-12-23,-0.00010729612402438082
2002-12-24,0.0004724803704805325
2002-12-26,-0.0012628480913787765
2002-12-27,-0.00042901448548027243
2002-12-30,-0.0032031277050578177
2002-12-31,-0.0020958327599680526
2003-01-02,0.006755159306253811
2003-01-03,0.0013643208515736749
2003-01-06,0.0018309213629255083
2003-01-07,0.010492651483970272
2003-01-08,-0.003254070017847166
2003-01-09,0.0043113648830936935
2003-01-10,-0.0015242155507977362
2003-01-13,0.00575705899187362
2003-01-14,-0.0031831500109074096
2003-01-15,6.545727752582664e-05
2003-01-16,-0.0016435050601457668
2003-01-17,-0.0024963830447318758
2003-01-21,0.004860791668673592
2003-01-22,-0.0040987261032147115
2003-01-23,0.002177456273041223
2003-01-24,0.0016323728737484
2003-01-27,-0.002189998081654987
2003-01-28,0.00346327828587345
2003-01-29,-0.0033138652156629034
2003-01-30,0.0003821365475962235
2003-01-31,0.012200911666424119
2003-02-03,-0.0008707516217084654
2003-02-04,-0.0006020145908897101
2003-02-05,0.0019292874700902463
2003-02-06,0.004678201164586948
2003-02-07,0.004682088757010705
2003-02-10,-0.0008684246930263928
2003-02-11,-0.0015286303032486792
2003-02-12,0.0001108048965052788
2003-02-13,0.0015595635205774006
2003-02-14,0.010942430553653182
2003-02-18,0.007801105033417022
2003-02-19,0.004839580154439638
2003-02-20,0.00016436528404151218
2003-02-21,0.0019914833037577573
2003-02-24,-0.00046489059729859505
2003-02-25,-0.0047624810991049316
2003-02-26,-0.0020941065078957655
2003-02-27,0.000757885022260707
2003-02-28,0.00013447995241899768
2003-03-03,0.0019866791016547314
2003-03-04,-0.0008492466938203602
2003-03-05,-0.0012797804272745017
2003-03-06,-0.0007719642750001476
2003-03-07,-0.004789572588949742
2003-03-10,-0.0008212605933299866
2003-03-11,0.0013503346437853114
2003-03-12,-0.0010454910134521933
2003-03-13,0.006102099526535509
2003-03-14,-0.000948839848554095
2003-03-17,-0.003602382267685833
2003-03-18,0.001683297254849725
2003-03-19,0.002240936705509844
2003-03-20,9.63738459172081e-05
2003-03-21,0.00910101613607961
2003-03-24,-0.008186666002278797
2003-03-25,0.0007010889466834147
2003-03-26,0.001104341824128996
2003-03-27,-0.0027781313926728
2003-03-28,-0.0016232051803357628
2003-03-31,-0.007620297105540685
2003-04-01,0.002307928145648175
2003-04-02,0.00816882090667792
2003-04-03,0.004362832005881057
2003-04-04,0.0019369898311571987
2003-04-07,0.014816549790852118
2003-04-08,0.0
2003-04-09,0.0
2003-04-10,0.0
2003-04-11,0.0
2003-04-14,0.0
2003-04-15,-0.004470064041263044
2003-04-16,0.0049693615187802465
2003-04-17,-0.0038472254160081265
2003-04-21,0.00301012825475766
2003-04-22,0.0007318289297053582
2003-04-23,0.0005178275615895789
2003-04-24,-3.819548565442421e-05
2003-04-25,-0.0004367183312838918
2003-04-28,-0.00033050270146772753
2003-04-29,0.004124728761204066
2003-04-30,-0.00042551743562013744
2003-05-01,-0.000933148144727336
2003-05-02,0.0009087765277089321
2003-05-05,0.002451687321715079
2003-05-06,-0.00043235879109837505
2003-05-07,-0.003254115077148012
2003-05-08,-0.0025208601780118967
2003-05-09,0.014638830463200803
2003-05-12,0.0
2003-05-13,0.0
2003-05-14,0.0
2003-05-15,0.0
2003-05-16,0.0
2003-05-19,-0.004773791327480681
2003-05-20,0.003662126378228603
2003-05-21,-0.001541797575836834
2003-05-22,0.0016101723127985856
2003-05-23,0.0025701365358581363
2003-05-27,-0.0035820798838304135
2003-05-28,0.0028904049734730375
2003-05-29,0.0008652611038062474
2003-05-30,0.009455553268754135
2003-06-02,0.004297804373718739
2003-06-03,-0.002027663371267363
2003-06-04,0.0015670920089554397
2003-06-05,-0.0017457209385569605
2003-06-06,0.005828223006810518
2003-06-09,-0.0017121067081329322
2003-06-10,-0.0021778745498947094
2003-06-11,-0.0018716917350588558
2003-06-12,0.0005473782313492048
2003-06-13,-0.005839503313124217
2003-06-16,0.0025263504670887116
2003-06-17,0.003558153601724179
2003-06-18,-0.003865126610865355
2003-06-19,-0.00022440512198473872
2003-06-20,0.0027050473117880003
2003-06-23,-0.0005215142964389852
2003-06-24,-0.0018195019884964525
2003-06-25,0.002205970664399981
2003-06-26,0.0008831928582140325
2003-06-27,0.002194582544479129
2003-06-30,0.0031828959320754358
2003-07-01,-0.0003064366813740893
2003-07-02,0.006035229011194909
2003-07-03,-0.0033777697797018336
2003-07-07,0.0014052043019767702
2003-07-08,-0.0015816719811263535
2003-07-09,0.0003477625870593748
2003-07-10,-0.004733620201811228
2003-07-11,0.00044967196688516786
2003-07-14,0.005133181565157852
2003-07-15,-0.002157963507471772
2003-07-16,0.0031310169220195583
2003-07-17,-0.007013241567278006
2003-07-18,0.0011866765487953401
2003-07-21,0.000584971912534149
2003-07-22,0.003319716681580376
2003-07-23,-0.0040323541758569
2003-07-24,0.006351013761171531
2003-07-25,-1.967306816275105e-05
2003-07-28,0.0012798561260967123
2003-07-29,0.005359150905870358
2003-07-30,-0.0007710428155411897
2003-07-31,0.002785433968660822
2003-08-01,-0.0010502277612455257
2003-08-04,-0.001439275548354435
2003-08-05,0.0030916323919163435
2003-08-06,-2.0319823914372037e-05
2003-08-07,-0.003136479424201477
2003-08-08,-0.008925034909285312
2003-08-11,0.00031184967989306145
2003-08-12,0.00037571121101387384
2003-08-13,0.000245919492039004
2003-08-14,-0.002724230782182979
2003-08-15,-0.0007386017937135447
2003-08-18,0.0019613287888806674
2003-08-19,0.0029834765038219135
2003-08-20,-0.004407362786444158
2003-08-21,0.003524164034719224
2003-08-22,0.005896439750014082
2003-08-25,0.0008471891763279782
2003-08-26,-0.001970266270192478
2003-08-27,0.0010851772458670972
2003-08-28,0.0010862979195283007
2003-08-29,-0.0006337771492354038
2003-09-02,0.0019618005361936586
2003-09-03,0.0026972561280593776
2003-09-04,-0.0007567406045105862
2003-09-05,-0.0008921418826411953
2003-09-08,0.0005010990284997074
2003-09-09,-0.0010404832280836995
2003-09-10,-0.002815552914561037
2003-09-11,0.00015040674728505898
2003-09-12,0.0005726932479299673
2003-09-15,0.0017430481857920732
2003-09-16,0.0010283702257991578
2003-09-17,-0.00012077648115049744
2003-09-18,-0.0013577726561211367
2003-09-19,0.00024411011193414822
2003-09-22,-0.006311190669747835
2003-09-23,0.0014679285942613696
2003-09-24,0.0020655030882694714
2003-09-25,0.0015016087483850082
2003-09-26,-0.0026478342261423427
2003-09-29,0.004083639500157554
2003-09-30,-0.005163114637943056
2003-10-01,0.0016797242749428953
2003-10-02,2.0250403976351805e-05
2003-10-03,0.010773205009818154
2003-10-06,0.0008172894458005064
2003-10-07,-0.0004404177299675016
2003-10-08,0.0012552861375367819
2003-10-09,0.004750822635684937
2003-10-10,0.001412863431423217
2003-10-13,0.0009333627636272102
2003-10-14,-0.0036703682015446493
2003-10-15,0.008793435872079147
2003-10-16,-0.0030868063704296844
2003-10-17,-0.0006141755902721036
2003-10-20,-9.256063257367941e-05
2003-10-21,0.0022114378036695026
2003-10-22,-0.003550684818333205
2003-10-23,-0.004370725073256199
2003-10-24,0.0008269100565063692
2003-10-27,0.005652264017730779
2003-10-28,0.008439670649180497
2003-10-29,-0.01642828604642521
2003-10-30,0.0036597879225341856
2003-10-31,0.0007701986665520355
2003-11-03,0.0043766806930902735
2003-11-04,-0.0018091438821393746
2003-11-05,-0.00044826656977903223
2003-11-06,0.0034645733834224313
2003-11-07,0.0002572444044657285
2003-11-10,-0.0032830515582146225
2003-11-11,-0.0007730922952297048
2003-11-12,0.0021118671360105257
2003-11-13,-0.0014903411718515391
2003-11-14,-0.0013033595746199111
2003-11-17,-0.003648968300601685
2003-11-18,0.0026551882964189755
2003-11-19,0.0009637339818227009
2003-11-20,-0.00680572963195325
2003-11-21,0.0035809677559637265
2003-11-24,0.0013852133839353797
2003-11-25,0.0026198362909071182
2003-11-26,0.002432263948478397
2003-11-28,-0.0001330639555056079
2003-12-01,0.0031652670339157307
2003-12-02,0.001859260204834845
2003-12-03,0.0029714252416968012
2003-12-04,0.002321356341432157
2003-12-05,-0.0051908006941492335
2003-12-08,-0.001194712355801486
2003-12-09,0.003524769049166876
2003-12-10,-0.0013839417764837103
2003-12-11,0.001045045901296282
2003-12-12,0.0018224103529691504
2003-12-15,0.006106028534667685
2003-12-16,0.0007214975076315078
2003-12-17,-0.0008541169732610987
2003-12-18,0.0022860628450427356
2003-12-19,0.0007371318394195914
2003-12-22,-0.001360845389912435
2003-12-23,4.910212942021985e-05
2003-12-24,-9.12476364688386e-05
2003-12-26,0.00023041902537213055
2003-12-29,0.001577508849459841
2003-12-30,0.0008295830734690313
2003-12-31,0.00023458374119122993
2004-01-02,0.003043975990361103
2004-01-05,0.0024596249476875887
2004-01-06,0.00039201586766757224
2004-01-07,0.0008889859114589171
2004-01-08,0.005287877528250329
2004-01-09,-0.0014207814428638388
2004-01-12,0.000562933638876828
2004-01-13,0.0014395340288206881
2004-01-14,0.0007684363177573594
2004-01-15,-0.0028796485269035887
2004-01-16,0.0023188139595742285
2004-01-20,0.0028924215565879763
2004-01-21,-0.004871658980030391
2004-01-22,-0.0006717131069522431
2004-01-23,0.0016675737314284511
2004-01-26,0.00019034602490353159
2004-01-27,-0.0001506129961537095
2004-01-28,0.0035406517369598323
2004-01-29,0.0014012230411073467
2004-01-30,0.0006950408252996976
2004-02-02,0.00339603455413906
2004-02-03,8.887724421557941e-05
2004-02-04,-0.0023559880879030493
2004-02-05,0.0021099531198864874
2004-02-06,0.0016946739035594849
2004-02-09,0.0017810373293165593
2004-02-10,0.0008202461311339615
2004-02-11,4.773549915726427e-05
2004-02-12,0.0007133174080649063
2004-02-13,0.002466073951520986
2004-02-17,0.00518686734503615
2004-02-18,0.0007816536691975795
2004-02-19,0.005897420537601006
2004-02-20,-0.0017389038986080907
2004-02-23,-0.0034070626093845036
2004-02-24,-0.008596491602166023
2004-02-25,0.001898408513943739
2004-02-26,-0.000915376599472717
2004-02-27,0.0018729306167855064
2004-03-01,-0.0015066872899829331
2004-03-02,-0.0021936359419806317
2004-03-03,-0.0024548873504897095
2004-03-04,0.0024483000406225752
2004-03-05,-0.0023348106050244954
2004-03-08,0.006374533806200011
2004-03-09,-0.0017265468905676151
2004-03-10,7.814051620180784e-05
2004-03-11,-0.0039704182341060434
2004-03-12,0.00242855423756283
2004-03-15,0.0010898856323402484
2004-03-16,0.003929938204438654
2004-03-17,0.0015792887679935141
2004-03-18,0.001183071582431916
2004-03-19,0.0007403864547368411
2004-03-22,-0.001979964459945416
2004-03-23,0.00383859363168626
2004-03-24,-0.0006091667159480174
2004-03-25,0.0029292108584764165
2004-03-26,-0.00029847301219687594
2004-03-29,0.008771366902091016
2004-03-30,0.0011799106109589008
2004-03-31,0.0004908710609692335
2004-04-01,0.0015350191120078183
2004-04-02,0.004318577032030868
2004-04-05,-0.00202302122903808
2004-04-06,-0.00391451040988966
2004-04-07,-5.6534211804071255e-05
2004-04-08,0.003001319387199386
2004-04-12,0.0005319092429816319
2004-04-13,0.0011874027218676808
2004-04-14,-0.0042693371947468695
2004-04-15,-0.0023142216179641295
2004-04-16,0.0006598362220726628
2004-04-19,0.0006516492848014366
2004-04-20,0.0008709069149066551
2004-04-21,0.0002454510966207746
2004-04-22,-0.002518790194676268
2004-04-23,0.0029855593161671745
2004-04-26,0.0015797619687214493
2004-04-27,0.001509755520229028
2004-04-28,-0.0020727974576040253
2004-04-29,-0.00144311080228543
2004-04-30,0.0009827418894201578
2004-05-03,0.0043689904906139
2004-05-04,0.0017209074797124302
2004-05-05,0.0013780879208058483
2004-05-06,0.0002975162544056609
2004-05-07,0.002143521490249878
2004-05-10,-0.0018246607690725059
2004-05-11,0.0022836940006984996
2004-05-12,-0.001712418956038686
2004-05-13,-0.0012710605015029408
2004-05-14,0.0006123918866907108
2004-05-17,-0.002116956244466839
2004-05-18,0.002404809205572178
2004-05-19,0.005050835258917141
2004-05-20,0.00011526020296770412
2004-05-21,0.0022508813638975056
2004-05-24,0.0014389246153019286
2004-05-25,5.36051369415258e-05
2004-05-26,1.3067693344970266e-05
2004-05-27,0.002017138932929541
2004-05-28,0.0015257495661846754
2004-06-01,-0.0018619050454159458
2004-06-02,0.0018217289038839901
2004-06-03,-0.0012096092530777813
2004-06-04,0.0038706721992367576
2004-06-07,0.0019975603969868416
2004-06-08,-0.00033585029920524256
2004-06-09,0.00020570090163651855
2004-06-10,0.002612024277540481
2004-06-14,-0.0003457488417316634
2004-06-15,0.0031774462131053394
2004-06-16,-0.0009758653906406511
2004-06-17,-0.0009122231139395698
2004-06-18,-0.0030802530039454323
2004-06-21,0.0006512802277081065
2004-06-22,0.0015088271503755912
2004-06-23,0.0012114948593331398
2004-06-24,0.0007895431764670668
2004-06-25,0.0014989737217430132
2004-06-28,0.0023885114949289132
2004-06-29,0.0022627438627311758
2004-06-30,-0.0016378590122159142
2004-07-01,0.0006880678964102938
2004-07-02,9.100045373577892e-05
2004-07-06,-0.004047194184794489
2004-07-07,0.000871523510767469
2004-07-08,-0.0017493502295835572
2004-07-09,0.0013134427108969504
2004-07-12,-0.0035198951507892096
2004-07-13,0.0018055069258378076
2004-07-14,-0.008317453715172007
2004-07-15,0.0012507592956143565
2004-07-16,0.0037207467593092236
2004-07-19,2.3947177788752327e-05
2004-07-20,0.0008245578676622234
2004-07-21,0.003287225471225952
2004-07-22,0.0008734104723906455
2004-07-23,-0.0014693949343205226
2004-07-26,0.001512838111725312
2004-07-27,0.0003468178553669432
2004-07-28,-0.0014980599225766777
2004-07-29,0.0018915760050106645
2004-07-30,-0.0005094448057154644
2004-08-02,-0.0016635693854999412
2004-08-03,-0.0004256272230743763
2004-08-04,-0.0008779056495704651
2004-08-05,0.0007536375845447196
2004-08-06,-0.02237706975024034
2004-08-09,0.0022085797191284673
2004-08-10,0.004175484843049082
2004-08-11,-0.003847862636467747
2004-08-12,-0.0011657194496695888
2004-08-13,0.0014742120092092748
2004-08-16,-0.0007614805491815702
2004-08-17,0.0029029917765881486
2004-08-18,-0.00028155286842868055
2004-08-19,-0.00045457809615245814
2004-08-20,0.0007017030682372472
2004-08-23,0.002353552177905893
2004-08-24,0.0024114534485046857
2004-08-25,0.001526117667971505
2004-08-26,-0.0023802975472336785
2004-08-27,0.0006684403456154175
2004-08-30,-0.0008123270251100267
2004-08-31,0.0003852567990318967
2004-09-01,0.0010583652894755602
2004-09-02,0.00025506973251299137
2004-09-03,-0.004890190705413855
2004-09-07,0.002225270587995931
2004-09-08,-0.00024578587539036967
2004-09-09,0.0038373585053737003
2004-09-10,-0.0007775698611871551
2004-09-13,0.0010971452869246168
2004-09-14,-0.0009568624455918995
2004-09-15,-0.003171578374420725
2004-09-16,0.002049060801219138
2004-09-17,0.0022464518620097795
2004-09-20,-0.0026536566583201804
2004-09-21,0.0029400952451330564
2004-09-22,-0.002218827005716628
2004-09-23,0.0005684612954757196
2004-09-24,0.0008551363872300044
2004-09-27,-0.001953896185282633
2004-09-28,-0.00041245274236523244
2004-09-29,-0.00010640556529784018
2004-09-30,-0.0007185889205326701
2004-10-01,0.001655065270371514
2004-10-04,0.002189729449973532
2004-10-05,-0.003867436276005609
2004-10-06,0.0005276835620888765
2004-10-07,0.0009536159519130116
2004-10-08,-0.0020047552491111453
2004-10-11,-0.00011632859093868575
2004-10-12,-0.00500771181193993
2004-10-13,0.005234127679022205
2004-10-14,-0.00047506070563518854
2004-10-15,0.0015094777693638317
2004-10-18,-0.0017987286219334209
2004-10-19,0.003713837350158622
2004-10-20,-0.0010685412707270858
2004-10-21,0.002048053209224854
2004-10-22,0.0014041972069973596
2004-10-25,-0.0008432162414399036
2004-10-26,0.007717385362561169
2004-10-27,-0.0017503941531977762
2004-10-28,-0.0008002742537712715
2004-10-29,-0.0008924660574690657
2004-11-01,0.0011433065527599595
2004-11-02,0.0006912057618302381
2004-11-03,0.004377857848376188
2004-11-04,0.0005292103656293623
2004-11-05,0.0016501815042340162
2004-11-08,0.0010061871569451153
2004-11-09,-0.00017972250883513397
2004-11-10,-0.0008313209562882395
2004-11-11,0.000986228524945787
2004-11-12,-0.0002359174264726649
2004-11-15,0.00011480038618016941
2004-11-16,0.0007407774218428642
2004-11-17,0.0016762710772848521
2004-11-18,0.0005262194149424637
2004-11-19,0.0036792630717308317
2004-11-22,-0.0011538723755519786
2004-11-23,-0.0006699791948896472
2004-11-24,0.00034977017149984135
2004-11-26,0.0009492149760825797
2004-11-29,0.0002621235023450019
2004-11-30,0.00013687903546677482
2004-12-01,0.0020418517239559897
2004-12-02,-0.0014702798714993914
2004-12-03,0.0014828037095746538
2004-12-06,-0.0009091792460489412
2004-12-07,-0.0013819796470129209
2004-12-08,-0.0010909241347837328
2004-12-09,-0.0013498105725830989
2004-12-10,-0.00079189187806461
2004-12-13,0.0025348186572971
2004-12-14,0.0011206479561927107
2004-12-15,3.829723058990098e-05
2004-12-16,-0.0021507409314218684
2004-12-17,-0.0009109348988393107
2004-12-20,0.0015861053558341442
2004-12-21,0.0009627143187183052
2004-12-22,0.0002545409016769806
2004-12-23,0.0007988578711208838
2004-12-27,0.0012695163261511322
2004-12-28,0.00042940620059761514
2004-12-29,-0.0005969024000199719
2004-12-30,0.0001938142222159822
2004-12-31,0.0012124066245111642
2005-01-03,0.0033478777715398866
2005-01-04,0.0003792425862014781
2005-01-05,-0.0006932025912623763
2005-01-06,0.0009876420251133666
2005-01-07,0.0023261227422299857
2005-01-10,0.002442032312101494
2005-01-11,0.00010993886665167096
2005-01-12,0.002174561722115387
2005-01-13,-0.0002911991437049011
2005-01-14,0.002143720621984313
2005-01-18,-0.001135882508906838
2005-01-19,0.0011026557092448375
2005-01-20,-0.0008207508448793144
2005-01-21,0.0010372505267985943
2005-01-24,-0.001943075599179167
2005-01-25,0.0009892497855898963
2005-01-26,0.0007354098065106562
2005-01-27,0.0010927261190307735
2005-01-28,0.0005171360154234694
2005-01-31,0.0031587578405913863
2005-02-01,0.0005250166140360335
2005-02-02,0.002900473559415362
2005-02-03,-0.0016039950995072605
2005-02-04,-0.00020721497242370823
2005-02-07,0.00029537305744042897
2005-02-08,-0.00031834690122423126
2005-02-09,-0.003423369568665402
2005-02-10,0.0009833706426112254
2005-02-11,0.0008054610724297362
2005-02-14,0.001426838676449993
2005-02-15,0.0018767907808490136
2005-02-16,-0.0003375037877205722
2005-02-17,0.0014445102342892646
2005-02-18,0.004806889586901564
2005-02-22,-0.0012772233120692533
2005-02-23,0.0004512840632386883
2005-02-24,-0.0008269266748822668
2005-02-25,0.0009157341307919342
2005-02-28,-0.0003066189524829621
2005-03-01,0.0006855250166670768
2005-03-02,-0.0012056996371980766
2005-03-03,0.000516004185367791
2005-03-04,0.0021681608311312495
2005-03-07,0.00023161377347302725
2005-03-08,-0.0014400282492758043
2005-03-09,-0.0016539829328506839
2005-03-10,0.000942792421227967
2005-03-11,0.001227759902375558
2005-03-14,0.004172871787851085
2005-03-15,0.0010751473033356884
2005-03-16,-0.008264750024538303
2005-03-17,0.0006116046811843745
2005-03-18,0.005745327567203251
2005-03-21,0.0005273614600527221
2005-03-22,-3.0120473849204465e-05
2005-03-23,-0.0009094752291132213
2005-03-24,0.0013893902844575035
2005-03-28,0.0003924579250351723
2005-03-29,-1.042774479476094e-05
2005-03-30,0.0010431457706256975
2005-03-31,-0.0007111449713185225
2005-04-01,0.0015531315386017042
2005-04-04,-0.0006261129348917871
2005-04-05,0.0005930309619892604
2005-04-06,0.001931149945985311
2005-04-07,0.00022386892904968647
2005-04-08,0.0004925393212156237
2005-04-11,0.0004507061556076053
2005-04-12,-0.0003108056960943184
2005-04-13,-0.00022488165591239007
2005-04-14,0.00016997212389346927
2005-04-15,-0.0035265633041121625
2005-04-18,-5.251824312435538e-05
2005-04-19,0.0024065793111824885
2005-04-20,0.0022801859176142525
2005-04-21,0.0032428833644673194
2005-04-22,-0.00019832713952916414
2005-04-25,0.0036146207309064593
2005-04-26,0.00039695844130038793
2005-04-27,-0.0017674028130871822
2005-04-28,-0.0011592087310121624
2005-04-29,0.0015090667220378773
2005-05-02,0.000709400765336321
2005-05-03,-0.0011604820813591044
2005-05-04,-0.0008173694075173099
2005-05-05,0.00035889480934225837
2005-05-06,0.0025119085601748026
2005-05-09,0.0007070731673735065
2005-05-10,-0.00016963171648132214
2005-05-11,0.0006741037267485872
2005-05-12,-1.934438920236925e-05
2005-05-13,0.006659059341639351
2005-05-16,0.0003758002076235112
2005-05-17,-0.0013577600853386107
2005-05-18,-2.576744544680043e-05
2005-05-19,0.00043244579940293626
2005-05-20,0.000297707468091879
2005-05-23,0.0010522287428300636
2005-05-24,-0.001346371662561685
2005-05-25,-0.0006466915114817784
2005-05-26,0.0008111443427920584
2005-05-27,-0.00021401752202332425
2005-05-31,-0.00032765837534631803
2005-06-01,-0.0005377663599761551
2005-06-02,-0.00022428316236033918
2005-06-03,-3.64825857833706e-05
2005-06-06,-0.002637884612734065
2005-06-07,-2.023660396954785e-05
2005-06-08,0.0008812751369358107
2005-06-09,-0.0009117972843587507
2005-06-10,0.00014809200066956407
2005-06-13,-0.0005449862098811931
2005-06-14,-0.0001700363212648881
2005-06-15,0.0010232433352774795
2005-06-16,0.0007944546792357787
2005-06-17,0.0022027599029181832
2005-06-20,-0.0007371507531301891
2005-06-21,0.00011417311791772633
2005-06-22,0.0008744946132559495
2005-06-23,-9.801162243983086e-05
2005-06-24,-0.00017904406907742754
2005-06-27,-0.0008299947686107867
2005-06-28,0.001047437917777172
2005-06-29,0.0016605618701766023
2005-06-30,0.0004588648428491826
2005-07-01,-0.0005050560995130127
2005-07-05,-0.001000014907290292
2005-07-06,0.0003052380095533991
2005-07-07,-0.002804811150462383
2005-07-08,0.0006073254576337561
2005-07-11,0.001976005642020384
2005-07-12,4.502672344153247e-05
2005-07-13,0.0003224357154532065
2005-07-14,0.001152758373952567
2005-07-15,0.00024110320703596422
2005-07-18,-0.0004753194867110899
2005-07-19,0.001237898814661298
2005-07-20,-0.0014483499367371477
2005-07-21,-0.00022862616583763096
2005-07-22,0.0006088419633287767
2005-07-25,-0.002137134565729615
2005-07-26,0.009332686619112573
2005-07-27,0.0
2005-07-28,0.0
2005-07-29,0.0
2005-08-01,0.0
2005-08-02,0.0
2005-08-03,-0.0009045434944149333
2005-08-04,-0.0005978211457401406
2005-08-05,-0.0003966262176920976
2005-08-08,0.00136469990028254
2005-08-09,0.006614881877754275
2005-08-10,-0.0003628435979301514
2005-08-11,-0.0013651125853446633
2005-08-12,0.00017455338760097305
2005-08-15,-0.00016972593859343466
2005-08-16,-3.071867024428965e-05
2005-08-17,-0.0010346905613360935
2005-08-18,-0.0020858898845530494
2005-08-19,-0.00047268364300001586
2005-08-22,0.00030041043516559895
2005-08-23,0.00031214228193565674
2005-08-24,-0.0006417897837647235
2005-08-25,0.0018326936977053343
2005-08-26,-0.002274521849971123
2005-08-29,-0.002556678639326182
2005-08-30,-0.00011822780917725151
2005-08-31,0.0007728999943346082
2005-09-01,-0.0009265233857349564
2005-09-02,0.0015808892137396668
2005-09-06,0.0004991953233117741
2005-09-07,-7.186740329179209e-05
2005-09-08,0.00020007638853747345
2005-09-09,0.0017021912773846903
2005-09-12,0.0008749927337527996
2005-09-13,-0.00033841954791136164
2005-09-14,-0.0003665200281910419
2005-09-15,-0.00048666710927258716
2005-09-16,0.0008504008878003066
2005-09-19,0.0002603117809434341
2005-09-20,0.0007901279522350979
2005-09-21,-0.0011621492119593402
2005-09-22,-0.00040815880567879326
2005-09-23,0.00044844120956177846
2005-09-26,0.0009377447216425416
2005-09-27,0.0004139230165614016
2005-09-28,0.0014629756005681838
2005-09-29,0.0016043944913179953
2005-09-30,0.00033049832230624965
2005-10-03,0.0006736583826378872
2005-10-04,0.0015143844834879516
2005-10-05,-0.0008034315631614275
2005-10-06,-0.00041332100348812073
2005-10-07,0.001261018365398936
2005-10-10,0.0012190062699781734
2005-10-11,0.0007233430045348044
2005-10-12,0.003020769986953775
2005-10-13,0.0002668737649986763
2005-10-14,0.002036475302855223
2005-10-17,0.0002746566618143653
2005-10-18,-0.0002746926153639473
2005-10-19,-0.0012092167325558068
2005-10-20,-0.0022732728285939086
2005-10-21,0.000654680720188594
2005-10-24,0.0005461990112420878
2005-10-25,-0.00012962030031682392
2005-10-26,-0.0006062531390492731
2005-10-27,0.002203324927866346
2005-10-28,0.0011889935832398724
2005-10-31,-0.0027202420480104683
2005-11-01,-0.0009150357634616357
2005-11-02,0.0007090160338365514
2005-11-03,0.0021088798946578002
2005-11-04,0.00032453525609810185
2005-11-07,0.0013600771855559746
2005-11-08,-0.00037178427473560927
2005-11-09,0.00022280727255763466
2005-11-10,0.002613024572146072
2005-11-11,0.00037160527545965216
2005-11-14,-0.0012457599483017834
2005-11-15,0.0024768280974625245
2005-11-16,-0.0006514496201068809
2005-11-17,0.0013176600192170707
2005-11-18,0.001193892722699763
2005-11-21,0.002146398076031897
2005-11-22,0.0013997297131946862
2005-11-23,0.0007270042945144439
2005-11-25,0.001522722961183387
2005-11-28,0.0005507623890141922
2005-11-29,-0.0035497655087581848
2005-11-30,-0.0006080609559460104
2005-12-01,0.002072752984061399
2005-12-02,0.0008427746183519158
2005-12-05,-0.0011367189332267547
2005-12-06,0.00046315891507031637
2005-12-07,0.0008096806213544472
2005-12-08,0.0003918340325981262
2005-12-09,0.0011583415426612564
2005-12-12,0.001549884873930818
2005-12-13,1.2063765594261255e-05
2005-12-14,-7.686817963026282e-05
2005-12-15,0.00013884093922800211
2005-12-16,0.0011696165411154702
2005-12-19,0.0005946372296801172
2005-12-20,6.5832053479431e-05
2005-12-21,2.8468649941881807e-06
2005-12-22,0.0010448962829321395
2005-12-23,0.0007740117413832515
2005-12-27,0.00018334081689186377
2005-12-28,0.00038691725308614977
2005-12-29,-0.00038402744172660874
2005-12-30,-0.0010588299111237154
2006-01-03,0.002900671293951884
2006-01-04,0.0005779507501648684
2006-01-05,0.0002555410682922865
2006-01-06,0.0014234657751015511
2006-01-09,0.0008371944312624002
2006-01-10,0.0009150257402237294
2006-01-11,0.002802035513805645
2006-01-12,0.0007429214282608232
2006-01-13,-0.0013470953356310433
2006-01-17,-0.0029708750604431344
2006-01-18,-0.0029325464746918772
2006-01-19,0.007531271260854844
2006-01-20,-0.000784425618343465
2006-01-23,0.0007995844786008455
2006-01-24,0.0014018362950236618
2006-01-25,0.002450213423290437
2006-01-26,0.0018170137743580561
2006-01-27,0.0038635786610086154
2006-01-30,-0.001830167532807514
2006-01-31,0.0002397124180248955
2006-02-01,-0.0016354328449050826
2006-02-02,-0.0005046923700836592
2006-02-03,3.66715554811492e-05
2006-02-06,0.0009185642721551979
2006-02-07,0.003563204999077918
2006-02-08,0.000993034719901198
2006-02-09,0.0008420724091906528
2006-02-10,-8.595881605566458e-05
2006-02-13,-0.0013559459001825092
2006-02-14,0.001079087422923175
2006-02-15,-0.0005778664872243544
2006-02-16,0.001336023638598638
2006-02-17,-0.002683011947300473
2006-02-21,0.0005548909748367414
2006-02-22,0.0002654955512610968
2006-02-23,-0.0002373081871214211
2006-02-24,0.0007916733405182175
2006-02-27,0.0009829427414076441
2006-02-28,0.000469845943823044
2006-03-01,0.0009004265366985287
2006-03-02,1.7778062233020364e-05
2006-03-03,0.00043459852009508637
2006-03-06,0.0005391123260867214
2006-03-07,4.6917038312610515e-05
2006-03-08,-0.0017516693623070845
2006-03-09,-0.004404178757281607
2006-03-10,-0.0007851943250960502
2006-03-13,-0.0002669267641011164
2006-03-14,-0.0006621564599749163
2006-03-15,0.0009068211682117244
2006-03-16,0.0014396627787636174
2006-03-17,0.0005662552871605886
2006-03-20,0.0005939315447300864
2006-03-21,-0.004917123198547424
2006-03-22,-0.000835358854158752
2006-03-23,0.0010220557872706593
2006-03-24,0.00043103267121846756
2006-03-27,0.00010400513777342191
2006-03-28,-0.00033834184370762355
2006-03-29,0.0005840571445776543
2006-03-30,0.00026985621965747164
2006-03-31,0.0002969661816234481
2006-04-03,-0.0007163086322287127
2006-04-04,-0.0006133781277587458
2006-04-05,-0.0016921288842656201
2006-04-06,0.00022137539676925222
2006-04-07,0.0003531549697566305
2006-04-10,0.0008052588354270362
2006-04-11,0.0002534013904933463
2006-04-12,0.0015746856775176177
2006-04-13,-0.0014140917918479268
2006-04-17,0.00015493384023024248
2006-04-18,-0.0008419550972904588
2006-04-19,-0.0009398436215547479
2006-04-20,-0.0004427928789830782
2006-04-21,0.0006090505772238242
2006-04-24,0.0005260383645750988
2006-04-25,-0.000334483346435821
2006-04-26,0.0029269512787748475
2006-04-27,-0.0018237912049243743
2006-04-28,0.0012551490261563103
2006-05-01,0.0015644560577523503
2006-05-02,0.0008098277883983318
2006-05-03,-0.0006871559298460284
2006-05-04,-0.00038908004646664995
2006-05-05,0.0012816582101899954
2006-05-08,-0.0004435224366797774
2006-05-09,-0.0006475173557043412
2006-05-10,-0.0012728326910421695
2006-05-11,0.0010591530130201754
2006-05-12,-0.0014909347213289958
2006-05-15,-0.0005465493043241842
2006-05-16,0.0002079106306354106
2006-05-17,-0.00021158897063944249
2006-05-18,0.0008170498456512298
2006-05-19,0.007110933600304126
2006-05-22,-0.0018129583663443194
2006-05-23,0.002641396896871484
2006-05-24,0.0007409564224736265
2006-05-25,0.00259635479235798
2006-05-26,0.0006186305012774174
2006-05-30,-0.0005801068918083185
2006-05-31,0.0020730229781773524
2006-06-01,0.0003541058844465095
2006-06-02,0.0011520704880272348
2006-06-05,-9.358850795282425e-05
2006-06-06,0.0007992711943181074
2006-06-07,0.001081508796901831
2006-06-08,-0.0015300114449057212
2006-06-09,0.0020658534681305962
2006-06-12,-0.0008756790886977894
2006-06-13,-0.0006630374681386719
2006-06-14,0.002287937576510357
2006-06-15,0.0029154169589589163
2006-06-16,-0.0002752898371447543
2006-06-19,0.0013984031358762472
2006-06-20,-0.0017045499695180766
2006-06-21,-0.0004098278560110691
2006-06-22,0.001236169236395357
2006-06-23,0.00045480575791834177
2006-06-26,0.0004127685761052824
2006-06-27,0.0005050862192736982
2006-06-28,0.0006314391928696761
2006-06-29,-0.0021324803154082472
2006-06-30,0.0005503596752356454
2006-07-03,0.001436599834341079
2006-07-05,-0.0015503595937667036
2006-07-06,0.0005511645680442712
2006-07-07,-0.002569390302053387
2006-07-10,0.0005814805962944813
2006-07-11,-0.0008172746146666299
2006-07-12,-0.000253504017097006
2006-07-13,-0.0015983637953959073
2006-07-14,0.0012408273693909067
2006-07-17,-0.0010671577591568893
2006-07-18,0.001450761062707917
2006-07-19,0.0007803639641619231
2006-07-20,0.0032227680182608243
2006-07-21,-0.008819413061669223
2006-07-24,0.0004003831450754003
2006-07-25,0.0013469411932380826
2006-07-26,0.00010400937561838575
2006-07-27,0.0018446211428910786
2006-07-28,0.0011997114693862443
2006-07-31,-0.0008160724482503268
2006-08-01,-0.000221902936245022
2006-08-02,0.001983396461106235
2006-08-03,-0.0006007920598692928
2006-08-04,0.0033901703080825296
2006-08-07,-0.002010064327968464
2006-08-08,0.0005469336493775234
2006-08-09,0.0036014392334720036
2006-08-10,-0.0007780182642822542
2006-08-11,-0.004779681451568263
2006-08-14,0.0015599807178812153
2006-08-15,0.003674412466838417
2006-08-16,0.0014348024109533952
2006-08-17,-0.0002389276262450002
2006-08-18,-0.0017194672896490015
2006-08-21,-0.0017935916659087559
2006-08-22,0.0010321189241662143
2006-08-23,0.0007461348462063366
2006-08-24,0.0014598820990523453
2006-08-25,-0.0005467429606949015
2006-08-28,0.001164815612920922
2006-08-29,0.0006033177877089457
2006-08-30,0.0006352054386922212
2006-08-31,0.00010890053323486804
2006-09-01,7.906412931402151e-05
2006-09-05,0.00024324358989380457
2006-09-06,-0.0019226586057619066
2006-09-07,-0.0011757614329529487
2006-09-08,0.0010888952687817532
2006-09-11,-0.0015353457869961007
2006-09-12,-0.0004520552870099781
2006-09-13,0.00044741050774566027
2006-09-14,-0.0007462012048251587
2006-09-15,0.00111253251661525
2006-09-18,0.00027460245274069095
2006-09-19,-0.0005040755561348531
2006-09-20,0.0018672508837773716
2006-09-21,0.00045631213200825194
2006-09-22,-0.000699482267459417
2006-09-25,0.0011067540909091012
2006-09-26,8.985022849961055e-05
2006-09-27,6.287654993109015e-05
2006-09-28,-0.0012897423235320726
2006-09-29,0.0004215654467212282
2006-10-02,0.000138724081244046
2006-10-03,-0.0010281904980187218
2006-10-04,-0.0003093517550109004
2006-10-05,-0.0007082964924342017
2006-10-06,-0.0008076514768093901
2006-10-09,-0.0008442706118299004
2006-10-10,0.0006348980408599214
2006-10-11,0.00018117938186090754
2006-10-12,0.0009210689343264189
2006-10-13,0.00021336162062501884
2006-10-16,0.0009553120929925996
2006-10-17,-0.0012722178513506766
2006-10-18,0.0009145601107287682
2006-10-19,0.0030594503398038153
2006-10-20,3.9124222756203864e-05
2006-10-23,-0.0011154774902811804
2006-10-24,-0.0016175744322736163
2006-10-25,3.189294440364421e-05
2006-10-26,-0.002583588759938915
2006-10-27,-0.001031573087355131
2006-10-30,-0.0007235328497849913
2006-10-31,0.0006828736864643581
2006-11-01,0.0029115701822670648
2006-11-02,-0.0008497591679681449
2006-11-03,8.000517674422447e-05
2006-11-06,0.0010068926230915043
2006-11-07,0.0002750017395769522
2006-11-08,-0.001553921582184259
2006-11-09,0.0011665423554392262
2006-11-10,-0.000480909161941101
2006-11-13,-0.00011719738275906
2006-11-14,-0.0015619679091076755
2006-11-15,0.0006154725817848483
2006-11-16,0.001016976957143756
2006-11-17,-0.0005800253720984472
2006-11-20,-0.0005728547797720918
2006-11-21,0.0001543137209045753
2006-11-22,8.265525043871236e-05
2006-11-24,-0.001303328430776296
2006-11-27,-0.0005219709787874782
2006-11-28,0.0002835038449289229
2006-11-29,0.001145438633679774
2006-11-30,0.00014042847171635842
2006-12-01,-0.0002558084107765479
2006-12-04,0.0008841012049138897
2006-12-05,-4.9440483331220086e-05
2006-12-06,-0.0006216347343840356
2006-12-07,0.0004679720914981811
2006-12-08,-6.463996048089449e-06
2006-12-11,0.0003372667456318368
2006-12-12,-0.0004683371364455624
2006-12-13,0.00196058662215548
2006-12-14,0.00025937260722685984
2006-12-15,0.0008266792693714109
2006-12-18,-0.0007764418988183142
2006-12-19,-0.0010187266690606656
2006-12-20,0.00021069209631763286
2006-12-21,-0.00014385517683901394
2006-12-22,0.0001435325281928801
2006-12-26,-1.943624030142921e-05
2006-12-27,-0.0015086364262806295
2006-12-28,-0.0010872833348166688
2006-12-29,0.002092666038670199
2007-01-03,0.0009695593006424641
2007-01-04,7.912172372481763e-05
2007-01-05,-0.0005519641156137567
2007-01-08,0.00019074424475329366
2007-01-09,0.00033344846043337206
2007-01-10,-0.0009653291170768075
2007-01-11,0.00045550805072602785
2007-01-12,3.9935854829975526e-05
2007-01-16,-0.0007396618236583663
2007-01-17,-0.00040358617202829183
2007-01-18,-1.9704522558616766e-05
2007-01-19,-0.0001824445701056332
2007-01-22,2.701977554031565e-05
2007-01-23,-0.0003883995750915137
2007-01-24,0.0007718084642884815
2007-01-25,0.0004157025459157193
2007-01-26,-0.0003720889434640773
2007-01-29,-7.678984964998303e-05
2007-01-30,0.00861025390380954
2007-01-31,0.0
2007-02-01,0.0
2007-02-02,0.0
2007-02-05,0.0
2007-02-06,0.0
2007-02-07,0.0029432203111026123
2007-02-08,-0.0005972593387457703
2007-02-09,7.407746832321926e-05
2007-02-12,0.0027131719230262252
2007-02-13,0.0007236016566694037
2007-02-14,0.00028841115376088133
2007-02-15,0.0002253305918076265
2007-02-16,-6.728799933186647e-05
2007-02-20,-0.0004500519203420872
2007-02-21,-0.0013258268639779747
2007-02-22,0.000494988262428997
2007-02-23,-0.0002589403797056411
2007-02-26,3.7117462549085545e-05
2007-02-27,-0.0023704821184336033
2007-02-28,-0.0003793824013332836
2007-03-01,-0.00321898882634275
2007-03-02,-0.0011993238220582292
2007-03-05,-0.0038765321793330365
2007-03-06,0.003211909834786253
2007-03-07,-0.0009831517575356052
2007-03-08,0.00220603176472034
2007-03-09,0.0017946229863661234
2007-03-12,-0.0013645291463570963
2007-03-13,-0.0015240026823846176
2007-03-14,0.0008646408760741853
2007-03-15,-0.0003416187485159039
2007-03-16,0.0003198325828432935
2007-03-19,0.0003933414410419722
2007-03-20,-0.00030741539348511093
2007-03-21,0.0030778123691885817
2007-03-22,0.0005006348680673955
2007-03-23,-0.0004180989519708689
2007-03-26,0.00029117640349984875
2007-03-27,-0.00013522659768827605
2007-03-28,-0.0012300097821213996
2007-03-29,0.0015494382380130123
2007-03-30,0.0010343121552647272
2007-04-02,0.00017993808996763505
2007-04-03,0.0003132848548950129
2007-04-04,-0.0004198857108992371
2007-04-05,0.0004708662699695054
2007-04-09,0.0022858343740124187
2007-04-10,7.688871103872508e-05
2007-04-11,0.0004642521828543966
2007-04-12,-0.00029395659310282873
2007-04-13,0.0004010687736424323
2007-04-16,0.0005187341120265199
2007-04-17,0.0012384343192610725
2007-04-18,-0.00029534238442185945
2007-04-19,-0.001043241295921593
2007-04-20,0.0022319842430140735
2007-04-23,-0.0006192863960954309
2007-04-24,2.913408931370931e-05
2007-04-25,0.0003249209059350555
2007-04-26,0.0009402345973741344
2007-04-27,-0.0011519395806168786
2007-04-30,0.0008433656473241236
2007-05-01,0.0008308766072444573
2007-05-02,0.00040773991159315237
2007-05-03,6.078887792027032e-06
2007-05-04,0.0037749968250910815
2007-05-07,1.9785901805846606e-06
2007-05-08,-0.0019574376536297677
2007-05-09,-0.0013301268423067114
2007-05-10,-0.0007083506717844301
2007-05-11,-0.00047867550597968656
2007-05-14,-0.000262523678480453
2007-05-15,-0.00020142120584343282
2007-05-16,0.0001250514506596634
2007-05-17,0.0012585840919601132
2007-05-18,0.0016733594030022836
2007-05-21,0.001254731673634879
2007-05-22,0.0003965281006741428
2007-05-23,0.0014739528688110237
2007-05-24,-0.0005921584233515853
2007-05-25,0.0006468016276905963
2007-05-29,2.8312382407191805e-05
2007-05-30,-0.0016714715615897546
2007-05-31,0.00023811895200442912
2007-06-01,0.001178619119814206
2007-06-04,-0.0007825906725748011
2007-06-05,0.00012295037075427118
2007-06-06,-0.0004542714511229784
2007-06-07,-0.0002865318922146143
2007-06-08,0.00044691487400294605
2007-06-11,0.000835457562562425
2007-06-12,-0.0016770921809318162
2007-06-13,0.0009474309539450054
2007-06-14,0.001657135304480306
2007-06-15,0.002867593418378167
2007-06-18,0.0012949726846118725
2007-06-19,0.001657184579085147
2007-06-20,0.0008635075200384978
2007-06-21,-0.00045553935737285833
2007-06-22,0.003140073837745616
2007-06-25,0.0014925737611659606
2007-06-26,0.0008837907826404479
2007-06-27,-0.0013882954159545324
2007-06-28,0.0022728919832002425
2007-06-29,0.0059909717840787025
2007-07-02,0.0008762322103910147
2007-07-03,0.0001608302016147256
2007-07-05,0.00015124982250824814
2007-07-06,-0.0002868906087617473
2007-07-09,-1.5136210663624361e-05
2007-07-10,0.00036733838107272376
2007-07-11,0.00022964905392797164
2007-07-12,0.0004128710949597991
2007-07-13,-0.0005342472295493117
2007-07-16,-7.041446089872672e-06
2007-07-17,0.0004739680231149457
2007-07-18,-0.0016615068684497913
2007-07-19,0.0025387947700499236
2007-07-20,-0.0007077855357507934
2007-07-23,0.006760354232595578
2007-07-24,-0.00426070274694712
2007-07-25,0.0019351823728643858
2007-07-26,-0.002871352726465992
2007-07-27,0.0005458799815674098
2007-07-30,0.001242267148715559
2007-07-31,0.003781782447905835
2007-08-01,-0.001345154579701413
2007-08-02,0.0007749620509409638
2007-08-03,-0.010120489772297736
2007-08-06,0.0010690506457242677
2007-08-07,6.252037361020868e-05
2007-08-08,-0.0036420293927583725
2007-08-09,-0.0035869250469861003
2007-08-10,-0.005132859009300161
2007-08-13,0.0027567383815734203
2007-08-14,0.0003171266094172953
2007-08-15,1.8935147787724205e-05
2007-08-16,-0.0008049883788664447
2007-08-17,0.00694726758296027
2007-08-20,0.00015172202725022288
2007-08-21,-0.00019774607934386346
2007-08-22,0.0021266723857866765
2007-08-23,0.0010024053871526828
2007-08-24,-0.0006746547349982812
2007-08-27,0.00022592714871549902
2007-08-28,-0.0011043803718264744
2007-08-29,0.0018886130229103237
2007-08-30,-0.00175845937465835
2007-08-31,0.0030176017468306338
2007-09-04,0.0026191788796321447
2007-09-05,-0.0002310321453296016
2007-09-06,0.0006766180166644098
2007-09-07,-0.003622062480703958
2007-09-10,0.003563851247313954
2007-09-11,0.0016512566037472087
2007-09-12,0.0006405142384520168
2007-09-13,0.0021884859412637514
2007-09-14,-0.0012962151860557158
2007-09-17,-0.00032911172666028055
2007-09-18,0.0011059782641376081
2007-09-19,0.0017489257073650677
2007-09-20,-0.0002638619259623942
2007-09-21,0.0012278006727872715
2007-09-24,0.0012784699518022524
2007-09-25,-0.0011779875585891109
2007-09-26,0.0010359070076477739
2007-09-27,0.0012214309175320182
2007-09-28,-0.00039412953747341994
2007-10-01,0.001011409360150095
2007-10-02,0.00020078774599685545
2007-10-03,-0.001259902774566224
2007-10-04,1.9319710565790515e-05
2007-10-05,0.0023118280430209914
2007-10-08,0.00149303976220172
2007-10-09,0.001131973955591059
2007-10-10,0.000361151121299752
2007-10-11,0.0007437300809709502
2007-10-12,0.0008862703387451099
2007-10-15,8.008673434600766e-05
2007-10-16,-0.0015872908205351033
2007-10-17,0.004431550143310314
2007-10-18,-0.0012407539075073304
2007-10-19,0.00015176016690765515
2007-10-22,-0.0006598322300008785
2007-10-23,0.0072915030527918034
2007-10-24,-0.006400221530135974
2007-10-25,-0.0022203539588754317
2007-10-26,0.002874076423455385
2007-10-29,-0.0013535695789710367
2007-10-30,0.00048300257186961737
2007-10-31,0.00038215255902751544
2007-11-01,-0.0020219912711963994
2007-11-02,0.001801215101247422
2007-11-05,-0.001841710746234626
2007-11-06,0.0007775650036345727
2007-11-07,-0.0022848309314187354
2007-11-08,-0.0003909888474730172
2007-11-09,-0.0007389044893508778
2007-11-12,-0.00044963887756532817
2007-11-13,0.0028813966152925197
2007-11-14,0.001779335357430245
2007-11-15,-0.0006288626225160465
2007-11-16,0.0014499939546424034
2007-11-19,-0.0017398743237990733
2007-11-20,0.0011930211359132414
2007-11-21,-0.0022084634330726827
2007-11-23,0.0016606309091840021
2007-11-26,0.0003358163845299522
2007-11-27,0.0013584809833124822
2007-11-28,0.0029223484566358593
2007-11-29,-0.0005030785404387395
2007-11-30,0.0033168863523291847
2007-12-03,0.0016522760529826819
2007-12-04,-0.0004739311521639866
2007-12-05,0.0035686238419396776
2007-12-06,0.00022638644973715927
2007-12-07,0.00015759325198749785
2007-12-10,-0.00046648111574365547
2007-12-11,0.0015651961427565197
2007-12-12,0.004386360746984952
2007-12-13,-0.0011544514161352382
2007-12-14,-0.0008555645927290634
2007-12-17,-0.0008566189132147572
2007-12-18,0.0021732745864342373
2007-12-19,1.9202361912107335e-05
2007-12-20,0.0021367023767557836
2007-12-21,-0.0005606319517814651
2007-12-24,-2.7276061796865925e-05
2007-12-26,0.0001621225995225295
2007-12-27,-0.0006305524483605218
2007-12-28,0.00033057676005054937
2007-12-31,-0.001268527711348666
2008-01-02,-0.0006817311814394378
2008-01-03,0.0005187036622200658
2008-01-04,-0.0028458847908899854
2008-01-07,0.002401337010900395
2008-01-08,0.001629520398511719
2008-01-09,0.0009641673529612316
2008-01-10,-0.002009284719226012
2008-01-11,-0.0006057330977734532
2008-01-14,0.004294711283396202
2008-01-15,-0.004009023553037894
2008-01-16,-0.007012200720290407
2008-01-17,0.005107121493436839
2008-01-18,0.005793489628937332
2008-01-22,-0.01243301320835588
2008-01-23,-0.004671276275153957
2008-01-24,0.002994437791772997
2008-01-25,0.0033832733158418726
2008-01-28,-0.0004736600801579227
2008-01-29,0.0016178104502799773
2008-01-30,-7.510722427184202e-05
2008-01-31,-0.0033173014836629378
2008-02-01,0.0021775384148827737
2008-02-04,0.002186936871311218
2008-02-05,-0.002562593424683568
2008-02-06,0.0014555381711729432
2008-02-07,-0.003396283876260675
2008-02-08,-5.52782336808999e-05
2008-02-11,0.0013093732338735897
2008-02-12,0.002786607580932632
2008-02-13,0.001794585366065471
2008-02-14,-0.0022385202258738968
2008-02-15,8.33386660270552e-05
2008-02-19,0.0050569467996628426
2008-02-20,-0.0019971239543915553
2008-02-21,0.0016384566177019
2008-02-22,0.0010774288369050922
2008-02-25,-0.0008626144611861841
2008-02-26,-0.0010525444699341913
2008-02-27,-0.0015100441862855307
2008-02-28,-0.001506666909375065
2008-02-29,-0.0016321959316747403
2008-03-03,-0.000212062429385651
2008-03-04,-0.0024288813939061793
2008-03-05,0.0019468575157104429
2008-03-06,-0.0007882153738283382
2008-03-07,-0.0019720547234013397
2008-03-10,0.00016846829710037703
2008-03-11,0.003538857120562122
2008-03-12,0.0005739895373739756
2008-03-13,-0.0022699895201150344
2008-03-14,0.0016865331228048674
2008-03-17,-0.0050297973839456
2008-03-18,0.003023656533934327
2008-03-19,-0.0015843369557411169
2008-03-20,0.0005531583203228774
2008-03-24,0.0022803011673055984
2008-03-25,0.0011758309742733175
2008-03-26,-0.0014823335849099006
2008-03-27,0.0012670699732426627
2008-03-28,0.0023009344187503444
2008-03-31,4.877013305026878e-05
2008-04-01,0.0031264881499795116
2008-04-02,0.0010122725323546966
2008-04-03,0.0018306169957067464
2008-04-04,-0.0012014248260581173
2008-04-07,0.0023944789092884555
2008-04-08,-0.004115546394946601
2008-04-09,0.0008755584561004337
2008-04-10,0.0014838169297071158
2008-04-11,-0.0025224177998518504
2008-04-14,0.0003109360665562999
2008-04-15,0.0008577103700464495
2008-04-16,0.003857199522661503
2008-04-17,-0.002757772268439984
2008-04-18,0.0036818187672535974
2008-04-21,-0.0003520192148168677
2008-04-22,-0.0008655902372837199
2008-04-23,0.001669858269049751
2008-04-24,0.00040915219815862436
2008-04-25,0.0013384408326047037
2008-04-28,-0.0007662990003001191
2008-04-29,-0.000417271771386174
2008-04-30,0.0009149680809623639
2008-05-01,0.0006660788343810786
2008-05-02,3.880150682511463e-05
2008-05-05,-0.00047216103835123757
2008-05-06,-6.367954008357213e-05
2008-05-07,0.0007664096068700221
2008-05-08,0.0005668916071270846
2008-05-09,0.005909618339982936
2008-05-12,-6.80360052933704e-05
2008-05-13,-0.00030013693685881915
2008-05-14,0.00023207518212164935
2008-05-15,-0.00018611202861984477
2008-05-16,0.0003945172605164249
2008-05-19,-0.0005471881415716195
2008-05-20,-0.0013774266496164866
2008-05-21,4.169696654177102e-05
2008-05-22,0.00021531774132488302
2008-05-23,-0.001159596039767119
2008-05-27,0.0003642404493164886
2008-05-28,0.00023322525088942392
2008-05-29,1.5159481916660056e-05
2008-05-30,0.0004790904578271249
2008-06-02,0.0001337122853100059
2008-06-03,-0.0006578662363226906
2008-06-04,-0.00045457236982537896
2008-06-05,-0.0012850042790494287
2008-06-06,-0.001169667351297976
2008-06-09,0.0002069682358099012
2008-06-10,-0.0017975079517450476
2008-06-11,-0.0028759632102490773
2008-06-12,0.001690628662865512
2008-06-13,0.0016502137926921456
2008-06-16,-0.0012100807631544308
2008-06-17,0.0003128290033325154
2008-06-18,-0.0005124299135792487
2008-06-19,-0.000265004170424743
2008-06-20,-0.000827877475243044
2008-06-23,0.0014145726696150884
2008-06-24,-0.0011644820243271736
2008-06-25,0.0015813138028282214
2008-06-26,-0.0027535011555268607
2008-06-27,-0.00046313026612831987
2008-06-30,0.0002617307969432492
2008-07-01,-0.0019392364237589277
2008-07-02,0.0
2008-07-03,0.0
2008-07-07,0.0
2008-07-08,0.0
2008-07-09,0.0
2008-07-10,0.0
2008-07-11,0.0
2008-07-14,0.0
2008-07-15,0.0
2008-07-16,0.0
2008-07-17,0.0
2008-07-18,0.0
2008-07-21,0.0
2008-07-22,0.0
2008-07-23,0.0
2008-07-24,0.0
2008-07-25,0.0
2008-07-28,0.0
2008-07-29,0.0
2008-07-30,0.0
2008-07-31,0.0
2008-08-01,0.0
2008-08-04,0.0003625419233834748
2008-08-05,0.004335551315652442
2008-08-06,0.000579668624884011
2008-08-07,-0.0014127951355915602
2008-08-08,0.002251555125701188
2008-08-11,-0.0010973786537173957
2008-08-12,0.0017010814804168106
2008-08-13,0.0040841666459334736
2008-08-14,-0.0003756986585560229
2008-08-15,0.0018680203775010007
2008-08-18,0.000993412718086839
2008-08-19,-0.002784404586231637
2008-08-20,0.0024908079511520853
2008-08-21,-0.001981733491884241
2008-08-22,0.0018790630182796697
2008-08-25,0.0003189721810930024
2008-08-26,0.0006970138548896276
2008-08-27,-0.00086013890116865
2008-08-28,0.0010258226469543885
2008-08-29,-0.0020723314855071173
2008-09-02,0.0023433771436243145
2008-09-03,-0.0007037685242827774
2008-09-04,-0.00117239932462887
2008-09-05,-0.002036393843965034
2008-09-08,0.004445849689086678
2008-09-09,-0.0004133726340180832
2008-09-10,0.0009395822514601804
2008-09-11,-0.006700694016072872
2008-09-12,-0.000954948878390649
2008-09-15,-0.007944148135251905
2008-09-16,-0.00808815937487839
2008-09-17,-0.002225489644504086
2008-09-18,0.002955736344968818
2008-09-19,0.010263294631159603
2008-09-22,0.0
2008-09-23,0.0
2008-09-24,0.0
2008-09-25,0.0
2008-09-26,0.0
2008-09-29,-0.004189052092074319
2008-09-30,0.0052945293352837375
2008-10-01,-0.007133708634894931
2008-10-02,-0.0014058369027740714
2008-10-03,0.003908598062165591
2008-10-06,-0.007186322861670202
2008-10-07,0.016228291777236725
2008-10-08,0.0
2008-10-09,0.0
2008-10-10,0.0
2008-10-13,0.0
2008-10-14,0.0
2008-10-15,-0.0018056426683259463
2008-10-16,0.003866911567497633
2008-10-17,0.0011322650772946918
2008-10-20,0.002722103291230349
2008-10-21,-0.003465227254294212
2008-10-22,-0.001938899574385089
2008-10-23,-0.001211954587653219
2008-10-24,-0.01645754095022256
2008-10-27,0.0007973719617784258
2008-10-28,0.009068008141591477
2008-10-29,0.0
2008-10-30,0.0
2008-10-31,0.0
2008-11-03,0.0
2008-11-04,0.0
2008-11-05,-0.004572381104994139
2008-11-06,-0.004764648625201762
2008-11-07,0.009175806861175584
2008-11-10,0.0
2008-11-11,0.0
2008-11-12,0.0
2008-11-13,0.0
2008-11-14,0.0
2008-11-17,0.0015494245331686418
2008-11-18,0.005552970956417935
2008-11-19,-0.0004572370244151358
2008-11-20,-0.0016419749067030365
2008-11-21,0.005641192926540306
2008-11-24,0.006200032255913701
2008-11-25,0.005338617827564507
2008-11-26,0.001208570493097083
2008-11-28,0.000863870045141546
2008-12-01,-0.003834881909498211
2008-12-02,0.00485712765141999
2008-12-03,-0.005395182601891313
2008-12-04,-0.005614095675808839
2008-12-05,-0.0026023276701498954
2008-12-08,0.006109538201758857
2008-12-09,-0.0013638878573628554
2008-12-10,0.0025968818135850835
2008-12-11,-0.001479559016498433
2008-12-12,-0.005767963513250707
2008-12-15,9.584577205812295e-05
2008-12-16,0.0026492199816456896
2008-12-17,-0.0035837728371048705
2008-12-18,0.0008867842206503607
2008-12-19,0.004720934798228438
2008-12-22,-0.0035324867949432237
2008-12-23,0.0021695735860995935
2008-12-24,-0.003965767903699846
2008-12-26,0.005396161487910556
2008-12-29,0.001759325442495907
2008-12-30,0.0011659577103568797
2008-12-31,-0.0008623047070382972
2009-01-02,0.000897715865334936
2009-01-05,0.0009907328849119157
2009-01-06,0.004225935014651183
2009-01-07,-0.002099964262297971
2009-01-08,-0.002259543171323042
2009-01-09,0.00033047630059512834
2009-01-12,0.0006162241698892679
2009-01-13,-0.004862311075759074
2009-01-14,-0.008245337933555419
2009-01-15,-6.942027423617603e-05
2009-01-16,0.005017682326227568
2009-01-20,-0.003418303095088393
2009-01-21,0.004272625481255288
2009-01-22,-0.005370743939307476
2009-01-23,-0.006462023055141208
2009-01-26,0.00037224749205089225
2009-01-27,0.002884919841914746
2009-01-28,0.005615731437145222
2009-01-29,-0.0038117571514895143
2009-01-30,0.00038251994155258373
2009-02-02,-0.0011609773162661874
2009-02-03,0.00036184757684964985
2009-02-04,0.0014471791915322552
2009-02-05,-0.0026323958480655163
2009-02-06,0.00159956031065156
2009-02-09,-0.0010222230701443236
2009-02-10,-0.0006479744786339614
2009-02-11,-0.002482670823391042
2009-02-12,-0.0009514289991173763
2009-02-13,-0.0005952953167930319
2009-02-17,-0.006982776532906576
2009-02-18,0.00019164706284491295
2009-02-19,0.005025430483992288
2009-02-20,-0.0032985326447214636
2009-02-23,0.0031613491672553007
2009-02-24,0.0028962087906312384
2009-02-25,-0.00020765702071268155
2009-02-26,0.0036994685419469153
2009-02-27,-0.0029612071851087274
2009-03-02,-0.0038715612327371307
2009-03-03,0.0
2009-03-04,0.0
2009-03-05,0.0
2009-03-06,0.0
2009-03-09,0.0
2009-03-10,0.0
2009-03-11,0.0
2009-03-12,0.0
2009-03-13,0.0
2009-03-16,0.0
2009-03-17,0.0
2009-03-18,0.0
2009-03-19,0.0
2009-03-20,0.0
2009-03-23,0.0
2009-03-24,0.0
2009-03-25,0.0
2009-03-26,0.0
2009-03-27,0.0
2009-03-30,0.0
2009-03-31,0.0
2009-04-01,0.0
2009-04-02,0.0
2009-04-03,0.0
2009-04-06,0.0
2009-04-07,0.0
2009-04-08,0.0
2009-04-09,0.0
2009-04-13,0.0
2009-04-14,0.0
2009-04-15,0.0
2009-04-16,0.0
2009-04-17,0.0
2009-04-20,0.0
2009-04-21,0.0
2009-04-22,0.0
2009-04-23,0.0
2009-04-24,0.0
2009-04-27,0.0
2009-04-28,0.0
2009-04-29,0.0
2009-04-30,0.0
2009-05-01,0.0
2009-05-04,0.0034010286343186813
2009-05-05,-0.001295604895342417
2009-05-06,0.0009748327076983809
2009-05-07,-0.004376995943301876
2009-05-08,0.0024831375800757893
2009-05-11,-0.004764789966582139
2009-05-12,0.0029999128380600038
2009-05-13,-0.002569713903115778
2009-05-14,-5.0353584843954025e-05
2009-05-15,-6.424425950946056e-05
2009-05-18,0.004026324012981863
2009-05-19,-0.0019506915273715952
2009-05-20,0.0005069118256266769
2009-05-21,-0.0016820768436680567
2009-05-22,0.0011151950279517653
2009-05-26,-0.0018204469028199055
2009-05-27,-0.00013014799028565616
2009-05-28,0.0031313939026458293
2009-05-29,0.00026798233440605834
2009-06-01,0.0033101402032693628
2009-06-02,-0.0036355878187109836
2009-06-03,-0.004026664978317829
2009-06-04,0.0015272658219198654
2009-06-05,0.0028695668940972308
2009-06-08,-0.002407872327320537
2009-06-09,0.005592330247097932
2009-06-10,0.0014623536310334195
2009-06-11,-0.001356227023072809
2009-06-12,-3.760884728309932e-05
2009-06-15,-0.0022117569718878016
2009-06-16,0.0008044351545133388
2009-06-17,-0.00039041052351629357
2009-06-18,0.00015543736291401267
2009-06-19,0.0023015054884318875
2009-06-22,-3.183642889093008e-06
2009-06-23,0.0003081228516912393
2009-06-24,0.003124519993458863
2009-06-25,-0.0007095764216545897
2009-06-26,0.0008059668018221
2009-06-29,0.0012916737647026277
2009-06-30,0.0009180583527004238
2009-07-01,0.001776240992009459
2009-07-02,-0.0024628917385711713
2009-07-06,-0.0020376272954064634
2009-07-07,0.003188937039500628
2009-07-08,0.00014002334847296183
2009-07-09,0.0026021142614249815
2009-07-10,-0.0016910439959122447
2009-07-13,0.0005559872500224827
2009-07-14,-1.7722290086674697e-05
2009-07-15,0.006915348103918806
2009-07-16,-0.0003595109204911351
2009-07-17,0.00014126208801057416
2009-07-20,0.0014106927228805244
2009-07-21,0.0007744392787010224
2009-07-22,-0.007054936046872795
2009-07-23,-0.0010833612780197788
2009-07-24,-0.002364961256570819
2009-07-27,2.9191765922309543e-05
2009-07-28,-0.0013691606617309837
2009-07-29,-0.0008629640759957313
2009-07-30,0.002785721218140802
2009-07-31,-0.00023545561319426866
2009-08-03,0.002461586344729927
2009-08-04,0.00012253461160960377
2009-08-05,3.078492344643635e-05
2009-08-06,-0.0005459817086246321
2009-08-07,0.0031406242326150746
2009-08-10,0.00029320546393818425
2009-08-11,0.0005960362768553384
2009-08-12,-1.283945172747547e-05
2009-08-13,8.616235024505592e-05
2009-08-14,-0.0008950300525434329
2009-08-17,-0.0042268496585438076
2009-08-18,0.0008132735847685701
2009-08-19,-0.002656756444056052
2009-08-20,0.0023553863650485063
2009-08-21,0.0016152574942061015
2009-08-24,0.0038180270492913504
2009-08-25,0.0017729598081419606
2009-08-26,0.00014392568450594112
2009-08-27,-0.0007723074274936792
2009-08-28,0.00688204923571778
2009-08-31,-0.0026508801177211883
2009-09-01,-0.0006706609745862346
2009-09-02,-0.0011064696436559052
2009-09-03,0.0017539657026157673
2009-09-04,0.0005758790422740745
2009-09-08,0.001751531939625517
2009-09-09,-0.0004897113979567269
2009-09-10,0.0017074038460200835
2009-09-11,0.0018726397441266585
2009-09-14,-0.0014980905212013118
2009-09-15,0.0006205389858480181
2009-09-16,0.0012692055239655886
2009-09-17,-0.000306354142512566
2009-09-18,0.0014585158098661122
2009-09-21,-0.0017301708011850936
2009-09-22,0.0016361363973433907
2009-09-23,0.0017110389528463
2009-09-24,0.0010612771145801503
2009-09-25,-0.0027046326360448125
2009-09-28,0.0006287767189843141
2009-09-29,-0.0007004854959186124
2009-09-30,0.0010487094664393126
2009-10-01,0.0006777224170937401
2009-10-02,-0.004055866948188269
2009-10-05,6.408481957786982e-05
2009-10-06,0.002467074341678588
2009-10-07,0.000957538188612217
2009-10-08,0.0013159389571073543
2009-10-09,8.888666368567222e-05
2009-10-12,0.0026801624231458376
2009-10-13,0.0010591693669288471
2009-10-14,0.004651990956741292
2009-10-15,-0.0008776695851199223
2009-10-16,-0.0039439592667408485
2009-10-19,0.0008701902187113753
2009-10-20,0.001838754724093894
2009-10-21,-0.0013741241855148578
2009-10-22,0.00026508282075132783
2009-10-23,0.0015140672942779432
2009-10-26,-0.00028770067780192754
2009-10-27,-0.000487942798346519
2009-10-28,-0.0022329164269192514
2009-10-29,0.0016322058852682453
2009-10-30,0.0006106740502018759
2009-11-02,0.0014162912139794592
2009-11-03,-0.004288128957902648
2009-11-04,0.002258173505403027
2009-11-05,0.0025050668644159835
2009-11-06,0.002917003849143507
2009-11-09,0.0019126552013279952
2009-11-10,0.0007405518492258345
2009-11-11,0.0018879123013886279
2009-11-12,0.0005020517824168014
2009-11-13,-0.0006537930438765827
2009-11-16,0.0007931199574864323
2009-11-17,-0.000648275162303702
2009-11-18,-0.0008615349930124472
2009-11-19,-0.003034075084409227
2009-11-20,-0.0016655193444430338
2009-11-23,0.0016691752266526638
2009-11-24,-0.00045677544963385053
2009-11-25,0.0009002904980475179
2009-11-27,-0.005158359165676973
2009-11-30,0.0008403861747638963
2009-12-01,0.0011205469027162351
2009-12-02,0.00049222405105942
2009-12-03,-0.00013998344906795968
2009-12-04,0.002419228441865817
2009-12-07,0.0018768075247639349
2009-12-08,-0.00030234485796076793
2009-12-09,0.0007462140109408821
2009-12-10,0.0009193680992549691
2009-12-11,0.0003187194020890516
2009-12-14,0.0013710281143908265
2009-12-15,-0.00037886259230535124
2009-12-16,0.002364859810829234
2009-12-17,-0.0013397897017686233
2009-12-18,-4.9995384613810145e-05
2009-12-21,0.001888502235988021
2009-12-22,0.0006163040736271164
2009-12-23,0.0021283894779478008
2009-12-24,0.001129571322547429
2009-12-28,0.0010289457984202777
2009-12-29,9.545184572767873e-05
2009-12-30,-0.0008254601364743319
2009-12-31,0.0008087709312620817
2010-01-04,0.002097251975009984
2010-01-05,2.496944941698942e-06
2010-01-06,-0.00031678265262358174
2010-01-07,-0.0003080604995024938
2010-01-08,-0.0008760358629735787
2010-01-11,0.0006767940097185399
2010-01-12,-0.0022750228093098013
2010-01-13,0.00098838663842149
2010-01-14,-0.00019279791342607933
2010-01-15,0.0010266282938622417
2010-01-19,0.0004732112647718445
2010-01-20,-0.0019757143116775344
2010-01-21,0.0022702957042999294
2010-01-22,-0.00303788290752538
2010-01-25,0.002266885927592277
2010-01-26,-0.0002660078801222099
2010-01-27,-0.00018172814599770604
2010-01-28,0.00029796590078623453
2010-01-29,0.0017292361043355076
2010-02-01,0.001906978031082529
2010-02-02,-0.0012503152801823791
2010-02-03,-0.001852530425987986
2010-02-04,-0.0008603680818567438
2010-02-05,0.00011344456406026104
2010-02-08,0.0009709062912102162
2010-02-09,0.0033861931954395352
2010-02-10,-0.0028680161713591223
2010-02-11,0.0006044253848491721
2010-02-12,-0.0016188883667688225
2010-02-16,0.0021145783139084884
2010-02-17,0.0015487973052188408
2010-02-18,-0.001091642387411773
2010-02-19,-0.0009376987686872118
2010-02-22,0.0018490261308492517
2010-02-23,-0.000978023310503895
2010-02-24,0.0010755333239322873
2010-02-25,-0.0029679492267228325
2010-02-26,-0.0005217055891072464
2010-03-01,0.0016132697853494804
2010-03-02,0.000804776846137667
2010-03-03,0.0008072867939021844
2010-03-04,0.00022804845605772783
2010-03-05,-9.868868606599523e-05
2010-03-08,0.0005534344347033482
2010-03-09,-0.0016664752718372755
2010-03-10,0.0008752182035944855
2010-03-11,-0.0003897616702738249
2010-03-12,0.0018843565230866055
2010-03-15,-0.00068498310001186
2010-03-16,0.0009364530656870151
2010-03-17,0.0009346498083422361
2010-03-18,-0.00043404528580714974
2010-03-19,-0.000995798792239433
2010-03-22,-0.0018269180943221164
2010-03-23,0.0007489196747254567
2010-03-24,-0.00047550996033352
2010-03-25,0.002531907044885706
2010-03-26,0.001228575655566111
2010-03-29,0.001426557969583797
2010-03-30,0.001157216402428718
2010-03-31,-0.00168888019920177
2010-04-01,0.0036944580357631818
2010-04-05,0.0018737545067641914
2010-04-06,-0.00021733949764046745
2010-04-07,0.00017742331333492345
2010-04-08,-0.0003779006640650673
2010-04-09,0.0011893269846108279
2010-04-12,0.0005525977163252094
2010-04-13,-0.0001445619005487897
2010-04-14,0.003340557509805331
2010-04-15,-0.00048793488185860934
2010-04-16,-0.0023246999141806057
2010-04-19,-0.0010515728817641623
2010-04-20,0.0014826175674034214
2010-04-21,0.0012983762428586676
2010-04-22,-0.0023123391147851224
2010-04-23,0.00010169501128665104
2010-04-26,0.0005080726530726221
2010-04-27,-0.0014463286637738104
2010-04-28,0.0013846063451179447
2010-04-29,0.0018245796399789516
2010-04-30,3.257594351402382e-05
2010-05-03,0.0015963375617009667
2010-05-04,-0.0028986572449820613
2010-05-05,-0.0031835840730776166
2010-05-06,0.00010682238763526364
2010-05-07,4.16046776685608e-05
2010-05-10,0.009382886610566965
2010-05-11,0.0
2010-05-12,0.0
2010-05-13,0.0
2010-05-14,0.0
2010-05-17,0.0
2010-05-18,0.0018419908081563907
2010-05-19,-0.0015261324566291368
2010-05-20,-0.0037608382607720037
2010-05-21,-0.0025551770706850885
2010-05-24,-8.928194536339529e-05
2010-05-25,-0.005975382201464763
2010-05-26,0.0029581582559012887
2010-05-27,0.00444446190522485
2010-05-28,0.0005144890326269635
2010-06-01,-0.0018827620390369226
2010-06-02,0.0005147857654810295
2010-06-03,-0.0005738970780047037
2010-06-04,-0.0033899543848088243
2010-06-07,0.001071637742865228
2010-06-08,0.0005886938701178401
2010-06-09,0.0012468432998868906
2010-06-10,0.0030297241748948878
2010-06-11,-0.0018271069978836874
2010-06-14,0.0020506272913871637
2010-06-15,0.0018408735133901288
2010-06-16,-0.0011791577755958516
2010-06-17,0.002969374652618706
2010-06-18,5.476531561288134e-05
2010-06-21,0.0029357562175007512
2010-06-22,0.0004847905022968835
2010-06-23,0.0010674422292955565
2010-06-24,-5.285029060642099e-05
2010-06-25,0.0012380484463825336
2010-06-28,0.0018576860850163524
2010-06-29,-0.005751772438716829
2010-06-30,0.00018441052832529614
2010-07-01,0.0008428933215003376
2010-07-02,0.0005109544765706797
2010-07-06,0.0021443268100278523
2010-07-07,0.0011115733190454335
2010-07-08,0.0007782509726734776
2010-07-09,0.0001761570324776418
2010-07-12,-0.0005672076007474658
2010-07-13,0.002330553545232039
2010-07-14,0.0026706616871021716
2010-07-15,-9.606766878678119e-05
2010-07-16,-0.0010552930063322252
2010-07-19,0.0011326926194035192
2010-07-20,-0.002348179260413197
2010-07-21,0.0013699694997211243
2010-07-22,0.002111156960480365
2010-07-23,-0.0003840372284320548
2010-07-26,-0.0001719825759700644
2010-07-27,0.0005715473291649786
2010-07-28,-0.0012446229661740027
2010-07-29,-0.0029413735328935875
2010-07-30,-0.0021808575279111952
2010-08-02,0.0020274278933396506
2010-08-03,-0.0010353944560631545
2010-08-04,0.0011318437858940378
2010-08-05,-0.0005842354821565809
2010-08-06,-0.0012553152673209222
2010-08-09,0.0011889506579847442
2010-08-10,-0.0026484239311199698
2010-08-11,-0.006308857079192487
2010-08-12,-0.0015484391744815529
2010-08-13,0.0010271442489488969
2010-08-16,-0.000861320060173254
2010-08-17,0.0016247175932309066
2010-08-18,-0.00027262929614724207
2010-08-19,-0.0002495105405088127
2010-08-20,-0.0010539275819310134
2010-08-23,0.0005721199192272319
2010-08-24,-0.0036725373427720642
2010-08-25,-0.0007254415055198971
2010-08-26,0.0016519882696448551
2010-08-27,0.001263109156528941
2010-08-30,-0.0003841673977796889
2010-08-31,-0.0018393621739486443
2010-09-01,0.0024213872284852833
2010-09-02,0.0006334100379010721
2010-09-03,0.0022696986223920135
2010-09-07,-0.0009182359835955278
2010-09-08,0.00026233979775769356
2010-09-09,0.0016663530029565887
2010-09-10,-0.00012790641103965772
2010-09-13,0.002264883666100559
2010-09-14,-0.0007059507024199663
2010-09-15,-0.0023354717693278015
2010-09-16,-0.0006092895138681831
2010-09-17,0.000691550249457551
2010-09-20,0.00052210585884227
2010-09-21,1.024811861394248e-05
2010-09-22,-0.0002394899711385401
2010-09-23,-0.0004907131416981292
2010-09-24,0.0026187752630950634
2010-09-27,0.0010367134201687556
2010-09-28,0.000772861661754165
2010-09-29,-0.00043805278425035343
2010-09-30,0.0014283936024364063
2010-10-01,0.0013880258513114807
2010-10-04,-0.00037214529882045877
2010-10-05,0.0014482218948792536
2010-10-06,0.0006577999491870212
2010-10-07,0.000325590516536467
2010-10-08,-0.0004217778983427456
2010-10-11,6.022662565174919e-05
2010-10-12,-0.002071891100402401
2010-10-13,0.000703699418383108
2010-10-14,-0.0003236294413468954
2010-10-15,0.0017461131080653836
2010-10-18,0.000605929656268378
2010-10-19,-0.0036631610040076534
2010-10-20,0.0002667794610771157
2010-10-21,-4.721233124604929e-05
2010-10-22,-0.00022339702004958717
2010-10-25,0.00040423842954528943
2010-10-26,-0.0005436543677632688
2010-10-27,-0.000525414871153318
2010-10-28,-0.0006759378369054492
2010-10-29,-0.0001681832208206835
2010-11-01,0.00035685375521987694
2010-11-02,0.0007206710985294684
2010-11-03,-0.000383007110187239
2010-11-04,0.0008556904896606099
2010-11-05,0.0007625556581936088
2010-11-08,0.0004328680461365142
2010-11-09,0.004409947939046699
2010-11-10,-5.482059859240884e-05
2010-11-11,-0.0014741051393616367
2010-11-12,-0.000841901908859688
2010-11-15,-0.0005173084046106169
2010-11-16,-2.9923936838427423e-05
2010-11-17,0.00016137731792253973
2010-11-18,0.0023618885841578674
2010-11-19,-6.956594666074345e-05
2010-11-22,-0.0003448128605815226
2010-11-23,-0.0013084709475713607
2010-11-24,0.001255609406904945
2010-11-26,-0.0011379099186124009
2010-11-29,-0.0005304629169095021
2010-11-30,-0.0017856737057049266
2010-12-01,0.0027445733855140375
2010-12-02,-0.0001992213305094248
2010-12-03,-0.0012079576580257267
2010-12-06,0.0005027173040632604
2010-12-07,0.0018234794017062406
2010-12-08,0.001927066759906726
2010-12-09,0.0058716588050797824
2010-12-10,0.0013118811648051842
2010-12-13,0.0018082461083293033
2010-12-14,-0.00084678261422233
2010-12-15,0.0006979545681282673
2010-12-16,0.0011181771851638267
2010-12-17,0.0010470691298825052
2010-12-20,0.0014590139963630566
2010-12-21,0.00045478896286033077
2010-12-22,0.0008685842903544128
2010-12-23,-0.0018450516107131332
2010-12-27,-0.00380758848808449
2010-12-28,0.0010035996982504791
2010-12-29,0.0016671270589534437
2010-12-30,-0.00033756883953828254
2010-12-31,-3.549789334356124e-05
2011-01-03,0.0013478701725369024
2011-01-04,0.00036727793125956865
2011-01-05,0.00014908858741691233
2011-01-06,-0.00032101429735509335
2011-01-07,0.00034937672307377987
2011-01-10,0.00036946670926840675
2011-01-11,0.0011816159148430039
2011-01-12,0.004337046989560056
2011-01-13,0.00025722911438519347
2011-01-14,2.9119644713748727e-05
2011-01-18,1.9294229536725993e-05
2011-01-19,-0.0016830916982525368
2011-01-20,-0.002196571615095122
2011-01-21,0.0012120218428421925
2011-01-24,2.7209539316785936e-05
2011-01-25,-0.0012891151186341654
2011-01-26,0.0022104008321199853
2011-01-27,0.00037158410900328676
2011-01-28,0.0001666931994162013
2011-01-31,-0.00047290121864707046
2011-02-01,0.0010710689052861877
2011-02-02,-0.0007179353855186754
2011-02-03,0.00044523443577704214
2011-02-04,0.0009122507074119657
2011-02-07,0.0005397618198657028
2011-02-08,0.0009899417687697643
2011-02-09,7.873142146763712e-05
2011-02-10,-0.0022708812813176937
2011-02-11,-0.0005791292036598783
2011-02-14,0.001410898597665522
2011-02-15,-1.6035349045373515e-05
2011-02-16,0.0016859532359951857
2011-02-17,-0.0014287280531277702
2011-02-18,0.0005117124021181141
2011-02-22,-0.0035100480370651166
2011-02-23,-0.0009461457982317123
2011-02-24,-0.001044772587045606
2011-02-25,0.0027221976015741056
2011-02-28,0.0023725840739949877
2011-03-01,0.0003497334597553081
2011-03-02,-0.0004745270703461202
2011-03-03,0.0028492988964796684
2011-03-04,0.0006529172678506612
2011-03-07,0.0008499127855901012
2011-03-08,-9.38364207245801e-05
2011-03-09,-3.444382399375723e-05
2011-03-10,-0.0029722829390478323
2011-03-11,-0.0003066821734203362
2011-03-14,0.0030105043037971235
2011-03-15,-0.005392053047828971
2011-03-16,-9.911455125743984e-06
2011-03-17,0.0009288561999225564
2011-03-18,0.0022169061974823823
2011-03-21,0.0024550545005519453
2011-03-22,-0.0005975317869881813
2011-03-23,-2.5591271671454585e-05
2011-03-24,0.004544168082218247
2011-03-25,0.0006620555611167589
2011-03-28,0.0018968398833767441
2011-03-29,0.0008788437112638992
2011-03-30,0.0013306186340953374
2011-03-31,3.1286009458675323e-06
2011-04-01,0.0011644185762711423
2011-04-04,0.000481802634961781
2011-04-05,0.0010962302439099236
2011-04-06,0.0008816963943740763
2011-04-07,-0.0003966441980182145
2011-04-08,0.0007976466952808181
2011-04-11,0.0004412938565303559
2011-04-12,-0.0020239767064083036
2011-04-13,0.0014335421603000054
2011-04-14,-0.001418926411376864
2011-04-15,-0.0008130505547248035
2011-04-18,-0.002582064540711859
2011-04-19,0.00034954671370579504
2011-04-20,0.004109832607347874
2011-04-21,0.0006841045410981295
2011-04-25,0.00010220501830149331
2011-04-26,1.004197897103154e-05
2011-04-27,-0.00011699669147824387
2011-04-28,-0.0005228071823547564
2011-04-29,4.2688531578960465e-05
2011-05-02,0.0012602735352078565
2011-05-03,-0.0006246332693344847
2011-05-04,0.0005933002453664127
2011-05-05,-0.001236524809715367
2011-05-06,0.0021460216511759445
2011-05-09,7.93150496218864e-05
2011-05-10,0.0005284058698031835
2011-05-11,0.00030579109200257193
2011-05-12,-0.0006710187164172821
2011-05-13,-0.0027810050642075312
2011-05-16,0.00020701703318626308
2011-05-17,-0.0012945711503661306
2011-05-18,0.0006611600981303312
2011-05-19,0.00014992423910298314
2011-05-20,-0.0002558544058984813
2011-05-23,-0.0016825546309499062
2011-05-24,0.000793464402286892
2011-05-25,-0.0005485596538571391
2011-05-26,0.00024059986112012766
2011-05-27,0.0009419968681292357
2011-05-31,0.0024349776523657773
2011-06-01,-0.0013953905489286766
2011-06-02,0.0005553599235277318
2011-06-03,-0.0010303368521173972
2011-06-06,0.0001373784968834446
2011-06-07,0.0014523161008463958
2011-06-08,-0.0010714547724089973
2011-06-09,0.0013510932570264256
2011-06-10,0.0007895011874288205
2011-06-13,5.3965240390363434e-05
2011-06-14,0.0014010012095804214
2011-06-15,-0.0009760076527868256
2011-06-16,0.0001056765324076725
2011-06-17,0.0016513776372644173
2011-06-20,-0.0004584184321352325
2011-06-21,0.0009834450052719212
2011-06-22,-0.000377313782390698
2011-06-23,-0.001901225932557149
2011-06-24,-0.004108922921027491
2011-06-27,0.0002921916199989383
2011-06-28,0.0004641526227771031
2011-06-29,0.0008022964447320646
2011-06-30,0.0005915223287196181
2011-07-01,0.00014216499994290643
2011-07-05,0.00034096514694281765
2011-07-06,-0.0006611198758887937
2011-07-07,0.0007136445062774222
2011-07-08,-0.0019262569131063279
2011-07-11,-0.0022937187001877968
2011-07-12,-0.0010714619959593108
2011-07-13,0.00162840825866728
2011-07-14,0.0004611739214053223
2011-07-15,0.0010088421073675136
2011-07-18,-0.0009607170043683944
2011-07-19,0.0008408958521781695
2011-07-20,0.00030982187954964324
2011-07-21,0.00039068491498883695
2011-07-22,0.0007124104598714709
2011-07-25,-0.0023009242982141576
2011-07-26,-0.0012800513767639021
2011-07-27,-0.001248112370744514
2011-07-28,0.0004976675513101991
2011-07-29,-0.0025548441328498983
2011-08-01,0.0028155653042352125
2011-08-02,-0.00135396005457189
2011-08-03,0.00033392872840321
2011-08-04,-0.002815129515205017
2011-08-05,0.0024773588768793875
2011-08-08,-0.0056282556677310636
2011-08-09,0.00380921885561758
2011-08-10,-0.0034846202294882556
2011-08-11,0.0010357960747851003
2011-08-12,0.006374237120136073
2011-08-15,0.0013502453082818722
2011-08-16,-0.0013976855297489488
2011-08-17,0.0011101083052607041
2011-08-18,-0.005118962886253575
2011-08-19,-0.0018792680400850914
2011-08-22,0.0035138780143244563
2011-08-23,0.0019375049905447916
2011-08-24,0.00397484750847199
2011-08-25,-0.0009640207008485557
2011-08-26,-0.00020224582298233873
2011-08-29,0.004372882469195316
2011-08-30,-0.001683149137682305
2011-08-31,0.0014858748173454117
2011-09-01,0.0007088271392488021
2011-09-02,-0.003173261199538757
2011-09-06,-0.00424488056854988
2011-09-07,0.006022331455148855
2011-09-08,-0.0014107102062076438
2011-09-09,-0.0013470971729389047
2011-09-12,-0.0016205044639400201
2011-09-13,0.0016846773587442243
2011-09-14,0.0020323105200508174
2011-09-15,0.002412827141573759
2011-09-16,0.0002004411280669416
2011-09-19,-0.001774643434713008
2011-09-20,0.0010187502506300294
2011-09-21,0.0007337900164001709
2011-09-22,-0.005485561479588563
2011-09-23,-0.0006316402789902087
2011-09-26,0.000796223692322906
2011-09-27,0.002628516785088131
2011-09-28,-0.0015611463696180161
2011-09-29,0.0013470368734065374
2011-09-30,-0.004138658654093352
2011-10-03,-0.0012838366563853176
2011-10-04,-0.002443447644263963
2011-10-05,-0.00040952448413822395
2011-10-06,0.0004380913393995378
2011-10-07,0.0002920172188993764
2011-10-10,0.0033584381321991597
2011-10-11,-0.0004260122037141878
2011-10-12,0.0018698881757450714
2011-10-13,-0.0013630864524105668
2011-10-14,0.0026156715957412757
2011-10-17,-0.0015307025346659175
2011-10-18,-0.00024626161573038097
2011-10-19,-0.0006889452068830071
2011-10-20,-0.0014516224969929326
2011-10-21,0.0016867743816804115
2011-10-24,0.0004302318256219628
2011-10-25,-0.0017029329640688706
2011-10-26,0.001686800463601923
2011-10-27,0.004017876344748705
2011-10-28,-0.0006155268984577855
2011-10-31,-0.003086686655860982
2011-11-01,-0.004765607606062372
2011-11-02,0.001786708878439347
2011-11-03,0.000825776602145778
2011-11-04,-0.0009609380694161063
2011-11-07,-0.00012241362910614395
2011-11-08,0.0006336033396618923
2011-11-09,-0.0030111179417835476
2011-11-10,0.0013643396679725583
2011-11-11,0.0010460984952613828
2011-11-14,-0.0005004841704379093
2011-11-15,-0.0007074356479784827
2011-11-16,-0.0009559629413610216
2011-11-17,0.001079912819303308
2011-11-18,0.0007847216298753068
2011-11-21,-0.0020899236389353426
2011-11-22,0.00013206542167099045
2011-11-23,-0.0010292256245330034
2011-11-25,-1.3297712087467772e-05
2011-11-28,0.004655634665311492
2011-11-29,-1.5680369333748168e-05
2011-11-30,0.003818351894744998
2011-12-01,-0.007076531048337498
2011-12-02,0.0008758521795200203
2011-12-05,0.002021559372634263
2011-12-06,-3.616825125607459e-05
2011-12-07,-0.0007256843372450694
2011-12-08,-0.0006594637004688764
2011-12-09,0.0008583332217610984
2011-12-12,-0.001535781102794509
2011-12-13,0.0006615691642157806
2011-12-14,-0.0007409439934568107
2011-12-15,0.0013638860728046875
2011-12-16,0.0011207102372847721
2011-12-19,0.0010544492734292366
2011-12-20,0.0018428460242672084
2011-12-21,0.0001023148334089452
2011-12-22,7.529279505269493e-05
2011-12-23,0.0001712660580510672
2011-12-27,-0.00016333654828637467
2011-12-28,-3.673654795155468e-05
2011-12-29,0.0003877705229513584
2011-12-30,-0.0004204426642828718
2012-01-03,0.0024492416109469506
2012-01-04,-0.00018826763455992435
2012-01-05,-0.0006720572018539261
2012-01-06,0.00020909824837667124
2012-01-09,-0.0001590358961778282
2012-01-10,0.0015194263287563459
2012-01-11,-7.627126634934811e-06
2012-01-12,0.0007359722815760694
2012-01-13,-0.0006705728971306835
2012-01-17,0.0014940530604217184
2012-01-18,-4.007085251001019e-05
2012-01-19,0.0012699651703935722
2012-01-20,-0.0069863599155985945
2012-01-23,0.0002592095843714226
2012-01-24,-0.00012205907946694072
2012-01-25,0.0031610053264363724
2012-01-26,0.0005717425652023156
2012-01-27,0.00039981773231012596
2012-01-30,-0.0004625788617995674
2012-01-31,0.0010963792685512175
2012-02-01,0.0009495015394360706
2012-02-02,0.0007393606679844122
2012-02-03,0.0022494356697240203
2012-02-06,-0.0007818521781840504
2012-02-07,-0.0005657921685494616
2012-02-08,0.0002977833728219359
2012-02-09,0.00016192830585204376
2012-02-10,0.0015888267827046665
2012-02-13,0.0019045576773542017
2012-02-14,-0.0005716176794644534
2012-02-15,0.0009312307171553957
2012-02-16,-0.0001238223163544383
2012-02-17,0.0002763853142231376
2012-02-21,-0.0008225240930115341
2012-02-22,-0.00043230242175773537
2012-02-23,-0.0001408100463139439
2012-02-24,0.000940784829223551
2012-02-27,-0.0008878895887419747
2012-02-28,1.2304798403528494e-05
2012-02-29,0.00021423902972417252
2012-03-01,0.0005105387367383418
2012-03-02,0.0002699314771579253
2012-03-05,-0.0002527033626202879
2012-03-06,-0.002580921094226696
2012-03-07,0.0012840640106515089
2012-03-08,0.0016035380831336266
2012-03-09,0.00013104290263510343
2012-03-12,-0.0008297070451214195
2012-03-13,0.0019293506835966756
2012-03-14,0.002759361806987215
2012-03-15,0.000608912797131822
2012-03-16,0.0002780761210350313
2012-03-19,-0.00033757673542189615
2012-03-20,-0.0014541290888108183
2012-03-21,0.0009673638429592568
2012-03-22,-0.0006619808833581153
2012-03-23,-0.0012430738626503235
2012-03-26,0.0009558126474746853
2012-03-27,0.0007320928487990486
2012-03-28,-0.0002162497140768549
2012-03-29,-0.0007961714225719341
2012-03-30,0.001044937922030087
2012-04-02,-0.00031872985888947714
2012-04-03,-0.0013897128845105078
2012-04-04,-0.0020398598906388177
2012-04-05,-0.0009676931798292543
2012-04-09,-0.0022695818828609715
2012-04-10,-0.0005901633173180931
2012-04-11,0.0017245807135817248
2012-04-12,0.0020312898203744822
2012-04-13,-0.001451327143393244
2012-04-16,0.0015751175174756327
2012-04-17,0.0014276079578467993
2012-04-18,-0.001760810089151299
2012-04-19,0.00015457041620403622
2012-04-20,0.0003988691719596371
2012-04-23,-0.001951963471076179
2012-04-24,0.0008391030895544827
2012-04-25,0.0026986867872147435
2012-04-26,-8.262661244617941e-05
2012-04-27,0.0016868994149630279
2012-04-30,-0.00018425964177670728
2012-05-01,-0.0008687533375273393
2012-05-02,-0.0009820157003699315
2012-05-03,0.0001527778640064703
2012-05-04,-0.00046784249373121867
2012-05-07,-0.002713849505285193
2012-05-08,-0.0006649193143132281
2012-05-09,-0.0061627168707689695
2012-05-10,-0.00012591411226903215
2012-05-11,-0.0019973047785297737
2012-05-14,-0.0016074791744427053
2012-05-15,-8.206291205004046e-05
2012-05-16,0.0007156268269901123
2012-05-17,-0.00012322182194546283
2012-05-18,0.00046137574556115446
2012-05-21,0.0008851740504067784
2012-05-22,-0.0002017061298992262
2012-05-23,-0.00115580654693892
2012-05-24,0.0006296431541110703
2012-05-25,-2.14062159374917e-05
2012-05-29,0.0023660732814621
2012-05-30,-0.0018658838775122977
2012-05-31,-0.0002637905998917889
2012-06-01,-0.004017149917300622
2012-06-04,0.0007532716034397424
2012-06-05,1.0709981491663356e-05
2012-06-06,0.0014834743032070552
2012-06-07,0.0022578969078557165
2012-06-08,-0.00017372285862282677
2012-06-11,0.0025056463672752383
2012-06-12,0.000695841606443981
2012-06-13,-0.0001266750478013945
2012-06-14,-0.0002868002059570607
2012-06-15,0.0004880951936607758
2012-06-18,-0.0011117541429728206
2012-06-19,0.0026973499093194686
2012-06-20,0.0007261308504675767
2012-06-21,-0.0015433949694466653
2012-06-22,0.0007818516221524963
2012-06-25,-0.0011468617324705832
2012-06-26,0.0005354528770915579
2012-06-27,7.537226711407108e-05
2012-06-28,-0.0016386411466503548
2012-06-29,0.0030003915223735245
2012-07-02,0.0030876428298813874
2012-07-03,0.0002966000379249767
2012-07-05,-0.0006234834443318293
2012-07-06,-0.0011645481371500566
2012-07-09,-0.00031181863594920145
2012-07-10,-0.00047724298402140874
2012-07-11,0.00040902532608400044
2012-07-12,-0.001261267467531968
2012-07-13,-5.190140256794429e-06
2012-07-16,-0.0008320657251658092
2012-07-17,0.0007954965465277741
2012-07-18,-0.000729749850452821
2012-07-19,0.0017751535032937138
2012-07-20,0.0011811102747496527
2012-07-23,-0.002956931636797222
2012-07-24,0.0008054736640263904
2012-07-25,-0.0003663697937237309
2012-07-26,0.002517191513006445
2012-07-27,0.0012279129746903816
2012-07-30,-0.0003383839364270447
2012-07-31,0.0011546708635306047
2012-08-01,0.001252485899345901
2012-08-02,-0.0012308328301112725
2012-08-03,0.002635724624418634
2012-08-06,0.0009520025495752815
2012-08-07,0.0016932909614262304
2012-08-08,-0.0004212766107232202
2012-08-09,-0.0009220736486565961
2012-08-10,0.0006888034141272481
2012-08-13,6.15587808028284e-05
2012-08-14,0.0010576282882879262
2012-08-15,9.833225996147554e-05
2012-08-16,0.0009666780092096872
2012-08-17,0.0010219852539852248
2012-08-20,-0.00022397573474453036
2012-08-21,6.480363571559344e-05
2012-08-22,-0.0005756578204997309
2012-08-23,-0.0006126815396544361
2012-08-24,-0.00021531657137385807
2012-08-27,-5.839300914911583e-06
2012-08-28,-0.00019696579419681282
2012-08-29,0.0002622505755651705
2012-08-30,-0.00014442391864111226
2012-08-31,0.0009475145950772479
2012-09-04,-0.0009815686614390584
2012-09-05,-0.000489644404027878
2012-09-06,0.0010200785031257986
2012-09-07,-0.0003572723110576437
2012-09-10,-0.0005662477631889207
2012-09-11,0.000449895792694166
2012-09-12,0.0010685091167890182
2012-09-13,9.968819432248921e-05
2012-09-14,0.0011147556713657636
2012-09-17,-0.00016946193065636717
2012-09-18,-0.0009081509900593643
2012-09-19,-0.0006698501679831548
2012-09-20,-0.00024173077917710728
2012-09-21,9.719790729634248e-05
2012-09-24,-0.0011678450969776488
2012-09-25,0.001794339454077365
2012-09-26,-0.0007795740169496135
2012-09-27,0.0016293423916797778
2012-09-28,-0.0008471501774517387
2012-10-01,0.0005533341999788277
2012-10-02,0.0008903761965715074
2012-10-03,0.0005523398103159938
2012-10-04,0.0001031008780112419
2012-10-05,0.0007506111886126376
2012-10-08,-0.0011962024210626643
2012-10-09,-0.0007239181950275952
2012-10-10,0.00014494347892002324
2012-10-11,0.0010804929711647482
2012-10-12,-0.0005106230694561509
2012-10-15,0.0009454087918763232
2012-10-16,0.0005334959050269372
2012-10-17,-0.0011151260401585095
2012-10-18,-0.0001554414679062477
2012-10-19,0.0003024625455041452
2012-10-22,0.0006585491098323182
2012-10-23,-0.0017417685134928362
2012-10-24,0.0011795357625583591
2012-10-25,0.001093249723263634
2012-10-26,-0.0006341368672643233
2012-10-31,0.0004807203839292118
2012-11-01,0.0013180988963590323
2012-11-02,0.0009665342985087921
2012-11-05,-0.0014602480289395148
2012-11-06,0.0004091965033625744
2012-11-07,-0.002077543868065135
2012-11-08,0.0015525407793135493
2012-11-09,0.00045831814680385996
2012-11-12,0.00028637779015672216
2012-11-13,-0.0014924861232911146
2012-11-14,0.0011924611683911124
2012-11-15,0.001063036991736599
2012-11-16,2.6220160776802004e-05
2012-11-19,0.0020338106292216995
2012-11-20,0.0001204384356447985
2012-11-21,-0.00028110013664806033
2012-11-23,0.0008365566781258771
2012-11-26,0.0003402749016203632
2012-11-27,-0.00034105421955521464
2012-11-28,-0.0013058885475046855
2012-11-29,0.000717383665095328
2012-11-30,-0.0009105608229598161
2012-12-03,0.001300788291677124
2012-12-04,0.000575880187825728
2012-12-05,-0.00015398689243828478
2012-12-06,-0.00031484403654780113
2012-12-07,-0.0010218684447360626
2012-12-10,0.00023838736383119397
2012-12-11,0.0006163611474652164
2012-12-12,0.001029276284397307
2012-12-13,0.0009039410908533441
2012-12-14,-1.009390635520191e-06
2012-12-17,0.0002509329542359495
2012-12-18,0.0004006622624348477
2012-12-19,0.0004121863453467878
2012-12-20,0.00038905209923645323
2012-12-21,-0.0036809173331310285
2012-12-24,0.00028746188080042145
2012-12-26,-8.98985790942497e-06
2012-12-27,0.0003612676582962493
2012-12-28,-0.001272268417114808
2012-12-31,0.0001829354490814339
2013-01-02,0.004017234647343937
2013-01-03,-0.00020592867479762855
2013-01-04,0.000377938792414545
2013-01-07,0.000426288755311921
2013-01-08,3.55666041416125e-05
2013-01-09,0.0010307881817164244
2013-01-10,0.0016410275980855982
2013-01-11,2.841801172248637e-05
2013-01-14,-0.0005890925629764565
2013-01-15,-0.0009129796508359211
2013-01-16,2.239827296612873e-05
2013-01-17,0.000602020113638746
2013-01-18,-0.0003435155910197496
2013-01-22,-0.0003042286725829513
2013-01-23,0.0009000366942144566
2013-01-24,-0.0014007650891356693
2013-01-25,0.00028181797570669964
2013-01-28,0.0006383570292098906
2013-01-29,-0.00046353003479826516
2013-01-30,-6.662586148564742e-05
2013-01-31,0.0005363407129947984
2013-02-01,0.001074262700822004
2013-02-04,-0.0010312877331130066
2013-02-05,-0.0007033331202493942
2013-02-06,0.0026681900130789415
2013-02-07,-0.0006976925595956196
2013-02-08,0.0003764239041326167
2013-02-11,-0.0011684654435325514
2013-02-12,0.0008273013166080201
2013-02-13,0.0010763602354471047
2013-02-14,-0.0005151302576318351
2013-02-15,0.0003043930162427433
2013-02-19,-0.0001476642194767619
2013-02-20,9.639610371681151e-05
2013-02-21,-0.0009370758526837664
2013-02-22,-0.0015834219542123495
2013-02-25,0.001285642583732205
2013-02-26,0.0005529571538318567
2013-02-27,-0.0006506065921190185
2013-02-28,0.0001479033795026563
2013-03-01,-0.0009735398445754884
2013-03-04,-0.0005792736482708172
2013-03-05,0.0013665075737578913
2013-03-06,0.001167501738541965
2013-03-07,0.00030103177099904954
2013-03-08,0.0010061119421014286
2013-03-11,-0.0005800398116350136
2013-03-12,-0.0003477036956133217
2013-03-13,0.00028443491918750397
2013-03-14,0.0006799018846177507
2013-03-15,0.00014258616441442662
2013-03-18,-0.002861343797486371
2013-03-19,0.0004915208759592726
2013-03-20,0.0009987548425232085
2013-03-21,-0.00044637295687255385
2013-03-22,0.0035920958574169326
2013-03-25,0.00012139990213388963
2013-03-26,0.0006768002106329885
2013-03-27,-0.0014239757382160656
2013-03-28,0.0002773278680483493
2013-04-01,-0.000564347775422247
2013-04-02,0.0008053834577435026
2013-04-03,1.0906581830782969e-05
2013-04-04,9.494700135448397e-06
2013-04-05,-0.0018030014588936716
2013-04-08,7.69426462174927e-05
2013-04-09,0.0001997076268183129
2013-04-10,0.0005697630543577414
2013-04-11,-0.0011702679702110252
2013-04-12,-0.0007586791025072648
2013-04-15,-0.001572291427212491
2013-04-16,0.0017147781908544157
2013-04-17,-0.0023362445899527406
2013-04-18,0.001636402582878782
2013-04-19,0.0005022260738831719
2013-04-22,0.0004945161860532288
2013-04-23,0.001078523939922471
2013-04-24,-0.0006250177616405894
2013-04-25,3.687257961471069e-05
2013-04-26,-0.0005093931336710433
2013-04-29,0.00061248445124229
2013-04-30,0.0005451351004519545
2013-05-01,-0.0004574640473449243
2013-05-02,-0.0008302282245493675
2013-05-03,0.0033208562204585235
2013-05-06,0.0034104756483908094
2013-05-07,0.002510389136971991
2013-05-08,0.0013498724385623273
2013-05-09,0.012057690480493877
2013-05-10,0.0
2013-05-13,0.0
2013-05-14,0.0
2013-05-15,0.0
2013-05-16,0.0
2013-05-17,0.0007809834752998679
2013-05-20,0.0009874666055893488
2013-05-21,-0.00016443756931383557
2013-05-22,4.298270630842538e-05
2013-05-23,-0.0035850794680728493
2013-05-24,-0.0001867014550355206
2013-05-28,0.003408596633893257
2013-05-29,0.0005034484313146681
2013-05-30,-0.0007504988537538893
2013-05-31,0.0006413776171949603
2013-06-03,0.0003753484731443546
2013-06-04,-3.4361584556608094e-05
2013-06-05,-0.0006100466958918194
2013-06-06,7.85465778239125e-05
2013-06-07,0.001459126389574239
2013-06-10,-0.0009062389359498768
2013-06-11,-0.0017090799674009949
2013-06-12,0.0020743159212412987
2013-06-13,0.0006979815217975638
2013-06-14,0.0016922074357741401
2013-06-17,0.00472642696302672
2013-06-18,0.0006630872653869968
2013-06-19,0.00029485420237818083
2013-06-20,-0.0020369001116051777
2013-06-21,0.003385046350754095
2013-06-24,-0.0008370413512749364
2013-06-25,0.002199158266038337
2013-06-26,0.001530438079153873
2013-06-27,0.0012889211674547152
2013-06-28,-0.0003831276279618878
2013-07-01,0.0015204409290849874
2013-07-02,-0.00042994046509581274
2013-07-03,0.00032654748880656115
2013-07-05,0.0017346773555728667
2013-07-08,0.0007042082016261997
2013-07-09,0.0014180786521187372
2013-07-10,-0.0006604583581716339
2013-07-11,0.004535958729305678
2013-07-12,0.0003798871920339675
2013-07-15,0.0014423723729588556
2013-07-16,6.134291412873694e-05
2013-07-17,-0.0006610846457034691
2013-07-18,0.00087139395166691
2013-07-19,-0.0061401488036979535
2013-07-22,9.843587520874664e-05
2013-07-23,0.0005091432648458571
2013-07-24,0.0014385999965755847
2013-07-25,-0.0008500572910428161
2013-07-26,0.0006546332023507073
2013-07-29,0.0007983880863489112
2013-07-30,0.0006080958790635194
2013-07-31,0.00083119809388843
2013-08-01,0.0011187855489664944
2013-08-02,-0.0006257339499009529
2013-08-05,0.0009770857814708211
2013-08-06,-0.00011949734030392012
2013-08-07,-0.0009461111518666021
2013-08-08,0.00654051851653259
2013-08-09,0.0
2013-08-12,0.0
2013-08-13,0.0
2013-08-14,0.0
2013-08-15,0.0
2013-08-16,0.0007055719485997702
2013-08-19,0.0005055030262566262
2013-08-20,0.0013442318836835998
2013-08-21,3.244378202804654e-05
2013-08-22,0.0009824601035084424
2013-08-23,0.000583366380679573
2013-08-26,0.0009724211724337906
2013-08-27,-0.0015002102664229966
2013-08-28,1.979621606396087e-05
2013-08-29,-0.00046819822708032977
2013-08-30,0.00013934006635940577
2013-09-03,0.002369324079324997
2013-09-04,0.0032243441073109835
2013-09-05,0.0006023828639716289
2013-09-06,0.0001671584971683071
2013-09-09,-8.192551639141232e-05
2013-09-10,0.0012708219701786927
2013-09-11,0.00018733010455740384
2013-09-12,4.0596245430180034e-05
2013-09-13,-0.0009441564455487939
2013-09-16,0.0023739520058885244
2013-09-17,-0.0005833492456011058
2013-09-18,3.703486637363085e-06
2013-09-19,0.0014997937813034934
2013-09-20,0.0005586342155219359
2013-09-23,-9.787981399833612e-06
2013-09-24,-0.00015836147515690957
2013-09-25,0.0019974186294589025
2013-09-26,0.0014036444756513333
2013-09-27,-0.0003385646404107101
2013-09-30,-0.0020499334267887193
2013-10-01,0.00019221748844411302
2013-10-02,-0.0008000342851334219
2013-10-03,-0.00043618801598610535
2013-10-04,0.0012293739388018476
2013-10-07,0.0006384382952264733
2013-10-08,0.001060280752974263
2013-10-09,0.00013735403291437187
2013-10-10,0.001713523836931241
2013-10-11,-0.0012605834316066211
2013-10-14,-0.0019495147720591799
2013-10-15,0.001182128696117113
2013-10-16,0.0007997971755384636
2013-10-17,2.766387714037144e-05
2013-10-18,0.000499784840636508
2013-10-21,0.0006005154541468549
2013-10-22,0.0003724693473226015
2013-10-23,-0.0016942213102216774
2013-10-24,-0.00012188269505220006
2013-10-25,-8.299045658155535e-05
2013-10-28,-0.00018521125711312703
2013-10-29,0.0008753141961861388
2013-10-30,0.001049203344546168
2013-10-31,-0.0010035671987627115
2013-11-01,0.0014338374031754864
2013-11-04,0.0013741250295828955
2013-11-05,0.0002766845884338842
2013-11-06,-0.0025333770418606294
2013-11-07,0.0011600973800378611
2013-11-08,-1.3177231732330874e-05
2013-11-11,0.00025173377683440634
2013-11-12,0.0001243705201519063
2013-11-13,-0.0018002102817412657
2013-11-14,-0.0003061423915162731
2013-11-15,0.0013292919926390923
2013-11-18,0.0004966258274097246
2013-11-19,0.000516838647101947
2013-11-20,0.0005075637814540013
2013-11-21,0.0009651562944648084
2013-11-22,-0.00029435373646313767
2013-11-25,0.001103244931166536
2013-11-26,5.575544139468924e-05
2013-11-27,0.0005413327986050209
2013-11-29,0.0011137097657936135
2013-12-02,0.0005318833888015018
2013-12-03,-0.00019412350565239933
2013-12-04,-0.0006859514954914436
2013-12-05,-0.00024039571751721667
2013-12-06,0.0016527799900691864
2013-12-09,0.0008595351848392774
2013-12-10,-0.00019050244566409802
2013-12-11,-0.0008117087910185505
2013-12-12,0.001582336867384626
2013-12-13,0.0004448986748479822
2013-12-16,8.207174306962273e-05
2013-12-17,0.0008549676302394005
2013-12-18,-0.0007444319340721428
2013-12-19,-0.0010613020898588843
2013-12-20,0.0003592188630134885
2013-12-23,-0.0009408383609339488
2013-12-24,0.0005612317809691181
2013-12-26,0.0003857757461467326
2013-12-27,0.00024353704003354792
2013-12-30,-0.00043555656473470705
2013-12-31,0.0006283910154181171
2014-01-02,-8.198151291805011e-05
2014-01-03,0.00013138297564752044
2014-01-06,-0.00029176103224237693
2014-01-07,0.0008045585482023832
2014-01-08,-0.0001325736088861884
2014-01-09,0.0005027372596877466
2014-01-10,0.0003987096097533005
2014-01-13,-0.00059110206411217
2014-01-14,0.0010354530553413621
2014-01-15,0.0006952887304649824
2014-01-16,-0.0003895834669975784
2014-01-17,0.0001958658464487062
2014-01-21,0.0006405418238006888
2014-01-22,0.00039984069481935336
2014-01-23,-0.0011887468683404734
2014-01-24,-0.0010411718648565271
2014-01-27,0.0002062068678772011
2014-01-28,0.0004816398138736133
2014-01-29,-0.001549510626680628
2014-01-30,0.007547628261341588
2014-01-31,0.0
2014-02-03,0.0
2014-02-04,0.0
2014-02-05,0.0
2014-02-06,0.0
2014-02-07,0.0007301536862529545
2014-02-10,8.70978125540045e-05
2014-02-11,-3.9754275914183346e-05
2014-02-12,0.0003219331415706961
2014-02-13,-0.0015245707063843428
2014-02-14,-0.001232040961348102
2014-02-18,0.000524669434835312
2014-02-19,-3.527764567967662e-05
2014-02-20,0.00030153680664324334
2014-02-21,0.0006770430484481782
2014-02-24,0.0003000997541051653
2014-02-25,0.000627618498487692
2014-02-26,0.002671668094206714
2014-02-27,-0.0004933635944008863
2014-02-28,-0.001067162095102936
2014-03-03,-0.0011615528029844668
2014-03-04,0.0015290345367218183
2014-03-05,-0.00014454358718440918
2014-03-06,0.00011022851296060843
2014-03-07,0.0005799923916962602
2014-03-10,-8.08032841211892e-05
2014-03-11,0.00017502495789334382
2014-03-12,-0.0005303000919928413
2014-03-13,0.0010131896625658054
2014-03-14,3.555471857863424e-05
2014-03-17,0.0008252320236141752
2014-03-18,0.0003118336673695321
2014-03-19,2.155630801303765e-05
2014-03-20,-0.0002213077716073375
2014-03-21,0.00041422109293454135
2014-03-24,0.0005369919433413362
2014-03-25,0.0006928760791393707
2014-03-26,0.0008030325319969833
2014-03-27,0.00013713322806707673
2014-03-28,-0.00014022410411707042
2014-03-31,0.0013389840069701897
2014-04-01,0.00038609156161628633
2014-04-02,0.0005476907917043583
2014-04-03,0.0007869909115809648
2014-04-04,0.0011861442843259518
2014-04-07,-0.0014361086315559657
2014-04-08,0.001271187022374498
2014-04-09,0.0023282627352358976
2014-04-10,0.00026443576967660753
2014-04-11,-0.0014750669176775144
2014-04-14,0.0007041552856918987
2014-04-15,-0.0001184500579095582
2014-04-16,0.0016181716060859053
2014-04-17,0.00016632943378280807
2014-04-21,0.0011402797489445948
2014-04-22,0.0005560162540767521
2014-04-23,0.0006466965433156169
2014-04-24,0.0017425331327078908
2014-04-25,-0.0007473516754384901
2014-04-28,0.0007199678590685821
2014-04-29,0.0007715289718506213
2014-04-30,-9.84565695292261e-05
2014-05-01,-0.0002673992864242747
2014-05-02,0.0012426696782750213
2014-05-05,-0.0003369540519331249
2014-05-06,0.002416895223978699
2014-05-07,0.00026863927414355615
2014-05-08,-0.0001982924414993814
2014-05-09,-0.00019605999275085217
2014-05-12,0.0010671724884252498
2014-05-13,0.00021691790144573453
2014-05-14,-0.0007366978879130848
2014-05-15,-4.094217421946045e-05
2014-05-16,2.943821586476325e-05
2014-05-19,0.0007951275994544371
2014-05-20,0.0003860242339444042
2014-05-21,0.0005907630751766924
2014-05-22,-0.0001777994373800551
2014-05-23,0.00046245213718187905
2014-05-27,0.0007807685095442274
2014-05-28,0.00021386140078982763
2014-05-29,0.0005441419394027758
2014-05-30,0.000880244797607066
2014-06-02,0.0004927866251289714
2014-06-03,-0.0005337929444451106
2014-06-04,-0.000604742613338427
2014-06-05,0.0004228037801157214
2014-06-06,0.0010689529464451564
2014-06-09,0.00010801907860802373
2014-06-10,8.293228497513461e-05
2014-06-11,0.0014148802988505071
2014-06-12,-0.00036942457751831803
2014-06-13,0.0014928145858266184
2014-06-16,0.00045517505681913484
2014-06-17,0.00012298978301794605
2014-06-18,0.0004845661294929915
2014-06-19,0.0005152304487672232
2014-06-20,0.0003334075330390096
2014-06-23,0.000597092634179397
2014-06-24,0.0005738485697219797
2014-06-25,-0.00018779103228072636
2014-06-26,6.727950106077962e-05
2014-06-27,-0.0003226652663694818
2014-06-30,0.0011218015900278377
2014-07-01,0.0009543630273234349
2014-07-02,-0.00030143814083549714
2014-07-03,0.0009920952615205536
2014-07-07,9.488157089698745e-05
2014-07-08,-0.00018750878214024436
2014-07-09,-0.0001839543124112497
2014-07-10,-0.0027856410989396396
2014-07-11,0.0003146569768348595
2014-07-14,0.0013602291748766593
2014-07-15,0.00013519089006353013
2014-07-16,0.0006142039199854565
2014-07-17,-0.0015144075156275916
2014-07-18,0.000916816301959722
2014-07-21,-0.0004615372037778398
2014-07-22,0.0005430814851405952
2014-07-23,-2.0447928452682618e-05
2014-07-24,0.0017425846696628167
2014-07-25,-0.00024081557314481472
2014-07-28,-1.893156665166984e-05
2014-07-29,-9.654775185885534e-06
2014-07-30,0.0011902682936542064
2014-07-31,-0.002640356714893044
2014-08-01,0.0008633090080811812
2014-08-04,0.00045925909259225683
2014-08-05,-0.0007093577905934456
2014-08-06,-0.000523461390542157
2014-08-07,0.00029533424481487103
2014-08-08,0.0003833642763759748
2014-08-11,0.0008088434281645629
2014-08-12,-0.00036617546365236286
2014-08-13,0.0010095657270352554
2014-08-14,-0.00046325476639952345
2014-08-15,0.0010976030039291373
2014-08-18,-0.0006107030288621251
2014-08-19,0.00031955302369546246
2014-08-20,-7.278678241462444e-05
2014-08-21,-0.0003150392535152813
2014-08-22,0.0005349929386946339
2014-08-25,0.0006636629150711393
2014-08-26,0.00010921539165398286
2014-08-27,0.0004859454775774097
2014-08-28,-0.00012425584719533145
2014-08-29,0.0015661394568251552
2014-09-02,0.0007383823939310918
2014-09-03,9.849776253645359e-05
2014-09-04,0.0003995611017613143
2014-09-05,2.6951694602539433e-05
2014-09-08,6.706610841766825e-05
2014-09-09,-0.00020850992327703377
2014-09-10,8.966836652812837e-05
2014-09-11,-0.00045860795364693896
2014-09-12,-5.714124747413507e-05
2014-09-15,0.000244423577838937
2014-09-16,-0.0001316015455924413
2014-09-17,-1.5740951668452574e-05
2014-09-18,0.0006231782201926439
2014-09-19,0.00040064965824626597
2014-09-22,-0.0005676172982633787
2014-09-23,-0.00010171292609506555
2014-09-24,0.000954457873369341
2014-09-25,0.00012433339192985393
2014-09-26,0.0029919466259547
2014-09-29,-0.0012421482808611106
2014-09-30,0.00039851544660418625
2014-10-01,3.687789158113297e-05
2014-10-02,-0.0001518697116875689
2014-10-03,0.0006809674041801106
2014-10-06,-0.00015622879201471207
2014-10-07,-0.0006882794358042954
2014-10-08,0.00010137286889699837
2014-10-09,-0.000607829603679888
2014-10-10,-0.002891941251406016
2014-10-13,0.0018784085629151015
2014-10-14,0.0030173886923756665
2014-10-15,-0.0024364248810269107
2014-10-16,-0.001995622254923335
2014-10-17,0.0021977280104543695
2014-10-20,0.00029999484601406223
2014-10-21,0.001577806596283926
2014-10-22,0.0005133937747658912
2014-10-23,0.0014782052891344488
2014-10-24,0.0006563450939978122
2014-10-27,0.000915221446598613
2014-10-28,0.0007848216380252904
2014-10-29,-2.149926705596883e-05
2014-10-30,-0.0011635395974850526
2014-10-31,0.0031802962542024638
2014-11-03,0.000141317320310419
2014-11-04,-0.0002828419326598164
2014-11-05,0.0002138711260855075
2014-11-06,0.00013956348858590317
2014-11-07,0.00018875614217517267
2014-11-10,7.02112670891708e-05
2014-11-11,0.00017992409360689798
2014-11-12,-0.00022474010938855482
2014-11-13,8.399419481230908e-05
2014-11-14,-5.084568889102137e-05
2014-11-17,0.00020534834158469906
2014-11-18,0.00010107935105230226
2014-11-19,0.0001408608741233497
2014-11-20,-0.00030807221704298726
2014-11-21,0.0018099504497213204
2014-11-24,0.0010804513359266021
2014-11-25,0.0006421154597433532
2014-11-26,1.2789406111712864e-05
2014-11-28,0.00014868912297072434
2014-12-01,-0.0002621493586340007
2014-12-02,0.0014823624049493667
2014-12-03,-0.0011675578399393816
2014-12-04,0.003868941283227567
2014-12-05,0.0009391688188609137
2014-12-08,-0.0012520255177262962
2014-12-09,-0.003785510743028575
2014-12-10,-0.00043546395257898496
2014-12-11,0.0023696343149663956
2014-12-12,-0.0014290153103568848
2014-12-15,0.0008881478698075096
2014-12-16,-0.0006016070741187152
2014-12-17,0.0025139183901516926
2014-12-18,0.002222317147660302
2014-12-19,0.00010143991198230395
2014-12-22,0.0019014158199748277
2014-12-23,0.0013493992422348722
2014-12-24,0.0006056671717573625
2014-12-26,0.0002942584722207542
2014-12-29,-0.00036743379853787506
2014-12-30,-0.0005554160215711645
2014-12-31,0.00015951225591659401
2015-01-02,0.00045205634570844033
2015-01-05,-0.0007368492323658327
2015-01-06,0.0008789765168444319
2015-01-07,0.0015681738413839685
2015-01-08,0.0012578543553207755
2015-01-09,0.0002272731360599689
2015-01-12,6.904312429401038e-05
2015-01-13,0.0006564735679879252
2015-01-14,-0.001402299320760525
2015-01-15,0.0006827287177972874
2015-01-16,-0.0002567192955369446
2015-01-20,0.00026520924355777353
2015-01-21,-0.0003130639188498874
2015-01-22,0.0006686873934116377
2015-01-23,-0.000570547234164831
2015-01-26,-4.559423760142067e-05
2015-01-27,-0.0018785695755221266
2015-01-28,0.0014793770811991624
2015-01-29,-0.00013007575907453273
2015-01-30,-0.0010557446790160352
2015-02-02,2.522525611658999e-05
2015-02-03,-7.714185183049782e-05
2015-02-04,-0.00041607057143067117
2015-02-05,0.00028293919104971366
2015-02-06,0.0003439384876038343
2015-02-09,-0.0008678262896661959
2015-02-10,0.0008468123240581438
2015-02-11,-0.00014228584868680727
2015-02-12,0.00024194525500487174
2015-02-13,0.0004207263877711309
2015-02-17,0.00023657560187206883
2015-02-18,1.8908167266573628e-05
2015-02-19,-0.0002894543772544722
2015-02-20,0.000251651882786863
2015-02-23,0.00048197949533390627
2015-02-24,9.847849217292648e-05
2015-02-25,-0.00026258601587669794
2015-02-26,0.0015526686741089701
2015-02-27,0.001204520918804075
2015-03-02,0.004271180505242667
2015-03-03,-0.0009740002931152292
2015-03-04,-0.0005462166500654897
2015-03-05,0.0004213696191897043
2015-03-06,-0.000519907425408972
2015-03-09,-0.00015499407256458486
2015-03-10,-0.0015459034020509632
2015-03-11,3.6904838278450924e-05
2015-03-12,0.00040533349372307015
2015-03-13,-0.00029682603190062107
2015-03-16,0.0007063153721593718
2015-03-17,-0.0008515367359445136
2015-03-18,-0.0003849142008386375
2015-03-19,-0.00021015562631865325
2015-03-20,0.0007927259775557527
2015-03-23,0.0004279527142498907
2015-03-24,0.0003376511420565276
2015-03-25,-0.00026274252788049957
2015-03-26,-0.0021077200190519063
2015-03-27,8.175733802118224e-05
2015-03-30,0.0009228133054242083
2015-03-31,-4.688617308845622e-07
2015-04-01,-0.00015820919157749636
2015-04-02,0.0012186098046220728
2015-04-06,-0.0009807088548393628
2015-04-07,9.369443185280879e-05
2015-04-08,-0.00042566844954072813
2015-04-09,-0.0006561010793760813
2015-04-10,0.00010706330248222429
2015-04-13,4.495621757261148e-05
2015-04-14,-0.00044013221332028785
2015-04-15,0.0007217609008678405
2015-04-16,-0.0008258048452393085
2015-04-17,-0.0016312726805450817
2015-04-20,0.0005061633286658207
2015-04-21,0.0009504891100593493
2015-04-22,0.0005099578039817754
2015-04-23,-0.0022103552089435263
2015-04-24,0.00016071995640487557
2015-04-27,0.00034267987828284774
2015-04-28,-6.0197890352386985e-05
2015-04-29,-0.0011080381640311554
2015-04-30,-0.00040233846599768697
2015-05-01,0.0008850953681291962
2015-05-04,0.0006311950638908659
2015-05-05,-0.0003399642696618743
2015-05-06,0.0007774829455413634
2015-05-07,-8.627488846091325e-05
2015-05-08,0.000936259027178199
2015-05-11,0.00018764906497925615
2015-05-12,-0.0004282762131138096
2015-05-13,0.0007562903824438472
2015-05-14,0.0006572521640972884
2015-05-15,0.0004010452743443693
2015-05-18,-0.0012296386311829721
2015-05-19,0.0004903520093741953
2015-05-20,0.00010043606207443823
2015-05-21,0.0001274515074043414
2015-05-22,0.00030175229612083854
2015-05-26,0.0006033754432102079
2015-05-27,0.00033219442137211175
2015-05-28,0.001207712380857373
2015-05-29,0.0002273787408650918
2015-06-01,0.0005134961277319938
2015-06-02,-0.0003679028752702207
2015-06-03,0.0008660748731301737
2015-06-04,-0.000623749946307095
2015-06-05,-0.00016628812585162134
2015-06-08,-0.00029375634061612477
2015-06-09,0.00010678459326562972
2015-06-10,-2.9792361078917473e-05
2015-06-11,-0.00016384570165783874
2015-06-12,-0.0006227298582028862
2015-06-15,-0.0019079133323385289
2015-06-16,-0.0004773018326328371
2015-06-17,5.163555848519685e-05
2015-06-18,0.0005711620347399471
2015-06-19,0.0005105298021721438
2015-06-22,-0.00010416614053043727
2015-06-23,0.0002478370340113223
2015-06-24,-1.843572858739595e-05
2015-06-25,0.0001524837992257222
2015-06-26,-0.006275030518381075
2015-06-29,-0.00200290706058881
2015-06-30,0.0010650122405206908
2015-07-01,0.0017868716718001387
2015-07-02,0.00011008771442111431
2015-07-06,-0.0011779127536040157
2015-07-07,-0.0006886445789711093
2015-07-08,-0.0014921638848680585
2015-07-09,0.001747079900708881
2015-07-10,0.0014722691204323013
2015-07-13,0.0013917763305002495
2015-07-14,0.004718156034059451
2015-07-15,-0.0005036419864811181
2015-07-16,0.0014908406003699692
2015-07-17,-0.00021095841710117025
2015-07-20,0.00017548439140258054
2015-07-21,-4.733386170763243e-05
2015-07-22,-0.003049017650416319
2015-07-23,0.001230796594434258
2015-07-24,0.0005063535813158992
2015-07-27,-0.0011525777775889257
2015-07-28,0.0008563624654704949
2015-07-29,0.00034718721513948836
2015-07-30,-0.001152171193647189
2015-07-31,0.0005811161609423632
2015-08-03,0.0008903740441783548
2015-08-04,0.00013192053792954184
2015-08-05,0.0011161418328131667
2015-08-06,3.576641045133222e-05
2015-08-07,0.002465361513200204
2015-08-10,0.00031100684985707616
2015-08-11,-0.0014118767765385343
2015-08-12,-0.0018763955584703007
2015-08-13,9.724392603871479e-05
2015-08-14,3.790634200839804e-05
2015-08-17,-0.0013253288349525105
2015-08-18,-0.0005221625706891553
2015-08-19,-0.0005739645475550947
2015-08-20,-0.00215319548846149
2015-08-21,-0.0019168314581895496
2015-08-24,-0.00750315944065727
2015-08-25,0.005079810828745757
2015-08-26,0.0035668230923873168
2015-08-27,0.002346393908223998
2015-08-28,0.0011765220603419113
2015-08-31,-0.0005892548470309844
2015-09-01,-0.0038195479860114734
2015-09-02,0.002560801953021663
2015-09-03,0.001205656245509168
2015-09-04,-0.0020712869024833713
2015-09-08,0.0038821115025959863
2015-09-09,0.00120615719289896
2015-09-10,-0.00014731046011284832
2015-09-11,-0.0009723876300662404
2015-09-14,0.0008135894329373006
2015-09-15,0.0006457821033936106
2015-09-16,-0.0002214212803659521
2015-09-17,0.0006561009311314425
2015-09-18,-0.001864333914724181
2015-09-21,0.0005694017307908972
2015-09-22,-0.0024391888328826328
2015-09-23,0.0001180475383504298
2015-09-24,-0.0006868154867012422
2015-09-25,0.0010312804921321916
2015-09-28,-0.000837673247190529
2015-09-29,0.0012708011519810825
2015-09-30,0.0019321547645856363
2015-10-01,-0.0005459596582290116
2015-10-02,0.00028105430797742414
2015-10-05,0.0014027165176411227
2015-10-06,-0.0004128158937956039
2015-10-07,0.0009312383710524674
2015-10-08,-0.0005730363315485931
2015-10-09,-0.00042292877044924904
2015-10-12,0.0010468428133840746
2015-10-13,-0.0011833536309406867
2015-10-14,0.0011221329414823344
2015-10-15,0.0003405019767757089
2015-10-16,0.0002930005193730878
2015-10-19,-0.0001638263138570295
2015-10-20,-0.0008247226290775123
2015-10-21,-0.0005025343682637518
2015-10-22,0.0007185469324375582
2015-10-23,0.001371227972401412
2015-10-26,-0.0005868623879602408
2015-10-27,-0.00047763972763692486
2015-10-28,0.0015256622400889874
2015-10-29,-0.002903628623196486
2015-10-30,0.0010384100715776778
2015-11-02,0.001186292881565576
2015-11-03,-0.00011917063057231836
2015-11-04,0.0006357488731161265
2015-11-05,0.0011335776992618118
2015-11-06,-0.00011130320794083826
2015-11-09,-0.0007155492593163837
2015-11-10,-0.00043045919585105175
2015-11-11,0.0006347152632304454
2015-11-12,-0.00033340819004634703
2015-11-13,-0.0012020497116029816
2015-11-16,-0.0007041727140555398
2015-11-17,0.00020133062193927742
2015-11-18,0.0005210214268644986
2015-11-19,0.004431612608320812
2015-11-20,0.0012220040823061051
2015-11-23,-0.0003535333875923641
2015-11-24,-0.0011529515164724335
2015-11-25,7.843156654674388e-05
2015-11-27,-0.00021407686650198876
2015-11-30,0.00031228655087667256
2015-12-01,0.0003499704262928116
2015-12-02,0.00023297338743422102
2015-12-03,0.0006172905978112375
2015-12-04,5.9253395471747794e-05
2015-12-07,0.00014581436310434626
2015-12-08,-0.0012436966881052003
2015-12-09,-0.00016852370544373496
2015-12-10,0.00020987921731796533
2015-12-11,-0.0015385026937613233
2015-12-14,0.00016959652610970544
2015-12-15,0.0010855280408492707
2015-12-16,0.0006756898266844225
2015-12-17,0.000508649306977027
2015-12-18,-0.00049949391835169
2015-12-21,0.0009565406314855363
2015-12-22,0.0004130609823400633
2015-12-23,0.00041758174114758795
2015-12-24,-0.00013177043405221411
2015-12-28,-3.549335021213462e-05
2015-12-29,0.0004014806937933102
2015-12-30,-0.00014466291032722012
2015-12-31,-0.0003339001174814671
2016-01-04,-0.0025917594235358443
2016-01-05,0.0011643997438295361
2016-01-06,-0.0017895766412105996
2016-01-07,-0.002235705566519197
2016-01-08,0.0010863502687992188
2016-01-11,0.0002029933844867049
2016-01-12,0.0013543203139276816
2016-01-13,0.0007305333920260004
2016-01-14,-0.0002563463620884887
2016-01-15,-0.0037589917098882486
2016-01-19,0.0017603342734580085
2016-01-20,-0.002098650807084934
2016-01-21,0.0006931526636735352
2016-01-22,0.002405814031727793
2016-01-25,-0.00018029946790909523
2016-01-26,0.0002744145760589234
2016-01-27,8.764672092365089e-05
2016-01-28,0.0025612707202600227
2016-01-29,0.0003808306111183768
2016-02-01,0.0008232547680866453
2016-02-02,-0.0016463458882172155
2016-02-03,0.0016957023005854666
2016-02-04,-0.00010883984884069164
2016-02-05,-0.00027523460371670083
2016-02-08,-0.001942386559496856
2016-02-09,-0.0016519593420323275
2016-02-10,0.001476768943188711
2016-02-11,-0.0024770755903225083
2016-02-12,0.0017910713088953312
2016-02-16,0.0022976972810480056
2016-02-17,0.001245043954194669
2016-02-18,0.0038170709880969156
2016-02-19,-0.0005258919720391164
2016-02-22,0.0016169714988820694
2016-02-23,-0.0005972972865475601
2016-02-24,-0.0014768921597135831
2016-02-25,0.00036977323606413037
2016-02-26,0.0009010259973598611
2016-02-29,-5.627833071841781e-05
2016-03-01,0.0009698499471402222
2016-03-02,-0.0005591751693081459
2016-03-03,0.00032447602083385263
2016-03-04,0.0026529794460330436
2016-03-07,-0.0018383905960553948
2016-03-08,-0.0011393947103205404
2016-03-09,0.0009712915871056271
2016-03-10,0.0010918002725339715
2016-03-11,0.001324095222057009
2016-03-14,-0.0007580291767447234
2016-03-15,-0.00010470213225854952
2016-03-16,-0.0008824997943944757
2016-03-17,-0.0004474780747821816
2016-03-18,0.00043279568438947535
2016-03-21,-0.0003039295367983641
2016-03-22,-0.000495120401647009
2016-03-23,0.00014603789467160233
2016-03-24,-0.0011517313763734771
2016-03-28,3.315157553140935e-06
2016-03-29,-0.0008320800310035459
2016-03-30,0.0005584178924027405
2016-03-31,-0.00041414029434971855
2016-04-01,-0.00101183666972815
2016-04-04,0.0004891939373483645
2016-04-05,-0.0008636218200067658
2016-04-06,-0.0009768799585975207
2016-04-07,-0.0009344741419838876
2016-04-08,0.0007811482337651832
2016-04-11,0.0006443572107626139
2016-04-12,0.0002617883387163733
2016-04-13,0.0004588186649323589
2016-04-14,-0.000365779119758991
2016-04-15,-4.4036874531472314e-05
2016-04-18,4.488018726922505e-05
2016-04-19,0.00038732855067080685
2016-04-20,-0.00014129918370042738
2016-04-21,8.833945038388968e-05
2016-04-22,0.00015329125989560488
2016-04-25,-0.00036311326949434175
2016-04-26,0.00047254847252142795
2016-04-27,-0.0004578278517266554
2016-04-28,-0.0003154426791873721
2016-04-29,-0.00032807738826123867
2016-05-02,0.0008459629884589592
2016-05-03,-0.0010830882588793722
2016-05-04,-0.0010156720710070566
2016-05-05,0.0010247523316675444
2016-05-06,0.0013462142828983836
2016-05-09,-0.0001636037839347626
2016-05-10,0.00048359672152398225
2016-05-11,-2.8432041316972523e-05
2016-05-12,0.0003270965976247542
2016-05-13,0.003568814587300073
2016-05-16,-1.4222567642940831e-05
2016-05-17,-0.0003919575230199035
2016-05-18,-0.0006374675743128222
2016-05-19,-0.0005998166801836069
2016-05-20,0.0006822524560001764
2016-05-23,0.0004133655081961507
2016-05-24,0.0003102154572798277
2016-05-25,0.0002713980699906582
2016-05-26,0.00012186101819855466
2016-05-27,-0.00018468367680457565
2016-05-31,0.0005719185883876765
2016-06-01,-0.0008063251303791485
2016-06-02,-0.00012139713347925074
2016-06-03,-0.0012239734249285261
2016-06-06,0.0004969716832399218
2016-06-07,0.0011830545354225563
2016-06-08,0.00029963844922220595
2016-06-09,-0.000846954946812084
2016-06-10,-0.001448748298646385
2016-06-13,-9.829901245728134e-05
2016-06-14,-0.0004271286576287281
2016-06-15,0.0008860975247422243
2016-06-16,0.00011518111323471913
2016-06-17,-1.573131905829861e-05
2016-06-20,0.0022031763633076906
2016-06-21,0.0002489836166785775
2016-06-22,0.0001458409634065294
2016-06-23,0.002024313743018924
2016-06-24,-0.005800695533295319
2016-06-27,-0.0006109662599738108
2016-06-28,0.0032763040614367522
2016-06-29,0.0021927726275168258
2016-06-30,0.00029785778912705396
2016-07-01,-0.0008699557480612574
2016-07-05,-0.0007127383828734457
2016-07-06,-0.0009700897889519666
2016-07-07,0.0004990012299042057
2016-07-08,-0.0006124050675027082
2016-07-11,0.000851757541474818
2016-07-12,0.0006612011812976437
2016-07-13,0.00018597320108360016
2016-07-14,0.0008726571614730005
2016-07-15,-0.00018569942098289882
2016-07-18,0.0010793183411241802
2016-07-19,-0.00022610721879001705
2016-07-20,0.0008518324842854419
2016-07-21,-6.185052014995307e-07
2016-07-22,0.003952317795618665
2016-07-25,0.0008835718495543432
2016-07-26,0.0008853365439964733
2016-07-27,0.00014999481734068176
2016-07-28,-0.00034445123488968665
2016-07-29,0.0004039221525247161
2016-08-01,0.000480803902949134
2016-08-02,-0.00032230851519254866
2016-08-03,-0.000611736283484654
2016-08-04,0.0006988973723272007
2016-08-05,0.0011110616348357638
2016-08-08,0.0010542956383445823
2016-08-09,0.0007260484629303399
2016-08-10,-0.0010460224903613424
2016-08-11,0.0004570468794251603
2016-08-12,0.0015105005389026704
2016-08-15,0.0006601403339754341
2016-08-16,-0.00015742103873694901
2016-08-17,-0.00014882160016638224
2016-08-18,0.0006873902225219553
2016-08-19,0.0027380015455655826
2016-08-22,0.0009398590101374893
2016-08-23,0.0010016180507199657
2016-08-24,0.00012673262676465846
2016-08-25,0.0002188816172332686
2016-08-26,0.00034990395093648097
2016-08-29,0.0003216175813607336
2016-08-30,0.00021717674131171982
2016-08-31,9.479067897055771e-05
2016-09-01,-0.0009250754278347095
2016-09-02,0.0014609108765313294
2016-09-06,0.0005846758049736778
2016-09-07,-0.001117698308314874
2016-09-08,-0.0010506812186964476
2016-09-09,-0.0006481586110524962
2016-09-12,-0.0013425383268580449
2016-09-13,-0.0006983652808837393
2016-09-14,0.0004300896016926625
2016-09-15,0.0002963767503090242
2016-09-16,0.002643590714302091
2016-09-19,0.001109679626011273
2016-09-20,0.0010388879999678746
2016-09-21,0.000988986069760056
2016-09-22,0.0010255995682850738
2016-09-23,-0.0005819109971901826
2016-09-26,-0.0007343196323738033
2016-09-27,0.0009556607077461088
2016-09-28,0.0005401405828131534
2016-09-29,-0.00014807882084977297
2016-09-30,0.0007916139476256134
2016-10-03,0.0006338186793766187
2016-10-04,0.0008188700752358447
2016-10-05,-0.00019966916690450365
2016-10-06,-0.0008726378406243018
2016-10-07,1.3421998636076182e-05
2016-10-10,0.0007867181673641976
2016-10-11,-0.0005337769397822933
2016-10-12,0.0006709109810392189
2016-10-13,-0.0015462284257470316
2016-10-14,0.0032130114254516062
2016-10-17,0.0006683027643843431
2016-10-18,0.0014468511641010373
2016-10-19,-0.0012459538946916204
2016-10-20,0.0002788305312821926
2016-10-21,-0.002914973377557195
2016-10-24,0.0007969297309222689
2016-10-25,-0.0005409017597948207
2016-10-26,-0.0012719525978466262
2016-10-27,0.0013828656168639597
2016-10-28,0.0002659603249666187
2016-10-31,0.0010275213743184963
2016-11-01,0.0006621251925971183
2016-11-02,-9.153768258474138e-05
2016-11-03,0.0002302485714376079
2016-11-04,-0.0006367976416056242
2016-11-07,0.003043205437780916
2016-11-08,-0.0005949895606566225
2016-11-09,-0.0034538932753430673
2016-11-10,0.00047819968806650515
2016-11-11,0.008354456720172099
2016-11-14,0.0
2016-11-15,0.0
2016-11-16,0.0
2016-11-17,0.0
2016-11-18,0.0
2016-11-21,0.0012670144323767563
2016-11-22,0.0008342918802306531
2016-11-23,4.438895725877856e-06
2016-11-25,0.00024173699357743494
2016-11-28,-0.00022392961364581243
2016-11-29,0.000518606594839488
2016-11-30,0.0007843482119447298
2016-12-01,0.00031045095016279944
2016-12-02,-0.0006437971917179208
2016-12-05,0.001681657976155826
2016-12-06,0.001249724257868845
2016-12-07,0.0013587292910315352
2016-12-08,0.0018391388250014185
2016-12-09,0.0005281118852096256
2016-12-12,-0.00089658397818837
2016-12-13,0.0006402128145659436
2016-12-14,-0.00018832409666835748
2016-12-15,0.0007406943075451977
2016-12-16,0.0010771541764844628
2016-12-19,0.0005247011186164663
2016-12-20,0.0024515835139933273
2016-12-21,0.0006323697185126598
2016-12-22,0.004853064480108138
2016-12-23,-0.001322735415802745
2016-12-27,0.0010735724495931631
2016-12-28,0.001437498896388334
2016-12-29,-0.0026327577991366313
2016-12-30,0.00043253767881812344
2017-01-03,-0.0002809406226209621
2017-01-04,0.0007240934981769254
2017-01-05,0.00010944303207338635
2017-01-06,0.0007898114652664656
2017-01-09,0.0001313730741343555
2017-01-10,0.0003861952734973695
2017-01-11,-0.00010487046957963209
2017-01-12,-0.0014997299317048851
2017-01-13,8.888798062089975e-05
2017-01-17,-0.001973081338788818
2017-01-18,-0.001396978548485861
2017-01-19,-0.0011049604823600845
2017-01-20,0.0010100492814308915
2017-01-23,-0.0003227842561858152
2017-01-24,0.0008874425619675996
2017-01-25,0.0024132178864877396
2017-01-26,0.00039192667122023295
2017-01-27,0.00037014107716260014
2017-01-30,-0.0006482980856908904
2017-01-31,-0.0007059062807857064
2017-02-01,0.0027019934567518167
2017-02-02,-0.0007408428497405195
2017-02-03,0.00042913885660467166
2017-02-06,0.00041207823862343673
2017-02-07,0.001847552837456412
2017-02-08,-0.0009185618407158147
2017-02-09,0.001416923526631475
2017-02-10,0.002574153581344829
2017-02-13,0.00026538999964831334
2017-02-14,-0.001064029541580247
2017-02-15,-0.00019412581514832716
2017-02-16,2.3932501323598032e-05
2017-02-17,-0.0006155675568308983
2017-02-21,0.001468615680381813
2017-02-22,0.001029159183312034
2017-02-23,-0.0015942948289936476
2017-02-24,-0.002729162576009081
2017-02-27,0.0008043476609718159
2017-02-28,0.000746622253403384
2017-03-01,0.0033524663338635463
2017-03-02,-0.0005668163524580327
2017-03-03,-0.00032190558417788395
2017-03-06,-0.0006934545916599255
2017-03-07,-0.00012263518422628295
2017-03-08,0.0012221175257636219
2017-03-09,0.00016952813358095398
2017-03-10,0.0009984914884424434
2017-03-13,0.0018555709071059745
2017-03-14,-0.0006496521457606264
2017-03-15,-0.0005934376328481372
2017-03-16,-0.00021932517826506182
2017-03-17,-7.852162725108247e-05
2017-03-20,0.0009748197193253372
2017-03-21,-0.00010260331956712943
2017-03-22,-0.00016304414891665786
2017-03-23,-4.7627863988486396e-05
2017-03-24,0.005771594168851646
2017-03-27,0.0
2017-03-28,0.0
2017-03-29,0.0
2017-03-30,0.0
2017-03-31,0.0
2017-04-03,0.00018410884507602532
2017-04-04,-0.002562038497385566
2017-04-05,9.248933856009778e-05
2017-04-06,-0.0017659227173778547
2017-04-07,4.033002004377728e-05
2017-04-10,-7.449953976912393e-05
2017-04-11,-0.0008176120102248996
2017-04-12,-0.00011714083699232436
2017-04-13,-0.0012078186480701802
2017-04-17,0.0010279494354539231
2017-04-18,-0.0008007615109344446
2017-04-19,0.0010174187174991633
2017-04-20,0.0008865066929071297
2017-04-21,-0.00017306244217474287
2017-04-24,0.0015780664761668728
2017-04-25,0.0006687943703607147
2017-04-26,-0.0005213157228286525
2017-04-27,0.0006403335885722949
2017-04-28,0.0006738970930963983
2017-05-01,0.0007064508498277888
2017-05-02,-0.005143759253207869
2017-05-03,-0.0003145074086076116
2017-05-04,0.0005420868570427118
2017-05-05,-4.139308985084966e-05
2017-05-08,-0.0005235673247362405
2017-05-09,0.00013916873537156427
2017-05-10,0.004903149831959608
2017-05-11,-0.000688251858572464
2017-05-12,0.000523458639085872
2017-05-15,0.0010878138106509283
2017-05-16,0.0013617396250744651
2017-05-17,-0.004020493475888731
2017-05-18,2.5709769780890568e-05
2017-05-19,0.002023178899514644
2017-05-22,0.0011603964366169173
2017-05-23,4.5573754758887475e-06
2017-05-24,0.001711332506388219
2017-05-25,0.000981788311400944
2017-05-26,-0.0006745952662774446
2017-05-30,0.0005019920485116458
2017-05-31,0.001302577080634304
2017-06-01,0.00031353538185285856
2017-06-02,-2.187984193824377e-06
2017-06-05,-0.0004158264589523286
2017-06-06,-0.0002781306502537273
2017-06-07,0.0004918780020293223
2017-06-08,0.001698996769243788
2017-06-09,0.0014206279298654145
2017-06-12,-0.0015877413055085388
2017-06-13,0.001142670276618185
2017-06-14,0.00039556823765130034
2017-06-15,-0.0022239068900816727
2017-06-16,0.0001336197238226422
2017-06-19,0.0017856361566188639
2017-06-20,0.0005931029171608593
2017-06-21,0.0002789881914866399
2017-06-22,0.00014809730701625945
2017-06-23,-0.00048187781292308163
2017-06-26,0.0011759489081240027
2017-06-27,-0.0004525974312533654
2017-06-28,0.001641257499840565
2017-06-29,-0.0005237872435130964
2017-06-30,0.0010912052888221169
2017-07-03,0.0008010439188625984
2017-07-05,0.001359627814186748
2017-07-06,-0.0014195967389925013
2017-07-07,0.0008002799574042818
2017-07-10,0.0007615134466516515
2017-07-11,8.885459524066164e-05
2017-07-12,0.001471917681025614
2017-07-13,0.0003946543450825679
2017-07-14,0.0001851789630586964
2017-07-17,0.00041504216090215706
2017-07-18,-0.000736504279159389
2017-07-19,0.00037774141196256217
2017-07-20,0.0004798550096589693
2017-07-21,-0.00016184548362319084
2017-07-24,-0.000146449312145025
2017-07-25,-0.0012708951458476614
2017-07-26,0.0006168360585085964
2017-07-27,0.001098898593598241
2017-07-28,-0.0008154540281334333
2017-07-31,0.0008714092043824451
2017-08-01,0.00015565683379703543
2017-08-02,0.000831447314314282
2017-08-03,-0.0003354178652296147
2017-08-04,0.00018723583900248641
2017-08-07,0.0008711446673561607
2017-08-08,0.00043041282283029503
2017-08-09,-0.0013369454532167202
2017-08-10,-0.0006254216576134786
2017-08-11,-0.0016940550101866014
2017-08-14,0.0022934873599451677
2017-08-15,0.0007141905399543624
2017-08-16,0.0007754533059702862
2017-08-17,-0.0006738387628743014
2017-08-18,0.0010792041284513054
2017-08-21,0.000476423086313682
2017-08-22,0.0009076503471097119
2017-08-23,-0.0008898374016673705
2017-08-24,0.0009397759601752487
2017-08-25,0.0003292399268328694
2017-08-28,0.0005305365788819127
2017-08-29,-0.0015510309939416045
2017-08-30,0.0002981593325122045
2017-08-31,0.0006957280201396188
2017-09-01,0.00042108560838505227
2017-09-05,-0.0008030386967778913
2017-09-06,0.0005070472731472098
2017-09-07,0.0004336291896875899
2017-09-08,-0.00025488602308221253
2017-09-11,0.001207252147565896
2017-09-12,0.0005922019642732312
2017-09-13,0.00018418487353155655
2017-09-14,-0.0006011148535585153
2017-09-15,0.0007522800757375769
2017-09-18,0.001681969654721005
2017-09-19,-0.0002499554651600455
2017-09-20,0.00015668030395765697
2017-09-21,-0.0007677981423336311
2017-09-22,-0.00048707092062960644
2017-09-25,-0.00040192472636457754
2017-09-26,0.0018455827235217548
2017-09-27,0.0038817612347301633
2017-09-28,-3.9968881553109625e-05
2017-09-29,0.000864188868422211
2017-10-02,0.0006091615842793718
2017-10-03,8.046996668920059e-05
2017-10-04,-0.0003064171422135775
2017-10-05,0.00043080390176108985
2017-10-06,-0.0005643796658483247
2017-10-09,0.00034768253592831755
2017-10-10,0.0017541475196767298
2017-10-11,-0.0009094291058341364
2017-10-12,-0.000308523066777866
2017-10-13,0.0008999108280500767
2017-10-16,0.0007968367169071122
2017-10-17,5.045718016205569e-05
2017-10-18,0.0010301587537226986
2017-10-19,-0.0012540259642108698
2017-10-20,0.0009252163825981263
2017-10-23,0.0005726305163409329
2017-10-24,0.00033290866867341506
2017-10-25,-0.0005066953471792868
2017-10-26,0.0005490229707942884
2017-10-27,0.0005566783847352763
2017-10-30,-0.00027844183315939297
2017-10-31,0.000871999316791161
2017-11-01,0.0010676539201486257
2017-11-02,-0.00040378380086258936
2017-11-03,0.0005862585901661443
2017-11-06,-5.05964667482095e-05
2017-11-07,0.00038465811477572665
2017-11-08,-0.00010204243739220242
2017-11-09,-0.0012109155500511504
2017-11-10,0.0013856997117069891
2017-11-13,-0.000656842885788933
2017-11-14,-3.136992422780871e-05
2017-11-15,-0.0005710963788215784
2017-11-16,0.0008498598199626617
2017-11-17,0.0011900663964512503
2017-11-20,0.0005471222061961267
2017-11-21,0.0010656819672105744
2017-11-22,0.0005141973168272251
2017-11-24,0.0003627751233259424
2017-11-27,-0.0017399916364673196
2017-11-28,0.00041791854532724493
2017-11-29,-0.0006383137050764986
2017-11-30,0.0012586182138247803
2017-12-01,-0.0011466905828799723
2017-12-04,0.0004931977431221757
2017-12-05,-0.0014054353113320817
2017-12-06,-0.0008185394233397592
2017-12-07,0.001002571746128167
2017-12-08,0.0014511702166353224
2017-12-11,0.00028205240579914914
2017-12-12,-0.00047315431915972983
2017-12-13,0.0007797141857293077
2017-12-14,0.0003254945515052121
2017-12-15,0.0006119265924859896
2017-12-18,0.0013224019900655026
2017-12-19,0.0002542777788361317
2017-12-20,0.002333365249750141
2017-12-21,-3.6095356824472624e-05
2017-12-22,-0.0005261202841539969
2017-12-26,-0.0013395562668310212
2017-12-27,-0.00012255849765263616
2017-12-28,0.0005958256091440628
2017-12-29,7.424576088599366e-05
2018-01-02,0.0010008704330672913
2018-01-03,0.0013975981259251036
2018-01-04,0.0013761302059982494
2018-01-05,-0.0002488553928078341
2018-01-08,-0.0004664064693287173
2018-01-09,8.40068325109744e-05
2018-01-10,-0.0013285545304408952
2018-01-11,0.000492288406090502
2018-01-12,8.325987626189857e-05
2018-01-16,0.0008218597722959853
2018-01-17,0.0005500252334724731
2018-01-18,-0.00032251337338662367
2018-01-19,0.00021787704166209565
2018-01-22,-0.00024238229874762318
2018-01-23,0.0004098254084912156
2018-01-24,9.24796772858727e-05
2018-01-25,0.0011360654996708242
2018-01-26,0.0005533319853159302
2018-01-29,-0.000444850707367217
2018-01-30,-0.0019599604555080585
2018-01-31,0.0021287946647170486
2018-02-01,-0.0005954177918809922
2018-02-02,-0.0010167986349313152
2018-02-05,-0.0015271680299229207
2018-02-06,-0.0010487325901145095
2018-02-07,0.0009027068812978989
2018-02-08,-0.0008521887240390269
2018-02-09,0.0018889261201131546
2018-02-12,0.0009353019975388843
2018-02-13,-0.0005600277961811395
2018-02-14,-0.0005758173353161977
2018-02-15,0.0008113881690086089
2018-02-16,-0.0002926392322388782
2018-02-20,-0.00041149731129319633
2018-02-21,-0.0005166853804052796
2018-02-22,0.0003134496693464328
2018-02-23,0.0012644329176356717
2018-02-26,0.0006366769812311546
2018-02-27,-0.0003246664229865637
2018-02-28,0.0006084429276893566
2018-03-01,-0.0001847863373135583
2018-03-02,-0.0018162674440613813
2018-03-05,-0.00034467116170566747
2018-03-06,0.0015763534898345366
2018-03-07,-0.0010405125240013913
2018-03-08,0.0009413263478394995
2018-03-09,0.00027169291433448706
2018-03-12,0.0012317328545901063
2018-03-13,0.0018947750259219465
2018-03-14,0.00042134443953600886
2018-03-15,-0.0005128790874747713
2018-03-16,0.0008294164812865379
2018-03-19,-0.0006088733491836917
2018-03-20,-1.2646839378516184e-05
2018-03-21,-0.0002850302948959049
2018-03-22,-0.0013731405663395257
2018-03-23,-0.0007138756742945951
2018-03-26,0.002663144794906591
2018-03-27,0.00041099374541397893
2018-03-28,-0.0008863775700190812
2018-03-29,0.0010086648568332635
2018-04-02,-0.0007714736130215449
2018-04-03,0.0011330958063549001
2018-04-04,-0.0028026320295979623
2018-04-05,0.001646036781703275
2018-04-06,-0.001735981935854336
2018-04-09,0.0011659740883194214
2018-04-10,0.0020736459735239965
2018-04-11,0.00035847373152653184
2018-04-12,0.0012329550327678795
2018-04-13,0.0009641137343723294
2018-04-16,0.0009150814220324488
2018-04-17,0.0031639530024043516
2018-04-18,0.00010071643332332236
2018-04-19,-1.897142311413358e-05
2018-04-20,0.00024373927750276358
2018-04-23,0.000883701496625644
2018-04-24,0.0005692424388226147
2018-04-25,-1.4673521062658068e-05
2018-04-26,0.001349172090082451
2018-04-27,0.002940422312540658
2018-04-30,0.000348382699699723
2018-05-01,-0.00020834002738701063
2018-05-02,-0.00021743589210210246
2018-05-03,-0.0002386519749019156
2018-05-04,-0.0005974174456743198
2018-05-07,0.001142726192536081
2018-05-08,3.1267848661364894e-06
2018-05-09,1.7882917909162188e-05
2018-05-10,0.0009975846092209473
2018-05-11,-0.001139052396138318
2018-05-14,0.0013073284112756767
2018-05-15,-0.0001615809579365024
2018-05-16,0.00081132023899122
2018-05-17,-0.0005903033121464896
2018-05-18,-0.0003182078877423944
2018-05-21,0.00267520491491946
2018-05-22,0.0022968587098268767
2018-05-23,-0.0005934739314109594
2018-05-24,0.00013302539409210112
2018-05-25,-0.00020032295899485852
2018-05-29,-0.0002671588015017434
2018-05-30,0.0009203968477673463
2018-05-31,-0.0018904020355279272
2018-06-01,0.0012046516914598904
2018-06-04,-0.0002835391293599665
2018-06-05,0.0006348433967271472
2018-06-06,0.00017353869733049976
2018-06-07,0.0004270665472438928
2018-06-08,-0.000787618621773678
2018-06-11,0.0003324446896162403
2018-06-12,0.0005114991482577658
2018-06-13,0.00043844391948621997
2018-06-14,0.0008728356642193624
2018-06-15,-0.0005913052614826553
2018-06-18,-0.0008649312247199781
2018-06-19,-0.0010040692301342968
2018-06-20,0.0015247373990605606
2018-06-21,0.001758208410260309
2018-06-22,0.00045904270861529817
2018-06-25,-0.0017816472665563854
2018-06-26,0.0016162943931732343
2018-06-27,0.001148127524735365
2018-06-28,0.00019366122838526678
2018-06-29,0.0009288909228957198
2018-07-02,-0.0012058685967286653
2018-07-03,0.0004000862025808072
2018-07-05,0.0007604949813571071
2018-07-06,-0.00010411852775560337
2018-07-09,0.0015727540319769862
2018-07-10,-0.00017892466161550935
2018-07-11,-0.001192206716492561
2018-07-12,0.00018122578052626181
2018-07-13,2.8425262373454885e-05
2018-07-16,0.0007071374875784464
2018-07-17,-0.004604984005378343
2018-07-18,0.00036646412425689334
2018-07-19,-0.0008473218558835427
2018-07-20,0.00017717466347266786
2018-07-23,-0.00025294977660805795
2018-07-24,0.0010297039891895565
2018-07-25,0.0002409944466661429
2018-07-26,0.0013799705194126322
2018-07-27,0.002786676118224918
2018-07-30,0.0006558066868234125
2018-07-31,-0.00031322152862867103
2018-08-01,-1.406674662729479e-05
2018-08-02,-0.0011290677994780784
2018-08-03,0.00019853815760129123
2018-08-06,0.0003814607159826622
2018-08-07,0.0007459900498778538
2018-08-08,-0.00022272548851565155
2018-08-09,-0.0003963479333312092
2018-08-10,0.006957518567827892
2018-08-13,0.0
2018-08-14,0.0
2018-08-15,0.0
2018-08-16,0.0
2018-08-17,0.0
2018-08-20,0.00047642130607772337
2018-08-21,0.0007174328759862458
2018-08-22,9.224002398777742e-05
2018-08-23,0.0002994180252080536
2018-08-24,0.0012619496836978605
2018-08-27,0.002056587581510172
2018-08-28,0.0007665566410210989
2018-08-29,-0.0010373717838926266
2018-08-30,-4.253326559267023e-05
2018-08-31,-0.00030216209131816996
2018-09-04,0.00033331401147718154
2018-09-05,-0.00033121984115958014
2018-09-06,-0.0009163696068438254
2018-09-07,0.0011183456952741366
2018-09-10,0.0006613188960227223
2018-09-11,-0.001471110896404726
2018-09-12,-0.002496216164583398
2018-09-13,0.0012607199680330083
2018-09-14,0.0007448338610966942
2018-09-17,-0.000133970271388395
2018-09-18,0.0005316827035801719
2018-09-19,0.0003230418621125164
2018-09-20,0.0005226046247954752
2018-09-21,-0.0008987447952453209
2018-09-24,-0.0005366387300305142
2018-09-25,0.0002158198411879031
2018-09-26,-0.00047983878633128807
2018-09-27,0.0001161046197588611
2018-09-28,0.0002746274206057997
2018-10-01,0.000646355768800122
2018-10-02,-0.0012026912256292155
2018-10-03,0.0010470344808577448
2018-10-04,-0.0008508085495420037
2018-10-05,0.00013688041494108738
2018-10-08,-0.0013977023358010543
2018-10-09,-0.00013341344856887538
2018-10-10,-0.00027250664318545503
2018-10-11,-0.0010633770854934221
2018-10-12,0.0050860538315460335
2018-10-15,0.0
2018-10-16,0.0
2018-10-17,0.0
2018-10-18,0.0
2018-10-19,0.0
2018-10-22,0.0016283590155206085
2018-10-23,-0.002897254902336166
2018-10-24,-0.00012021387117489013
2018-10-25,-0.0054986309616141815
2018-10-26,-0.004423121609239744
2018-10-29,0.0021234334998636584
2018-10-30,-0.002563424321267327
2018-10-31,0.0031259948621717992
2018-11-01,0.0011748577707169083
2018-11-02,-0.0006282697257560255
2018-11-05,-0.0005032566490983381
2018-11-06,-0.0001607897899922328
2018-11-07,0.0013407332851880227
2018-11-08,-0.0007852433071199316
2018-11-09,-0.0016797503079442055
2018-11-12,-0.0023418835636527247
2018-11-13,0.001116994094008339
2018-11-14,0.0020380843403546844
2018-11-15,-0.0001027443174754783
2018-11-16,-0.007638295908537707
2018-11-19,-0.0007438934029049271
2018-11-20,-0.0054576927237829365
2018-11-21,0.0023381988074866467
2018-11-23,-0.0010470087749313572
2018-11-26,0.002884051695945411
2018-11-27,-0.0008771504838439581
2018-11-28,0.001336140086029225
2018-11-29,-0.0004508805437638541
2018-11-30,-0.00010770698758055808
2018-12-03,-0.0040545474650500735
2018-12-04,0.0009367289641326604
2018-12-06,0.005079985445184398
2018-12-07,0.0028078122478163436
2018-12-10,-0.0002634734402316985
2018-12-11,-0.004596693567725962
2018-12-12,-0.0046001011636225275
2018-12-13,-0.0012524944100267277
2018-12-14,0.0035031974929682352
2018-12-17,0.001454229722246403
2018-12-18,-0.0012036529835754983
2018-12-19,-0.0021360984711507047
2018-12-20,0.0011790681546026693
2018-12-21,-0.0004524418202581648
2018-12-24,0.0009125684562640846
2018-12-26,-0.002916010901203525
2018-12-27,0.0025865877034179086
2018-12-28,-0.0011987931615317082
2018-12-31,-0.0017997177922922658
2019-01-02,0.004328967254355609
2019-01-03,0.001994439228616418
2019-01-04,-0.003406320108891414
2019-01-07,0.0008397013644976248
2019-01-08,-0.002479054722773988
2019-01-09,0.0005656343907507466
2019-01-10,0.002662873578500591
2019-01-11,0.0017829038169661082
2019-01-14,0.0018165784774437643
2019-01-15,-0.0009255732026322017
2019-01-16,-0.00028181083366707327
2019-01-17,0.0006636702655991034
2019-01-18,-0.0014723277579102856
2019-01-22,0.001654931624508249
2019-01-23,-0.0010024740149474631
2019-01-24,0.0011537798842415903
2019-01-25,-0.0020546462215893513
2019-01-28,-0.0022021660497666407
2019-01-29,0.0001703942159203553
2019-01-30,-0.0026098255854046792
2019-01-31,-0.0026412958855696056
2019-02-01,0.002141834135541476
2019-02-04,-0.0002742931075766508
2019-02-05,-7.704801209218459e-05
2019-02-06,-0.00045125899462084007
2019-02-07,0.002355530564833508
2019-02-08,0.002426210495975134
2019-02-11,3.945620337919564e-05
2019-02-12,-0.0011716087048894153
2019-02-13,-0.0018457693792446328
2019-02-14,0.0010946156035398502
2019-02-15,-0.0017180182509216602
2019-02-19,0.001290866142589886
2019-02-20,-0.0004937947991834335
2019-02-21,0.0013043415445121997
2019-02-22,0.0010127209752917032
2019-02-25,-0.0024753554291133684
2019-02-26,0.0010708856228378583
2019-02-27,0.002122027237880131
2019-02-28,0.001199868872497012
2019-03-01,-0.0015956839232207365
2019-03-04,-0.0016411912859928268
2019-03-05,0.0005043899416641295
2019-03-06,0.00027406712990218907
2019-03-07,0.001087161599530928
2019-03-08,0.0028569646408729277
2019-03-11,-0.0003270870848713914
2019-03-12,0.0007784765825107343
2019-03-13,-0.0029565802830954224
2019-03-14,-0.0002680286692714473
2019-03-15,0.0004892813732602086
2019-03-18,0.0007007850084490563
2019-03-19,0.0004668698645158287
2019-03-20,8.185667552673692e-07
2019-03-21,-0.00035391191447786685
2019-03-22,-0.00032972343375481383
2019-03-25,-0.00035026664065529456
2019-03-26,0.0010255455735472818
2019-03-27,-6.631655443511963e-05
2019-03-28,0.0003734271112996179
2019-03-29,0.0011871714046731707
2019-04-01,0.0018423290980689178
2019-04-02,0.0001533351845808273
2019-04-03,0.0006968314110433749
2019-04-04,-4.2186253309095534e-05
2019-04-05,0.0005805490012460446
2019-04-08,-0.0001408141145563535
2019-04-09,-0.0010588268381336308
2019-04-10,0.00012182432412100042
2019-04-11,0.0002581350153818551
2019-04-12,0.0005441913136636778
2019-04-15,-8.589979892181798e-05
2019-04-16,0.0002626577117716966
2019-04-17,0.0004272582351589893
2019-04-18,0.0003506627203562207
2019-04-22,-0.00016355520051070105
2019-04-23,0.0024282796188237477
2019-04-24,0.00023183057672993002
2019-04-25,0.0008576509643807295
2019-04-26,-9.956927016019357e-05
2019-04-29,0.00013881424110584462
2019-04-30,-4.629246594056724e-06
2019-05-01,0.0004722156685339485
2019-05-02,0.00015404466226853764
2019-05-03,0.0002496334539119349
2019-05-06,-0.003700357530696863
2019-05-07,-0.0010651564888256582
2019-05-08,-0.00186708698328375
2019-05-09,-0.0015525981621087315
2019-05-10,-0.00033585241437217306
2019-05-13,-0.00328901058541764
2019-05-14,0.0007637632651789072
2019-05-15,-0.0011444803580705765
2019-05-16,-0.0005379534614445847
2019-05-17,-0.001037079638154248
2019-05-20,-0.0021526694207107955
2019-05-21,0.001485278551596414
2019-05-22,-0.0008114982448605979
2019-05-23,-0.0012729172052490245
2019-05-24,0.0006101545744592318
2019-05-28,0.0011727230848612713
2019-05-29,-0.0005171182418527431
2019-05-30,0.0005232392071636838
2019-05-31,-0.001542636045361201
2019-06-03,0.0015920573522112402
2019-06-04,0.0017647454051163969
2019-06-05,0.0017322162661430607
2019-06-06,0.00011874031236880356
2019-06-07,0.0003648789473642555
2019-06-10,0.0012929735483357963
2019-06-11,0.0024887897844128037
2019-06-12,-0.0013380189622900218
2019-06-13,0.0005169123550392563
2019-06-14,-0.004374616959252231
2019-06-17,-0.00026557825962802983
2019-06-18,0.0012782148807835014
2019-06-19,0.000757981727988355
2019-06-20,0.002198408543388153
2019-06-21,-0.0005225470902708862
2019-06-24,0.000312673203003655
2019-06-25,0.00019176099554951698
2019-06-26,0.004452107338291933
2019-06-27,0.0006967959895431974
2019-06-28,0.00166498188129105
2019-07-01,0.005263826009889172
2019-07-02,0.0
2019-07-03,0.0
2019-07-05,0.0
2019-07-08,0.0
2019-07-09,0.0
2019-07-10,0.0007088472431209247
2019-07-11,0.00047719283606340035
2019-07-12,-0.0003002695566185487
2019-07-15,0.00042992172340450274
2019-07-16,-0.00026110906065901496
2019-07-17,0.00017469829878868914
2019-07-18,-0.0007104536055597688
2019-07-19,0.00047224782839649926
2019-07-22,0.0008898675317543514
2019-07-23,0.0001463665927614599
2019-07-24,0.00010798152852875553
2019-07-25,-0.0010221778387070612
2019-07-26,0.0008801919225014387
2019-07-29,0.00015400092781137076
2019-07-30,-0.0006949521610964959
2019-07-31,-0.001511177512526829
2019-08-01,5.0811460824640164e-05
2019-08-02,-0.00112904682085746
2019-08-05,-0.003375041536190948
2019-08-06,0.002000314977804951
2019-08-07,-0.0012152628352984918
2019-08-08,0.0034647716135762785
2019-08-09,-0.0008103567707594683
2019-08-12,-0.0003364509692732609
2019-08-13,-0.0001922959982427752
2019-08-14,-0.002412510978851423
2019-08-15,0.0007951662076204347
2019-08-16,0.0014374093373972219
2019-08-19,0.001167417131942683
2019-08-20,-0.0007802188627120676
2019-08-21,0.0009980223419057133
2019-08-22,0.00056847677712768
2019-08-23,-0.0008296001674783504
2019-08-26,0.001677188487455794
2019-08-27,0.0008127913699838007
2019-08-28,-0.0008515944067181147
2019-08-29,0.0016288585130279642
2019-08-30,0.0005440570701462644
2019-09-03,-0.0012234955620812338
2019-09-04,0.0012675441214486938
2019-09-05,0.0017533130221039084
2019-09-06,-0.0005152213801196126
2019-09-09,0.0006585363907205544
2019-09-10,-0.000996983538307239
2019-09-11,-0.006709886969538337
2019-09-12,0.0008042316873415611
2019-09-13,-0.00011294224644686768
2019-09-16,-0.0008774817723802286
2019-09-17,0.0004879191208320144
2019-09-18,-0.00018621832140575112
2019-09-19,0.00032393654627194124
2019-09-20,0.00027038582669347555
2019-09-23,-0.00026667923040990527
2019-09-24,0.0008111465209239554
2019-09-25,-0.0003720240650835205
2019-09-26,0.0003566935071743771
2019-09-27,-0.00020552342644630794
2019-09-30,0.0001832240063373014
2019-10-01,0.00022389610031936513
2019-10-02,-0.0007392554909985138
2019-10-03,0.00024685586111483637
2019-10-04,0.0008159957526185924
2019-10-07,-2.0365618970230592e-05
2019-10-08,-0.0012448727641694024
2019-10-09,0.001678151415980489
2019-10-10,0.0005984617811245485
2019-10-11,0.001960804392190596
2019-10-14,-0.0003298192137362044
2019-10-15,0.00042003035122717414
2019-10-16,-0.0011514358832909188
2019-10-17,0.0010434854827863216
2019-10-18,-7.009087379961088e-05
2019-10-21,0.001061018266888425
2019-10-22,1.0273478167954764e-05
2019-10-23,-0.0012157562200060257
2019-10-24,0.0012685451164236028
2019-10-25,-0.0002851223410879067
2019-10-28,0.0010805129752606835
2019-10-29,0.0019311892844326994
2019-10-30,-0.0001063885522142316
2019-10-31,-0.0002872126586371815
2019-11-01,0.0013284258718258002
2019-11-04,0.0008338130853051684
2019-11-05,0.0002423778372515617
2019-11-06,-0.0005066728137166354
2019-11-07,0.0008677598807609321
2019-11-08,-0.0007300773759802981
2019-11-11,-0.0007674392562559973
2019-11-12,0.0007804290359516575
2019-11-13,-0.00013251650476808763
2019-11-14,-0.0002313053446844071
2019-11-15,0.0015902138447729808
2019-11-18,-0.0002451410289280309
2019-11-19,0.0003529831777568937
2019-11-20,-0.00036803897617954107
2019-11-21,-0.00132570545448496
2019-11-22,0.00039352714745688466
2019-11-25,0.0007817703575851986
2019-11-26,2.612036976312737e-05
2019-11-27,0.00049120510380396
2019-11-29,-3.78126054262351e-05
2019-12-02,3.6062753263621516e-05
2019-12-03,-0.002700296685236081
2019-12-04,0.001768880000135864
2019-12-05,0.0006223083503882343
2019-12-06,0.0013463140262777173
2019-12-09,-0.00020267612628088738
2019-12-10,0.0007685251417264283
2019-12-11,0.00022505434523689694
2019-12-12,-0.00021177079582812564
2019-12-13,-4.1618715494795566e-05
2019-12-16,0.0016874439975405053
2019-12-17,0.0009717826264552532
2019-12-18,0.00017450741896340993
2019-12-19,0.0016291011299289782
2019-12-20,0.0010440704131702283
2019-12-23,0.00034756245279488063
2019-12-24,7.836193390997614e-05
2019-12-26,8.696025019516718e-05
2019-12-27,0.00025853841411516143
2019-12-30,-0.00039154161287346945
2019-12-31,-0.00047673836406048054
2020-01-02,0.0014369862898191421
2020-01-03,-0.0017804103022346363
2020-01-06,-0.0013887682563443748
2020-01-07,0.0012173480595674135
2020-01-08,6.476474983996283e-05
2020-01-09,0.0010903108292579233
2020-01-10,0.00017099102662054833
2020-01-13,0.0005817161655579106
2020-01-14,-8.289603148803337e-06
2020-01-15,-0.00023790611850948995
2020-01-16,0.0010139642379325409
2020-01-17,0.0003616066556904052
2020-01-21,-0.00016063487093309625
2020-01-22,0.000811121582301011
2020-01-23,8.227692827733613e-05
2020-01-24,0.0009579481696935233
2020-01-27,-0.0030343371272699704
2020-01-28,0.0012275092824287626
2020-01-29,-0.0009663573848505136
2020-01-30,0.0008814590048125126
2020-01-31,-0.0012108090942519745
2020-02-03,0.00011683273316576148
2020-02-04,0.0056944430086418585
2020-02-05,0.0
2020-02-06,0.0
2020-02-07,0.0
2020-02-10,0.0
2020-02-11,0.0
2020-02-12,0.0007801141057655059
2020-02-13,-0.0012480455871997087
2020-02-14,-0.0002803198574982124
2020-02-18,-6.549902782360117e-05
2020-02-19,0.003501509116940582
2020-02-20,-0.0006005958577669501
2020-02-21,-0.0002555730986090188
2020-02-24,-0.006793734881473945
2020-02-25,0.0024001964028956824
2020-02-26,-0.0001638744650395152
2020-02-27,-0.004470855630858472
2020-02-28,-0.005214076882945284
2020-03-02,0.0037086862310884428
2020-03-03,0.0
2020-03-04,0.0
2020-03-05,0.0
2020-03-06,0.0
2020-03-09,0.0
2020-03-10,0.0
2020-03-11,0.0
2020-03-12,0.0
2020-03-13,0.0
2020-03-16,0.0
2020-03-17,0.0
2020-03-18,0.0
2020-03-19,0.0
2020-03-20,0.0
2020-03-23,0.0
2020-03-24,0.0
2020-03-25,0.0
2020-03-26,0.0
2020-03-27,0.0
2020-03-30,0.0
2020-03-31,0.0
2020-04-01,0.0
2020-04-02,-9.962184871104007e-05
2020-04-03,-0.00033116613950778806
2020-04-06,0.004440761338923682
2020-04-07,0.0033422591609495456
2020-04-08,0.00131171496818272
2020-04-09,0.0017883384423262871
2020-04-13,-0.0012024766724708646
2020-04-14,0.0018844289236930045
2020-04-15,-0.0022894779880442417
2020-04-16,0.0016002784659892022
2020-04-17,0.0017838861949148743
2020-04-20,-0.002013331886804637
2020-04-21,-0.0012404360109380397
2020-04-22,0.003046690812949615
2020-04-23,0.0001522179645994104
2020-04-24,8.145044219931563e-05
2020-04-27,0.001108165083613999
2020-04-28,0.0019102676849822586
2020-04-29,0.0021696387736962475
2020-04-30,-0.0007153984718758499
2020-05-01,-0.0024495437081457627
2020-05-04,0.0
2020-05-05,0.0
2020-05-06,0.0
2020-05-07,0.0
2020-05-08,0.0
2020-05-11,0.0
2020-05-12,0.0
2020-05-13,0.0
2020-05-14,0.0
2020-05-15,0.0
2020-05-18,0.0
2020-05-19,0.0
2020-05-20,0.0
2020-05-21,0.0
2020-05-22,0.0
2020-05-26,0.0
2020-05-27,0.0
2020-05-28,0.0
2020-05-29,0.0
2020-06-01,0.0
2020-06-02,-0.00025464256961960086
2020-06-03,0.00025303161916867545
2020-06-04,2.7381846244400876e-05
2020-06-05,0.0007884283661674374
2020-06-08,0.0011241537213178
2020-06-09,-0.00034887272321248997
2020-06-10,0.0025237451259052524
2020-06-11,-0.0025505826134727405
2020-06-12,0.0027731448903649536
2020-06-15,-0.0015006398637722462
2020-06-16,0.0014021142608329207
2020-06-17,0.000512656856988869
2020-06-18,0.0003553045761937046
2020-06-19,0.0005596034027612884
2020-06-22,0.000347026036015885
2020-06-23,0.0003800122029444797
2020-06-24,-0.00017725137553292747
2020-06-25,0.00028808729136953204
2020-06-26,0.00025795970637165766
2020-06-29,0.0003747033443244341
2020-06-30,0.0008266159666954209
2020-07-01,0.00017556233964532986
2020-07-02,0.0036600807486708575
2020-07-06,0.0033969189400040456
2020-07-07,0.0009257205999975149
2020-07-08,0.0012745457027716345
2020-07-09,0.0016647819363961869
2020-07-10,0.00014597717555120404
2020-07-13,0.0030023578887021785
2020-07-14,0.0011371155866570781
2020-07-15,0.0010232001495686927
2020-07-16,-0.0025565023523963504
2020-07-17,0.0006444656566391149
2020-07-20,0.000766465537691774
2020-07-21,0.0001055552436410867
2020-07-22,0.0007838165585705159
2020-07-23,0.0015070581020031337
2020-07-24,-0.003415133612739263
2020-07-27,0.0007746796544931822
2020-07-28,-0.000974630632920026
2020-07-29,0.00147665955430476
2020-07-30,-0.0007582117246527353
2020-07-31,0.0010619486747565077
2020-08-03,0.0010315722186402532
2020-08-04,0.00012485019535013464
2020-08-05,0.0001229356756788924
2020-08-06,-0.00034323207676234535
2020-08-07,0.0009343242621566716
2020-08-10,0.00023492353933773913
2020-08-11,-0.0008734159854933976
2020-08-12,0.0008352033336096465
2020-08-13,0.0005788111700639753
2020-08-14,0.0004024822432584507
2020-08-17,0.0012914918648760931
2020-08-18,0.0006273202418745072
2020-08-19,0.00016275472769811117
2020-08-20,-0.0008698818222004912
2020-08-21,0.00015004829903819683
2020-08-24,0.001659837211203774
2020-08-25,-0.00041496345479630214
2020-08-26,0.0005616712005658275
2020-08-27,0.00023159657585791749
2020-08-28,0.0009339083617458943
2020-08-31,-9.268198613654466e-05
2020-09-01,0.0006994811563454384
2020-09-02,0.0030957326457146106
2020-09-03,-0.0028590939397484805
2020-09-04,-0.0014378694896648447
2020-09-08,-0.004018007422150527
2020-09-09,0.0028010852571740408
2020-09-10,0.001462282290072725
2020-09-11,0.0011569089572180946
2020-09-14,0.002987757201865282
2020-09-15,0.0012447553594041594
2020-09-16,8.066258018391004e-05
2020-09-17,-0.00223327652064631
2020-09-18,0.0007314218042131504
2020-09-21,-0.0013688985874442672
2020-09-22,0.0005378683336199064
2020-09-23,-0.00029579544965274707
2020-09-24,-0.000605494661454431
2020-09-25,0.00047127176618699806
2020-09-28,0.0011492500090428681
2020-09-29,-0.00023741071816207882
2020-09-30,-0.0003493072247366946
2020-10-01,0.0014189040741614534
2020-10-02,-0.0026818083852196972
2020-10-05,0.001112320415573187
2020-10-06,0.00026039869761018686
2020-10-07,0.0014479359292163263
2020-10-08,0.0010820628942778132
2020-10-09,-0.00010919646346907452
2020-10-12,0.001783240551825882
2020-10-13,0.00033891683160880426
2020-10-14,0.0008466911932474286
2020-10-15,-0.0025794093939776053
2020-10-16,0.001012278085765983
2020-10-19,0.0004080602873717254
2020-10-20,0.0007719597742206208
2020-10-21,0.0004532723137120609
2020-10-22,-0.00020098266945545173
2020-10-23,0.0005471044535296787
2020-10-26,-0.0009352999071616797
2020-10-27,0.0007954232195479527
2020-10-28,-0.0018390125438368932
2020-10-29,0.0011642393346651403
2020-10-30,-0.0011569291228304968
2020-11-02,0.0009243220563859289
2020-11-03,0.0007495420930836438
2020-11-04,0.002890177071055877
2020-11-05,0.0066188064955099435
2020-11-06,0.0
2020-11-09,0.0
2020-11-10,0.0
2020-11-11,0.0
2020-11-12,0.0
2020-11-13,0.001269260535716299
2020-11-16,-0.00041592457676042915
2020-11-17,0.0003286829326041296
2020-11-18,0.00029049886705379
2020-11-19,-0.0004169850789517149
2020-11-20,0.0002326247067945264
2020-11-23,-0.00025085973497351866
2020-11-24,4.2201516717632614e-05
2020-11-25,0.00033724980832339213
2020-11-27,0.000588311546557696
2020-11-30,0.0004767934768350468
2020-12-01,0.0005663426152586748
2020-12-02,-0.0006438582849653818
2020-12-03,0.0004831438365902052
2020-12-04,0.00039291025870213936
2020-12-07,0.0005633989839137765
2020-12-08,-0.00021728720928482215
2020-12-09,-0.0003406645455185098
2020-12-10,-0.0007502064096331917
2020-12-11,-0.001421081859719009
2020-12-14,0.0007637787992573752
2020-12-15,0.00041933413688943766
2020-12-16,0.00018795470120291924
2020-12-17,0.0006056997223569116
2020-12-18,0.0004813347364454046
2020-12-21,-0.0013259437769463922
2020-12-22,0.00019050753106686358
2020-12-23,0.00048325707496399417
2020-12-24,0.0005198527624346028
2020-12-28,0.0010691656489498769
2020-12-29,0.0006227995125429597
2020-12-30,0.00044562663662950364
2020-12-31,0.0003357215395276558
2021-01-04,0.0005502840041844426
2021-01-05,-0.0003410345696934769
2021-01-06,-0.0006786022493093791
2021-01-07,0.0011809626753365166
2021-01-08,0.0017180116144159818
2021-01-11,-0.001279391106469574
2021-01-12,0.000800920108397607
2021-01-13,-5.5485604169236424e-05
2021-01-14,0.0005107777018500403
2021-01-15,0.001509875634445601
2021-01-19,0.0024718697309067394
2021-01-20,0.001369757502001745
2021-01-21,0.0008100201343548274
2021-01-22,-0.0005730604927588479
2021-01-25,0.0022357840955895547
2021-01-26,-0.0006613991582800072
2021-01-27,-0.003516243777938244
2021-01-28,0.0019797366199136857
2021-01-29,0.0016390140843907108
2021-02-01,0.0019193132423458437
2021-02-02,0.00143825804502562
2021-02-03,0.0009456934030265263
2021-02-04,-0.0016334694555930618
2021-02-05,0.0008219662150830143
2021-02-08,0.0010742049400944698
2021-02-09,-0.00029302127420949287
2021-02-10,0.001023544353849104
2021-02-11,0.0006827929222286144
2021-02-12,0.00011256874006959627
2021-02-16,0.0009270215090735334
2021-02-17,-0.000929103682471788
2021-02-18,-0.0012342347611493665
2021-02-19,0.0005763316971287846
2021-02-22,-0.001147723063039452
2021-02-23,-0.0024764092312479224
2021-02-24,-0.00044707023073853325
2021-02-25,-0.0007456163013638273
2021-02-26,0.0012318103765178723
2021-03-01,0.002428176946192462
2021-03-02,-0.00040177336478397496
2021-03-03,0.0002816603388593464
2021-03-04,-0.00030999445198165443
2021-03-05,0.0027784828172843223
2021-03-08,-0.0001839268156932361
2021-03-09,0.0034586922029717915
2021-03-10,0.000951401060620638
2021-03-11,0.0028360745732760595
2021-03-12,-0.0019416449467704044
2021-03-15,0.0003066284372019723
2021-03-16,0.0013422371077209672
2021-03-17,-0.0011098321403637534
2021-03-18,-0.0014855077000982542
2021-03-19,0.0003160577480887383
2021-03-22,0.0015194486961638276
2021-03-23,-7.03441298336438e-05
2021-03-24,0.0024468648744051524
2021-03-25,-0.0020566625808644545
2021-03-26,0.0002055373660794224
2021-03-29,-0.0008484376045292397
2021-03-30,-0.00036689915659349204
2021-03-31,0.001535797655755733
2021-04-01,0.002946257774067096
2021-04-05,0.0015514632759241476
2021-04-06,1.1333860923112837e-05
2021-04-07,0.0003346145169476067
2021-04-08,0.0008563259949376789
2021-04-09,-0.0008777475398966672
2021-04-12,-0.0006103816595603995
2021-04-13,0.0006414144442243863
2021-04-14,-0.0005431251777200385
2021-04-15,0.0009578309270918961
2021-04-16,-0.00013793169920484072
2021-04-19,-0.0001896997635250086
2021-04-20,-0.0004523192331876702
2021-04-21,0.00011214496593159318
2021-04-22,-0.00013136529071600123
2021-04-23,0.0008479314780853731
2021-04-26,0.0002915520245714287
2021-04-27,0.0006868637977268666
2021-04-28,-0.0007216609790061668
2021-04-29,0.0013317067865290522
2021-04-30,-0.0016538055810565444
2021-05-03,5.79728941558777e-05
2021-05-04,-0.001826928187880661
2021-05-05,0.0017589370972213025
2021-05-06,-0.0003797849072958437
2021-05-07,0.0008891775384034517
2021-05-10,-0.0010583881205333823
2021-05-11,-0.0024223731763319822
2021-05-12,-0.0025059138952109317
2021-05-13,0.0025840607836578044
2021-05-14,0.0013292222974345957
2021-05-17,-0.0019222693363910581
2021-05-18,0.0009501642509950337
2021-05-19,-0.002631431253711569
2021-05-20,0.0007981705586035392
2021-05-21,-0.0003748009025804633
2021-05-24,0.001217976626694428
2021-05-25,0.0011927295134228633
2021-05-26,-4.999850873654843e-06
2021-05-27,-0.0005397809379923402
2021-05-28,0.0007636362497034366
2021-06-01,0.0008361240335728048
2021-06-02,-0.00021807222857783692
2021-06-03,-0.0011389798477572377
2021-06-04,0.0006872726402715745
2021-06-07,-0.00011620374729104377
2021-06-08,0.0008282123342104875
2021-06-09,0.00042989630835443826
2021-06-10,0.00037481278455242517
2021-06-11,0.00020179952366961018
2021-06-14,0.00019461672542742114
2021-06-15,-0.00028701506309947167
2021-06-16,0.00040812202643825124
2021-06-17,-0.00025663659028551944
2021-06-18,-0.0013223503162315131
2021-06-21,0.000285424591411676
2021-06-22,-0.00020239215784323417
2021-06-23,-2.7420402489819473e-05
2021-06-24,0.0007568256464798306
2021-06-25,0.0003604887316439598
2021-06-28,0.0010356852478381473
2021-06-29,-0.00018365747918003272
2021-06-30,-4.618330207140087e-05
2021-07-01,-7.473850390726788e-05
2021-07-02,0.0009114633516296156
2021-07-06,0.00022789828417568714
2021-07-07,0.000858913529178551
2021-07-08,-0.0018568544373493978
2021-07-09,0.0002885362842284245
2021-07-12,0.0007317143879626009
2021-07-13,-0.00038267793802304606
2021-07-14,0.0010850259444785681
2021-07-15,-0.0011512138497922209
2021-07-16,0.0004064987931047259
2021-07-19,-0.001540423554467485
2021-07-20,0.00040987450424689875
2021-07-21,0.00018927263945389683
2021-07-22,-0.0006881543307977189
2021-07-23,0.000616936596112394
2021-07-26,-4.855887941801473e-05
2021-07-27,-0.0006423793742200701
2021-07-28,0.0003997640645627687
2021-07-29,-0.0010046651192670009
2021-07-30,-0.0008678273639478595
2021-08-02,0.0011395975559518323
2021-08-03,0.00012294771567011864
2021-08-04,0.0008555978758519878
2021-08-05,0.0008006067455292865
2021-08-06,-0.0006236132850161447
2021-08-09,0.0005214202741579133
2021-08-10,0.00046048042384572163
2021-08-11,0.00030880141326239396
2021-08-12,-0.00036171754365965647
2021-08-13,-8.737064933850291e-05
2021-08-16,-0.0002159398910889232
2021-08-17,-0.0009232970105685911
2021-08-18,5.135155779156797e-05
2021-08-19,3.4845161585472795e-05
2021-08-20,0.0006593042621854117
2021-08-23,0.0006967414670355776
2021-08-24,-0.0003835943207078918
2021-08-25,9.898020723109191e-05
2021-08-26,-1.1535673919538247e-05
2021-08-27,0.0003712779346218831
2021-08-30,0.0006896372491707048
2021-08-31,0.0002323668486690078
2021-09-01,0.0004325388538368724
2021-09-02,0.00044789642961906573
2021-09-03,-0.0005164580611889402
2021-09-07,0.00024435242240228305
2021-09-08,-0.0003689421433133999
2021-09-09,-6.925110657596267e-05
2021-09-10,0.0009612468247297556
2021-09-13,0.0007305979926426343
2021-09-14,0.0009918307626486378
2021-09-15,0.00013607827656336724
2021-09-16,-0.0006347028487458939
2021-09-17,-0.000306124143684805
2021-09-20,-0.0020803183789498414
2021-09-21,0.00129900278412598
2021-09-22,0.0003349282954734356
2021-09-23,0.0008298314222323633
2021-09-24,-0.00108972155263809
2021-09-27,-0.0015403375208434822
2021-09-28,-0.002268124669343452
2021-09-29,0.0007002261071145099
2021-09-30,0.0006101519396324306
2021-10-01,0.00013192701595365897
2021-10-04,-0.001063634206687536
2021-10-05,0.0009754877282064367
2021-10-06,-0.0012043306795167519
2021-10-07,0.0010217589075640632
2021-10-08,0.00015495053541147996
2021-10-11,-0.0006585900371846032
2021-10-12,0.0006411457893849004
2021-10-13,0.0009343192698838543
2021-10-14,0.0013428803716528659
2021-10-15,0.0002493886054515393
2021-10-18,-0.00010026341267554972
2021-10-19,0.00042678638293836
2021-10-20,0.0002719358600888899
2021-10-21,-7.4172013186935e-07
2021-10-22,0.0003281160358308277
2021-10-25,0.000500159822798274
2021-10-26,0.001314461253097976
2021-10-27,-0.0001116855811977846
2021-10-28,0.0004981420131704439
2021-10-29,-0.00020611192544228718
2021-11-01,0.0002039794315269461
2021-11-02,0.0001311776545285248
2021-11-03,0.0005803058345419387
2021-11-04,0.0007239545509478695
2021-11-05,0.0006487660170535481
2021-11-08,0.0007247065183102475
2021-11-09,0.0016346774649358409
2021-11-10,-0.0015899283471638714
2021-11-11,0.0016126191163219339
2021-11-12,9.157163532869106e-05
2021-11-15,0.000509212573368556
2021-11-16,-0.0002469543965168963
2021-11-17,2.653375608718811e-05
2021-11-18,0.0032087296656426734
2021-11-19,0.0047631634396236855
2021-11-22,0.0
2021-11-23,0.0
2021-11-24,0.0
2021-11-26,0.0
2021-11-29,0.0
2021-11-30,-0.001174842602173043
2021-12-01,0.0030236490721500253
2021-12-02,-0.0011520534314715114
2021-12-03,0.0009232941471000178
2021-12-06,-0.0012828458300295775
2021-12-07,0.0025520513995997973
2021-12-08,-0.0006861713631608479
2021-12-09,-0.00015127075991094863
2021-12-10,0.001738588607838265
2021-12-13,0.000126636602516772
2021-12-14,-0.0013250451478405978
2021-12-15,0.00022965296241461708
2021-12-16,0.0007956775413067163
2021-12-17,-0.0011481884307834589
2021-12-20,-0.0014535621182950598
2021-12-21,0.0017793574041407023
2021-12-22,-0.0006473851006869591
2021-12-23,0.0005181075225697551
2021-12-27,0.0004423682831096176
2021-12-28,0.0006511261436186189
2021-12-29,-8.785736259675492e-05
2021-12-30,-0.00034444346836615125
2021-12-31,0.00034324680251995865
2022-01-03,0.0008649337719532912
2022-01-04,0.0005549762096150879
2022-01-05,-0.0012373501361007122
2022-01-06,-0.0004064964744745492
2022-01-07,4.707230455691658e-05
2022-01-10,-0.002003018908898202
2022-01-11,-0.0004460592507256056
2022-01-12,0.0007876332311562706
2022-01-13,0.0011202657470410493
2022-01-14,-0.0009242943663427816
2022-01-18,-0.0024980833645417144
2022-01-19,0.0005993197828930708
2022-01-20,0.000621750977413793
2022-01-21,-0.0012420481997869048
2022-01-24,-0.002611859867294064
2022-01-25,-0.002990766119306043
2022-01-26,0.00382596801577062
2022-01-27,0.001989896169029226
2022-01-28,-0.00019813074214125592
2022-01-31,0.001279564239321962
2022-02-01,0.001176505273655648
2022-02-02,0.0016504263681029752
2022-02-03,-0.0026286536290104356
2022-02-04,0.0003245237959386138
2022-02-07,0.001261670706180107
2022-02-08,-0.0005261835188750119
2022-02-09,0.0010837171230688725
2022-02-10,-0.0020443113929634604
2022-02-11,0.0002581303541973057
2022-02-14,0.00018787602905501188
2022-02-15,0.0021204065263698
2022-02-16,-0.0008840676314076923
2022-02-17,-0.0017964517004990244
2022-02-18,0.0005639159285506512
2022-02-22,-0.002090687204310826
2022-02-23,0.00128422244787596
2022-02-24,-0.005375215379086362
2022-02-25,0.0002229647503444454
2022-02-28,0.0035293672214715688
2022-03-01,0.0015125001148772466
2022-03-02,-0.0010125736869209812
2022-03-03,-0.003735065390929604
2022-03-04,0.002969215494964539
2022-03-07,-0.00014419367860041277
2022-03-08,0.0012797447354502278
2022-03-09,-0.008868841700429786
2022-03-10,0.003694126675801268
2022-03-11,-0.003023599227569229
2022-03-14,0.0013516042917129933
2022-03-15,-0.002698019038484989
2022-03-16,-0.0034558616853466173
2022-03-17,0.0015693106297145487
2022-03-18,0.0017318795583416424
2022-03-21,0.000751963275662515
2022-03-22,-0.0008910950866936052
2022-03-23,0.0026367755621190536
2022-03-24,-0.0014445330257008004
2022-03-25,-8.278934236916058e-05
2022-03-28,0.0001929272543539362
2022-03-29,-0.0033210605552338457
2022-03-30,0.0025045081046726203
2022-03-31,-0.0003222798330757559
2022-04-01,-0.000337675856871833
2022-04-04,-0.0008059780745043321
2022-04-05,0.001005390002320139
2022-04-06,0.00478380664111544
2022-04-07,0.0012679527838979077
2022-04-08,0.0014423093840512102
2022-04-11,0.0039367699683974244
2022-04-12,-0.004768200488318941
2022-04-13,0.0002369188656450305
2022-04-14,0.0003668193299994904
2022-04-18,0.0013564482774777176
2022-04-19,0.0006531209270843608
2022-04-20,-0.0001543770755767504
2022-04-21,-0.004416327820334742
2022-04-22,-6.76717072545241e-05
2022-04-25,0.0012032934154877495
2022-04-26,0.0018632371447457885
2022-04-27,-0.0007018006073140626
2022-04-28,-0.005532447339296476
2022-04-29,0.004550351383913798
2022-05-02,0.0011213251398647373
2022-05-03,-6.478447544333577e-05
2022-05-04,4.3370994823987985e-05
2022-05-05,0.004634985869868435
2022-05-06,0.0028875504910148564
2022-05-09,0.006807229586892838
2022-05-10,-0.008209842514780519
2022-05-11,0.002709111186940394
2022-05-12,0.005569973523753102
2022-05-13,-0.004848841989054775
2022-05-16,0.0016616778657949638
2022-05-17,-0.006190021055969552
2022-05-18,0.005171832171552371
2022-05-19,0.002398139041608127
2022-05-20,-0.004499799479199207
2022-05-23,-0.003329097044805218
2022-05-24,0.007082480110585543
2022-05-25,0.001934420726288577
2022-05-26,-0.0009974295619809004
2022-05-27,-0.0033060432596891953
2022-05-31,0.0003936638128636538
2022-06-01,-0.002218929656126689
2022-06-02,0.0015669534830735632
2022-06-03,0.007580008988518072
2022-06-06,-0.006721075448868796
2022-06-07,0.005067065296549211
2022-06-08,0.0011664851445736257
2022-06-09,0.0026501528589197854
2022-06-10,0.008612897015100263
2022-06-13,0.013942424202039838
2022-06-14,-0.003594581912539141
2022-06-15,-0.005411256901241446
2022-06-16,0.01152274348241944
2022-06-17,-0.0006972180851753107
2022-06-21,-0.00745630119856211
2022-06-22,0.004080283205225577
2022-06-23,-0.004013199432731374
2022-06-24,-0.004653351215269663
2022-06-27,-0.002424610260644333
2022-06-28,-0.0006324577028102851
2022-06-29,0.0003951579369450009
2022-06-30,0.004819272237659433
2022-07-01,0.001981639819214509
2022-07-05,0.004402144346427717
2022-07-06,-0.00017071407551216833
2022-07-07,0.0002661921165669767
2022-07-08,0.00300054165611896
2022-07-11,0.0023194460357365276
2022-07-12,-0.0011471343468275608
2022-07-13,0.006879167046879742
2022-07-14,0.0038050889356735507
2022-07-15,-0.0030911579591909044
2022-07-18,-0.0030547418852576724
2022-07-19,-0.004329776120209794
2022-07-20,-0.0011405115272619115
2022-07-21,-0.0008216532894883555
2022-07-22,0.0002084458704694203
2022-07-25,-0.00047916787306301334
2022-07-26,0.0027701584883184083
2022-07-27,-0.005479172597911863
2022-07-28,0.000509102509399284
2022-07-29,-0.0029792831786065177
2022-08-01,0.0026957511932708123
2022-08-02,0.003055430025881156
2022-08-03,-0.003342179909069931
2022-08-04,-1.5752783589562114e-05
2022-08-05,0.006002642800473801
2022-08-08,-0.0011202428782903784
2022-08-09,0.0027181581480255623
2022-08-10,-0.009098141546164729
2022-08-11,-0.0026771518551694795
2022-08-12,-0.0022334752710093664
2022-08-15,0.0012428563548274596
2022-08-16,0.0006516981357653773
2022-08-17,0.0039872898157620185
2022-08-18,0.0002472904649688523
2022-08-19,0.0034007916752960554
2022-08-22,0.005447526950828729
2022-08-23,0.00014239242856328715
2022-08-24,0.0008739847493577368
2022-08-25,-0.002182091830527755
2022-08-26,0.00027425584425033733
2022-08-29,0.0036820794792369327
2022-08-30,-0.0020989856573246923
2022-08-31,-0.0038498605041416
2022-09-01,0.003029829808171236
2022-09-02,-0.0021480867042498186
2022-09-06,-0.0004016245159357279
2022-09-07,-6.476635089358584e-05
2022-09-08,0.002272312615844152
2022-09-09,-0.0024092608391464987
2022-09-12,-0.0020514260567542353
2022-09-13,0.009892495041556204
2022-09-14,-0.0012466608492529563
2022-09-15,0.0025362011557787945
2022-09-16,0.0044389485145908125
2022-09-19,0.0027081314749088925
2022-09-20,0.0029839540739904358
2022-09-21,-0.0017290346912300913
2022-09-22,0.0019336523050106358
2022-09-23,0.0033852117664501247
2022-09-26,0.0008613448754419828
2022-09-27,-0.004052239373260158
2022-09-28,-0.0003358367257090267
2022-09-29,0.004962239755188502
2022-09-30,0.0016679970620390172
2022-10-03,-0.0019753478154810322
2022-10-04,-0.008970628632827604
2022-10-05,0.005957257623925072
2022-10-06,0.0019434294194244917
2022-10-07,0.007691678430202575
2022-10-10,-0.000427353836639055
2022-10-11,0.002608555788507383
2022-10-12,-0.000730012998621965
2022-10-13,0.013031363343836144
2022-10-14,-0.004146615514636909
2022-10-17,-0.010605050730707721
2022-10-18,-0.012035414054347382
2022-10-19,0.002543425815970446
2022-10-20,0.0017793688735094904
2022-10-21,0.001715484647988541
2022-10-24,-0.000469645206396474
2022-10-25,-0.0014335921206507507
2022-10-26,0.008973938832835593
2022-10-27,0.0019351471888280347
2022-10-28,0.00116630653531824
2022-10-31,0.003557639758045905
2022-11-01,-0.0056405036672605435
2022-11-02,0.0007994117632654785
2022-11-03,0.003598305067801233
2022-11-04,-0.005933310771218947
2022-11-07,-0.0014476798977565153
2022-11-08,-0.0010910519243633177
2022-11-09,0.0016060771592558698
2022-11-10,-0.01722159067686957
2022-11-11,-6.327056220045701e-05
2022-11-14,0.0032693502940168706
2022-11-15,-0.010631523073378557
2022-11-16,0.003079691260041484
2022-11-17,0.007282013389287245
2022-11-18,-0.00359569637207513
2022-11-21,0.0015401367125504883
2022-11-22,-0.0005633852816935292
2022-11-23,-0.00022177270825263218
2022-11-25,0.0019656757422514826
2022-11-28,0.002155586849769797
2022-11-29,-0.0003311742014611152
2022-11-30,-0.0008977515421020321
2022-12-01,-0.00023487803912980443
2022-12-02,0.007371714216475089
2022-12-05,0.003987690868903826
2022-12-06,0.0003341520553203914
2022-12-07,0.0008558382333996306
2022-12-08,-0.00015485996796626988
2022-12-09,0.001622488437775127
2022-12-12,0.0006816872827057896
2022-12-13,-0.015533232737591773
2022-12-14,0.0009748141478207462
2022-12-15,0.0060963479554385636
2022-12-16,0.0008515863820217628
2022-12-19,-0.00033407882344338447
2022-12-20,0.0015160788367778455
2022-12-21,-0.0016018918295471751
2022-12-22,0.004803209768940553
2022-12-23,0.0029170858245344267
2022-12-27,0.002014615946828169
2022-12-28,0.0011749840193013839
2022-12-29,-0.004394161824402221
2022-12-30,0.00396187970216344
2023-01-03,-0.0032598678567578032
2023-01-04,-0.0025066905255637373
2023-01-05,0.002351093507403368
2023-01-06,-0.0017047409190543705
2023-01-09,-0.004385297270813604
2023-01-10,0.0017869746431093958
2023-01-11,-0.0013084382087559243
2023-01-12,-0.0008840046180059735
2023-01-13,0.003793543156796142
2023-01-17,9.403381071448891e-05
2023-01-18,-0.0024518833257096695
2023-01-19,0.0023480148432568626
2023-01-20,-0.0025750122542662623
2023-01-23,-0.0010692759551984565
2023-01-24,0.0025400737482363933
2023-01-25,0.006423558686989628
2023-01-26,-0.004943946425705281
2023-01-27,0.0021550023099530247
2023-01-30,0.004485446858129238
2023-01-31,0.00015070230905700477
2023-02-01,0.0004226641715536772
2023-02-02,-0.00929131264074301
2023-02-03,0.008784599701068263
2023-02-06,0.0029302335183964967
2023-02-07,0.0003638986908685027
2023-02-08,0.001615341333947251
2023-02-09,-0.005021204149361247
2023-02-10,0.003922072283681244
2023-02-13,-0.000851046263982691
2023-02-14,0.0018555943832792021
2023-02-15,0.002125849779251565
2023-02-16,0.0064103865556890405
2023-02-17,0.0027669009506341435
2023-02-21,0.0034143603148046875
2023-02-22,-0.0004166084585403018
2023-02-23,-0.0047021792884713864
2023-02-24,0.006459663285267814
2023-02-27,-0.0038796634324499424
2023-02-28,0.001361082637855171
2023-03-01,0.0009477122372969493
2023-03-02,0.004008505969794074
2023-03-03,-0.002729685663161008
2023-03-06,-0.0034908959512831572
2023-03-07,0.00035640612137854966
2023-03-08,-0.0006115657669076846
2023-03-09,-0.00034186136689218216
2023-03-10,-7.816629294743471e-05
2023-03-13,0.0023232097432011045
2023-03-14,-0.004359049251553726
2023-03-15,0.0032246287425488074
2023-03-16,0.0010185457799067876
2023-03-17,6.239011819908491e-05
2023-03-20,0.0013765154820382097
2023-03-21,-0.002445643163319189
2023-03-22,-2.6775455100880308e-05
2023-03-23,0.0008842075429615903
2023-03-24,-0.00031024328359541276
2023-03-27,0.0004889376139949331
2023-03-28,0.0002373667149080383
2023-03-29,0.0008058177889160856
2023-03-30,0.0005933477381214747
2023-03-31,7.6247517268202e-05
2023-04-03,-0.00025358589603352577
2023-04-04,0.00023470410596093672
2023-04-05,-0.0008578890751553825
2023-04-06,-0.0007076847995963753
2023-04-10,-0.0006813416015034601
2023-04-11,0.0006009437690872588
2023-04-12,0.0007244767614908998
2023-04-13,0.0005215007221281986
2023-04-14,-8.994049232513568e-05
2023-04-17,-0.001306584282144141
2023-04-18,0.000900166017532511
2023-04-19,-0.0012345553083773497
2023-04-20,-0.0005616535578358839
2023-04-21,-0.0001639931123161853
2023-04-24,0.0001513015035878862
2023-04-25,-0.00011381778057251157
2023-04-26,0.0010801905239790077
2023-04-27,0.0005989774264962833
2023-04-28,6.55739741641792e-05
2023-05-01,0.00020505120234481922
2023-05-02,-0.00030521438963004854
2023-05-03,-0.002097545551083879
2023-05-04,-0.0002568307712556006
2023-05-05,-0.0003681766163734501
2023-05-08,-0.0002445770731568375
2023-05-09,-0.0004552146297227555
2023-05-10,0.001051532110501352
2023-05-11,0.0003043712809445154
2023-05-12,-1.215584241320844e-05
2023-05-15,0.00047073372851658135
2023-05-16,-0.00042475453557422327
2023-05-17,0.0003605168283729032
2023-05-18,0.00012676434745451104
2023-05-19,-0.000418635550983093
2023-05-22,-0.0005914585241577619
2023-05-23,-0.0004730322412828114
2023-05-24,-0.0010442287375965753
2023-05-25,0.00918000426733756
2023-05-26,0.0
2023-05-30,0.0
2023-05-31,0.0
2023-06-01,0.0
2023-06-02,0.0
2023-06-05,-0.0005674249224667527
2023-06-06,-0.0003440522620992148
2023-06-07,0.00021782621627775
2023-06-08,-4.345370133240767e-05
2023-06-09,0.00019541128944688957
2023-06-12,0.0006933203697121471
2023-06-13,0.0009717205107226956
2023-06-14,7.205799733678298e-05
2023-06-15,-0.0003768594858967189
2023-06-16,0.0008940282578391301
2023-06-20,-0.00017855010532052962
2023-06-21,-0.00034573001409088366
2023-06-22,-0.000765069064790902
2023-06-23,-0.0008736356896733577
2023-06-26,0.0002349047239027513
2023-06-27,0.0006376152714495653
2023-06-28,-0.00121154382952815
2023-06-29,0.0003941614233275992
2023-06-30,0.0009885889943059833
2023-07-03,0.00013782461338784913
2023-07-05,-0.0011275596294545442
2023-07-06,-0.0005959002464964724
2023-07-07,0.00039969684337082256
2023-07-10,4.676363112299242e-07
2023-07-11,0.00036597497255952405
2023-07-12,0.0011131122753555989
2023-07-13,0.0010150166849058895
2023-07-14,-0.00034971157563568056
2023-07-17,0.00040557840457489114
2023-07-18,0.00043380947201088205
2023-07-19,0.00041160516672111847
2023-07-20,-0.0005573064439222675
2023-07-21,0.0005707478425773793
2023-07-24,-0.00016836041130641188
2023-07-25,0.0002764865743252187
2023-07-26,-0.00011794126258490856
2023-07-27,0.0016593722112754339
2023-07-28,0.0014714538849229797
2023-07-31,0.0004394237631732967
2023-08-01,-0.0006930486724430196
2023-08-02,-0.001668466152167647
2023-08-03,-0.0009855016626347801
2023-08-04,0.0004407553047813817
2023-08-07,0.0005229634268331118
2023-08-08,-0.0014572949785780498
2023-08-09,-0.0006882768731545363
2023-08-10,0.0001561218156398425
2023-08-11,-0.0013174905332374864
2023-08-14,-0.0007811724559877442
2023-08-15,0.00019981283699999075
2023-08-16,2.3477980126251907e-05
2023-08-17,0.00040099424392825433
2023-08-18,-0.0008742600095508202
2023-08-21,0.0008427438081983762
2023-08-22,0.001420025243988654
2023-08-23,-0.0002624349963107342
2023-08-24,0.003319807810233666
2023-08-25,-0.0013125093976553703
2023-08-28,0.0006649473892819113
2023-08-29,-0.0002948726547000735
2023-08-30,0.0002311420568077427
2023-08-31,-0.001061560292723196
2023-09-01,0.000805642021936448
2023-09-05,-0.00046819121591679114
2023-09-06,-0.00023826947746463656
2023-09-07,-0.0015331694659765915
2023-09-08,0.00014958275013321476
2023-09-11,0.0007172619791040447
2023-09-12,-0.0008942067499494444
2023-09-13,0.0005985083820612136
2023-09-14,0.0003245160749167919
2023-09-15,-0.0011386346697771499
2023-09-18,-0.0011443667273602909
2023-09-19,-0.000244207621308834
2023-09-20,0.0002068605595713091
2023-09-21,-0.0022237571124132938
2023-09-22,0.0003930974089834116
2023-09-25,-0.00011377042913229829
2023-09-26,-0.00034633563914820975
2023-09-27,0.0004064805604790944
2023-09-28,-2.9069192485797757e-05
2023-09-29,0.0006044002172955754
2023-10-02,0.0001796562111724409
2023-10-03,-0.0005169028871698789
2023-10-04,0.0004788403595750168
2023-10-05,7.655254974392456e-05
2023-10-06,-0.0004972805652269097
2023-10-09,-0.0007745741609014312
2023-10-10,6.151761686057355e-05
2023-10-11,0.000494498911547625
2023-10-12,0.00010267129021501731
2023-10-13,0.00014576651183206835
2023-10-16,-7.113316223450461e-05
2023-10-17,-0.001998572174329971
2023-10-18,-0.0012635633935468293
2023-10-19,0.000565452496101182
2023-10-20,9.017988847603853e-05
2023-10-23,-0.00011884271791018364
2023-10-24,0.00026674070529608684
2023-10-25,-0.00011336078885282319
2023-10-26,-2.5285950353559628e-05
2023-10-27,0.0007548732869475661
2023-10-30,0.0007207027447142522
2023-10-31,-0.00035241141744968285
2023-11-01,0.00013221291788290124
2023-11-02,0.001199064253235571
2023-11-03,0.0007839084710228317
2023-11-06,0.00012483737151125496
2023-11-07,-0.00012656114768250237
2023-11-08,7.82902308218425e-05
2023-11-09,0.0009631171201012201
2023-11-10,0.0008775584781801626
2023-11-13,-0.0006062537010516067
2023-11-14,0.0013659403182741947
2023-11-15,0.000416758255624039
2023-11-16,-0.0004814827535433164
2023-11-17,-3.557038866330853e-05
2023-11-20,-0.0001851910481506236
2023-11-21,-0.0009091714099200843
2023-11-22,0.00017810726880274075
2023-11-24,-0.00018701366943729703
2023-11-27,-5.707152001843685e-05
2023-11-28,-0.001063534387511944
2023-11-29,0.0007865864299787528
2023-11-30,-1.3453038985700161e-05
2023-12-01,-0.00025672641422791465
2023-12-04,0.0005546066656840765
2023-12-05,-0.0008154769846681065
2023-12-06,-0.0004351158602688976
2023-12-07,-0.0003846661715370958
2023-12-08,-0.00027348745520117124
2023-12-11,-0.0008191882634773773
2023-12-12,0.00011002238344426374
2023-12-13,-7.063663394357711e-05
2023-12-14,0.00047532848471787403
2023-12-15,0.0004657071934219825
2023-12-18,-0.0005827576258453648
2023-12-19,0.0006393119583021356
2023-12-20,0.00031191419589449154
2023-12-21,0.0012184944622508631
2023-12-22,-0.0008229810404409843
2023-12-26,4.773124851342736e-05
2023-12-27,0.0007057765442868291
2023-12-28,-0.00034606819105553743
2023-12-29,0.00017846716515435013
2024-01-02,0.0016831176242622092
2024-01-03,-0.0014482108131704807
2024-01-04,0.0003193295025492038
2024-01-05,0.00014345253251857315
2024-01-08,0.0002497372071534887
2024-01-09,-0.0006933943037927826
2024-01-10,0.0005391956150264665
2024-01-11,0.0008424949135243942
2024-01-12,0.0005742703279796313
2024-01-16,-0.0005629133821143384
2024-01-17,-0.0015492329350828005
2024-01-18,0.0016922082840431507
2024-01-19,0.00015330283570258452
2024-01-22,5.255951058935615e-05
2024-01-23,0.0007814406926387463
2024-01-24,0.001259484469112504
2024-01-25,0.0008111059265960563
2024-01-26,-0.0008974220157308421
2024-01-29,-0.0003408578177059862
2024-01-30,-0.0009502251712651955
2024-01-31,-0.0009884734250534821
2024-02-01,0.0005951315157162185
2024-02-02,0.00024808483341942633
2024-02-05,-0.0003339237240174153
2024-02-06,0.0003876917511038691
2024-02-07,0.0008830693755808028
2024-02-08,0.0002023981218202131
2024-02-09,0.0011056334070771445
2024-02-12,1.2918854108256994e-05
2024-02-13,-0.002470125545553925
2024-02-14,0.0010874615155336276
2024-02-15,0.0003469013611996363
2024-02-16,0.0005327153855876343
2024-02-20,-0.0006098775329251849
2024-02-21,-0.004135255021045947
2024-02-22,0.005159248427759389
2024-02-23,0.0
2024-02-26,0.0
2024-02-27,0.0
2024-02-28,0.0
2024-02-29,0.0
2024-03-01,-0.0011104476556026421
2024-03-04,0.0006968796197173166
2024-03-05,-0.0005255716530137011
2024-03-06,0.0033932383766328567
2024-03-07,0.0017667221889678952
2024-03-08,0.001147972325898472
2024-03-11,-0.0013798908368590768
2024-03-12,0.0005358674410231856
2024-03-13,-0.0003279126642384833
2024-03-14,-0.0007452283856890229
2024-03-15,-0.0013065128790572533
2024-03-18,0.0012595613367489822
2024-03-19,-0.0018320034053477263
2024-03-20,0.00046845246627147397
2024-03-21,0.001915631285466013
2024-03-22,-0.0003365401461374873
2024-03-25,0.0004051415100685407
2024-03-26,0.0009778663280515243
2024-03-27,0.0006550851671611735
2024-03-28,-0.0004021218146728067
2024-04-01,0.00022506815416178938
2024-04-02,-0.00117984992823994
2024-04-03,-0.000636156322044279
2024-04-04,0.001062957396425146
2024-04-05,0.0004609241589967894
2024-04-08,0.0012943161310872142
2024-04-09,0.0012956348267192386
2024-04-10,-0.0013025538253456093
2024-04-11,0.0004131544828451794
2024-04-12,-0.001095031249789824
2024-04-15,0.0004570818340055016
2024-04-16,-0.00031575286477314446
2024-04-17,0.0002433720525318872
2024-04-18,-7.963383204800945e-05
2024-04-19,-0.0021130925397148115
2024-04-22,0.0016009553935736331
2024-04-23,0.0016476379203744784
2024-04-24,0.002060620416030723
2024-04-25,-0.0017374379174285304
2024-04-26,0.0013300822187691796
2024-04-29,-0.00020100273023448967
2024-04-30,-0.00023800884555946755
2024-05-01,-0.0012166116015267514
2024-05-02,0.0018446510148610873
2024-05-03,0.0020825570923928005
2024-05-06,0.0017760536125674964
2024-05-07,0.0002586870621059667
2024-05-08,-0.0004799372581025807
2024-05-09,-0.0015498483009125374
2024-05-10,0.0015243579232313564
2024-05-13,0.0016775895992191536
2024-05-14,-0.0005161161951559023
2024-05-15,0.000951934100027918
2024-05-16,0.0005323979986180394
2024-05-17,0.0003802630625540093
2024-05-20,0.0008438103822157039
2024-05-21,-0.0013256214175505487
2024-05-22,0.00012622696569719594
2024-05-23,0.003907590516345483
2024-05-24,0.0
2024-05-28,0.0
2024-05-29,0.0
2024-05-30,0.0
2024-05-31,0.0
2024-06-03,0.002414381178925007
2024-06-04,-5.140116102142489e-05
2024-06-05,0.0010133725450955922
2024-06-06,7.999587511298145e-06
2024-06-07,-0.0002562128407364028
2024-06-10,-0.0006528855768327402
2024-06-11,-5.5826412540871395e-05
2024-06-12,0.0014103671645211424
2024-06-13,0.001447799089218993
2024-06-14,0.00012306835273667716
2024-06-17,0.0012832642489633006
2024-06-18,0.0006349735227433317
2024-06-20,0.0011816888707596451
2024-06-21,-0.002417529557472431
2024-06-24,-0.0006548452150738626
2024-06-25,0.0009033953641581771
2024-06-26,0.0004928564984811867
2024-06-27,-0.001885585686062452
2024-06-28,0.0002707677864346447
2024-07-01,-0.0002335292094371999
2024-07-02,-0.000925977752803564
2024-07-03,-0.0001730150076044712
2024-07-05,0.0007420578907921804
2024-07-08,0.0003263886393014559
2024-07-09,0.0007435625719403038
2024-07-10,0.0008175447137543923
2024-07-11,0.00047892824559725433
2024-07-12,0.0003605260648857911
2024-07-15,0.00036452526032215715
2024-07-16,0.0004759158924050322
2024-07-17,-0.003168466371435641
2024-07-18,0.0018750901704889245
2024-07-19,0.000745773440823827
2024-07-22,0.0012510401694476592
2024-07-23,-0.0002952971569968321
2024-07-24,-0.0018288632202653199
2024-07-25,-0.0011940367721906542
2024-07-26,0.0025601929476959384
2024-07-29,-0.00022978882228319453
2024-07-30,0.0003571612729336149
2024-07-31,0.005406620643358062
2024-08-01,0.0
2024-08-02,0.0
2024-08-05,0.0
2024-08-06,0.0
2024-08-07,0.0
2024-08-08,0.0026922743268906757
2024-08-09,1.1351834978912123e-05
2024-08-12,0.0004684698787331687
2024-08-13,0.0017596607726826363
2024-08-14,0.001758790515823394
2024-08-15,0.0014043555863807455
2024-08-16,-0.00027932267043928594
2024-08-19,-0.00012265922902987558
2024-08-20,-0.0004076048690669909
2024-08-21,0.0001624716166539475
2024-08-22,0.0012374487325343964
2024-08-23,0.0008582318306753489
2024-08-26,-0.0003630543170970446
2024-08-27,-0.0008370479569766998
2024-08-28,-0.00044788792339733874
2024-08-29,-0.00073036223858991
2024-08-30,0.001287870058279017
2024-09-03,-0.0015773632507045665
2024-09-04,-0.0009924622162088559
2024-09-05,-0.0010302734119490564
2024-09-06,-0.0013275720279353198
2024-09-09,0.0014178753766374008
2024-09-10,0.0003716970673430797
2024-09-11,0.00030459770768054284
2024-09-12,-0.00013423279520441422
2024-09-13,0.00044325716658288883
2024-09-16,-0.0009699392675058816
2024-09-17,0.0006196501910518126
2024-09-18,0.0004079246767607625
2024-09-19,0.0026476227442977507
2024-09-20,-0.0005686886023605897
2024-09-23,0.00030859612235611955
2024-09-24,0.00029471161721938977
2024-09-25,-9.253541744747018e-06
2024-09-26,0.0016618017074945257
2024-09-27,0.0001755874374345101
2024-09-30,-0.0010728836398103958
2024-10-01,-4.128751150433985e-05
2024-10-02,-3.654979324685392e-05
2024-10-03,0.00017952948227817345
2024-10-04,0.0014544142342436395
2024-10-07,-0.00022580447587716712
2024-10-08,0.00035131444935365685
2024-10-09,-4.5775828967475896e-05
2024-10-10,-0.0005190429966995813
2024-10-11,-0.0008753213188368303
2024-10-14,0.0007352139217731146
2024-10-15,-0.0003401660830339992
2024-10-16,0.00116742192578978
2024-10-17,0.001710555287566029
2024-10-18,0.0003430507920316739
2024-10-21,-5.5511297813337634e-05
2024-10-22,-0.0004924251584023098
2024-10-23,-0.0007768759723093543
2024-10-24,0.0007130110267614675
2024-10-25,0.0008171183411509464
2024-10-28,-4.261004498684606e-06
2024-10-29,6.41227126476629e-05
2024-10-30,-0.000946383521171712
2024-10-31,-0.0010241585605035297
2024-11-01,0.0002200583824443214
2024-11-04,-0.002336420417150764
2024-11-05,0.0018190476877359973
2024-11-06,0.0043987843809636384
2024-11-07,0.0
2024-11-08,0.0
2024-11-11,0.0
2024-11-12,0.0
2024-11-13,0.0
2024-11-14,0.0014168080821830298
2024-11-15,0.0003248093705108257
2024-11-18,9.347542575599554e-05
2024-11-19,7.52952999643064e-05
2024-11-20,0.0022232968159241473
2024-11-21,0.0038379338751814984
2024-11-22,0.0
2024-11-25,0.0
2024-11-26,0.0
2024-11-27,0.0
2024-11-29,0.0
2024-12-02,0.0005117398358920333
2024-12-03,0.0002650977135465471
2024-12-04,0.0012518183150309614
2024-12-05,0.00017818081288090148
2024-12-06,-0.0001238028985895978
2024-12-09,-0.0007706411771568611
2024-12-10,0.00037632907809426186
2024-12-11,0.0018626763274260938
2024-12-12,-0.0008178523952914185
2024-12-13,0.005210239790301552
2024-12-16,0.0
2024-12-17,0.0
2024-12-18,0.0
2024-12-19,0.0
2024-12-20,0.0
2024-12-23,0.000928264402175083
2024-12-24,0.0008022460116969832
2024-12-26,-0.00026014778892491375
2024-12-27,-0.00041802923906886225
2024-12-30,-0.0014541836218653348
2024-12-31,0.00015727748212390757
2025-01-02,0.0009636440402740476
2025-01-03,0.0006154576866084227
2025-01-06,0.0025501548672623997
2025-01-07,0.0018447385232640556
2025-01-08,0.0007204191442786723
2025-01-10,-0.0009457478770173999
2025-01-13,-0.0022870078510370817
2025-01-14,0.0011163375040250667
2025-01-15,0.0012352388242720114
2025-01-16,0.0013998456799564352
2025-01-17,0.0017816790124158821
2025-01-21,0.0005712519482568013
2025-01-22,0.0012094051503968029
2025-01-23,-0.0015011226476414619
2025-01-24,0.0007549712007355325
2025-01-27,-0.007720483770332853
2025-01-28,0.00020340127876461445
2025-01-29,0.000146512544043631
2025-01-30,0.001706562701652592
2025-01-31,5.2166837603229155e-05
2025-02-03,-0.00230691684599027
2025-02-04,7.8830654515194e-06
2025-02-05,0.001755149397445921
2025-02-06,0.0010553674059037288
2025-02-07,0.0007228020803522472
2025-02-10,0.0005356571212431493
2025-02-11,-0.0008345382000289892
2025-02-12,-0.0020626681084452425
2025-02-13,0.00014283008271731568
2025-02-14,0.0007517657585658366
2025-02-18,0.0008462504901409762
2025-02-19,-0.00027631543073181053
2025-02-20,4.047268229667722e-05
2025-02-21,-1.967426755922208e-05
2025-02-24,0.0006882669631158578
2025-02-25,-0.00013569299174653882
2025-02-26,0.0018202806852054554
2025-02-27,0.001164933493306819
2025-02-28,-0.0008585803769028955
2025-03-03,0.0008110610237013205
2025-03-04,-0.0005518590450690475
2025-03-05,0.0011060792249650842
2025-03-06,-0.0028576399537389996
2025-03-07,0.001479361007908686
2025-03-10,-0.002053274229572355
2025-03-11,0.0006747784585838801
2025-03-12,0.0027977753742651768
2025-03-13,-0.0002067195395817345
2025-03-14,0.002142506561968238
2025-03-17,-0.0006197372821235003
2025-03-18,-0.0010539984456006124
2025-03-19,0.0002469618972544829
2025-03-20,-0.0007118518494233506
2025-03-21,-0.0016740562971508943
2025-03-24,0.0010909493669579717
2025-03-25,-0.0003905804671565649
2025-03-26,-0.00012401708300802117
2025-03-27,-0.0009646702682851727
2025-03-28,-0.00017216338430992018
2025-03-31,-0.0022156751560955534
2025-04-01,0.00032302331393285755
2025-04-02,-0.001358062480786404
2025-04-03,-0.004531645433009546
2025-04-04,-0.0027228615909319354
2025-04-07,-0.002285551714455214
2025-04-08,0.004679526261831324
2025-04-09,0.0005377638488177627
2025-04-10,0.010148464789462963
2025-04-11,0.0017269698239490427
2025-04-14,-0.01010023492496226
2025-04-15,-0.0009730710794577657
2025-04-16,0.005165609773343238
2025-04-17,-0.001981730387355385
2025-04-21,0.004560534817269035
2025-04-22,-0.004844269516790067
2025-04-23,-0.01012737037395428
2025-04-24,-0.002139205900603569
2025-04-25,0.00045836268680155
2025-04-28,-0.00028415138280946106
2025-04-29,0.0022238216754757456
2025-04-30,0.008010294140704977
2025-05-01,-0.004767405024175719
2025-05-02,-0.002972907488926313
2025-05-05,0.002774736942078526
2025-05-06,0.004580517514713334
2025-05-07,-0.0005048882001321697
2025-05-08,-0.0036441111190372855
2025-05-09,-0.0012769052339060005
2025-05-12,-0.013184458925006526
2025-05-13,-0.0011837684336801768
2025-05-14,-0.0009926334831765748
2025-05-15,0.0018947999286602624
2025-05-16,-0.0009506188871358789
2025-05-19,0.006346110164213936
2025-05-20,0.0014237891560267002
2025-05-21,0.0026332888330571347
2025-05-22,-0.0005379869510864221
2025-05-23,-0.0015127441876726655
2025-05-27,0.0014056754291920104
2025-05-28,0.00032115642883101536
2025-05-29,0.002538673077029596
2025-05-30,-0.00033826172139295174
2025-06-02,0.00020795779292437366
2025-06-03,0.0023013490329262254
2025-06-04,-0.0005147267185925397
2025-06-05,0.00016242936462695923
2025-06-06,-0.00032503045881771
2025-06-09,-7.82794190707925e-05
2025-06-10,8.000505509242473e-05
2025-06-11,0.0006175600142759308
2025-06-12,-0.0003654960910173255
2025-06-13,-0.0008919342658355589
2025-06-16,0.00040277776091635076
2025-06-17,-0.00022636123841313083
2025-06-18,0.00026860058897115735
2025-06-20,0.0005570167199575593
2025-06-23,0.00012667644498343122
2025-06-24,0.0007972517046668237
2025-06-25,0.000439354108553891
2025-06-26,0.00026331266865287084
2025-06-27,0.0004076605906453423
2025-06-30,0.0008850815353769192
2025-07-01,-0.0002704451708949174
2025-07-02,-0.0003878641457116805
2025-07-03,0.00023351646520008984
2025-07-07,-0.00043909344544323936
2025-07-08,0.0008425909215881155
2025-07-09,9.721165128695475e-05
2025-07-10,0.0005898561249861878
2025-07-11,-0.0005666034873362813
2025-07-14,-0.0010096523791055523
2025-07-15,0.0010274183642202672
2025-07-16,-0.0009408733855827967
2025-07-17,-0.0004437196996721626
2025-07-18,0.0005905314032887965
2025-07-21,0.00010469876278840218
2025-07-22,-0.00023872812962666412
2025-07-23,0.0010418162582950252
2025-07-24,0.0004775672460690661
2025-07-25,-0.0003547281952047676
2025-07-28,0.0007827237940696286
2025-07-29,0.0005907542467542548
2025-07-30,0.00034034433172358547
2025-07-31,-0.002141710604125935
2025-08-01,-0.0020772379571667443
2025-08-04,0.001242909951931992
2025-08-05,0.0016863380744538414
2025-08-06,-0.001780866739353626
2025-08-07,0.001008948509810148
2025-08-08,0.0006507581101704574
2025-08-11,-0.0005128535230601861
2025-08-12,0.0005180595247260555
2025-08-13,0.0008500505929096569
2025-08-14,-0.001070172694783933
2025-08-15,-0.0003012166240445868
2025-08-18,-0.0003302857505311785
2025-08-19,-0.0007092496890801492
2025-08-20,-0.0012198100911976484
2025-08-21,0.00019570480728980932
2025-08-22,-0.0006711148649819476
2025-08-25,-0.0006530231563856015
2025-08-26,0.0005284981533231203
2025-08-27,0.0001574714861904969
2025-08-28,0.00022791662092669362
2025-08-29,-0.000686084858330438
2025-09-02,-0.0019966715404486912
2025-09-03,0.00023842964774045683
2025-09-04,-0.0002984730743663677
2025-09-05,0.0002521239631285699
2025-09-08,0.0002328933590234339
2025-09-09,0.0003187871210061921
2025-09-10,0.0025351768011212528
2025-09-11,0.0012355751722799013
2025-09-12,0.0008084852723369007
2025-09-15,-7.66585511533524e-05
2025-09-16,3.856577102179237e-05
2025-09-17,-0.0005522652298611819
2025-09-18,-0.0004970528807027863
2025-09-19,-0.0009199966713722141
2025-09-22,4.939730710606938e-05
2025-09-23,0.0006755024653155584
2025-09-24,0.00029113379061995737
2025-09-25,-0.0016646216597786534
2025-09-26,0.00013408558578098528
2025-09-29,0.0007800577626204674
2025-09-30,-3.6832780813678134e-05
2025-10-01,-0.0005075030840597794
2025-10-02,0.0014533676603769585
2025-10-03,0.0005245995691782745
2025-10-06,0.0012191367867953051
2025-10-07,0.0005195014757786165
2025-10-08,0.0009349721565377056
2025-10-09,-0.00020224132158586094
2025-10-10,-3.372962681891245e-05
2025-10-13,0.0036888788438527165
2025-10-14,0.0
2025-10-15,0.0
2025-10-16,0.0
2025-10-17,0.0
2025-10-20,0.0
2025-10-21,-0.00026699537096752657
2025-10-22,0.00045076980119063137
2025-10-23,6.172825967198925e-05
2025-10-24,0.001862454170070249
2025-10-27,0.0013088410489918711
2025-10-28,0.00026221959165506625
2025-10-29,0.0005902640639656731
2025-10-30,-0.0002775795601881459
2025-10-31,0.0008320943524076085
2025-11-03,0.0014373017933604348
2025-11-04,-0.0023314270059222597
2025-11-05,0.0001132278178028745
2025-11-06,-0.00015353575782428575
2025-11-07,-0.001169440497325036
2025-11-10,0.002398768617732694
2025-11-11,-0.0006374908664753542
2025-11-12,0.0022971888068925583
2025-11-13,-0.0009843373884236284
2025-11-14,-0.0018501737991922784
2025-11-17,-0.0005528057865242797
2025-11-18,-0.0009440046882160935
2025-11-19,-0.00015008638823910125
2025-11-20,0.002148993316803516
2025-11-21,0.0005702854308486938
2025-11-24,0.0015759701492263911
2025-11-25,-0.0015282639108420426
2025-11-26,0.0010018371595093
2025-11-28,0.0008448581970015301
2025-12-01,-0.0012550140006820643
2025-12-02,0.00018430957693227334
2025-12-03,-0.0002845828977228182
2025-12-04,-0.00045586563706967453
2025-12-05,0.0006729286484365993
2025-12-08,0.0014543057496492207
2025-12-09,-0.0003718535759084096
2025-12-10,5.675413710659605e-05
2025-12-11,-0.0010198667580432197
2025-12-12,-0.002068982848747569
2025-12-15,0.0008671912206730248
2025-12-16,-0.0004994028469924583
2025-12-17,0.0008594611969505728
2025-12-18,0.004547949266611173
2025-12-19,0.0
2025-12-22,0.0
2025-12-23,0.0
2025-12-24,0.0
2025-12-26,0.0
2025-12-29,-0.0009451996288620812
2025-12-30,9.167930950293446e-05
2025-12-31,8.597381136277171e-05
2026-01-02,0.001741692196271849
2026-01-05,0.0020400466804528783
2026-01-06,0.0009799489882107437
2026-01-07,-0.0009056672469376359
2026-01-08,0.0002975085158518631
2026-01-09,0.0009432204162844737
2026-01-12,-0.0007590100957541868
2026-01-13,0.0007468826238938853
2026-01-14,-0.0009291333061661744
2026-01-15,0.0033954383911560804
2026-01-16,0.0022273345161600844
2026-01-20,-0.0009316674651564938
2026-01-21,0.0009564834474915518
2026-01-22,0.0013363964934285377
2026-01-23,0.0003512111474639479
2026-01-26,-0.0003885438935026242
2026-01-27,0.0017768597860887692
2026-01-28,0.0011309655993281265
2026-01-29,0.000956133514174784
2026-01-30,-0.0011856533829457394
2026-02-02,-0.000253291682486112
2026-02-03,0.0008549843075438268
2026-02-04,-0.0005005197933293237
2026-02-05,-0.0009322013745607372
2026-02-06,0.0008445796654188431
2026-02-09,-0.0009525389404158036
2026-02-10,-0.0002608520856470786
2026-02-11,0.0026731478651056406
2026-02-12,0.0007647567303370462
2026-02-13,0.0001255372466315574
2026-02-17,-0.0012061689567596234
2026-02-18,0.00032795929432816173
2026-02-19,-0.0012859487430709748
2026-02-20,-0.00024239700950479115
2026-02-23,-0.00024185012917099513
2026-02-24,0.0007627087490127415
2026-02-25,0.001349557691743275
2026-02-26,-0.0007362036348946832
2026-02-27,-0.0017819690832205914
2026-03-02,-0.0015344453789098988
2026-03-03,-0.0034431245144379563
2026-03-04,0.0018419939661724616
2026-03-05,-0.0010147323953978438
2026-03-06,-0.003073687358415733
2026-03-09,-0.0011939404308848323
2026-03-10,0.0003219419324731465
2026-03-11,0.0004899463188992037
2026-03-12,-0.0014696063767207779
2026-03-13,0.001142901609886282
2026-03-16,0.002100346047385404
2026-03-17,0.0006751965340712207
2026-03-18,0.00023923590157637342
2026-03-19,-0.003061398642168811
2026-03-20,0.0001795904717620811
2026-03-23,0.0010751789074507911
2026-03-24,-0.0007121710935766856
2026-03-25,-0.0011631871951656159
2026-03-26,-0.002165830112682232
2026-03-27,1.0279956283110181e-05
2026-03-30,0.0011714896044050516
2026-03-31,0.0010949611675685755
2026-04-01,0.0011812921363174578
2026-04-02,-0.004039646663849483
2026-04-06,0.0008194707577104943
2026-04-07,-0.0007591097504453526
2026-04-08,0.005752555935636838
2026-04-09,0.0
2026-04-10,0.0
2026-04-13,0.0
2026-04-14,0.0
2026-04-15,0.0
2026-04-16,-0.0006126624446212148
2026-04-17,0.0015518049198366413
2026-04-20,0.0001527781819690155
2026-04-21,0.00028458962404509514
2026-04-22,0.0013000822238771192
2026-04-23,-0.00013675590140604932
2026-04-24,0.0019429659536556176
2026-04-27,0.0005760938047183473
2026-04-28,-0.002634667934729551
2026-04-29,0.0013140063009773328
2026-04-30,0.0010019914668777385
2026-05-01,-0.0007631304298179042
2026-05-04,0.001072913599261982
2026-05-05,0.0014405724287245292
2026-05-06,0.001300825431889585
2026-05-07,-0.0010833388730617788
2026-05-08,0.0017928401916944559
2026-05-11,0.002357329637184158
2026-05-12,-0.0019926928973587055
2026-05-13,0.0030912443991146787
2026-05-14,-0.00161718258870569
2026-05-15,-0.003391332852342721
2026-05-18,0.001998886208911088
2026-05-19,-0.0015892783108655273
2026-05-20,0.002710386487694283
2026-05-21,-0.0005631603524925977
2026-05-22,0.0004558631039055516
2026-05-26,0.0037846599096158506
2026-05-27,0.0
2026-05-28,0.0
2026-05-29,0.0
2026-06-01,0.0
2026-06-02,0.0
2026-06-03,0.004164328258266181
2026-06-04,0.0
2026-06-05,0.0
2026-06-08,0.0
2026-06-09,0.0
2026-06-10,0.0
2026-06-11,0.002386039554400421
2026-06-12,-0.0013078735036334832
2026-06-15,0.003934918650573271
2026-06-16,0.0
2026-06-17,0.0
2026-06-18,0.0
2026-06-22,0.0
2026-06-23,0.0
2026-06-24,0.00040511927844666396
2026-06-25,0.006492895352951944
2026-06-26,0.0
2026-06-29,0.0
2026-06-30,0.0
2026-07-01,0.0
2026-07-02,0.0
2026-07-06,0.001982189540425505
2026-07-07,-0.003733366753742917
2026-07-08,-0.0017986493197350573
2026-07-09,0.0039335368267376936
2026-07-10,0.0
2026-07-13,0.0
2026-07-14,0.0
2026-07-15,0.0
2026-07-16,0.0
2026-07-17,-0.0026230813060657
2026-07-20,0.002051979379970925
2026-07-21,0.004165893389069808
2026-07-22,0.0
2026-07-23,0.0
2026-07-24,0.0
2026-07-27,0.0
2026-07-28,0.0
2026-07-29,0.0003470517332506695
2026-07-30,0.0049218916387034906
2026-07-31,0.0
2026-08-03,0.0
2026-08-04,0.0
2026-08-05,0.0
2026-08-06,0.0
2026-08-07,0.0018101277974074126
2026-08-10,0.0002883979490526656
2026-08-11,0.0008772647716892568
2026-08-12,0.0031903828750134977
2026-08-13,0.00010097713119860963
2026-08-14,0.0008189578296824429
