index,return
2000-01-03,0.0
2000-01-04,0.0
2000-01-05,-0.003995309052287177
2000-01-06,5.72189575720472e-08
2000-01-07,0.0
2000-01-10,0.018489836804168602
2000-01-11,0.0
2000-01-12,0.0
2000-01-13,0.0
2000-01-14,0.0
2000-01-18,0.0
2000-01-19,-0.0002830378579966597
2000-01-20,0.0011550341390704766
2000-01-21,0.0
2000-01-24,0.011307708929451987
2000-01-25,0.0
2000-01-26,0.0
2000-01-27,0.009008695553614388
2000-01-28,-0.0038214627477239915
2000-01-31,0.0
2000-02-01,0.0
2000-02-02,0.009915539052572253
2000-02-03,0.01449872915933681
2000-02-04,0.010514496081526215
2000-02-07,0.0021604067968630236
2000-02-08,0.018882832002421912
2000-02-09,0.0
2000-02-10,0.0
2000-02-11,0.0
2000-02-14,0.0
2000-02-15,0.0
2000-02-16,0.0
2000-02-17,0.005857862502294031
2000-02-18,-0.007603822741525712
2000-02-22,0.0
2000-02-23,0.014216478628374274
2000-02-24,0.0009726293764544813
2000-02-25,0.0009601968190688925
2000-02-28,0.0
2000-02-29,0.00016265304067530906
2000-03-01,0.003164197861855511
2000-03-02,0.0
2000-03-03,0.0
2000-03-06,0.0
2000-03-07,0.0
2000-03-08,0.0
2000-03-09,0.0
2000-03-10,0.0
2000-03-13,0.0
2000-03-14,0.0
2000-03-15,0.0
2000-03-16,0.0
2000-03-17,0.0
2000-03-20,0.0
2000-03-21,0.0
2000-03-22,0.0
2000-03-23,0.0
2000-03-24,0.0
2000-03-27,0.0
2000-03-28,0.0
2000-03-29,0.0
2000-03-30,0.0
2000-03-31,0.0
2000-04-03,0.0
2000-04-04,0.005641309874353073
2000-04-05,0.00826795694847604
2000-04-06,0.0060377772812387764
2000-04-07,0.009811177294318796
2000-04-10,0.007895347365951766
2000-04-11,-0.0038923991961603566
2000-04-12,0.012044535358473496
2000-04-13,-0.0022253802037848214
2000-04-14,-0.007879528150998572
2000-04-17,0.005667147427253827
2000-04-18,-0.0023887489491885017
2000-04-19,0.007953123644626636
2000-04-20,-0.0036982245511086864
2000-04-24,-0.024890810209178604
2000-04-25,0.02696478726106255
2000-04-26,0.010903058417531142
2000-04-27,-0.02151863940288601
2000-04-28,0.0017758028687795413
2000-05-01,0.0011455366123755972
2000-05-02,0.0039558186518908744
2000-05-03,-0.006718050001800591
2000-05-04,0.004905995021344589
2000-05-05,0.0009931356138948022
2000-05-08,-0.007188525144018798
2000-05-09,0.0034595120260016987
2000-05-10,-0.011154308050651207
2000-05-11,-0.0012404766151565827
2000-05-12,0.0010080058460746333
2000-05-15,-0.0019333857211637495
2000-05-16,0.01746685784464108
2000-05-17,-0.0015494361157758485
2000-05-18,0.004334593020528299
2000-05-19,-0.006996568084351562
2000-05-22,-0.0029828514735524836
2000-05-23,0.013184635269107847
2000-05-24,-0.004841335558748661
2000-05-25,0.003762896380118619
2000-05-26,-0.005365460758866347
2000-05-30,0.03125457099487239
2000-05-31,0.015905683368595103
2000-06-01,0.017830546657971347
2000-06-02,0.06553250840715763
2000-06-05,0.0
2000-06-06,0.0
2000-06-07,0.0
2000-06-08,0.0
2000-06-09,0.0
2000-06-12,0.0056263676562786635
2000-06-13,-0.00632924304178184
2000-06-14,0.0064136015024101045
2000-06-15,-0.002004202678411393
2000-06-16,0.007141928325624214
2000-06-19,0.0024381127574713
2000-06-20,-0.00555872426458659
2000-06-21,-0.00790826999848493
2000-06-22,-0.003137309151053813
2000-06-23,0.0060580853671501345
2000-06-26,0.001709032805167432
2000-06-27,0.0017067856804919845
2000-06-28,0.016129364568511217
2000-06-29,-0.015172563924331528
2000-06-30,-0.0014313209829176499
2000-07-03,0.01135271489698475
2000-07-05,0.0003701375180742428
2000-07-06,0.0035049605966135378
2000-07-07,0.025683264866259936
2000-07-10,-0.003437316485432329
2000-07-11,-0.005040734231631427
2000-07-12,0.014293858652751679
2000-07-13,0.01585868252448308
2000-07-14,0.02426848514235469
2000-07-17,0.008287869235557688
2000-07-18,-0.027732901596883575
2000-07-19,0.00381955936906464
2000-07-20,-0.00019625462772021596
2000-07-21,0.010092410962033282
2000-07-24,0.0002982328160900938
2000-07-25,0.0030312012160029767
2000-07-26,-0.012642667236540062
2000-07-27,-0.011991540310033355
2000-07-28,0.002472481136603921
2000-07-31,-0.0006602425237571818
2000-08-01,0.003674863966774966
2000-08-02,-0.004867767544428414
2000-08-03,-0.05652434853482269
2000-08-04,0.00832526433086822
2000-08-07,0.002287883596297391
2000-08-08,-0.004147474022383357
2000-08-09,0.036536844755403974
2000-08-10,0.0
2000-08-11,0.0
2000-08-14,0.0
2000-08-15,0.0
2000-08-16,0.0
2000-08-17,-0.0030025010277522357
2000-08-18,0.009224936993735389
2000-08-21,0.002605992385656286
2000-08-22,-0.016143163686109685
2000-08-23,0.0
2000-08-24,0.002524434771529638
2000-08-25,-0.0029237819373338914
2000-08-28,0.006151452519838285
2000-08-29,-9.539886603926462e-05
2000-08-30,0.0
2000-08-31,0.00852491056185456
2000-09-01,0.00511036404167986
2000-09-05,0.0018471250127740646
2000-09-06,-0.0291033899841725
2000-09-07,-0.001991951289006977
2000-09-08,-0.005621184759685427
2000-09-11,-0.0011824163828243472
2000-09-12,0.0036498574683863083
2000-09-13,-0.009040415863331708
2000-09-14,0.010500402441650403
2000-09-15,0.024420027368574626
2000-09-18,-0.0014504806288422323
2000-09-19,0.00946063307624212
2000-09-20,-0.004183945767088804
2000-09-21,-0.00213932333090594
2000-09-22,-0.10837710877711537
2000-09-25,0.009925770696723513
2000-09-26,-0.008870216867434833
2000-09-27,0.00560228575406807
2000-09-28,-0.005049071115777126
2000-09-29,-0.0030274198057411716
2000-10-02,0.005960413409285215
2000-10-03,0.0
2000-10-04,0.01110856891525036
2000-10-05,0.007573633563006998
2000-10-06,-0.017109483660808666
2000-10-09,0.0
2000-10-10,0.0
2000-10-11,-0.008867565194024651
2000-10-12,0.0
2000-10-13,0.0
2000-10-16,0.0
2000-10-17,0.0
2000-10-18,0.0
2000-10-19,0.0
2000-10-20,0.0
2000-10-23,0.0
2000-10-24,0.0
2000-10-25,-0.011299067269326724
2000-10-26,0.0
2000-10-27,0.0
2000-10-30,0.0
2000-10-31,0.010286462195027601
2000-11-01,0.0
2000-11-02,0.0
2000-11-03,0.023013063262821154
2000-11-06,0.0073177279850447086
2000-11-07,-0.004284130757416071
2000-11-08,-0.004310677615903313
2000-11-09,-0.013685709906342436
2000-11-10,-0.008926982193653954
2000-11-13,0.0
2000-11-14,0.0
2000-11-15,0.0
2000-11-16,0.0
2000-11-17,-0.005840372860838716
2000-11-20,-0.027305509279032303
2000-11-21,0.0
2000-11-22,0.0
2000-11-24,0.0
2000-11-27,0.031326403993096275
2000-11-28,0.0
2000-11-29,0.0
2000-11-30,0.0
2000-12-01,0.0
2000-12-04,0.0
2000-12-05,0.02235631784279324
2000-12-06,0.0
2000-12-07,0.0
2000-12-08,0.0
2000-12-11,0.0
2000-12-12,0.0
2000-12-13,-0.019138213158948147
2000-12-14,-0.008418077182693162
2000-12-15,0.0
2000-12-18,-0.00558549938758468
2000-12-19,0.0
2000-12-20,0.0
2000-12-21,0.0
2000-12-22,0.0
2000-12-26,0.0
2000-12-27,-0.01292094576996028
2000-12-28,0.0
2000-12-29,0.0
2001-01-02,0.005271001710518641
2001-01-03,0.0067968576421642
2001-01-04,0.0
2001-01-05,0.0
2001-01-08,0.0
2001-01-09,-0.005479558257178718
2001-01-10,-0.026135479350275936
2001-01-11,0.0
2001-01-12,0.0
2001-01-16,-0.01746272794990833
2001-01-17,0.025076524971959335
2001-01-18,0.0
2001-01-19,0.0
2001-01-22,0.0
2001-01-23,0.0
2001-01-24,0.0
2001-01-25,-0.0027544085072913616
2001-01-26,0.0
2001-01-29,-0.008200182238864318
2001-01-30,0.0003743687538657614
2001-01-31,-0.0014714361762925288
2001-02-01,0.0
2001-02-02,0.012236371536191726
2001-02-05,-0.003565979549649212
2001-02-06,-0.004900469184261236
2001-02-07,-0.005622217361185622
2001-02-08,0.004342317464542944
2001-02-09,-0.003857713583905076
2001-02-12,0.0009523646639115757
2001-02-13,-0.0023138916544265253
2001-02-14,0.003337257857164877
2001-02-15,-0.0014488093694149384
2001-02-16,-0.030788829290019692
2001-02-20,0.004006232289148981
2001-02-21,-0.005425684705277822
2001-02-22,-0.002028555489481443
2001-02-23,-0.008103788669982404
2001-02-26,0.007617869308827352
2001-02-27,-0.012199334712474696
2001-02-28,0.008030723871142564
2001-03-01,0.001838993854359261
2001-03-02,0.0
2001-03-05,0.0
2001-03-06,0.01892860876429947
2001-03-07,0.0
2001-03-08,0.0
2001-03-09,0.0
2001-03-12,0.0
2001-03-13,0.0
2001-03-14,0.0
2001-03-15,0.0
2001-03-16,0.0
2001-03-19,0.0014241098362686166
2001-03-20,0.0
2001-03-21,0.0
2001-03-22,0.0
2001-03-23,0.0
2001-03-26,0.0
2001-03-27,0.004468163871818254
2001-03-28,0.0
2001-03-29,0.0
2001-03-30,0.0
2001-04-02,0.0
2001-04-03,0.0
2001-04-04,0.0
2001-04-05,0.0
2001-04-06,0.0
2001-04-09,0.0
2001-04-10,0.0
2001-04-11,0.0
2001-04-12,0.0
2001-04-16,0.0
2001-04-17,0.0
2001-04-18,0.0
2001-04-19,0.0
2001-04-20,0.0
2001-04-23,0.0
2001-04-24,0.0
2001-04-25,0.0
2001-04-26,0.0
2001-04-27,0.0
2001-04-30,0.0
2001-05-01,0.0
2001-05-02,-5.392210353338811e-06
2001-05-03,-0.03376269342806948
2001-05-04,-0.025768540757720948
2001-05-07,0.008108554512705757
2001-05-08,0.009310676286588881
2001-05-09,-0.025778569123456663
2001-05-10,0.03551757578538761
2001-05-11,0.0014467814205767482
2001-05-14,-0.00027798210517782085
2001-05-15,0.0031824185942550542
2001-05-16,-0.006612159594462708
2001-05-17,0.001678016074681432
2001-05-18,-0.01155316770933612
2001-05-21,-0.0011528353961481885
2001-05-22,0.004052132858037849
2001-05-23,-0.007700128776175541
2001-05-24,0.0012751076400205896
2001-05-25,0.016089694408423005
2001-05-29,-0.010737259385521725
2001-05-30,-0.013069599031592105
2001-05-31,-0.002967336864310499
2001-06-01,0.014154497197021776
2001-06-04,-0.0009686730640315888
2001-06-05,0.01137179386832976
2001-06-06,0.04443701703164238
2001-06-07,-0.0026874524485220874
2001-06-08,-0.0005890726592854278
2001-06-11,-0.012502948621968102
2001-06-12,-0.020865925484206516
2001-06-13,-0.000696324898900258
2001-06-14,-0.0033487087117154424
2001-06-15,-0.004072090648700399
2001-06-18,0.0008436211125064652
2001-06-19,0.032657380692541205
2001-06-20,-0.002164768902135794
2001-06-21,0.0009298200916560972
2001-06-22,-0.00016503109263454885
2001-06-25,0.007990372234551346
2001-06-26,-0.012930762161659448
2001-06-27,0.0032153198163691332
2001-06-28,0.014632194638795726
2001-06-29,0.013903590871901184
2001-07-02,0.0019757433325753304
2001-07-03,0.00021222549517618816
2001-07-05,-0.013943722866569974
2001-07-06,-0.06845418628321553
2001-07-09,0.0007886708635469475
2001-07-10,0.01067714624123961
2001-07-11,-0.003680201705061892
2001-07-12,0.04170783805942957
2001-07-13,-0.0009704215374547465
2001-07-16,-0.0027404088842103436
2001-07-17,-0.0054877795969303644
2001-07-18,-0.005135155116498313
2001-07-19,0.012174680169534158
2001-07-20,-0.0016644516869478432
2001-07-23,0.014516215814773581
2001-07-24,-0.017600365719197097
2001-07-25,-0.005438790794585979
2001-07-26,-0.001017834282491803
2001-07-27,-0.003441789386911309
2001-07-30,0.019581098343831593
2001-07-31,0.0025693492450755695
2001-08-01,0.03247028968593235
2001-08-02,0.021876050288295534
2001-08-03,-0.0112313374904639
2001-08-06,-0.013441878745185654
2001-08-07,-0.0020619688045174778
2001-08-08,-0.0037685661480443278
2001-08-09,0.00963774090929892
2001-08-10,-0.004985251354750031
2001-08-13,0.016219345724153955
2001-08-14,-0.0013901668851253879
2001-08-15,0.014587920111390762
2001-08-16,-0.008413441169328295
2001-08-17,-0.01566987176609347
2001-08-20,-0.001023093303019862
2001-08-21,0.0053693347349146325
2001-08-22,0.003615345195169928
2001-08-23,0.004294921660045192
2001-08-24,0.01267857815048723
2001-08-27,-0.007465311010463216
2001-08-28,0.0
2001-08-29,0.0010039687126222052
2001-08-30,0.0
2001-08-31,-0.008803314592138678
2001-09-04,-0.014771650038113315
2001-09-05,-0.005147106438490923
2001-09-06,0.0
2001-09-07,0.0
2001-09-10,-0.006806596879785465
2001-09-17,-0.05517220981307114
2001-09-18,0.0
2001-09-19,0.0
2001-09-20,0.0
2001-09-21,0.0
2001-09-24,0.0
2001-09-25,0.0
2001-09-26,0.0
2001-09-27,-0.00351800258802748
2001-09-28,0.0
2001-10-01,0.0
2001-10-02,0.0036625806444028353
2001-10-03,-0.008749417903324619
2001-10-04,0.0
2001-10-05,0.0
2001-10-08,0.0
2001-10-09,0.0
2001-10-10,0.004890748805153278
2001-10-11,0.0
2001-10-12,0.0
2001-10-15,0.0
2001-10-16,0.00403895321496428
2001-10-17,0.0
2001-10-18,0.0
2001-10-19,1.9285421326564745e-07
2001-10-22,0.005302875073354585
2001-10-23,0.016265661303606516
2001-10-24,0.011752930781992577
2001-10-25,-0.00997970351896027
2001-10-26,0.0
2001-10-29,0.0014274881331570732
2001-10-30,0.0
2001-10-31,0.0
2001-11-01,0.00695326483569203
2001-11-02,0.0
2001-11-05,0.00788962314187458
2001-11-06,0.001407264589925017
2001-11-07,-0.012357257710894687
2001-11-08,0.012300258530228314
2001-11-09,0.00157867834837222
2001-11-12,-0.0012526168723322462
2001-11-13,0.0
2001-11-14,0.014940053735817083
2001-11-15,0.0
2001-11-16,-0.002806843890300059
2001-11-19,0.003961152116314759
2001-11-20,-0.006104312905336529
2001-11-21,-0.002274079109519822
2001-11-23,0.01594131088133066
2001-11-26,0.015954641625700816
2001-11-27,-0.012091207771282142
2001-11-28,0.0
2001-11-29,0.0036692983459747364
2001-11-30,-0.004446140058550485
2001-12-03,0.009428654245118295
2001-12-04,0.006884680207309701
2001-12-05,0.020539397014547767
2001-12-06,0.0
2001-12-07,0.0
2001-12-10,0.0
2001-12-11,0.0
2001-12-12,0.0
2001-12-13,-0.0349015075661131
2001-12-14,-5.336264341360142e-05
2001-12-17,0.023414791824745373
2001-12-18,0.022876722821265405
2001-12-19,-0.028013026578246114
2001-12-20,-0.015054851192148
2001-12-21,-2.3719711972347568e-08
2001-12-24,-0.0009055121342579353
2001-12-26,0.0027709413331846733
2001-12-27,0.003096458016934367
2001-12-28,0.012707989277621179
2001-12-31,0.006211215297876604
2002-01-02,0.010272181139752368
2002-01-03,0.0007606932672687972
2002-01-04,0.0017698038150522066
2002-01-07,0.008638281521444746
2002-01-08,0.00039298549362887236
2002-01-09,0.0074646949360988035
2002-01-10,-0.01818637915435528
2002-01-11,0.0038483786068783665
2002-01-14,-0.012832135012712853
2002-01-15,0.0018046125110475764
2002-01-16,-0.005268043622316365
2002-01-17,0.04311442718803038
2002-01-18,-0.026681688231877
2002-01-22,0.002986862665910195
2002-01-23,0.006799183308435763
2002-01-24,0.03179518735737541
2002-01-25,-0.005678592446875408
2002-01-28,0.0019454904744389268
2002-01-29,-0.008539274857155443
2002-01-30,-0.0023262850905650945
2002-01-31,0.006924886303345534
2002-02-01,0.003025151008782867
2002-02-04,-0.0008174858184780698
2002-02-05,-0.0014872069269142862
2002-02-06,-0.0006066206997239476
2002-02-07,0.0022223200468272086
2002-02-08,0.003910985701584435
2002-02-11,-0.0028323095903701745
2002-02-12,-0.0019944880908636664
2002-02-13,0.002253881360681831
2002-02-14,-0.0001866126481492314
2002-02-15,-0.01354463111795734
2002-02-19,-0.0012907629368921203
2002-02-20,0.0015351137079779864
2002-02-21,0.002066906917257416
2002-02-22,0.0035343835223959896
2002-02-25,0.0034542825409735745
2002-02-26,0.008771695336404095
2002-02-27,0.010772295110960561
2002-02-28,0.015238078129782728
2002-03-01,0.008013435213587883
2002-03-04,0.011804178373656438
2002-03-05,0.0017965252102445373
2002-03-06,-0.0070800939527996265
2002-03-07,0.02337586436513317
2002-03-08,0.002952468006897968
2002-03-11,-0.0174004944676055
2002-03-12,-0.02074680149491337
2002-03-13,-0.009150086201606955
2002-03-14,-0.01034814651682503
2002-03-15,0.016133169696889604
2002-03-18,0.011008782916876347
2002-03-19,0.008041886353949534
2002-03-20,-0.017051375546415448
2002-03-21,-0.0018432798919654214
2002-03-22,-0.0019184785423815853
2002-03-25,0.001780119772032407
2002-03-26,-0.004006089219136033
2002-03-27,-0.010377536275554267
2002-03-28,0.023561421748291123
2002-04-01,-0.018435994118051302
2002-04-02,-0.012314474109328621
2002-04-03,0.00016764976454397562
2002-04-04,-0.0018283022277840733
2002-04-05,3.4483937425555666e-06
2002-04-08,-0.01618385315022297
2002-04-09,0.005829087380024411
2002-04-10,0.012760220062226768
2002-04-11,-0.02526899068595878
2002-04-12,0.008288890864923681
2002-04-15,0.0018001286548405826
2002-04-16,0.016811186466781702
2002-04-17,0.010945990129797245
2002-04-18,-0.006148135266608845
2002-04-19,0.00900409900997623
2002-04-22,0.012720333050339816
2002-04-23,0.017406166984683002
2002-04-24,0.011659797587684206
2002-04-25,7.118317330134794e-05
2002-04-26,0.011986251626799893
2002-04-29,-0.0002026311673735126
2002-04-30,0.006559853712386987
2002-05-01,0.007826375586300172
2002-05-02,0.006654443099154417
2002-05-03,0.0
2002-05-06,-0.004000419024587698
2002-05-07,0.0
2002-05-08,0.0
2002-05-09,-0.005781314783178226
2002-05-10,0.0
2002-05-13,0.009195991755673427
2002-05-14,0.035498577393341835
2002-05-15,0.0
2002-05-16,0.0
2002-05-17,0.0
2002-05-20,0.0
2002-05-21,0.0
2002-05-22,0.0
2002-05-23,0.0005616109618729048
2002-05-24,-0.014775659157700405
2002-05-28,0.0065164050058001965
2002-05-29,-0.018313672401038206
2002-05-30,-0.014612826085894981
2002-05-31,0.006489529154821927
2002-06-03,-0.006503151704558396
2002-06-04,0.0
2002-06-05,-0.004261081550215096
2002-06-06,-0.0013359479284079656
2002-06-07,-0.09256237273067425
2002-06-10,0.0
2002-06-11,0.007503177493458635
2002-06-12,-0.0017577791907025242
2002-06-13,0.0
2002-06-14,0.0
2002-06-17,0.0
2002-06-18,-0.011825593763464037
2002-06-19,-0.008811213072534407
2002-06-20,0.0
2002-06-21,0.0
2002-06-24,0.0
2002-06-25,0.0
2002-06-26,0.0
2002-06-27,0.0
2002-06-28,0.0
2002-07-01,0.0
2002-07-02,0.0
2002-07-03,0.0
2002-07-05,0.0
2002-07-08,-0.0038610089002397707
2002-07-09,0.0
2002-07-10,0.0019088160656663966
2002-07-11,-0.0036992639268506045
2002-07-12,0.0
2002-07-15,0.0052526475557161945
2002-07-16,0.0
2002-07-17,0.0
2002-07-18,0.0
2002-07-19,0.0
2002-07-22,0.0
2002-07-23,0.0
2002-07-24,0.0
2002-07-25,0.0
2002-07-26,0.0
2002-07-29,0.0
2002-07-30,0.0
2002-07-31,0.0
2002-08-01,0.0
2002-08-02,0.0
2002-08-05,0.0
2002-08-06,0.0
2002-08-07,0.0
2002-08-08,0.0
2002-08-09,0.0
2002-08-12,0.0
2002-08-13,-0.017920820937524673
2002-08-14,0.0
2002-08-15,0.0
2002-08-16,0.0
2002-08-19,0.0
2002-08-20,0.0
2002-08-21,0.028374700292269628
2002-08-22,0.0
2002-08-23,-0.0025615002051510016
2002-08-26,0.0
2002-08-27,-0.002240827561361014
2002-08-28,0.0
2002-08-29,-0.024786073891603255
2002-08-30,0.0
2002-09-03,-0.0058587336628156406
2002-09-04,0.0010548001198700252
2002-09-05,0.0
2002-09-06,0.013982369480082912
2002-09-09,-0.017400505918949927
2002-09-10,0.004586487235979764
2002-09-11,0.006703494640780683
2002-09-12,0.0
2002-09-13,-0.0036664259070746663
2002-09-16,0.0
2002-09-17,0.016594312195181482
2002-09-18,0.0
2002-09-19,0.0
2002-09-20,0.002693597533373504
2002-09-23,-0.014613493825732293
2002-09-24,-0.015660528061216872
2002-09-25,0.0
2002-09-26,0.0
2002-09-27,-0.0043929512246622116
2002-09-30,0.0
2002-10-01,0.0
2002-10-02,0.0
2002-10-03,0.0
2002-10-04,0.0
2002-10-07,0.0
2002-10-08,0.0
2002-10-09,0.0
2002-10-10,0.0
2002-10-11,0.0
2002-10-14,0.0
2002-10-15,0.020290816119315602
2002-10-16,0.0
2002-10-17,0.0
2002-10-18,0.0
2002-10-21,0.0
2002-10-22,0.0
2002-10-23,0.0
2002-10-24,0.0
2002-10-25,0.0
2002-10-28,0.0
2002-10-29,0.0002608343057421969
2002-10-30,0.0
2002-10-31,0.0
2002-11-01,0.0
2002-11-04,0.02350905937147063
2002-11-05,-0.007980331791093809
2002-11-06,0.008127783417036794
2002-11-07,-0.007032814056837311
2002-11-08,-0.002155769243876393
2002-11-11,-0.007841304782836844
2002-11-12,0.0028118332560593817
2002-11-13,-0.0030860676203214865
2002-11-14,0.005479808332534031
2002-11-15,-0.004719241736721003
2002-11-18,0.003390856393615138
2002-11-19,-0.007936539533432097
2002-11-20,0.0007268670382145626
2002-11-21,-0.0008761316687954102
2002-11-22,-0.01363316262573433
2002-11-25,-1.5795577805399752e-05
2002-11-26,-0.004254680307845926
2002-11-27,0.0019732566544661267
2002-11-29,0.013549535648886613
2002-12-02,0.013518470795500726
2002-12-03,-0.007938059495161354
2002-12-04,-0.008360373214375438
2002-12-05,0.005116377300578012
2002-12-06,-0.006452640006640031
2002-12-09,-0.0012264666310877193
2002-12-10,0.0025419584666077633
2002-12-11,-0.0010587157912554934
2002-12-12,0.0009497705813090729
2002-12-13,-0.017447614290769797
2002-12-16,0.0035850448362544363
2002-12-17,0.002276134621294723
2002-12-18,-0.00394975074780568
2002-12-19,0.002080878358675653
2002-12-20,0.010881703542366283
2002-12-23,-0.0005758955357332285
2002-12-24,0.0017733626173690453
2002-12-26,0.00737253117577108
2002-12-27,-0.008506030152357624
2002-12-30,-0.008745177125939363
2002-12-31,0.005310229013812284
2003-01-02,0.011606070828794168
2003-01-03,0.002417870446867809
2003-01-06,0.007278250547137599
2003-01-07,0.003942182438134045
2003-01-08,-0.008613950384757874
2003-01-09,0.017515470927304877
2003-01-10,-0.006218735674689224
2003-01-13,0.008271303725879253
2003-01-14,-0.013042725356163909
2003-01-15,0.0027337165652641104
2003-01-16,0.013562921082661994
2003-01-17,-0.005788398317949528
2003-01-21,-0.006035782392541766
2003-01-22,-0.0018245540894641366
2003-01-23,0.0020851334356117857
2003-01-24,-0.004732164453990384
2003-01-27,-0.008286796172003008
2003-01-28,-0.0013139301259368352
2003-01-29,-0.015840913507218612
2003-01-30,-0.0008879397587711058
2003-01-31,-0.004273873866011857
2003-02-03,0.007018163916655329
2003-02-04,-0.0024834825192580068
2003-02-05,0.0010945720782884472
2003-02-06,0.014739498317817512
2003-02-07,0.00952374549267243
2003-02-10,-0.003280745882455194
2003-02-11,-0.00858156653822717
2003-02-12,-0.015335943968657673
2003-02-13,-0.003698216456189396
2003-02-14,0.04190446604312115
2003-02-18,0.0
2003-02-19,0.0
2003-02-20,0.0
2003-02-21,0.0
2003-02-24,0.0
2003-02-25,-0.012347518814635916
2003-02-26,0.0
2003-02-27,0.004209839921309744
2003-02-28,0.0005708843710676703
2003-03-03,0.007791910087468379
2003-03-04,-0.005586309596724015
2003-03-05,-0.005442358029172256
2003-03-06,-0.0008768285436900891
2003-03-07,-0.021100649043765518
2003-03-10,-0.016477991284750804
2003-03-11,0.004051578333034378
2003-03-12,-0.004418084458657656
2003-03-13,0.018868068507925884
2003-03-14,0.011921605183463413
2003-03-17,-0.009820475355896918
2003-03-18,0.0
2003-03-19,0.0007300278422992523
2003-03-20,0.0019535802502761435
2003-03-21,0.02261088604752315
2003-03-24,-0.044826489620486965
2003-03-25,0.0029290221308380104
2003-03-26,0.007372389456283157
2003-03-27,-0.028064786477442483
2003-03-28,-0.003105531352914692
2003-03-31,-0.016852657075817068
2003-04-01,0.01060320356115696
2003-04-02,0.03140862386936316
2003-04-03,0.0060625258411064475
2003-04-04,0.0082674634703781
2003-04-07,0.028532891690635775
2003-04-08,0.0008655757122033592
2003-04-09,-0.005320720724946493
2003-04-10,0.009318030827070167
2003-04-11,0.009150731069531348
2003-04-14,-0.0043110981542632265
2003-04-15,-0.01939896629979676
2003-04-16,0.015620699794146153
2003-04-17,0.004753035155841356
2003-04-21,0.000489455827527463
2003-04-22,0.0031755239352215803
2003-04-23,-0.00036046077234108687
2003-04-24,-0.0001659555258659573
2003-04-25,-0.02053646664705777
2003-04-28,0.0068211416204788655
2003-04-29,0.010180883769340232
2003-04-30,-0.054918120342509424
2003-05-01,-0.004064278618734041
2003-05-02,0.0052956978810432265
2003-05-05,0.007488796134630826
2003-05-06,0.00018035902605029186
2003-05-07,-0.011613466683486617
2003-05-08,-0.011633129090808936
2003-05-09,0.007015259878854874
2003-05-12,0.006287757243262249
2003-05-13,-0.011586612540611663
2003-05-14,0.0025291391691641962
2003-05-15,0.010529068566019761
2003-05-16,-0.005559648004231477
2003-05-19,-0.010666725278148048
2003-05-20,0.005610571921278229
2003-05-21,-0.00794014325605219
2003-05-22,0.007225953897605386
2003-05-23,0.0035722579321455505
2003-05-27,-0.001427650961259297
2003-05-28,0.0030306358418377144
2003-05-29,0.004255369634723394
2003-05-30,0.004930206369070378
2003-06-02,0.007347141961621562
2003-06-03,-0.005507272538845975
2003-06-04,0.0003865389720081325
2003-06-05,-0.010850928411849647
2003-06-06,0.008683913220781436
2003-06-09,-0.0023757606846743773
2003-06-10,0.007308059106260867
2003-06-11,-0.011729119937057941
2003-06-12,0.00013268515240771883
2003-06-13,-0.013677918403610656
2003-06-16,0.004469404338809602
2003-06-17,0.009214359768137337
2003-06-18,-0.022799895513702872
2003-06-19,-0.003692933415605948
2003-06-20,-0.007538759106782478
2003-06-23,7.865435145060218e-05
2003-06-24,-0.010821252970165562
2003-06-25,0.0022208965569483485
2003-06-26,0.0019064722524080313
2003-06-27,0.005574767196781405
2003-06-30,0.006571538229413809
2003-07-01,0.002506461827822548
2003-07-02,0.0045790834295924565
2003-07-03,-0.015012396541146278
2003-07-07,0.005699856850625018
2003-07-08,-0.006854893224100045
2003-07-09,-0.0005907651906983391
2003-07-10,-0.028036533438896005
2003-07-11,0.006356956310689776
2003-07-14,0.013680627387643973
2003-07-15,0.01357306481117515
2003-07-16,0.0037473482167380556
2003-07-17,-0.006944638191617836
2003-07-18,0.010721516650633811
2003-07-21,0.0004372781013615157
2003-07-22,0.0043678879838569
2003-07-23,0.003353559189081423
2003-07-24,0.02203413469137394
2003-07-25,-0.012654828170450383
2003-07-28,-0.005402599968134969
2003-07-29,0.00032623168843159966
2003-07-30,0.0007959051038533005
2003-07-31,0.012624954836840896
2003-08-01,-0.0009054207184324703
2003-08-04,0.00497317987536583
2003-08-05,0.006026423037198914
2003-08-06,-0.0038998089584147966
2003-08-07,-0.002468238419791824
2003-08-08,-0.047350794016348896
2003-08-11,-0.00040403605666261555
2003-08-12,0.0034126763283039985
2003-08-13,0.0011056631435424347
2003-08-14,-0.012251278883237071
2003-08-15,-0.0010475988000305803
2003-08-18,0.00029849491921507543
2003-08-19,0.017427886971463247
2003-08-20,-0.009840741786769636
2003-08-21,0.01097713334181738
2003-08-22,0.04783791965765816
2003-08-25,-0.007137420735888522
2003-08-26,-0.008925851515357519
2003-08-27,-0.0002656603033764915
2003-08-28,0.004916689311250666
2003-08-29,-0.0040817444225969
2003-09-02,0.0041220735984466295
2003-09-03,-0.0006191907378537698
2003-09-04,-0.0012430406674852623
2003-09-05,-0.0012922262561303466
2003-09-08,-0.0007527944822373067
2003-09-09,-0.0047284480796175865
2003-09-10,-0.021151796154804225
2003-09-11,0.0026489822479149883
2003-09-12,-0.007489568551325765
2003-09-15,0.006891662111101038
2003-09-16,0.005301430547662411
2003-09-17,-0.0005484754111380052
2003-09-18,-0.0008334265957433695
2003-09-19,-0.0037569919505333615
2003-09-22,-0.02132175394717928
2003-09-23,0.0035281537880489378
2003-09-24,0.0049479188300523
2003-09-25,0.002725244382480785
2003-09-26,-0.0058969726886638485
2003-09-29,0.0054912658623245125
2003-09-30,0.0013548088326520435
2003-10-01,0.002563943647909017
2003-10-02,-0.0005172890126277085
2003-10-03,0.044220809602126376
2003-10-06,0.004825387589735941
2003-10-07,0.004385362537584925
2003-10-08,0.006673175899013062
2003-10-09,0.0244653993351569
2003-10-10,0.007751786522396165
2003-10-13,0.007725082767314095
2003-10-14,-0.007434900413647805
2003-10-15,0.027324051318232012
2003-10-16,-0.01500752071957867
2003-10-17,0.01263666415657072
2003-10-20,-0.00032547390424797484
2003-10-21,0.010078805721582373
2003-10-22,-0.023797799583705093
2003-10-23,-0.031672603847533565
2003-10-24,-0.0054275992001533435
2003-10-27,-4.481790101551475e-05
2003-10-28,0.03899790088223276
2003-10-29,-0.06967656074722883
2003-10-30,0.014662886758471716
2003-10-31,0.003909164933008524
2003-11-03,0.019015751428479
2003-11-04,-0.00836321861030298
2003-11-05,-0.0033488529843315185
2003-11-06,0.005380641816926879
2003-11-07,0.004438860958022373
2003-11-10,-0.015203749592091476
2003-11-11,0.0018466138255632814
2003-11-12,0.009736846232083707
2003-11-13,-0.006223291527967967
2003-11-14,-0.004039884995128418
2003-11-17,-0.022579155147067986
2003-11-18,0.012188496874163901
2003-11-19,0.004436500189008319
2003-11-20,-0.03136231415695867
2003-11-21,0.01682844029076591
2003-11-24,0.015237020411581481
2003-11-25,0.0024117272808978907
2003-11-26,0.010506454936623832
2003-11-28,-0.003462931904582911
2003-12-01,0.004926117804527896
2003-12-02,0.007154766199505058
2003-12-03,0.0020009127414248873
2003-12-04,0.009718284425073609
2003-12-05,-0.023704230692362716
2003-12-08,-0.004633771908694739
2003-12-09,0.016359722382646824
2003-12-10,0.00037127274434323176
2003-12-11,0.004861000208644883
2003-12-12,0.008806484086647526
2003-12-15,0.03177377482959587
2003-12-16,-0.009241370272997873
2003-12-17,0.0007542130027433647
2003-12-18,0.006691340069658658
2003-12-19,0.004784253414823025
2003-12-22,-0.00574484070067427
2003-12-23,-0.0006757250221103295
2003-12-24,-0.00042871894343032846
2003-12-26,-0.0016598855172503812
2003-12-29,0.005856911042236179
2003-12-30,0.003021966828808287
2003-12-31,0.008631984092969613
2004-01-02,0.015766483301618672
2004-01-05,0.01849860417258009
2004-01-06,-0.008748416367600265
2004-01-07,-0.0023029638476049774
2004-01-08,0.012494395995032992
2004-01-09,-0.003843152906564784
2004-01-12,0.0029542859234796826
2004-01-13,0.0028703216563581435
2004-01-14,0.003514356548704578
2004-01-15,-0.015680543211599618
2004-01-16,0.004595179318337417
2004-01-20,0.0022502311487138105
2004-01-21,-0.02332821939801666
2004-01-22,-0.0024407975830516015
2004-01-23,0.011024508331202165
2004-01-26,-0.0018777961492946194
2004-01-27,-0.0016710956409613509
2004-01-28,0.016885613942403843
2004-01-29,0.004259639644977886
2004-01-30,0.0034918599683069207
2004-02-02,0.017932691394735967
2004-02-03,0.00042854629429234237
2004-02-04,-0.00962034318685423
2004-02-05,0.010127210324323954
2004-02-06,0.0019587097665183517
2004-02-09,0.006558735782112413
2004-02-10,0.003957623737492311
2004-02-11,0.02155682395578462
2004-02-12,0.006507392931178524
2004-02-13,0.010176256699233388
2004-02-17,0.02196185261473227
2004-02-18,0.004006761277375315
2004-02-19,0.028755832704221884
2004-02-20,0.002067254925252948
2004-02-23,-0.003023047582473848
2004-02-24,-0.004066827161990028
2004-02-25,0.011038368165467771
2004-02-26,-0.0044368868451086785
2004-02-27,0.012298743889050945
2004-03-01,-0.001989555828970868
2004-03-02,-0.0009070949416752905
2004-03-03,-0.008256518771548649
2004-03-04,-0.004858770471354523
2004-03-05,-0.011475658591528992
2004-03-08,0.002513213293128924
2004-03-09,-0.005377538869582366
2004-03-10,-0.00336141631589415
2004-03-11,-0.011606892194355622
2004-03-12,0.009993623789044115
2004-03-15,-0.00893756876849039
2004-03-16,0.008203338323217624
2004-03-17,0.012574024311009069
2004-03-18,0.00048206435624309485
2004-03-19,-0.005326635122726686
2004-03-22,-0.01433074168007964
2004-03-23,0.013721792473582184
2004-03-24,-0.004608355854923696
2004-03-25,0.018710675587999104
2004-03-26,-0.004981027890414991
2004-03-29,0.009857182202799297
2004-03-30,-0.002396994661802432
2004-03-31,-0.0005864936716614144
2004-04-01,0.02033459607545529
2004-04-02,0.023544258512964378
2004-04-05,-0.010068785227306587
2004-04-06,-0.012342137270661357
2004-04-07,0.0038616450481192555
2004-04-08,0.019090491273578758
2004-04-12,0.0047139483662790305
2004-04-13,0.006136028101719981
2004-04-14,-0.01749719479867462
2004-04-15,0.003889836791459489
2004-04-16,0.0046378175932417776
2004-04-19,0.0032214033880932913
2004-04-20,-0.0008397315440832331
2004-04-21,0.009211471374373836
2004-04-22,-0.012471387299023529
2004-04-23,0.0010967431160455732
2004-04-26,0.007827014914180808
2004-04-27,0.006408405510374582
2004-04-28,-0.02498299229821921
2004-04-29,-0.008323658751960283
2004-04-30,0.021495699537012358
2004-05-03,0.011057514477249786
2004-05-04,0.002578449926196935
2004-05-05,0.008528359534800911
2004-05-06,0.0067194566687283075
2004-05-07,-0.003231665373764403
2004-05-10,-0.014494886343028313
2004-05-11,0.01887882696577048
2004-05-12,-0.01058912770315501
2004-05-13,-0.008402483766025481
2004-05-14,0.0067012978026999015
2004-05-17,-0.017446547161805492
2004-05-18,0.011989355057836937
2004-05-19,0.01203385041377647
2004-05-20,0.0005793163038319005
2004-05-21,0.009576986701995027
2004-05-24,0.014124094593593206
2004-05-25,0.0016610073265326264
2004-05-26,-0.002795719564925969
2004-05-27,0.010170698910047404
2004-05-28,0.005020699737319001
2004-06-01,-0.014329080146336604
2004-06-02,0.007905766072900722
2004-06-03,-0.006120340462650198
2004-06-04,0.011363710775226687
2004-06-07,0.010133445153404752
2004-06-08,-0.001706741821077995
2004-06-09,0.0044310019356008645
2004-06-10,0.009683045584159
2004-06-14,-0.0022735034603023063
2004-06-15,0.01871090057235225
2004-06-16,-0.0016380048239892364
2004-06-17,0.0
2004-06-18,-0.01571021797009231
2004-06-21,0.0005061010926119547
2004-06-22,0.0018898475371238455
2004-06-23,0.0021782922689670414
2004-06-24,0.01601997537505273
2004-06-25,0.0055688680837451265
2004-06-28,0.016273648954943765
2004-06-29,0.011595249244658934
2004-06-30,-0.008194058701190943
2004-07-01,-0.00177924843619659
2004-07-02,-0.00255524236363458
2004-07-06,-0.015688671696768353
2004-07-07,0.0014938080910775753
2004-07-08,-0.00895122979678542
2004-07-09,0.004187678290069163
2004-07-12,-0.009122154021838136
2004-07-13,0.00919992821071891
2004-07-14,-0.02640894517170367
2004-07-15,0.0014555672988481039
2004-07-16,0.01139219779820877
2004-07-19,-0.0007557420180864804
2004-07-20,0.004195933652992867
2004-07-21,0.016738291382532244
2004-07-22,-0.00495140682030204
2004-07-23,-0.01221141319179364
2004-07-26,0.007724800591845771
2004-07-27,0.00058514796083875
2004-07-28,-0.0069824540695268
2004-07-29,0.003416223334329338
2004-07-30,0.003950547921197867
2004-08-02,0.00014227666587118826
2004-08-03,-0.0011685096569254982
2004-08-04,-0.004629920941360055
2004-08-05,0.005792091607992322
2004-08-06,-0.008472128546996749
2004-08-09,0.014044747033888916
2004-08-10,-0.0029912595377116213
2004-08-11,-0.025679146449100965
2004-08-12,0.0
2004-08-13,0.019387618844556975
2004-08-16,-0.0038095455200829464
2004-08-17,0.01451401638183003
2004-08-18,-0.0033831566343994757
2004-08-19,0.0
2004-08-20,0.0035158055451183223
2004-08-23,0.00900783956912976
2004-08-24,0.004768776516241635
2004-08-25,-0.0035668051305919324
2004-08-26,-0.0030044969968793245
2004-08-27,0.0021164644994415838
2004-08-30,-0.0038163486471239905
2004-08-31,0.0019386522110955706
2004-09-01,0.005331510256620042
2004-09-02,-0.000575645462100205
2004-09-03,-0.0324747046040067
2004-09-07,0.01552395199451162
2004-09-08,-0.0038099179227943925
2004-09-09,0.02521994487431245
2004-09-10,0.004325557154212456
2004-09-13,0.0
2004-09-14,-0.005158901222103607
2004-09-15,-0.012057240348628984
2004-09-16,0.010299576668664434
2004-09-17,0.01131759836365065
2004-09-20,-0.008931974171094925
2004-09-21,0.007587796907533972
2004-09-22,0.0013042741338762376
2004-09-23,0.003919731583127417
2004-09-24,0.004311006078980828
2004-09-27,-0.0070497872978603215
2004-09-28,-0.0018791204433754594
2004-09-29,5.782876401294601e-05
2004-09-30,-0.007336416175500404
2004-10-01,0.00790137412603209
2004-10-04,0.014763370270511444
2004-10-05,-0.02006536106025003
2004-10-06,-5.7605015394313064e-05
2004-10-07,0.004797906871896185
2004-10-08,-0.010097144242358524
2004-10-11,-0.0008081815291964833
2004-10-12,-0.02517222297831767
2004-10-13,0.02197526199970845
2004-10-14,-0.004344253822997857
2004-10-15,0.011840446261583315
2004-10-18,-0.005973649534997683
2004-10-19,0.01865726291914105
2004-10-20,-0.002442700796574493
2004-10-21,0.007877177545973613
2004-10-22,0.007088031306800913
2004-10-25,-0.00406465635267661
2004-10-26,0.03896734149448733
2004-10-27,0.07000396421550348
2004-10-28,0.0
2004-10-29,0.0
2004-11-01,0.0
2004-11-02,0.0
2004-11-03,0.0
2004-11-04,0.020525093409832884
2004-11-05,0.0027109371206028854
2004-11-08,0.005145577158653714
2004-11-09,-0.004383012784187734
2004-11-10,0.00908210627674011
2004-11-11,0.00030181337909640504
2004-11-12,-0.0012078911762752886
2004-11-15,-0.0006251082340247294
2004-11-16,-0.0005793398350190104
2004-11-17,0.015121656094106761
2004-11-18,0.0030314071845061186
2004-11-19,0.013813552477800917
2004-11-22,-0.010326016536709615
2004-11-23,0.0014467770623700638
2004-11-24,0.0017991510106978303
2004-11-26,0.007068688950555568
2004-11-29,0.017443760932506436
2004-11-30,0.0004155360649338302
2004-12-01,0.008944121340011879
2004-12-02,0.0025882998908053345
2004-12-03,0.00395827114323577
2004-12-06,0.006007792177881166
2004-12-07,-0.010255196821282175
2004-12-08,-0.00561888198937277
2004-12-09,-0.0039982806942848725
2004-12-10,-0.004072352166820115
2004-12-13,0.020180747368924612
2004-12-14,0.0016564460959027638
2004-12-15,0.0065090454971301615
2004-12-16,0.003853019599239227
2004-12-17,-0.004684097776191498
2004-12-20,0.0048693943681259455
2004-12-21,0.004953436647301412
2004-12-22,-0.002961407017677442
2004-12-23,0.0045565050118003825
2004-12-27,0.013220050290569052
2004-12-28,0.0016019053228246705
2004-12-29,-3.956958736384131e-05
2004-12-30,0.0010660694330644205
2004-12-31,0.006624224924478117
2005-01-03,0.023311871391407335
2005-01-04,-0.0039520324233104365
2005-01-05,0.0014788234424545355
2005-01-06,0.00945432684661407
2005-01-07,0.011968118008255813
2005-01-10,0.00601924347110816
2005-01-11,0.001859155573298299
2005-01-12,0.003766263288379479
2005-01-13,0.0007859926371784898
2005-01-14,0.007672115870812846
2005-01-18,-0.008521515338678287
2005-01-19,0.004769649745027582
2005-01-20,-0.011801117261166394
2005-01-21,0.00674672986997793
2005-01-24,-0.012276305623477146
2005-01-25,0.007915972232082957
2005-01-26,0.0060859997693216705
2005-01-27,0.004726784107778492
2005-01-28,0.002711054963262516
2005-01-31,0.014617309117444632
2005-02-01,0.0027614914888052233
2005-02-02,0.09529415500436444
2005-02-03,0.0
2005-02-04,0.0
2005-02-07,0.0
2005-02-08,0.0
2005-02-09,0.0
2005-02-10,0.034389040820659744
2005-02-11,0.004233163338489776
2005-02-14,-0.009947436311781965
2005-02-15,0.00988510730168346
2005-02-16,-0.0012111279568152167
2005-02-17,0.005481745034678243
2005-02-18,0.02539323606658006
2005-02-22,-0.00296178194425345
2005-02-23,0.01110983447192071
2005-02-24,-0.01799748652430022
2005-02-25,0.002725792981336239
2005-02-28,-0.004325557187263018
2005-03-01,0.004613792609596157
2005-03-02,-0.0031242647980608274
2005-03-03,0.003577124610908866
2005-03-04,0.008566027617981087
2005-03-07,-0.0008315127821227897
2005-03-08,-0.010145409862669097
2005-03-09,-8.040153147848006e-05
2005-03-10,0.0029985157055798517
2005-03-11,0.006511960127058458
2005-03-14,0.023505400500529294
2005-03-15,0.004987667824047914
2005-03-16,-0.00460679180277257
2005-03-17,0.0032377597499735344
2005-03-18,0.008965631731054247
2005-03-21,-0.0014754145292826815
2005-03-22,-0.00016068604870722591
2005-03-23,-0.004848034133899115
2005-03-24,0.00739999992959639
2005-03-28,0.0029625387784684154
2005-03-29,0.0014169766798164396
2005-03-30,0.00403869259120837
2005-03-31,0.004821474969576078
2005-04-01,0.011195364034910726
2005-04-04,-0.007245799053753332
2005-04-05,0.00014211130905761316
2005-04-06,0.011613570478763657
2005-04-07,0.0016339633599096182
2005-04-08,0.0026383083558954024
2005-04-11,0.006518115995485907
2005-04-12,-0.001014274780755886
2005-04-13,0.003193849790958936
2005-04-14,0.007796080768206259
2005-04-15,-0.012866043921001658
2005-04-18,-0.00028022974100216924
2005-04-19,0.005501780631886
2005-04-20,0.00820606186983941
2005-04-21,0.0024716255392362996
2005-04-22,-0.0005323060520842082
2005-04-25,0.017955137939418497
2005-04-26,0.010776159493710136
2005-04-27,-0.00445666815083634
2005-04-28,-0.0004370807209883587
2005-04-29,0.008130750109192286
2005-05-02,0.0010335414771847073
2005-05-03,0.000305653183398924
2005-05-04,-0.0020490630212968153
2005-05-05,0.003838703451612302
2005-05-06,0.010153687879767004
2005-05-09,0.0013701232791190066
2005-05-10,-0.008673515514171504
2005-05-11,0.007023804596445027
2005-05-12,0.0006010476691702404
2005-05-13,0.025178914061744884
2005-05-16,0.00481897279425092
2005-05-17,-0.00019956703960932742
2005-05-18,0.0024476927989585118
2005-05-19,0.003965673960014238
2005-05-20,0.0024226375880969098
2005-05-23,0.0015310264859071943
2005-05-24,-0.004416096822743021
2005-05-25,0.0011763738134147328
2005-05-26,0.006454320312480277
2005-05-27,-0.0011658413277378932
2005-05-31,0.0009033765111008396
2005-06-01,-0.0022138909913782534
2005-06-02,0.002461493320846664
2005-06-03,-0.003357065148183347
2005-06-06,-0.006777423090371104
2005-06-07,0.0
2005-06-08,0.002990745485913715
2005-06-09,-0.003415029533759717
2005-06-10,2.4742039259839643e-05
2005-06-13,0.0
2005-06-14,-0.0013470956761040265
2005-06-15,0.0076545129736294015
2005-06-16,0.004310193169208665
2005-06-17,0.004078591914453256
2005-06-20,-0.00800827924843761
2005-06-21,0.001245516266304092
2005-06-22,0.0048313309000873605
2005-06-23,0.009569580986884318
2005-06-24,-0.0009743839003796273
2005-06-27,-0.004517288174825773
2005-06-28,0.0031818874397535613
2005-06-29,0.0015741700616118681
2005-06-30,0.002494583613829704
2005-07-01,-0.0011749367636031405
2005-07-05,-0.005935553948002048
2005-07-06,0.0028216649703756147
2005-07-07,-0.014146456914679861
2005-07-08,0.0020621948696115666
2005-07-11,0.0014541664137708299
2005-07-12,-0.0016593876235011518
2005-07-13,0.0017561026547328051
2005-07-14,0.003213781630544421
2005-07-15,-0.0015293249247524399
2005-07-18,-0.0071859997934607955
2005-07-19,0.005415165751336604
2005-07-20,-0.0015347803582960173
2005-07-21,-0.0034922285489179528
2005-07-22,0.004952151959331852
2005-07-25,-0.0002360222826300884
2005-07-26,-0.003928974265729468
2005-07-27,0.079459505902298
2005-07-28,0.0
2005-07-29,0.0
2005-08-01,0.0
2005-08-02,0.0
2005-08-03,0.0
2005-08-04,-0.004431511547505429
2005-08-05,-0.00021890411965930223
2005-08-08,0.004615135364393508
2005-08-09,0.010470192191125216
2005-08-10,0.0005419456056727778
2005-08-11,0.00028106581348352755
2005-08-12,-0.012156208143502267
2005-08-15,-0.0030995371727211563
2005-08-16,0.0014995426739907725
2005-08-17,-0.0035164683265989094
2005-08-18,-0.00833082308387878
2005-08-19,-0.004522893245400561
2005-08-22,-0.0016685888814071959
2005-08-23,-0.0007010996777127021
2005-08-24,-0.005293231414310373
2005-08-25,0.010992708588248412
2005-08-26,-0.01442992758608086
2005-08-29,-0.014049849133975667
2005-08-30,-0.0023852743535677234
2005-08-31,0.004308960808652396
2005-09-01,-0.0007131836715749129
2005-09-02,0.0031903531413506325
2005-09-06,-0.0003334014816769315
2005-09-07,0.0018427711132456004
2005-09-08,-9.045976776433928e-05
2005-09-09,-5.5221397664118044e-05
2005-09-12,0.004812930341102639
2005-09-13,-0.00186329809296093
2005-09-14,-0.0033445995365340986
2005-09-15,-0.0022926365354735134
2005-09-16,0.004044453613317955
2005-09-19,-0.0005358209923955748
2005-09-20,0.003238830440497553
2005-09-21,0.002191618699720177
2005-09-22,-0.0026237266801876213
2005-09-23,-0.0007493686205056749
2005-09-26,0.007467963556941237
2005-09-27,0.003777762569946219
2005-09-28,0.009185934896563719
2005-09-29,0.003164490479730775
2005-09-30,-0.0017140608026150472
2005-10-03,-0.004669008558640275
2005-10-04,0.007843990549240454
2005-10-05,-0.002951089870784407
2005-10-06,-0.0028337877408519674
2005-10-07,0.009146024348638315
2005-10-10,0.00548650611283219
2005-10-11,0.0016531421069254648
2005-10-12,-0.0043234838970711564
2005-10-13,-0.002199940407490608
2005-10-14,0.012064909260947942
2005-10-17,0.002797313676315971
2005-10-18,-5.9045634860588336e-05
2005-10-19,-0.012128216455451035
2005-10-20,0.0029946441779051813
2005-10-21,0.008206883106296692
2005-10-24,0.008964725447602184
2005-10-25,-0.002648910841583252
2005-10-26,-0.007157972801856816
2005-10-27,-0.005942223768552246
2005-10-28,0.004519348770957832
2005-10-31,-0.00014232506915090593
2005-11-01,-0.008832942748394412
2005-11-02,-0.001639403165157205
2005-11-03,0.014772598795483427
2005-11-04,0.0023557004949761318
2005-11-07,0.0058323989902198115
2005-11-08,-0.004562868710887513
2005-11-09,0.0007021103978326337
2005-11-10,0.001504739580141079
2005-11-11,0.003234492441799519
2005-11-14,-0.004703815327154359
2005-11-15,0.013613909835985982
2005-11-16,0.0013856299310073261
2005-11-17,0.002784497196441915
2005-11-18,0.023840588473229785
2005-11-21,0.012072600236732622
2005-11-22,0.0
2005-11-23,0.0022445185634081266
2005-11-25,0.004467167383689352
2005-11-28,0.0
2005-11-29,-0.01782984982323199
2005-11-30,-0.003430746028299958
2005-12-01,0.011684281317344336
2005-12-02,0.004758951979521919
2005-12-05,-0.009316433617728936
2005-12-06,0.0030002702763325395
2005-12-07,0.0019839675252606437
2005-12-08,0.002088155946910808
2005-12-09,-0.0005227401191660874
2005-12-12,0.008040377496341788
2005-12-13,0.006900813310905196
2005-12-14,-0.001880724531445943
2005-12-15,0.000787201768714052
2005-12-16,0.006070905204352162
2005-12-19,0.0030696291969094514
2005-12-20,0.002224318242366241
2005-12-21,-0.0031969436534886597
2005-12-22,0.005069228106945323
2005-12-23,-0.0002606367932143083
2005-12-27,-0.0010025771229581482
2005-12-28,0.0036252333643904677
2005-12-29,-0.0010065537189020146
2005-12-30,-0.00588851932331258
2006-01-03,0.012315557578125746
2006-01-04,0.014974610137162614
2006-01-05,-0.00013289882377287565
2006-01-06,-0.0028394684576033002
2006-01-09,0.004786420885075637
2006-01-10,-0.00332020815535361
2006-01-11,0.0036226988370464674
2006-01-12,0.004264511410210892
2006-01-13,0.005302623868197687
2006-01-17,-0.006648746211928791
2006-01-18,-0.01678099339684913
2006-01-19,0.003348886093073933
2006-01-20,0.0025788256515504315
2006-01-23,0.004701734863700402
2006-01-24,0.006310173204896685
2006-01-25,0.01819743708175947
2006-01-26,0.012172394535822972
2006-01-27,0.02373886655821522
2006-01-30,-0.004358411288559738
2006-01-31,0.0036098707894538506
2006-02-01,-0.009479495004843908
2006-02-02,-0.0009471134988106034
2006-02-03,0.0014139920973841313
2006-02-06,0.007890114421985173
2006-02-07,-0.0015573173439481502
2006-02-08,0.01078671170216472
2006-02-09,0.004897047895096707
2006-02-10,-0.0036296811730779366
2006-02-13,-0.0021159313092775633
2006-02-14,0.006271137607581245
2006-02-15,-0.004561520823565091
2006-02-16,0.006168571426489411
2006-02-17,0.011476431477672744
2006-02-21,0.002533407759412354
2006-02-22,-0.0028232018370848433
2006-02-23,-0.004583162487918568
2006-02-24,-0.004425837232557628
2006-02-27,-0.004995828923291201
2006-02-28,-0.0003018714890101748
2006-03-01,0.0014047983682452525
2006-03-02,0.00387510270063518
2006-03-03,-0.004734255475393523
2006-03-06,0.001446652651438951
2006-03-07,-0.0017806191058298282
2006-03-08,-0.0034271828969710816
2006-03-09,0.026921885812686064
2006-03-10,-0.004554737131238773
2006-03-13,0.010973375057776735
2006-03-14,-0.00196971530015555
2006-03-15,0.0052367225451315225
2006-03-16,0.009894213399416874
2006-03-17,-0.00041739087106196227
2006-03-20,0.004582677099736587
2006-03-21,-0.024309590105544787
2006-03-22,-0.014105181528497934
2006-03-23,0.005907763108850217
2006-03-24,0.00011753791745072739
2006-03-27,0.0005997805069601903
2006-03-28,-0.0019571522139254505
2006-03-29,0.00552987886234213
2006-03-30,0.002059023646179492
2006-03-31,0.018543759605774035
2006-04-03,-0.006175140239564336
2006-04-04,0.0008887926031888593
2006-04-05,-0.0043794047792024005
2006-04-06,-0.0002533627262983895
2006-04-07,0.003775381210189943
2006-04-10,0.003104324241379519
2006-04-11,0.004425583349670248
2006-04-12,0.0043177961564155876
2006-04-13,-0.00818271609848753
2006-04-17,0.002833494042481899
2006-04-18,-0.008544051760904003
2006-04-19,-0.003112013374685696
2006-04-20,-0.0021185176875213596
2006-04-21,0.004676070498435436
2006-04-24,0.00553411262975434
2006-04-25,0.0005447205256401411
2006-04-26,0.015462274639873597
2006-04-27,-0.006212750431206837
2006-04-28,0.0021194560193631418
2006-05-01,0.02249125330079016
2006-05-02,0.002750223760042969
2006-05-03,-0.0034377144368836765
2006-05-04,-0.004972883009019546
2006-05-05,0.007603703995012534
2006-05-08,-0.00453126597872433
2006-05-09,-0.0015955131491015573
2006-05-10,-0.007376507201305449
2006-05-11,0.0063666892181124535
2006-05-12,-0.01220990175357084
2006-05-15,-0.00252911534841882
2006-05-16,0.004540653290048491
2006-05-17,-0.001223315312007811
2006-05-18,0.001460741486551509
2006-05-19,0.03689107996991958
2006-05-22,-0.008852986172259047
2006-05-23,0.032388877982576725
2006-05-24,0.005417196511577238
2006-05-25,0.00638407155219145
2006-05-26,0.003622013865268059
2006-05-30,-0.006075861213695077
2006-05-31,0.011516604932301222
2006-06-01,0.002075715509787468
2006-06-02,0.005701075269229916
2006-06-05,0.0004686960456008471
2006-06-06,-0.004127495483371102
2006-06-07,0.0020981303071445634
2006-06-08,-0.0018328508457442494
2006-06-09,-0.00048384065215856253
2006-06-12,-0.001122547663505058
2006-06-13,-0.0029630964528671866
2006-06-14,0.005342427323523191
2006-06-15,0.01717258035714031
2006-06-16,0.0
2006-06-19,0.008258325711888892
2006-06-20,-0.0017101757844106835
2006-06-21,-0.002419508700609474
2006-06-22,-0.0012936942305152854
2006-06-23,0.002019208716186105
2006-06-26,0.0024411121612628595
2006-06-27,0.0009990805264892266
2006-06-28,0.000856850880941229
2006-06-29,-0.0013296333287666773
2006-06-30,0.006227023183692948
2006-07-03,0.008491094810749722
2006-07-05,-4.305371947843639e-09
2006-07-06,0.0015449172648414056
2006-07-07,-0.01426715497457387
2006-07-10,0.0004485858645335572
2006-07-11,0.0
2006-07-12,-0.0025250068492488342
2006-07-13,-0.008897443523750326
2006-07-14,0.008591493888845392
2006-07-17,-0.0009259314028574606
2006-07-18,0.010059898822354807
2006-07-19,0.005290120637339024
2006-07-20,0.008645194925650745
2006-07-21,-0.041026057883704614
2006-07-24,0.0016490425038104828
2006-07-25,0.0048489060529974815
2006-07-26,-0.0027623858446902405
2006-07-27,0.00959389631126828
2006-07-28,-0.0015378072590428449
2006-07-31,-0.004424610913919436
2006-08-01,-0.0003635885062984734
2006-08-02,0.0
2006-08-03,-0.009061638313684783
2006-08-04,0.009117221628702765
2006-08-07,-0.0046339934954959805
2006-08-08,0.003229921232986266
2006-08-09,0.021282881331711634
2006-08-10,-0.004644401679154586
2006-08-11,-0.028323932832688747
2006-08-14,0.009806580602255588
2006-08-15,0.019010809448727573
2006-08-16,0.011160044034094208
2006-08-17,-0.007246096128560864
2006-08-18,0.0020509062808267142
2006-08-21,-0.0024683145447620403
2006-08-22,-0.002219974085847176
2006-08-23,0.002533670748304573
2006-08-24,0.00865267271556891
2006-08-25,-0.002691912753443715
2006-08-28,0.00719245396630197
2006-08-29,0.0004180467475294325
2006-08-30,0.0013442492917727922
2006-08-31,0.0006469457570015269
2006-09-01,-0.0016878146864586219
2006-09-05,-0.00027493586162985473
2006-09-06,-0.010372916145869437
2006-09-07,-0.005227495914449154
2006-09-08,0.011179092003065882
2006-09-11,-0.004181465866570644
2006-09-12,-0.005567042154513646
2006-09-13,0.00028908302544938813
2006-09-14,-0.0022636421381604377
2006-09-15,0.006588540942537691
2006-09-18,0.0015443654597291356
2006-09-19,0.003672641903738505
2006-09-20,0.009223847192508794
2006-09-21,0.001971266210626821
2006-09-22,-0.004156358402663374
2006-09-25,0.005049847689620579
2006-09-26,0.0004225536818744935
2006-09-27,0.001473972738898155
2006-09-28,-0.007663956900021973
2006-09-29,0.0035882296977720607
2006-10-02,0.0009984076601685654
2006-10-03,-0.005043617630988706
2006-10-04,-0.001162824559875708
2006-10-05,-0.006175591436580863
2006-10-06,-0.03192037297290973
2006-10-09,-0.007625887178020041
2006-10-10,0.001975568562551766
2006-10-11,-0.004842389178973505
2006-10-12,0.005408104667361746
2006-10-13,-0.002877559068846458
2006-10-16,0.002626754122225128
2006-10-17,-0.009525245361438062
2006-10-18,0.010033177135920557
2006-10-19,0.002417975331077127
2006-10-20,-0.0030215183645024846
2006-10-23,-0.00832745880795116
2006-10-24,-0.009616335176643287
2006-10-25,-0.005182676536973241
2006-10-26,0.0013855943347043098
2006-10-27,-0.001500409450288398
2006-10-30,-0.0009709614978519188
2006-10-31,0.0012866213923976577
2006-11-01,0.015210766087510041
2006-11-02,-0.0036918821377033284
2006-11-03,-0.0014869761838075535
2006-11-06,0.0029437189167496047
2006-11-07,0.0035906006302741655
2006-11-08,-0.003186862250792677
2006-11-09,0.008406166597351383
2006-11-10,-0.004788006073885076
2006-11-13,0.0011411486842904939
2006-11-14,-0.021040235158368614
2006-11-15,-0.0005711975888483822
2006-11-16,0.0026578026120329667
2006-11-17,-0.0037631695315594182
2006-11-20,0.0002907557237181724
2006-11-21,-0.001209472262764577
2006-11-22,0.00259313614864376
2006-11-24,-0.00851615222208879
2006-11-27,0.00037597263506228273
2006-11-28,-0.0005451040747985747
2006-11-29,0.009421989826762012
2006-11-30,0.0006527922681991427
2006-12-01,-0.005411614394520092
2006-12-04,0.00868207217190986
2006-12-05,-0.0032232752321342817
2006-12-06,-0.0012638321918947426
2006-12-07,0.0029479709550916944
2006-12-08,-0.0013886416967181514
2006-12-11,0.0014780892469725693
2006-12-12,-0.0014492032039381542
2006-12-13,0.00979233673622626
2006-12-14,0.001166923209513726
2006-12-15,0.02531418579665301
2006-12-18,-0.00034528497235941646
2006-12-19,-0.006048340308119182
2006-12-20,-0.001981904168741
2006-12-21,0.012873465800646189
2006-12-22,0.0013996734358385776
2006-12-26,-0.00011500681860454609
2006-12-27,0.0010101997763278803
2006-12-28,0.005287170407599184
2006-12-29,-0.00047189917419510063
2007-01-03,0.0037659659095032882
2007-01-04,0.0007361339468505701
2007-01-05,-0.00103167009001226
2007-01-08,0.01029492531044296
2007-01-09,0.0014224289788551392
2007-01-10,-0.004394432847041774
2007-01-11,0.002477803022373992
2007-01-12,-0.007173916517611012
2007-01-16,0.002263448067581164
2007-01-17,-0.0018286775694639212
2007-01-18,-0.013350437934693482
2007-01-19,-0.0017989428248804673
2007-01-22,0.0036745047093718064
2007-01-23,-0.005163345959219412
2007-01-24,0.007676532210797671
2007-01-25,0.004739161073206155
2007-01-26,0.0032751433729902857
2007-01-29,-0.00045526226924919033
2007-01-30,0.05040880151299132
2007-01-31,0.0
2007-02-01,0.0
2007-02-02,0.0
2007-02-05,0.0
2007-02-06,0.0
2007-02-07,0.0029590618114256895
2007-02-08,-0.001933586301098189
2007-02-09,0.00048557223541778605
2007-02-12,0.005787921862812517
2007-02-13,0.004571268649305127
2007-02-14,0.0028028336067305037
2007-02-15,-0.0017831596531479033
2007-02-16,-0.0010375528351753704
2007-02-20,-0.002566750594335754
2007-02-21,-0.008139888361141878
2007-02-22,0.011329598362203708
2007-02-23,7.341034932761836e-05
2007-02-26,0.0028419309307410323
2007-02-27,-0.01439525174756251
2007-02-28,-0.0027116418664793196
2007-03-01,-0.019482028557940345
2007-03-02,-0.006689896704186404
2007-03-05,-0.023119784072729965
2007-03-06,0.019081397318742477
2007-03-07,-0.0025618697716009997
2007-03-08,0.012938074786870146
2007-03-09,0.013145343567891654
2007-03-12,0.0022141992019086842
2007-03-13,-0.011977306109294372
2007-03-14,-0.0007059633623964778
2007-03-15,-0.0020379159554801962
2007-03-16,0.00023270715114298568
2007-03-19,0.003767887576144213
2007-03-20,0.00046798926324198575
2007-03-21,0.012294574459499552
2007-03-22,0.001831616711704065
2007-03-23,-0.0030558847211898943
2007-03-26,0.00022066224324124306
2007-03-27,-0.0022497515683589375
2007-03-28,-0.004651033289971629
2007-03-29,0.0025355587265625257
2007-03-30,0.004445163022589904
2007-04-02,0.0
2007-04-03,0.00019997314058906035
2007-04-04,0.0
2007-04-05,0.0033962519254766566
2007-04-09,0.000510340840433221
2007-04-10,0.0004620273878019887
2007-04-11,-0.0002511939032733279
2007-04-12,-0.0032835395384811505
2007-04-13,0.002411112509087099
2007-04-16,-0.00013563505207425663
2007-04-17,0.0011775225387520294
2007-04-18,-0.002248569655328936
2007-04-19,-0.00919439139621303
2007-04-20,0.014814133476899416
2007-04-23,-0.0017300984363735061
2007-04-24,0.0035990603793478737
2007-04-25,-0.0030697173277747236
2007-04-26,0.004531449144800748
2007-04-27,-0.004376890155594615
2007-04-30,0.004126125082298371
2007-05-01,0.005011572433992084
2007-05-02,-0.0006047746287408673
2007-05-03,0.003985784132232828
2007-05-04,0.024544677057902975
2007-05-07,0.00030914154721761733
2007-05-08,-0.012320342948365703
2007-05-09,-0.008168440156075651
2007-05-10,-0.006248843382781866
2007-05-11,-0.002889475472762304
2007-05-14,-0.001585412493373961
2007-05-15,-0.0006613282389142938
2007-05-16,0.0007546074081854481
2007-05-17,0.008907765778401577
2007-05-18,0.011653270939791405
2007-05-21,-0.0015029200243893426
2007-05-22,0.0007679775542654976
2007-05-23,-0.027433821202274
2007-05-24,-0.0025248355798425104
2007-05-25,0.002017024439987525
2007-05-29,0.005264609874065629
2007-05-30,-0.009557100144326647
2007-05-31,0.0043523331510431085
2007-06-01,0.006085744462238862
2007-06-04,-0.0073250194571168326
2007-06-05,0.0016674307893536078
2007-06-06,-0.002737499103242391
2007-06-07,-0.0004884591263355498
2007-06-08,0.004093120971415676
2007-06-11,0.004979607686245169
2007-06-12,-0.0085753988370173
2007-06-13,0.0037466384878257486
2007-06-14,0.0003879493943745871
2007-06-15,0.017417290674856867
2007-06-18,0.00788871144402159
2007-06-19,0.009259703043810852
2007-06-20,0.002300978809236298
2007-06-21,-0.0029351948106438597
2007-06-22,0.017934404618759947
2007-06-25,0.011676058186932847
2007-06-26,0.006535230373896805
2007-06-27,-0.0011239696419836909
2007-06-28,-0.0003601479793332585
2007-06-29,0.02059359782206127
2007-07-02,0.006012844484387436
2007-07-03,0.0014784162239669385
2007-07-05,-0.0014877073278649622
2007-07-06,0.0023821295168482415
2007-07-09,0.0007139009300665133
2007-07-10,-0.006716772367478363
2007-07-11,-0.0027448360671680216
2007-07-12,0.0036632691576543586
2007-07-13,-0.0005689989738801859
2007-07-16,-0.0032707236866095224
2007-07-17,0.0026503387002236867
2007-07-18,-0.008792791507712505
2007-07-19,0.008742746271602986
2007-07-20,-0.003947922922581393
2007-07-23,0.040543474856802986
2007-07-24,-0.016878613394310404
2007-07-25,0.010210578138780457
2007-07-26,-0.0097012332222991
2007-07-27,-0.0014740811736055903
2007-07-30,0.002039093320786778
2007-07-31,0.010678708033067918
2007-08-01,-0.005742975668780459
2007-08-02,0.0012688829776819066
2007-08-03,-0.0011056413127233933
2007-08-06,0.009918646834535805
2007-08-07,-0.005571107198079628
2007-08-08,0.009318181920857649
2007-08-09,-0.01983360273286594
2007-08-10,-0.01830086033067646
2007-08-13,0.01424986461233968
2007-08-14,-0.003360369562524501
2007-08-15,-0.0015733024475681479
2007-08-16,-0.013569735847209885
2007-08-17,0.01698924975288385
2007-08-20,0.008438393659010224
2007-08-21,0.0015856875549833394
2007-08-22,0.011463918091966452
2007-08-23,0.00547074832759975
2007-08-24,-0.004501483348820945
2007-08-27,7.942468093191657e-05
2007-08-28,-0.0067587760240194195
2007-08-29,0.013900654275584401
2007-08-30,-0.009445948113041114
2007-08-31,0.01942576703182719
2007-09-04,0.0035503852727694074
2007-09-05,-5.250491387898126e-05
2007-09-06,0.009802998835687138
2007-09-07,-0.018956060160737143
2007-09-10,0.011819312808301286
2007-09-11,0.010257695105108322
2007-09-12,0.003985304245744503
2007-09-13,0.009329358827117051
2007-09-14,-0.010528705795453952
2007-09-17,-0.002312209477587923
2007-09-18,0.007654956696700133
2007-09-19,0.013110299266909875
2007-09-20,-0.009142200139137469
2007-09-21,0.009230170996722187
2007-09-24,0.010532568236867101
2007-09-25,-0.008233491754950473
2007-09-26,0.006479080309266916
2007-09-27,0.012359257236214116
2007-09-28,-0.002385000702177398
2007-10-01,0.001967194897580349
2007-10-02,0.00025074352382459253
2007-10-03,0.0034384305164660844
2007-10-04,0.0011705310933323165
2007-10-05,0.01543319893986106
2007-10-08,0.012390067423176054
2007-10-09,0.009586772059398285
2007-10-10,-0.003317307461479291
2007-10-11,-0.0009815146548137754
2007-10-12,0.0046635854537739885
2007-10-15,0.0005051033740837152
2007-10-16,-0.014907376517857673
2007-10-17,0.02182149298481728
2007-10-18,-0.0028544275898780835
2007-10-19,0.0022959564095390572
2007-10-22,-0.0007431414077965215
2007-10-23,0.04492880460962767
2007-10-24,-0.010994696373494706
2007-10-25,-0.07232275980038627
2007-10-26,0.0019686529493592175
2007-10-29,0.006730134296177415
2007-10-30,-0.0590308125346547
2007-10-31,0.004751100757404592
2007-11-01,-0.012785372216684965
2007-11-02,0.008450940254897343
2007-11-05,-0.012842490715751054
2007-11-06,0.00233489591349878
2007-11-07,-0.011138911507274418
2007-11-08,0.002823775881491075
2007-11-09,-0.0013705768294995924
2007-11-12,-0.0005614767381303398
2007-11-13,0.013790853552731575
2007-11-14,0.004642357367168115
2007-11-15,-0.004742919505811072
2007-11-16,0.00499098339529902
2007-11-19,-0.006594355316658751
2007-11-20,-0.002235630022815016
2007-11-21,0.006163244531267376
2007-11-23,0.007608430562160873
2007-11-26,0.0021218737084442996
2007-11-27,0.001814136377112252
2007-11-28,0.011878432563406038
2007-11-29,-0.008607256302078814
2007-11-30,0.01896179586857416
2007-12-03,0.011576341119570399
2007-12-04,-0.004318257308407514
2007-12-05,0.018986127142784026
2007-12-06,-0.0023332831633152695
2007-12-07,0.0010077845335878521
2007-12-10,0.0018763471336438187
2007-12-11,0.0029048567451921414
2007-12-12,0.025692746357732554
2007-12-13,-0.006103273233223572
2007-12-14,-0.00789272054641621
2007-12-17,-0.003516627495695368
2007-12-18,0.004161588978045971
2007-12-19,0.0004722846005649206
2007-12-20,0.007695893728997705
2007-12-21,-0.002832361626753044
2007-12-24,0.0002203451862456962
2007-12-26,0.004143942133543188
2007-12-27,-0.0010435126586776367
2007-12-28,0.0021276663566096587
2007-12-31,-0.006924243536093777
2008-01-02,0.0037405280338256297
2008-01-03,-0.000912611703868027
2008-01-04,-0.018695762929735293
2008-01-07,0.0
2008-01-08,0.0
2008-01-09,0.0008375225271903819
2008-01-10,-0.009897079978315348
2008-01-11,-0.007894469114678393
2008-01-14,0.010399533285449403
2008-01-15,-0.014039900333623234
2008-01-16,-0.037615536829354035
2008-01-17,0.0
2008-01-18,0.0
2008-01-22,-0.02767719902255461
2008-01-23,0.0
2008-01-24,0.0
2008-01-25,0.004953718594587375
2008-01-28,0.003456601102916901
2008-01-29,0.007342228262825712
2008-01-30,-0.00311227271406167
2008-01-31,-0.016764818785901192
2008-02-01,0.013398823501988621
2008-02-04,0.0
2008-02-05,-0.01428089528514176
2008-02-06,0.0063313888096321325
2008-02-07,-0.01314110546452052
2008-02-08,-0.005048314471923221
2008-02-11,-0.0004467742912928063
2008-02-12,0.0137985854364151
2008-02-13,0.011928458758927896
2008-02-14,-0.003183578707380841
2008-02-15,-0.006941463586766838
2008-02-19,0.03144311182356829
2008-02-20,-0.012802496934646301
2008-02-21,0.007248848493542681
2008-02-22,0.00709571210874782
2008-02-25,0.0009078002038114263
2008-02-26,-0.007643221281967039
2008-02-27,-0.006821612015700196
2008-02-28,-0.008576921759837708
2008-02-29,-0.009436808352502934
2008-03-03,-0.0007623778511942625
2008-03-04,-0.005299728199810061
2008-03-05,0.01025797826670205
2008-03-06,-0.005029081510168343
2008-03-07,-0.020769719630177597
2008-03-10,0.002949195519782455
2008-03-11,0.013472261341747949
2008-03-12,-0.00011499566758899071
2008-03-13,-0.004491905039153976
2008-03-14,0.0029898871646183434
2008-03-17,-0.005869199486593368
2008-03-18,0.016624347078374235
2008-03-19,-0.007355342548377997
2008-03-20,0.006857881555847545
2008-03-24,0.003983230667473414
2008-03-25,0.005751795215619637
2008-03-26,-0.009470773510486752
2008-03-27,0.0018422185200364094
2008-03-28,0.012534559574485016
2008-03-31,0.0011076735296986495
2008-04-01,0.01841836538668451
2008-04-02,0.0001958017117682509
2008-04-03,-0.010855746999211768
2008-04-04,-0.007451006200715815
2008-04-07,0.009686846422641393
2008-04-08,-0.021067323335280275
2008-04-09,0.005623287673023336
2008-04-10,0.0035895807679326985
2008-04-11,-0.012430380881784608
2008-04-14,-3.756398769250158e-05
2008-04-15,0.005509742821221408
2008-04-16,0.03455197672564969
2008-04-17,-0.018459020969658457
2008-04-18,0.017421697846633943
2008-04-21,-0.003785513779183791
2008-04-22,0.0
2008-04-23,0.010773380264438304
2008-04-24,-0.005658184436070801
2008-04-25,0.004786798144735593
2008-04-28,-0.0018302751031545883
2008-04-29,8.617324270820959e-06
2008-04-30,0.008635080555547958
2008-05-01,-0.0024941974795422706
2008-05-02,0.011607427481430177
2008-05-05,0.0013224700197884687
2008-05-06,0.003149030351597526
2008-05-07,-0.0003577298475058166
2008-05-08,0.01021820310982502
2008-05-09,0.03630448436886491
2008-05-12,-0.00039017437671262645
2008-05-13,0.004577107480792764
2008-05-14,0.000739364543721921
2008-05-15,-0.0006894963293914147
2008-05-16,-0.00016152991630946634
2008-05-19,-0.0035405190577800782
2008-05-20,-0.0070521239429395255
2008-05-21,-0.00011857271882509401
2008-05-22,-0.00025281345793470855
2008-05-23,-0.007654265454995812
2008-05-27,0.002496741147200332
2008-05-28,0.0040577277943891765
2008-05-29,0.001467661334481063
2008-05-30,0.0004730708146352125
2008-06-02,-0.0016891351453139913
2008-06-03,0.004441029354018022
2008-06-04,-0.004964583590864491
2008-06-05,-0.00681596917445626
2008-06-06,-0.011342242100467415
2008-06-09,0.0013426724779095345
2008-06-10,-0.011665501565009229
2008-06-11,-0.017059116876059877
2008-06-12,0.01266709445473424
2008-06-13,0.010674983195328558
2008-06-16,-0.00826447299131694
2008-06-17,0.002024266162591992
2008-06-18,-0.002095878657285888
2008-06-19,-0.0017144864350304712
2008-06-20,-0.015034204546317986
2008-06-23,0.009145508643323197
2008-06-24,-0.011072320558201065
2008-06-25,0.010225728500701248
2008-06-26,-0.017827883188947125
2008-06-27,-0.002416355184726715
2008-06-30,-0.000923656163055564
2008-07-01,-0.0125213421836462
2008-07-02,0.0
2008-07-03,0.0
2008-07-07,0.0
2008-07-08,0.0
2008-07-09,0.0
2008-07-10,0.0
2008-07-11,0.0
2008-07-14,0.0
2008-07-15,0.0
2008-07-16,0.0
2008-07-17,0.0
2008-07-18,0.0
2008-07-21,0.0
2008-07-22,0.0
2008-07-23,0.0
2008-07-24,0.0
2008-07-25,0.0
2008-07-28,0.0
2008-07-29,0.0
2008-07-30,0.0
2008-07-31,0.0
2008-08-01,0.0
2008-08-04,-0.007242954723868711
2008-08-05,0.020574588105494174
2008-08-06,0.005222621289417084
2008-08-07,0.0
2008-08-08,0.0
2008-08-11,0.004487655513996325
2008-08-12,0.011913529627434638
2008-08-13,0.026490615576306942
2008-08-14,-0.005057174872274528
2008-08-15,0.011561022234258589
2008-08-18,0.003324038927919881
2008-08-19,-0.01709514611975027
2008-08-20,0.008954191891550556
2008-08-21,-0.005971685573208596
2008-08-22,0.008413062398102022
2008-08-25,-0.0032321336114694565
2008-08-26,-0.017726818125655686
2008-08-27,-0.009023735292035817
2008-08-28,0.008714011526895549
2008-08-29,-0.01901889651844657
2008-09-02,0.015608278934390984
2008-09-03,-0.0067690185569344585
2008-09-04,-0.015366111651862857
2008-09-05,-0.01308626290719328
2008-09-08,0.004207994716997954
2008-09-09,-0.0028210665274529534
2008-09-10,0.006459401250390684
2008-09-11,-0.025485832220803917
2008-09-12,-0.009994883275940114
2008-09-15,-0.04127843483810356
2008-09-16,0.000844283860309547
2008-09-17,0.0
2008-09-18,0.0
2008-09-19,0.0
2008-09-22,-0.0058562234540749936
2008-09-23,0.0
2008-09-24,0.0011768496184163535
2008-09-25,0.0183559733190628
2008-09-26,-0.012631077272342695
2008-09-29,-0.01733648176175262
2008-09-30,0.0
2008-10-01,0.0018928733194605307
2008-10-02,0.0018674595789154314
2008-10-03,0.003076147587650624
2008-10-06,0.0
2008-10-07,0.0
2008-10-08,0.0
2008-10-09,0.0
2008-10-10,0.0
2008-10-13,0.0
2008-10-14,0.0
2008-10-15,0.0
2008-10-16,0.0
2008-10-17,0.0
2008-10-20,0.0
2008-10-21,0.0
2008-10-22,-0.0030714431532785635
2008-10-23,0.0
2008-10-24,0.0
2008-10-27,0.0
2008-10-28,0.0
2008-10-29,0.0
2008-10-30,0.0
2008-10-31,-0.011863739374593618
2008-11-03,0.0
2008-11-04,0.014330411803872734
2008-11-05,-0.012104628651391502
2008-11-06,0.0
2008-11-07,0.0
2008-11-10,0.0076362545269321735
2008-11-11,-0.007579733988919646
2008-11-12,-0.004080496803016476
2008-11-13,-0.004082494116339652
2008-11-14,0.0
2008-11-17,0.0
2008-11-18,-0.000920148565100809
2008-11-19,0.0
2008-11-20,0.0
2008-11-21,0.0
2008-11-24,0.0
2008-11-25,0.0
2008-11-26,0.0
2008-11-28,0.0
2008-12-01,-0.02813096533084125
2008-12-02,0.0
2008-12-03,0.0
2008-12-04,0.0
2008-12-05,-0.004030252770799381
2008-12-08,0.0
2008-12-09,-0.010006433305580709
2008-12-10,0.0
2008-12-11,0.0
2008-12-12,-0.006139272205072821
2008-12-15,0.0025108008431988793
2008-12-16,-0.0009921833174454386
2008-12-17,0.0
2008-12-18,0.0
2008-12-19,0.0
2008-12-22,-0.00037100539646084396
2008-12-23,0.008526885250470517
2008-12-24,-0.00153689566710824
2008-12-26,0.01842543126993479
2008-12-29,0.0
2008-12-30,0.0
2008-12-31,0.0
2009-01-02,0.0
2009-01-05,0.0
2009-01-06,0.002943304453816964
2009-01-07,-0.012398469847278548
2009-01-08,0.0011279208053713852
2009-01-09,-0.009139988334858407
2009-01-12,-0.012902760813457204
2009-01-13,-0.0028989971679961313
2009-01-14,-0.01983565067573212
2009-01-15,0.01373434372253235
2009-01-16,0.0
2009-01-20,0.0
2009-01-21,0.0110760108178527
2009-01-22,-0.016706353609659996
2009-01-23,-0.016321229310137908
2009-01-26,-0.0005300808519367317
2009-01-27,0.006560056607416209
2009-01-28,0.03837079860150561
2009-01-29,-0.02425123937886786
2009-01-30,0.0002005313120796437
2009-02-02,-0.0030229271012346404
2009-02-03,0.0011983587186779054
2009-02-04,0.0
2009-02-05,0.0007829272929018583
2009-02-06,0.0
2009-02-09,0.004940120684140625
2009-02-10,-0.001194505934963841
2009-02-11,0.0
2009-02-12,-0.009088451381870644
2009-02-13,0.010729227025036092
2009-02-17,-0.03647325815512892
2009-02-18,0.004209266034484127
2009-02-19,0.00020690854641580714
2009-02-20,-0.015516075900096293
2009-02-23,-0.0031166923856239537
2009-02-24,0.004950489547791648
2009-02-25,0.0
2009-02-26,0.0
2009-02-27,-0.004767752490131949
2009-03-02,-0.014986070610604862
2009-03-03,0.0
2009-03-04,0.0
2009-03-05,0.0
2009-03-06,0.0
2009-03-09,0.0
2009-03-10,0.0
2009-03-11,0.0
2009-03-12,0.0
2009-03-13,0.0
2009-03-16,0.0
2009-03-17,0.0
2009-03-18,0.0
2009-03-19,0.0
2009-03-20,0.0
2009-03-23,0.0
2009-03-24,0.0
2009-03-25,0.0
2009-03-26,0.0
2009-03-27,0.0
2009-03-30,0.0
2009-03-31,0.0
2009-04-01,0.0
2009-04-02,0.0
2009-04-03,0.0
2009-04-06,0.0
2009-04-07,0.0
2009-04-08,0.0
2009-04-09,0.0
2009-04-13,0.0
2009-04-14,0.0
2009-04-15,0.0
2009-04-16,0.0
2009-04-17,0.0
2009-04-20,0.0
2009-04-21,0.0
2009-04-22,0.0
2009-04-23,0.0
2009-04-24,0.0
2009-04-27,0.0
2009-04-28,0.0
2009-04-29,0.0
2009-04-30,0.0
2009-05-01,0.0
2009-05-04,0.011340090762160804
2009-05-05,-0.0006216516150884255
2009-05-06,0.012099251537474931
2009-05-07,0.008671452100801336
2009-05-08,0.011251727696716562
2009-05-11,-0.023308699294138813
2009-05-12,0.010033303631685975
2009-05-13,-0.01034862532856895
2009-05-14,-0.0031311687451550663
2009-05-15,-0.005821049766617015
2009-05-18,0.016661126900550327
2009-05-19,-0.0057911899506545295
2009-05-20,0.006759429613143464
2009-05-21,-0.009558948200047879
2009-05-22,0.007339109164393065
2009-05-26,-0.007811779657626139
2009-05-27,-0.005010072377638508
2009-05-28,0.01378492451610791
2009-05-29,0.006360431205861161
2009-06-01,0.02572342992668819
2009-06-02,-0.002630253115711856
2009-06-03,-0.02151678761717646
2009-06-04,0.0020806826718400284
2009-06-05,0.017458638313368358
2009-06-08,-0.00938692286970999
2009-06-09,0.025690429824486216
2009-06-10,0.012892577173157393
2009-06-11,-0.003612561702282635
2009-06-12,-0.0002437494103004756
2009-06-15,-0.013274302489743595
2009-06-16,0.005186841308275403
2009-06-17,-0.005584581730820215
2009-06-18,0.0032003661298007913
2009-06-19,0.009505766944625238
2009-06-22,-0.01008206921671062
2009-06-23,-0.0020506555044540464
2009-06-24,0.0016199009374471274
2009-06-25,-0.00458505359065664
2009-06-26,0.0005708171751803714
2009-06-29,0.0018401037806765608
2009-06-30,0.005961285498454982
2009-07-01,0.009405765153595258
2009-07-02,-0.014446928245551716
2009-07-06,-0.007438678843031399
2009-07-07,0.0013202430341241467
2009-07-08,-0.0004809198999505826
2009-07-09,0.009936530695646262
2009-07-10,-0.003006372272659097
2009-07-13,0.009463765558875625
2009-07-14,0.0017597113503629025
2009-07-15,0.04080890421198724
2009-07-16,-0.0016475147402393864
2009-07-17,0.002774965872218038
2009-07-20,0.009248714001551361
2009-07-21,0.005084182210913557
2009-07-22,-0.0007777802058445138
2009-07-23,-0.0012016795305358485
2009-07-24,-0.012158689222517616
2009-07-27,-0.0016973121639307642
2009-07-28,-0.008901904085052426
2009-07-29,-0.005603640285033795
2009-07-30,0.018076101437445757
2009-07-31,-0.0029431977760309147
2009-08-03,0.015338793044700205
2009-08-04,-0.004974148701219039
2009-08-05,-0.01265858959119004
2009-08-06,0.018453500912797516
2009-08-07,0.02047335596092492
2009-08-10,0.008620047580158774
2009-08-11,0.0052142696777184305
2009-08-12,-8.414513905397047e-05
2009-08-13,0.009992390291877928
2009-08-14,-0.007022689887389522
2009-08-17,-0.03259682406075515
2009-08-18,0.02233199918330686
2009-08-19,-0.02254407049333851
2009-08-20,0.0023482968869126264
2009-08-21,0.013457292759731176
2009-08-24,0.008078411615456638
2009-08-25,0.0014462513014856793
2009-08-26,0.0009445770604250558
2009-08-27,-0.0013995731629633523
2009-08-28,0.02604781455975691
2009-08-31,-0.006315947746277306
2009-09-01,0.0012202893583408425
2009-09-02,-0.005194048287559649
2009-09-03,0.013344051522568234
2009-09-04,0.002235620797933935
2009-09-08,0.01052578082623179
2009-09-09,0.0020445350708351295
2009-09-10,0.009959700612822253
2009-09-11,0.00815188600879213
2009-09-14,-0.008367741894494962
2009-09-15,0.0025920317340262233
2009-09-16,0.0039073361309001076
2009-09-17,-0.0010958156492675286
2009-09-18,0.00965652585314758
2009-09-21,-0.004052577373713784
2009-09-22,0.012648626044353017
2009-09-23,0.0002784701149420865
2009-09-24,0.011662153381316598
2009-09-25,-0.004478586989386413
2009-09-28,0.005682197326242644
2009-09-29,-0.00013019683541137805
2009-09-30,0.004627135707629959
2009-10-01,0.004497437938426163
2009-10-02,-0.01125447216686859
2009-10-05,0.010843114082433436
2009-10-06,0.01331486579228991
2009-10-07,0.006350063999881694
2009-10-08,0.008152354357824132
2009-10-09,-0.0020438854579686305
2009-10-12,0.004980313396651503
2009-10-13,0.008442008629260256
2009-10-14,0.025922614830899526
2009-10-15,-0.005882554398729201
2009-10-16,-0.02251496680969256
2009-10-19,0.006092957802159349
2009-10-20,0.01227529089308299
2009-10-21,-0.009191217507048322
2009-10-22,-0.013723234223721459
2009-10-23,-0.0027250611556483006
2009-10-26,0.01286041759681944
2009-10-27,0.012464756496655793
2009-10-28,-0.006977510829856648
2009-10-29,0.0058055113262827085
2009-10-30,0.006079834353258429
2009-11-02,-0.0015685321327612023
2009-11-03,-0.00886976615530255
2009-11-04,0.014849848003964938
2009-11-05,0.028872055295484422
2009-11-06,0.021492544781163136
2009-11-09,0.013915144238938693
2009-11-10,0.0006551324909964684
2009-11-11,0.008254580028400405
2009-11-12,0.08653714684059466
2009-11-13,0.0
2009-11-16,0.0
2009-11-17,0.0
2009-11-18,0.0
2009-11-19,0.0
2009-11-20,-0.009230439299005133
2009-11-23,0.01194740853250198
2009-11-24,-0.003070234534079841
2009-11-25,0.0026194079018351246
2009-11-27,-0.022267004978226757
2009-11-30,0.0004938657444450989
2009-12-01,0.011417501656807216
2009-12-02,0.00330076681102498
2009-12-03,0.005889972718798875
2009-12-04,0.01959819012872077
2009-12-07,-0.00825516961406747
2009-12-08,-0.0002487762376220948
2009-12-09,0.0005465262177379859
2009-12-10,0.006544152622488308
2009-12-11,0.0035619129013408912
2009-12-14,0.012659342935339435
2009-12-15,-0.007151352679269474
2009-12-16,0.007967711640059383
2009-12-17,-0.006335436707633035
2009-12-18,0.00165117293272532
2009-12-21,0.003777127411975334
2009-12-22,0.005488129592703839
2009-12-23,0.003705070767627827
2009-12-24,0.00791139010640074
2009-12-28,0.009494031516044332
2009-12-29,0.0006500319959141798
2009-12-30,-0.004964695954095766
2009-12-31,0.0046669428904186905
2010-01-04,0.02270145915921229
2010-01-05,-0.00025670271492272967
2010-01-06,0.0015871811297762939
2010-01-07,0.0012820498127354973
2010-01-08,-0.0059054774336119165
2010-01-11,0.005856757472319396
2010-01-12,-0.02168315585701408
2010-01-13,0.006694399462416012
2010-01-14,-0.003605478210719215
2010-01-15,0.0014626750516415488
2010-01-19,-0.0033888337892119536
2010-01-20,-0.013465090754100406
2010-01-21,0.015444646800501838
2010-01-22,-0.02122189047987799
2010-01-25,0.00877712089140914
2010-01-26,-0.0018123328293674357
2010-01-27,-0.0028550479546090024
2010-01-28,0.002028218251466818
2010-01-29,0.010367449982941368
2010-02-01,0.005296907051701272
2010-02-02,0.004135166181839622
2010-02-03,-0.013683665451735716
2010-02-04,-0.00586344794919802
2010-02-05,-0.0019631383351750298
2010-02-08,-0.004853418621858063
2010-02-09,0.01577239116336382
2010-02-10,-0.0033336190198082205
2010-02-11,0.008246226451904981
2010-02-12,-0.013526790889038631
2010-02-16,0.008507967608359701
2010-02-17,0.010573995930220903
2010-02-18,0.017763345987735324
2010-02-19,-0.006094555094954601
2010-02-22,0.007989681794091652
2010-02-23,-0.002752626766019728
2010-02-24,0.0041018764985008005
2010-02-25,-0.01915076836234375
2010-02-26,-0.0035568984271538984
2010-03-01,0.010992213090103897
2010-03-02,0.014105964950365646
2010-03-03,0.0061166159914944895
2010-03-04,0.0015586130125520015
2010-03-05,0.008830271179982141
2010-03-08,0.003784102451549254
2010-03-09,-0.005579965499131756
2010-03-10,0.005977049649698696
2010-03-11,-0.0026141011109021006
2010-03-12,0.016972971898079114
2010-03-15,-0.011573586115844692
2010-03-16,0.003906840606128226
2010-03-17,0.007359157293214791
2010-03-18,-0.0029724974826791373
2010-03-19,-0.006823119667842326
2010-03-22,-0.01250115976795152
2010-03-23,0.00462593815107204
2010-03-24,-0.004852791749162089
2010-03-25,0.04439939831141282
2010-03-26,0.008417161955666108
2010-03-29,0.009782348801745888
2010-03-30,0.000550086303452435
2010-03-31,-0.00661700435301027
2010-04-01,0.0253645431317171
2010-04-05,0.0069547604235293825
2010-04-06,-0.004484172707452605
2010-04-07,0.0028279853364692187
2010-04-08,-0.00010890077542569099
2010-04-09,0.008205933875555793
2010-04-12,0.003459519849372761
2010-04-13,-0.0033364590461205657
2010-04-14,0.012079793250976856
2010-04-15,-0.001466498951959716
2010-04-16,-0.012824181879191432
2010-04-19,-0.008172697499418069
2010-04-20,0.01235934880538525
2010-04-21,0.012690297226917613
2010-04-22,-0.010666771812414488
2010-04-23,0.002285735863497562
2010-04-26,0.007176762343140686
2010-04-27,-1.735031216332228e-05
2010-04-28,0.006270782944996167
2010-04-29,0.003771695077045667
2010-04-30,0.0012503603502433958
2010-05-03,0.004264304978856437
2010-05-04,-0.01738192422805529
2010-05-05,-0.023675707030892612
2010-05-06,-0.004479326291008001
2010-05-07,0.0
2010-05-10,0.037529507349185476
2010-05-11,-0.06027863549435719
2010-05-12,0.009120762334623223
2010-05-13,-0.008375636909632389
2010-05-14,-0.0170030283698559
2010-05-17,-0.0015812103923832366
2010-05-18,0.010640530331632814
2010-05-19,-0.01520769525174015
2010-05-20,-0.02921103761920041
2010-05-21,-0.022607403769492995
2010-05-24,-0.0020232366520843703
2010-05-25,-0.03251965119644362
2010-05-26,0.0033249969000377355
2010-05-27,0.02672700162254471
2010-05-28,0.000590664865445234
2010-06-01,-0.009219796903577326
2010-06-02,0.003561694019461381
2010-06-03,0.009527462009923049
2010-06-04,-0.02409816621516425
2010-06-07,0.0042414437687552375
2010-06-08,0.006605100709634382
2010-06-09,0.011780260096268202
2010-06-10,0.030458611524375012
2010-06-11,-0.014743545286093118
2010-06-14,0.014196952870698665
2010-06-15,0.012771451898526687
2010-06-16,-0.004782833284740495
2010-06-17,0.011696746418289328
2010-06-18,0.00038105409189026496
2010-06-21,0.020946936916119485
2010-06-22,-0.0004831280444810293
2010-06-23,0.009105647661594718
2010-06-24,-0.003943361774003562
2010-06-25,0.004483376805199946
2010-06-28,0.013007068258633625
2010-06-29,-0.018597417195603594
2010-06-30,-0.0016068207663395562
2010-07-01,0.003807530811267723
2010-07-02,0.010387026474156125
2010-07-06,0.040776829933835135
2010-07-07,0.000813414207776475
2010-07-08,0.008713593921237495
2010-07-09,-0.008598136802106304
2010-07-12,-0.00018123635640154845
2010-07-13,0.016341000230842395
2010-07-14,0.0317683455853881
2010-07-15,-0.0007885093573128943
2010-07-16,-0.010081998530564684
2010-07-19,0.004164628625727307
2010-07-20,-0.016545911826249426
2010-07-21,0.0018392135556701827
2010-07-22,0.012198971457595409
2010-07-23,-0.007278394055105553
2010-07-26,-0.0012126913426596664
2010-07-27,0.0009479325150170137
2010-07-28,-0.008780046914075301
2010-07-29,-0.026516234376551262
2010-07-30,-0.007278077946430539
2010-08-02,0.01369753421730846
2010-08-03,-0.008427274395363948
2010-08-04,0.006837225470623709
2010-08-05,-0.003957944634152666
2010-08-06,-0.008234051374435114
2010-08-09,0.008350714999046716
2010-08-10,-0.019776202331772463
2010-08-11,-0.044166266797211806
2010-08-12,-0.022795065747458154
2010-08-13,-0.005990531509384889
2010-08-16,-0.005988565169870563
2010-08-17,0.013043900923007001
2010-08-18,-0.00230818724664994
2010-08-19,-0.006848940311962481
2010-08-20,-0.00626418618204494
2010-08-23,0.006478639430455235
2010-08-24,-0.015730413078674177
2010-08-25,-0.005024016511092522
2010-08-26,0.0070218004912447896
2010-08-27,0.006530944097241864
2010-08-30,-0.0029592591525479106
2010-08-31,-0.007930122866893097
2010-09-01,0.02008767315334814
2010-09-02,0.0045359941266376325
2010-09-03,0.01516725732687818
2010-09-07,-0.006111063923209814
2010-09-08,0.0018249697077488136
2010-09-09,0.014256689501874531
2010-09-10,-0.0008914481580359901
2010-09-13,0.018228548382722032
2010-09-14,-0.0024891685533043884
2010-09-15,-0.005876743371020621
2010-09-16,-0.003033806618013446
2010-09-17,0.0016585617271469566
2010-09-20,-0.006806593791137239
2010-09-21,-0.0013686600809831306
2010-09-22,-0.0038087801294968138
2010-09-23,-0.0034181276290808915
2010-09-24,0.0
2010-09-27,0.00844712143122317
2010-09-28,0.0031227790057333227
2010-09-29,-0.0030632145157724056
2010-09-30,0.00924654560841831
2010-10-01,0.008573420465728843
2010-10-04,-0.0010749161554649556
2010-10-05,0.014622029144131687
2010-10-06,0.002799891140442101
2010-10-07,0.0012079627651402358
2010-10-08,0.00942855126044484
2010-10-11,0.009139337540740478
2010-10-12,-0.003387945108313861
2010-10-13,0.004064550862175054
2010-10-14,-0.002406429933272558
2010-10-15,0.006289525361707904
2010-10-18,0.00425546056078141
2010-10-19,-0.014005649612049087
2010-10-20,0.0036610749691654565
2010-10-21,0.0010228695122265208
2010-10-22,0.0017769497253434796
2010-10-25,0.0072418474463129545
2010-10-26,-0.00265430104133324
2010-10-27,-0.006485197432043677
2010-10-28,-0.0019663292327534165
2010-10-29,0.004681488400700484
2010-11-01,0.005741257380423637
2010-11-02,0.00504016627145365
2010-11-03,-0.0035391976744039155
2010-11-04,-0.0011178024807556586
2010-11-05,0.010096267431238815
2010-11-08,-0.006127798208537927
2010-11-09,0.008545998331545457
2010-11-10,0.00020941727526624376
2010-11-11,-0.008526243040525294
2010-11-12,-0.005593727147799155
2010-11-15,4.4633301334862097e-05
2010-11-16,-0.0004626444124642415
2010-11-17,0.00014307021419845967
2010-11-18,0.014716903982511909
2010-11-19,-4.210311953734003e-05
2010-11-22,0.014147828912494775
2010-11-23,-0.00920715318540355
2010-11-24,0.013238380148392404
2010-11-26,-0.008258748981463615
2010-11-29,0.002288793109961329
2010-11-30,-0.009148845050979126
2010-12-01,0.01558412120943986
2010-12-02,-0.0020954267080246503
2010-12-03,-0.0005213453165393567
2010-12-06,0.003529661396475259
2010-12-07,0.013368513414365957
2010-12-08,0.004385692983101208
2010-12-09,0.007227269097882294
2010-12-10,0.011940769499988901
2010-12-13,-0.0003679262433086139
2010-12-14,-8.223960808406705e-05
2010-12-15,0.0029767956785482497
2010-12-16,0.003544766564059554
2010-12-17,0.00833321318520408
2010-12-20,0.01876909379037217
2010-12-21,0.003248259721909008
2010-12-22,0.001154307811027877
2010-12-23,-0.013476261696708347
2010-12-27,-0.00031935772072666513
2010-12-28,0.002300106743705177
2010-12-29,0.003518186850055116
2010-12-30,-0.004939372536553632
2010-12-31,0.00015847815203851034
2011-01-03,0.012106455826430995
2011-01-04,0.003251470939014567
2011-01-05,-0.004534077309694351
2011-01-06,0.00923683102435291
2011-01-07,-0.0012700888898151685
2011-01-10,-0.00334155587245466
2011-01-11,0.008651883372414293
2011-01-12,0.030723243253850674
2011-01-13,0.0004736235670672606
2011-01-14,7.101214897398123e-05
2011-01-18,0.0022357815710170037
2011-01-19,-0.01133933793824704
2011-01-20,-0.0034138448422246226
2011-01-21,0.009475660464563385
2011-01-24,0.01593644030128516
2011-01-25,-0.0015167787730165916
2011-01-26,0.02261514550809607
2011-01-27,0.00831736335501776
2011-01-28,-0.00019170270355406416
2011-01-31,-0.00034145009728092646
2011-02-01,0.005656228827503718
2011-02-02,-0.005568030677156943
2011-02-03,0.0023403573694422697
2011-02-04,0.006545969848049227
2011-02-07,0.008346171619787013
2011-02-08,0.0031486424304274507
2011-02-09,-0.00012797281209586675
2011-02-10,-0.009945659536287121
2011-02-11,-0.004156310318027878
2011-02-14,0.012794469849615187
2011-02-15,-0.0023485743411150173
2011-02-16,0.00862178364403432
2011-02-17,-0.017578307685515493
2011-02-18,0.006673009946738917
2011-02-22,-0.028259378920768463
2011-02-23,-0.005856643875352008
2011-02-24,0.005565587553447271
2011-02-25,0.015029540698799027
2011-02-28,0.015230169356296841
2011-03-01,-0.0017153404721239607
2011-03-02,0.0004671236254016886
2011-03-03,0.017855331307695232
2011-03-04,0.0035342681370413853
2011-03-07,0.0041134305396233195
2011-03-08,-0.0007620886988362052
2011-03-09,0.002458034913981111
2011-03-10,-0.018436430089520894
2011-03-11,-0.00927921480652949
2011-03-14,0.02166172875723782
2011-03-15,-0.03777270826687018
2011-03-16,-0.006785833002356911
2011-03-17,0.02124448850499272
2011-03-18,0.007848514883390223
2011-03-21,0.01766924969911332
2011-03-22,-0.0018052632625478182
2011-03-23,-0.0014301574244741655
2011-03-24,0.007706759822550202
2011-03-25,0.0037778797787026974
2011-03-28,0.010533283230246715
2011-03-29,0.00030128795769623906
2011-03-30,0.00790165736796511
2011-03-31,0.0005044197782604343
2011-04-01,0.006464881321223581
2011-04-04,0.003515508770651765
2011-04-05,0.0002240679086427111
2011-04-06,0.00464679184504857
2011-04-07,0.00040582834687241665
2011-04-08,0.005822589416582646
2011-04-11,0.003224036390751861
2011-04-12,-0.014804652405989716
2011-04-13,0.010464343709076784
2011-04-14,-0.010365412038879307
2011-04-15,-0.0019480962318015882
2011-04-18,-0.018828724075534042
2011-04-19,0.003449561960149339
2011-04-20,0.026869312180164417
2011-04-21,0.005797280967980267
2011-04-25,-0.0002936320405634296
2011-04-26,0.004668657433909207
2011-04-27,-0.0008582298903351271
2011-04-28,-0.0009951352668295943
2011-04-29,0.00030969820881909804
2011-05-02,0.008540916167578239
2011-05-03,0.009765559891430131
2011-05-04,-0.0014086855980782742
2011-05-05,-0.008599807895089184
2011-05-06,0.01567505936097091
2011-05-09,0.003693768519515972
2011-05-10,0.0029186548948689772
2011-05-11,0.00041857478980400487
2011-05-12,-0.005890073746995794
2011-05-13,-0.020019682316866017
2011-05-16,-0.005610431009433814
2011-05-17,-0.004224784918227531
2011-05-18,0.004678620674078537
2011-05-19,0.007461671518301127
2011-05-20,-0.0018671340677767212
2011-05-23,-0.011602559720954031
2011-05-24,0.008922622350141518
2011-05-25,-0.0018509521369365345
2011-05-26,-0.0076641099512188005
2011-05-27,0.004767971867320142
2011-05-31,0.017769527022197362
2011-06-01,-0.007037650613673674
2011-06-02,0.0012521857519784962
2011-06-03,-0.007528415713197512
2011-06-06,0.0006386497632531185
2011-06-07,0.008892475469263639
2011-06-08,-0.00573945347670235
2011-06-09,0.00986639928409061
2011-06-10,0.0031739306545770507
2011-06-13,0.0003948909001139089
2011-06-14,0.01025232866433945
2011-06-15,-0.009842844350317681
2011-06-16,0.008930559001679272
2011-06-17,0.010239423788697355
2011-06-20,-0.0013760321286352406
2011-06-21,0.007210490626321064
2011-06-22,-0.005119719770556697
2011-06-23,-0.007563834199083019
2011-06-24,-0.002715607143858323
2011-06-27,-0.0001664264541012539
2011-06-28,0.004328228687524804
2011-06-29,0.008046926116687558
2011-06-30,0.005408215804992622
2011-07-01,0.001929709603831986
2011-07-05,-0.0003527401833853805
2011-07-06,-0.002352133150112068
2011-07-07,0.004788061993697745
2011-07-08,-0.013866755644354134
2011-07-11,-0.011051452516355531
2011-07-12,-0.006525128281282044
2011-07-13,0.01102541886101438
2011-07-14,0.0004808668602014343
2011-07-15,-3.6626455700572436e-05
2011-07-18,-0.007008670631207248
2011-07-19,0.007279008398502151
2011-07-20,0.002259731938866638
2011-07-21,0.0018713469890503376
2011-07-22,0.03250801811566095
2011-07-25,-0.014714044829580941
2011-07-26,0.0002150361959676328
2011-07-27,-0.008736497848099933
2011-07-28,-0.00185079173892988
2011-07-29,-0.013257432524031776
2011-08-01,0.02179552375516325
2011-08-02,-0.005884968157611525
2011-08-03,0.006497920053841533
2011-08-04,-0.03246744359920217
2011-08-05,0.01385105474160353
2011-08-08,0.0
2011-08-09,0.0
2011-08-10,0.0
2011-08-11,0.0
2011-08-12,0.0
2011-08-15,0.009201028170721548
2011-08-16,-0.010215582831180403
2011-08-17,0.010734633335635735
2011-08-18,-0.04024145482627317
2011-08-19,-0.0056844779960032454
2011-08-22,0.008513304215021167
2011-08-23,0.01703045348676757
2011-08-24,0.0014513016970718606
2011-08-25,-0.008512835091037063
2011-08-26,0.0013584488342619494
2011-08-29,0.0
2011-08-30,-0.01233553832035239
2011-08-31,0.008674677387126906
2011-09-01,0.0026696659554523716
2011-09-02,-0.031960394290875827
2011-09-06,-0.031022007188690748
2011-09-07,0.026266298980123004
2011-09-08,-0.008303328920124198
2011-09-09,-0.010445901213864572
2011-09-12,-0.0046439826870425804
2011-09-13,9.531233381832038e-05
2011-09-14,0.01483918649566518
2011-09-15,0.014956310081746249
2011-09-16,0.0024073110640299156
2011-09-19,-0.01852344643654691
2011-09-20,0.004578738672232907
2011-09-21,0.006538036407657932
2011-09-22,-0.03859793026984859
2011-09-23,-0.01158633441717627
2011-09-26,0.0049268508739293004
2011-09-27,0.017061490882679387
2011-09-28,-0.0005797148488283499
2011-09-29,0.011233715947894352
2011-09-30,-0.011135577648787809
2011-10-03,-0.007340741492582126
2011-10-04,-0.007686218026242142
2011-10-05,0.0
2011-10-06,-0.0017179558100145487
2011-10-07,0.009648742318620451
2011-10-10,0.024411650183236544
2011-10-11,-0.003102539050126696
2011-10-12,0.012715421925333592
2011-10-13,-0.0027024979696432805
2011-10-14,0.008894588956472882
2011-10-17,-0.008439692290040157
2011-10-18,-0.0008028527905183935
2011-10-19,-0.009061627501547154
2011-10-20,-0.010737597048064207
2011-10-21,0.007729431735617354
2011-10-24,0.005157739218562218
2011-10-25,-0.0035096714621922764
2011-10-26,0.012275336421302407
2011-10-27,0.024369439616658273
2011-10-28,-0.0058304080568858385
2011-10-31,-0.02191876205043275
2011-11-01,-0.03474857457446723
2011-11-02,0.007747405624847659
2011-11-03,0.007763562202814933
2011-11-04,0.00453789760822354
2011-11-07,-0.0014871916685881281
2011-11-08,0.005733657327652297
2011-11-09,-0.023574111359849437
2011-11-10,0.014607728991975044
2011-11-11,0.008278408559115213
2011-11-14,-0.0014264627554696485
2011-11-15,-0.008645389416502391
2011-11-16,-0.0037128631826455205
2011-11-17,0.002180243522456937
2011-11-18,0.0008371052399662737
2011-11-21,-0.012279459819667271
2011-11-22,-0.001289564125507403
2011-11-23,-0.0071819163500880245
2011-11-25,-0.001992775415975534
2011-11-28,0.03249726686457999
2011-11-29,0.004506540117089619
2011-11-30,0.022522357396954185
2011-12-01,-0.0017642465506637617
2011-12-02,0.006937162144267317
2011-12-05,0.013633738093362435
2011-12-06,-0.0006364541007455315
2011-12-07,-0.005895496151211432
2011-12-08,-0.00702702676003486
2011-12-09,0.004226475809126384
2011-12-12,-0.009527036380115539
2011-12-13,0.0072868414079849675
2011-12-14,-0.00392338110524304
2011-12-15,0.005449514038002867
2011-12-16,0.01037717509539049
2011-12-19,0.008189142041658881
2011-12-20,0.015650650775342
2011-12-21,0.0010207815343996618
2011-12-22,-0.004108111519073865
2011-12-23,0.0014107761657127238
2011-12-27,-0.0010384633084885575
2011-12-28,0.0021814703079856557
2011-12-29,0.0042240534739808044
2011-12-30,-0.004982309929933537
2012-01-03,0.017952809112266488
2012-01-04,-0.003229120267393637
2012-01-05,-0.0004629004642074941
2012-01-06,-0.002907875087025391
2012-01-09,-0.0002877254977893262
2012-01-10,0.012837336493842777
2012-01-11,0.0003848564298549739
2012-01-12,0.0028414735370287936
2012-01-13,-0.005251410393711908
2012-01-17,0.008651166169256763
2012-01-18,0.005913640203134118
2012-01-19,0.002483583298488634
2012-01-20,0.0014404893498984883
2012-01-23,0.0021721182918976734
2012-01-24,-0.003439977384498527
2012-01-25,0.004568913292764654
2012-01-26,0.003044351327063932
2012-01-27,0.002631087555791334
2012-01-30,-0.008150139194213812
2012-01-31,0.0007719435134789787
2012-02-01,0.005919190246761685
2012-02-02,0.020018282214298022
2012-02-03,0.01771137059249095
2012-02-06,-0.015945827414249658
2012-02-07,-0.003678946648414727
2012-02-08,0.004472650150516122
2012-02-09,0.003790568146089912
2012-02-10,0.012869644845722616
2012-02-13,0.017471145439380997
2012-02-14,-0.0042173839061058205
2012-02-15,0.00547899782952932
2012-02-16,0.0058448603530600884
2012-02-17,0.004638293887270883
2012-02-21,0.0034702341524619484
2012-02-22,-0.0006909222891040567
2012-02-23,-0.0004896035966683865
2012-02-24,0.004483351849402961
2012-02-27,0.010475328531211803
2012-02-28,-0.0011190043920604742
2012-02-29,0.011153568561031557
2012-03-01,0.0011789552993646257
2012-03-02,0.0009819051676280832
2012-03-05,-0.002938254819857433
2012-03-06,-0.015643279643093422
2012-03-07,0.007847319555023935
2012-03-08,0.00904146999247013
2012-03-09,-0.0007496451427848605
2012-03-12,-0.0039509549853811166
2012-03-13,0.008573261617180528
2012-03-14,0.004727706937244891
2012-03-15,0.009453343874767706
2012-03-16,7.442690795977924e-05
2012-03-19,-0.0003170224305649727
2012-03-20,-0.011518127911240073
2012-03-21,-0.0007093730808922505
2012-03-22,-0.004903817929127974
2012-03-23,-0.01132784345599136
2012-03-26,0.004725214750139983
2012-03-27,0.005424696728020262
2012-03-28,-0.001851291612379069
2012-03-29,-0.004497614907114533
2012-03-30,0.007734578288221439
2012-04-02,-0.007055065447712727
2012-04-03,-0.010287537950673387
2012-04-04,-0.0077924322141808
2012-04-05,-0.010818778665712792
2012-04-09,-0.0167287015476274
2012-04-10,0.0004170876164373283
2012-04-11,0.010335739185320936
2012-04-12,0.0032398794184116397
2012-04-13,-0.0076955100728485215
2012-04-16,0.007764421320010539
2012-04-17,0.009733755427143054
2012-04-18,-0.01205841676534225
2012-04-19,0.0011400691643428384
2012-04-20,0.014008284148591343
2012-04-23,-0.01392245377618273
2012-04-24,0.0061822542537097736
2012-04-25,0.019900935119414154
2012-04-26,-0.0006109792848867368
2012-04-27,-0.009808076737077953
2012-04-30,-0.0013642371219978466
2012-05-01,-0.0055248644022437565
2012-05-02,-0.002306647170420617
2012-05-03,0.001696060067112093
2012-05-04,-0.005196009165032045
2012-05-07,-0.008787328517224746
2012-05-08,-0.008896868103963507
2012-05-09,-0.039282066552221884
2012-05-10,-0.0012992941228604504
2012-05-11,-0.014624829537406403
2012-05-14,-0.015855618367062507
2012-05-15,0.00016409249454230057
2012-05-16,0.005216592301179324
2012-05-17,0.0009575339159333396
2012-05-18,0.005147192918949273
2012-05-21,0.006847646156762366
2012-05-22,0.004729243823607288
2012-05-23,-0.008444913371228102
2012-05-24,0.007857047204820278
2012-05-25,0.0016383471498848667
2012-05-29,0.017287302044439068
2012-05-30,-0.012399331245044665
2012-05-31,0.0016949292587191689
2012-06-01,-0.02692741728729864
2012-06-04,0.003618898783620317
2012-06-05,0.0036726634726242935
2012-06-06,0.011198342789214832
2012-06-07,0.01644970150197267
2012-06-08,-0.002842816602741549
2012-06-11,0.009514866996373383
2012-06-12,0.005945271222505211
2012-06-13,-0.0017894111078013974
2012-06-14,-0.001695208474074672
2012-06-15,0.003572955184779625
2012-06-18,-0.006837141039345074
2012-06-19,0.01973325760394462
2012-06-20,0.007808113846857312
2012-06-21,-0.010055005133108752
2012-06-22,-0.0007214516302452845
2012-06-25,-0.009624933968109817
2012-06-26,0.0042525855404624835
2012-06-27,0.005509797163410823
2012-06-28,-0.012069170059026524
2012-06-29,0.023656647351867788
2012-07-02,0.02214325873114098
2012-07-03,-5.890038179490187e-05
2012-07-05,-0.002775931910094731
2012-07-06,-0.013426690794300478
2012-07-09,-0.0022926495470593222
2012-07-10,-0.02596387293181812
2012-07-11,0.000312947260647789
2012-07-12,-0.010184618956597169
2012-07-13,0.00037625664671381287
2012-07-16,0.0016613953442290441
2012-07-17,0.0035497563996769177
2012-07-18,0.0019612520167526792
2012-07-19,0.011936589256404284
2012-07-20,0.008202738279614374
2012-07-23,-0.02185351811382419
2012-07-24,0.007804496291045959
2012-07-25,-0.0026895469686087914
2012-07-26,0.018472636327662828
2012-07-27,0.004279837759986416
2012-07-30,0.0006709748284772221
2012-07-31,0.008503176818385416
2012-08-01,0.006185065253680344
2012-08-02,-0.007641777287622498
2012-08-03,0.019431074277183047
2012-08-06,0.007132834628556184
2012-08-07,0.015611592656204376
2012-08-08,0.002461079350468909
2012-08-09,-0.0022217775121576855
2012-08-10,-0.004778080099484439
2012-08-13,-0.0033531351229096895
2012-08-14,0.01062007456484837
2012-08-15,-0.00045606248121377035
2012-08-16,0.0030815244037030176
2012-08-17,-0.041308319979297625
2012-08-20,-0.0005267091404667079
2012-08-21,0.00015856004337955198
2012-08-22,-0.00392538391737296
2012-08-23,-0.001582221800838668
2012-08-24,-0.001088292362688592
2012-08-27,0.0006177261131368184
2012-08-28,-0.0011707773786077125
2012-08-29,0.0008795050661096759
2012-08-30,-0.0025445544214777183
2012-08-31,0.010643551102373028
2012-09-04,-0.0036146691143476017
2012-09-05,-0.0027831511372989892
2012-09-06,0.0068973619744652215
2012-09-07,-0.002877779934210678
2012-09-10,0.001053247083161235
2012-09-11,0.001514255895279204
2012-09-12,0.004571554745162798
2012-09-13,-0.01085000604533537
2012-09-14,0.002403728589628118
2012-09-17,-0.005066828131378043
2012-09-18,-0.002679235408268088
2012-09-19,0.00240630591357327
2012-09-20,-0.002740631935040594
2012-09-21,0.005666891677048369
2012-09-24,-0.006972150054049608
2012-09-25,0.003821455499045223
2012-09-26,-0.0018583473329965017
2012-09-27,0.005051741891270778
2012-09-28,-0.004635800238325549
2012-10-01,-0.0016832238512620723
2012-10-02,0.006336970793466623
2012-10-03,0.00585858385808713
2012-10-04,-0.002542175334136032
2012-10-05,0.002745814197247398
2012-10-08,-0.00890741685629326
2012-10-09,-0.0010449301631414443
2012-10-10,-0.0028924667925446235
2012-10-11,0.00910728385313786
2012-10-12,-0.03816950271181807
2012-10-15,0.004966233430329314
2012-10-16,0.003816455175506661
2012-10-17,-0.009063429668156875
2012-10-18,-0.0019293941124784997
2012-10-19,0.005623145951516584
2012-10-22,0.007253312261803924
2012-10-23,-0.021311548561436244
2012-10-24,0.0036968082787349754
2012-10-25,0.009719776526340596
2012-10-26,0.0018969326999629388
2012-10-31,-0.03565411816883601
2012-11-01,0.005875941072628343
2012-11-02,0.004052604656389791
2012-11-05,-0.010102119410182242
2012-11-06,0.003862829773848331
2012-11-07,-0.012934189898410442
2012-11-08,0.011554455247385853
2012-11-09,0.0006309001939361902
2012-11-12,0.004363024376498492
2012-11-13,-0.009337389183223244
2012-11-14,0.007367747506615618
2012-11-15,0.0034916411251864066
2012-11-16,0.00019582210155166813
2012-11-19,0.00488043284643358
2012-11-20,0.0009012999631332619
2012-11-21,-0.0003302577691599584
2012-11-23,0.01227713437350042
2012-11-26,0.0036965211099380113
2012-11-27,-0.00022262100269132556
2012-11-28,-0.009244949814976144
2012-11-29,0.005363415017431095
2012-11-30,-0.0023619912423042955
2012-12-03,0.002753910372092161
2012-12-04,0.00037581535394082266
2012-12-05,-0.00429427051756659
2012-12-06,0.0022604510332409067
2012-12-07,0.004146409793909012
2012-12-10,-0.005017966679092489
2012-12-11,0.006576818042269839
2012-12-12,0.011207596557595512
2012-12-13,0.007470471012241298
2012-12-14,-7.286812935158871e-06
2012-12-17,0.0016237931069114087
2012-12-18,0.01034771981681315
2012-12-19,0.0054786975003522365
2012-12-20,0.0023002550854600567
2012-12-21,-0.017803556109760144
2012-12-24,-0.0025876560480460054
2012-12-26,0.0013441350528367035
2012-12-27,0.0007870703221746211
2012-12-28,-0.019061708086349216
2012-12-31,0.0005436973375261278
2013-01-02,0.030608029559515026
2013-01-03,-0.0018251545123678659
2013-01-04,0.0014158496455420888
2013-01-07,0.0008866198737396136
2013-01-08,0.00516828812393344
2013-01-09,0.007336176545604367
2013-01-10,0.013459983723670632
2013-01-11,-0.0006931484192894688
2013-01-14,-0.006621800476343531
2013-01-15,-0.0077602208257911975
2013-01-16,-0.0008066981399126316
2013-01-17,0.0
2013-01-18,-0.015966169396910312
2013-01-22,-0.0021123155247279035
2013-01-23,0.024829811328158646
2013-01-24,-0.003982268169437919
2013-01-25,0.0020899740875899298
2013-01-28,0.006616945662556217
2013-01-29,-0.012091276856410316
2013-01-30,6.197599455859404e-08
2013-01-31,0.0010788963173533617
2013-02-01,-0.0024133312105226734
2013-02-04,-0.008858155070207374
2013-02-05,-7.342102313412369e-05
2013-02-06,-0.002157089545667401
2013-02-07,0.0010948173245715065
2013-02-08,0.007715738323416987
2013-02-11,-0.005378183440546858
2013-02-12,0.006331941872347313
2013-02-13,0.007198644646670749
2013-02-14,-0.0038874829397265165
2013-02-15,0.0009524746902864756
2013-02-19,0.003610533428468621
2013-02-20,0.0001823952209076829
2013-02-21,-0.022804269264518617
2013-02-22,-0.003185009803419292
2013-02-25,0.0026586310922871448
2013-02-26,0.002209276992054532
2013-02-27,-0.003214955830806887
2013-02-28,0.0007421167686569863
2013-03-01,-0.008061378119373463
2013-03-04,0.0001015650934368395
2013-03-05,0.01081627123983786
2013-03-06,0.010041123451380418
2013-03-07,0.004569402844008197
2013-03-08,0.0032401930704855086
2013-03-11,-0.0024861845440047325
2013-03-12,-0.0018289408689027287
2013-03-13,0.008240624381133266
2013-03-14,0.009397933991191376
2013-03-15,-0.0008105885218553377
2013-03-18,-0.016485882437657806
2013-03-19,0.0037014915965079
2013-03-20,0.007524775868082312
2013-03-21,-0.0026358366597759586
2013-03-22,0.027076598148873643
2013-03-25,0.010051453905973062
2013-03-26,0.005121211483269272
2013-03-27,-0.0069493506878702815
2013-03-28,0.0032625945238151655
2013-04-01,0.0005964437391630106
2013-04-02,0.001802283182956943
2013-04-03,0.005215897555515436
2013-04-04,7.162154682571753e-05
2013-04-05,-0.01716977227793659
2013-04-08,0.004834442023545771
2013-04-09,0.002578159459425411
2013-04-10,0.004966247638368504
2013-04-11,0.005582042205999116
2013-04-12,0.005728885857412269
2013-04-15,-0.0025580725893942224
2013-04-16,0.008037223194067744
2013-04-17,-0.01609649593981044
2013-04-18,0.012314360911345412
2013-04-19,-0.0004701136765613567
2013-04-22,0.005609943711679222
2013-04-23,0.008137571857714354
2013-04-24,-0.004732517359386734
2013-04-25,0.009526949821315522
2013-04-26,-0.0038459553346875675
2013-04-29,0.004162425291136085
2013-04-30,0.0020856364648778047
2013-05-01,-0.002415775876179027
2013-05-02,-0.0054059326927214935
2013-05-03,0.02392759791515564
2013-05-06,0.008739248942809308
2013-05-07,-0.0058672275793359985
2013-05-08,-0.001986242390234483
2013-05-09,0.08404086818918222
2013-05-10,0.0
2013-05-13,0.0
2013-05-14,0.0
2013-05-15,0.0
2013-05-16,0.0
2013-05-17,0.00710660967835719
2013-05-20,-0.0020244935457367497
2013-05-21,-0.0012718281762820194
2013-05-22,0.0011889220797167699
2013-05-23,-0.012959429722048554
2013-05-24,-0.008069765928115369
2013-05-28,0.012329426219221284
2013-05-29,-0.007677105419200636
2013-05-30,0.0012276970808342558
2013-05-31,-0.008755038544912774
2013-06-03,0.004230864189093797
2013-06-04,-0.008001125572494328
2013-06-05,-0.004716792448385965
2013-06-06,-0.0009719113610802133
2013-06-07,0.01127772396269111
2013-06-10,0.007306210182778106
2013-06-11,-0.01321549755494944
2013-06-12,0.009919977710423522
2013-06-13,0.00895388169831901
2013-06-14,0.010235736820969121
2013-06-17,0.03664471487037435
2013-06-18,0.005165066292653675
2013-06-19,0.00017091588914697198
2013-06-20,-0.01986159603597404
2013-06-21,0.009819580480000756
2013-06-24,-0.0004925371963827585
2013-06-25,0.008923893521494586
2013-06-26,0.010534571737997211
2013-06-27,0.0073413402699511465
2013-06-28,-0.00316014300550449
2013-07-01,0.013461330979791075
2013-07-02,-0.0065118576203208045
2013-07-03,0.0030464533854006604
2013-07-05,0.011109636859876426
2013-07-08,0.009652653646798681
2013-07-09,0.01115980541953121
2013-07-10,-0.00024356795543323262
2013-07-11,0.0221467878121282
2013-07-12,0.003024140633065553
2013-07-15,0.006770433889171645
2013-07-16,0.0005988062762949387
2013-07-17,-0.002618695203197241
2013-07-18,0.0078789358007878
2013-07-19,-0.00270127966410616
2013-07-22,0.003866755635248298
2013-07-23,-0.016242007055048746
2013-07-24,0.0101487189459748
2013-07-25,-0.002060578897637666
2013-07-26,0.008070675599087584
2013-07-29,-0.003492203755643186
2013-07-30,0.004956075894611001
2013-07-31,0.0056151634642434
2013-08-01,0.008623751951707836
2013-08-02,0.0013324229637574625
2013-08-05,0.006178323837830124
2013-08-06,-0.001143779555637603
2013-08-07,-0.004280152302398976
2013-08-08,0.0041100067350812175
2013-08-09,-0.00649673927397465
2013-08-12,-0.011641381202399437
2013-08-13,0.00906042070101254
2013-08-14,-0.009521782004810797
2013-08-15,-0.014533261729154812
2013-08-16,0.0015692707714642928
2013-08-19,-0.0017963933875820848
2013-08-20,0.008875396432332483
2013-08-21,-0.0017712219811659713
2013-08-22,0.007313712285480278
2013-08-23,0.007408285571863793
2013-08-26,0.006701488774288444
2013-08-27,-0.013760141604891585
2013-08-28,0.0027113227441577514
2013-08-29,-0.0051543584613809035
2013-08-30,0.001113534734786592
2013-09-03,0.018494035317379254
2013-09-04,0.02549772316532417
2013-09-05,0.0013298176785527804
2013-09-06,0.003087915261335228
2013-09-09,-0.00403711524184136
2013-09-10,0.010219049171046324
2013-09-11,0.0008935088041974737
2013-09-12,0.00032714791780796837
2013-09-13,-0.007605307455255672
2013-09-16,0.01910291475921455
2013-09-17,-0.002261335260212105
2013-09-18,3.0295025965410005e-05
2013-09-19,0.007400445639031306
2013-09-20,0.002296249467845568
2013-09-23,0.002258123158479064
2013-09-24,0.007705475491777802
2013-09-25,0.015837422879263707
2013-09-26,0.009907742073914427
2013-09-27,-0.007649934116076729
2013-09-30,-0.016605918044886536
2013-10-01,0.0032319645634166783
2013-10-02,-0.009816592488048892
2013-10-03,0.009907288215921906
2013-10-04,0.005032840574497488
2013-10-07,0.0004124783372336793
2013-10-08,0.00570371111145862
2013-10-09,-0.002786163964238697
2013-10-10,0.01231119123125679
2013-10-11,-0.009230255409503063
2013-10-14,-0.005622810023501623
2013-10-15,0.0004927456496601756
2013-10-16,0.006477890189771296
2013-10-17,-0.007852573744683067
2013-10-18,0.0048410188651282215
2013-10-21,0.004082265715977584
2013-10-22,0.005707529027743075
2013-10-23,-0.00979232869976776
2013-10-24,0.004981827372386505
2013-10-25,0.011398271326688691
2013-10-28,-0.0015007026210859253
2013-10-29,0.010614627988250191
2013-10-30,0.00778482658200863
2013-10-31,-0.013095633860179534
2013-11-01,0.008245434641757532
2013-11-04,0.011162435763628631
2013-11-05,5.5984242430362485e-05
2013-11-06,-0.023096093481338564
2013-11-07,0.003039073248022328
2013-11-08,0.010934730808956461
2013-11-11,0.00204369965448703
2013-11-12,0.0007340492384637631
2013-11-13,-0.0053264320408441534
2013-11-14,-0.0016542887959041241
2013-11-15,0.003224528829922857
2013-11-18,0.004033702754160595
2013-11-19,0.0007835847696351372
2013-11-20,0.005428467332253772
2013-11-21,0.007558910715423917
2013-11-22,0.011133540952766197
2013-11-25,0.012695614379343523
2013-11-26,-0.0041825722083280725
2013-11-27,-0.0012542137472354442
2013-11-29,0.005818280101206552
2013-12-02,-6.597328085722332e-05
2013-12-03,-0.0007300968134916763
2013-12-04,-8.62706239406208e-05
2013-12-05,-0.003870182512607956
2013-12-06,0.004427189258791042
2013-12-09,-0.0009065652067318242
2013-12-10,-0.01289000597219403
2013-12-11,-0.006711462061327889
2013-12-12,0.016230196982328193
2013-12-13,0.007363746519282621
2013-12-16,0.0038934514526112185
2013-12-17,0.007897584869629881
2013-12-18,0.00977061070195262
2013-12-19,-0.010012054206354315
2013-12-20,0.006787915465819694
2013-12-23,-0.010905033788757734
2013-12-24,-0.0016186685673983403
2013-12-26,0.0032925756899273573
2013-12-27,0.0019781397036775505
2013-12-30,-0.0038324927071425874
2013-12-31,0.0006777064595491211
2014-01-02,-0.004044684100710905
2014-01-03,-0.0010133801689344857
2014-01-06,0.0053840067053410046
2014-01-07,0.0020712370393962676
2014-01-08,0.009851015705963473
2014-01-09,7.361718632581393e-05
2014-01-10,0.006073160029427704
2014-01-13,-0.003953019331827234
2014-01-14,0.008041279214244135
2014-01-15,0.0030119072066243646
2014-01-16,-0.0012288000103138907
2014-01-17,-0.0023482134700130164
2014-01-21,0.0027610330833971464
2014-01-22,-0.001861670008410421
2014-01-23,-0.012151350456585552
2014-01-24,-0.010600907938784654
2014-01-27,0.005127053173401563
2014-01-28,0.00690300696038193
2014-01-29,-0.012593002006478282
2014-01-30,0.06313376904226375
2014-01-31,0.0
2014-02-03,0.0
2014-02-04,0.0
2014-02-05,0.0
2014-02-06,0.0
2014-02-07,-0.0009241463561283636
2014-02-10,0.0007207910123701033
2014-02-11,0.0008996002847172502
2014-02-12,0.00031754041468534666
2014-02-13,-0.01191470333284761
2014-02-14,5.380618466466203e-05
2014-02-18,0.00312393495297969
2014-02-19,-0.003767110586428868
2014-02-20,-0.0038030130483890368
2014-02-21,0.010872042923221859
2014-02-24,0.004425032867583445
2014-02-25,0.005176893378223468
2014-02-26,0.02204354987560997
2014-02-27,0.0005231954160536123
2014-02-28,0.0007019785565787195
2014-03-03,-0.010624646389253645
2014-03-04,0.012622297499738755
2014-03-05,2.8901124031754932e-05
2014-03-06,0.0003043214582598708
2014-03-07,0.0063025801082616795
2014-03-10,0.0008302236557746756
2014-03-11,0.008653086354844408
2014-03-12,-0.002398817914749274
2014-03-13,0.008470642272720097
2014-03-14,0.0008468938438401796
2014-03-17,0.0052441629501558396
2014-03-18,0.0015576889101327485
2014-03-19,8.653833223437601e-05
2014-03-20,-0.0030135516985142496
2014-03-21,0.004367058423546899
2014-03-24,0.0020912955423153523
2014-03-25,0.005744031246640358
2014-03-26,0.017946766310553253
2014-03-27,0.0002943889797648591
2014-03-28,-0.0006112718102548875
2014-03-31,0.011117494871876632
2014-04-01,0.005016508017173127
2014-04-02,0.007922990810050434
2014-04-03,0.005424332973037904
2014-04-04,0.009884658562654192
2014-04-07,-0.004934702446995676
2014-04-08,0.01680764044542471
2014-04-09,0.014613686543178295
2014-04-10,0.003259932957312195
2014-04-11,-0.013930879304723809
2014-04-14,0.0053663877302592145
2014-04-15,-0.002042897102704333
2014-04-16,0.01117670606516552
2014-04-17,0.010564762086439083
2014-04-21,0.008883143907641555
2014-04-22,0.008679673630938689
2014-04-23,0.0054207088543754
2014-04-24,0.021712067790774725
2014-04-25,-0.005519886762088144
2014-04-28,0.009124841331489497
2014-04-29,0.0015156043737929448
2014-04-30,-0.0008283471764772843
2014-05-01,0.0019472633406314444
2014-05-02,0.010443936268303755
2014-05-05,-0.005237440287523376
2014-05-06,-0.008482935824585702
2014-05-07,0.0048958356416650695
2014-05-08,-0.0016737144627635425
2014-05-09,-0.0016565485186668116
2014-05-12,0.009994057821130609
2014-05-13,0.0023543624003490304
2014-05-14,-0.006325449240446979
2014-05-15,0.00029685125527656453
2014-05-16,0.0024827571616969912
2014-05-19,0.0013277006214469367
2014-05-20,0.0003712064446390606
2014-05-21,0.014842274409881506
2014-05-22,-0.0012896511877360517
2014-05-23,-0.00046663099191035506
2014-05-27,0.00650183010737404
2014-05-28,-0.0013742304291737284
2014-05-29,0.0411278526456853
2014-05-30,-1.607829250782622e-05
2014-06-02,0.0014726405284359867
2014-06-03,-0.004532869157126362
2014-06-04,-0.002320141836096745
2014-06-05,0.004782399658300518
2014-06-06,0.0053163423576445545
2014-06-09,0.0017141739251176347
2014-06-10,0.0026363224119416717
2014-06-11,0.01341930573281358
2014-06-12,0.004810942942099494
2014-06-13,0.006708251234075702
2014-06-16,0.0003899960085966825
2014-06-17,0.0005670823036225681
2014-06-18,0.006038842578713233
2014-06-19,0.002370738587087695
2014-06-20,0.0015953552919147906
2014-06-23,-0.0013188747205626905
2014-06-24,-0.003570640627265531
2014-06-25,0.0004404734665239829
2014-06-26,-0.0004592251837877148
2014-06-27,-0.001963079725850525
2014-06-30,0.0038455166092492554
2014-07-01,0.006035434680599083
2014-07-02,-0.0025451973083507884
2014-07-03,0.003048940073913542
2014-07-07,-0.0025444956304410127
2014-07-08,-0.0031124541452115517
2014-07-09,-0.0015673345205743372
2014-07-10,-0.02277490258002479
2014-07-11,0.0010494499181323835
2014-07-14,0.004938851347191742
2014-07-15,-0.0014278679711862141
2014-07-16,0.013024898812225238
2014-07-17,-0.001064444411154719
2014-07-18,0.007823595540181305
2014-07-21,-0.004895102662986206
2014-07-22,0.00012575836237860294
2014-07-23,-0.0007920188477430479
2014-07-24,0.04145883661519223
2014-07-25,-0.003664248731251485
2014-07-28,0.0015218091646937992
2014-07-29,0.0002587675735301609
2014-07-30,0.00578836592103138
2014-07-31,-0.008726451942096425
2014-08-01,0.005182096332404962
2014-08-04,0.003176150807022493
2014-08-05,-0.0033046581160964816
2014-08-06,-0.0038442197362240638
2014-08-07,0.005974356073269238
2014-08-08,0.0013230887426465276
2014-08-11,0.014679168178133084
2014-08-12,-0.0029274280674457254
2014-08-13,0.010488957843715507
2014-08-14,-0.002209866120776671
2014-08-15,0.015136901266941116
2014-08-18,-0.007969762368397859
2014-08-19,-0.0017957782472837192
2014-08-20,-0.006162152321222081
2014-08-21,-0.002602567390638133
2014-08-22,0.001309404644167067
2014-08-25,0.005955582686507421
2014-08-26,0.0021073664440331985
2014-08-27,0.0017596795360128592
2014-08-28,-0.0012044727692582802
2014-08-29,0.014821281270660513
2014-09-02,0.005732645506338896
2014-09-03,0.0011003050047921903
2014-09-04,0.0030545528543433065
2014-09-05,-0.0017570771506605354
2014-09-08,0.00015780783438068546
2014-09-09,0.0010987859182103321
2014-09-10,0.015942110617770622
2014-09-11,-0.008235635662558027
2014-09-12,-0.007611324311630363
2014-09-15,-0.007635679471259538
2014-09-16,-0.004059367302901906
2014-09-17,0.003875420755780734
2014-09-18,0.006218434073509638
2014-09-19,0.007297166827041179
2014-09-22,-0.0008951187881868217
2014-09-23,-0.003042634692607349
2014-09-24,0.0029809244862979423
2014-09-25,0.0005518285874122064
2014-09-26,0.022545208171567355
2014-09-29,-0.0013960919742893596
2014-09-30,0.0007242293455251847
2014-10-01,0.0007844581393565697
2014-10-02,-0.001309179966647589
2014-10-03,0.007564371067722453
2014-10-06,0.007801522659225624
2014-10-07,-0.007770956817367725
2014-10-08,0.0029510933864667077
2014-10-09,-0.0016806209444912845
2014-10-10,-0.016680431134401097
2014-10-13,0.007267339364911418
2014-10-14,0.008471748400240342
2014-10-15,-0.023011767994498222
2014-10-16,-0.018174265159027314
2014-10-17,0.024453492346849348
2014-10-20,0.002588067929824467
2014-10-21,0.013600615658678095
2014-10-22,0.003431133835939848
2014-10-23,0.012766987129300134
2014-10-24,-0.00036002368856813405
2014-10-27,-0.0028737652366737088
2014-10-28,0.0028993419279292887
2014-10-29,-0.0007070731787417461
2014-10-30,-0.0077541835105787715
2014-10-31,0.027220756493222975
2014-11-03,-0.00038224891600469046
2014-11-04,-0.0017686724916747831
2014-11-05,0.0018435875748408215
2014-11-06,0.0018606528237983255
2014-11-07,0.004085299051972635
2014-11-10,-0.0006168611092568499
2014-11-11,0.0020520044276965965
2014-11-12,-0.004320212363062015
2014-11-13,-0.0008758494604530487
2014-11-14,0.0013256797980718549
2014-11-17,0.0017880485769101728
2014-11-18,0.0018042997827698581
2014-11-19,0.0018341441343621145
2014-11-20,-0.0026814718375006708
2014-11-21,0.0161262509698068
2014-11-24,0.009217866716108691
2014-11-25,0.006193552167175875
2014-11-26,0.00041250878640375355
2014-11-28,0.0019820665645555735
2014-12-01,-0.007041484310128077
2014-12-02,-0.0013421387231958848
2014-12-03,0.00772123023355098
2014-12-04,0.023474557201655255
2014-12-05,0.0018722842921707894
2014-12-08,-0.009514318139878353
2014-12-09,-0.012110027985995364
2014-12-10,-0.0025313465187666306
2014-12-11,0.006538955255745105
2014-12-12,-0.014644463646130923
2014-12-15,0.011362188812398921
2014-12-16,-0.005253511900041752
2014-12-17,0.021939123203703836
2014-12-18,0.020269823266239273
2014-12-19,0.0009006180170991751
2014-12-22,0.009191090289120574
2014-12-23,0.0006588988392075557
2014-12-24,0.00047363488665763676
2014-12-26,0.005452782368652098
2014-12-29,-0.004416938692545225
2014-12-30,-0.004668387741289193
2014-12-31,0.002890766732105421
2015-01-02,0.007178931061402993
2015-01-05,-0.006487488182225221
2015-01-06,0.0077284014058642825
2015-01-07,0.006574405933267968
2015-01-08,0.011094599329670274
2015-01-09,0.007456061945553261
2015-01-12,0.0034068310355572784
2015-01-13,0.005800708013214084
2015-01-14,-0.005623447658330227
2015-01-15,0.0060275714056379215
2015-01-16,-0.0002582142428997347
2015-01-20,0.002342844783475684
2015-01-21,-0.0034968276405753507
2015-01-22,0.0059035908398528125
2015-01-23,-0.002936209133057366
2015-01-26,0.0011447681480400984
2015-01-27,-0.008475310981126749
2015-01-28,0.013291681393766908
2015-01-29,-0.0011477849183872957
2015-01-30,-0.008861597212423411
2015-02-02,0.00022182773339451956
2015-02-03,0.0015658447024768929
2015-02-04,-0.007505698844696651
2015-02-05,0.004552369698107572
2015-02-06,0.00362166668575159
2015-02-09,-0.006722985154031913
2015-02-10,0.006722403812298383
2015-02-11,-0.0031320780366802525
2015-02-12,0.0005560221712728186
2015-02-13,-0.0008805207337619914
2015-02-17,-4.344794330446433e-05
2015-02-18,-0.0011661488343207571
2015-02-19,-0.0028670793134845107
2015-02-20,0.0007319112885733059
2015-02-23,0.0050194840499269144
2015-02-24,-0.0021462433533613323
2015-02-25,-0.00020095255433982828
2015-02-26,-0.0075321187559084235
2015-02-27,-0.005301819846982081
2015-03-02,1.907139014134529e-05
2015-03-03,-0.01229553203717304
2015-03-04,-0.004466372996600132
2015-03-05,0.0006080365020395551
2015-03-06,-0.0030319623253206585
2015-03-09,-0.001114793316421503
2015-03-10,-0.011521941241652511
2015-03-11,0.0004898208961026107
2015-03-12,0.0011105280357082137
2015-03-13,0.00042727364688577296
2015-03-16,0.0036812190531079203
2015-03-17,-0.00500198569080712
2015-03-18,0.0006698729106735524
2015-03-19,-0.0013388613462474996
2015-03-20,0.006714640982728337
2015-03-23,-0.004249878084225722
2015-03-24,-0.0003391149311003927
2015-03-25,-0.007279850227460805
2015-03-26,0.0012616836855376956
2015-03-27,0.00020307071146818956
2015-03-30,0.008164984630643524
2015-03-31,-0.0001156563764842522
2015-04-01,-0.0033745934485968077
2015-04-02,-0.002443963090610679
2015-04-06,-0.0028681518081650204
2015-04-07,-0.0053216152761723645
2015-04-08,0.003717535812152839
2015-04-09,-0.0007372235632272517
2015-04-10,0.0010524772318381004
2015-04-13,0.0
2015-04-14,-0.0011214708645437277
2015-04-15,0.001971928741045126
2015-04-16,-0.0020728610808922188
2015-04-17,0.0
2015-04-20,0.0042516843998585685
2015-04-21,0.002246717397833775
2015-04-22,-0.00019005674540917283
2015-04-23,-0.01024067047122823
2015-04-24,0.006625864506895063
2015-04-27,-0.010843118299909027
2015-04-28,0.0028865245018894203
2015-04-29,0.018788744976402594
2015-04-30,-0.0020480486907566986
2015-05-01,0.0013600869803542803
2015-05-04,-0.00040548102711546186
2015-05-05,-0.004182140984587357
2015-05-06,0.006862878683994156
2015-05-07,0.0012522953286906446
2015-05-08,0.010064710067367644
2015-05-11,-0.0008441199713696834
2015-05-12,-0.005152316120611178
2015-05-13,0.003951999770330339
2015-05-14,0.018403640964493873
2015-05-15,0.001955290240836849
2015-05-18,-0.012850080407650233
2015-05-19,0.002837806685471067
2015-05-20,0.0013812150453864636
2015-05-21,0.0052723248902986075
2015-05-22,0.0025416061095546727
2015-05-26,0.0059457791471189125
2015-05-27,0.0026229540353965852
2015-05-28,0.001390904476687993
2015-05-29,-0.00170647936556656
2015-06-01,0.004035547766847003
2015-06-02,-0.0014650546822377875
2015-06-03,0.0
2015-06-04,-0.004371670029233554
2015-06-05,-0.006901388296493893
2015-06-08,-0.0031563315866627306
2015-06-09,0.0009474002506635326
2015-06-10,0.006612250585827484
2015-06-11,-0.001990061666402698
2015-06-12,-0.0020739505991237417
2015-06-15,-0.013807599682603588
2015-06-16,-0.0009782259340983535
2015-06-17,-0.00015636260547502445
2015-06-18,0.0
2015-06-19,0.0014146981703029304
2015-06-22,0.0
2015-06-23,0.0006121006500325876
2015-06-24,-0.002587272922952577
2015-06-25,0.0
2015-06-26,-0.0042478257464134694
2015-06-29,-0.01809810915128718
2015-06-30,0.008771416225518358
2015-07-01,0.014953955731744406
2015-07-02,-0.0008975423282221451
2015-07-06,-0.006904006735674151
2015-07-07,-0.006061133911277494
2015-07-08,-0.009889398582779263
2015-07-09,0.015057526019680578
2015-07-10,0.022894721375771976
2015-07-13,0.005654386009635415
2015-07-14,0.04069639337297182
2015-07-15,0.0
2015-07-16,0.0
2015-07-17,0.0
2015-07-20,0.0
2015-07-21,0.0
2015-07-22,-0.009154457857653453
2015-07-23,0.01206292589738256
2015-07-24,0.0044820291047953376
2015-07-27,-0.004045943049692857
2015-07-28,0.05485210113796346
2015-07-29,0.0
2015-07-30,0.0
2015-07-31,0.0
2015-08-03,0.0
2015-08-04,0.0
2015-08-05,0.0058973296786664076
2015-08-06,0.0026689170903722026
2015-08-07,0.021870994165272162
2015-08-10,-0.0220256801025015
2015-08-11,-0.013428399917147948
2015-08-12,-0.01194811162692111
2015-08-13,-0.0036468701971186235
2015-08-14,9.927882524118914e-05
2015-08-17,-0.005372422459477666
2015-08-18,-0.0009196285576023033
2015-08-19,-0.004648709004206331
2015-08-20,-0.01714232523722281
2015-08-21,-0.00485129142066365
2015-08-24,-0.06428924753312959
2015-08-25,0.022860307266427515
2015-08-26,0.0
2015-08-27,0.0
2015-08-28,0.0
2015-08-31,0.0
2015-09-01,0.0
2015-09-02,0.019265700369822225
2015-09-03,0.0038178458974718055
2015-09-04,-0.011951751097034613
2015-09-08,0.017917448782109657
2015-09-09,0.010696717531405886
2015-09-10,0.00420360944592324
2015-09-11,-0.008628929062243662
2015-09-14,0.007213933108045412
2015-09-15,0.004635610752555586
2015-09-16,0.0013775498445018908
2015-09-17,0.001814339501115425
2015-09-18,-0.015788688959734065
2015-09-21,0.0025744236102274165
2015-09-22,-0.014891530586410906
2015-09-23,-0.0052597909277160015
2015-09-24,-0.004813136853180744
2015-09-25,0.020382239915479383
2015-09-28,-0.005950052899193814
2015-09-29,0.01057464212595427
2015-09-30,0.018948315233417334
2015-10-01,-0.005270990988111457
2015-10-02,0.012384488552714457
2015-10-05,0.0018577940509605373
2015-10-06,0.003485536151329738
2015-10-07,-0.0014060084625617808
2015-10-08,-0.002728435199441326
2015-10-09,-0.0036098424077430913
2015-10-12,-2.2105549951634273e-05
2015-10-13,-0.0016481722111059138
2015-10-14,-0.0008341274588171688
2015-10-15,0.002739933834839947
2015-10-16,0.0011405730845903683
2015-10-19,0.00039535647118871253
2015-10-20,-0.001020234147895982
2015-10-21,0.00692712770877435
2015-10-22,0.006722097238332392
2015-10-23,0.0023682256129655688
2015-10-26,0.005082774702607207
2015-10-27,-0.007259584063303404
2015-10-28,0.008154545773547683
2015-10-29,-0.02509116212142637
2015-10-30,0.009217932490289016
2015-11-02,0.010543895437919781
2015-11-03,-0.002019712780225724
2015-11-04,0.005765457206229785
2015-11-05,0.009684889401956331
2015-11-06,0.0011681714149232025
2015-11-09,-0.001660915967748089
2015-11-10,-0.0010127623597344648
2015-11-11,0.0033762893545994377
2015-11-12,-0.003012479364309706
2015-11-13,-0.003772825260052959
2015-11-16,-0.006778002071705647
2015-11-17,0.0010303947450054363
2015-11-18,0.005385123817123194
2015-11-19,0.03957656730973058
2015-11-20,0.00513120287296065
2015-11-23,0.00047380898422488826
2015-11-24,-0.009954868972638642
2015-11-25,0.0016809275400009316
2015-11-27,-0.0035102251335792367
2015-11-30,0.0030255837255819262
2015-12-01,0.005880388389634117
2015-12-02,0.003369061237340931
2015-12-03,0.009075241642484855
2015-12-04,0.0005300667355829791
2015-12-07,-0.003805472453488057
2015-12-08,-0.0155218887436126
2015-12-09,-0.0017199820362934215
2015-12-10,0.001874830143969053
2015-12-11,-0.009154856092980723
2015-12-14,0.003023124529976551
2015-12-15,0.008233735185131152
2015-12-16,0.009493904214550097
2015-12-17,0.005951869071863403
2015-12-18,-0.0031309611652734493
2015-12-21,0.007485141992013444
2015-12-22,0.0038174856918573585
2015-12-23,0.0024343532612300933
2015-12-24,0.0030587075846884026
2015-12-28,-0.004659538349984782
2015-12-29,0.00757232489232762
2015-12-30,-0.0014943747960637355
2015-12-31,-0.0035252699049678204
2016-01-04,-0.030314842031773037
2016-01-05,0.0032919111827947045
2016-01-06,-0.01901146483551941
2016-01-07,-0.02003492721199107
2016-01-08,0.00967423000464085
2016-01-11,0.001810140716802966
2016-01-12,0.015564839757762128
2016-01-13,0.0056740746370684825
2016-01-14,0.0013374143606093014
2016-01-15,-0.03502352796267405
2016-01-19,0.015665472176720874
2016-01-20,-0.01758485264538623
2016-01-21,0.006444625883323285
2016-01-22,0.021411297509110083
2016-01-25,0.0046248690436578865
2016-01-26,0.004320460596309861
2016-01-27,-0.0041370254509200954
2016-01-28,0.022862969880643957
2016-01-29,0.0025208343121823074
2016-02-01,0.00117984486304068
2016-02-02,-0.01010602477367073
2016-02-03,0.019033987621953186
2016-02-04,-0.0005590208687686893
2016-02-05,-0.003692398370456096
2016-02-08,0.006877061849385857
2016-02-09,-0.009717997741344409
2016-02-10,-0.004321071471481419
2016-02-11,-0.014019744564009673
2016-02-12,0.005400675145565748
2016-02-16,0.0023878726068709
2016-02-17,0.0048027374499097775
2016-02-18,0.024083873589680005
2016-02-19,-0.002190434467186919
2016-02-22,0.008261849986626935
2016-02-23,-0.0035929717920403226
2016-02-24,0.00648623921552649
2016-02-25,0.000464329298069055
2016-02-26,0.004552903449803747
2016-02-29,-0.002569229418268426
2016-03-01,0.006799520738008491
2016-03-02,0.0004537210152133486
2016-03-03,0.002108380715154956
2016-03-04,0.01952629668139494
2016-03-07,0.006635058835944063
2016-03-08,-0.009999453671387326
2016-03-09,0.0033185113135132394
2016-03-10,0.0034946123355161784
2016-03-11,0.005866936269559586
2016-03-14,-0.007293594974179252
2016-03-15,0.0016435062518944665
2016-03-16,-0.005687782707270439
2016-03-17,-0.0013454505974372921
2016-03-18,-0.0009868023766599343
2016-03-21,-0.0018882802181739988
2016-03-22,-0.0025790259505122926
2016-03-23,-9.598437337088317e-05
2016-03-24,-0.0008694895411609505
2016-03-28,0.001217341561434937
2016-03-29,-0.009800330610939434
2016-03-30,-0.0029809535658524844
2016-03-31,0.0025593239745433927
2016-04-01,-0.003576934418991984
2016-04-04,0.0037394409091247027
2016-04-05,-0.004193110068299477
2016-04-06,0.0008687195993002383
2016-04-07,-0.0010118552901574596
2016-04-08,0.0035554038612293226
2016-04-11,0.0028396179260514742
2016-04-12,0.0027795815918119082
2016-04-13,0.006001017996524416
2016-04-14,-0.005021625847689171
2016-04-15,-0.0011575992790786582
2016-04-18,-0.005912471927415619
2016-04-19,0.00407144133059778
2016-04-20,-0.0007355579183686567
2016-04-21,0.001987753437743489
2016-04-22,-0.002910145271900144
2016-04-25,-0.0038249039508900795
2016-04-26,8.177020296518123e-05
2016-04-27,-0.00907305383821222
2016-04-28,-0.00210873574303172
2016-04-29,-0.0005568434788678633
2016-05-02,0.005806062489567276
2016-05-03,-0.01314749229076273
2016-05-04,-0.010645337207138561
2016-05-05,0.005295557429023656
2016-05-06,0.01113969184946284
2016-05-09,0.000645263245640626
2016-05-10,0.002575216776402156
2016-05-11,-0.00565701953738873
2016-05-12,0.0035633163964408077
2016-05-13,0.03207243330344478
2016-05-16,-0.008046221414851562
2016-05-17,-0.005001437638979311
2016-05-18,-0.006700856733724225
2016-05-19,-0.006440875637176213
2016-05-20,0.008771246576816827
2016-05-23,0.004799150741499947
2016-05-24,0.002899607565617357
2016-05-25,-0.0020381455018410044
2016-05-26,0.001158880288186559
2016-05-27,-0.0035110096118350365
2016-05-31,0.001979606038293946
2016-06-01,0.0025869247766061587
2016-06-02,-0.0038017163395605014
2016-06-03,-0.00036712740143274303
2016-06-06,0.003133152071685519
2016-06-07,-0.013455889114358688
2016-06-08,0.008040817457716898
2016-06-09,-0.010463199352939268
2016-06-10,-0.015309599522311035
2016-06-13,-0.0065121784194259735
2016-06-14,-0.004342746917580298
2016-06-15,0.00901272905014694
2016-06-16,0.0016662932270468112
2016-06-17,0.0003599219650931573
2016-06-20,0.010667163107466404
2016-06-21,-0.0020417753871008193
2016-06-22,0.0006496119109911103
2016-06-23,0.0060884992510075175
2016-06-24,-0.052983933006425454
2016-06-27,-0.010472047025027242
2016-06-28,0.01948126034334452
2016-06-29,0.012718759833839188
2016-06-30,0.004268360762547108
2016-07-01,-0.0011334231862615285
2016-07-05,-0.0062710071645384335
2016-07-06,0.0005583823995529702
2016-07-07,0.006199555854477401
2016-07-08,0.007373748718346285
2016-07-11,0.0129375098274771
2016-07-12,0.013831999696833241
2016-07-13,0.0012945215686994693
2016-07-14,0.008676775680057425
2016-07-15,0.004265199590051338
2016-07-18,0.010355814203890201
2016-07-19,-0.002195886545470538
2016-07-20,0.006283919751758571
2016-07-21,-0.005325130124744337
2016-07-22,0.002334116797936714
2016-07-25,0.001040414754701402
2016-07-26,0.0028124867888981164
2016-07-27,0.0026909859698420746
2016-07-28,-0.002601557669825061
2016-07-29,0.0017188402465335706
2016-08-01,0.005736181550243025
2016-08-02,-0.0018639939261430039
2016-08-03,-0.005117203170727613
2016-08-04,0.0002800891884722212
2016-08-05,0.010000845107663858
2016-08-08,0.023787086967104187
2016-08-09,0.003377077976384646
2016-08-10,-0.012148701563001962
2016-08-11,0.0015695769144206118
2016-08-12,-0.001958710918760209
2016-08-15,0.0069142199254979
2016-08-16,0.0003087278557987183
2016-08-17,-0.001130659330195849
2016-08-18,-0.0016498026311519975
2016-08-19,0.0004792311574013386
2016-08-22,-0.004802037062669462
2016-08-23,0.006685859435761277
2016-08-24,-1.873101784788389e-09
2016-08-25,0.002657444348074023
2016-08-26,0.002815015514914254
2016-08-29,0.012491643394210383
2016-08-30,0.0018394065484013122
2016-08-31,0.0037905975329139974
2016-09-01,-0.006224406060428733
2016-09-02,0.008779124730514232
2016-09-06,-0.006558791663241581
2016-09-07,0.002930553316650597
2016-09-08,-0.01035016846361203
2016-09-09,-0.006498043064509851
2016-09-12,-0.006759281835723496
2016-09-13,-0.006386765258951876
2016-09-14,0.0029362475454615122
2016-09-15,0.0020331206337780294
2016-09-16,0.024278337081483414
2016-09-19,0.012458610019901784
2016-09-20,0.010568860896814414
2016-09-21,0.00912575520095138
2016-09-22,0.009473823353424615
2016-09-23,0.011906710834916678
2016-09-26,-0.004333521917548544
2016-09-27,0.010932376614598116
2016-09-28,0.0049928881088214805
2016-09-29,0.0007505878402322974
2016-09-30,0.006108943978811343
2016-10-03,-0.006843093559607327
2016-10-04,0.0016377201872646019
2016-10-05,0.004311422535195675
2016-10-06,-0.002491895804267452
2016-10-07,-0.0006956961374546822
2016-10-10,0.012255051680303497
2016-10-11,-0.006039666567704827
2016-10-12,0.010065174544180655
2016-10-13,-0.007459832191851534
2016-10-14,0.008085272937455201
2016-10-17,0.001548318206738175
2016-10-18,0.010776680929797111
2016-10-19,-0.0073687279589385035
2016-10-20,0.002488940577619614
2016-10-21,-0.02937516453532718
2016-10-24,0.010450176281409984
2016-10-25,0.002207340548358472
2016-10-26,-0.010130038643003991
2016-10-27,0.010757558844383563
2016-10-28,0.003507193554151078
2016-10-31,0.009052359125041765
2016-11-01,0.006587497829988909
2016-11-02,0.0005853544434100133
2016-11-03,0.0014419697130714226
2016-11-04,-0.004288154534800692
2016-11-07,0.02824902414654895
2016-11-08,-0.0038917992357510034
2016-11-09,-0.02299609375158751
2016-11-10,0.011112377440221533
2016-11-11,-0.0035193751496458425
2016-11-14,0.006678453175976262
2016-11-15,0.003564335834859822
2016-11-16,0.00723970606540858
2016-11-17,0.005844411077464251
2016-11-18,0.028866157490037292
2016-11-21,0.007247877029478378
2016-11-22,0.006947105172687484
2016-11-23,-0.002458146772131742
2016-11-25,0.002215068444079371
2016-11-28,0.0006369865314370671
2016-11-29,0.004411724340630752
2016-11-30,0.007225303151031204
2016-12-01,-0.0012305591860131138
2016-12-02,0.002015396565933081
2016-12-05,0.015708896338864076
2016-12-06,0.011745233891679474
2016-12-07,0.005382830543345873
2016-12-08,0.002261254494033915
2016-12-09,0.0062291305607617975
2016-12-12,-0.012155387043752741
2016-12-13,0.0059618385119104556
2016-12-14,-0.006253391915052142
2016-12-15,-0.0007371183878553955
2016-12-16,0.010180417736083358
2016-12-19,-0.00239158530345307
2016-12-20,0.01733533888294425
2016-12-21,0.006155859400952979
2016-12-22,0.0016846824218621492
2016-12-23,0.0026220066977897805
2016-12-27,0.010174905483781638
2016-12-28,0.006247421028538369
2016-12-29,-0.002983126405186609
2016-12-30,0.00197551824689568
2017-01-03,0.005014791734943902
2017-01-04,0.013320943397400642
2017-01-05,0.0018126320443643262
2017-01-06,0.004844736037293629
2017-01-09,0.008116340516989284
2017-01-10,0.0036858147365093075
2017-01-11,-0.0031363224436221637
2017-01-12,-0.0015302329079696086
2017-01-13,0.0013049066392269992
2017-01-17,-0.006676639229843739
2017-01-18,-0.009843347931580704
2017-01-19,-0.012676311987201871
2017-01-20,0.007104736596290628
2017-01-23,-0.004558765416986743
2017-01-24,0.006407210005208608
2017-01-25,0.016810844144044657
2017-01-26,0.005920261844626795
2017-01-27,0.003527786954383494
2017-01-30,-0.006999088008535215
2017-01-31,-0.006726649031969734
2017-02-01,0.021935787211439406
2017-02-02,-0.0030052186655180613
2017-02-03,0.003356838385881966
2017-02-06,0.005290066380466474
2017-02-07,0.006107798525727404
2017-02-08,-0.0022033152056959437
2017-02-09,0.00046749239360721617
2017-02-10,0.02365532477950838
2017-02-13,0.026796443180620466
2017-02-14,-0.003641619886884939
2017-02-15,-0.0005898242809333487
2017-02-16,0.029147722541397192
2017-02-17,-0.007380573327707363
2017-02-21,0.004641246203923588
2017-02-22,-0.00024977362708999973
2017-02-23,0.0030634201928625426
2017-02-24,-0.020379331631924513
2017-02-27,0.003803142816881655
2017-02-28,-0.0006951010398712487
2017-03-01,0.02530518395347503
2017-03-02,-0.01044052130742934
2017-03-03,0.005681962352913406
2017-03-06,-0.005288641484616385
2017-03-07,-0.0025686564806574053
2017-03-08,0.005493471895996915
2017-03-09,0.001631073728938448
2017-03-10,0.006649949843616554
2017-03-13,0.02060040544222841
2017-03-14,-0.006472990247158195
2017-03-15,0.0017744275029853984
2017-03-16,-0.0008061249686626137
2017-03-17,0.004017755890105779
2017-03-20,-0.0013476867257863345
2017-03-21,0.0012029085441520593
2017-03-22,0.0025299837779886314
2017-03-23,-0.0045202822545513666
2017-03-24,0.012086320696427677
2017-03-27,-0.012713786879357314
2017-03-28,0.001312939970832705
2017-03-29,-0.003375258152230942
2017-03-30,0.005337975934818218
2017-03-31,0.0018789307245195008
2017-04-03,-0.0007070849981093419
2017-04-04,-0.010143624093311487
2017-04-05,0.0014297286471898207
2017-04-06,-0.013344369370663411
2017-04-07,-0.0015617972474347708
2017-04-10,0.0004485677645187369
2017-04-11,-0.007883467073236283
2017-04-12,-0.0011279933226684413
2017-04-13,-0.008263310474594276
2017-04-17,0.009804568216364329
2017-04-18,-0.0072159527855432115
2017-04-19,0.0080645486238764
2017-04-20,0.006954143210969432
2017-04-21,0.0022049025894976815
2017-04-24,0.015893684732887214
2017-04-25,0.0029778364817849567
2017-04-26,2.0766668848093417e-05
2017-04-27,0.01068520398288908
2017-04-28,-0.012010880411271074
2017-05-01,0.00014356861145636834
2017-05-02,-0.044180789809209586
2017-05-03,-0.004437202456477163
2017-05-04,0.001613430289762574
2017-05-05,0.02991272824716651
2017-05-08,0.002378842389237912
2017-05-09,0.0022276640046348106
2017-05-10,0.013776901819615661
2017-05-11,-0.0014058915263132077
2017-05-12,0.00450944454244695
2017-05-15,0.011705504603277017
2017-05-16,0.005796574669065135
2017-05-17,-0.01595130132901057
2017-05-18,0.0028930722313891266
2017-05-19,0.016187031204420554
2017-05-22,0.009445891589345168
2017-05-23,0.020240535567999096
2017-05-24,0.01657838046303195
2017-05-25,0.007475936432304486
2017-05-26,0.0028461700321593675
2017-05-30,-0.0011858023298110254
2017-05-31,0.010438146589049957
2017-06-01,0.003048505844612137
2017-06-02,0.01964358962430035
2017-06-05,0.0014145855980336464
2017-06-06,-0.0037740539697788122
2017-06-07,0.004724700998347986
2017-06-08,0.005114562141838475
2017-06-09,0.005105391194653475
2017-06-12,-0.0031391238047212555
2017-06-13,0.0073493121926437865
2017-06-14,0.0032658894526449433
2017-06-15,-0.021732948047640144
2017-06-16,-0.0019850940648741267
2017-06-19,0.019803417912148014
2017-06-20,0.005784203189796555
2017-06-21,0.006545008342172753
2017-06-22,0.0004482755025538854
2017-06-23,-0.005625364847970604
2017-06-26,0.003954496397040597
2017-06-27,-0.0048217416441269645
2017-06-28,0.016047079788649388
2017-06-29,-0.004663935115095996
2017-06-30,0.006955337256764338
2017-07-03,0.005137295974021239
2017-07-05,-0.0008370948407319112
2017-07-06,-0.012464529064474705
2017-07-07,0.007867340738744621
2017-07-10,0.0006550402941438715
2017-07-11,-0.0007318940242325711
2017-07-12,0.012664733087478064
2017-07-13,0.0034138083343822068
2017-07-14,0.00022610668764166952
2017-07-17,-0.001069930024961363
2017-07-18,-0.008560976311128954
2017-07-19,0.005896644041428312
2017-07-20,0.0032462883446935376
2017-07-21,-0.005822378784025473
2017-07-24,-0.0028634542642200778
2017-07-25,0.005128572853456248
2017-07-26,0.0005589432614929724
2017-07-27,0.007738667640999397
2017-07-28,0.019419589142812832
2017-07-31,0.008564522891646442
2017-08-01,0.0007047956128869437
2017-08-02,0.0020608401087482964
2017-08-03,-0.0009742158721871563
2017-08-04,0.0019336218972183516
2017-08-07,0.00915832719427101
2017-08-08,0.0027699278739239386
2017-08-09,-0.014821455634411396
2017-08-10,-0.002786654940266642
2017-08-11,8.421892760890337e-05
2017-08-14,0.02252499942730135
2017-08-15,0.0004984169723314391
2017-08-16,0.008408487636845319
2017-08-17,-0.003936459802694192
2017-08-18,0.0040941723997154345
2017-08-21,0.0036299300643078958
2017-08-22,0.004873797789269219
2017-08-23,-0.007821308644269775
2017-08-24,0.0034718369964448215
2017-08-25,0.003757679314274398
2017-08-28,0.005222320415348314
2017-08-29,-0.015596033217015748
2017-08-30,0.00013872096887546093
2017-08-31,0.006618985839172753
2017-09-01,0.00410008427310804
2017-09-05,-0.003907604067238002
2017-09-06,0.004148237821975265
2017-09-07,0.002592660978016914
2017-09-08,0.0028133606910965003
2017-09-11,0.008896721781216144
2017-09-12,-6.72949490446717e-05
2017-09-13,0.000701905899745503
2017-09-14,-0.006125825214516323
2017-09-15,0.004045447802328406
2017-09-18,0.01349075157882651
2017-09-19,-0.00767733367099277
2017-09-20,0.0026756989133762676
2017-09-21,-0.007615272092120651
2017-09-22,-0.00151001465323497
2017-09-25,-0.0031947754761915137
2017-09-26,0.018276706432449608
2017-09-27,0.03590886173444363
2017-09-28,-0.0007142897903197332
2017-09-29,0.002224098764939786
2017-10-02,0.0027716381087985464
2017-10-03,-0.00020110467834422163
2017-10-04,-0.0017384203008564691
2017-10-05,0.0036639130064417547
2017-10-06,-0.0028615702772641916
2017-10-09,-0.005694525029670272
2017-10-10,0.015872258736746803
2017-10-11,-0.009463582134334958
2017-10-12,-0.0019930626828253972
2017-10-13,0.0072756570827337
2017-10-16,0.003353116835718817
2017-10-17,-0.001451449988432052
2017-10-18,0.007743836991269237
2017-10-19,-0.010669922675396903
2017-10-20,0.009251618152991137
2017-10-23,0.013791052146536087
2017-10-24,0.0014262394971582548
2017-10-25,-0.0045384601620127585
2017-10-26,0.005496320457133441
2017-10-27,0.040417277437572174
2017-10-30,0.001047559157900002
2017-10-31,0.006421413767532469
2017-11-01,-0.007185675075435438
2017-11-02,-0.0029241204385634934
2017-11-03,0.0026880159025926
2017-11-06,0.007643822439747927
2017-11-07,0.002103571703260476
2017-11-08,0.04190330550639376
2017-11-09,-0.006185440793854413
2017-11-10,0.013895826405671219
2017-11-13,-0.004180925963205406
2017-11-14,-0.0027361317456999767
2017-11-15,-0.005031584709045522
2017-11-16,0.005190436527995113
2017-11-17,0.022577560173242306
2017-11-20,0.004038189231739819
2017-11-21,0.005624511242074082
2017-11-22,0.0029303987860613834
2017-11-24,0.003139197745910982
2017-11-27,0.0022017077790728035
2017-11-28,0.0040147903985743305
2017-11-29,-0.006761814057540172
2017-11-30,0.005311651128684813
2017-12-01,-0.008189315420557453
2017-12-04,0.006845075157036584
2017-12-05,-0.005736928543488395
2017-12-06,-0.00016076020856459206
2017-12-07,0.010066674240492679
2017-12-08,0.014438965303968487
2017-12-11,0.001735097925046336
2017-12-12,-0.003918487124589087
2017-12-13,0.003350765473365769
2017-12-14,0.00016835737607823198
2017-12-15,0.008664271625783648
2017-12-18,0.008549263235680504
2017-12-19,0.014335105609612375
2017-12-20,0.00732087223243405
2017-12-21,-0.00034542884322219525
2017-12-22,-0.0024588425390593693
2017-12-26,-0.0017556462803869355
2017-12-27,-0.0017934318706878116
2017-12-28,0.0031331545817796513
2017-12-29,0.0001591421908158086
2018-01-02,0.010774625139047922
2018-01-03,0.010719845931640881
2018-01-04,0.011289810716033521
2018-01-05,-0.004100992110827706
2018-01-08,0.0030022063645829267
2018-01-09,-0.0005826039549814421
2018-01-10,-0.01299978893031517
2018-01-11,0.0022466308810715763
2018-01-12,0.0006366669450574847
2018-01-16,0.010483101480584844
2018-01-17,0.00611881024432126
2018-01-18,-0.002423695966210171
2018-01-19,0.00432483620655244
2018-01-22,5.8541376877219164e-05
2018-01-23,0.001615213005151439
2018-01-24,0.0010921350472854474
2018-01-25,0.013201040595632207
2018-01-26,0.00662848216175882
2018-01-29,-0.007489089210833466
2018-01-30,-0.017683987571429527
2018-01-31,0.022218557758057367
2018-02-01,-0.02749977736721576
2018-02-02,-0.007445959005769054
2018-02-05,-0.019818289566437275
2018-02-06,-0.021628463079070515
2018-02-07,-0.007342766838265069
2018-02-08,-0.0033144558318242145
2018-02-09,0.0091227189451073
2018-02-12,0.011513918565516423
2018-02-13,-0.007500065647163323
2018-02-14,-0.005333877506428775
2018-02-15,0.010264156518331458
2018-02-16,-0.00325069517934784
2018-02-20,0.0028758088389007064
2018-02-21,-0.0021233363410951833
2018-02-22,0.0037305283410717927
2018-02-23,0.009430022279395045
2018-02-26,0.007285039202173271
2018-02-27,-0.003300134299988322
2018-02-28,0.006178658212529831
2018-03-01,0.000576536476955436
2018-03-02,-0.01879961169608413
2018-03-05,-0.007047259764528135
2018-03-06,0.00929579518374224
2018-03-07,-0.010188604055842654
2018-03-08,0.006438792187578812
2018-03-09,0.006527130784316437
2018-03-12,0.015417726532677367
2018-03-13,-0.00014161720605443406
2018-03-14,0.007315549394564469
2018-03-15,-0.0026017101861953718
2018-03-16,0.009424248279645386
2018-03-19,-0.002497567673691803
2018-03-20,-0.0005286689961948587
2018-03-21,-0.004004800309677425
2018-03-22,-0.01710513683749426
2018-03-23,-0.00725651775916758
2018-03-26,0.023782724698776736
2018-03-27,0.008971327719244027
2018-03-28,0.023570913945084815
2018-03-29,0.007233324883676895
2018-04-02,-0.008147001707755064
2018-04-03,0.019123928045493788
2018-04-04,-0.02927061615287585
2018-04-05,0.004797621658219953
2018-04-06,-0.025491527160638183
2018-04-09,0.013620136929712201
2018-04-10,0.02111732911959341
2018-04-11,-0.005822318270467419
2018-04-12,0.012493657931546664
2018-04-13,0.011677474202442362
2018-04-16,0.005835773012277334
2018-04-17,0.03050657829073611
2018-04-18,0.0011859815981749566
2018-04-19,-0.021935477694736694
2018-04-20,-0.001309547087680718
2018-04-23,0.006844509666840359
2018-04-24,0.005858792131201662
2018-04-25,0.00022924896192400013
2018-04-26,0.01475165426017866
2018-04-27,0.03032253955608022
2018-04-30,0.003602355348421904
2018-05-01,-0.00026850112697041073
2018-05-02,-0.0071167078176391785
2018-05-03,-0.005233099480761894
2018-05-04,-0.004888936731672344
2018-05-07,0.01184411014640796
2018-05-08,-0.0031876015933790525
2018-05-09,0.0
2018-05-10,-0.009800634667640917
2018-05-11,0.0
2018-05-14,0.020478571247024124
2018-05-15,0.0
2018-05-16,0.008386998306380455
2018-05-17,-0.003670905031501137
2018-05-18,-0.008860794264026195
2018-05-21,0.02916941296141773
2018-05-22,0.02244271699463196
2018-05-23,-0.0025397766396565435
2018-05-24,0.000965216347695419
2018-05-25,-0.0037179994837198693
2018-05-29,-0.007477785790404812
2018-05-30,0.012237273063039122
2018-05-31,-0.003142161659396736
2018-06-01,0.008612564631955477
2018-06-04,0.0007462835307834315
2018-06-05,0.004111847132873381
2018-06-06,0.002982458995531845
2018-06-07,-0.010054013872878964
2018-06-08,-0.007592219668825173
2018-06-11,0.01675223879183374
2018-06-12,-0.0006428472576015531
2018-06-13,0.0019321960105940228
2018-06-14,0.009250899281959768
2018-06-15,-0.006159253316884605
2018-06-18,-0.00899993513680808
2018-06-19,-0.011489746114407562
2018-06-20,0.015844936883995242
2018-06-21,0.018633422547393197
2018-06-22,0.004779809696366488
2018-06-25,-0.015083940291866216
2018-06-26,0.004586113505894218
2018-06-27,0.01135386696842522
2018-06-28,0.0005469321332554067
2018-06-29,0.009570444668920652
2018-07-02,-0.015418013491146576
2018-07-03,0.002061631184718138
2018-07-05,0.00861587230648131
2018-07-06,-0.0011897097642844523
2018-07-09,0.009572728939432062
2018-07-10,0.0012166764358021442
2018-07-11,-0.012036737219338622
2018-07-12,0.008389152222561203
2018-07-13,-0.0016798351327305117
2018-07-16,0.00624439073810934
2018-07-17,-0.04746521403227755
2018-07-18,0.0027139087504761683
2018-07-19,-0.006805393920236491
2018-07-20,0.0017173737259814637
2018-07-23,-0.0016750183004315966
2018-07-24,0.013289522363394424
2018-07-25,-0.0008873706719586538
2018-07-26,0.022066678218677804
2018-07-27,0.00570123632722308
2018-07-30,0.0001880449187423583
2018-07-31,0.005002396601094139
2018-08-01,-0.001151395375317943
2018-08-02,-0.010485488183224256
2018-08-03,0.0025581201736051273
2018-08-06,0.007496171250264139
2018-08-07,0.008278156648396928
2018-08-08,-0.022913160253363984
2018-08-09,0.0016920090992980086
2018-08-10,0.0788466226090716
2018-08-13,0.0
2018-08-14,0.0
2018-08-15,0.0
2018-08-16,0.0
2018-08-17,0.0
2018-08-20,0.0024273052488270608
2018-08-21,0.0016406978693705998
2018-08-22,0.001439581126245093
2018-08-23,0.007971231705254489
2018-08-24,0.010521129050052425
2018-08-27,0.013563140892419945
2018-08-28,0.0033965080397715397
2018-08-29,0.0004938048047176125
2018-08-30,-0.002182236061363141
2018-08-31,-0.0006665697796039982
2018-09-04,0.00021563452250483728
2018-09-05,-0.005764612126292534
2018-09-06,8.435123885597307e-05
2018-09-07,0.011912546315600459
2018-09-10,0.00401356190662594
2018-09-11,-0.01087262506397868
2018-09-12,-0.026525454547962735
2018-09-13,0.013288101220786164
2018-09-14,0.0009685965690511278
2018-09-17,-0.005531236236125392
2018-09-18,0.005078123439516524
2018-09-19,0.0001065407633129567
2018-09-20,0.021289899491427455
2018-09-21,-0.01239912013773603
2018-09-24,-0.006817643216937119
2018-09-25,0.002906684530641579
2018-09-26,-0.005608494038995104
2018-09-27,-0.004635386249443041
2018-09-28,-0.00698966057930106
2018-10-01,0.007870798808096602
2018-10-02,0.004225912283851274
2018-10-03,0.005313407606756693
2018-10-04,-0.0008416521341982897
2018-10-05,-0.0027702648652215833
2018-10-08,-0.007191776826864005
2018-10-09,-0.003106668211756647
2018-10-10,-0.0016663073549980645
2018-10-11,-0.004919332836736179
2018-10-12,0.038416383405834864
2018-10-15,-0.001811100984652425
2018-10-16,0.016311527309684992
2018-10-17,0.006087352714385874
2018-10-18,-0.0045084686899362625
2018-10-19,0.005656319798218679
2018-10-22,-0.009918558195337601
2018-10-23,-0.028230556758995218
2018-10-24,-0.0006897178932041559
2018-10-25,0.008569970726765463
2018-10-26,-0.023307233419145756
2018-10-29,0.014889474434246042
2018-10-30,0.0012721566344380264
2018-10-31,0.02986034882015587
2018-11-01,0.00913849126312316
2018-11-02,0.004457766245224981
2018-11-05,-0.009223210150957506
2018-11-06,-0.0021571514166804917
2018-11-07,0.014065422898478452
2018-11-08,-0.008247219940495154
2018-11-09,-0.017626705171018275
2018-11-12,-0.024539678420991362
2018-11-13,0.004151112652162947
2018-11-14,0.01112496686001152
2018-11-15,-0.003992852078739895
2018-11-16,-0.006507952534484995
2018-11-19,-0.0041723641682350765
2018-11-20,-0.02135682325384969
2018-11-21,0.009810857237378512
2018-11-23,-0.013115464939234656
2018-11-26,0.0198614835277533
2018-11-27,-0.004375072031501448
2018-11-28,0.013858950590516894
2018-11-29,-0.007441504674620347
2018-11-30,-0.0011181279366320185
2018-12-03,0.02508993430429385
2018-12-04,-0.007301661548709815
2018-12-06,-0.006495037648598712
2018-12-07,0.007216879320560254
2018-12-10,0.004212419856333138
2018-12-11,0.013669524492589735
2018-12-12,0.004987352278388535
2018-12-13,0.004527057513006971
2018-12-14,-0.005805880718224743
2018-12-17,-0.0016667554149362163
2018-12-18,0.008049819829459848
2018-12-19,-0.022900798172300285
2018-12-20,0.0013754661100766619
2018-12-21,-0.002450891259285326
2018-12-24,-0.00020828861803423582
2018-12-26,0.007035977609476385
2018-12-27,0.0026000444182729954
2018-12-28,0.007386128137161219
2018-12-31,0.004059565384219255
2019-01-02,-0.009428120061284573
2019-01-03,-0.0032903050949149026
2019-01-04,0.011165708281937636
2019-01-07,0.003685677945565624
2019-01-08,0.006305857915177571
2019-01-09,0.0033415688386089215
2019-01-10,-0.00039818262467283816
2019-01-11,-0.0008910115722127188
2019-01-14,-0.002624770735190518
2019-01-15,0.0047064536087264575
2019-01-16,0.002117894532322584
2019-01-17,-0.004744572368938549
2019-01-18,0.005062886904555697
2019-01-22,-0.004096008783852523
2019-01-23,-0.0009362618653414589
2019-01-24,0.018083040056236177
2019-01-25,-0.0018134563363700895
2019-01-28,-0.0007737223588205611
2019-01-29,0.0005314380550918152
2019-01-30,0.0003965374112016029
2019-01-31,-0.007276724779870403
2019-02-01,0.0045884011338033215
2019-02-04,0.0011752665280699848
2019-02-05,0.0009558239580571559
2019-02-06,-0.0016353601992469269
2019-02-07,-0.002641255589060143
2019-02-08,-0.0005615508426686233
2019-02-11,0.00882996415114401
2019-02-12,0.01058558318222147
2019-02-13,-0.004077825793392109
2019-02-14,-0.0027558619638579085
2019-02-15,0.0035011589843712
2019-02-19,-0.0016192858200566596
2019-02-20,0.00037719123091695117
2019-02-21,8.983472959767091e-05
2019-02-22,0.047648489023589535
2019-02-25,-0.0035077875137921044
2019-02-26,0.0014428540879725116
2019-02-27,0.0021084403647277927
2019-02-28,0.0013109946999239064
2019-03-01,-0.0032534611342524
2019-03-04,0.002970196132877856
2019-03-05,-0.002210564009441529
2019-03-06,0.0032642656566614914
2019-03-07,-0.001676426435427869
2019-03-08,-0.015216511321845205
2019-03-11,0.012558066221743935
2019-03-12,0.00869248896963648
2019-03-13,0.006183530401468795
2019-03-14,0.0034349481931683634
2019-03-15,0.0036601304076904206
2019-03-18,0.008865779799409168
2019-03-19,0.0026139675484511127
2019-03-20,0.0031978630603053393
2019-03-21,-0.004226322593441911
2019-03-22,-0.0034277607573814928
2019-03-25,-0.004260642726711783
2019-03-26,0.01677210585389388
2019-03-27,0.0013376519515098106
2019-03-28,0.01120258867223023
2019-03-29,0.013110426520563712
2019-04-01,0.013263544916501724
2019-04-02,9.850371482311715e-05
2019-04-03,0.012060832574845026
2019-04-04,-0.0016344637525087524
2019-04-05,0.010994363417724085
2019-04-08,-0.0027651388919057718
2019-04-09,-0.00525674357540673
2019-04-10,0.0012205688085240585
2019-04-11,0.003098663081988251
2019-04-12,0.004209450761193834
2019-04-15,0.0016560747917193641
2019-04-16,0.004786962700496389
2019-04-17,0.0033901673534730836
2019-04-18,-0.0007945499841985892
2019-04-22,-0.0024662015986530728
2019-04-23,0.006282987456390998
2019-04-24,0.005218665761452135
2019-04-25,0.021231555424820137
2019-04-26,-0.003809835129529038
2019-04-29,0.00063848489777385
2019-04-30,-0.003637459889241801
2019-05-01,0.007185805065143436
2019-05-02,-0.0024961532348584115
2019-05-03,0.006906145167590694
2019-05-06,-0.036096765556814625
2019-05-07,-0.01072239668863706
2019-05-08,-0.022127450752970845
2019-05-09,-0.01253235923053131
2019-05-10,-0.002782646026842195
2019-05-13,-0.03421344021459205
2019-05-14,0.009802960884345513
2019-05-15,-0.006915128325016728
2019-05-16,-0.005569512379515196
2019-05-17,-0.008854819733098207
2019-05-20,-0.02417448014466872
2019-05-21,0.01534129435634668
2019-05-22,-0.0114592400187572
2019-05-23,-0.014343406820252813
2019-05-24,0.008786427668847852
2019-05-28,0.006318629720933
2019-05-29,-0.008944599015048627
2019-05-30,0.002248136998696859
2019-05-31,-0.016210264648906403
2019-06-03,0.029175989959253412
2019-06-04,0.01662506371203376
2019-06-05,0.013291812487511212
2019-06-06,0.0062126988997837085
2019-06-07,0.005479653729127731
2019-06-10,0.018359809783869974
2019-06-11,0.022439527404290338
2019-06-12,-0.010864414633580788
2019-06-13,0.00930907470119724
2019-06-14,-0.008753640670085217
2019-06-17,9.36337657075903e-05
2019-06-18,0.009124813154142819
2019-06-19,0.002972956348448186
2019-06-20,0.02248967056360307
2019-06-21,-0.005797796545586209
2019-06-24,0.003249117563199455
2019-06-25,0.0024100256878243353
2019-06-26,0.05676224279929487
2019-06-27,0.0
2019-06-28,0.0
2019-07-01,0.0
2019-07-02,0.0
2019-07-03,0.0
2019-07-05,-0.0052714498355468375
2019-07-08,-0.0010174861203229302
2019-07-09,-0.007253780462911363
2019-07-10,0.007732885144249524
2019-07-11,0.007873191619138131
2019-07-12,-0.002912181574833972
2019-07-15,0.005350236892177618
2019-07-16,0.0018986911555078922
2019-07-17,0.002502739293554379
2019-07-18,0.001050998608824294
2019-07-19,0.006491930282088276
2019-07-22,0.009378305068330484
2019-07-23,0.004256858678086228
2019-07-24,-0.0017731787374313246
2019-07-25,-0.004090929862537562
2019-07-26,0.007849915574191124
2019-07-29,0.0010200907700053108
2019-07-30,-0.007665811116288723
2019-07-31,-0.016127715757350614
2019-08-01,0.0022031103173094646
2019-08-02,-0.008796521154021408
2019-08-05,-0.03553435793013726
2019-08-06,0.01512068407878231
2019-08-07,-0.010675711658773568
2019-08-08,0.032760867973179675
2019-08-09,-0.006236872648096914
2019-08-12,-0.04070733096063439
2019-08-13,0.002598352481464561
2019-08-14,-0.025388074330809585
2019-08-15,0.0033350818214434863
2019-08-16,0.013573918125331819
2019-08-19,0.022274361228024286
2019-08-20,0.0018354856861040325
2019-08-21,0.01272248940769738
2019-08-22,0.004387078325598148
2019-08-23,-0.008745311700770086
2019-08-26,0.01483309595675486
2019-08-27,0.011111306578727165
2019-08-28,-0.006013365725281439
2019-08-29,0.01406523450095487
2019-08-30,0.009167150743388808
2019-09-03,-0.006153975464004313
2019-09-04,0.009836010672970907
2019-09-05,0.020899639375581813
2019-09-06,0.002545548518465557
2019-09-09,0.00755740924350734
2019-09-10,-0.00776029357488206
2019-09-11,0.0006524809316748037
2019-09-12,0.007153036180029382
2019-09-13,0.0013107918119099615
2019-09-16,-0.009230280788998124
2019-09-17,0.010058265811229372
2019-09-18,0.0006313599193410457
2019-09-19,0.005259024378438504
2019-09-20,0.0010870256890298524
2019-09-23,-0.001097339310629386
2019-09-24,0.01065878335127124
2019-09-25,-0.006060964374665745
2019-09-26,0.0037479353634863877
2019-09-27,0.007906852358172456
2019-09-30,-0.00036141371159337243
2019-10-01,-0.00012355416216691673
2019-10-02,-0.010693863288292471
2019-10-03,0.0013896996647424498
2019-10-04,0.002353116921729459
2019-10-07,0.008773788796790027
2019-10-08,-0.012516589265940792
2019-10-09,0.020350649388867437
2019-10-10,0.005314914431020501
2019-10-11,0.008416760254544187
2019-10-14,-0.005525864870029928
2019-10-15,0.0018560972377519303
2019-10-16,-0.01587754786889295
2019-10-17,0.011035305477274937
2019-10-18,-0.0020100931964068813
2019-10-21,0.010253686176222354
2019-10-22,-0.00029720029122159985
2019-10-23,-0.006183649749912923
2019-10-24,0.011695470183940682
2019-10-25,-0.001610529175902764
2019-10-28,0.013585109920779326
2019-10-29,0.017050164747506535
2019-10-30,0.0036921391789426217
2019-10-31,-0.011704190554608696
2019-11-01,0.007430760820717586
2019-11-04,0.009051869285237713
2019-11-05,0.0020856542379321663
2019-11-06,0.0022009709756609652
2019-11-07,0.013108340404623053
2019-11-08,-0.001524147572337431
2019-11-11,-0.008340199821568972
2019-11-12,-0.0005316845432441486
2019-11-13,-0.002592897804425509
2019-11-14,-0.000676318409063903
2019-11-15,0.00970049723941857
2019-11-18,-0.0052587092631734
2019-11-19,0.0018951254760006808
2019-11-20,-0.004516571174162154
2019-11-21,-0.005264985515776255
2019-11-22,0.004586349870514761
2019-11-25,0.010922649525855643
2019-11-26,-0.002187460516123063
2019-11-27,0.00677903789078238
2019-11-29,-0.002287858010932786
2019-12-02,-0.0012421402536809678
2019-12-03,-0.029817662678209067
2019-12-04,0.01019301332764222
2019-12-05,0.004231076431014724
2019-12-06,0.029972996760386117
2019-12-09,-0.0028436123080680664
2019-12-10,0.003902031490985669
2019-12-11,0.0024516609166427283
2019-12-12,-0.0005860954155840759
2019-12-13,-0.0004429158080456741
2019-12-16,0.017964029630459954
2019-12-17,0.009173131157338865
2019-12-18,0.0004364647370476149
2019-12-19,0.019089845263494443
2019-12-20,0.008743135209844821
2019-12-23,0.006693543404597158
2019-12-24,0.00444322315929635
2019-12-26,0.00793614249446839
2019-12-27,0.006235573366720093
2019-12-30,-0.0022865619140516324
2019-12-31,-0.004676389099147693
2020-01-02,0.0083379417251912
2020-01-03,-0.014580071284028495
2020-01-06,-0.007687605700192002
2020-01-07,0.009863947668295125
2020-01-08,0.0009668134422335939
2020-01-09,0.012783440804427393
2020-01-10,0.004224821501390474
2020-01-13,0.0052856628074371415
2020-01-14,-0.0011947703090964268
2020-01-15,-0.00953640734889627
2020-01-16,-0.013778517101824761
2020-01-17,0.006785681579314806
2020-01-21,-0.0019403717740009707
2020-01-22,0.021185614670072406
2020-01-23,0.0011289572973460782
2020-01-24,0.011369961686700236
2020-01-27,-0.035232848178770926
2020-01-28,0.012586984493502262
2020-01-29,-0.01998184576133799
2020-01-30,0.00864855823227817
2020-01-31,-0.0049306540655119635
2020-02-03,0.0012729449938011506
2020-02-04,0.02421741744816419
2020-02-05,0.013823880318509785
2020-02-06,0.010063356795066314
2020-02-07,-0.015925322545073395
2020-02-10,-0.0013595887086270686
2020-02-11,0.013063143704275637
2020-02-12,0.008663196501838444
2020-02-13,-0.016917590122074833
2020-02-14,0.004618364579370482
2020-02-18,0.004398424403339929
2020-02-19,0.0367928901204313
2020-02-20,-0.01463094604452475
2020-02-21,-0.005240664788050964
2020-02-24,-0.058722462008535814
2020-02-25,0.010227329829949339
2020-02-26,0.018799727516398024
2020-02-27,-0.035002881093557536
2020-02-28,-0.03928633125151326
2020-03-02,0.006690208439352752
2020-03-03,0.0
2020-03-04,0.0
2020-03-05,0.0
2020-03-06,0.0
2020-03-09,0.0
2020-03-10,0.0
2020-03-11,0.0
2020-03-12,0.0
2020-03-13,0.0
2020-03-16,0.0
2020-03-17,0.0
2020-03-18,0.0
2020-03-19,0.0
2020-03-20,0.0
2020-03-23,0.0
2020-03-24,0.0
2020-03-25,0.0
2020-03-26,0.0
2020-03-27,0.0
2020-03-30,0.0
2020-03-31,0.0
2020-04-01,0.0
2020-04-02,-0.006880557527322639
2020-04-03,-0.0016445667181224088
2020-04-06,0.04632174646433218
2020-04-07,0.026667860563899692
2020-04-08,0.01140968026458733
2020-04-09,0.019265009087233942
2020-04-13,-0.0053367942317794625
2020-04-14,0.0246733728579569
2020-04-15,-0.030319286994441974
2020-04-16,0.013802744872140726
2020-04-17,0.01243611892109353
2020-04-20,-0.02177138398692846
2020-04-21,-0.0133772845660306
2020-04-22,0.033833664008091624
2020-04-23,0.00563700427184366
2020-04-24,0.0008800841672516047
2020-04-27,0.02003213108652191
2020-04-28,0.017785490998915243
2020-04-29,0.00830001025123317
2020-04-30,-0.007014977521802246
2020-05-01,-0.02609296890967039
2020-05-04,0.0
2020-05-05,0.0
2020-05-06,0.0
2020-05-07,0.0
2020-05-08,0.0
2020-05-11,0.0
2020-05-12,0.0
2020-05-13,0.0
2020-05-14,0.0
2020-05-15,0.0
2020-05-18,0.0
2020-05-19,0.0
2020-05-20,0.0
2020-05-21,0.0
2020-05-22,0.0
2020-05-26,0.0
2020-05-27,0.0
2020-05-28,0.0
2020-05-29,0.0
2020-06-01,0.0
2020-06-02,-0.002386908965530732
2020-06-03,0.005059973752752578
2020-06-04,-0.004275000769838333
2020-06-05,0.008535311481040697
2020-06-08,-0.00033823937026433715
2020-06-09,-0.012640246200836813
2020-06-10,0.02669927735644695
2020-06-11,-0.021364771647568115
2020-06-12,0.03374837842511336
2020-06-15,-0.016546608336509006
2020-06-16,0.014489500533518385
2020-06-17,0.00969351729897805
2020-06-18,-0.0019381617772769033
2020-06-19,0.011276150005425922
2020-06-22,0.004518686873129063
2020-06-23,0.00625683343173522
2020-06-24,-0.0025526156847321957
2020-06-25,0.0035790507867698995
2020-06-26,0.0008910454971633452
2020-06-29,0.002773702312582005
2020-06-30,0.01036210132332438
2020-07-01,0.001409411935690219
2020-07-02,0.013302815041437377
2020-07-06,0.029228266773555056
2020-07-07,0.002529200435128942
2020-07-08,0.011961332112412126
2020-07-09,0.012379929228252484
2020-07-10,0.0037761959165825143
2020-07-13,0.01562469287528101
2020-07-14,-0.011751705886251185
2020-07-15,-0.003013451930848121
2020-07-16,-0.017624142215055594
2020-07-17,0.007142973670139829
2020-07-20,0.01152637488617625
2020-07-21,0.003375934804405789
2020-07-22,0.005535211697542675
2020-07-23,0.016747446523531107
2020-07-24,-0.018909856612768783
2020-07-27,0.010475369950395663
2020-07-28,0.0007572964023976336
2020-07-29,0.01831998490154363
2020-07-30,-0.004474169533500549
2020-07-31,0.011790846671110744
2020-08-03,0.01092325179311282
2020-08-04,0.00025484681123644215
2020-08-05,0.0018182130796293716
2020-08-06,0.0013402994968962911
2020-08-07,0.002530021989678888
2020-08-10,0.004195241611125722
2020-08-11,-0.005617407131071506
2020-08-12,0.030735526788707945
2020-08-13,0.005577648141431579
2020-08-14,0.004644575323160538
2020-08-17,0.011397238837791646
2020-08-18,0.006574137503291055
2020-08-19,-0.0029868084432060904
2020-08-20,-0.009472503688292777
2020-08-21,-0.03561595350857816
2020-08-24,0.019614416522915068
2020-08-25,-0.0016922150144801362
2020-08-26,0.004959822643208156
2020-08-27,0.0028735043933747484
2020-08-28,0.01117826207728112
2020-08-31,5.706244855607778e-05
2020-09-01,0.007817324939574544
2020-09-02,0.034626950714811366
2020-09-03,-0.023624953402670346
2020-09-04,-0.0011772862355707847
2020-09-08,-0.03017916464643622
2020-09-09,0.025943209578836113
2020-09-10,0.017267053388609233
2020-09-11,0.013883831447689898
2020-09-14,0.017639866915180935
2020-09-15,0.01243523289533699
2020-09-16,-0.00013890414591744005
2020-09-17,-0.025099199649535775
2020-09-18,0.0044804503140556395
2020-09-21,-0.01676419534049034
2020-09-22,0.0034551018316473225
2020-09-23,-0.003314906634768078
2020-09-24,-0.012780870766270658
2020-09-25,0.0029781323232231927
2020-09-28,0.026274986906459352
2020-09-29,-0.004285102832857546
2020-09-30,-0.003916668844051396
2020-10-01,0.015916019319275998
2020-10-02,-0.03599263852211354
2020-10-05,0.009274391756519673
2020-10-06,0.006954911162545763
2020-10-07,0.016306010726383713
2020-10-08,0.020805172188633092
2020-10-09,0.010868291369864558
2020-10-12,0.016428863178326925
2020-10-13,0.003902893758654491
2020-10-14,0.002982977191552827
2020-10-15,-0.020579560009474474
2020-10-16,0.011504223447237338
2020-10-19,0.008703492423337345
2020-10-20,0.008820117102963376
2020-10-21,0.016731709484546275
2020-10-22,0.018202525849547957
2020-10-23,0.006206781297316555
2020-10-26,-0.009002043398472659
2020-10-27,0.004108953873662058
2020-10-28,-0.01405607353611249
2020-10-29,0.01075791904930501
2020-10-30,-0.013162175421171929
2020-11-02,-0.003816441123048575
2020-11-03,0.015010894794638352
2020-11-04,0.02761618297732915
2020-11-05,0.07510080440284161
2020-11-06,0.0
2020-11-09,0.0
2020-11-10,0.0
2020-11-11,0.0
2020-11-12,0.0
2020-11-13,0.007262181837529802
2020-11-16,-0.006639486131482575
2020-11-17,0.003846497089760259
2020-11-18,-0.0011999738945173144
2020-11-19,-0.004735104552739733
2020-11-20,0.0011809998434237912
2020-11-23,0.014989318330847379
2020-11-24,0.0005638245396411001
2020-11-25,0.0025135734646299923
2020-11-27,0.015141405896290872
2020-11-30,0.014531405595867408
2020-12-01,0.011247381612889074
2020-12-02,-0.008287420304823545
2020-12-03,0.006274868645096632
2020-12-04,0.0015297398458204992
2020-12-07,0.005709635416017544
2020-12-08,0.020862209428878398
2020-12-09,-0.0007045507191247857
2020-12-10,-0.003597240702141291
2020-12-11,-0.014805236874492977
2020-12-14,0.012216514541511181
2020-12-15,0.004797229521705804
2020-12-16,0.0006040151305743979
2020-12-17,0.006931619168395464
2020-12-18,0.019383216906093237
2020-12-21,-0.01354352496685951
2020-12-22,0.0057041561549819875
2020-12-23,-0.0003061163573272463
2020-12-24,-0.004019539785295456
2020-12-28,0.015989057754853153
2020-12-29,0.004563821639233856
2020-12-30,0.008898859702924256
2020-12-31,0.0056365138957905625
2021-01-04,0.011732460730096816
2021-01-05,-0.010644865563758876
2021-01-06,-0.0006182287049260049
2021-01-07,0.013198218941736561
2021-01-08,0.014259932903961658
2021-01-11,-0.007782074660070415
2021-01-12,0.004042111343815602
2021-01-13,3.6806945284961756e-06
2021-01-14,0.006787442975016322
2021-01-15,-0.0006055867463745646
2021-01-19,0.014584498318388928
2021-01-20,0.010131020791635859
2021-01-21,0.017090440687208996
2021-01-22,0.006543961981080093
2021-01-25,0.013513884497426742
2021-01-26,0.000613502331815452
2021-01-27,-0.02192833246865833
2021-01-28,-0.00469373868825762
2021-01-29,0.010224193921263058
2021-02-01,0.025416155954338437
2021-02-02,0.020545884681256066
2021-02-03,0.014168299174498467
2021-02-04,-0.018657510771949215
2021-02-05,0.009706463875683413
2021-02-08,0.013474394242593002
2021-02-09,-0.007054210626326718
2021-02-10,0.014428459054185883
2021-02-11,0.012047766369982948
2021-02-12,-0.0038759440841948933
2021-02-16,0.010852785494558148
2021-02-17,-0.017079088889593752
2021-02-18,-0.012897051305096552
2021-02-19,0.02872017693191742
2021-02-22,-0.01234305984055295
2021-02-23,-0.024212920848670216
2021-02-24,-0.0078384901863231
2021-02-25,-0.009107328402735537
2021-02-26,0.011783605934224006
2021-03-01,0.01604783539265231
2021-03-02,-0.0036201240828162007
2021-03-03,0.0009132648583070058
2021-03-04,-0.004261220609330318
2021-03-05,0.008197493035814407
2021-03-08,0.0004038877469652036
2021-03-09,0.022593879697744068
2021-03-10,0.013284686152149616
2021-03-11,0.036209972488405295
2021-03-12,-0.01624135579500663
2021-03-15,0.02780800011330542
2021-03-16,0.011489075236474466
2021-03-17,-0.016847265158245972
2021-03-18,-0.024187403799685203
2021-03-19,0.006958536035714058
2021-03-22,0.014626194273963389
2021-03-23,-0.0008272154420461142
2021-03-24,0.019893623783782344
2021-03-25,-0.024894783010150023
2021-03-26,-0.0005535299832890583
2021-03-29,-0.0032287849925373147
2021-03-30,-0.006449245648759372
2021-03-31,0.018336483454173713
2021-04-01,0.029733989679797457
2021-04-05,0.018276781682178056
2021-04-06,-0.0034304861038209067
2021-04-07,0.0006693777580260019
2021-04-08,0.011380645953657842
2021-04-09,-0.003647297138524852
2021-04-12,0.018330641229059808
2021-04-13,0.002476322489743721
2021-04-14,-0.005949139393316205
2021-04-15,0.011284394754025096
2021-04-16,0.005911953602004472
2021-04-19,-0.00810280815328246
2021-04-20,-0.00636409462140064
2021-04-21,0.0013260387995548406
2021-04-22,-0.005778548772322201
2021-04-23,0.011029316242859855
2021-04-26,0.003340762425829924
2021-04-27,0.008098188506503678
2021-04-28,-0.0018645349298460623
2021-04-29,0.016134453710532792
2021-04-30,-0.01953412416562461
2021-05-03,0.0006975578539332172
2021-05-04,-0.015411030531651604
2021-05-05,0.020742689187146723
2021-05-06,-0.0045103182656693885
2021-05-07,0.011213293089206822
2021-05-10,-0.011001102275051244
2021-05-11,-0.03120151522967629
2021-05-12,-0.022342983485371337
2021-05-13,0.02516083474747144
2021-05-14,0.015671972433277448
2021-05-17,-0.014948161369288004
2021-05-18,0.008731552951692034
2021-05-19,-0.025299453812028805
2021-05-20,0.010491255311720904
2021-05-21,-0.0005091241500979615
2021-05-24,0.009356981080613558
2021-05-25,0.012216037888293396
2021-05-26,0.005359571732175716
2021-05-27,0.005298874916798368
2021-05-28,0.005996372512157233
2021-06-01,0.0077876707214468155
2021-06-02,-0.0025712768550146814
2021-06-03,-0.00758571465732738
2021-06-04,0.008613888079358478
2021-06-07,0.003396997725487738
2021-06-08,0.0016326125975458794
2021-06-09,0.00506448413663807
2021-06-10,0.0066798118964188635
2021-06-11,0.0062559234827690435
2021-06-14,0.01811993958431879
2021-06-15,-0.003386215379108104
2021-06-16,0.00426265413676008
2021-06-17,-0.003023986132139611
2021-06-18,-0.015601043042300478
2021-06-21,0.002176555403656355
2021-06-22,-0.0024005804446671775
2021-06-23,0.005208699973801689
2021-06-24,0.0033825149229544937
2021-06-25,0.006576010773734264
2021-06-28,0.011766086481304505
2021-06-29,-0.00136302450428738
2021-06-30,0.00705011178381465
2021-07-01,0.01448426642926548
2021-07-02,0.012707918399408102
2021-07-06,0.010988334098211983
2021-07-07,0.009804663210754239
2021-07-08,-0.021958643893010277
2021-07-09,0.0034046862586440962
2021-07-12,0.006674512421350531
2021-07-13,-0.0029703900376539805
2021-07-14,0.005921367639428743
2021-07-15,-0.013635472751364675
2021-07-16,0.0048066084189934966
2021-07-19,-0.014880502023980835
2021-07-20,0.004506113417384938
2021-07-21,0.002227401180089794
2021-07-22,-0.0014185690897787762
2021-07-23,0.004086943298319046
2021-07-26,0.001610291515983464
2021-07-27,-0.012289905323311312
2021-07-28,0.003365356898569649
2021-07-29,0.006075826935182382
2021-07-30,-0.011203365452133962
2021-08-02,0.04026698440527832
2021-08-03,0.00298662813400985
2021-08-04,-2.718063317419528e-06
2021-08-05,0.0024886312679521794
2021-08-06,-0.0025211241875288115
2021-08-09,-0.005798543073412876
2021-08-10,0.008103852361869501
2021-08-11,0.008530833927443693
2021-08-12,-0.009649569598703445
2021-08-13,0.010719764529603992
2021-08-16,0.0014536024867493058
2021-08-17,-0.00944400385082056
2021-08-18,0.00017539687636580759
2021-08-19,0.002509553541501619
2021-08-20,0.008228857075121443
2021-08-23,0.024267590348431067
2021-08-24,0.009656320863947077
2021-08-25,0.0005294072168799957
2021-08-26,-0.007737464333642086
2021-08-27,0.004922149632094586
2021-08-30,0.008156202990899475
2021-08-31,-0.0008696541930353074
2021-09-01,0.005196340582401593
2021-09-02,0.006454246955086118
2021-09-03,-9.453801942616025e-06
2021-09-07,0.008225156165400316
2021-09-08,-0.002175118109276397
2021-09-09,0.0005450164746851893
2021-09-10,0.0065950444385998175
2021-09-13,-0.0013169982231318045
2021-09-14,0.007830033849429707
2021-09-15,0.00039400312033710527
2021-09-16,-0.003292392228619989
2021-09-17,-0.0015320097923179343
2021-09-20,-0.027004447350092553
2021-09-21,0.0102124599854716
2021-09-22,0.0009890593079531218
2021-09-23,0.012338229232652376
2021-09-24,-0.011332184387892519
2021-09-27,-0.009805932437336407
2021-09-28,-0.01615847824160821
2021-09-29,0.008311719060186018
2021-09-30,0.011851334269476155
2021-10-01,0.0025998753679528086
2021-10-04,-0.01246629551925027
2021-10-05,0.009922438019295932
2021-10-06,-0.01236939806528492
2021-10-07,0.010019606256543412
2021-10-08,0.00335235877717599
2021-10-11,-0.007628948727577689
2021-10-12,0.009036199381360133
2021-10-13,0.009363365309447369
2021-10-14,0.011135260233570365
2021-10-15,0.005042542563968633
2021-10-18,0.007601088429227243
2021-10-19,0.00508223049510681
2021-10-20,-0.0009993414279605428
2021-10-21,0.00011546623555824809
2021-10-22,0.010613467197570614
2021-10-25,0.003320792663481953
2021-10-26,0.015220045965343765
2021-10-27,0.002263895608644706
2021-10-28,0.00679680480796474
2021-10-29,0.0009160562293013541
2021-11-01,0.002421501444820562
2021-11-02,0.003406188185535397
2021-11-03,0.00531833604054377
2021-11-04,-0.00015983178991740843
2021-11-05,0.05542890560638458
2021-11-08,0.0
2021-11-09,0.0
2021-11-10,0.0
2021-11-11,0.0
2021-11-12,0.0
2021-11-15,-0.0026783095420209735
2021-11-16,-0.007981146659215788
2021-11-17,-0.0012223742017735129
2021-11-18,0.0029369096814571005
2021-11-19,0.024631905224105743
2021-11-22,0.013476387596394357
2021-11-23,-0.006996382231833964
2021-11-24,-0.009281322039018658
2021-11-26,-0.0011017934403753094
2021-11-29,0.01815317712365383
2021-11-30,-0.013875960266064524
2021-12-01,0.036695597486643194
2021-12-02,-0.009262674116578884
2021-12-03,-0.0005704433316554569
2021-12-06,0.0018075702266004967
2021-12-07,0.02929901887597053
2021-12-08,0.00049300273442765
2021-12-09,-0.003741661475477165
2021-12-10,0.012336685576457063
2021-12-13,-0.0042605989523875065
2021-12-14,-0.020616243199416462
2021-12-15,0.001932561146823275
2021-12-16,-0.0038164798789114274
2021-12-17,-0.01875728813269073
2021-12-20,-0.01751354975563868
2021-12-21,0.020013877040862438
2021-12-22,-0.0015603903511262063
2021-12-23,0.006235392382314409
2021-12-27,0.008153029236644294
2021-12-28,0.009410742796653437
2021-12-29,-0.0010616955535627248
2021-12-30,-0.0096881837125109
2021-12-31,0.0042762642257778705
2022-01-03,0.0352766043153554
2022-01-04,0.006699762658457287
2022-01-05,-0.006952196505878527
2022-01-06,-0.005433434448559926
2022-01-07,-0.00020397389941473332
2022-01-10,-0.024437976440400466
2022-01-11,-0.009221110900010876
2022-01-12,0.010838278536679846
2022-01-13,0.013494334812409914
2022-01-14,9.555844042430373e-05
2022-01-18,-0.026517533598188314
2022-01-19,0.00842044384633911
2022-01-20,0.009497793990385972
2022-01-21,-0.002627557937741276
2022-01-24,-0.010691428587302876
2022-01-25,-0.014126649549056958
2022-01-26,0.03624723409178898
2022-01-27,0.011913514936940928
2022-01-28,0.0028957972707277513
2022-01-31,-0.0016848642397548907
2022-02-01,0.006430961529661605
2022-02-02,0.007741557707088953
2022-02-03,-0.03475778781114125
2022-02-04,0.002704941452962295
2022-02-07,0.0017068603685965744
2022-02-08,-0.0066445355201038
2022-02-09,0.011276069667751853
2022-02-10,-0.028026009632830196
2022-02-11,0.005427770290467704
2022-02-14,-0.003262672183079296
2022-02-15,0.008037354100796978
2022-02-16,-0.012504213666064246
2022-02-17,-0.02259329578928948
2022-02-18,0.0001947533045381089
2022-02-22,-0.019071942451615698
2022-02-23,0.02463985987015449
2022-02-24,-0.01266605579232194
2022-02-25,0.0026183409429356708
2022-02-28,-0.004104670143568412
2022-03-01,-0.0011287871681117112
2022-03-02,0.00032271966573116373
2022-03-03,-0.0019317969680801017
2022-03-04,0.0006433970758543683
2022-03-07,0.0005181413478914099
2022-03-08,0.0010711830157934532
2022-03-09,-0.011687068030569625
2022-03-10,-0.012076720105103855
2022-03-11,0.007596463653664509
2022-03-14,-0.001866871403376047
2022-03-15,0.009233551865141187
2022-03-16,-0.0014165893598051538
2022-03-17,0.002128175329408899
2022-03-18,-0.0035175055958984736
2022-03-21,-0.00027581224118566894
2022-03-22,-0.0017449917781993118
2022-03-23,-0.006300110700030559
2022-03-24,0.004345455669934939
2022-03-25,-0.0002775102166923116
2022-03-28,-0.0021452279904580207
2022-03-29,0.011013870598577169
2022-03-30,0.00605191939960803
2022-03-31,0.0032060580994675014
2022-04-01,0.004063354159654864
2022-04-04,-0.0007220397158286262
2022-04-05,0.0025838519348020395
2022-04-06,-0.005347809199465536
2022-04-07,0.0017983291909069443
2022-04-08,-0.0021878098488794517
2022-04-11,-0.018181520700291776
2022-04-12,0.008819870889011261
2022-04-13,0.0036432856107460054
2022-04-14,0.003147065931169868
2022-04-18,0.000256357633163784
2022-04-19,-0.004563196172633011
2022-04-20,0.021486257624381278
2022-04-21,0.008601789305888285
2022-04-22,-0.0012523234424012264
2022-04-25,0.007779818295537311
2022-04-26,-0.0074594290130552965
2022-04-27,-0.0057076316065290955
2022-04-28,0.010221411366114541
2022-04-29,0.006725682725016391
2022-05-02,0.0028456813768191758
2022-05-03,-0.00025491692856438597
2022-05-04,0.026216678229239454
2022-05-05,0.0035409228642677704
2022-05-06,-0.001810487537598937
2022-05-09,0.0018649571467690418
2022-05-10,-0.002080630509950665
2022-05-11,0.0034862840273273132
2022-05-12,0.0018403297365774396
2022-05-13,0.005823569472661161
2022-05-16,-0.0005281194136144141
2022-05-17,0.014472187412317039
2022-05-18,-0.009343260062758874
2022-05-19,0.003146272765973901
2022-05-20,0.01148932106463807
2022-05-23,-0.00160902012677544
2022-05-24,0.008162308934508866
2022-05-25,-0.002227174634923834
2022-05-26,-0.0050449853485105
2022-05-27,0.0014939596148264567
2022-05-31,0.0036280199391367507
2022-06-01,0.0011555368275926181
2022-06-02,0.0015773083990087144
2022-06-03,0.007584142480066225
2022-06-06,-0.00672425612184846
2022-06-07,0.005089578855381749
2022-06-08,0.0011675487463238543
2022-06-09,0.002669487735788456
2022-06-10,0.00864176951868112
2022-06-13,0.014039099765295937
2022-06-14,-0.003597540183593151
2022-06-15,-0.005428382930057207
2022-06-16,0.01161033565888192
2022-06-17,-0.0007035715852761193
2022-06-21,-0.007504595494255195
2022-06-22,0.00408075337523317
2022-06-23,-0.00401573489995688
2022-06-24,-0.004696565881463277
2022-06-27,-0.0024406399626526465
2022-06-28,-0.0006346406112175407
2022-06-29,0.00039631518373162145
2022-06-30,0.004845457910910733
2022-07-01,0.001988380823107372
2022-07-05,-0.006032304157512991
2022-07-06,0.0019674325236427315
2022-07-07,0.020141797809000384
2022-07-08,-0.010072323116846693
2022-07-11,-0.012065239729968424
2022-07-12,-0.0016722305498494405
2022-07-13,-0.012667750574729353
2022-07-14,-0.006952138615121339
2022-07-15,0.011658090778742691
2022-07-18,0.0066435246064868725
2022-07-19,0.006963283064681303
2022-07-20,-0.0036673600242275173
2022-07-21,-0.004490232555724005
2022-07-22,-0.01432536180733257
2022-07-25,-0.00571690457437668
2022-07-26,-0.0003902265908745095
2022-07-27,0.004725466747588891
2022-07-28,0.03727582809824237
2022-07-29,-0.009195841143860073
2022-08-01,-0.0005418205839800017
2022-08-02,-0.010334881953508512
2022-08-03,0.008870194865239656
2022-08-04,0.005059441150313537
2022-08-05,-0.009502376668527157
2022-08-08,-0.006297052967478067
2022-08-09,-0.002269050054984345
2022-08-10,0.01287277636791595
2022-08-11,0.007162951219664704
2022-08-12,0.00041143103535890013
2022-08-15,-0.014327420737927143
2022-08-16,-0.000906321891581463
2022-08-17,0.002523304645580371
2022-08-18,0.0027970268704746726
2022-08-19,-0.005766201587876552
2022-08-22,0.0009291353840239491
2022-08-23,0.03336511009640564
2022-08-24,-0.00024394682233142007
2022-08-25,0.0009868203370935191
2022-08-26,0.012660136330479688
2022-08-29,-0.0027405544586908137
2022-08-30,0.003449546426754546
2022-08-31,0.0022117429124952626
2022-09-01,-0.012443627080578668
2022-09-02,0.016624313526758305
2022-09-06,0.0025122656716696223
2022-09-07,0.004676824675425628
2022-09-08,-0.0032304951801459536
2022-09-09,0.004988155131177008
2022-09-12,0.0028916808750902856
2022-09-13,-0.0027091348990573305
2022-09-14,0.0036674052572960303
2022-09-15,-0.004513408470808056
2022-09-16,-0.004380348529134825
2022-09-19,-0.009481916849797933
2022-09-20,-0.009482936245350682
2022-09-21,0.005242827109862569
2022-09-22,0.004970052890324039
2022-09-23,-0.00602097909910615
2022-09-26,-0.0003594177671927268
2022-09-27,0.010773416325655871
2022-09-28,-0.004674731663624421
2022-09-29,-0.008128001070927482
2022-09-30,-0.005307784966235185
2022-10-03,0.010173758302339131
2022-10-04,-0.00905742320466818
2022-10-05,0.005981402684744452
2022-10-06,0.0019472854340372159
2022-10-07,0.007730745283032192
2022-10-10,-0.00043169786619501327
2022-10-11,0.002634138644723061
2022-10-12,-0.000735779317369345
2022-10-13,0.013093705124780364
2022-10-14,-0.004161681197493716
2022-10-17,-0.010694313047371895
2022-10-18,-0.012129298998310056
2022-10-19,0.002544622081346981
2022-10-20,0.0017844213863109637
2022-10-21,0.001727107972614439
2022-10-24,-0.0004715305317002372
2022-10-25,-0.0014356623720837014
2022-10-26,0.008979671142239187
2022-10-27,0.0019495747250912743
2022-10-28,0.0011684800149882602
2022-10-31,0.00358698635736987
2022-11-01,-0.005664689604427231
2022-11-02,0.023866226469839713
2022-11-03,0.0017680360266789652
2022-11-04,0.0015455573962310787
2022-11-07,0.0019100470728836694
2022-11-08,0.01533219298489974
2022-11-09,-0.011032148274761844
2022-11-10,0.03389836815881542
2022-11-11,-6.376732110380257e-05
2022-11-14,0.003279252179610781
2022-11-15,-0.010676435878851698
2022-11-16,0.0030913453410679193
2022-11-17,0.007326732763635491
2022-11-18,0.004552212980274195
2022-11-21,-0.0032513439712860137
2022-11-22,0.0005194016465654983
2022-11-23,-0.0015879686678159644
2022-11-25,-0.0036531382633085974
2022-11-28,0.0032790512630365143
2022-11-29,0.0011089548021920859
2022-11-30,0.0040094241922683516
2022-12-01,0.0021589503847416758
2022-12-02,-0.0027481536564573084
2022-12-05,0.009327760775172722
2022-12-06,-0.01281480123600276
2022-12-07,-0.015529977987717936
2022-12-08,0.014080863016284084
2022-12-09,0.004692441066646458
2022-12-12,-0.00963865624020499
2022-12-13,0.004580104575788058
2022-12-14,0.003156861191440319
2022-12-15,-0.006843261816436241
2022-12-16,-0.009031247693931932
2022-12-19,0.001039319022763996
2022-12-20,-0.01018861709415586
2022-12-21,0.001005930675390898
2022-12-22,0.0007552480859733812
2022-12-23,0.0017036113732873392
2022-12-27,0.008453488855504121
2022-12-28,0.0008690008874077115
2022-12-29,0.0007200702580343332
2022-12-30,-0.00947120019905745
2023-01-03,0.018215367180042685
2023-01-04,0.010371189637490064
2023-01-05,-0.00460093198811895
2023-01-06,0.011827710923470347
2023-01-09,-0.005184489700425066
2023-01-10,-0.00316272893618319
2023-01-11,0.0015822287555968817
2023-01-12,0.012058466294519565
2023-01-13,0.001152598834508911
2023-01-17,-0.0067257973069336785
2023-01-18,0.0016542472113802997
2023-01-19,-0.0018042849186755694
2023-01-20,0.01763909462505553
2023-01-23,-0.001287657680035248
2023-01-24,-0.005185597541755849
2023-01-25,-0.004676208427894735
2023-01-26,0.0023788419926473736
2023-01-27,-0.0008225913018828912
2023-01-30,-0.004260484178259527
2023-01-31,0.0006496800211741594
2023-02-01,0.0012752321751450246
2023-02-02,-0.005334101310912387
2023-02-03,0.005661484008451456
2023-02-06,-0.012232335796327765
2023-02-07,-0.0026952800243664754
2023-02-08,-0.006464922744402135
2023-02-09,0.016838560057387708
2023-02-10,-0.001179789615478044
2023-02-13,0.009047496510775632
2023-02-14,-0.003703638011770094
2023-02-15,-0.0041489577101374575
2023-02-16,0.005929720051223164
2023-02-17,-0.00318265298568865
2023-02-21,-0.019771550889812195
2023-02-22,0.005220549260364971
2023-02-23,0.006294405800814973
2023-02-24,0.001850595810199529
2023-02-27,0.0061983703783596855
2023-02-28,0.005999896898106316
2023-03-01,0.013461934565552225
2023-03-02,-0.0029960699915476674
2023-03-03,-0.0031983173742416993
2023-03-06,-0.01461457888271156
2023-03-07,0.005816390400771532
2023-03-08,-0.00123106896696501
2023-03-09,-0.00819353134495604
2023-03-10,0.002209167347902108
2023-03-13,-0.004388202917726125
2023-03-14,0.005046643405591578
2023-03-15,-0.01127570647316789
2023-03-16,-0.0011138351547539393
2023-03-17,-0.0006452156788793184
2023-03-20,0.002909311196549469
2023-03-21,0.0016389620975947317
2023-03-22,0.0027132488699992408
2023-03-23,0.017138667806272156
2023-03-24,-0.005040650835054894
2023-03-27,-0.00015626888903130798
2023-03-28,0.0014034042596973162
2023-03-29,0.00432008172519649
2023-03-30,0.01745236660438576
2023-03-31,0.004791938981657751
2023-04-03,-0.005312581484186674
2023-04-04,0.006014254234925964
2023-04-05,-0.006815322268032276
2023-04-06,-0.011603861506932267
2023-04-10,-0.013265069279606134
2023-04-11,0.00793433476220562
2023-04-12,0.01230090069750367
2023-04-13,0.0070383822725335055
2023-04-14,-0.001522648379244651
2023-04-17,-0.0162031257957983
2023-04-18,0.010855019894151496
2023-04-19,-0.01033424766227431
2023-04-20,-0.010033083728853476
2023-04-21,-6.177601295953572e-06
2023-04-24,-0.002918516262941373
2023-04-25,-0.005205339797044517
2023-04-26,0.014212593884978642
2023-04-27,0.001662575989769266
2023-04-28,0.0008834171669005464
2023-05-01,0.0072846300405973174
2023-05-02,-0.0011609292356177248
2023-05-03,-0.0249514179338739
2023-05-04,0.008820339838506053
2023-05-05,0.0033840801089446426
2023-05-08,-0.0013821586149941334
2023-05-09,-0.010610040259548592
2023-05-10,0.01392004334593877
2023-05-11,0.005704879944773644
2023-05-12,0.0012041825942004092
2023-05-15,0.0044386020993403275
2023-05-16,-0.007405875557422226
2023-05-17,0.005217225056379782
2023-05-18,0.003263648130354513
2023-05-19,0.0002404166702389965
2023-05-22,-0.00640494421059723
2023-05-23,-0.00669068015646479
2023-05-24,-0.014449527924395134
2023-05-25,0.1192193141955955
2023-05-26,0.0
2023-05-30,0.0
2023-05-31,0.0
2023-06-01,0.0
2023-06-02,0.0
2023-06-05,-0.005167025747574661
2023-06-06,-0.003583260016994938
2023-06-07,0.0028857344585997424
2023-06-08,-0.0026857298024561826
2023-06-09,0.003302154367604171
2023-06-12,0.004752326124177975
2023-06-13,0.011176173890034669
2023-06-14,0.0006037473959517037
2023-06-15,-0.014704431416289077
2023-06-16,0.009374440032451359
2023-06-20,-0.007694132756554728
2023-06-21,-0.001996567471483024
2023-06-22,-0.007897886182705594
2023-06-23,-0.01801670547208345
2023-06-26,-0.0053552494294377695
2023-06-27,0.015452184593670149
2023-06-28,-0.016067942107920286
2023-06-29,0.01640206822993351
2023-06-30,0.019960983612551386
2023-07-03,0.0058766733861408404
2023-07-05,-0.007932839631507926
2023-07-06,-0.010072473499456946
2023-07-07,0.008395666158040438
2023-07-10,-0.004988068489950259
2023-07-11,0.010113523987567818
2023-07-12,0.01377003174389535
2023-07-13,0.01345496923487266
2023-07-14,0.00035536549442372056
2023-07-17,-4.626573814059398e-07
2023-07-18,0.0044587497121539865
2023-07-19,0.01520588770515574
2023-07-20,-0.0060219385397705105
2023-07-21,0.009019289241266382
2023-07-24,-0.005652696468774199
2023-07-25,0.004704919510733152
2023-07-26,-0.000525434375474032
2023-07-27,0.022073126411559896
2023-07-28,0.02029626108030924
2023-07-31,0.0037197046565526914
2023-08-01,-0.004884978474062662
2023-08-02,-0.004715538887886894
2023-08-03,-0.008858733309143552
2023-08-04,0.005853142702315628
2023-08-07,0.008715439986356266
2023-08-08,-0.005474502991444807
2023-08-09,-0.004664823382169669
2023-08-10,0.006487108090960758
2023-08-11,-0.016252504629250653
2023-08-14,-0.01035579603379655
2023-08-15,-0.004452088873314941
2023-08-16,-0.002841912424628279
2023-08-17,0.0053206057226216075
2023-08-18,-0.018793666989516455
2023-08-21,0.009619699200079213
2023-08-22,0.013577363283177935
2023-08-23,-0.004957115528410827
2023-08-24,0.0401452048608375
2023-08-25,0.001128517433665488
2023-08-28,0.010716356773625035
2023-08-29,-0.004347624363920444
2023-08-30,-0.0013402137481112186
2023-08-31,-0.0020800996031380414
2023-09-01,-0.00030252850274736787
2023-09-05,-0.005311129729287933
2023-09-06,0.0037835306457711937
2023-09-07,-0.021333433444600813
2023-09-08,-0.006198885064517601
2023-09-11,0.014320695139177442
2023-09-12,-0.008516445152533914
2023-09-13,0.007872372636060554
2023-09-14,0.005860046452410117
2023-09-15,-0.002711862898311157
2023-09-18,-0.015245680105483106
2023-09-19,-0.005638651695652919
2023-09-20,0.002790494623429174
2023-09-21,-0.01784676491357917
2023-09-22,0.008507241429194679
2023-09-25,-0.004231678698084496
2023-09-26,-0.011736840739273835
2023-09-27,0.008339207134765436
2023-09-28,-0.007035396734368593
2023-09-29,0.01336587057688643
2023-10-02,0.0011140688862980586
2023-10-03,-0.008993580753093089
2023-10-04,0.006332252127790872
2023-10-05,-0.002113948935741905
2023-10-06,-0.004621026326175448
2023-10-09,-0.010261924600814987
2023-10-10,0.007128858516941117
2023-10-11,0.0014732618282724541
2023-10-12,0.0010886842906510097
2023-10-13,0.003818478164528072
2023-10-16,0.018847926055070907
2023-10-17,-0.026456998312190616
2023-10-18,-0.012039752236282841
2023-10-19,0.011809030540252952
2023-10-20,0.0011930802922845984
2023-10-23,-0.002855790971463823
2023-10-24,0.005931294514189611
2023-10-25,-0.001227425544294114
2023-10-26,0.004902142745703442
2023-10-27,0.012698560334586606
2023-10-30,0.00707845935643614
2023-10-31,-0.004661316232419166
2023-11-01,0.006402895891782112
2023-11-02,0.023107025786758495
2023-11-03,0.007924141288130349
2023-11-06,0.005127355280096113
2023-11-07,0.005750001012263528
2023-11-08,0.001103187304504205
2023-11-09,-0.004121031079740822
2023-11-10,0.010112596963494758
2023-11-13,-0.00805603171949354
2023-11-14,0.022371589963770866
2023-11-15,0.005638680074579794
2023-11-16,-0.00014641995863007295
2023-11-17,0.0021485283602069583
2023-11-20,0.004538985252889649
2023-11-21,-0.01571318711646752
2023-11-22,0.0024734270331840946
2023-11-24,-0.0019136750412136472
2023-11-27,-0.009284158201582238
2023-11-28,0.0020664358106481373
2023-11-29,0.010444410990058994
2023-11-30,-0.0053890380420688055
2023-12-01,-0.003405274842906758
2023-12-04,-0.022839437449091893
2023-12-05,-0.01176483202629608
2023-12-06,-0.008331852753838964
2023-12-07,-0.005098270170466157
2023-12-08,-0.008572533627506873
2023-12-11,0.0019631565157616215
2023-12-12,-0.003172054897595644
2023-12-13,-0.0009532344499766365
2023-12-14,0.011071550049524648
2023-12-15,0.0016262777589750588
2023-12-18,0.0035780555773783362
2023-12-19,0.005030229239526118
2023-12-20,0.007898586379094796
2023-12-21,0.014756179685188497
2023-12-22,-0.011976861191799304
2023-12-26,0.007048880506604016
2023-12-27,0.008090152311057475
2023-12-28,0.012172964201621062
2023-12-29,0.0016581627748732952
2024-01-02,-0.003995829247240068
2024-01-03,-0.014899275612028973
2024-01-04,-0.004667818261160361
2024-01-05,-0.006034739398270039
2024-01-08,0.011475285058792029
2024-01-09,-0.013200638384767482
2024-01-10,0.00857071829427003
2024-01-11,0.0018457689150055412
2024-01-12,0.007866682138394587
2024-01-16,-0.009772791260344471
2024-01-17,-0.019535508957513437
2024-01-18,0.022101242557969636
2024-01-19,0.0017175578521377854
2024-01-22,-0.004154361896894332
2024-01-23,0.010394850642464704
2024-01-24,0.016856372678002884
2024-01-25,0.007236488668069141
2024-01-26,0.007333462132979696
2024-01-29,0.005810044113915502
2024-01-30,-0.006392603211348047
2024-01-31,-0.013530211772717071
2024-02-01,0.008233623288302017
2024-02-02,0.009213463056011006
2024-02-05,-0.01034377818592358
2024-02-06,0.010524835138426614
2024-02-07,0.01888129043025022
2024-02-08,-0.0013356984244925485
2024-02-09,0.013102317517358575
2024-02-12,0.0009362890267836654
2024-02-13,-0.032511017071907844
2024-02-14,0.009007821004299421
2024-02-15,0.003621520738358752
2024-02-16,0.0017769063217749625
2024-02-20,-0.010443062859522234
2024-02-21,-0.1319347647941782
2024-02-22,0.07064635092924165
2024-02-23,0.0
2024-02-26,0.0
2024-02-27,0.0
2024-02-28,0.0
2024-02-29,0.0
2024-03-01,-0.024321585743059426
2024-03-04,0.016836980721017136
2024-03-05,-0.013028385407259258
2024-03-06,0.04375197528403474
2024-03-07,0.015794305929783148
2024-03-08,0.019378932323033782
2024-03-11,-0.004458855793887162
2024-03-12,0.010930378392394857
2024-03-13,-0.008284191074663827
2024-03-14,-0.010274805839714296
2024-03-15,-0.00898248843506455
2024-03-18,0.017879359566312925
2024-03-19,-0.03095839704663672
2024-03-20,0.0069600009848398425
2024-03-21,0.022066719878143237
2024-03-22,-0.003992996778626745
2024-03-25,-0.0062878157549535185
2024-03-26,0.0083854581441003
2024-03-27,0.005749660110488941
2024-03-28,-0.00035288627253038385
2024-04-01,0.003648039271666015
2024-04-02,-0.01851230778346369
2024-04-03,-0.010148707095351428
2024-04-04,0.02404879722009401
2024-04-05,0.016150219433708646
2024-04-08,0.018120501627282293
2024-04-09,0.010681902689784861
2024-04-10,-0.020678330129602962
2024-04-11,0.0055520662234256335
2024-04-12,-0.012892051937958837
2024-04-15,0.0061241837104726304
2024-04-16,-0.008636417128573548
2024-04-17,0.0017103405966278906
2024-04-18,0.002089448822844897
2024-04-19,-0.020954529224055163
2024-04-22,0.00764959883291727
2024-04-23,0.011917139879045635
2024-04-24,0.027631985448153484
2024-04-25,-0.02810212813219437
2024-04-26,0.01841815562517568
2024-04-29,0.007145761275689111
2024-04-30,-0.004910651887263029
2024-05-01,-0.016362986244915945
2024-05-02,0.012468385167271334
2024-05-03,0.027984711895660874
2024-05-06,0.011319897043146065
2024-05-07,0.003514708158811164
2024-05-08,-0.004656905517717136
2024-05-09,-0.0037540717365989185
2024-05-10,0.010061442083014294
2024-05-13,0.02020921424134836
2024-05-14,-0.00278023408374084
2024-05-15,0.012865143570848891
2024-05-16,0.0016785265741936506
2024-05-17,0.0018200876106682085
2024-05-20,0.009646141449032974
2024-05-21,-0.006239282150389602
2024-05-22,0.003907047563648236
2024-05-23,0.0386524197224829
2024-05-24,0.003936709384592785
2024-05-28,0.0200319121378989
2024-05-29,-0.01627223033950176
2024-05-30,-0.0005447246400885897
2024-05-31,0.005928829841444605
2024-06-03,0.011403638635494318
2024-06-04,-0.0006951244755195596
2024-06-05,0.01633473011867581
2024-06-06,0.00041651615595839075
2024-06-07,-0.0004949323231808744
2024-06-10,-0.00919653855418201
2024-06-11,-0.0014929740246959478
2024-06-12,0.023307585129941577
2024-06-13,0.007318538240940864
2024-06-14,-0.010908089224210382
2024-06-17,0.013687948320901366
2024-06-18,0.0022511708335333225
2024-06-20,0.01699216738499154
2024-06-21,-0.002563634497549927
2024-06-24,-0.01415845525669912
2024-06-25,0.005940258050441294
2024-06-26,0.005315591366400252
2024-06-27,-0.013796394042629667
2024-06-28,0.008539514444180663
2024-07-01,-0.0015703011392927957
2024-07-02,-0.01247870407735674
2024-07-03,0.0003792076110169518
2024-07-05,0.007423346188978774
2024-07-08,-0.0027228532499856684
2024-07-09,0.01015984006181303
2024-07-10,0.014145950302465238
2024-07-11,0.0022306951737285363
2024-07-12,-0.0007154532426630889
2024-07-15,0.005836668040614557
2024-07-16,0.006543443935204563
2024-07-17,-0.03996726332734901
2024-07-18,0.019913008662745035
2024-07-19,-0.000528105144940394
2024-07-22,0.01716399779868305
2024-07-23,-0.004048425171234382
2024-07-24,-0.022474145586880323
2024-07-25,-0.006454806683346748
2024-07-26,0.02361495184740736
2024-07-29,0.008254642288057612
2024-07-30,0.010135216116867074
2024-07-31,0.03306631084646772
2024-08-01,-0.020632354327563385
2024-08-02,-0.005271336103874091
2024-08-05,-0.053592159317955135
2024-08-06,0.013913770471742914
2024-08-07,0.03470245034152919
2024-08-08,0.017330619636672706
2024-08-09,-0.008194259754761513
2024-08-12,0.006471698436669948
2024-08-13,0.016952916388179418
2024-08-14,0.013967239443342327
2024-08-15,0.01735670893404473
2024-08-16,-0.004446159386673365
2024-08-19,-0.001427093852509831
2024-08-20,-0.004422965709238613
2024-08-21,0.0014363763145477382
2024-08-22,0.0016465351666152817
2024-08-23,0.006894336285834468
2024-08-26,-0.0040994030756161814
2024-08-27,-0.012172689508741064
2024-08-28,-0.0046374141040342876
2024-08-29,-0.0065178101096623475
2024-08-30,0.020028265432884496
2024-09-03,-0.021941139258987885
2024-09-04,0.0034330868350276322
2024-09-05,-0.010580320033559909
2024-09-06,-0.02141876052041658
2024-09-09,0.017143183735834233
2024-09-10,0.007873133626374207
2024-09-11,0.007195280462118037
2024-09-12,0.000980281968564034
2024-09-13,0.0041005117682269
2024-09-16,-0.017556503256955347
2024-09-17,0.01646961722668916
2024-09-18,0.0047415500923384535
2024-09-19,0.038125618562022234
2024-09-20,-0.0036317247259944896
2024-09-23,0.009550130915372712
2024-09-24,0.0031041769589603696
2024-09-25,-0.00206044804876937
2024-09-26,0.039227741557772644
2024-09-27,0.0026506110989150677
2024-09-30,-0.01403779005782635
2024-10-01,0.0014739624156419051
2024-10-02,-0.0013870688793103936
2024-10-03,0.0025057073485943437
2024-10-04,0.020213866933101343
2024-10-07,0.0006194707999171989
2024-10-08,-0.00655536150045366
2024-10-09,-0.003672755905668068
2024-10-10,-0.011172180549943955
2024-10-11,-0.009500994166604326
2024-10-14,0.005879298006072897
2024-10-15,0.0066845672392883415
2024-10-16,0.0018877377608683688
2024-10-17,0.013083233910604397
2024-10-18,0.004793977914927083
2024-10-21,0.0034527441663139147
2024-10-22,-0.006988888039171304
2024-10-23,-0.011167013691911865
2024-10-24,0.009939790996389197
2024-10-25,0.007793557860637401
2024-10-28,0.002898549082059665
2024-10-29,0.0
2024-10-30,-0.01342045901507849
2024-10-31,-0.01197807180203636
2024-11-01,0.003076907594531386
2024-11-04,-0.042466524744447676
2024-11-05,0.017245480406034464
2024-11-06,0.062266308252795666
2024-11-07,0.0
2024-11-08,0.0
2024-11-11,0.0
2024-11-12,0.0
2024-11-13,0.0
2024-11-14,0.01529573830982045
2024-11-15,-0.011773080601709451
2024-11-18,-0.0016226944905651797
2024-11-19,-0.0013892624792024577
2024-11-20,0.005002255364454644
2024-11-21,0.016707203620148547
2024-11-22,0.006171896220257045
2024-11-25,0.011478422874060978
2024-11-26,0.0032664034678921983
2024-11-27,-0.00569079790001481
2024-11-29,0.0025131527947879206
2024-12-02,0.02357953389892331
2024-12-03,0.0058490901816399266
2024-12-04,0.02055436274957656
2024-12-05,0.002521768677358205
2024-12-06,0.0006140830691609978
2024-12-09,-0.014836953506383033
2024-12-10,0.006590208864711844
2024-12-11,0.01555171662938637
2024-12-12,-0.007875594448412016
2024-12-13,0.07170171344255194
2024-12-16,0.0
2024-12-17,0.0
2024-12-18,0.0
2024-12-19,0.0
2024-12-20,0.0
2024-12-23,0.004864983481748464
2024-12-24,0.011414479103465824
2024-12-26,0.0
2024-12-27,-0.001440978818862515
2024-12-30,-0.019364641433977314
2024-12-31,0.0009766408720133235
2025-01-02,0.01370350356779415
2025-01-03,0.008776962283459477
2025-01-06,0.036309540228192105
2025-01-07,0.014857419877664313
2025-01-08,-0.009397565048823164
2025-01-10,-0.01926325362254977
2025-01-13,-0.032683302291897975
2025-01-14,0.01592739201770854
2025-01-15,0.018960257489712307
2025-01-16,0.004126596879033384
2025-01-17,0.02555837399667693
2025-01-21,0.010466219699091672
2025-01-22,0.01733267664840943
2025-01-23,-0.021586817682555992
2025-01-24,0.006189309266396048
2025-01-27,-0.09661282446936936
2025-01-28,-0.004702047452453173
2025-01-29,0.028695338257050063
2025-01-30,0.02927080813731875
2025-01-31,0.0039047144353347996
2025-02-03,-0.027581456705467078
2025-02-04,-0.0007448916868156852
2025-02-05,0.024993366445876575
2025-02-06,0.015066418572721174
2025-02-07,0.010345284813359168
2025-02-10,0.006424834526484791
2025-02-11,-0.011938737112819231
2025-02-12,-0.018355606573239203
2025-02-13,0.003145736083959294
2025-02-14,0.010719264885820978
2025-02-18,0.01205458831113071
2025-02-19,0.002594789639541073
2025-02-20,0.0016315905525368102
2025-02-21,0.00021631721362802558
2025-02-24,0.0
2025-02-25,-0.0006783250810586949
2025-02-26,0.025977369765975533
2025-02-27,0.016682702953025652
2025-02-28,-0.004443313081185396
2025-03-03,0.011629537365663856
2025-03-04,-0.0032859538503325902
2025-03-05,0.012832361717363572
2025-03-06,-0.03764187186227552
2025-03-07,0.005063475393908945
2025-03-10,-0.033453328472513144
2025-03-11,0.00814416241091842
2025-03-12,0.022073231510544078
2025-03-13,-0.0016769760779408172
2025-03-14,0.030765536239647284
2025-03-17,0.00451728647213101
2025-03-18,-0.010536822866457851
2025-03-19,0.0035478896503700064
2025-03-20,-0.005832418397924366
2025-03-21,-0.024081531773583742
2025-03-24,0.023456467293867966
2025-03-25,-0.004431943962350138
2025-03-26,-0.0029535160399958293
2025-03-27,0.0
2025-03-28,-0.0024598445916916845
2025-03-31,-0.031699086553432676
2025-04-01,0.0022993738828969157
2025-04-02,-0.019418144054360265
2025-04-03,-0.049003391217286585
2025-04-04,-0.010142173159935375
2025-04-07,0.0
2025-04-08,0.0
2025-04-09,0.0005380325855350865
2025-04-10,0.010151663411497758
2025-04-11,0.0017272952300486644
2025-04-14,0.014304582347928863
2025-04-15,0.006820786714902827
2025-04-16,-0.027057814863618357
2025-04-17,0.010946339068675037
2025-04-21,-0.012919256442643134
2025-04-22,0.005194856090304567
2025-04-23,0.030120929715697242
2025-04-24,-0.0021392743065887787
2025-04-25,0.00045843575717396945
2025-04-28,-0.00028436942878906635
2025-04-29,0.002224674218845646
2025-04-30,0.008011606215180489
2025-05-01,0.007007339289275993
2025-05-02,0.01770349104008906
2025-05-05,-0.013222220624486858
2025-05-06,0.007020162398420515
2025-05-07,-0.0011175066439323977
2025-05-08,0.009630745927949214
2025-05-09,0.004437527812536812
2025-05-12,0.035206895234063396
2025-05-13,-0.0011848427744071133
2025-05-14,-0.000993367633791542
2025-05-15,0.0018955325981517834
2025-05-16,-0.0009513800847417153
2025-05-19,0.006351573575126723
2025-05-20,-0.007608453627982459
2025-05-21,0.0005859545682072032
2025-05-22,-0.003756481612931517
2025-05-23,-0.0060191276745626965
2025-05-27,0.022395506917317176
2025-05-28,-0.0011325727051921808
2025-05-29,0.02228587935748272
2025-05-30,-0.004775829446949986
2025-06-02,0.001561503042026624
2025-06-03,0.03860460144642763
2025-06-04,0.004072290133618539
2025-06-05,0.003845717887819511
2025-06-06,0.015868548900024537
2025-06-09,0.004048214996480004
2025-06-10,0.004152480089500754
2025-06-11,0.006290175637785778
2025-06-12,-0.005217289678213888
2025-06-13,-0.017222195993744416
2025-06-16,0.011983751443412904
2025-06-17,-0.007381939406216453
2025-06-18,-0.0026274756706541336
2025-06-20,0.013382335456361139
2025-06-23,0.0015652976419373577
2025-06-24,0.011318640583479755
2025-06-25,0.011112476796952153
2025-06-26,-8.793746062507601e-05
2025-06-27,0.007169101313385662
2025-06-30,0.008941717093436496
2025-07-01,-0.004406987561654474
2025-07-02,-0.00618360313790689
2025-07-03,0.004668149200166338
2025-07-07,-0.0072865158009699504
2025-07-08,0.011626299230058423
2025-07-09,0.0011315508820122222
2025-07-10,0.005088523085082786
2025-07-11,-0.005196221107858889
2025-07-14,-0.0008687872681932829
2025-07-15,0.0132658286897398
2025-07-16,0.0042351327850906895
2025-07-17,-0.011120011641758465
2025-07-18,0.008375695032488917
2025-07-21,0.00194982172562419
2025-07-22,-0.0029493995884133373
2025-07-23,-0.017580298963352003
2025-07-24,0.007309033977886514
2025-07-25,-0.00836666525016172
2025-07-28,0.009425522405333453
2025-07-29,0.007841631504808655
2025-07-30,0.0067462082184421845
2025-07-31,-0.023497632872561125
2025-08-01,-0.01683814153813623
2025-08-04,0.012523713323267849
2025-08-05,-0.0010462640481764263
2025-08-06,-0.02288029717547735
2025-08-07,0.017572164814886992
2025-08-08,-0.017280455987982557
2025-08-11,-0.0024085248978761298
2025-08-12,0.009308321813679132
2025-08-13,0.012086659788588028
2025-08-14,-0.015217432651105978
2025-08-15,-0.00467660782210233
2025-08-18,-0.013331821876928274
2025-08-19,-0.011242915122415043
2025-08-20,-0.004301611918609005
2025-08-21,-0.003694514968953011
2025-08-22,0.003331690572864643
2025-08-25,-0.0025449216354600512
2025-08-26,0.002035266298873406
2025-08-27,-0.007054875273026173
2025-08-28,0.0070283170405052164
2025-08-29,-0.009714308222228296
2025-09-02,-0.028348539203241985
2025-09-03,0.001974990747621641
2025-09-04,0.0022333002379049116
2025-09-05,0.001311601349427871
2025-09-08,0.003254643380930844
2025-09-09,0.0048551494876623025
2025-09-10,0.03546597603449686
2025-09-11,0.01745828604320887
2025-09-12,0.007895812641955047
2025-09-15,0.002761390052584245
2025-09-16,0.0015676830542423748
2025-09-17,0.0001747498567841177
2025-09-18,-0.0037000766261853224
2025-09-19,0.007342617928943085
2025-09-22,0.0006837553613792124
2025-09-23,0.001723367245801244
2025-09-24,0.009710700299879527
2025-09-25,-0.018045547186078426
2025-09-26,0.0029422438888655478
2025-09-29,0.007437676046887276
2025-09-30,-0.0003750584973105653
2025-10-01,0.005177616200738422
2025-10-02,0.017711815351520555
2025-10-03,0.007446207759008727
2025-10-06,0.13538668996143577
2025-10-07,0.0
2025-10-08,0.0
2025-10-09,0.0
2025-10-10,0.0
2025-10-13,0.0
2025-10-14,-0.02162046616592661
2025-10-15,0.026735095192055747
2025-10-16,0.02155210975791122
2025-10-17,-0.010517078943316105
2025-10-20,0.021104051767703913
2025-10-21,-0.0047403665828185115
2025-10-22,0.004914440532492348
2025-10-23,-0.0125985589702452
2025-10-24,0.025992032100801588
2025-10-27,0.021537680623873623
2025-10-28,0.002558582157164535
2025-10-29,0.010782753164318093
2025-10-30,-0.005978017256622392
2025-10-31,0.013385105284713594
2025-11-03,0.009780952128335851
2025-11-04,-0.021895984531338786
2025-11-05,-0.005433289370016192
2025-11-06,0.002767990829512623
2025-11-07,-0.02117351449199778
2025-11-10,0.024574707912345506
2025-11-11,-0.016211112212666023
2025-11-12,0.01302424708618477
2025-11-13,-0.013342819107470927
2025-11-14,-0.009567827364885706
2025-11-17,0.02197927741155059
2025-11-18,-0.00963451043007535
2025-11-19,0.006509713247877524
2025-11-20,0.03574128559019574
2025-11-21,4.362419823156216e-05
2025-11-24,0.027012710646190152
2025-11-25,-0.00820246787168366
2025-11-26,0.001047930928217422
2025-11-28,0.0122079572014957
2025-12-01,-0.00969090288640817
2025-12-02,0.008413342497467502
2025-12-03,-0.009627022630210424
2025-12-04,-0.006564931403548857
2025-12-05,0.0014198657257333824
2025-12-08,0.025917680271590582
2025-12-09,-0.006145957908611499
2025-12-10,-0.005993856826353783
2025-12-11,-0.01273698600242823
2025-12-12,-0.02745508555720111
2025-12-15,0.007068893318327607
2025-12-16,-3.2010370525248355e-05
2025-12-17,0.013493777598882817
2025-12-18,0.01820915647700394
2025-12-19,0.012158095637325728
2025-12-22,0.02885180091437034
2025-12-23,-0.00467331513210012
2025-12-24,0.0017599743414546953
2025-12-26,0.004832596990164584
2025-12-29,-0.01271532359669414
2025-12-30,0.0037619930954870817
2025-12-31,0.0010473637382937273
2026-01-02,0.03191486120256681
2026-01-05,0.015278741933839157
2026-01-06,0.005534445367561425
2026-01-07,0.001207920903054438
2026-01-08,0.010180396527842639
2026-01-09,0.009520923797313285
2026-01-12,-0.011446373546210142
2026-01-13,0.0020070611408593564
2026-01-14,-0.008495024028822518
2026-01-15,0.022699959453389207
2026-01-16,0.025940128142371677
2026-01-20,-0.012540312825276456
2026-01-21,0.004819882755248361
2026-01-22,0.01877564192700154
2026-01-23,-0.042329967590137296
2026-01-26,-0.002245313782530567
2026-01-27,0.026029596079932382
2026-01-28,0.03294985955475149
2026-01-29,0.01024173358963898
2026-01-30,-0.0043378955246717865
2026-02-02,-0.018319119115934424
2026-02-03,0.015820806562885315
2026-02-04,0.004993017257713506
2026-02-05,-0.045242909652219665
2026-02-06,0.014497906513648795
2026-02-09,-0.0032439256347533973
2026-02-10,-0.007029219844150947
2026-02-11,0.0418771498218129
2026-02-12,0.00128914093308663
2026-02-13,0.008972594099106779
2026-02-17,-0.012915158172063124
2026-02-18,0.0031736598675120575
2026-02-19,-0.01647631729922827
2026-02-20,-0.0069619773361436765
2026-02-23,-0.0035662523184536443
2026-02-24,0.014629269353171326
2026-02-25,0.02236422306803365
2026-02-26,-0.008624043376677992
2026-02-27,-0.012839649603402226
2026-03-02,-0.022920517045854516
2026-03-03,-0.04237384179453252
2026-03-04,0.026970805292648503
2026-03-05,-0.0182049581209891
2026-03-06,-0.027990010080745753
2026-03-09,-0.014609253206992912
2026-03-10,-0.0013859408639361748
2026-03-11,0.0038302880557399277
2026-03-12,-0.021370295022224428
2026-03-13,0.01658175219386937
2026-03-16,0.030722397448695427
2026-03-17,0.008373117852541467
2026-03-18,0.0034934620884179424
2026-03-19,-0.046295291489395596
2026-03-20,-0.0009863636034518342
2026-03-23,0.029673575006725406
2026-03-24,-0.014197940133857445
2026-03-25,0.006425500613438828
2026-03-26,-0.029776526147061944
2026-03-27,-0.004183588804677618
2026-03-30,0.016937325417174076
2026-03-31,0.016373171485854154
2026-04-01,0.01687977134255947
2026-04-02,-0.037462355766561206
2026-04-06,0.0015455540986961669
2026-04-07,-0.009578566098726204
2026-04-08,0.0836126929944967
2026-04-09,0.0
2026-04-10,0.0
2026-04-13,0.0
2026-04-14,0.0
2026-04-15,0.0
2026-04-16,-0.007782289829048494
2026-04-17,0.022963146850891958
2026-04-20,0.0029189260340198864
2026-04-21,0.007774042180954455
2026-04-22,0.019516667220959905
2026-04-23,0.01590342977603809
2026-04-24,0.048259499024019714
2026-04-27,0.008348054372877334
2026-04-28,-0.04452751908061625
2026-04-29,0.009667601242931312
2026-04-30,-0.011692864019789528
2026-05-01,-0.010253322486420635
2026-05-04,0.007049775586582596
2026-05-05,0.01153028708728665
2026-05-06,0.02211050358163069
2026-05-07,-0.0032940584678179397
2026-05-08,0.026297962498512684
2026-05-11,-0.01011459255065561
2026-05-12,-0.016768141545098758
2026-05-13,0.022151038310779914
2026-05-14,-0.0004984453506117204
2026-05-15,-0.02877114024839522
2026-05-18,0.024439699474124055
2026-05-19,-0.023218465612331873
2026-05-20,-0.00858493093364432
2026-05-21,-0.00882034627699102
2026-05-22,0.00853655579553303
2026-05-26,0.06244844191169485
2026-05-27,0.0
2026-05-28,0.0
2026-05-29,0.0
2026-06-01,0.0
2026-06-02,0.0
2026-06-03,0.03458706748187157
2026-06-04,-0.04065873573690293
2026-06-05,-0.025735593818157376
2026-06-08,0.029718391355627594
2026-06-09,0.018479479906532204
2026-06-10,-0.025559292205648676
2026-06-11,0.008384648846060827
2026-06-12,0.0036683027757375974
2026-06-15,0.0432577321904124
2026-06-16,-0.00110826945457565
2026-06-17,0.01927820473885644
2026-06-18,0.03835736467903783
2026-06-22,0.02390772967128707
2026-06-23,-0.09508252180038512
2026-06-24,-0.003745756890416785
2026-06-25,0.07263399747249477
2026-06-26,0.0
2026-06-29,0.0
2026-06-30,0.0
2026-07-01,0.0
2026-07-02,0.0
2026-07-06,-0.008317927387612944
2026-07-07,-0.05614951246284672
2026-07-08,-0.01591604288323767
2026-07-09,0.053846671451038386
2026-07-10,0.0
2026-07-13,0.0
2026-07-14,0.0
2026-07-15,0.0
2026-07-16,0.0
2026-07-17,-0.03715916979416489
2026-07-20,0.012032694134561428
2026-07-21,0.05550818722694162
2026-07-22,0.0
2026-07-23,0.0
2026-07-24,0.0
2026-07-27,0.0
2026-07-28,0.0
2026-07-29,-0.006410662192158689
2026-07-30,0.014062652554174715
2026-07-31,0.04089091995982064
2026-08-03,-0.011470095252892443
2026-08-04,0.018237453474792442
2026-08-05,-0.029357341515089175
2026-08-06,-0.0748645656484066
2026-08-07,0.020921601752177832
2026-08-10,0.029753874302251404
2026-08-11,0.006361021656228427
2026-08-12,0.04822350790199881
2026-08-13,0.0033556863121821934
2026-08-14,0.0037843027954893582
