index,return
2000-01-03,0.0
2000-01-04,0.0
2000-01-05,-0.031465238222815106
2000-01-06,0.022221870942276567
2000-01-07,-0.03002021911506969
2000-01-10,0.03904606813151257
2000-01-11,-0.004975039307185791
2000-01-12,-0.0016028243117326424
2000-01-13,0.016048917194960266
2000-01-14,-0.007557080889853296
2000-01-18,0.004051102234967852
2000-01-19,0.014977605755530199
2000-01-20,0.0811818113352143
2000-01-21,0.0
2000-01-24,0.0
2000-01-25,0.0
2000-01-26,-0.03894916399652848
2000-01-27,0.025766217224108434
2000-01-28,-0.013148766283932134
2000-01-31,0.017343766358547397
2000-02-01,0.009711270714390263
2000-02-02,0.013829013040035587
2000-02-03,0.0353402549759807
2000-02-04,0.02286753738652214
2000-02-07,0.004321443862812524
2000-02-08,0.011939513500604626
2000-02-09,0.025078171139718775
2000-02-10,0.049881502359261365
2000-02-11,0.02885676757864264
2000-02-14,-0.033009202794749615
2000-02-15,0.026817207518638142
2000-02-16,0.02821263915640082
2000-02-17,0.007841548867137282
2000-02-18,-0.014243469845791723
2000-02-22,-0.04913777755858928
2000-02-23,-0.0044568838312407655
2000-02-24,0.01835882398261579
2000-02-25,-0.0019545163035602497
2000-02-28,-0.0008314424278517141
2000-02-29,0.03258313356386244
2000-03-01,0.047985503704292
2000-03-02,0.0
2000-03-03,0.0
2000-03-06,0.0
2000-03-07,0.0
2000-03-08,0.0
2000-03-09,0.0
2000-03-10,0.0
2000-03-13,0.0
2000-03-14,0.0
2000-03-15,0.0
2000-03-16,0.0
2000-03-17,0.0
2000-03-20,0.0
2000-03-21,0.0
2000-03-22,0.0
2000-03-23,0.0
2000-03-24,0.0
2000-03-27,0.0
2000-03-28,0.0
2000-03-29,0.0
2000-03-30,0.0
2000-03-31,0.0
2000-04-03,0.0
2000-04-04,0.03654898133576845
2000-04-05,-0.02446594981265693
2000-04-06,0.11860390849355729
2000-04-07,0.0
2000-04-10,0.0
2000-04-11,0.0
2000-04-12,-0.015486630779714128
2000-04-13,0.025053495362248768
2000-04-14,-0.07501291374794405
2000-04-17,-0.06863579100611195
2000-04-18,0.05540939681245538
2000-04-19,0.027229978464561322
2000-04-20,0.03670072749893594
2000-04-24,-0.10132761000591384
2000-04-25,0.06858617413415846
2000-04-26,0.0
2000-04-27,0.0
2000-04-28,0.0
2000-05-01,0.034838689571274895
2000-05-02,-0.002910583147259116
2000-05-03,-0.01862211822417492
2000-05-04,-0.015931400602274937
2000-05-05,-0.014417704623428396
2000-05-08,-0.022696965218247378
2000-05-09,0.023090264318662568
2000-05-10,-0.025720194093480142
2000-05-11,0.02516846685663232
2000-05-12,0.024854550421441024
2000-05-15,0.0027542833187210736
2000-05-16,0.04650546937987854
2000-05-17,0.05847729336667884
2000-05-18,-0.012813276012381358
2000-05-19,-0.03244867082972236
2000-05-22,-0.0073414582550201946
2000-05-23,-0.011846900242204583
2000-05-24,0.0008165127411046136
2000-05-25,0.0533562176070157
2000-05-26,0.009819574056203706
2000-05-30,0.08311407717416208
2000-05-31,0.0
2000-06-01,0.0
2000-06-02,0.0
2000-06-05,-0.017557971775013614
2000-06-06,-0.017752459727897296
2000-06-07,0.0029591497725445226
2000-06-08,0.04695874211908824
2000-06-09,0.02616169452255246
2000-06-12,0.016795655154143052
2000-06-13,-0.028283010355985017
2000-06-14,0.020552319349543158
2000-06-15,-0.005475037290638141
2000-06-16,0.011883138127781523
2000-06-19,0.012354964556498205
2000-06-20,0.012535584751002915
2000-06-21,-0.022283235662723944
2000-06-22,0.01707390304427503
2000-06-23,-0.012747734090612473
2000-06-26,0.020306239833065565
2000-06-27,0.01273889061039335
2000-06-28,0.02213794877890174
2000-06-29,-0.06823197895320787
2000-06-30,0.03127144806433746
2000-07-03,0.03559400668661028
2000-07-05,-0.06449296835325569
2000-07-06,-0.003592942373777497
2000-07-07,0.012455689139072357
2000-07-10,-0.010227009175651114
2000-07-11,-0.009784055830412197
2000-07-12,0.054788825978463684
2000-07-13,0.0612672024597809
2000-07-14,0.0
2000-07-17,0.0
2000-07-18,0.0
2000-07-19,-0.026953297748482208
2000-07-20,-0.00843517736582966
2000-07-21,-0.04698691092987317
2000-07-24,0.01648445288705802
2000-07-25,0.029804318453022338
2000-07-26,-0.031143101906567328
2000-07-27,-0.07444349438746489
2000-07-28,0.013493842758613095
2000-07-31,0.06868842216663662
2000-08-01,0.0
2000-08-02,0.0
2000-08-03,0.0
2000-08-04,0.03770665100175252
2000-08-07,-0.004514078358031304
2000-08-08,-0.005759467713900568
2000-08-09,0.0461214525106024
2000-08-10,-0.0464787080397665
2000-08-11,-0.00587158515021724
2000-08-14,0.04521170411831221
2000-08-15,0.017750094769395375
2000-08-16,0.05034972203915977
2000-08-17,-0.031476071937681094
2000-08-18,0.02214448464069041
2000-08-21,0.029563513039924993
2000-08-22,-0.03167361841980154
2000-08-23,-0.005540097220737672
2000-08-24,0.008350653409007425
2000-08-25,-0.011698372709846971
2000-08-28,0.012303746849464892
2000-08-29,0.002479138519865476
2000-08-30,-0.012292886376732315
2000-08-31,0.008872526606580333
2000-09-01,0.03498293530835839
2000-09-05,0.03428339591242158
2000-09-06,-0.057931012007739424
2000-09-07,0.02537545383223283
2000-09-08,-0.014918280826061503
2000-09-11,-0.04027633947511766
2000-09-12,0.02434495511683643
2000-09-13,-0.025151244487089608
2000-09-14,0.03081729602862482
2000-09-15,-0.0087830149597522
2000-09-18,0.02067430394368097
2000-09-19,-0.009077523194027326
2000-09-20,-0.022977596435929226
2000-09-21,-0.02177484275816033
2000-09-22,-0.11651328207868594
2000-09-25,0.028028538930295
2000-09-26,0.023107955801501046
2000-09-27,0.023857649496086486
2000-09-28,-0.020130986687438623
2000-09-29,-0.04679605209671711
2000-10-02,0.0245900631471494
2000-10-03,0.05071493151987827
2000-10-04,-0.0016229257348320258
2000-10-05,-0.020650318177550253
2000-10-06,0.01667441997960517
2000-10-09,0.009764845396782684
2000-10-10,-0.0451296176127719
2000-10-11,-0.07108597866802735
2000-10-12,0.0624613014400206
2000-10-13,0.0
2000-10-16,0.0
2000-10-17,0.0
2000-10-18,-0.05183550598878861
2000-10-19,0.17828473493773345
2000-10-20,0.0
2000-10-23,0.0
2000-10-24,0.0
2000-10-25,-0.05192072132828385
2000-10-26,0.01992701834541788
2000-10-27,0.01795590069915476
2000-10-30,-0.017053103289252802
2000-10-31,0.08388193257473264
2000-11-01,0.0
2000-11-02,0.0
2000-11-03,0.0
2000-11-06,0.052566704308930845
2000-11-07,0.017845997429926763
2000-11-08,0.012423014928255594
2000-11-09,-0.08156088688843988
2000-11-10,0.0011592353080682738
2000-11-13,-0.07481470511547827
2000-11-14,0.09960575317393228
2000-11-15,0.0
2000-11-16,0.0
2000-11-17,0.0
2000-11-20,-0.04960111688357127
2000-11-21,0.0393194534588146
2000-11-22,0.0165287213469012
2000-11-24,0.06907696977948063
2000-11-27,0.0
2000-11-28,0.0
2000-11-29,0.0
2000-11-30,-0.17136181242970228
2000-12-01,0.07103323535902462
2000-12-04,0.0
2000-12-05,0.0
2000-12-06,0.0
2000-12-07,-0.06691339863889878
2000-12-08,0.1605522664620429
2000-12-11,0.0
2000-12-12,0.0
2000-12-13,0.0
2000-12-14,0.003812592426806871
2000-12-15,-0.053256353555083735
2000-12-18,0.029391136170790144
2000-12-19,-0.00035439725827446367
2000-12-20,-0.08780270607946161
2000-12-21,-0.016402474685655588
2000-12-22,0.1026993693467988
2000-12-26,0.0
2000-12-27,0.0
2000-12-28,0.0
2000-12-29,5.731040396472764e-06
2001-01-02,0.04332747583924812
2001-01-03,-0.019794726609100977
2001-01-04,-0.01783635516576787
2001-01-05,0.005776816702595777
2001-01-08,-0.016572246490834663
2001-01-09,0.06091397172132007
2001-01-10,0.0
2001-01-11,0.0
2001-01-12,0.0
2001-01-16,0.003547492290308485
2001-01-17,0.14887832685431346
2001-01-18,0.0
2001-01-19,0.0
2001-01-22,0.0
2001-01-23,-0.01891588453880111
2001-01-24,0.0021417676682811138
2001-01-25,-0.020911390102830052
2001-01-26,-0.06860219132819378
2001-01-29,-0.010327866011744069
2001-01-30,0.027764877452958192
2001-01-31,-0.009471468939216576
2001-02-01,0.016056147457971237
2001-02-02,0.02177768158158333
2001-02-05,-0.016879885833021135
2001-02-06,0.028430376055414763
2001-02-07,-0.014983809162236739
2001-02-08,0.01573203292316161
2001-02-09,-0.014833902170502955
2001-02-12,-0.010035218190780015
2001-02-13,0.008489840539732008
2001-02-14,0.0004969943173642744
2001-02-15,0.002460789552862108
2001-02-16,-0.0772911737506895
2001-02-20,0.020648347628327013
2001-02-21,-0.06603064688588867
2001-02-22,-0.016088368720815427
2001-02-23,-0.0020873229779618807
2001-02-26,0.04850406796860263
2001-02-27,-0.025726797917685618
2001-02-28,0.016878354786176164
2001-03-01,-0.02527805169571784
2001-03-02,-0.10137008418638538
2001-03-05,0.031030556858931524
2001-03-06,0.12412189376472416
2001-03-07,0.0
2001-03-08,0.0
2001-03-09,0.0
2001-03-12,-0.03820754249079794
2001-03-13,0.05657241896761822
2001-03-14,-0.08186599704155384
2001-03-15,0.08472529418326813
2001-03-16,0.0
2001-03-19,0.0
2001-03-20,0.0
2001-03-21,-0.006396865835027188
2001-03-22,0.06403249251372367
2001-03-23,0.0
2001-03-26,0.0
2001-03-27,0.0
2001-03-28,-0.06024447209460926
2001-03-29,-0.01664170834109846
2001-03-30,-0.0341371796589367
2001-04-02,-0.006252891220191348
2001-04-03,0.0
2001-04-04,0.0
2001-04-05,0.0
2001-04-06,0.0
2001-04-09,0.0
2001-04-10,0.0
2001-04-11,0.0
2001-04-12,0.0
2001-04-16,0.0
2001-04-17,0.0
2001-04-18,0.0
2001-04-19,0.0
2001-04-20,0.0
2001-04-23,0.0
2001-04-24,0.0
2001-04-25,0.0
2001-04-26,0.0
2001-04-27,0.0
2001-04-30,0.0
2001-05-01,0.0
2001-05-02,0.08891799495112518
2001-05-03,0.0
2001-05-04,0.0
2001-05-07,0.0
2001-05-08,0.09590701117600231
2001-05-09,0.0
2001-05-10,0.0
2001-05-11,0.0
2001-05-14,-0.0011819568678196335
2001-05-15,0.015806297104296707
2001-05-16,-0.03746838325631008
2001-05-17,0.013377479654325786
2001-05-18,-0.012332476309157014
2001-05-21,-0.012793207327013056
2001-05-22,0.0027320065349518696
2001-05-23,0.007004688179468976
2001-05-24,-0.029647913349071464
2001-05-25,0.02261620625795957
2001-05-29,-0.020388726204412788
2001-05-30,-0.02639516920199536
2001-05-31,-0.006844527215351004
2001-06-01,0.0325134406395291
2001-06-04,-0.03100580136867015
2001-06-05,0.025491704879158528
2001-06-06,0.09624951279292127
2001-06-07,0.0
2001-06-08,0.0
2001-06-11,0.0
2001-06-12,-0.06871561765480749
2001-06-13,0.008832575343026727
2001-06-14,-0.04334434084128447
2001-06-15,-0.034344198183293595
2001-06-18,0.00601713584914898
2001-06-19,0.06338880995233498
2001-06-20,0.0
2001-06-21,0.0
2001-06-22,0.0
2001-06-25,0.05076093619403421
2001-06-26,-0.029672360150099886
2001-06-27,-0.0040536412509287745
2001-06-28,0.02672209911120471
2001-06-29,0.008381162802049147
2001-07-02,-0.0005285154306299278
2001-07-03,-0.019497078774731613
2001-07-05,-0.048191543642609025
2001-07-06,-0.15716481990282283
2001-07-09,0.07216285374879416
2001-07-10,0.0
2001-07-11,0.0
2001-07-12,0.0
2001-07-13,-0.026745559707121558
2001-07-16,0.02919465098576568
2001-07-17,-0.048866630446462
2001-07-18,-0.03174467421717819
2001-07-19,0.04294893070122385
2001-07-20,0.007166286651467013
2001-07-23,0.02509572287439865
2001-07-24,-0.034015697448019466
2001-07-25,0.005111418562234071
2001-07-26,0.003007994858001739
2001-07-27,-0.019156772917834686
2001-07-30,0.040993684703053423
2001-07-31,0.04075577271602304
2001-08-01,0.13402566919071446
2001-08-02,0.0
2001-08-03,0.0
2001-08-06,0.0
2001-08-07,-0.0016270647220584245
2001-08-08,-0.00753754343956714
2001-08-09,-0.018915108081699494
2001-08-10,-0.004452131413689386
2001-08-13,0.034461335595955545
2001-08-14,-0.016913076415146167
2001-08-15,0.025450509768591756
2001-08-16,-0.02767459002655548
2001-08-17,-0.04388275463418345
2001-08-20,-0.013017397724597646
2001-08-21,0.010738690587332345
2001-08-22,0.032237991677547706
2001-08-23,0.0037635625616008195
2001-08-24,0.02535989475192668
2001-08-27,-0.007718819766143192
2001-08-28,0.009379256213034592
2001-08-29,0.018606800769330967
2001-08-30,-0.021888682323017328
2001-08-31,-0.009461387615227301
2001-09-04,-0.02954529235308767
2001-09-05,-0.0108886898385262
2001-09-06,-0.02557672587231874
2001-09-07,-0.007915351479557131
2001-09-10,-0.005640010358166414
2001-09-17,-0.20836717523995385
2001-09-18,0.01495347291065463
2001-09-19,0.0471996318762562
2001-09-20,-0.047210189625418675
2001-09-21,-0.10190392147610627
2001-09-24,0.09936472455282508
2001-09-25,0.0
2001-09-26,0.0
2001-09-27,0.0
2001-09-28,0.05750433650404663
2001-10-01,-0.003439458662932382
2001-10-02,-0.021341263159952994
2001-10-03,-0.020849696192728806
2001-10-04,0.08197478338685338
2001-10-05,0.0
2001-10-08,0.0
2001-10-09,0.0
2001-10-10,-0.010359757063796105
2001-10-11,0.07210817286067228
2001-10-12,0.0
2001-10-15,0.0
2001-10-16,0.0
2001-10-17,0.07975629358642466
2001-10-18,0.0
2001-10-19,0.0
2001-10-22,0.0
2001-10-23,0.02525036007570658
2001-10-24,-0.003360687862564271
2001-10-25,-0.03384542345864938
2001-10-26,-0.004597691320619712
2001-10-29,-0.02600643682966275
2001-10-30,-0.01697729954371363
2001-10-31,0.06899006683315778
2001-11-01,0.0
2001-11-02,0.0
2001-11-05,0.0
2001-11-06,-0.010123864095194723
2001-11-07,-0.015395604171935084
2001-11-08,0.07807683219453665
2001-11-09,0.0
2001-11-12,0.0
2001-11-13,0.0
2001-11-14,0.020290872629490364
2001-11-15,-0.007834397989543995
2001-11-16,-0.005613719617705737
2001-11-19,0.009608526400516126
2001-11-20,-0.01921120224372519
2001-11-21,-0.015771228718394315
2001-11-23,-0.0017008180006945484
2001-11-26,0.029161994352584042
2001-11-27,-0.017086275095769654
2001-11-28,-0.012620702868754163
2001-11-29,0.043542218806603916
2001-11-30,-0.0048969283964425125
2001-12-03,0.015909396249102148
2001-12-04,0.024233996487682985
2001-12-05,0.07159396533109685
2001-12-06,0.0
2001-12-07,0.0
2001-12-10,0.0
2001-12-11,0.02650606565029845
2001-12-12,0.01808382812953102
2001-12-13,-0.06981272207351275
2001-12-14,0.0027770823943333856
2001-12-17,0.0033511578118623486
2001-12-18,0.01736513149078034
2001-12-19,-0.05517729779737124
2001-12-20,-0.009744143177020992
2001-12-21,0.014539171218263647
2001-12-24,0.0006197505414908822
2001-12-26,0.008974097214661247
2001-12-27,0.030422461377382026
2001-12-28,0.03626433909369653
2001-12-31,0.02182329201989286
2002-01-02,0.06032698855472929
2002-01-03,0.0
2002-01-04,0.0
2002-01-07,0.0
2002-01-08,0.08396849934336847
2002-01-09,0.0
2002-01-10,0.0
2002-01-11,0.0
2002-01-14,-0.04185807688766552
2002-01-15,0.01154554120356921
2002-01-16,-0.0234910957180533
2002-01-17,0.06138557334036698
2002-01-18,0.0
2002-01-22,0.0
2002-01-23,0.0
2002-01-24,0.04689428269299478
2002-01-25,-0.0017425012428400333
2002-01-28,0.008684609707339197
2002-01-29,-0.01707840150806017
2002-01-30,-0.009940800203179112
2002-01-31,0.0724967803892913
2002-02-01,0.0
2002-02-04,0.0
2002-02-05,0.0
2002-02-06,0.05363650781828211
2002-02-07,0.01145388057663932
2002-02-08,0.03370387905626293
2002-02-11,0.007550475085262631
2002-02-12,-0.014944504833512173
2002-02-13,0.021027224946705614
2002-02-14,0.008153520475487008
2002-02-15,-0.02708156425628161
2002-02-19,-0.05357133590061658
2002-02-20,-0.004926350695910742
2002-02-21,-0.009405587664161663
2002-02-22,-0.023891447589853287
2002-02-25,0.027901667147453013
2002-02-26,-0.04920713760456352
2002-02-27,0.04214652288288634
2002-02-28,0.008889259116545034
2002-03-01,0.00782353617863607
2002-03-04,0.02341682149624158
2002-03-05,-0.012285853227173793
2002-03-06,-0.03802041353552543
2002-03-07,0.02409918516911147
2002-03-08,0.03979912492676263
2002-03-11,0.003371768211835491
2002-03-12,-0.016953478727857574
2002-03-13,-0.0036212945817286624
2002-03-14,-0.02069630121637467
2002-03-15,0.05581453540301884
2002-03-18,0.027844714758169742
2002-03-19,0.01039816730318277
2002-03-20,-0.014754381576821296
2002-03-21,0.01904826753760136
2002-03-22,-0.011457174052779129
2002-03-25,0.006339379675918577
2002-03-26,-0.011964280305946096
2002-03-27,-0.029382035246947935
2002-03-28,0.011946779399493401
2002-04-01,-0.027469153538601576
2002-04-02,-0.01601989150592531
2002-04-03,0.002331665263013205
2002-04-04,0.006086747872838361
2002-04-05,0.012049626084557952
2002-04-08,-0.060489791403320003
2002-04-09,0.011529349370968278
2002-04-10,0.02831082426787468
2002-04-11,-0.051299338659247073
2002-04-12,0.019478161489422607
2002-04-15,0.01525019006459094
2002-04-16,0.06280708039383942
2002-04-17,0.0
2002-04-18,0.0
2002-04-19,0.0
2002-04-22,-0.02945399990007802
2002-04-23,0.026331128786996505
2002-04-24,0.051708347188029524
2002-04-25,-0.05335938219691316
2002-04-26,0.020758527503221602
2002-04-29,0.002762429956500556
2002-04-30,-0.015030140180197549
2002-05-01,0.003266658341800621
2002-05-02,0.02325588257200928
2002-05-03,-0.0023562380666311
2002-05-06,-0.025306034470789718
2002-05-07,0.048468533269804936
2002-05-08,0.13066766585253897
2002-05-09,0.0
2002-05-10,0.0
2002-05-13,0.0
2002-05-14,0.13119127559144106
2002-05-15,0.0
2002-05-16,0.0
2002-05-17,0.0
2002-05-20,0.0010475547399475538
2002-05-21,0.029386446575405012
2002-05-22,-0.010560922225842817
2002-05-23,0.00928780524628281
2002-05-24,-0.03148106064438272
2002-05-28,0.030200767316945765
2002-05-29,-0.03588358523369817
2002-05-30,-0.04278731770827138
2002-05-31,0.006711360420123658
2002-06-03,-0.020150495913930477
2002-06-04,-0.004234825611620252
2002-06-05,-0.0017795923733264774
2002-06-06,-0.026035459201479316
2002-06-07,-0.18431804076923297
2002-06-10,0.013485960274493891
2002-06-11,0.02642751328230175
2002-06-12,-0.0008483939708097132
2002-06-13,-0.00926174395086421
2002-06-14,-0.040452259760346054
2002-06-17,0.044705880849857715
2002-06-18,-0.011069479849762365
2002-06-19,-0.1618705179949086
2002-06-20,-0.0024327367756925566
2002-06-21,-0.02279578911890534
2002-06-24,-0.03066859217269513
2002-06-25,0.05686861427522949
2002-06-26,-0.1753693320984102
2002-06-27,0.08181710448141155
2002-06-28,0.0
2002-07-01,0.0
2002-07-02,0.0
2002-07-03,-0.04546910688838912
2002-07-05,0.14556064507573385
2002-07-08,0.0
2002-07-09,0.0
2002-07-10,0.0
2002-07-11,-0.018288215955437614
2002-07-12,0.06412952671957273
2002-07-15,0.0
2002-07-16,0.0
2002-07-17,0.0
2002-07-18,-0.06250577428255955
2002-07-19,-0.0355778631826662
2002-07-22,-0.0019681512853020333
2002-07-23,0.03295649344207274
2002-07-24,-0.03405277074709612
2002-07-25,-0.08114813509079011
2002-07-26,0.04532155774557234
2002-07-29,0.074280334006247
2002-07-30,0.0
2002-07-31,0.0
2002-08-01,0.0
2002-08-02,0.021306548187789875
2002-08-05,0.027951829753558366
2002-08-06,0.08711896437099376
2002-08-07,0.0
2002-08-08,0.0
2002-08-09,0.0
2002-08-12,-0.03974096236616631
2002-08-13,0.002172855085446068
2002-08-14,0.01336591256566999
2002-08-15,0.01974551324285434
2002-08-16,-0.03563059105193633
2002-08-19,0.04308013692335355
2002-08-20,-0.01434534740015736
2002-08-21,0.06801927404883967
2002-08-22,0.0
2002-08-23,0.0
2002-08-26,0.0
2002-08-27,0.01562294664610464
2002-08-28,-0.027074547374362656
2002-08-29,-0.05803726785887631
2002-08-30,-0.01950223409026519
2002-09-03,-0.060177213790295614
2002-09-04,0.015415250666126035
2002-09-05,-0.039502461422388
2002-09-06,0.09318043024127554
2002-09-09,0.0
2002-09-10,0.0
2002-09-11,0.0
2002-09-12,-0.04390176335260021
2002-09-13,-0.05519013222997593
2002-09-16,-0.011013874590306005
2002-09-17,0.07307929968355475
2002-09-18,0.0
2002-09-19,0.0
2002-09-20,0.0
2002-09-23,-0.06461499768530976
2002-09-24,-0.04906032627562973
2002-09-25,0.062224253718071054
2002-09-26,0.0
2002-09-27,0.0
2002-09-30,0.0
2002-10-01,0.03323010828948658
2002-10-02,0.0018885448428391793
2002-10-03,-0.12482988080400736
2002-10-04,0.015053598894116726
2002-10-07,-0.006427564872530045
2002-10-08,0.0517417971776124
2002-10-09,-0.02182205836162021
2002-10-10,0.00544585834133926
2002-10-11,0.11355646512223538
2002-10-14,0.0
2002-10-15,0.0
2002-10-16,0.0
2002-10-17,0.297832857301386
2002-10-18,0.0
2002-10-21,0.0
2002-10-22,0.0
2002-10-23,0.010531398618997656
2002-10-24,0.04792669445823505
2002-10-25,-0.04604524742051641
2002-10-28,0.09482514226656291
2002-10-29,0.0
2002-10-30,0.0
2002-10-31,0.0
2002-11-01,-0.010260452723745761
2002-11-04,0.034821930595005934
2002-11-05,-0.003405765344633771
2002-11-06,0.019254408578768034
2002-11-07,-0.030854849896566172
2002-11-08,0.00033342602352770534
2002-11-11,-0.007506898350581492
2002-11-12,0.007346729893987103
2002-11-13,-0.01843265282040729
2002-11-14,0.05553647112297577
2002-11-15,-0.0479335538335075
2002-11-18,0.005624761376369136
2002-11-19,0.003143297164016401
2002-11-20,0.0035964947087885335
2002-11-21,0.00371285017318157
2002-11-22,-0.01030750512474854
2002-11-25,0.0028369764883267035
2002-11-26,-0.010985168122756073
2002-11-27,0.03436604777861141
2002-11-29,0.025386701712624804
2002-12-02,0.036566416341626384
2002-12-03,0.01263601427767691
2002-12-04,-0.06490285592479939
2002-12-05,0.0231069134984907
2002-12-06,-0.025114123471449257
2002-12-09,-0.010909211728871715
2002-12-10,0.05541871094778017
2002-12-11,0.022429125633163016
2002-12-12,-0.0027561472876267423
2002-12-13,0.019764747290498264
2002-12-16,-0.0012714141016350045
2002-12-17,-0.006533737685995078
2002-12-18,-0.01643371986026365
2002-12-19,0.005734146562508924
2002-12-20,0.00612143614732763
2002-12-23,-0.0008624003464543506
2002-12-24,0.003798495902011201
2002-12-26,-0.01015728266485405
2002-12-27,-0.0034463244669725723
2002-12-30,-0.0257227664211086
2002-12-31,-0.0167752950946769
2003-01-02,0.05395661610010394
2003-01-03,0.010970023941978546
2003-01-06,0.014745531771957587
2003-01-07,0.08465434061531774
2003-01-08,0.0
2003-01-09,0.0
2003-01-10,0.0
2003-01-13,0.04691070593255109
2003-01-14,-0.02608629359548653
2003-01-15,0.0005345826077773896
2003-01-16,-0.013429338476949937
2003-01-17,-0.02035835078764725
2003-01-21,0.039543486205965594
2003-01-22,-0.03350566447129599
2003-01-23,0.01772818331372683
2003-01-24,0.013319534958523338
2003-01-27,-0.017898402010203873
2003-01-28,0.028239639846899145
2003-01-29,-0.02711882346735839
2003-01-30,0.003114904126548801
2003-01-31,0.09954481365158618
2003-02-03,0.0
2003-02-04,0.0
2003-02-05,0.0
2003-02-06,0.03864873617858344
2003-02-07,0.038868248677116135
2003-02-10,-0.007241932071970103
2003-02-11,-0.01273963924972965
2003-02-12,0.000922019210256364
2003-02-13,0.012976241505158193
2003-02-14,0.09118513016141483
2003-02-18,0.0
2003-02-19,0.0
2003-02-20,0.0
2003-02-21,0.01699425642325414
2003-02-24,-0.003974344169082045
2003-02-25,-0.0407006641907276
2003-02-26,-0.017812285833403996
2003-02-27,0.006431848558305475
2003-02-28,0.0011429803793161497
2003-03-03,0.016878556144573675
2003-03-04,-0.0072294166983553065
2003-03-05,-0.010884715097222553
2003-03-06,-0.00655699175193214
2003-03-07,-0.04064996971489376
2003-03-10,-0.006936698507381767
2003-03-11,0.011396764352419986
2003-03-12,-0.008836672016454994
2003-03-13,0.0515184913183413
2003-03-14,-0.008058852246899062
2003-03-17,-0.030568915237065952
2003-03-18,0.014233727731266077
2003-03-19,0.01898114586492916
2003-03-20,0.0008179601758275812
2003-03-21,0.07727258003308823
2003-03-24,0.0
2003-03-25,0.0
2003-03-26,0.0
2003-03-27,-0.02364850480986269
2003-03-28,-0.013778440918672419
2003-03-31,-0.06457615331777233
2003-04-01,0.01940865667080982
2003-04-02,0.06885911150206736
2003-04-03,0.0
2003-04-04,0.0
2003-04-07,0.0
2003-04-08,-0.0034112447666758694
2003-04-09,-0.008790004930951056
2003-04-10,0.018635794019876917
2003-04-11,0.019256042462621803
2003-04-14,-0.009929186648086064
2003-04-15,-0.03879900106759582
2003-04-16,0.04293775661763366
2003-04-17,-0.03341085153646084
2003-04-21,0.026038590234952474
2003-04-22,0.006351838004663657
2003-04-23,0.004496771132871835
2003-04-24,-0.00033194884695009197
2003-04-25,-0.0037929145583016632
2003-04-28,-0.0028700974612657637
2003-04-29,0.03579711934922236
2003-04-30,-0.003708002508844732
2003-05-01,-0.008128381151015107
2003-05-02,0.007908271341043438
2003-05-05,0.021356332957582547
2003-05-06,-0.0037761622310785725
2003-05-07,-0.02840202586449858
2003-05-08,-0.021930298804112014
2003-05-09,0.12702917036156958
2003-05-12,0.0
2003-05-13,0.0
2003-05-14,0.0
2003-05-15,0.02267165315863795
2003-05-16,-0.006835482443330321
2003-05-19,-0.0420319546349891
2003-05-20,0.032089770784728966
2003-05-21,-0.013559676937438647
2003-05-22,0.014138876988725402
2003-05-23,0.022605615374563293
2003-05-27,-0.031586938681087195
2003-05-28,0.025396727402569264
2003-05-29,0.007624679523899669
2003-05-30,0.08339138427119375
2003-06-02,0.0
2003-06-03,0.0
2003-06-04,0.0
2003-06-05,-0.015601387150150692
2003-06-06,0.05199469509091559
2003-06-09,-0.015363147858147186
2003-06-10,-0.019508849493378833
2003-06-11,-0.01672965131082038
2003-06-12,0.004883274625481215
2003-06-13,-0.05212627262933289
2003-06-16,0.022419906543169832
2003-06-17,0.031656758148787434
2003-06-18,-0.0345098874462747
2003-06-19,-0.0019958852068426847
2003-06-20,0.024053203338134654
2003-06-23,-0.00464959009610133
2003-06-24,-0.016214331080035116
2003-06-25,0.019621892902456084
2003-06-26,0.007873612133104002
2003-06-27,0.019581732512948813
2003-06-30,0.028461877298833205
2003-07-01,-0.0027489241226047456
2003-07-02,0.05412327083671009
2003-07-03,-0.03047463016654972
2003-07-07,0.012634934679742083
2003-07-08,-0.014241479144974312
2003-07-09,0.0031260840506932563
2003-07-10,-0.04257039919483452
2003-07-11,0.004025224342989686
2003-07-14,0.04596531297092321
2003-07-15,-0.019422512533067038
2003-07-16,0.028120450724352652
2003-07-17,-0.06318480909152235
2003-07-18,0.010616174669766387
2003-07-21,0.005238855737127679
2003-07-22,0.029751364083178578
2003-07-23,-0.03625926856460593
2003-07-24,0.05687636291503684
2003-07-25,-0.00017738002978395784
2003-07-28,0.011534932699683198
2003-07-29,0.04835994277665501
2003-07-30,-0.0069943752742914755
2003-07-31,0.0252497509031524
2003-08-01,-0.009546923100830829
2003-08-04,-0.013069696468341552
2003-08-05,0.028033462682482746
2003-08-06,-0.00018439893268351604
2003-08-07,-0.028528466180790413
2003-08-08,-0.08092227343894243
2003-08-11,0.017526827722913252
2003-08-12,0.003376741792358473
2003-08-13,0.0022115936307389727
2003-08-14,-0.024502922631755242
2003-08-15,-0.006625509580516553
2003-08-18,0.01757978669189275
2003-08-19,0.02679463674841065
2003-08-20,-0.039701563457508415
2003-08-21,0.03160469984243064
2003-08-22,0.05306526469540218
2003-08-25,0.0076688667773174846
2003-08-26,-0.017851991327841654
2003-08-27,0.009813084275919648
2003-08-28,0.009832556213285493
2003-08-29,-0.005742730894912507
2003-09-02,0.01776662994126177
2003-09-03,0.024476705493126083
2003-09-04,-0.006887215188552842
2003-09-05,-0.008111612563923454
2003-09-08,0.0045546537462162195
2003-09-09,-0.009457387579284826
2003-09-10,-0.02556808049080872
2003-09-11,0.0013618269561599394
2003-09-12,0.005187947533107806
2003-09-15,0.015794945139829375
2003-09-16,0.00933385560878941
2003-09-17,-0.001097070323620497
2003-09-18,-0.012333459943806302
2003-09-19,0.002214839053287454
2003-09-22,-0.057269906797363324
2003-09-23,0.013236758825649453
2003-09-24,0.01865360625636936
2003-09-25,0.013589028506024281
2003-09-26,-0.02399512796544434
2003-09-29,0.03691695007488138
2003-09-30,-0.046869709622149425
2003-10-01,0.015165434873541939
2003-10-02,0.00018399807521718436
2003-10-03,0.09746381515506486
2003-10-06,0.0
2003-10-07,0.0
2003-10-08,0.0
2003-10-09,0.043500526224798275
2003-10-10,0.012999104689502605
2003-10-13,0.008594224158810393
2003-10-14,-0.033847135822536845
2003-10-15,0.08082121970646905
2003-10-16,0.0
2003-10-17,0.0
2003-10-20,0.0
2003-10-21,0.020417774476686246
2003-10-22,-0.03285782293569772
2003-10-23,-0.04030591498796665
2003-10-24,0.007591708329637736
2003-10-27,0.0519457581211058
2003-10-28,0.07800161512364956
2003-10-29,0.0
2003-10-30,0.0
2003-10-31,0.0
2003-11-03,0.040291553111721834
2003-11-04,-0.016726121952636896
2003-11-05,-0.004139207072381135
2003-11-06,0.03196503730207012
2003-11-07,0.0023812187871268264
2003-11-10,-0.030413987746787607
2003-11-11,-0.0071339369124922
2003-11-12,0.019475968018679346
2003-11-13,-0.0137743304955944
2003-11-14,-0.012031047102362247
2003-11-17,-0.033638304249272055
2003-11-18,0.024380012950158125
2003-11-19,0.008872919987298111
2003-11-20,-0.06273103724616946
2003-11-21,0.03279271932360772
2003-11-24,0.012723963256204174
2003-11-25,0.024104253562542644
2003-11-26,0.02243421197594353
2003-11-28,-0.0012302963719421633
2003-12-01,0.029265746913323065
2003-12-02,0.01724789119038772
2003-12-03,0.027621894538447878
2003-12-04,0.021633341676030815
2003-12-05,-0.048488168643384566
2003-12-08,-0.011103736651254303
2003-12-09,0.032723096488430636
2003-12-10,-0.012889890128554238
2003-12-11,0.009722648568327719
2003-12-12,0.016968121589213903
2003-12-15,0.05696468943456101
2003-12-16,0.006771221366090208
2003-12-17,-0.008025363848813583
2003-12-18,0.021447987044927563
2003-12-19,0.006932753643335676
2003-12-22,-0.012810596409913333
2003-12-23,0.00046099898035811826
2003-12-24,-0.0008576036718764835
2003-12-26,0.0021660225863691096
2003-12-29,0.014830367708010828
2003-12-30,0.007812267031995335
2003-12-31,0.0022095613501695865
2004-01-02,0.028696751999313763
2004-01-05,0.023256977372891674
2004-01-06,0.0037172391550022166
2004-01-07,0.008428181129498613
2004-01-08,0.05018883343320413
2004-01-09,-0.01355250072090508
2004-01-12,0.005359792769230598
2004-01-13,0.013725327270633692
2004-01-14,0.007335054686812947
2004-01-15,-0.02751748038391344
2004-01-16,0.022088645710638177
2004-01-20,0.027614301741085923
2004-01-21,-0.04666372770116056
2004-01-22,-0.006403575422614272
2004-01-23,0.015885048812004365
2004-01-26,0.0018189684242071458
2004-01-27,-0.0014363435653071965
2004-01-28,0.033773141964853926
2004-01-29,0.013410783763196044
2004-01-30,0.0066610667230075915
2004-02-02,0.03257398027018654
2004-02-03,0.0008578657711995064
2004-02-04,-0.022680819098243488
2004-02-05,0.020255424718570447
2004-02-06,0.01631394485766302
2004-02-09,0.01716729133385364
2004-02-10,0.007915723770812289
2004-02-11,0.000463199165558148
2004-02-12,0.006891930491871978
2004-02-13,0.02385229190523952
2004-02-17,0.05029903634809485
2004-02-18,0.007618177294411055
2004-02-19,0.057513087125980134
2004-02-20,-0.017062328338813715
2004-02-23,-0.033358974485597326
2004-02-24,-0.08389254160514048
2004-02-25,0.0183740077931005
2004-02-26,-0.008874000358887302
2004-02-27,0.01814358329002852
2004-03-01,-0.014620573141131854
2004-03-02,-0.021249743015862133
2004-03-03,-0.023728684463642957
2004-03-04,0.023604815689061365
2004-03-05,-0.02257564697022607
2004-03-08,0.06147220563863742
2004-03-09,0.0
2004-03-10,0.0
2004-03-11,0.0
2004-03-12,0.023441949880053325
2004-03-15,0.010545389522857107
2004-03-16,0.03807228477883107
2004-03-17,0.015356365035925634
2004-03-18,0.011526271015736889
2004-03-19,0.007216045392143267
2004-03-22,-0.019322003307601254
2004-03-23,0.03738136055333974
2004-03-24,-0.005953874004538506
2004-03-25,0.028615982274512453
2004-03-26,-0.0029260575285836588
2004-03-29,0.08592262871015532
2004-03-30,0.0
2004-03-31,0.0
2004-04-01,0.0
2004-04-02,0.04281212803090395
2004-04-05,-0.020139100510874752
2004-04-06,-0.03890354843267685
2004-04-07,-0.0005622628783475969
2004-04-08,0.029702191214949547
2004-04-12,0.005279576140736708
2004-04-13,0.01179202179420602
2004-04-14,-0.04245680237898586
2004-04-15,-0.022917268820032977
2004-04-16,0.006520428379634291
2004-04-19,0.006443547028704311
2004-04-20,0.008616288248168402
2004-04-21,0.002427774338415345
2004-04-22,-0.0249428437839756
2004-04-23,0.029483991745100635
2004-04-26,0.0156544350086385
2004-04-27,0.014979296463547564
2004-04-28,-0.02060669945838045
2004-04-29,-0.014313606480716445
2004-04-30,0.009733518429144716
2004-05-03,0.043310360984792906
2004-05-04,0.017132486834587013
2004-05-05,0.013749078270612003
2004-05-06,0.002973930628169752
2004-05-07,0.02140723756909768
2004-05-10,-0.01826255679695965
2004-05-11,0.0228198757103264
2004-05-12,-0.01715213185727993
2004-05-13,-0.012709477758719112
2004-05-14,0.006115605107333666
2004-05-17,-0.02115278998543002
2004-05-18,0.023980226440611707
2004-05-19,0.050485096268561014
2004-05-20,0.0011579384705391327
2004-05-21,0.02261133716713415
2004-05-24,0.014492201563013785
2004-05-25,0.0005394161830070132
2004-05-26,0.00013141345680889316
2004-05-27,0.02034138292104659
2004-05-28,0.015414426504978262
2004-06-01,-0.018839927127464073
2004-06-02,0.01839704793972441
2004-06-03,-0.012241122188690667
2004-06-04,0.039126785837960476
2004-06-07,0.020267375660324438
2004-06-08,-0.0034131425549813743
2004-06-09,0.002088010585257871
2004-06-10,0.026549345738383412
2004-06-14,-0.003523178016259121
2004-06-15,0.03236826699547102
2004-06-16,-0.009975667224809914
2004-06-17,-0.00931288202194136
2004-06-18,-0.0314222577243648
2004-06-21,0.006622134126849755
2004-06-22,0.015356500382609939
2004-06-23,0.012349243395245013
2004-06-24,0.008052095316539498
2004-06-25,0.015306657785294497
2004-06-28,0.02442720559047884
2004-06-29,0.02319327140217209
2004-06-30,-0.0168258157373381
2004-07-01,0.007056709789967419
2004-07-02,0.000933760053435817
2004-07-06,-0.04154914736645543
2004-07-07,0.00890901973135172
2004-07-08,-0.01790287119766687
2004-07-09,0.013420311569760202
2004-07-12,-0.03600188158661255
2004-07-13,0.0184009214298122
2004-07-14,-0.08493373929473702
2004-07-15,0.012664913846290204
2004-07-16,0.03771852463039971
2004-07-19,0.00024346810591713286
2004-07-20,0.008392535348425545
2004-07-21,0.033477338707375015
2004-07-22,0.008923049494780955
2004-07-23,-0.015028138189595697
2004-07-26,0.015449833512652944
2004-07-27,0.0035476113601820014
2004-07-28,-0.015328638701165742
2004-07-29,0.019322113157758558
2004-07-30,-0.0052124684520120645
2004-08-02,-0.017019186739907655
2004-08-03,-0.004347724777311601
2004-08-04,-0.008962066994234297
2004-08-05,0.007685611655182889
2004-08-06,-0.22838037258252475
2004-08-09,0.02203892971347643
2004-08-10,0.0417534496872205
2004-08-11,-0.03863916534177192
2004-08-12,-0.01166489147533234
2004-08-13,0.014729490414145063
2004-08-16,-0.0076192131424109855
2004-08-17,0.029028871778806087
2004-08-18,-0.0028246391306352425
2004-08-19,-0.004556996381931078
2004-08-20,0.00703143014221852
2004-08-23,0.023604763070685708
2004-08-24,0.02423958846841412
2004-08-25,0.015375270949417708
2004-08-26,-0.024021874607879412
2004-08-27,0.006729815549221696
2004-08-30,-0.008183477150996765
2004-08-31,0.003877584265433942
2004-09-01,0.010664825636351294
2004-09-02,0.002570927349237584
2004-09-03,-0.049307313245261164
2004-09-07,0.022331440805590352
2004-09-08,-0.0024717026397532704
2004-09-09,0.038579951708962446
2004-09-10,-0.00784569142172531
2004-09-13,0.011062230824162134
2004-09-14,-0.00965916140331835
2004-09-15,-0.03198870931368425
2004-09-16,0.020599645686293355
2004-09-17,0.022636095689463342
2004-09-20,-0.02679614353631765
2004-09-21,0.029608527999327006
2004-09-22,-0.022407516995564647
2004-09-23,0.0057278044524975424
2004-09-24,0.008622322467955579
2004-09-27,-0.019717112350319588
2004-09-28,-0.004154828775602026
2004-09-29,-0.0010716862442147201
2004-09-30,-0.0072371023505168885
2004-10-01,0.016652898493291657
2004-10-04,0.022064123505758593
2004-10-05,-0.039062456941787005
2004-10-06,0.005310869317209921
2004-10-07,0.009595960976935602
2004-10-08,-0.02019490694427173
2004-10-11,-0.0011714465331560397
2004-10-12,-0.05034513722725531
2004-10-13,0.0523624851413218
2004-10-14,-0.0047761264404152515
2004-10-15,0.015171810546463549
2004-10-18,-0.0181052807075871
2004-10-19,0.03731598458134355
2004-10-20,-0.010778326704778518
2004-10-21,0.0206374561159115
2004-10-22,0.014176210099964726
2004-10-25,-0.008523270750410261
2004-10-26,0.07793626701170475
2004-10-27,0.0
2004-10-28,0.0
2004-10-29,0.0
2004-11-01,0.011594677317612767
2004-11-02,0.007019588887226869
2004-11-03,0.04451056480469551
2004-11-04,0.005403854676196973
2004-11-05,0.01685432876135473
2004-11-08,0.01029176002669785
2004-11-09,-0.0018394730579609497
2004-11-10,-0.008507520641607424
2004-11-11,0.010090135534243316
2004-11-12,-0.002415260754987547
2004-11-15,0.001174821638016521
2004-11-16,0.007581866945230331
2004-11-17,0.017177761229655975
2004-11-18,0.00540320143808426
2004-11-19,0.03777780354720117
2004-11-22,-0.011886904252855102
2004-11-23,-0.006901749117944611
2004-11-24,0.0035983340336540603
2004-11-26,0.009768272165010305
2004-11-29,0.0026825034098427736
2004-11-30,0.0014139165166782153
2004-12-01,0.02103794741212761
2004-12-02,-0.015187347034771315
2004-12-03,0.015287250992881418
2004-12-06,-0.009386746780612465
2004-12-07,-0.014266143833992162
2004-12-08,-0.01123774180872572
2004-12-09,-0.013893757342807622
2004-12-10,-0.008144850579092755
2004-12-13,0.026027420953342206
2004-12-14,0.01153874328316351
2004-12-15,0.00039656387044684216
2004-12-16,-0.022166241476434645
2004-12-17,-0.009369806930378588
2004-12-20,0.016296667337189596
2004-12-21,0.009906870629541542
2004-12-22,0.002622178203312453
2004-12-23,0.00823037880586619
2004-12-27,0.013089512549654181
2004-12-28,0.004433504317119752
2004-12-29,-0.00616521496226885
2004-12-30,0.002001824339078917
2004-12-31,0.012517304054044054
2005-01-03,0.03460738023783283
2005-01-04,-0.003242526257480116
2005-01-05,-0.00982431220144453
2005-01-06,0.01256144619541577
2005-01-07,0.023137009936473163
2005-01-10,0.020073452171453843
2005-01-11,0.003398940124757166
2005-01-12,0.01491909548566106
2005-01-13,-0.003049378128372693
2005-01-14,0.01569885275684424
2005-01-18,-0.010506830377129073
2005-01-19,0.009352568546809215
2005-01-20,-0.023603168009264097
2005-01-21,0.007582818202996
2005-01-24,-0.02748634216577439
2005-01-25,0.014846185742226847
2005-01-26,0.016345065720625218
2005-01-27,0.0062978049680952886
2005-01-28,0.008899443270078855
2005-01-31,0.03291528465182547
2005-02-01,-0.003979887057790288
2005-02-02,0.030527294594995258
2005-02-03,-0.016932124479839827
2005-02-04,-0.0021840750972021983
2005-02-07,0.003112299871448121
2005-02-08,-0.003355100627036145
2005-02-09,-0.03607511837511124
2005-02-10,0.010327474392822111
2005-02-11,0.00846656195559703
2005-02-14,0.015010102005795778
2005-02-15,0.019770214740097325
2005-02-16,-0.0035619885243800553
2005-02-17,0.015240598354958612
2005-02-18,0.050786159674146125
2005-02-22,-0.013560749087855206
2005-02-23,0.00478587928641816
2005-02-24,-0.008771804297574626
2005-02-25,0.00970620551020418
2005-02-28,-0.0032535027430040664
2005-03-01,0.007269821882520899
2005-03-02,-0.012795478923257386
2005-03-03,0.005470724515877157
2005-03-04,0.022996319999186277
2005-03-07,0.0024612593424107043
2005-03-08,-0.015308853344184525
2005-03-09,-0.017556812288530343
2005-03-10,0.009991134745630958
2005-03-11,0.01302375339391082
2005-03-14,0.04432015363327402
2005-03-15,0.011466800298842728
2005-03-16,-0.0882578124804535
2005-03-17,0.008787648851273255
2005-03-18,0.06088073797041904
2005-03-21,0.0
2005-03-22,0.0
2005-03-23,0.0
2005-03-24,0.014799812617921404
2005-03-28,0.004185716980829257
2005-03-29,-0.00011151443479995304
2005-03-30,0.011131754085184964
2005-03-31,-0.007595587235450396
2005-04-01,0.016577148462755487
2005-04-04,-0.006693104875120648
2005-04-05,0.006338393277245613
2005-04-06,0.020647526063987787
2005-04-07,0.002397203187644248
2005-04-08,0.005276686767380134
2005-04-11,0.004830780948033242
2005-04-12,-0.0033332304384620093
2005-04-13,-0.0024117129759525513
2005-04-14,0.0018207049753602433
2005-04-15,-0.037802984430099995
2005-04-18,-0.000560419002194168
2005-04-19,0.02570992841372499
2005-04-20,0.02441781733508308
2005-04-21,0.03480199265569395
2005-04-22,-0.002135185151003194
2005-04-25,0.03891844883609452
2005-04-26,0.004289496693662187
2005-04-27,-0.019100601311887067
2005-04-28,-0.012507383160436869
2005-04-29,0.016261765232817416
2005-05-02,0.007654898649775976
2005-05-03,-0.012533795005670978
2005-05-04,-0.008818452858895043
2005-05-05,0.003868362075756915
2005-05-06,0.02709168579664145
2005-05-09,0.00764244788660462
2005-05-10,-0.0018300753257081137
2005-05-11,0.0072907828908521655
2005-05-12,-0.00020917737875247866
2005-05-13,0.0720637744603132
2005-05-16,0.0
2005-05-17,0.0
2005-05-18,0.0
2005-05-19,0.004707363806166098
2005-05-20,0.003241572062501419
2005-05-23,0.011460196956387225
2005-05-24,-0.01468396131236327
2005-05-25,-0.007043379718656317
2005-05-26,0.008826826598193449
2005-05-27,-0.0023318789344021207
2005-05-31,-0.00356786314557922
2005-06-01,-0.005853563062670486
2005-06-02,-0.002439202907643101
2005-06-03,-0.00039658201572889684
2005-06-06,-0.028692028296583016
2005-06-07,-0.00021616968978221962
2005-06-08,0.009562797920845245
2005-06-09,-0.009898704963614113
2005-06-10,0.001607074525741048
2005-06-13,-0.005913496681214991
2005-06-14,-0.0018451026283922145
2005-06-15,0.011097138445428367
2005-06-16,0.00862019510110712
2005-06-17,0.023920109105063148
2005-06-20,-0.008027558719128858
2005-06-21,0.0012400815547248811
2005-06-22,0.009512010694915807
2005-06-23,-0.0010668775335822556
2005-06-24,-0.0019489960299915454
2005-06-27,-0.009034614106582461
2005-06-28,0.011390574573747259
2005-06-29,0.01808317369176793
2005-06-30,0.005003085266023888
2005-07-01,-0.005509980496164135
2005-07-05,-0.010905367696767199
2005-07-06,0.00332490640621641
2005-07-07,-0.030563059884428978
2005-07-08,0.006598134866590444
2005-07-11,0.021481863184464434
2005-07-12,0.0004889663604197292
2005-07-13,0.0035121586317834463
2005-07-14,0.012563934560153367
2005-07-15,0.002630386832054299
2005-07-18,-0.005190018030484134
2005-07-19,0.013501182759645403
2005-07-20,-0.01581802187464998
2005-07-21,-0.0024951915783427703
2005-07-22,0.006637283703701202
2005-07-25,-0.02331584778881779
2005-07-26,0.10158035631644347
2005-07-27,0.0
2005-07-28,0.0
2005-07-29,0.0
2005-08-01,-0.01889371357500913
2005-08-02,-0.00815026921146822
2005-08-03,-0.009939160808146719
2005-08-04,-0.006563185106511882
2005-08-05,-0.004351818321878698
2005-08-08,0.014964944530956092
2005-08-09,0.07263532691223995
2005-08-10,0.0
2005-08-11,0.0
2005-08-12,0.0
2005-08-15,-0.001873131121134075
2005-08-16,-0.00033937760117463966
2005-08-17,-0.011416933440306032
2005-08-18,-0.022991852415966352
2005-08-19,-0.005199690140882729
2005-08-22,0.0033033712911443303
2005-08-23,0.0034328447718829924
2005-08-24,-0.007062046183694437
2005-08-25,0.02014828011569514
2005-08-26,-0.02505809099416434
2005-08-29,-0.028100256552411218
2005-08-30,-0.0012962071282873744
2005-08-31,0.008470639881001274
2005-09-01,-0.010163924876170238
2005-09-02,0.017323148410691935
2005-09-06,0.0054789137420190315
2005-09-07,-0.0007892066205902326
2005-09-08,0.0021968041753197554
2005-09-09,0.01869419820180096
2005-09-12,0.009625902063669978
2005-09-13,-0.003726663597259705
2005-09-14,-0.004034206790543005
2005-09-15,-0.005354691343731677
2005-09-16,0.00935233533882096
2005-09-19,0.0028650458345893526
2005-09-20,0.00869891114034016
2005-09-21,-0.012805745301962879
2005-09-22,-0.004492119000413131
2005-09-23,0.004934473778441362
2005-09-26,0.010321564896634605
2005-09-27,0.0045583940202427176
2005-09-28,0.01612303512696922
2005-09-29,0.017707683544484487
2005-09-30,0.003653298642479319
2005-10-03,0.007449996907551659
2005-10-04,0.01676619948750191
2005-10-05,-0.008904133539308079
2005-10-06,-0.004576641361543121
2005-10-07,0.013958547179925729
2005-10-10,0.0135146038328815
2005-10-11,0.008027159062488298
2005-10-12,0.033554684161705595
2005-10-13,0.0029723997918211786
2005-10-14,0.022695859693876885
2005-10-17,0.0030663653211571162
2005-10-18,-0.0030696911654493064
2005-10-19,-0.013502073776290868
2005-10-20,-0.02534871033439401
2005-10-21,0.00728314383299411
2005-10-24,0.006080462547823906
2005-10-25,-0.0014429713780297337
2005-10-26,-0.006754267827294047
2005-10-27,0.02452046395891605
2005-10-28,0.013262897771653126
2005-10-31,-0.030382061791771164
2005-11-01,-0.01019100846861798
2005-11-02,0.007892761315128283
2005-11-03,0.023491487456895443
2005-11-04,0.003622892774567843
2005-11-07,0.0151835573272181
2005-11-08,-0.004157855764792662
2005-11-09,0.0024902210670911806
2005-11-10,0.029205822443959528
2005-11-11,0.004162051536245048
2005-11-14,-0.013968724335250204
2005-11-15,0.027728127808292813
2005-11-16,-0.007313726278295518
2005-11-17,0.014784178955627558
2005-11-18,0.013414273796958254
2005-11-21,0.024145843359526742
2005-11-22,0.01577350763773877
2005-11-23,0.00820400266523369
2005-11-25,0.017203594995420568
2005-11-28,0.0062295723701686345
2005-11-29,-0.04016507667380065
2005-11-30,-0.006861778865596246
2005-12-01,0.023369381682083024
2005-12-02,0.009518045205746617
2005-12-05,-0.01285204312414534
2005-12-06,0.0052306035192439815
2005-12-07,0.009145299778659632
2005-12-08,0.004429228864175627
2005-12-09,0.013104467647656604
2005-12-12,0.017550378667642752
2005-12-13,0.00013672141116449765
2005-12-14,-0.0008712001428711202
2005-12-15,0.001574584392666889
2005-12-16,0.013275296029595873
2005-12-19,0.006738810875083434
2005-12-20,0.0007463772573967908
2005-12-21,3.386771990832038e-05
2005-12-22,0.011874993048712978
2005-12-23,0.008802065091344069
2005-12-27,0.002092679208712367
2005-12-28,0.004405891671394935
2005-12-29,-0.004376128370925603
2005-12-30,-0.012053239133909655
2006-01-03,0.032994320924185416
2006-01-04,0.006592572045707623
2006-01-05,0.0029200724776112796
2006-01-06,0.016252468245603557
2006-01-09,0.009572791414869775
2006-01-10,0.010469011081785773
2006-01-11,0.03209064910994042
2006-01-12,0.00852932528173378
2006-01-13,-0.015505954788749832
2006-01-17,-0.034142656457042286
2006-01-18,-0.033562410181856794
2006-01-19,0.0860097817809018
2006-01-20,0.0
2006-01-23,0.0
2006-01-24,0.0
2006-01-25,0.02821643172478505
2006-01-26,0.020977266893071
2006-01-27,0.04470828666348692
2006-01-30,-0.02124493916073944
2006-01-31,0.0027764686605198374
2006-02-01,-0.018959784726937157
2006-02-02,-0.005838387399326961
2006-02-03,0.00042435710524268977
2006-02-06,0.010633368685688982
2006-02-07,0.041230370837894714
2006-02-08,0.011534772034896168
2006-02-09,0.009794513961254303
2006-02-10,-0.0010021479481892026
2006-02-13,-0.015777950242298666
2006-02-14,0.012541970519782675
2006-02-15,-0.0067184787567687865
2006-02-16,0.015530194373129858
2006-02-17,-0.031232812011153466
2006-02-21,0.006447804149049885
2006-02-22,0.003091016815120362
2006-02-23,-0.0027607347914410107
2006-02-24,0.009197061470185508
2006-02-27,0.011433593491126715
2006-02-28,0.005465028920749182
2006-03-01,0.010483825016023962
2006-03-02,0.0001990629563231039
2006-03-03,0.005075871322576697
2006-03-06,0.006285600429353444
2006-03-07,0.0005444687273483684
2006-03-08,-0.020445976461359927
2006-03-09,-0.051325499470132874
2006-03-10,-0.009109874146220887
2006-03-13,-0.0030934760137862893
2006-03-14,-0.007672495680569158
2006-03-15,0.01049555456603768
2006-03-16,0.016681144875071663
2006-03-17,0.006567927031684073
2006-03-20,0.0068919299385608035
2006-03-21,-0.0571354392563127
2006-03-22,-0.009664246777536967
2006-03-23,0.011816806102584732
2006-03-24,0.004985011800731298
2006-03-27,0.0011993190398307263
2006-03-28,-0.003914762288554252
2006-03-29,0.006752580555106968
2006-03-30,0.003119898502840446
2006-03-31,0.003433627382350757
2006-04-03,-0.008291360655338753
2006-04-04,-0.007092686843954588
2006-04-05,-0.019556339075370244
2006-04-06,0.0025549744284261156
2006-04-07,0.004076445225275949
2006-04-10,0.009297474026781272
2006-04-11,0.002927408793893971
2006-04-12,0.018202820972387235
2006-04-13,-0.016365354440019186
2006-04-17,0.001791117136000775
2006-04-18,-0.009732318106592808
2006-04-19,-0.010856354140281077
2006-04-20,-0.005109302832784546
2006-04-21,0.007024757652811742
2006-04-24,0.006069875078410725
2006-04-25,-0.003860356077336591
2006-04-26,0.033784772973957544
2006-04-27,-0.021114377584422694
2006-04-28,0.014503861578254895
2006-05-01,0.018100936702291515
2006-05-02,0.00938474260941713
2006-05-03,-0.00796929313493111
2006-05-04,-0.0045045991661886164
2006-05-05,0.014849243062373008
2006-05-08,-0.005152284718125566
2006-05-09,-0.007509143531761353
2006-05-10,-0.014753048819287962
2006-05-11,0.012257466284284035
2006-05-12,-0.017270396269277732
2006-05-15,-0.006323818806314385
2006-05-16,0.002399873630751781
2006-05-17,-0.002446541685048542
2006-05-18,0.009451239563102565
2006-05-19,0.08236703824365654
2006-05-22,0.0
2006-05-23,0.0
2006-05-24,0.0
2006-05-25,0.030310852838539626
2006-05-26,0.007243782344762417
2006-05-30,-0.006796258553422363
2006-05-31,0.024259520270757395
2006-06-01,0.004151407352190883
2006-06-02,0.013513612110804596
2006-06-05,-0.0010996941335758015
2006-06-06,0.009385527629613533
2006-06-07,0.012710501980685462
2006-06-08,-0.01800315796402674
2006-06-09,0.024279903168046735
2006-06-12,-0.010305989649202707
2006-06-13,-0.007804122332820684
2006-06-14,0.026888907784506255
2006-06-15,0.034345840973775354
2006-06-16,-0.002764077324813874
2006-06-19,0.016517086614665333
2006-06-20,-0.020160443666854766
2006-06-21,-0.004839026056341678
2006-06-22,0.01459379710260822
2006-06-23,0.005376640229378893
2006-06-26,0.004882396916038534
2006-06-27,0.00597447325403766
2006-06-28,0.007472796331900566
2006-06-29,-0.025248360180135654
2006-06-30,0.006501877241660292
2006-07-03,0.016981945451250757
2006-07-05,-0.018353560598536323
2006-07-06,0.006519691209130762
2006-07-07,-0.03039876646442896
2006-07-10,0.006863762165924214
2006-07-11,-0.009650268514253324
2006-07-12,-0.0029886436545047967
2006-07-13,-0.018850753888948524
2006-07-14,0.014605561320496285
2006-07-17,-0.012585435499346542
2006-07-18,0.01708044384296259
2006-07-19,0.009204057080099748
2006-07-20,0.038042734046102256
2006-07-21,-0.10445926638675762
2006-07-24,0.004692525436182704
2006-07-25,0.015811427681126533
2006-07-26,0.0012230523690686113
2006-07-27,0.021692138528507154
2006-07-28,0.01412819136318122
2006-07-31,-0.009624823475674171
2006-08-01,-0.002611532587213583
2006-08-02,0.02336314827499275
2006-08-03,-0.007092439231263792
2006-08-04,0.04000109018042708
2006-08-07,-0.02378899592144723
2006-08-08,0.006459889995156232
2006-08-09,0.042566507103955376
2006-08-10,-0.009228850449455872
2006-08-11,-0.05664773341262819
2006-08-14,0.01839919778213428
2006-08-15,0.04342008396660102
2006-08-16,0.017014687914683302
2006-08-17,-0.002835061031968844
2006-08-18,-0.020421835044607928
2006-08-21,-0.02126113265866314
2006-08-22,0.012220016143035917
2006-08-23,0.008841235793242586
2006-08-24,0.017306316713304515
2006-08-25,-0.006489734327906116
2006-08-28,0.013815560766497814
2006-08-29,0.0071641769192725135
2006-08-30,0.00754965847134903
2006-08-31,0.0012941417870433458
2006-09-01,0.0009460279607407251
2006-09-05,0.0028938244841167915
2006-09-06,-0.02287025144770627
2006-09-07,-0.013958070022344504
2006-09-08,0.012911210357682279
2006-09-11,-0.018226409055594583
2006-09-12,-0.0053585079297001625
2006-09-13,0.0053010232378485345
2006-09-14,-0.008845081823121603
2006-09-15,0.013176545122119965
2006-09-18,0.0032565168143434686
2006-09-19,-0.005975646337427087
2006-09-20,0.0221345097034773
2006-09-21,0.005419973928192379
2006-09-22,-0.008312654924948482
2006-09-25,0.013140690034511238
2006-09-26,0.0010676363948189938
2006-09-27,0.0007473995031879177
2006-09-28,-0.015327001873332136
2006-09-29,0.005005814211802795
2006-10-02,0.0016478131826724862
2006-10-03,-0.012213361109795873
2006-10-04,-0.0036716830098290076
2006-10-05,-0.008403768450743754
2006-10-06,-0.00957616897268787
2006-10-09,-0.010002490532352692
2006-10-10,0.007516301903706335
2006-10-11,0.002151459120356858
2006-10-12,0.010913895443913635
2006-10-13,0.0025305012618555
2006-10-16,0.011331505602683922
2006-10-17,-0.015103086108939623
2006-10-18,0.010845400508340264
2006-10-19,0.036304669305755155
2006-10-20,0.00046512454024161265
2006-10-23,-0.013280831298412954
2006-10-24,-0.019233033335372185
2006-10-25,0.0003786663622926678
2006-10-26,-0.03066531505772474
2006-10-27,-0.012213690845695901
2006-10-30,-0.008559002065027799
2006-10-31,0.008071510854789965
2006-11-01,0.034434239374704134
2006-11-02,-0.010087181248359167
2006-11-03,0.0009429028668255235
2006-11-06,0.011937728421108407
2006-11-07,0.0032607842486038763
2006-11-08,-0.018449946294066155
2006-11-09,0.013822514728569546
2006-11-10,-0.005705081520964828
2006-11-13,-0.0013904648562992339
2006-11-14,-0.01853752855335622
2006-11-15,0.007292463463917764
2006-11-16,0.012049171909490175
2006-11-17,-0.006877008092506243
2006-11-20,-0.00678839859532665
2006-11-21,0.0018280272485793336
2006-11-22,0.0009776856602703443
2006-11-24,-0.015446622826809975
2006-11-27,-0.0061768595989390995
2006-11-28,0.0033552589266552246
2006-11-29,0.01355323066350067
2006-11-30,0.0016630757163791365
2006-12-01,-0.0030256160217605466
2006-12-04,0.01047124521975018
2006-12-05,-0.0005856964028667644
2006-12-06,-0.007367101701088674
2006-12-07,0.0055456406802085745
2006-12-08,-7.709161216229443e-05
2006-12-11,0.003996333780541983
2006-12-12,-0.0055528885687767815
2006-12-13,0.023229622820214013
2006-12-14,0.003079523243683102
2006-12-15,0.009816197569499918
2006-12-18,-0.009227920252278365
2006-12-19,-0.012096574868396548
2006-12-20,0.0024988053772176944
2006-12-21,-0.001707508631743293
2006-12-22,0.0017023277982395335
2006-12-26,-0.0002301703749241213
2006-12-27,-0.01789215933554822
2006-12-28,-0.012880075431801696
2006-12-29,0.0247615565897652
2007-01-03,0.011495205325794622
2007-01-04,0.0009367107763840199
2007-01-05,-0.006553548742927573
2007-01-08,0.0022643444795169554
2007-01-09,0.0039579109452561045
2007-01-10,-0.011462935705344623
2007-01-11,0.005404262192007847
2007-01-12,0.0004740697972418495
2007-01-16,-0.008779816713595512
2007-01-17,-0.004786314516690426
2007-01-18,-0.00023530532618132316
2007-01-19,-0.0021631820530353396
2007-01-22,0.0003203383014311889
2007-01-23,-0.004604287055569256
2007-01-24,0.009144988301315271
2007-01-25,0.004928457354633764
2007-01-26,-0.004415139961100323
2007-01-29,-0.0009103926330782386
2007-01-30,0.10207569178925158
2007-01-31,0.0
2007-02-01,0.0
2007-02-02,0.0
2007-02-05,-0.007693913910065353
2007-02-06,-0.011062164635071925
2007-02-07,0.03519602477547945
2007-02-08,-0.00716236641190604
2007-02-09,0.0008883885031012451
2007-02-12,0.03251150002269476
2007-02-13,0.008695464839846068
2007-02-14,0.0034695509295528115
2007-02-15,0.0027124730119987284
2007-02-16,-0.0008111569578551636
2007-02-20,-0.005415816973664667
2007-02-21,-0.015949801342909686
2007-02-22,0.0059455738353138
2007-02-23,-0.0031112100713796
2007-02-26,0.0004463787079538317
2007-02-27,-0.028483593561134835
2007-02-28,-0.004548206957900369
2007-03-01,-0.038567153212205274
2007-03-02,-0.014320692929971734
2007-03-05,-0.04623963937329234
2007-03-06,0.03816314632280027
2007-03-07,-0.011718859739773047
2007-03-08,0.026268409609097043
2007-03-09,0.021415660032594763
2007-03-12,-0.01631443691765888
2007-03-13,-0.01819374532240603
2007-03-14,0.010306210271965321
2007-03-15,-0.004075689001947991
2007-03-16,0.003815441879110981
2007-03-19,0.004692846779410509
2007-03-20,-0.0036694526994329735
2007-03-21,0.0367219318832237
2007-03-22,0.005992147238279566
2007-03-23,-0.005005774151723208
2007-03-26,0.0034854979548535336
2007-03-27,-0.00161901319265767
2007-03-28,-0.014725987200943647
2007-03-29,0.018526851307086423
2007-03-30,0.012383982595491894
2007-04-02,0.002158600230052432
2007-04-03,0.0037572528574747466
2007-04-04,-0.005036355640953061
2007-04-05,0.005644540475090221
2007-04-09,0.02741448112574396
2007-04-10,0.0009243186363390166
2007-04-11,0.005582982955516735
2007-04-12,-0.003534860903434911
2007-04-13,0.004822168613572098
2007-04-16,0.006242150545584746
2007-04-17,0.014901986253851751
2007-04-18,-0.0035595485261138426
2007-04-19,-0.012568479015660161
2007-04-20,0.026861954167796354
2007-04-23,-0.007468655768823607
2007-04-24,0.00034766090898297186
2007-04-25,0.003917697655949404
2007-04-26,0.011337943987415722
2007-04-27,-0.013902876140913678
2007-04-30,0.010165165025775913
2007-05-01,0.010022885739436882
2007-05-02,0.004922779101084851
2007-05-03,7.147339440760625e-05
2007-05-04,0.045600845724435235
2007-05-07,2.6602416975940457e-05
2007-05-08,-0.023741931773484826
2007-05-09,-0.016095727228848555
2007-05-10,-0.008561464456886436
2007-05-11,-0.0057786991659014575
2007-05-14,-0.0031710357884164875
2007-05-15,-0.002432092419826226
2007-05-16,0.001509172493127986
2007-05-17,0.015183827641577441
2007-05-18,0.020216169478798784
2007-05-21,0.015185247393257884
2007-05-22,0.0048073479349117765
2007-05-23,0.01786705430817115
2007-05-24,-0.007190308599023476
2007-05-25,0.007850989314835743
2007-05-29,0.0003437190311312843
2007-05-30,-0.02030206126420342
2007-05-31,0.0028866704160619427
2007-06-01,0.014292133616345515
2007-06-04,-0.009499598939094356
2007-06-05,0.0014916274425482712
2007-06-06,-0.005511383006207238
2007-06-07,-0.003472880534497902
2007-06-08,0.005419626474598704
2007-06-11,0.010134453388333187
2007-06-12,-0.02035830676302386
2007-06-13,0.01148305512932457
2007-06-14,0.020099845405938233
2007-06-15,0.03483519578762584
2007-06-18,0.01577750586077542
2007-06-19,0.020214298983665113
2007-06-20,0.01055093469363455
2007-06-21,-0.005570623417078924
2007-06-22,0.038390614923019095
2007-06-25,0.01830144965460212
2007-06-26,0.010856384647036199
2007-06-27,-0.01706475986236433
2007-06-28,0.027898319179377573
2007-06-29,0.07371180423950907
2007-07-02,0.0
2007-07-03,0.0
2007-07-05,0.0
2007-07-06,-0.0035553846370020015
2007-07-09,-0.00018850250273039215
2007-07-10,0.004551772313455382
2007-07-11,0.0028447892288727683
2007-07-12,0.005118131105239732
2007-07-13,-0.006625643400441472
2007-07-16,-8.643573357358658e-05
2007-07-17,0.0058745211033319755
2007-07-18,-0.020600469154530954
2007-07-19,0.03143900947403577
2007-07-20,-0.008787216927408914
2007-07-23,0.08388312671097253
2007-07-24,0.0
2007-07-25,0.0
2007-07-26,0.0
2007-07-27,0.006783357237444498
2007-07-30,0.015440077935524155
2007-07-31,0.04705743801028861
2007-08-01,-0.01680457912866362
2007-08-02,0.009661885430143569
2007-08-03,-0.12647587041037978
2007-08-06,0.01731221335765687
2007-08-07,0.0007792099724863721
2007-08-08,-0.04510746296000967
2007-08-09,-0.04423858204329212
2007-08-10,-0.06302570318879785
2007-08-13,0.033709890599300074
2007-08-14,0.003884423556147709
2007-08-15,0.0002476134695108545
2007-08-16,-0.009863880793355317
2007-08-17,0.08511911117911586
2007-08-20,0.0
2007-08-21,0.0
2007-08-22,0.0
2007-08-23,0.012386197532571641
2007-08-24,-0.008345204593797284
2007-08-27,0.0027893411332671203
2007-08-28,-0.013663369227352895
2007-08-29,0.023325291328716746
2007-08-30,-0.021775526546344848
2007-08-31,0.037283663374002574
2007-09-04,0.03247245218817252
2007-09-05,-0.0028697406842864703
2007-09-06,0.00840001897050957
2007-09-07,-0.0450060085186933
2007-09-10,0.044121738174196734
2007-09-11,0.020515110035852047
2007-09-12,0.007970972577503455
2007-09-13,0.027252542148364256
2007-09-14,-0.016176113569823403
2007-09-17,-0.004102328437473823
2007-09-18,0.0137795617335994
2007-09-19,0.02181416132355629
2007-09-20,-0.003297210357122049
2007-09-21,0.015338664999218432
2007-09-24,0.01599117969521635
2007-09-25,-0.01475263292240081
2007-09-26,0.012958111269990802
2007-09-27,0.015294222718263306
2007-09-28,-0.004941649241060886
2007-10-01,0.012674419245060298
2007-10-02,0.0025184224785608222
2007-10-03,-0.015807649924178824
2007-10-04,0.00024200358400694455
2007-10-05,0.02897161285850114
2007-10-08,0.018754453435383178
2007-10-09,0.014238811027508458
2007-10-10,0.004548249836467511
2007-10-11,0.00936958938837118
2007-10-12,0.011173856576568664
2007-10-15,0.0010104659773355618
2007-10-16,-0.020031929854620767
2007-10-17,0.05583602989616132
2007-10-18,-0.015703179302338777
2007-10-19,0.001918443131723846
2007-10-22,-0.008340807197018796
2007-10-23,0.09211383445849619
2007-10-24,0.0
2007-10-25,0.0
2007-10-26,0.0
2007-10-29,-0.017124042440238463
2007-10-30,0.006103229808470001
2007-10-31,0.004831286022930925
2007-11-01,-0.02557143468270351
2007-11-02,0.022734417855112543
2007-11-05,-0.02329150117648615
2007-11-06,0.009813494823501578
2007-11-07,-0.028860055538283858
2007-11-08,-0.004926192088190229
2007-11-09,-0.009315176979833861
2007-11-12,-0.005660633191461151
2007-11-13,0.03625624758152535
2007-11-14,0.022450984566248167
2007-11-15,-0.007949456910930297
2007-11-16,0.018320862044086228
2007-11-19,-0.022010513588725522
2007-11-20,0.015064227804823194
2007-11-21,-0.027921427487894612
2007-11-23,0.020952184878758606
2007-11-26,0.004244080519678617
2007-11-27,0.017172243326353476
2007-11-28,0.03698949873703894
2007-11-29,-0.006387257927173429
2007-11-30,0.04208437706482937
2007-12-03,0.02103307248358255
2007-12-04,-0.0060431586174031215
2007-12-05,0.04548605911684889
2007-12-06,0.002897040484704405
2007-12-07,0.0020154397094014342
2007-12-10,-0.00596779462595487
2007-12-11,0.020019010831676676
2007-12-12,0.056189876662679605
2007-12-13,-0.01485313088802398
2007-12-14,-0.01099602129904187
2007-12-17,-0.010998808233661617
2007-12-18,0.027883659615066225
2007-12-19,0.00024663611653363837
2007-12-20,0.027471445586729315
2007-12-21,-0.007226964454570162
2007-12-24,-0.00035275008482060777
2007-12-26,0.0020871479093025336
2007-12-27,-0.00812175699284201
2007-12-28,0.004255588678092614
2007-12-31,-0.016331971770672915
2008-01-02,-0.008768206458244499
2008-01-03,0.0066648538575297955
2008-01-04,-0.036587402393987944
2008-01-07,0.03078579490660882
2008-01-08,0.020941741403110115
2008-01-09,0.012410228741652318
2008-01-10,-0.02588721053841314
2008-01-11,-0.00778568995774509
2008-01-14,0.05519099538127348
2008-01-15,-0.051739447853057396
2008-01-16,-0.09014356485394315
2008-01-17,0.06519108699817067
2008-01-18,0.0
2008-01-22,0.0
2008-01-23,0.0
2008-01-24,0.03798067132337346
2008-01-25,0.043039535724910705
2008-01-28,-0.006045713101451855
2008-01-29,0.020641194844977173
2008-01-30,-0.0009582578499387484
2008-01-31,-0.04239176289312263
2008-02-01,0.02773158068400683
2008-02-04,0.027911601449585044
2008-02-05,-0.03277821871015052
2008-02-06,0.018573982419254786
2008-02-07,-0.043393681653051575
2008-02-08,-0.0007034710322293414
2008-02-11,0.016674086403673627
2008-02-12,0.03553302751562604
2008-02-13,0.022945001157277156
2008-02-14,-0.028671934265687038
2008-02-15,0.0010659882365779971
2008-02-19,0.06463747233019657
2008-02-20,0.0
2008-02-21,0.0
2008-02-22,0.0
2008-02-25,-0.011088846457249502
2008-02-26,-0.013519285065986875
2008-02-27,-0.019375416597541495
2008-02-28,-0.019300902658923036
2008-02-29,-0.020877128672479484
2008-03-03,-0.00270863935811827
2008-03-04,-0.03101330750535325
2008-03-05,0.0247972979456339
2008-03-06,-0.010058014425362583
2008-03-07,-0.02514578564516612
2008-03-10,0.0021460569914226735
2008-03-11,0.04504621209608439
2008-03-12,0.007331234151965571
2008-03-13,-0.029012035056844132
2008-03-14,0.021507599863753724
2008-03-17,-0.06424851958734856
2008-03-18,0.03843033517410155
2008-03-19,-0.020193627182842566
2008-03-20,0.007039663696005505
2008-03-24,0.02903808259818086
2008-03-25,0.015008552007194309
2008-03-26,-0.018941421352527632
2008-03-27,0.016167698601678104
2008-03-28,0.029396936960240705
2008-03-31,0.0006243019594551757
2008-04-01,0.04003652118927703
2008-04-02,0.013003002595558533
2008-04-03,0.02354474087124947
2008-04-04,-0.015476731150658507
2008-04-07,0.030807525028178295
2008-04-08,-0.05308568235318567
2008-04-09,0.011246577435093164
2008-04-10,0.01907634260973201
2008-04-11,-0.03247525013438801
2008-04-14,0.003994357956364825
2008-04-15,0.01101888572190668
2008-04-16,0.04959104873522158
2008-04-17,-0.035592720531386624
2008-04-18,0.04738770813354676
2008-04-21,-0.004546993898318141
2008-04-22,-0.011177512505080367
2008-04-23,0.021546849361123943
2008-04-24,0.005287861865721499
2008-04-25,0.017306127904093138
2008-04-28,-0.009921899879700047
2008-04-29,-0.00539796963710748
2008-04-30,0.011831944477718848
2008-05-01,0.008619941963293298
2008-05-02,0.000501160624138075
2008-05-05,-0.006118563361289575
2008-05-06,-0.0008267460762799717
2008-05-07,0.009921283721047391
2008-05-08,0.0073465165419048795
2008-05-09,0.07660035938526222
2008-05-12,0.0
2008-05-13,0.0
2008-05-14,0.0
2008-05-15,-0.0024261053652877562
2008-05-16,0.005141575375746443
2008-05-19,-0.00713471038781488
2008-05-20,-0.017956792051170956
2008-05-21,0.0005411905697114694
2008-05-22,0.0028026609993134777
2008-05-23,-0.01509815096663969
2008-05-27,0.004736657762590912
2008-05-28,0.003033659458772542
2008-05-29,0.00019687782650201768
2008-05-30,0.006233910064719517
2008-06-02,0.0017455654147353616
2008-06-03,-0.008564257523266838
2008-06-04,-0.00591491823655077
2008-06-05,-0.01671170080290385
2008-06-06,-0.015192502675666297
2008-06-09,0.0026856408653204156
2008-06-10,-0.023330805686530454
2008-06-11,-0.03725087891002887
2008-06-12,0.02184292236762153
2008-06-13,0.021350785079879087
2008-06-16,-0.01568233471564695
2008-06-17,0.004049070276146649
2008-06-18,-0.006636598137074068
2008-06-19,-0.003429158251346043
2008-06-20,-0.01071377248188976
2008-06-23,0.018291705925065793
2008-06-24,-0.01507647566162762
2008-06-25,0.020451354907047525
2008-06-26,-0.03565633013853753
2008-06-27,-0.0059828019362774265
2008-06-30,0.0033784286482079207
2008-07-01,-0.025043722789236167
2008-07-02,0.0
2008-07-03,0.0
2008-07-07,0.0
2008-07-08,0.0
2008-07-09,0.0
2008-07-10,0.0
2008-07-11,0.0
2008-07-14,0.0
2008-07-15,0.0
2008-07-16,0.0
2008-07-17,0.0
2008-07-18,0.0
2008-07-21,0.0
2008-07-22,0.0
2008-07-23,0.0
2008-07-24,0.0
2008-07-25,0.0
2008-07-28,0.0
2008-07-29,0.0
2008-07-30,0.0
2008-07-31,0.0
2008-08-01,0.0
2008-08-04,0.004673232520943538
2008-08-05,0.055891526504026734
2008-08-06,0.007504656485666228
2008-08-07,-0.018301981187272
2008-08-08,0.02912534016178081
2008-08-11,-0.014230380626341743
2008-08-12,0.02203223223072026
2008-08-13,0.05298118622307735
2008-08-14,-0.004893914426162493
2008-08-15,0.02432439685330512
2008-08-18,0.012958814097097981
2008-08-19,-0.036358458419198825
2008-08-20,0.03243560461167627
2008-08-21,-0.025872068120510017
2008-08-22,0.024481519302670174
2008-08-25,0.004164973084186174
2008-08-26,0.009100854796697533
2008-08-27,-0.01123752831731284
2008-08-28,0.013393391693305556
2008-08-29,-0.027081808298288212
2008-09-02,0.030561262300920156
2008-09-03,-0.009198880200923298
2008-09-04,-0.015314194803893177
2008-09-05,-0.02657300167081833
2008-09-08,0.05789224586243491
2008-09-09,-0.005406475750213358
2008-09-10,0.012282499100842115
2008-09-11,-0.08767948500559486
2008-09-12,-0.012412766289088606
2008-09-15,-0.10315703402354048
2008-09-16,-0.10419751420860068
2008-09-17,-0.02843700403853211
2008-09-18,0.03768824252865399
2008-09-19,0.13124548182533458
2008-09-22,0.0
2008-09-23,0.0
2008-09-24,0.0
2008-09-25,0.0065039442793708435
2008-09-26,-0.08571632751221059
2008-09-29,-0.05412138527785548
2008-09-30,0.06810929342589356
2008-10-01,0.0
2008-10-02,0.0
2008-10-03,0.0
2008-10-06,-0.09250226200753531
2008-10-07,0.2073924523793964
2008-10-08,0.0
2008-10-09,0.0
2008-10-10,0.0
2008-10-13,0.2071370986748189
2008-10-14,0.0
2008-10-15,0.0
2008-10-16,0.0
2008-10-17,0.014737478033135298
2008-10-20,0.035464836348170214
2008-10-21,-0.04527270939379502
2008-10-22,-0.02524160547722243
2008-10-23,-0.01574918909883849
2008-10-24,-0.2135819584702856
2008-10-27,-0.043849233804642895
2008-10-28,0.11583862743100126
2008-10-29,0.0
2008-10-30,0.0
2008-10-31,0.0
2008-11-03,0.03160301311552627
2008-11-04,0.08020607262554758
2008-11-05,0.0
2008-11-06,0.0
2008-11-07,0.0
2008-11-10,0.05563173310401326
2008-11-11,-0.024737119659105855
2008-11-12,-0.05865642854916098
2008-11-13,0.003285154287487435
2008-11-14,-0.04781613292347653
2008-11-17,0.019968701822827617
2008-11-18,0.07167099624504458
2008-11-19,0.0
2008-11-20,0.0
2008-11-21,0.0
2008-11-24,0.08075111206579932
2008-11-25,0.0
2008-11-26,0.0
2008-11-28,0.0
2008-12-01,-0.050630157201987824
2008-12-02,0.06387936566289154
2008-12-03,0.0
2008-12-04,0.0
2008-12-05,0.0
2008-12-08,0.07965155142541769
2008-12-09,0.0
2008-12-10,0.0
2008-12-11,0.0
2008-12-12,-0.07563773256677353
2008-12-15,0.0012488836999331454
2008-12-16,0.034543971811421104
2008-12-17,-0.0468522474839278
2008-12-18,0.011551823586880783
2008-12-19,0.061552130950570216
2008-12-22,0.0
2008-12-23,0.0
2008-12-24,0.0
2008-12-26,0.07031274820322486
2008-12-29,0.0
2008-12-30,0.0
2008-12-31,0.0
2009-01-02,0.01178450833382505
2009-01-05,0.013019133797211868
2009-01-06,0.05558050594156594
2009-01-07,-0.02773431170413687
2009-01-08,-0.029779953449178498
2009-01-09,0.004345158049955833
2009-01-12,0.008105388805477176
2009-01-13,-0.06399986046324513
2009-01-14,-0.10799900689304986
2009-01-15,-0.0009026107625009772
2009-01-16,0.06517843733447237
2009-01-20,0.0
2009-01-21,0.0
2009-01-22,0.0
2009-01-23,-0.083980939619825
2009-01-26,0.004806705003885581
2009-01-27,0.037261836759636235
2009-01-28,0.07274638694624835
2009-01-29,0.0
2009-01-30,0.0
2009-02-02,0.0
2009-02-03,0.004691850913121964
2009-02-04,0.018773353522436365
2009-02-05,-0.034196400728337406
2009-02-06,0.02072410839981087
2009-02-09,-0.013265451495157454
2009-02-10,-0.00840008444799123
2009-02-11,-0.032159885518249776
2009-02-12,-0.012294595204587866
2009-02-13,-0.0076843282104811506
2009-02-17,-0.09009886905664322
2009-02-18,0.002454682200167646
2009-02-19,0.06440334666149283
2009-02-20,0.0
2009-02-23,0.0
2009-02-24,0.0
2009-02-25,-0.002681757735257362
2009-02-26,0.04776737635787742
2009-02-27,-0.03837576364383144
2009-03-02,-0.05002711541103866
2009-03-03,0.0
2009-03-04,0.0
2009-03-05,0.0
2009-03-06,0.0
2009-03-09,0.0
2009-03-10,0.0
2009-03-11,0.0
2009-03-12,0.0
2009-03-13,0.0
2009-03-16,0.0
2009-03-17,0.0
2009-03-18,0.0
2009-03-19,0.0
2009-03-20,0.0
2009-03-23,0.0
2009-03-24,0.0
2009-03-25,0.0
2009-03-26,0.0
2009-03-27,0.0
2009-03-30,0.0
2009-03-31,0.0
2009-04-01,0.0
2009-04-02,0.0
2009-04-03,0.0
2009-04-06,0.0
2009-04-07,0.0
2009-04-08,0.0
2009-04-09,0.0
2009-04-13,0.0
2009-04-14,0.0
2009-04-15,0.0
2009-04-16,0.0
2009-04-17,0.0
2009-04-20,0.0
2009-04-21,0.0
2009-04-22,0.0
2009-04-23,0.0
2009-04-24,0.0
2009-04-27,0.0
2009-04-28,0.0
2009-04-29,0.0
2009-04-30,0.0
2009-05-01,0.0
2009-05-04,0.043788264621145156
2009-05-05,-0.016735231642431403
2009-05-06,0.012574819697649398
2009-05-07,-0.056519050859180964
2009-05-08,0.03192601143881513
2009-05-11,-0.06142041429728218
2009-05-12,0.0384798812888385
2009-05-13,-0.03306071711542602
2009-05-14,-0.0006460025207112308
2009-05-15,-0.0008244059658876202
2009-05-18,0.05165598250223424
2009-05-19,-0.025130855741391067
2009-05-20,0.0065144896714059985
2009-05-21,-0.021645356396333804
2009-05-22,0.01432483841428378
2009-05-26,-0.023406889455511615
2009-05-27,-0.0016766169686002197
2009-05-28,0.040180916709881664
2009-05-29,0.0034488291070573496
2009-06-01,0.04262331632714811
2009-06-02,-0.04695818863811363
2009-06-03,-0.051822884135362846
2009-06-04,0.019576982095085516
2009-06-05,0.03683728122152741
2009-06-08,-0.03100536924398456
2009-06-09,0.07182462627664865
2009-06-10,0.0
2009-06-11,0.0
2009-06-12,0.0
2009-06-15,-0.02856885809428955
2009-06-16,0.010367706059791315
2009-06-17,-0.005035312917608725
2009-06-18,0.0020038456986508635
2009-06-19,0.029683097032783268
2009-06-22,-4.064273457460299e-05
2009-06-23,0.003981777870700753
2009-06-24,0.04039746533559874
2009-06-25,-0.009202837615894799
2009-06-26,0.010445018464429134
2009-06-29,0.01675458356741477
2009-06-30,0.011922901551375098
2009-07-01,0.023091219248080108
2009-07-02,-0.03207454839106383
2009-07-06,-0.02646759082754624
2009-07-07,0.041339206520230265
2009-07-08,0.0018204358700506518
2009-07-09,0.033844093724925806
2009-07-10,-0.022051288051347595
2009-07-13,0.007238427002100645
2009-07-14,-0.00023153977940570947
2009-07-15,0.09007660996296885
2009-07-16,0.0
2009-07-17,0.0
2009-07-20,0.0
2009-07-21,0.010168587415427588
2009-07-22,-0.09271912322152331
2009-07-23,-0.0030279475495803565
2009-07-24,-0.030831453461644398
2009-07-27,0.00037884700466617183
2009-07-28,-0.017804369981184065
2009-07-29,-0.01120735013429619
2009-07-30,0.03615253458554557
2009-07-31,-0.003065577534013375
2009-08-03,0.032022534692929705
2009-08-04,0.001599051571417931
2009-08-05,0.000401034345000717
2009-08-06,-0.0071224107422593885
2009-08-07,0.04094675714713536
2009-08-10,0.0038341894810953736
2009-08-11,0.007796961078492037
2009-08-12,-0.00016832202841221555
2009-08-13,0.0011276041763461642
2009-08-14,-0.011718301172128132
2009-08-17,-0.05527101011036906
2009-08-18,0.010592714901134004
2009-08-19,-0.03462606597421092
2009-08-20,0.030617225093472866
2009-08-21,0.021046843939964033
2009-08-24,0.04982078625762831
2009-08-25,0.02322192201049922
2009-08-26,0.0018891638241587128
2009-08-27,-0.010135669613688614
2009-08-28,0.09024480626888787
2009-08-31,0.0
2009-09-01,0.0
2009-09-02,0.0
2009-09-03,0.023060387917890113
2009-09-04,0.0075835212348687175
2009-09-08,0.023081467326345972
2009-09-09,-0.006466420292202235
2009-09-10,0.022526540985918997
2009-09-11,0.024754530431599697
2009-09-14,-0.019838057348847693
2009-09-15,0.008204404422757605
2009-09-16,0.01679033949826514
2009-09-17,-0.004057585972249367
2009-09-18,0.019313001650076655
2009-09-21,-0.022945351708830164
2009-09-22,0.021661287123283746
2009-09-23,0.02268969910121177
2009-09-24,0.014097281752032398
2009-09-25,-0.03596513223250597
2009-09-28,0.008338672351726029
2009-09-29,-0.009293040003075737
2009-09-30,0.01390652710641671
2009-10-01,0.008994858510617654
2009-10-02,-0.05387736684964617
2009-10-05,0.000848332625099868
2009-10-06,0.03263675998759319
2009-10-07,0.012700306982146081
2009-10-08,0.017470005371332142
2009-10-09,0.0011818607176758977
2009-10-12,0.035629984434908835
2009-10-13,0.014116647917212788
2009-10-14,0.062077819076369334
2009-10-15,0.0
2009-10-16,0.0
2009-10-19,0.0
2009-10-20,0.024550857819810368
2009-10-21,-0.01838265315315879
2009-10-22,0.003541153871118752
2009-10-23,0.020232523419007498
2009-10-26,-0.0038496255057957063
2009-10-27,-0.006528324676369435
2009-10-28,-0.029859030206238035
2009-10-29,0.021778306206732267
2009-10-30,0.008161168032983612
2009-11-02,0.018940734357284494
2009-11-03,-0.057414934641384696
2009-11-04,0.030106605735020553
2009-11-05,0.033475343154211856
2009-11-06,0.039074506989607904
2009-11-09,0.025700814475039246
2009-11-10,0.009967843949537425
2009-11-11,0.02543307514653592
2009-11-12,0.006775198907479352
2009-11-13,-0.008828105921364293
2009-11-16,0.010701925936666523
2009-11-17,-0.00875511168246268
2009-11-18,-0.011628945212319941
2009-11-19,-0.040918678099258976
2009-11-20,-0.02239086068535645
2009-11-23,0.02240168843682744
2009-11-24,-0.006140231936000995
2009-11-25,0.01209649798325918
2009-11-27,-0.06937759813844702
2009-11-30,0.011245641885821112
2009-12-01,0.01500654537979762
2009-12-02,0.00660144438039767
2009-12-03,-0.0018792675678753756
2009-12-04,0.03245454493695843
2009-12-07,0.02523595681059998
2009-12-08,-0.004073992820716077
2009-12-09,0.01005102112409717
2009-12-10,0.012390903185788948
2009-12-11,0.004298640442817803
2009-12-14,0.018502934888709133
2009-12-15,-0.005118320299635881
2009-12-16,0.031941768910339174
2009-12-17,-0.018140942010347216
2009-12-18,-0.0006775319696408211
2009-12-21,0.025538025170952272
2009-12-22,0.008348379780790394
2009-12-23,0.02885117130023529
2009-12-24,0.015341462029772934
2009-12-28,0.013994296311830023
2009-12-29,0.001299649514947987
2009-12-30,-0.011238360557184968
2009-12-31,0.011001991828087476
2010-01-04,0.02854927005895669
2010-01-05,3.334913762276237e-05
2010-01-06,-0.0043201371473289285
2010-01-07,-0.004202343763070715
2010-01-08,-0.011943532184379935
2010-01-11,0.009219281235996357
2010-01-12,-0.031009648775770837
2010-01-13,0.013439598677539522
2010-01-14,-0.0026258976459825334
2010-01-15,0.013974701235419884
2010-01-19,0.0064464063601497035
2010-01-20,-0.026930150388679297
2010-01-21,0.030889456475067245
2010-01-22,-0.04142663785301415
2010-01-25,0.03081150451871406
2010-01-26,-0.0036243034693163034
2010-01-27,-0.002473816064730072
2010-01-28,0.0040558774038073064
2010-01-29,0.02355346177981832
2010-02-01,0.02602187764336894
2010-02-02,-0.017093057617268204
2010-02-03,-0.025296554185346043
2010-02-04,-0.011727655956442096
2010-02-05,0.0015472683157842226
2010-02-08,0.01322173990143094
2010-02-09,0.046164826241905654
2010-02-10,-0.039235203404174746
2010-02-11,0.008245349664554702
2010-02-12,-0.021026323068315977
2010-02-16,0.028812924489171055
2010-02-17,0.02114863983109938
2010-02-18,-0.014929356401148008
2010-02-19,-0.012810925962998043
2010-02-22,0.02523608779115505
2010-02-23,-0.013371046245082896
2010-02-24,0.014695202147352093
2010-02-25,-0.04058724826780735
2010-02-26,-0.007113632356514632
2010-03-01,0.021984654692090988
2010-03-02,0.01098201648880437
2010-03-03,0.011031081812643784
2010-03-04,0.0031165536746442513
2010-03-05,-0.001347871195071182
2010-03-08,0.007568609082207356
2010-03-09,-0.022799972825890635
2010-03-10,0.011954429392858401
2010-03-11,-0.005328051949473167
2010-03-12,0.025751604514250737
2010-03-15,-0.009377083691831434
2010-03-16,0.012812721007741112
2010-03-17,0.012799725531620565
2010-03-18,-0.005945353805695941
2010-03-19,-0.013646242689322019
2010-03-22,-0.025002209208071724
2010-03-23,0.010232442065104319
2010-03-24,-0.006500705868206613
2010-03-25,0.03460030357335264
2010-03-26,0.016834570733056164
2010-03-29,0.01956511333271327
2010-03-30,0.01589490045591746
2010-03-31,-0.023231130056623917
2010-04-01,0.050729195722698295
2010-04-05,0.025822235242693115
2010-04-06,-0.0029997056461547045
2010-04-07,0.0024484873701331455
2010-04-08,-0.005216967344984447
2010-04-09,0.01641213361935301
2010-04-12,0.007634706803375968
2010-04-13,-0.001998772801303228
2010-04-14,0.04616491505375153
2010-04-15,-0.006764942261584417
2010-04-16,-0.03222409618566435
2010-04-19,-0.01454285870257399
2010-04-20,0.02048711075656673
2010-04-21,0.01796471089235019
2010-04-22,-0.03204385262945231
2010-04-23,0.001405580142827878
2010-04-26,0.007024690668946398
2010-04-27,-0.020002406740450063
2010-04-28,0.01912293279435273
2010-04-29,0.025234273745867286
2010-04-30,0.0004494298849277989
2010-05-03,0.022114094458193012
2010-05-04,-0.040226619825124876
2010-05-05,-0.044049030419531676
2010-05-06,0.0014735187153447349
2010-05-07,0.0005721398327855898
2010-05-10,0.129436750907286
2010-05-11,0.0
2010-05-12,0.0
2010-05-13,0.0
2010-05-14,-0.04350319266412506
2010-05-17,-0.0034271076341827467
2010-05-18,0.025650097628627133
2010-05-19,-0.02128741757870445
2010-05-20,-0.0523750741077007
2010-05-21,-0.035453451749100195
2010-05-24,-0.001236633223209882
2010-05-25,-0.08268007259923593
2010-05-26,0.040698519148981926
2010-05-27,0.06130764444202108
2010-05-28,0.0
2010-06-01,0.0
2010-06-02,0.0
2010-06-03,-0.007943865026094232
2010-06-04,-0.04690534013980652
2010-06-07,0.014779290258578603
2010-06-08,0.008126556829323839
2010-06-09,0.01722216680681088
2010-06-10,0.04189889948650949
2010-06-11,-0.025345146846328936
2010-06-14,0.028394903398774707
2010-06-15,0.025542319930325297
2010-06-16,-0.016392411551790276
2010-06-17,0.041223786331336276
2010-06-18,0.000761477822311063
2010-06-21,0.04088614972759452
2010-06-22,0.006770231260712523
2010-06-23,0.014914959006457673
2010-06-24,-0.0007381843352303186
2010-06-25,0.017314797149585504
2010-06-28,0.0260144464491594
2010-06-29,-0.08071673422191306
2010-06-30,0.0025737875066804694
2010-07-01,0.01175962501765504
2010-07-02,0.00713556415423211
2010-07-06,0.029957849657324287
2010-07-07,0.015563065305846946
2010-07-08,0.002302833167256324
2010-07-09,0.0020553664536915317
2010-07-12,-0.005958898370571397
2010-07-13,0.020709604059680142
2010-07-14,0.029717750478570393
2010-07-15,0.0011237748097905342
2010-07-16,-0.008096139416706283
2010-07-19,0.012343057922308498
2010-07-20,-0.01444928815219948
2010-07-21,0.007538041343183144
2010-07-22,0.01407693270544641
2010-07-23,-0.0010410803887191955
2010-07-26,-0.003000022134233893
2010-07-27,0.002193982864543642
2010-07-28,-0.013203781154991545
2010-07-29,-0.038981148975888225
2010-07-30,-0.01871564728197128
2010-08-02,0.013640655374928867
2010-08-03,-0.014542984037584139
2010-08-04,0.01588347440132032
2010-08-05,-0.0082083507244326
2010-08-06,-0.017625493509681123
2010-08-09,0.016672589864420884
2010-08-10,-0.03718024358914984
2010-08-11,-0.0883323893102742
2010-08-12,-0.021545452804113685
2010-08-13,0.014265685536781092
2010-08-16,-0.011977127040015412
2010-08-17,0.02257472764405155
2010-08-18,-0.003793466353258834
2010-08-19,-0.0034712251497421853
2010-08-20,-0.014660013969412855
2010-08-23,0.007950485315249445
2010-08-24,-0.0510563386451488
2010-08-25,-0.0029930332636026735
2010-08-26,0.01565169043325465
2010-08-27,0.008904109013405659
2010-08-30,0.0007581566438690235
2010-08-31,-0.015816460140372968
2010-09-01,0.017525926352031096
2010-09-02,0.005936332038356085
2010-09-03,0.017134123692040593
2010-09-07,-0.007819848235139704
2010-09-08,0.0006659043521457519
2010-09-09,0.012141155346678811
2010-09-10,-0.002456583004576407
2010-09-13,0.019435928908440925
2010-09-14,-0.006898339708773182
2010-09-15,-0.03260051300155242
2010-09-16,-0.008484254596533236
2010-09-17,0.009623966296318454
2010-09-20,0.007271511625305704
2010-09-21,0.00014299558501318366
2010-09-22,-0.0033367848466706596
2010-09-23,-0.006835838042912545
2010-09-24,0.036469159686878916
2010-09-27,0.014473288534002648
2010-09-28,0.010801205113370349
2010-09-29,-0.0061264197397369324
2010-09-30,0.01996980287494976
2010-10-01,0.01943361892464157
2010-10-04,-0.005217559306736286
2010-10-05,0.020299127057341604
2010-10-06,0.009233568641058065
2010-10-07,0.004572651155598351
2010-10-08,-0.005921551937237757
2010-10-11,0.0008470768564452502
2010-10-12,-0.029147274419828784
2010-10-13,0.00986993092918742
2010-10-14,-0.004552937725143424
2010-10-15,0.024499921222636667
2010-10-18,0.00851126799765467
2010-10-19,-0.051521818887727555
2010-10-20,0.003736960010188417
2010-10-21,-0.0006815979227877689
2010-10-22,-0.0031315166430422314
2010-10-25,0.005657540030813202
2010-10-26,-0.007615672586473554
2010-10-27,-0.007357436435362019
2010-10-28,-0.009455069856168952
2010-10-29,-0.002351670414416973
2010-11-01,0.00498988879997464
2010-11-02,0.010080670601072983
2010-11-03,-0.005364245271438417
2010-11-04,0.011968999668734881
2010-11-05,0.010681949519267375
2010-11-08,0.0060724843722164135
2010-11-09,0.06183205398415215
2010-11-10,0.0
2010-11-11,0.0
2010-11-12,0.0
2010-11-15,-0.007263516412257642
2010-11-16,-0.00039800921938171197
2010-11-17,0.002269306825248396
2010-11-18,0.03319450719514183
2010-11-19,-0.000979274492574067
2010-11-22,-0.004854849896082092
2010-11-23,-0.018414422072765557
2010-11-24,0.017661991020517576
2010-11-26,-0.01602570287973526
2010-11-29,-0.007460347705574799
2010-11-30,-0.025087837598090523
2010-12-01,0.038509215742044356
2010-12-02,-0.002801342783312899
2010-12-03,-0.016980159161503416
2010-12-06,0.007059626298231203
2010-12-07,0.025620273045051878
2010-12-08,0.027117713005631483
2010-12-09,0.08278964022644697
2010-12-10,0.0
2010-12-13,0.0
2010-12-14,0.0
2010-12-15,0.009935067010418797
2010-12-16,0.01591221867165782
2010-12-17,0.01491304823431916
2010-12-20,0.0208135518446384
2010-12-21,0.006496678727604399
2010-12-22,0.0124097650684174
2010-12-23,-0.026371773035028134
2010-12-27,-0.054329007412062036
2010-12-28,0.01427050603743063
2010-12-29,0.023725898791145283
2010-12-30,-0.00481420534689303
2010-12-31,-0.0005057653902373893
2011-01-03,0.01921393033906793
2011-01-04,0.005238575523926814
2011-01-05,0.0021279715602666727
2011-01-06,-0.004581417849045866
2011-01-07,0.004986036901878377
2011-01-10,0.005270329882927527
2011-01-11,0.016876499281266444
2011-01-12,0.06207170483020796
2011-01-13,0.0
2011-01-14,0.0
2011-01-18,0.0
2011-01-19,-0.02417758522131752
2011-01-20,-0.03150225791467587
2011-01-21,0.017350279075302844
2011-01-24,0.00039233835396457195
2011-01-25,-0.01847090655636452
2011-01-26,0.031617497884498524
2011-01-27,0.005329086082886736
2011-01-28,0.002390869804788087
2011-01-31,-0.006783875559056574
2011-02-01,0.015363771496872847
2011-02-02,-0.010304191578471844
2011-02-03,0.00638583149069305
2011-02-04,0.013091464582680068
2011-02-07,0.00776570640302543
2011-02-08,0.014230992049949265
2011-02-09,0.0011297377794519115
2011-02-10,-0.03267771870363556
2011-02-11,-0.00831225225344856
2011-02-14,0.02024175013977625
2011-02-15,-0.00023551550521005993
2011-02-16,0.024227156132331285
2011-02-17,-0.02055554181188124
2011-02-18,0.00735450793352177
2011-02-22,-0.05046374637976103
2011-02-23,-0.013562872742974852
2011-02-24,-0.014978909541696117
2011-02-25,0.038923092316408114
2011-02-28,0.034028972201383345
2011-03-01,0.005025955584330832
2011-03-02,-0.006819901645522042
2011-03-03,0.040955036654714894
2011-03-04,0.009416502454106856
2011-03-07,0.01226112448267802
2011-03-08,-0.001354605552271515
2011-03-09,-0.0004930828808358267
2011-03-10,-0.0429037928613214
2011-03-11,-0.004417055714171725
2011-03-14,0.043320884633963
2011-03-15,-0.077788714972862
2011-03-16,-0.00013127838248039314
2011-03-17,0.013325793862180024
2011-03-18,0.03184926335552629
2011-03-21,0.03533880467975914
2011-03-22,-0.008622410941090508
2011-03-23,-0.00036913360967694153
2011-03-24,0.06551914840903783
2011-03-25,0.0
2011-03-28,0.0
2011-03-29,0.0
2011-03-30,0.019345972810223655
2011-03-31,4.5075545125117245e-05
2011-04-01,0.016946310968039446
2011-04-04,0.007030754276054152
2011-04-05,0.01598092228392045
2011-04-06,0.012874958014398086
2011-04-07,-0.005799048549371966
2011-04-08,0.011645402199569332
2011-04-11,0.006448190456488367
2011-04-12,-0.029610351617986308
2011-04-13,0.020929393287250075
2011-04-14,-0.020731022874389327
2011-04-15,-0.011866356490996544
2011-04-18,-0.03765806930627036
2011-04-19,0.005089439041758181
2011-04-20,0.059802397433093235
2011-04-21,0.009990657620075893
2011-04-25,0.0014953858215518423
2011-04-26,0.00013682127863900995
2011-04-27,-0.00171676408555832
2011-04-28,-0.007640114879602589
2011-04-29,0.0006192510830167475
2011-05-02,0.018410907924438336
2011-05-03,-0.009135386991047434
2011-05-04,0.008679662703604096
2011-05-05,-0.018090179506273896
2011-05-06,0.03135045988873619
2011-05-09,0.0011612476345390643
2011-05-10,0.007735169024101873
2011-05-11,0.004477285222342031
2011-05-12,-0.009836288266125148
2011-05-13,-0.04071289514155818
2011-05-16,0.0030235236234834595
2011-05-17,-0.018910236977948247
2011-05-18,0.009643548820072567
2011-05-19,0.0021861824826667764
2011-05-20,-0.003734505936653143
2011-05-23,-0.024558370956145326
2011-05-24,0.011559500410113888
2011-05-25,-0.007997804328125802
2011-05-26,0.0035114674102718624
2011-05-27,0.013730058520032618
2011-05-31,0.0355397690663779
2011-06-01,-0.020414175374336208
2011-06-02,0.008110447207353877
2011-06-03,-0.015056940978472322
2011-06-06,0.00200541727621939
2011-06-07,0.02120294757949126
2011-06-08,-0.015665702949253513
2011-06-09,0.019732212616828892
2011-06-10,0.011548752117912509
2011-06-13,0.0007898343448788925
2011-06-14,0.020504398374515898
2011-06-15,-0.014306346003992054
2011-06-16,0.0015488934994032366
2011-06-17,0.02418190604290782
2011-06-20,-0.006723478130593152
2011-06-21,0.014420395114393525
2011-06-22,-0.005536908807964092
2011-06-23,-0.027892385046224488
2011-06-24,-0.06018342587614034
2011-06-27,0.0042618153861775365
2011-06-28,0.0067699465374670975
2011-06-29,0.011708106296770993
2011-06-30,0.008640592235479305
2011-07-01,0.002076881465712388
2011-07-05,0.004983603535174019
2011-07-06,-0.009666502141646993
2011-07-07,0.010428912519296007
2011-07-08,-0.0281667092598048
2011-07-11,-0.033473218938626315
2011-07-12,-0.015601320667733787
2011-07-13,0.02368618958186497
2011-07-14,0.006717325839738608
2011-07-15,0.014704518698389624
2011-07-18,-0.014017064068290175
2011-07-19,0.01225673296627372
2011-07-20,0.004520045448880072
2011-07-21,0.005702229491727273
2011-07-22,0.010399152705463877
2011-07-25,-0.03361278071651608
2011-07-26,-0.01865539868826449
2011-07-27,-0.018167324600705248
2011-07-28,0.007235578440789592
2011-07-29,-0.037160648429852894
2011-08-01,0.040851417335786566
2011-08-02,-0.019701137685652403
2011-08-03,0.004852433060316352
2011-08-04,-0.04091385355422861
2011-08-05,0.03590612876181276
2011-08-08,-0.08177217154941574
2011-08-09,0.05503623957947501
2011-08-10,-0.05053469697161972
2011-08-11,0.01496975946561907
2011-08-12,0.09221064784204014
2011-08-15,0.0
2011-08-16,0.0
2011-08-17,-0.001323586401312471
2011-08-18,-0.039874089053858364
2011-08-19,-0.013514747687341733
2011-08-22,0.02227668299732999
2011-08-23,0.016799450986035414
2011-08-24,0.050943662064372175
2011-08-25,-0.010902902538782677
2011-08-26,0.0006138198243867965
2011-08-29,0.04542134747426818
2011-08-30,0.003695738777871771
2011-08-31,-0.005920586140548911
2011-09-01,-0.00297789479974353
2011-09-02,-0.024210446005436093
2011-09-06,-0.031424548636693084
2011-09-07,0.061717039011142116
2011-09-08,0.004747274544834923
2011-09-09,0.006421022076188887
2011-09-12,0.010220670110228536
2011-09-13,0.017722274988305253
2011-09-14,0.02073057544306023
2011-09-15,0.019413101174641012
2011-09-16,0.0004930726333913782
2011-09-19,-0.011372681854078803
2011-09-20,0.008560819981219492
2011-09-21,0.005193640407680444
2011-09-22,-0.044903980009048494
2011-09-23,-0.000432353473045044
2011-09-26,0.004867281312274763
2011-09-27,0.017631455891063297
2011-09-28,-0.02396916738675292
2011-09-29,0.0022908246231296836
2011-09-30,-0.039244593006668604
2011-10-03,-0.007589740274690837
2011-10-04,-0.021214199661534816
2011-10-05,-0.002866229487602401
2011-10-06,0.006116537233172403
2011-10-07,0.0034768218689027464
2011-10-10,0.026596774642208443
2011-10-11,-0.003205293962310507
2011-10-12,0.01385739277527298
2011-10-13,-0.014465213165651747
2011-10-14,0.021311614146246383
2011-10-17,-0.01448145789872124
2011-10-18,-0.001412775404067479
2011-10-19,-0.003615924709678753
2011-10-20,-0.01754083456125788
2011-10-21,0.01198735104498927
2011-10-24,0.0022136025676200433
2011-10-25,-0.0248280593172725
2011-10-26,0.024550694035174514
2011-10-27,0.058577448683836186
2011-10-28,-0.009009176682993059
2011-10-31,-0.045151990465587044
2011-11-01,-0.06949731750866661
2011-11-02,0.025972832360567466
2011-11-03,0.012023881550144555
2011-11-04,-0.01399597900584093
2011-11-07,-0.0017816638533646456
2011-11-08,0.00922252698554793
2011-11-09,-0.04383393359657983
2011-11-10,0.019817801129731638
2011-11-11,0.015214655690229062
2011-11-14,-0.007287233759866396
2011-11-15,-0.010300439313952636
2011-11-16,-0.013926764468438324
2011-11-17,0.015704518108727195
2011-11-18,0.011402842610881425
2011-11-21,-0.030415255671840113
2011-11-22,0.0019121532060244473
2011-11-23,-0.014941613910272156
2011-11-25,-0.00022255610445365281
2011-11-28,0.06749158115921405
2011-11-29,0.0
2011-11-30,0.0
2011-12-01,0.0
2011-12-02,0.03020742152483158
2011-12-05,0.02936846997989573
2011-12-06,-0.0005278616140174108
2011-12-07,-0.010561128747154425
2011-12-08,-0.00958409877816535
2011-12-09,0.012472929962139556
2011-12-12,-0.022340516876343086
2011-12-13,0.00960728913194031
2011-12-14,-0.01077047292778166
2011-12-15,0.01981357338843348
2011-12-16,0.0162970139209635
2011-12-19,0.015351436245911732
2011-12-20,0.02686179538598421
2011-12-21,0.0014959338802897904
2011-12-22,0.001097818641480952
2011-12-23,0.002499758797373852
2011-12-27,-0.002386214205889692
2011-12-28,-0.0005378322441251804
2011-12-29,0.005664541529593947
2011-12-30,-0.00614161703695848
2012-01-03,0.035777869639324944
2012-01-04,-0.00275581729465757
2012-01-05,-0.0098352319423618
2012-01-06,0.003058255212637917
2012-01-09,-0.0023279647812715076
2012-01-10,0.02222336005614345
2012-01-11,-0.00011195438032907123
2012-01-12,0.010778289421266685
2012-01-13,-0.009831418838835981
2012-01-17,0.021883833355017535
2012-01-18,-0.0005888183870208508
2012-01-19,0.01863757118253795
2012-01-20,-0.10264042109543725
2012-01-23,0.0037817824519623677
2012-01-24,-0.0017812656342559574
2012-01-25,0.046113993635040984
2012-01-26,0.008366822609144675
2012-01-27,0.005855123385207994
2012-01-30,-0.006776821321519577
2012-01-31,0.016052529950878025
2012-02-01,0.013919933161118836
2012-02-02,0.010849417351358026
2012-02-03,0.03303609586057643
2012-02-06,-0.011507284413578955
2012-02-07,-0.008319006661530404
2012-02-08,0.004376117722130202
2012-02-09,0.0023802685333398355
2012-02-10,0.023359285325795343
2012-02-13,0.028047024173782464
2012-02-14,-0.008434581771448513
2012-02-15,0.01373436758173252
2012-02-16,-0.001830333011707319
2012-02-17,0.0040781182568214724
2012-02-21,-0.012136996035826408
2012-02-22,-0.006374813933718193
2012-02-23,-0.002076570216344109
2012-02-24,0.013871607121264118
2012-02-27,-0.013105899554019307
2012-02-28,0.0001775576592739636
2012-02-29,0.0031589022281068857
2012-03-01,0.007527991453085248
2012-03-02,0.003988046748633511
2012-03-05,-0.003721224567890702
2012-03-06,-0.038107986734363775
2012-03-07,0.018936033370768213
2012-03-08,0.023623938768168262
2012-03-09,0.0019227841188844685
2012-03-12,-0.01224423622443127
2012-03-13,0.02845199912729912
2012-03-14,0.04078257233774196
2012-03-15,0.009035277133859765
2012-03-16,0.004125498434549124
2012-03-19,-0.005004279627678909
2012-03-20,-0.02157209418825845
2012-03-21,0.014317240697719447
2012-03-22,-0.009807857232184247
2012-03-23,-0.01839050111800533
2012-03-26,0.014144192210246764
2012-03-27,0.01084954918058556
2012-03-28,-0.0032012628320807757
2012-03-29,-0.011802400661524381
2012-03-30,0.015469289632446426
2012-04-02,-0.004732164142629891
2012-04-03,-0.020574802116071766
2012-04-04,-0.030168317994980876
2012-04-05,-0.014282495107253768
2012-04-09,-0.03345758247668751
2012-04-10,-0.00868095302152927
2012-04-11,0.02535198375657033
2012-04-12,0.029915182751431235
2012-04-13,-0.02141600254258591
2012-04-16,0.023215440027107404
2012-04-17,0.021070696223400187
2012-04-18,-0.026027442508491205
2012-04-19,0.0022799488557587733
2012-04-20,0.005884156878062985
2012-04-23,-0.02881560249157933
2012-04-24,0.012364293594381293
2012-04-25,0.03980250776258609
2012-04-26,-0.001222049312093687
2012-04-27,0.024939253522436866
2012-04-30,-0.0027286508437636137
2012-05-01,-0.01286134979485487
2012-05-02,-0.014542828007631403
2012-05-03,0.0022671323930987253
2012-05-04,-0.006917640721482821
2012-05-07,-0.04009535858495883
2012-05-08,-0.009795663754028627
2012-05-09,-0.09082535688229787
2012-05-10,-0.00011867160534506649
2012-05-11,-0.029250281904828812
2012-05-14,-0.023507432637032033
2012-05-15,-0.0011922422162223834
2012-05-16,0.010433390457154301
2012-05-17,-0.0017936227438644092
2012-05-18,0.006733669298536027
2012-05-21,0.012927979727371142
2012-05-22,-0.0029658247883884714
2012-05-23,-0.016890308429683754
2012-05-24,0.009204502093830502
2012-05-25,-0.0003227168116617385
2012-05-29,0.03457567503829795
2012-05-30,-0.027336309203582765
2012-05-31,-0.0038537991599778554
2012-06-01,-0.058659763748645566
2012-06-04,0.010950013874066356
2012-06-05,0.00015567277720762718
2012-06-06,0.02158220048099957
2012-06-07,0.03289919265327046
2012-06-08,-0.002536425926180086
2012-06-11,0.036580976369916085
2012-06-12,0.010184503062510952
2012-06-13,-0.0018555203254855268
2012-06-14,-0.0041993836806734075
2012-06-15,0.0071455184653397286
2012-06-18,-0.01628500712474301
2012-06-19,0.03946687166797869
2012-06-20,0.01065263768067326
2012-06-21,-0.02266006057866199
2012-06-22,0.01146032729769031
2012-06-25,-0.016824711398327308
2012-06-26,0.007845617519042669
2012-06-27,0.0011055029530451232
2012-06-28,-0.02402778004269024
2012-06-29,0.04392244798067391
2012-07-02,0.04533652171515956
2012-07-03,0.004368444337300215
2012-07-05,-0.009185439940705198
2012-07-06,-0.017148557318738877
2012-07-09,-0.004585184031636214
2012-07-10,-0.007015415830957772
2012-07-11,0.006010037663748857
2012-07-12,-0.01854138622850776
2012-07-13,-7.637217299860666e-05
2012-07-16,-0.01221626784592822
2012-07-17,0.011669321962436863
2012-07-18,-0.010713948625252323
2012-07-19,0.02604366612986264
2012-07-20,0.017359876776451788
2012-07-23,-0.04351037955992232
2012-07-24,0.011817458114162127
2012-07-25,-0.005379313326801527
2012-07-26,0.03694570342211789
2012-07-27,0.018067306812071804
2012-07-30,-0.0049870255512057815
2012-07-31,0.01700620624464788
2012-08-01,0.018468758418933584
2012-08-02,-0.018169479865702942
2012-08-03,0.03886232105614296
2012-08-06,0.014073218579856439
2012-08-07,0.025057571894004038
2012-08-08,-0.006245013461559923
2012-08-09,-0.013662177172634293
2012-08-10,0.010193366327397202
2012-08-13,0.0009120875834727205
2012-08-14,0.015666274558809867
2012-08-15,0.00145881154996097
2012-08-16,0.014335203338745606
2012-08-17,0.015172217558976131
2012-08-20,-0.003328905235388535
2012-08-21,0.0009622368959925076
2012-08-22,-0.008553115615540507
2012-08-23,-0.009098087656468468
2012-08-24,-0.003195063542109744
2012-08-27,-8.660730913168102e-05
2012-08-28,-0.0029220815574170222
2012-08-29,0.003889891605975304
2012-08-30,-0.002143102809673003
2012-08-31,0.0140572280457687
2012-09-04,-0.014575003039717371
2012-09-05,-0.007265880758988041
2012-09-06,0.015132906898491116
2012-09-07,-0.005305589133891453
2012-09-10,-0.00841218077849104
2012-09-11,0.006678121437045492
2012-09-12,0.015861076308921085
2012-09-13,0.0014835349794797281
2012-09-14,0.016559523301164836
2012-09-17,-0.0025161779501844395
2012-09-18,-0.013509156660410304
2012-09-19,-0.009964449428325306
2012-09-20,-0.003586089867602338
2012-09-21,0.0014510906701732385
2012-09-24,-0.017347520082767964
2012-09-25,0.026643324579095573
2012-09-26,-0.01158050644541142
2012-09-27,0.024210785634755094
2012-09-28,-0.012599070667070222
2012-10-01,0.008226156686865105
2012-10-02,0.013230532897738678
2012-10-03,0.00821540316694791
2012-10-04,0.0015340471066589423
2012-10-05,0.01116965088513977
2012-10-08,-0.017815026196140282
2012-10-09,-0.010768593188005493
2012-10-10,0.002154887942528605
2012-10-11,0.01606306315360162
2012-10-12,-0.007598730793625608
2012-10-15,0.014063650434701813
2012-10-16,0.00794293146441638
2012-10-17,-0.01661199076344133
2012-10-18,-0.0023129142097700894
2012-10-19,0.004500383377352035
2012-10-22,0.009800306731911679
2012-10-23,-0.02593805524108017
2012-10-24,0.017535492278112796
2012-10-25,0.016271987402170396
2012-10-26,-0.009450278916486088
2012-10-31,0.007158669781249127
2012-11-01,0.019636883122028603
2012-11-02,0.014417990441182083
2012-11-05,-0.02180529053367608
2012-11-06,0.006102144452456049
2012-11-07,-0.030993059217126806
2012-11-08,0.023109668046547016
2012-11-09,0.0068323057533974385
2012-11-12,0.004271343078630974
2012-11-13,-0.022267266397703933
2012-11-14,0.017764979184704988
2012-11-15,0.015856630817392636
2012-11-16,0.00039181511925612256
2012-11-19,0.03036796390815022
2012-11-20,0.0018018478092924894
2012-11-21,-0.004206272248520104
2012-11-23,0.012514832989877656
2012-11-26,0.005094678162725019
2012-11-27,-0.005108360493059627
2012-11-28,-0.01955301927728892
2012-11-29,0.010726798129785386
2012-11-30,-0.01362448128052729
2012-12-03,0.019445766794964348
2012-12-04,0.00862113009890031
2012-12-05,-0.0023052579850013633
2012-12-06,-0.004715723697184204
2012-12-07,-0.015297526391781946
2012-12-10,0.0035654995779594856
2012-12-11,0.009219637790610413
2012-12-12,0.015407524964573982
2012-12-13,0.01354390028029484
2012-12-14,-1.4643013713566688e-05
2012-12-17,0.0037640068819102535
2012-12-18,0.00600971360163971
2012-12-19,0.0061855440652967
2012-12-20,0.00584029996800739
2012-12-21,-0.055286037840329816
2012-12-24,0.004300930517843193
2012-12-26,-0.00013432539725144466
2012-12-27,0.005407292749392001
2012-12-28,-0.019049986908764693
2012-12-31,0.0027361583650400423
2013-01-02,0.06008266457672917
2013-01-03,0.0
2013-01-04,0.0
2013-01-07,0.0
2013-01-08,0.0005335097639631581
2013-01-09,0.01548896867657601
2013-01-10,0.024685114381434836
2013-01-11,0.0004280679483761318
2013-01-14,-0.008874969802924126
2013-01-15,-0.013749171340888044
2013-01-16,0.00033735134543189105
2013-01-17,0.009057335916401454
2013-01-18,-0.005170663381971252
2013-01-22,-0.00457913150940592
2013-01-23,0.01353989556151447
2013-01-24,-0.02109127600906746
2013-01-25,0.00423717404320012
2013-01-28,0.00960119507517887
2013-01-29,-0.006975893887390283
2013-01-30,-0.0010027883275793847
2013-01-31,0.008067984549480434
2013-02-01,0.016169935959313708
2013-02-04,-0.015539112654856413
2013-02-05,-0.010585745689905779
2013-02-06,0.040149241564414906
2013-02-07,-0.010521560196669277
2013-02-08,0.005674019983167966
2013-02-11,-0.017616753409768204
2013-02-12,0.01245809932502584
2013-02-13,0.016223665304454737
2013-02-14,-0.0077750485471816955
2013-02-15,0.004589004358293236
2013-02-19,-0.002227801913809002
2013-02-20,0.0014542618040933597
2013-02-21,-0.014138064988387655
2013-02-22,-0.02386614893706196
2013-02-25,0.019345740563896374
2013-02-26,0.008331017682480013
2013-02-27,-0.009806992467685793
2013-02-28,0.002228668832400693
2013-03-01,-0.014668134595151483
2013-03-04,-0.008717985314965038
2013-03-05,0.020558600920554726
2013-03-06,0.0175874852540856
2013-03-07,0.00453866437333561
2013-03-08,0.015178692350197087
2013-03-11,-0.008758486146558386
2013-03-12,-0.005248396132566113
2013-03-13,0.004290942903449224
2013-03-14,0.010261129161604154
2013-03-15,0.002154223187732285
2013-03-18,-0.043225008640586204
2013-03-19,0.0074028897954663275
2013-03-20,0.015049775025316015
2013-03-21,-0.006732959005961936
2013-03-22,0.054153870836590734
2013-03-25,0.0018365264340995946
2013-03-26,0.01024264196581992
2013-03-27,-0.021565257066397336
2013-03-28,0.004193615207457757
2013-04-01,-0.008536927304190978
2013-04-02,0.012176394592354978
2013-04-03,0.00016550760466316206
2013-04-04,0.00014331274004475425
2013-04-05,-0.027274473435428215
2013-04-08,0.0011617308947686755
2013-04-09,0.003015697015693375
2013-04-10,0.00860612509987857
2013-04-11,-0.017688944819750474
2013-04-12,-0.011456234006091748
2013-04-15,-0.023723771371023994
2013-04-16,0.025827057429222755
2013-04-17,-0.03524913302450283
2013-04-18,0.02462878869045304
2013-04-19,0.007572331054779058
2013-04-22,0.0074622921073335124
2013-04-23,0.016275064017070573
2013-04-24,-0.009442763916415742
2013-04-25,0.0005563914261481617
2013-04-26,-0.007692252160443558
2013-04-29,0.009243679960876161
2013-04-30,0.008231033578158575
2013-05-01,-0.006913181492424592
2013-05-02,-0.01253661357196545
2013-05-03,0.050105908826171275
2013-05-06,0.051631830460270534
2013-05-07,0.038130485852274854
2013-05-08,0.020555993058642752
2013-05-09,0.18386052622031035
2013-05-10,0.0
2013-05-13,0.0
2013-05-14,0.0
2013-05-15,-0.004960015644578153
2013-05-16,0.00809972301300177
2013-05-17,0.02524078492826143
2013-05-20,0.015249389853863038
2013-05-21,-0.002543732143089783
2013-05-22,0.0006645805395468773
2013-05-23,-0.05542161706114446
2013-05-24,-0.00287741191913804
2013-05-28,0.05249310053646261
2013-05-29,0.00777912808106751
2013-05-30,-0.01160346569320303
2013-05-31,0.009907642774970249
2013-06-03,0.005803510979805138
2013-06-04,-0.0005315733886278595
2013-06-05,-0.009433548032365291
2013-06-06,0.0012152340008604323
2013-06-07,0.02255543568617968
2013-06-10,-0.014025846902587125
2013-06-11,-0.02643103769240862
2013-06-12,0.0320237021959584
2013-06-13,0.010798558902769484
2013-06-14,0.026200315461477386
2013-06-17,0.07328960877280788
2013-06-18,0.0
2013-06-19,0.0
2013-06-20,0.0
2013-06-21,0.05269184174451946
2013-06-24,-0.01307497126069368
2013-06-25,0.034320483793309764
2013-06-26,0.023934427207012776
2013-06-27,0.020188442042767374
2013-06-28,-0.006008960230860505
2013-07-01,0.023834634430104806
2013-07-02,-0.0067508889423658625
2013-07-03,0.005124432277284541
2013-07-05,0.027231182482212013
2013-07-08,0.011073040555914515
2013-07-09,0.022319709735121984
2013-07-10,-0.010412396246855526
2013-07-11,0.07143038244510902
2013-07-12,0.0
2013-07-15,0.0
2013-07-16,0.0
2013-07-17,-0.010474184778952123
2013-07-18,0.013802711659778533
2013-07-19,-0.0973331025150439
2013-07-22,-0.00747982461227048
2013-07-23,0.008022792205271578
2013-07-24,0.022681161067254152
2013-07-25,-0.013421084039763054
2013-07-26,0.010331987981117896
2013-07-29,0.01260152368016998
2013-07-30,0.009606248383066118
2013-07-31,0.01313947122282566
2013-08-01,0.017697450991128294
2013-08-02,-0.009910234197215595
2013-08-05,0.01546708923537543
2013-08-06,-0.0018931188227746532
2013-08-07,-0.01498855522972653
2013-08-08,0.10354130136252437
2013-08-09,0.0
2013-08-12,0.0
2013-08-13,0.0
2013-08-14,-0.020909470365970906
2013-08-15,-0.042931271068682886
2013-08-16,0.011242579622670501
2013-08-19,0.008059376995687817
2013-08-20,0.021440081409266565
2013-08-21,0.0005184139543117361
2013-08-22,0.015694733330893662
2013-08-23,0.00932686615497258
2013-08-26,0.015558895969375985
2013-08-27,-0.0240243561456277
2013-08-28,0.00031677746878999713
2013-08-29,-0.0074858085648710215
2013-08-30,0.0022270793216629947
2013-09-03,0.03786739230953362
2013-09-04,0.051681071726265015
2013-09-05,0.00968506271230396
2013-09-06,0.0026893850969580413
2013-09-09,-0.0013174898648732336
2013-09-10,0.020438178605084678
2013-09-11,0.0030170396691100443
2013-09-12,0.0006540384236872754
2013-09-13,-0.015210636067241712
2013-09-16,0.0382061252057031
2013-09-17,-0.009412487483167586
2013-09-18,6.0379575800739715e-05
2013-09-19,0.024186401540145397
2013-09-20,0.009021760633875164
2013-09-23,-0.00015768186926912175
2013-09-24,-0.002555611456926732
2013-09-25,0.032278705466622926
2013-09-26,0.022724480216699483
2013-09-27,-0.005487098516170241
2013-09-30,-0.03321221450054601
2013-10-01,0.003106259965520053
2013-10-02,-0.012937622865753284
2013-10-03,-0.007050519903025965
2013-10-04,0.019855225876638904
2013-10-07,0.010325717261533418
2013-10-08,0.01715744854699075
2013-10-09,0.002226881191266683
2013-10-10,0.027762007098796948
2013-10-11,-0.020469777752932794
2013-10-14,-0.03160833170473831
2013-10-15,0.019122455721502396
2013-10-16,0.012955729745266487
2013-10-17,0.0004487857427544206
2013-10-18,0.008103002435219997
2013-10-21,0.009745916711017655
2013-10-22,0.006052230706019124
2013-10-23,-0.027515243037978476
2013-10-24,-0.0019747566793760774
2013-10-25,-0.0013498214844915868
2013-10-28,-0.0030013596774570717
2013-10-29,0.014183563106915598
2013-10-30,0.017023509125073666
2013-10-31,-0.016288067045448607
2013-11-01,0.023257531367513407
2013-11-04,0.022324706155291585
2013-11-05,0.004506063476527045
2013-11-06,-0.041198810530217345
2013-11-07,0.018828712374448164
2013-11-08,-0.0002149427895146161
2013-11-11,0.004087623673629359
2013-11-12,0.0020189247132109678
2013-11-13,-0.02925026620835136
2013-11-14,-0.004965100567666081
2013-11-15,0.021561944863681903
2013-11-18,0.00806744736006726
2013-11-19,0.008401254814199177
2013-11-20,0.008247621915834058
2013-11-21,0.01570097347250865
2013-11-22,-0.004791725136017555
2013-11-25,0.017954538496287142
2013-11-26,0.0009100494981846285
2013-11-27,0.008825227922624634
2013-11-29,0.01815788011121766
2013-12-02,0.008676209123925638
2013-12-03,-0.0031805649806054825
2013-12-04,-0.011203693053088992
2013-12-05,-0.0039333472591917
2013-12-06,0.026973593978292687
2013-12-09,0.01404697511120201
2013-12-10,-0.003114624908431396
2013-12-11,-0.013264995626866116
2013-12-12,0.02587083840325133
2013-12-13,0.0072845344826242275
2013-12-16,0.0013431347974237617
2013-12-17,0.014021251815314217
2013-12-18,-0.012203122044458281
2013-12-19,-0.017371895332607856
2013-12-20,0.005876373839508897
2013-12-23,-0.015385089213693859
2013-12-24,0.00917515377716871
2013-12-26,0.00631107573584222
2013-12-27,0.003981276839820191
2013-12-30,-0.007139168802478779
2013-12-31,0.010290058684952808
2014-01-02,-0.0013434549795789952
2014-01-03,0.0021573926889566497
2014-01-06,-0.004781414610477097
2014-01-07,0.013175507238794903
2014-01-08,-0.002173353245237153
2014-01-09,0.008235988835597396
2014-01-10,0.006525645868906471
2014-01-13,-0.009684533623804836
2014-01-14,0.01697051658779114
2014-01-15,0.011403415684106966
2014-01-16,-0.006392536572003782
2014-01-17,0.0032149881982324047
2014-01-21,0.010508214360655632
2014-01-22,0.006573142359426853
2014-01-23,-0.01954639845073336
2014-01-24,-0.01708325596648097
2014-01-27,0.003381966061480224
2014-01-28,0.007903212323655318
2014-01-29,-0.02541536009424783
2014-01-30,0.12377402432615203
2014-01-31,0.0
2014-02-03,0.0
2014-02-04,0.0
2014-02-05,-0.013346982584624967
2014-02-06,0.0038254425250241475
2014-02-07,0.012045467181839076
2014-02-10,0.0014413012835794436
2014-02-11,-0.0006558057815170271
2014-02-12,0.005311717919457948
2014-02-13,-0.025168945412531674
2014-02-14,-0.020309650004863733
2014-02-18,0.008639344120849213
2014-02-19,-0.0005806794504655821
2014-02-20,0.004966122992984712
2014-02-21,0.011156836224247568
2014-02-24,0.004951607380781153
2014-02-25,0.01035431826962685
2014-02-26,0.04408641702571048
2014-02-27,-0.008164519860396013
2014-02-28,-0.017656032430434565
2014-03-03,-0.019197522525093436
2014-03-04,0.025244870382861828
2014-03-05,-0.002388877894230146
2014-03-06,0.0018193707889013755
2014-03-07,0.009585341500649935
2014-03-10,-0.0013389549631361852
2014-03-11,0.002893508195829675
2014-03-12,-0.008772069817481576
2014-03-13,0.016760739102100075
2014-03-14,0.0005879325192781337
2014-03-17,0.013663185247112075
2014-03-18,0.005164412761896164
2014-03-19,0.00035618451611707513
2014-03-20,-0.003667403343436737
2014-03-21,0.006860956960190956
2014-03-24,0.008904773269835964
2014-03-25,0.01148834934375409
2014-03-26,0.013324831469019749
2014-03-27,0.002279060526080734
2014-03-28,-0.002324931683564735
2014-03-31,0.02223554142556261
2014-04-01,0.0064215796928293045
2014-04-02,0.009123598631741947
2014-04-03,0.01309509909292439
2014-04-04,0.01976929171359587
2014-04-07,-0.023966325129119115
2014-04-08,0.02117718631424137
2014-04-09,0.03886750414752371
2014-04-10,0.004423088065613312
2014-04-11,-0.02468050031726099
2014-04-14,0.01176058634805277
2014-04-15,-0.0019744893064878033
2014-04-16,0.027062320524012362
2014-04-17,0.002783574714465331
2014-04-21,0.01908484072890726
2014-04-22,0.009341048818791275
2014-04-23,0.010840891041551393
2014-04-24,0.0292183928395775
2014-04-25,-0.012555798976250254
2014-04-28,0.01209138692764733
2014-04-29,0.012969811832727052
2014-04-30,-0.0016561761524546137
2014-05-01,-0.004491871831092564
2014-05-02,0.02088786916301233
2014-05-05,-0.005669268685075446
2014-05-06,0.04064578561136534
2014-05-07,0.004528767378531473
2014-05-08,-0.0033471451817450593
2014-05-09,-0.00331316846372387
2014-05-12,0.018004581048464585
2014-05-13,0.0036628178296942426
2014-05-14,-0.012452177330498082
2014-05-15,-0.0006920297163450773
2014-05-16,0.0004957445086544165
2014-05-19,0.013416009300292187
2014-05-20,0.006528805363192225
2014-05-21,0.009980244571111019
2014-05-22,-0.003010403896359981
2014-05-23,0.007819577531519073
2014-05-27,0.01319875157535666
2014-05-28,0.003625850155634547
2014-05-29,0.009210596796043635
2014-05-30,0.014910373446831215
2014-06-02,0.008351792334775787
2014-06-03,-0.009057007049079746
2014-06-04,-0.010246155001671697
2014-06-05,0.007163871420632795
2014-06-06,0.018105278234474387
2014-06-09,0.0018313752853806875
2014-06-10,0.0014076882209608232
2014-06-11,0.02399138660902822
2014-06-12,-0.006275972895243176
2014-06-13,0.02536716989112664
2014-06-16,0.00773997497148482
2014-06-17,0.00209358130216164
2014-06-18,0.008253887414623184
2014-06-19,0.00878760615417784
2014-06-20,0.005680659773547481
2014-06-23,0.01018436945415746
2014-06-24,0.00977956541824665
2014-06-25,-0.003201535301530223
2014-06-26,0.0011479774642229046
2014-06-27,-0.0055061202547742605
2014-06-30,0.019139738663373596
2014-07-01,0.01630851680300749
2014-07-02,-0.005149207588363569
2014-07-03,0.016963655632740604
2014-07-07,0.0016267900916668854
2014-07-08,-0.0032059677680075227
2014-07-09,-0.0031344704841328452
2014-07-10,-0.047648369751259745
2014-07-11,0.0053708713867690605
2014-07-14,0.023199225302806603
2014-07-15,0.0023104103582656244
2014-07-16,0.010497833426268421
2014-07-17,-0.025882368593758476
2014-07-18,0.01564759881552802
2014-07-21,-0.007884013863276973
2014-07-22,0.009271963073993472
2014-07-23,-0.0003541863640362797
2014-07-24,0.029805345591903176
2014-07-25,-0.00411846620822498
2014-07-28,-0.0003249887470814228
2014-07-29,-0.0001643065152759915
2014-07-30,0.02036631876727557
2014-07-31,-0.045221186717156914
2014-08-01,0.014742353229217908
2014-08-04,0.007863370420728044
2014-08-05,-0.012131741860065492
2014-08-06,-0.008946937888182904
2014-08-07,0.005042313503709428
2014-08-08,0.006547778751241351
2014-08-11,0.01383369608526741
2014-08-12,-0.006263606299242719
2014-08-13,0.017258794128188537
2014-08-14,-0.007933952471726347
2014-08-15,0.018784567573572053
2014-08-18,-0.010467375112255373
2014-08-19,0.005465240408894401
2014-08-20,-0.0012442020754835914
2014-08-21,-0.005398652829868289
2014-08-22,0.00916678174556873
2014-08-25,0.011369458229316898
2014-08-26,0.0018720824984965745
2014-08-27,0.008336330969207939
2014-08-28,-0.0021316747603282726
2014-08-29,0.026841548844897645
2014-09-02,0.012684321641085017
2014-09-03,0.0016901465250163117
2014-09-04,0.006867650229675393
2014-09-05,0.00046292002551417966
2014-09-08,0.0011533686952973632
2014-09-09,-0.0035875842538553027
2014-09-10,0.0015422420985016227
2014-09-11,-0.007882887791663018
2014-09-12,-0.000981489415010084
2014-09-15,0.004197107487577734
2014-09-16,-0.002260817740960319
2014-09-17,-0.00026942904469895446
2014-09-18,0.010708498865359184
2014-09-19,0.006886964198447032
2014-09-22,-0.009763753223309912
2014-09-23,-0.001748317056982862
2014-09-24,0.016408739866749622
2014-09-25,0.002142076279579408
2014-09-26,0.051468021572268485
2014-09-29,-0.021436776363516485
2014-09-30,0.006870296401976228
2014-10-01,0.0006356781157685898
2014-10-02,-0.002618453411577848
2014-10-03,0.011744430649401227
2014-10-06,-0.0026991011204459125
2014-10-07,-0.011874577419282106
2014-10-08,0.00174737301087724
2014-10-09,-0.010481573927048182
2014-10-10,-0.049828458960837096
2014-10-13,0.03226758707973998
2014-10-14,0.05194423220461797
2014-10-15,-0.042070007131438936
2014-10-16,-0.03436950623891721
2014-10-17,0.03778521006405522
2014-10-20,0.005176010170528489
2014-10-21,0.027201469070248896
2014-10-22,0.008864543936701663
2014-10-23,0.025533703990385348
2014-10-24,0.011350205510192168
2014-10-27,0.015842584949185
2014-10-28,0.013597104444577068
2014-10-29,-0.0003758099982326124
2014-10-30,-0.02016944854606484
2014-10-31,0.0550680235713894
2014-11-03,0.0024559147722709174
2014-11-04,-0.00491469494732566
2014-11-05,0.0037154554083553837
2014-11-06,0.002419732939125785
2014-11-07,0.0032803632865212595
2014-11-10,0.0012215077644150973
2014-11-11,0.003128051955130662
2014-11-12,-0.003902590089941982
2014-11-13,0.001456197106746604
2014-11-14,-0.0009007444747844984
2014-11-17,0.0035761805486125287
2014-11-18,0.0017610706871151738
2014-11-19,0.0024520027336847328
2014-11-20,-0.005363354984833868
2014-11-21,0.03149363103410363
2014-11-24,0.01881027370543009
2014-11-25,0.011182388237748864
2014-11-26,0.0002319350633677164
2014-11-28,0.0025911910874045763
2014-12-01,-0.004579317366246061
2014-12-02,0.02585413904372036
2014-12-03,-0.02041194498238319
2014-12-04,0.06750267802923071
2014-12-05,0.0
2014-12-08,0.0
2014-12-09,0.0
2014-12-10,-0.007596296852377726
2014-12-11,0.04130189839681786
2014-12-12,-0.024969675745831643
2014-12-15,0.015497872271670099
2014-12-16,-0.010506978999167305
2014-12-17,0.04387823676705449
2014-12-18,0.03889675418966698
2014-12-19,0.0017786326719966272
2014-12-22,0.03334318730441499
2014-12-23,0.023715303483722305
2014-12-24,0.010662582879295446
2014-12-26,0.005180947901880284
2014-12-29,-0.00647231052470032
2014-12-30,-0.009781092458911012
2014-12-31,0.00280654610296871
2015-01-02,0.007955312085454302
2015-01-05,-0.012974931538638157
2015-01-06,0.015467696491868077
2015-01-07,0.027616890728007437
2015-01-08,0.022189376475831635
2015-01-09,0.004012604724015434
2015-01-12,0.0012198370211689014
2015-01-13,0.01160114246261501
2015-01-14,-0.024792686398226405
2015-01-15,0.01205512337350756
2015-01-16,-0.004534717562865387
2015-01-20,0.004685852891653797
2015-01-21,-0.005528598106432803
2015-01-22,0.01180733781058696
2015-01-23,-0.010081044164307218
2015-01-26,-0.0008045403239251847
2015-01-27,-0.03317129261125362
2015-01-28,0.02606959463599079
2015-01-29,-0.0022955311902257414
2015-01-30,-0.018630525457095093
2015-02-02,0.00044365329746387516
2015-02-03,-0.0013628582236593356
2015-02-04,-0.007345386618243466
2015-02-05,0.004988842217781064
2015-02-06,0.00606046383841119
2015-02-09,-0.015311591559138749
2015-02-10,0.014922941271917178
2015-02-11,-0.0025065234723133933
2015-02-12,0.00425697349297538
2015-02-13,0.007435155913018132
2015-02-17,0.004179256871417847
2015-02-18,0.0003339924152971907
2015-02-19,-0.005111147661211124
2015-02-20,0.004437750863513612
2015-02-23,0.008503740671979454
2015-02-24,0.0017399504379331798
2015-02-25,-0.004637004768306308
2015-02-26,0.027391498230594502
2015-02-27,0.021299591893443104
2015-03-02,0.07568101134278638
2015-03-03,0.0
2015-03-04,0.0
2015-03-05,0.0
2015-03-06,-0.009231039168059119
2015-03-09,-0.0027506799471131993
2015-03-10,-0.027443744434905493
2015-03-11,0.0006538564584379625
2015-03-12,0.007187314324742289
2015-03-13,-0.005260121616130542
2015-03-16,0.012511558339414197
2015-03-17,-0.015102885603026972
2015-03-18,-0.006818698074343654
2015-03-19,-0.0037235400444027844
2015-03-20,0.014039672287647909
2015-03-23,0.007584691226838469
2015-03-24,0.005985950636676174
2015-03-25,-0.004659661235084656
2015-03-26,-0.03736977109292938
2015-03-27,0.0014471303300682692
2015-03-30,0.016330139983238956
2015-03-31,-1.0857026166877226e-05
2015-04-01,-0.0028022080468036448
2015-04-02,0.021590037855845345
2015-04-06,-0.017383637023691056
2015-04-07,0.0016578928959027905
2015-04-08,-0.007540092322113057
2015-04-09,-0.011616287948643222
2015-04-10,0.001893937401912682
2015-04-13,0.0007957019691235967
2015-04-14,-0.0077896916326848364
2015-04-15,0.012771272361034258
2015-04-16,-0.014614814081101768
2015-04-17,-0.028843883682966975
2015-04-20,0.008938684314353962
2015-04-21,0.016789836549196968
2015-04-22,0.00901581745228297
2015-04-23,-0.03910225224448627
2015-04-24,0.0028417918190486446
2015-04-27,0.006049093107741488
2015-04-28,-0.0010639144988332516
2015-04-29,-0.019566713417689674
2015-04-30,-0.007096993465988022
2015-05-01,0.015603652394669432
2015-05-04,0.01115519668783116
2015-05-05,-0.0060174961118723
2015-05-06,0.013726139375170199
2015-05-07,-0.0015197592910316526
2015-05-08,0.01655416829510936
2015-05-11,0.003319370980335856
2015-05-12,-0.007577926470052732
2015-05-13,0.013368995018306018
2015-05-14,0.011635837058111331
2015-05-15,0.007099725326524808
2015-05-18,-0.0217905657519466
2015-05-19,0.008676278941531779
2015-05-20,0.0017791699447247122
2015-05-21,0.002254196018099286
2015-05-22,0.0053487434267533995
2015-05-26,0.010698032298964266
2015-05-27,0.005885937132992902
2015-05-28,0.02140597246978393
2015-05-29,0.0040290336611932265
2015-06-01,0.009119013043407787
2015-06-02,-0.00653243255753666
2015-06-03,0.015369928241833142
2015-06-04,-0.011081334164596779
2015-06-05,-0.0029518995249580016
2015-06-08,-0.0052144242961083
2015-06-09,0.0018947472538342058
2015-06-10,-0.0005268483924878442
2015-06-11,-0.00290908318279115
2015-06-12,-0.011051324013148123
2015-06-15,-0.03383258168289849
2015-06-16,-0.00844753428363898
2015-06-17,0.0009139086227789583
2015-06-18,0.010107540797201553
2015-06-19,0.009037097605807176
2015-06-22,-0.0018459433695713345
2015-06-23,0.004388301779327364
2015-06-24,-0.0003264059309493472
2015-06-25,0.002701524532575661
2015-06-26,-0.11125334198704795
2015-06-29,-0.029910864748628585
2015-06-30,0.018710911696591337
2015-07-01,0.031429246469390826
2015-07-02,0.0019396327333038865
2015-07-06,-0.020758860554130565
2015-07-07,-0.012122229994263822
2015-07-08,-0.02624786263732304
2015-07-09,0.03068257971775279
2015-07-10,0.02590297573796252
2015-07-13,0.024523910454188558
2015-07-14,0.08327655663344125
2015-07-15,0.0
2015-07-16,0.0
2015-07-17,0.0
2015-07-20,0.0031140319637159575
2015-07-21,-0.0008407679641484478
2015-07-22,-0.05409779194766584
2015-07-23,0.02177544443960233
2015-07-24,0.008964487303584123
2015-07-27,-0.020423254476720554
2015-07-28,0.015161762765706355
2015-07-29,0.006152574403441635
2015-07-30,-0.020420225504813594
2015-07-31,0.01028761516173704
2015-08-03,0.015767327763889227
2015-08-04,0.0023400658482706227
2015-08-05,0.019788214771573776
2015-08-06,0.0006347790313538937
2015-08-07,0.04374272149536318
2015-08-10,0.005532471410748752
2015-08-11,-0.02513217197151485
2015-08-12,-0.03334523840518411
2015-08-13,0.0017258472282810633
2015-08-14,0.0006728627664356335
2015-08-17,-0.023510378811419486
2015-08-18,-0.00925012997393293
2015-08-19,-0.010163752489313227
2015-08-20,-0.03812063870666793
2015-08-21,-0.03385719956853106
2015-08-24,-0.13226754311600897
2015-08-25,0.08886530494317935
2015-08-26,0.0
2015-08-27,0.0
2015-08-28,0.0
2015-08-31,-0.010434535392735533
2015-09-01,-0.06760808839212895
2015-09-02,0.04514735776201473
2015-09-03,0.021307126931217946
2015-09-04,-0.03665627555850193
2015-09-08,0.06856628627430594
2015-09-09,-0.010599279962594244
2015-09-10,0.0008336060990092875
2015-09-11,0.003689976246404436
2015-09-14,0.008755304947943632
2015-09-15,0.006885193666563927
2015-09-16,-0.0032132459836387017
2015-09-17,0.01042181044555246
2015-09-18,-0.014245947373467072
2015-09-21,0.004173256881617515
2015-09-22,-0.022822460559718594
2015-09-23,-0.0001695178740512837
2015-09-24,-0.0023127081470390998
2015-09-25,0.00585094494188465
2015-09-28,-0.008733129947386398
2015-09-29,0.01641086237396383
2015-09-30,0.016705651135108912
2015-10-01,-0.010746925757753156
2015-10-02,0.016287998334830744
2015-10-05,0.015271169257873973
2015-10-06,-0.004057475197116744
2015-10-07,0.009000702826386986
2015-10-08,-0.00519078080519586
2015-10-09,-0.007297624372457845
2015-10-12,0.014486709686255095
2015-10-13,-0.013104592725508124
2015-10-14,0.016544993978886424
2015-10-15,0.001642952591243363
2015-10-16,0.0022457157577830955
2015-10-19,-0.0006793964239188988
2015-10-20,-0.010639647045058487
2015-10-21,-0.012434859164680567
2015-10-22,0.0030827032122313636
2015-10-23,-0.0034725197798261
2015-10-26,-0.00809024532021585
2015-10-27,-0.004845075540711452
2015-10-28,0.027124055326766205
2015-10-29,-0.05170447766356778
2015-10-30,0.018436147469565345
2015-11-02,0.021087465407066297
2015-11-03,-0.0021220179173151443
2015-11-04,0.011326250997758747
2015-11-05,0.020199770998847733
2015-11-06,-0.001985068352879815
2015-11-09,-0.012773928277276414
2015-11-10,-0.007670086821173205
2015-11-11,0.011302098253989978
2015-11-12,-0.005941824230859871
2015-11-13,-0.021432983247999693
2015-11-16,-0.012531849355288505
2015-11-17,0.003580093439237597
2015-11-18,0.009271631204460062
2015-11-19,0.07895212127250906
2015-11-20,0.0
2015-11-23,0.0
2015-11-24,0.0
2015-11-25,0.0014056080811863936
2015-11-27,-0.0038404846618310673
2015-11-30,0.005578697862214987
2015-12-01,0.006257250543957316
2015-12-02,0.004164140259987903
2015-12-03,0.011038719972777722
2015-12-04,0.0010602303107554167
2015-12-07,0.002610874681887587
2015-12-08,-0.022245767073596934
2015-12-09,-0.003013878467901243
2015-12-10,0.0037495311446369417
2015-12-11,-0.027516775876190946
2015-12-14,0.003027892351161743
2015-12-15,0.019378072730061202
2015-12-16,0.012079048890243804
2015-12-17,0.009100837268532835
2015-12-18,-0.0089329871575905
2015-12-21,0.017097665807342288
2015-12-22,0.007394552796678555
2015-12-23,0.007473863110038836
2015-12-24,-0.002359330443030494
2015-12-28,-0.0006270922421705016
2015-12-29,0.00719543244313714
2015-12-30,-0.002591951962983452
2015-12-31,-0.005983028956683789
2016-01-04,-0.046432050489635945
2016-01-05,0.020797117985883462
2016-01-06,-0.03200945176642733
2016-01-07,-0.03990947452657201
2016-01-08,0.019347993289297483
2016-01-11,0.0036207810751121006
2016-01-12,0.02414929480519734
2016-01-13,0.013047457947102936
2016-01-14,-0.0045718604854588785
2016-01-15,-0.06716912371909733
2016-01-19,0.03133088699851805
2016-01-20,-0.0374242380480202
2016-01-21,0.012332228992643524
2016-01-22,0.01878168748829334
2016-01-25,0.000697553099993975
2016-01-26,0.0006207951293450975
2016-01-27,0.0065273909394072405
2016-01-28,0.024368644661107774
2016-01-29,0.005034266588095582
2016-02-01,0.016966834379452234
2016-02-02,-0.02153914803732926
2016-02-03,0.02003319239784651
2016-02-04,0.0009824267522378083
2016-02-05,-0.0010494788207175976
2016-02-08,-0.012719883462380621
2016-02-09,-0.013021871549220299
2016-02-10,0.011304268739439571
2016-02-11,-0.025958966680432738
2016-02-12,0.017667806163490063
2016-02-16,0.021235561374637113
2016-02-17,0.011158002151958168
2016-02-18,0.055384105710766685
2016-02-19,0.0037958342002559764
2016-02-22,-0.008560297060058453
2016-02-23,0.0055007318412325645
2016-02-24,-0.011969158185970552
2016-02-25,0.004330991644738935
2016-02-26,0.007533231588095601
2016-02-29,0.00021964397747109565
2016-03-01,0.006154032099701334
2016-03-02,-0.007250218025226407
2016-03-03,0.005984479898595518
2016-03-04,0.039436087108746465
2016-03-07,-0.0238610089885416
2016-03-08,-0.010612948036412662
2016-03-09,0.011661229458364897
2016-03-10,0.011903743574055659
2016-03-11,0.010979097309173902
2016-03-14,-0.009107063093114487
2016-03-15,0.0018359766063245075
2016-03-16,-0.011141613923263738
2016-03-17,-0.003630756905647181
2016-03-18,0.004636101633655798
2016-03-21,-0.0023431767089171496
2016-03-22,-0.003066477948726276
2016-03-23,0.0033359514332835793
2016-03-24,-0.012265622970674017
2016-03-28,-0.0021016629693465516
2016-03-29,-0.011047285023200959
2016-03-30,0.0032312201202004953
2016-03-31,-0.005678998773105404
2016-04-01,-0.01060223201903887
2016-04-04,0.008644733279368877
2016-04-05,-0.006402497166103305
2016-04-06,-0.015394586441791147
2016-04-07,-0.009332483402268
2016-04-08,0.006053497799875851
2016-04-11,0.005610965119839939
2016-04-12,0.004700458294653043
2016-04-13,0.008238297117664883
2016-04-14,-0.006569831442495677
2016-04-15,-0.0007916708818346274
2016-04-18,0.0008071130929505621
2016-04-19,0.006954840330005263
2016-04-20,-0.0025376021490939316
2016-04-21,0.0015866292877055876
2016-04-22,0.002752781783612157
2016-04-25,-0.006526551492860744
2016-04-26,0.008486775086521181
2016-04-27,-0.008226425021632067
2016-04-28,-0.005663898227639019
2016-04-29,-0.00588914711722377
2016-05-02,0.015180736909613968
2016-05-03,-0.01949871189509933
2016-05-04,-0.018239186348447456
2016-05-05,0.018384112506997008
2016-05-06,0.024329934884387283
2016-05-09,-0.0029398044176977
2016-05-10,0.008711629350699912
2016-05-11,-0.0005129965344703447
2016-05-12,0.005877949663753768
2016-05-13,0.0641441636051836
2016-05-16,0.0
2016-05-17,0.0
2016-05-18,0.0
2016-05-19,-0.010829369472128425
2016-05-20,0.012294648239070227
2016-05-23,0.007449288168946078
2016-05-24,0.00559606442170324
2016-05-25,0.004897455504449422
2016-05-26,0.0021981349520905358
2016-05-27,-0.0033568384866279333
2016-05-31,0.010341784995326453
2016-06-01,-0.014568423027010224
2016-06-02,-0.0021876618208814813
2016-06-03,-0.022074583003273363
2016-06-06,0.008951408785701886
2016-06-07,0.021321116701122245
2016-06-08,0.0054059510532153965
2016-06-09,-0.015286492284771414
2016-06-10,-0.02612435745480224
2016-06-13,-0.001771337932424899
2016-06-14,-0.007693591990574622
2016-06-15,0.015947064162644242
2016-06-16,0.0020762887434360167
2016-06-17,-0.00028427707028633176
2016-06-20,0.03969794932627502
2016-06-21,0.004496366015538822
2016-06-22,0.0026333378173242217
2016-06-23,0.03656307649533308
2016-06-24,-0.10499609603485494
2016-06-27,-0.010992497878325791
2016-06-28,0.0589174224927107
2016-06-29,0.03955830189752607
2016-06-30,0.005387328604594455
2016-07-01,-0.015734367106372216
2016-07-05,-0.01288126182417848
2016-07-06,-0.017518968379762856
2016-07-07,0.00900097880677797
2016-07-08,-0.011050127669830268
2016-07-11,0.015364461439054233
2016-07-12,0.011938877018899063
2016-07-13,0.003361860190177035
2016-07-14,0.01576916698141706
2016-07-15,-0.0033565350205214672
2016-07-18,0.01951665725876639
2016-07-19,-0.004093506456219531
2016-07-20,0.015415249294305156
2016-07-21,-1.1544867924206947e-05
2016-07-22,0.07158086772251271
2016-07-25,0.0
2016-07-26,0.0
2016-07-27,0.0
2016-07-28,-0.006276294010659322
2016-07-29,0.0073553048154315626
2016-08-01,0.008760875945752256
2016-08-02,-0.0058741970578303215
2016-08-03,-0.011149833620045957
2016-08-04,0.01272716298719434
2016-08-05,0.02024828721116001
2016-08-08,0.01923563387660865
2016-08-09,0.013259149848296792
2016-08-10,-0.019116935619274633
2016-08-11,0.008346006802118167
2016-08-12,0.027587861621802157
2016-08-15,0.012080074155971454
2016-08-16,-0.0028829846491166267
2016-08-17,-0.002722909392596673
2016-08-18,0.012579663379119976
2016-08-19,0.05016863363246005
2016-08-22,0.017258204213303596
2016-08-23,0.018409473938381327
2016-08-24,0.0023313022285447182
2016-08-25,0.0040275200211083995
2016-08-26,0.0064415288111814295
2016-08-29,0.005920511795407535
2016-08-30,0.004002617747328241
2016-08-31,0.0017453041615824727
2016-09-01,-0.017042498083688407
2016-09-02,0.02689126098896888
2016-09-06,0.010776141224217994
2016-09-07,-0.020613677962248222
2016-09-08,-0.01935927032406981
2016-09-09,-0.011928087685377564
2016-09-12,-0.02469009514275111
2016-09-13,-0.012830919147738706
2016-09-14,0.00789428847337792
2016-09-15,0.00544111800760172
2016-09-16,0.04855679114727307
2016-09-19,0.02043599851079625
2016-09-20,0.01915268928350322
2016-09-21,0.018251300891743316
2016-09-22,0.01894735580820006
2016-09-23,-0.010764759441489802
2016-09-26,-0.013571414897968537
2016-09-27,0.017650949889998158
2016-09-28,0.009986049115227713
2016-09-29,-0.0027390622696172873
2016-09-30,0.014640116046504614
2016-10-03,0.011732442916374763
2016-10-04,0.015170781764326513
2016-10-05,-0.003701915207979023
2016-10-06,-0.016172273081453303
2016-10-07,0.0002480588976956355
2016-10-10,0.014568103802930388
2016-10-11,-0.009893787594237091
2016-10-12,0.012427718112689057
2016-10-13,-0.028652829050972994
2016-10-14,0.05945311678451204
2016-10-17,0.012408219700422718
2016-10-18,0.026874696471173243
2016-10-19,-0.023175455412497326
2016-10-20,0.005180508577174114
2016-10-21,-0.05417547169083736
2016-10-24,0.014768919164813932
2016-10-25,-0.01002939794392499
2016-10-26,-0.02357668904665733
2016-10-27,0.02560191149794222
2016-10-28,0.0049311156073423845
2016-10-31,0.01905476347980084
2016-11-01,0.012288938704665409
2016-11-02,-0.0017025832248298567
2016-11-03,0.004275717086887676
2016-11-04,-0.011827503758316094
2016-11-07,0.05649830648299092
2016-11-08,-0.011079466333791865
2016-11-09,-0.06426687171516932
2016-11-10,0.008866219475806236
2016-11-11,0.15499899621531
2016-11-14,0.0
2016-11-15,0.0
2016-11-16,0.0
2016-11-17,0.0193978493454543
2016-11-18,0.007604045145995553
2016-11-21,0.023706006724516948
2016-11-22,0.015628105890643118
2016-11-23,8.361362557507412e-05
2016-11-25,0.004531899835446884
2016-11-28,-0.0041981337124615825
2016-11-29,0.009721373104514486
2016-11-30,0.014713795540369556
2016-12-01,0.0058280160091925826
2016-12-02,-0.012089411266561267
2016-12-05,0.031562689387383935
2016-12-06,0.023490006272313346
2016-12-07,0.02557326803072879
2016-12-08,0.03466198592040093
2016-12-09,0.009972570418235183
2016-12-12,-0.01693881183276258
2016-12-13,0.012085818076081667
2016-12-14,-0.0035628792551112287
2016-12-15,0.01398921322854374
2016-12-16,0.020360670989439944
2016-12-19,0.009929343567282256
2016-12-20,0.046411713412909394
2016-12-21,0.011999811278334382
2016-12-22,0.09217633322647067
2016-12-23,0.0
2016-12-27,0.0
2016-12-28,0.0
2016-12-29,-0.05029070155289128
2016-12-30,0.008243203021853773
2017-01-03,-0.005349496962321232
2017-01-04,0.013798171656460578
2017-01-05,0.0020863240417194895
2017-01-06,0.01506359935219237
2017-01-09,0.002506137099284711
2017-01-10,0.007372233810509998
2017-01-11,-0.0020016763886192557
2017-01-12,-0.0286443431169483
2017-01-13,0.001694694546868103
2017-01-17,-0.03762377917186066
2017-01-18,-0.026585086894717502
2017-01-19,-0.021016004882466466
2017-01-20,0.019172970263838574
2017-01-23,-0.006132515180079845
2017-01-24,0.01686517327175996
2017-01-25,0.04588704349175776
2017-01-26,0.007471537587377064
2017-01-27,0.0070552402037875606
2017-01-30,-0.01236562657585738
2017-01-31,-0.013453010209614757
2017-02-01,0.051469476195184605
2017-02-02,-0.01415121355614779
2017-02-03,0.008190909776611077
2017-02-06,0.007870700248967077
2017-02-07,0.03528954960537911
2017-02-08,-0.01758345341726253
2017-02-09,0.027091355928755112
2017-02-10,0.049282717148258826
2017-02-13,0.00509597710878551
2017-02-14,-0.020427077759885393
2017-02-15,-0.003722658867619133
2017-02-16,0.0004583031109706148
2017-02-17,-0.01180096168446454
2017-02-21,0.028142989127452722
2017-02-22,0.01975448336295238
2017-02-23,-0.030622764433176353
2017-02-24,-0.052350540995057204
2017-02-27,0.015386548125177812
2017-02-28,0.014296800216583305
2017-03-01,0.06423787592784835
2017-03-02,0.0
2017-03-03,0.0
2017-03-06,0.0
2017-03-07,-0.0023559393222771785
2017-03-08,0.023450258190039097
2017-03-09,0.0032619726807447957
2017-03-10,0.019187296405179577
2017-03-13,0.03570321482991945
2017-03-14,-0.012521582485132021
2017-03-15,-0.011437703493101803
2017-03-16,-0.0042232946768172575
2017-03-17,-0.0015140095360809402
2017-03-20,0.018761875165246744
2017-03-21,-0.0019745687697538816
2017-03-22,-0.0031354722998360174
2017-03-23,-0.0009189818937324068
2017-03-24,0.11119282615776616
2017-03-27,0.0
2017-03-28,0.0
2017-03-29,0.0
2017-03-30,0.0004346187316246475
2017-03-31,0.002987381496210917
2017-04-03,0.0035668526865937356
2017-04-04,-0.04961772699905698
2017-04-05,0.001788589625080661
2017-04-06,-0.03412228789706229
2017-04-07,0.0007746468570544174
2017-04-10,-0.0014368484209861254
2017-04-11,-0.01576699286335914
2017-04-12,-0.002255787312592572
2017-04-13,-0.023272604058358848
2017-04-17,0.01978313378028984
2017-04-18,-0.015430970168849423
2017-04-19,0.019589251223950166
2017-04-20,0.017084380239650088
2017-04-21,-0.0033371462377189687
2017-04-24,0.030436115337750147
2017-04-25,0.012918359658017797
2017-04-26,-0.010085653477640455
2017-04-27,0.01237343270060709
2017-04-28,0.013026949876522975
2017-05-01,0.013665642859649774
2017-05-02,-0.09956069708908732
2017-05-03,-0.009023288170729282
2017-05-04,0.010436318378204357
2017-05-05,-0.0007973245822129327
2017-05-08,-0.010085967216717062
2017-05-09,0.002679726535693483
2017-05-10,0.09438768285494015
2017-05-11,0.0
2017-05-12,0.0
2017-05-15,0.0
2017-05-16,0.0263663127301339
2017-05-17,-0.07797725087175911
2017-05-18,0.0004948259773394081
2017-05-19,0.039069476819096005
2017-05-22,0.022457079264774915
2017-05-23,8.787304397084306e-05
2017-05-24,0.03315645010156043
2017-05-25,0.01905531942274541
2017-05-26,-0.013108657331348028
2017-05-30,0.00974409361530415
2017-05-31,0.025298758305681845
2017-06-01,0.006097370022724036
2017-06-02,-4.385124500261295e-05
2017-06-05,-0.008131563595058955
2017-06-06,-0.005419361133138678
2017-06-07,0.009581529018777735
2017-06-08,0.03306100199308526
2017-06-09,0.027697363943386177
2017-06-12,-0.031008369623861887
2017-06-13,0.022136718546670764
2017-06-14,0.007726051498408104
2017-06-15,-0.04346633476844519
2017-06-16,0.0026004035527962266
2017-06-19,0.03478224195348423
2017-06-20,0.01156846402646039
2017-06-21,0.005366744347088392
2017-06-22,0.0028949197015495365
2017-06-23,-0.009501946464898547
2017-06-26,0.022974588077554703
2017-06-27,-0.008900804786926786
2017-06-28,0.03209424055770316
2017-06-29,-0.010270273218333514
2017-06-30,0.021361616423637875
2017-07-03,0.015765448455621778
2017-07-05,0.026637801344495893
2017-07-06,-0.027844536923428143
2017-07-07,0.01567470244444724
2017-07-10,0.01492505558232482
2017-07-11,0.0017435529448823761
2017-07-12,0.028882185002278682
2017-07-13,0.007753758762461427
2017-07-14,0.0036452337248784605
2017-07-17,0.008157691006671852
2017-07-18,-0.014484748693111893
2017-07-19,0.0074269235116362076
2017-07-20,0.00943523066546681
2017-07-21,-0.003186039695050269
2017-07-24,-0.002879569415850547
2017-07-25,-0.025002569532707408
2017-07-26,0.01211084510652971
2017-07-27,0.021589682756142814
2017-07-28,-0.016041936079201013
2017-07-31,0.017129472731159723
2017-08-01,0.003062903998360067
2017-08-02,0.016362171787810853
2017-08-03,-0.0066055826114129745
2017-08-04,0.0036847933325225846
2017-08-07,0.01715286814268202
2017-08-08,0.008481351102118895
2017-08-09,-0.02635975306077265
2017-08-10,-0.01231734359716885
2017-08-11,-0.03332696564801685
2017-08-14,0.04505043042429202
2017-08-15,0.014061261036595551
2017-08-16,0.01527554776021467
2017-08-17,-0.013286452205740207
2017-08-18,0.021265721356477085
2017-08-21,0.009398662177231065
2017-08-22,0.01791272796140353
2017-08-23,-0.01757571371720945
2017-08-24,0.018547526154699234
2017-08-25,0.006503362615080777
2017-08-28,0.010481894197128971
2017-08-29,-0.03066143829048229
2017-08-30,0.005884906451137706
2017-08-31,0.013737935003666157
2017-09-01,0.008320870630196264
2017-09-05,-0.01587687624347378
2017-09-06,0.010016296541042413
2017-09-07,0.008574868517964296
2017-09-08,-0.005039078259733487
2017-09-11,0.02385869612340974
2017-09-12,0.011721040123362725
2017-09-13,0.00364750136408043
2017-09-14,-0.011909316225250932
2017-09-15,0.01488952687876588
2017-09-18,0.03332576819944366
2017-09-19,-0.004956141067823716
2017-09-20,0.0031083024577358564
2017-09-21,-0.015230241576862147
2017-09-22,-0.009657518994349745
2017-09-25,-0.007963637340434815
2017-09-26,0.03655340313515887
2017-09-27,0.07702843472522702
2017-09-28,0.0
2017-09-29,0.0
2017-10-02,0.0
2017-10-03,0.001605704503736316
2017-10-04,-0.006114309322219791
2017-10-05,0.0085942119360094
2017-10-06,-0.011270724616648686
2017-10-09,0.006932073965571606
2017-10-10,0.035002481146644504
2017-10-11,-0.018191449318905484
2017-10-12,-0.006170381066903929
2017-10-13,0.017962875469569317
2017-10-16,0.015927495416999893
2017-10-17,0.0010084353381660804
2017-10-18,0.020612270203917316
2017-10-19,-0.025100760086853025
2017-10-20,0.018503210845934426
2017-10-23,0.011458330158857333
2017-10-24,0.006667458574336482
2017-10-25,-0.010145700591992934
2017-10-26,0.010993055278503805
2017-10-27,0.011151067167550766
2017-10-30,-0.005580120591019977
2017-10-31,0.017476077723600048
2017-11-01,0.021418653910962204
2017-11-02,-0.008104503888701098
2017-11-03,0.011769173081625839
2017-11-06,-0.0010149230536087295
2017-11-07,0.0077221804699290075
2017-11-08,-0.0020509934633315963
2017-11-09,-0.024316983199987652
2017-11-10,0.027791023250763214
2017-11-13,-0.013192872500255581
2017-11-14,-0.0006297991148491722
2017-11-15,-0.011474661590651691
2017-11-16,0.017047184385423186
2017-11-17,0.023887259600113175
2017-11-20,0.011001334630799331
2017-11-21,0.021443009143478964
2017-11-22,0.010352360251388859
2017-11-24,0.007308728620868177
2017-11-27,-0.035103248058757974
2017-11-28,0.008416181555300328
2017-11-29,-0.012856355528015007
2017-11-30,0.02532458518457892
2017-12-01,-0.02310634605889028
2017-12-04,0.00992491442868193
2017-12-05,-0.028283196675469413
2017-12-06,-0.016456029061738486
2017-12-07,0.020133554981524693
2017-12-08,0.029204709717347344
2017-12-11,0.005681654000706526
2017-12-12,-0.009532152492162105
2017-12-13,0.015697678661959813
2017-12-14,0.00656331878824834
2017-12-15,0.012338072949613643
2017-12-18,0.026687382001285176
2017-12-19,0.005135456626134793
2017-12-20,0.04713077752493189
2017-12-21,-0.0007285479973374587
2017-12-22,-0.010654339838179538
2017-12-26,-0.02711358141912945
2017-12-27,-0.0024762014742718552
2017-12-28,0.012045682913095712
2017-12-29,0.0014925578706057596
2018-01-02,0.020233435597997396
2018-01-03,0.028302742139620474
2018-01-04,0.02793082916884826
2018-01-05,-0.0050466792714377595
2018-01-08,-0.009470414883245293
2018-01-09,0.0017056982386545183
2018-01-10,-0.02694510910355441
2018-01-11,0.00997096040095058
2018-01-12,0.0016864494636048555
2018-01-16,0.016664204237440527
2018-01-17,0.01116874673538848
2018-01-18,-0.006548083814195915
2018-01-19,0.004426820186296254
2018-01-22,-0.004924987964259997
2018-01-23,0.008314195563245086
2018-01-24,0.0018774824556557768
2018-01-25,0.02305014173561637
2018-01-26,0.011262951336478144
2018-01-29,-0.009053801089627944
2018-01-30,-0.039886328831590157
2018-01-31,0.04316253627530897
2018-02-01,-0.01209299917676887
2018-02-02,-0.020680413689208366
2018-02-05,-0.031011013328364756
2018-02-06,-0.021303567701987713
2018-02-07,0.018253568829443623
2018-02-08,-0.017360964943998636
2018-02-09,0.03825354864564834
2018-02-12,0.018982384033550348
2018-02-13,-0.011404122640298331
2018-02-14,-0.011686498100892284
2018-02-15,0.01646651747845218
2018-02-16,-0.005943115690438261
2018-02-20,-0.00836668608815927
2018-02-21,-0.010487645432217585
2018-02-22,0.006355952564733869
2018-02-23,0.025639469394714398
2018-02-26,0.012931499210336206
2018-02-27,-0.006600558520760802
2018-02-28,0.012357383322821436
2018-03-01,-0.0037602149618197744
2018-03-02,-0.03691022108930442
2018-03-05,-0.006989875602012807
2018-03-06,0.03194951383191569
2018-03-07,-0.021129435713558742
2018-03-08,0.019087709885831528
2018-03-09,0.0055147569652720385
2018-03-12,0.025035314269853615
2018-03-13,0.03854434033654486
2018-03-14,0.008584993737817515
2018-03-15,-0.010463293109470029
2018-03-16,0.016905834199341552
2018-03-19,-0.012416080739447
2018-03-20,-0.00025760181613077027
2018-03-21,-0.005803873306389429
2018-03-22,-0.027994277475708262
2018-03-23,-0.01451267656901678
2018-03-26,0.05412328602975358
2018-03-27,0.008369864493920964
2018-03-28,-0.018076935723999932
2018-03-29,0.02053998694051118
2018-04-02,-0.015726015784685576
2018-04-03,0.023098419457569186
2018-04-04,-0.05717734769811045
2018-04-05,0.033492053369234887
2018-04-06,-0.03538627234783964
2018-04-09,0.02373205481064722
2018-04-10,0.04223469471835761
2018-04-11,0.00732450270871654
2018-04-12,0.0251725186268148
2018-04-13,0.01971207410839093
2018-04-16,0.01872978905368905
2018-04-17,0.06481179837317286
2018-04-18,0.0
2018-04-19,0.0
2018-04-20,0.0
2018-04-23,0.01818018629400764
2018-04-24,0.011717565405637176
2018-04-25,-0.0003035408236988779
2018-04-26,0.027790769195473963
2018-04-27,0.06064509242473526
2018-04-30,0.0
2018-05-01,0.0
2018-05-02,0.0
2018-05-03,-0.004936767150874433
2018-05-04,-0.012344663248134213
2018-05-07,0.023579938851004956
2018-05-08,6.443365487451835e-05
2018-05-09,0.00036920069714563297
2018-05-10,0.020607395853045718
2018-05-11,-0.02355870316394415
2018-05-14,0.02702940500491735
2018-05-15,-0.003319946911808591
2018-05-16,0.016813023372701297
2018-05-17,-0.012217320640746876
2018-05-18,-0.006612734790429675
2018-05-21,0.05532065400188513
2018-05-22,0.04769085832367059
2018-05-23,-0.01233083949313496
2018-05-24,0.002762105407126736
2018-05-25,-0.0041699670094748065
2018-05-29,-0.005550381580664787
2018-05-30,0.019123766522764152
2018-05-31,-0.03936034371071695
2018-06-01,0.024990732172988528
2018-06-04,-0.005880999845067736
2018-06-05,0.013185397278112854
2018-06-06,0.003609070129449554
2018-06-07,0.008876209004655244
2018-06-08,-0.01640205506767145
2018-06-11,0.006907321206659045
2018-06-12,0.010629275282835637
2018-06-13,0.009123174992549776
2018-06-14,0.018169184057801324
2018-06-15,-0.012318496310248506
2018-06-18,-0.01799977135229658
2018-06-19,-0.0208967010151051
2018-06-20,0.03168996722596962
2018-06-21,0.036642061125540026
2018-06-22,0.009559593360756624
2018-06-25,-0.03715695083260906
2018-06-26,0.03365748624094511
2018-06-27,0.023951264029646202
2018-06-28,0.004039660479512763
2018-06-29,0.019404427758155762
2018-07-02,-0.025205040453781358
2018-07-03,0.008352117149595273
2018-07-05,0.01587159800768778
2018-07-06,-0.0021757745317589894
2018-07-09,0.03288140574293341
2018-07-10,-0.00374336544998799
2018-07-11,-0.024936882460439347
2018-07-12,0.003791464090626251
2018-07-13,0.0005946557928078189
2018-07-16,0.014782465452883198
2018-07-17,-0.09632461457676944
2018-07-18,0.007329653045376139
2018-07-19,-0.017641310390353993
2018-07-20,0.0036955541193770536
2018-07-23,-0.00526810067488348
2018-07-24,0.021461880339108674
2018-07-25,0.00501781022699288
2018-07-26,0.028704156291471383
2018-07-27,0.05815393457726192
2018-07-30,0.013725988206389816
2018-07-31,-0.006545391760621522
2018-08-01,-0.00029725051173479233
2018-08-02,-0.023618726269815093
2018-08-03,0.004148895680098796
2018-08-06,0.007971710218999117
2018-08-07,0.015598995574829688
2018-08-08,-0.00466469950450199
2018-08-09,-0.008291760038345974
2018-08-10,0.1454832591256996
2018-08-13,0.0
2018-08-14,0.0
2018-08-15,0.0
2018-08-16,0.02622173077904888
2018-08-17,-0.02046857179425443
2018-08-20,0.010032619157313682
2018-08-21,0.015127152429058821
2018-08-22,0.001952283432752111
2018-08-23,0.006318005006605842
2018-08-24,0.026615022386575315
2018-08-27,0.043427709221660615
2018-08-28,0.016232216333232907
2018-08-29,-0.021975732891989397
2018-08-30,-0.0009037416944153165
2018-08-31,-0.006393371385152502
2018-09-04,0.007048416138118574
2018-09-05,-0.0070208512015415
2018-09-06,-0.019372166277452085
2018-09-07,0.023627365731455185
2018-09-10,0.013989184771459495
2018-09-11,-0.03115994829537383
2018-09-12,-0.052777518334095275
2018-09-13,0.026575832372502495
2018-09-14,0.015720856623390622
2018-09-17,-0.0028448929169435644
2018-09-18,0.011235097963893104
2018-09-19,0.006831332405342838
2018-09-20,0.011049857358345738
2018-09-21,-0.019014470360182445
2018-09-24,-0.011343988553580542
2018-09-25,0.004557597834081273
2018-09-26,-0.01014114406842792
2018-09-27,0.0024493798472351447
2018-09-28,0.005788644621697925
2018-10-01,0.013651841490907035
2018-10-02,-0.0254305923226259
2018-10-03,0.02211821274595871
2018-10-04,-0.017987235139940827
2018-10-05,0.0029046746058651873
2018-10-08,-0.029529644367667474
2018-10-09,-0.002823957600774696
2018-10-10,-0.00576175467627027
2018-10-11,-0.022454669125449134
2018-10-12,0.10719389629422471
2018-10-15,0.0
2018-10-16,0.0
2018-10-17,0.0
2018-10-18,-0.016686855986972615
2018-10-19,0.01784266942867485
2018-10-22,0.034485437889264725
2018-10-23,-0.06144876643859032
2018-10-24,-0.002539586878551492
2018-10-25,-0.11623611766356412
2018-10-26,-0.09314262567157139
2018-10-29,0.04444012240238848
2018-10-30,-0.05383688551231203
2018-10-31,0.06541281915595243
2018-11-01,0.0
2018-11-02,0.0
2018-11-05,0.0
2018-11-06,-0.003376853487731979
2018-11-07,0.028130282091946013
2018-11-08,-0.01649426035456425
2018-11-09,-0.03525388036224475
2018-11-12,-0.04907911496958717
2018-11-13,0.023355433579299367
2018-11-14,0.04266596375294074
2018-11-15,0.0003921050106039381
2018-11-16,-0.1272017176359631
2018-11-19,-0.010055288692769615
2018-11-20,-0.07613546986006148
2018-11-21,0.029607002771929514
2018-11-23,-0.010991450317636486
2018-11-26,0.03800902389053773
2018-11-27,-0.010984434370962082
2018-11-28,0.017219338174215615
2018-11-29,-0.0044729450870861776
2018-11-30,-0.003200220903308959
2018-12-03,0.05475635606671281
2018-12-04,0.0046656169452203855
2018-12-06,0.018264571577476962
2018-12-07,0.00427946751824182
2018-12-10,-0.014803101306976929
2018-12-11,0.022184123728343108
2018-12-12,0.012299603894507571
2018-12-13,0.01380753269640378
2018-12-14,-0.011596882131471586
2018-12-17,-0.0033289599226857813
2018-12-18,0.016186695931532658
2018-12-19,-0.045800577334674464
2018-12-20,0.0059817997700173375
2018-12-21,0.008751276039645317
2018-12-24,-0.022619760868595296
2018-12-26,0.014488966465720843
2018-12-27,-0.013886802681080224
2018-12-28,0.004766761204472614
2018-12-31,0.015502035061527808
2019-01-02,-0.018841173587715088
2019-01-03,-0.03275162858797642
2019-01-04,0.019230650793437443
2019-01-07,0.026437385494245014
2019-01-08,0.01878057860797755
2019-01-09,0.031651087356832974
2019-01-10,-0.0007795384728142007
2019-01-11,-0.00600917746395957
2019-01-14,-0.02562078561456993
2019-01-15,0.011138979772386204
2019-01-16,0.005065556576752783
2019-01-17,-0.011238447785656969
2019-01-18,0.015448935794340146
2019-01-22,-0.012082355560146696
2019-01-23,0.010993550484234671
2019-01-24,0.036160494002262844
2019-01-25,0.010923142823079157
2019-01-28,-0.11427816755236364
2019-01-29,-0.005449837915192601
2019-01-30,0.024488775729717416
2019-01-31,-0.015149966134104242
2019-02-01,0.01074091008161182
2019-02-04,-0.0005768061794024781
2019-02-05,0.007078893495273242
2019-02-06,-0.005988815751746035
2019-02-07,-0.006262860727921815
2019-02-08,-0.0066930520315000575
2019-02-11,0.01765462557734132
2019-02-12,0.015997626767786377
2019-02-13,-0.0013317928447980076
2019-02-14,-0.006117468022922901
2019-02-15,0.02036371167168327
2019-02-19,0.0032333903667416397
2019-02-20,-0.004811464619912886
2019-02-21,0.0015719589404195045
2019-02-22,0.03338172779122561
2019-02-25,0.00880751462738516
2019-02-26,-0.0024995487868417765
2019-02-27,0.0063747045461755025
2019-02-28,0.0017916544668441503
2019-03-01,0.020362121629179164
2019-03-04,0.005875947416925431
2019-03-05,0.010823928613387324
2019-03-06,0.010881064215957803
2019-03-07,-0.005956765200840097
2019-03-08,-0.0442252916431809
2019-03-11,0.02683766249325381
2019-03-12,0.01621041626647024
2019-03-13,-0.061476268337734785
2019-03-14,0.004894465436312556
2019-03-15,0.01008810607312216
2019-03-18,0.014551501226666819
2019-03-19,0.009717928155241529
2019-03-20,2.2678284663291137e-05
2019-03-21,-0.007379608422611872
2019-03-22,-0.006855529441987418
2019-03-25,-0.0072787163443035485
2019-03-26,0.02132598007225983
2019-03-27,-0.0013944053433004866
2019-03-28,0.0077626812521920385
2019-03-29,0.024680446056929428
2019-04-01,0.03838560288092352
2019-04-02,0.0031988401010654144
2019-04-03,0.014534722768128283
2019-04-04,-0.0008819380150929534
2019-04-05,0.012140386863705332
2019-04-08,-0.0029428627989971368
2019-04-09,-0.022143547589917767
2019-04-10,0.002568341558292886
2019-04-11,0.005379726945933472
2019-04-12,0.011353272199059683
2019-04-15,-0.0017948772772368171
2019-04-16,0.005471477697032157
2019-04-17,0.008916212297523485
2019-04-18,0.007327020451317834
2019-04-22,-0.0034188522196189064
2019-04-23,0.05078362588814089
2019-04-24,0.004863440838538846
2019-04-25,0.017982324920357007
2019-04-26,-0.002066078545343797
2019-04-29,0.002924713103072518
2019-04-30,-9.784892171516013e-05
2019-05-01,0.009902710504876344
2019-05-02,0.0032326316422373047
2019-05-03,0.0052416258742316035
2019-05-06,-0.07768980876566745
2019-05-07,-0.022280569865482325
2019-05-08,-0.03900409205502953
2019-05-09,-0.032357824517490696
2019-05-10,-0.00698535610057438
2019-05-13,-0.06842707639208212
2019-05-14,0.015839440038435626
2019-05-15,-0.023749265720919954
2019-05-16,-0.011138962446486933
2019-05-17,-0.02148365701450905
2019-05-20,-0.04454617682224804
2019-05-21,0.030682479160268006
2019-05-22,-0.016782422256219842
2019-05-23,-0.02630408935190165
2019-05-24,0.012595464205269913
2019-05-28,0.0242165392744782
2019-05-29,-0.010704570731587038
2019-05-30,0.010821084731942099
2019-05-31,-0.03192411508460258
2019-06-03,0.03286363599854525
2019-06-04,0.036474084036113075
2019-06-05,0.03587475944415108
2019-06-06,0.00246412373310112
2019-06-07,0.0075697928824423055
2019-06-10,0.026830328047719343
2019-06-11,0.05169142761373058
2019-06-12,-0.027877869474908668
2019-06-13,0.010751628663929313
2019-06-14,-0.09106865611293313
2019-06-17,-0.0055049641282859385
2019-06-18,0.02648019972985116
2019-06-19,0.015719550190925302
2019-06-20,0.0456302135292741
2019-06-21,-0.010874028341561703
2019-06-24,0.006498309189093332
2019-06-25,0.00399146766570202
2019-06-26,0.09264382797307302
2019-06-27,0.0
2019-06-28,0.0
2019-07-01,0.0
2019-07-02,-0.005598546626346068
2019-07-03,0.0034007190087887995
2019-07-05,-0.016951506524352733
2019-07-08,0.0014007228201153854
2019-07-09,-0.014105193971844177
2019-07-10,0.014934561052075024
2019-07-11,0.010066589456001696
2019-07-12,-0.00633769706524101
2019-07-15,0.009067897208351106
2019-07-16,-0.00550995708123625
2019-07-17,0.0036866793203698123
2019-07-18,-0.014987338041514753
2019-07-19,0.00995407768906964
2019-07-22,0.018756633927988986
2019-07-23,0.003092298678967209
2019-07-24,0.0022786856858612037
2019-07-25,-0.021589571593647716
2019-07-26,0.018562809362806743
2019-07-29,0.0032527855784998394
2019-07-30,-0.014690385740341871
2019-07-31,-0.031871419417689006
2019-08-01,0.0010706536700195723
2019-08-02,-0.023813360109509518
2019-08-05,-0.07106885964860565
2019-08-06,0.04198097429285741
2019-08-07,-0.025525075739656122
2019-08-08,0.07267804671004185
2019-08-09,0.0
2019-08-12,0.0
2019-08-13,0.0
2019-08-14,-0.05077623861731939
2019-08-15,0.01668477621098763
2019-08-16,0.03018776504172971
2019-08-19,0.024555461821774704
2019-08-20,-0.016424379229211583
2019-08-21,0.02100475568125204
2019-08-22,0.011977479720718609
2019-08-23,-0.01749064461985661
2019-08-26,0.035303275643563836
2019-08-27,0.017141681739134995
2019-08-28,-0.017973904125386686
2019-08-29,0.03434819066292594
2019-08-30,0.0115054679259885
2019-09-03,-0.02587180300233738
2019-09-04,0.026785492486773865
2019-09-05,0.0370612902731382
2019-09-06,-0.010919230364339838
2019-09-09,0.013939039528907626
2019-09-10,-0.02112740692784476
2019-09-11,-0.14210155545214675
2019-09-12,0.016900159822358596
2019-09-13,-0.002376424589892623
2019-09-16,-0.01846059931005639
2019-09-17,0.010258951672874606
2019-09-18,-0.003909853891829629
2019-09-19,0.0068124616495846
2019-09-20,0.005680407315455938
2019-09-23,-0.005616062142693723
2019-09-24,0.017073922183946877
2019-09-25,-0.007830021279627952
2019-09-26,0.007495878474775175
2019-09-27,-0.004324719563080892
2019-09-30,0.003858707041841214
2019-10-01,0.004714752452916748
2019-10-02,-0.01559340358491279
2019-10-03,0.005205641265203953
2019-10-04,0.017153711880993905
2019-10-07,-0.00041266781045179446
2019-10-08,-0.02620142660227831
2019-10-09,0.035293370611608976
2019-10-10,0.012637781681755778
2019-10-11,0.041467904926153265
2019-10-14,-0.0069879127007372865
2019-10-15,0.008879455700795846
2019-10-16,-0.024445386583927586
2019-10-17,0.02207065679643394
2019-10-18,-0.0014742448655018503
2019-10-21,0.022461433836943767
2019-10-22,0.00017869613099508186
2019-10-23,-0.025719111614110224
2019-10-24,0.026839152703586278
2019-10-25,-0.006059594221867415
2019-10-28,0.022894215649144734
2019-10-29,0.04102839185738638
2019-10-30,-0.0022727331282806906
2019-10-31,-0.006104427010281022
2019-11-01,0.028205664577396705
2019-11-04,0.017744713033630788
2019-11-05,0.005116875459830084
2019-11-06,-0.010752173817865862
2019-11-07,0.01842086600691628
2019-11-08,-0.015509751921514159
2019-11-11,-0.01628912290375728
2019-11-12,0.01656873976768436
2019-11-13,-0.002807921422303905
2019-11-14,-0.004929727607158263
2019-11-15,0.033814878000943294
2019-11-18,-0.005212617422559074
2019-11-19,0.007488525636509147
2019-11-20,-0.007820777757246211
2019-11-21,-0.02812462411882355
2019-11-22,0.008382726052678091
2019-11-25,0.016637642522701945
2019-11-26,0.000562231801708224
2019-11-27,0.010439833700949475
2019-11-29,-0.0007999666354541191
2019-12-02,0.0007640051592119335
2019-12-03,-0.05735637092668122
2019-12-04,0.037484427831179
2019-12-05,0.013219286062984947
2019-12-06,0.028610063806142616
2019-12-09,-0.004316054619776244
2019-12-10,0.016341857407157656
2019-12-11,0.004787381259795165
2019-12-12,-0.004504489763962449
2019-12-13,-0.0008856667264326434
2019-12-16,0.03592783348740025
2019-12-17,0.0207206027182254
2019-12-18,0.003721148537754848
2019-12-19,0.03479386169580989
2019-12-20,0.0223118165532179
2019-12-23,0.00743562225925376
2019-12-24,0.0016782094667580072
2019-12-26,0.0018616707761598406
2019-12-27,0.005533078539649461
2019-12-30,-0.008386017705919735
2019-12-31,-0.01020342606503788
2020-01-02,0.030744940032517487
2020-01-03,-0.03814304033829452
2020-01-06,-0.029736474005296554
2020-01-07,0.02607391138693904
2020-01-08,0.0014360436183522562
2020-01-09,0.023319238683567667
2020-01-10,0.0036461186587923855
2020-01-13,0.012499664331832916
2020-01-14,-0.0001998588772381682
2020-01-15,-0.00509729764899447
2020-01-16,0.021777284170767075
2020-01-17,0.007758004183283429
2020-01-21,-0.0034842665510989024
2020-01-22,0.017410782358476373
2020-01-23,0.001776834464398247
2020-01-24,0.020574359533209963
2020-01-27,-0.06537745591047628
2020-01-28,0.026316879190136477
2020-01-29,-0.02076533792660895
2020-01-30,0.018755569292588925
2020-01-31,-0.025966554507211526
2020-02-03,0.002545891062816885
2020-02-04,0.12207158510573879
2020-02-05,0.0
2020-02-06,0.0
2020-02-07,0.0
2020-02-10,0.03979211530753357
2020-02-11,0.016430886553793433
2020-02-12,0.016820405594005106
2020-02-13,-0.026946546024377516
2020-02-14,-0.006020643539243031
2020-02-18,-0.0013745000213161163
2020-02-19,0.07541662079621458
2020-02-20,0.0
2020-02-21,0.0
2020-02-24,0.0
2020-02-25,0.051470029131447825
2020-02-26,-0.003516812687404669
2020-02-27,-0.09602863011606366
2020-02-28,-0.11160138697892308
2020-03-02,0.07891469016508901
2020-03-03,0.0
2020-03-04,0.0
2020-03-05,0.0
2020-03-06,0.0
2020-03-09,0.0
2020-03-10,0.0
2020-03-11,0.0
2020-03-12,0.0
2020-03-13,0.0
2020-03-16,0.0
2020-03-17,0.0
2020-03-18,0.0
2020-03-19,0.0
2020-03-20,0.0
2020-03-23,0.0
2020-03-24,0.0
2020-03-25,-0.00454442334187577
2020-03-26,-0.008031103846248167
2020-03-27,0.021879788913156117
2020-03-30,-0.008290334943342303
2020-03-31,0.0018907125389520107
2020-04-01,0.02682426409860894
2020-04-02,0.0024271207242370085
2020-04-03,-0.003248040464869595
2020-04-06,0.047436820847772454
2020-04-07,-0.027079657531138945
2020-04-08,-0.008698231099958487
2020-04-09,-0.007769989956460499
2020-04-13,-0.018445047517416047
2020-04-14,0.016384633027463735
2020-04-15,-0.027513887083420174
2020-04-16,0.019644314942613095
2020-04-17,0.02111809121637953
2020-04-20,-0.029636138978358262
2020-04-21,-0.013985766221077611
2020-04-22,0.0371016024212778
2020-04-23,-0.0034220593730426296
2020-04-24,-0.001811323898111561
2020-04-27,-0.009285697370334467
2020-04-28,0.04135622424905061
2020-04-29,0.04705613150453791
2020-04-30,-0.015543745205163217
2020-05-01,-0.05318035557815348
2020-05-04,0.0
2020-05-05,0.0
2020-05-06,0.0
2020-05-07,0.0
2020-05-08,0.0
2020-05-11,0.0
2020-05-12,0.0
2020-05-13,0.0
2020-05-14,0.0
2020-05-15,0.0
2020-05-18,0.0
2020-05-19,0.0
2020-05-20,0.0
2020-05-21,0.0
2020-05-22,0.0
2020-05-26,0.0
2020-05-27,0.0
2020-05-28,0.0
2020-05-29,0.0
2020-06-01,0.0
2020-06-02,-0.005518525448294231
2020-06-03,0.0054813863061884405
2020-06-04,0.0006027129510448592
2020-06-05,0.01707086829028981
2020-06-08,0.024411857001404247
2020-06-09,-0.007585048183203047
2020-06-10,0.0548421847845908
2020-06-11,-0.05550190871964811
2020-06-12,0.0601741946188854
2020-06-15,0.0
2020-06-16,0.0
2020-06-17,0.0
2020-06-18,0.007741097195461233
2020-06-19,0.012193260235571657
2020-06-22,0.007565648645083911
2020-06-23,0.008284982785973227
2020-06-24,-0.003869880293283501
2020-06-25,0.006278142602161196
2020-06-26,0.00562565951988292
2020-06-29,0.008178829915923336
2020-06-30,0.01804638033217576
2020-07-01,0.00383740996978732
2020-07-02,0.08009200448624987
2020-07-06,0.0
2020-07-07,0.0
2020-07-08,0.0
2020-07-09,0.03672839317923837
2020-07-10,0.003217793067191277
2020-07-13,0.0663276147761076
2020-07-14,0.0
2020-07-15,0.0
2020-07-16,0.0
2020-07-17,0.01428621327797197
2020-07-20,0.017012800437518072
2020-07-21,0.0023347270358928807
2020-07-22,0.017388018433300845
2020-07-23,0.03349509175719989
2020-07-24,-0.07591523897138641
2020-07-27,0.017180415479961963
2020-07-28,-0.021661989810152882
2020-07-29,0.032707427892006535
2020-07-30,-0.016813988079659947
2020-07-31,0.023581671703972518
2020-08-03,0.022900589340770328
2020-08-04,0.002772095731617963
2020-08-05,0.0027289008183937202
2020-08-06,-0.0076219265875639985
2020-08-07,0.02073255843579913
2020-08-10,0.005214206404124289
2020-08-11,-0.019419021919977797
2020-08-12,0.01855367755733739
2020-08-13,0.012870447074968316
2020-08-14,0.00895701807674465
2020-08-17,0.028736792916800535
2020-08-18,0.013971361760168222
2020-08-19,0.0036277714721588694
2020-08-20,-0.019386650169120334
2020-08-21,0.0033419613705119033
2020-08-24,0.03698658969482671
2020-08-25,-0.009261850322803689
2020-08-26,0.012534152092095852
2020-08-27,0.00517397993647184
2020-08-28,0.020846552538585694
2020-08-31,-0.002070531877937043
2020-09-01,0.015634366167956992
2020-09-02,0.06925415077608643
2020-09-03,0.0
2020-09-04,0.0
2020-09-08,0.0
2020-09-09,0.06228508988377213
2020-09-10,0.0
2020-09-11,0.0
2020-09-14,0.0
2020-09-15,0.027902734007177576
2020-09-16,0.0018155240517814253
2020-09-17,-0.050198333177004395
2020-09-18,0.016396946693808534
2020-09-21,-0.030726513354691676
2020-09-22,0.012052855811521379
2020-09-23,-0.006629847260423705
2020-09-24,-0.013576754398317625
2020-09-25,0.010559819852186791
2020-09-28,0.025735071182293012
2020-09-29,-0.0053263997251487005
2020-09-30,-0.007833888791564547
2020-10-01,0.031832548577479525
2020-10-02,-0.061154475728721125
2020-10-05,0.025011656480962152
2020-10-06,0.0057886238829689685
2020-10-07,0.03261235658125594
2020-10-08,0.024484293772666588
2020-10-09,-0.0024171983864427204
2020-10-12,0.04085907862435567
2020-10-13,0.007805664062501494
2020-10-14,0.019091738583530304
2020-10-15,-0.0582981599086404
2020-10-16,0.023111734390410588
2020-10-19,0.009221932169998892
2020-10-20,0.017640280060249314
2020-10-21,0.010218209253288757
2020-10-22,-0.004599009533766019
2020-10-23,0.012413384859499832
2020-10-26,-0.021160375669017073
2020-10-27,0.018013960920584493
2020-10-28,-0.042112789988151156
2020-10-29,0.026546712615184154
2020-10-30,-0.02632448405820731
2020-11-02,0.021028850076795447
2020-11-03,0.016944680366334675
2020-11-04,0.06544817729585795
2020-11-05,0.0
2020-11-06,0.0
2020-11-09,0.0
2020-11-10,-0.015110384117409836
2020-11-11,0.06199783300882422
2020-11-12,0.0
2020-11-13,0.0
2020-11-16,0.0
2020-11-17,0.007693241722833255
2020-11-18,0.006683096517390741
2020-11-19,-0.009470205059302739
2020-11-20,0.005350518260051729
2020-11-23,-0.005733996107512573
2020-11-24,0.001127840238959843
2020-11-25,0.00793458325399965
2020-11-27,0.013426331384479795
2020-11-30,0.010979874286805247
2020-12-01,0.013015916068669808
2020-12-02,-0.01472783940696043
2020-12-03,0.011030979890054526
2020-12-04,0.008991453965237595
2020-12-07,0.012902111585768372
2020-12-08,-0.004970361624222264
2020-12-09,-0.00781538853230701
2020-12-10,-0.01715737362849057
2020-12-11,-0.03249632548810333
2020-12-14,0.01745090614844691
2020-12-15,0.009594485611574166
2020-12-16,0.00430936720144226
2020-12-17,0.013863181770360278
2020-12-18,0.011000961087320293
2020-12-21,-0.030345968531594547
2020-12-22,0.004357478036411733
2020-12-23,0.011071998363624713
2020-12-24,0.011873669524177233
2020-12-28,0.02448531528690223
2020-12-29,0.014243077640689661
2020-12-30,0.010203972056382904
2020-12-31,0.007685919883486436
2021-01-04,0.012627385120147494
2021-01-05,-0.007807385801667621
2021-01-06,-0.01553952620950394
2021-01-07,0.0270371684873405
2021-01-08,0.03935816882930476
2021-01-11,-0.029355916648941438
2021-01-12,0.018352449220511602
2021-01-13,-0.001267310452122583
2021-01-14,0.011764118794752587
2021-01-15,0.03463687818257455
2021-01-19,0.056795938231978926
2021-01-20,0.031549876308452074
2021-01-21,0.018698774918529892
2021-01-22,-0.013241740950315384
2021-01-25,0.05162996909375961
2021-01-26,-0.015278246259339379
2021-01-27,-0.08127783983295622
2021-01-28,0.04560029492451534
2021-01-29,0.037904045443349466
2021-02-01,0.04441112459659946
2021-02-02,0.033665284960412434
2021-02-03,0.022308971278154344
2021-02-04,-0.037314732528969
2021-02-05,0.019413083290799493
2021-02-08,0.02534529119611717
2021-02-09,-0.006930891230723324
2021-02-10,0.023798386669875438
2021-02-11,0.016357119664002884
2021-02-12,0.002539526685865434
2021-02-16,0.0217055541284199
2021-02-17,-0.021930080698131738
2021-02-18,-0.029449180845636747
2021-02-19,0.013393941077330052
2021-02-22,-0.027170514507714683
2021-02-23,-0.05791173093728341
2021-02-24,-0.010405906277130672
2021-02-25,-0.017512072966434422
2021-02-26,0.028792101586202712
2021-03-01,0.05658960890304732
2021-03-02,-0.009346219027771663
2021-03-03,0.006555814262399817
2021-03-04,-0.007190242180920792
2021-03-05,0.0644692403120708
2021-03-08,0.0
2021-03-09,0.0
2021-03-10,0.0
2021-03-11,0.06630574029698799
2021-03-12,0.0
2021-03-15,0.0
2021-03-16,0.0
2021-03-17,-0.026022060883854614
2021-03-18,-0.03477355483590239
2021-03-19,0.007393762546810567
2021-03-22,0.035603539578671795
2021-03-23,-0.0016541220150028124
2021-03-24,0.0573426317257244
2021-03-25,-0.048283354408587664
2021-03-26,0.004815317059406965
2021-03-29,-0.019876974071634135
2021-03-30,-0.008594202282900532
2021-03-31,0.03602182534365883
2021-04-01,0.0691100594587688
2021-04-05,0.0
2021-04-06,0.0
2021-04-07,0.0
2021-04-08,0.0201677252819239
2021-04-09,-0.020708250521260352
2021-04-12,-0.01438081820646031
2021-04-13,0.015132432019764108
2021-04-14,-0.012802774520146443
2021-04-15,0.02256893485867839
2021-04-16,-0.00325796622791219
2021-04-19,-0.004466523825612967
2021-04-20,-0.010676567191153286
2021-04-21,0.0026522206956371974
2021-04-22,-0.003096012914331925
2021-04-23,0.01997939900606238
2021-04-26,0.006865134869147083
2021-04-27,0.016196555182008465
2021-04-28,-0.017021417516163928
2021-04-29,0.03137578904069982
2021-04-30,-0.039068221639104284
2021-05-03,0.0013737376856672867
2021-05-04,-0.04303203706868497
2021-05-05,0.041485008321822114
2021-05-06,-0.009020494478178986
2021-05-07,0.021079499993247763
2021-05-10,-0.025214174505820863
2021-05-11,-0.05725271700447432
2021-05-12,-0.058938871391397085
2021-05-13,0.06111486169330349
2021-05-14,0.0
2021-05-17,0.0
2021-05-18,0.0
2021-05-19,-0.0619834963845014
2021-05-20,0.018733772569038853
2021-05-21,-0.00882176858200756
2021-05-24,0.02877625193811406
2021-05-25,0.02830738168981939
2021-05-26,-0.00012193977100793951
2021-05-27,-0.0127632161332496
2021-05-28,0.018016477298737676
2021-06-01,0.01965717296743552
2021-06-02,-0.005142424525529377
2021-06-03,-0.02681745869163188
2021-06-04,0.01618733677827211
2021-06-07,-0.002731481618529541
2021-06-08,0.019465011214723882
2021-06-09,0.010129210260911181
2021-06-10,0.0088507315094557
2021-06-11,0.004750335407327944
2021-06-14,0.004581683994117958
2021-06-15,-0.006772153431638839
2021-06-16,0.009637359473093854
2021-06-17,-0.00604797899096543
2021-06-18,-0.031201889772062952
2021-06-21,0.0067205355539008416
2021-06-22,-0.004767979557480317
2021-06-23,-0.0006706230914190758
2021-06-24,0.01787586222339055
2021-06-25,0.008500472068023068
2021-06-28,0.024384713448201367
2021-06-29,-0.004342672982947882
2021-06-30,-0.0010884337894933038
2021-07-01,-0.0017703017230684681
2021-07-02,0.02150106428745402
2021-07-06,0.0054042598881032244
2021-07-07,0.02030339456858976
2021-07-08,-0.04391748012461072
2021-07-09,0.006809157336326699
2021-07-12,0.01727739364594827
2021-07-13,-0.009038520711806775
2021-07-14,0.025589500637008822
2021-07-15,-0.02727121110577513
2021-07-16,0.009613449193651036
2021-07-19,-0.03637720039862147
2021-07-20,0.009649026910561354
2021-07-21,0.004454812596104141
2021-07-22,-0.016224531020081256
2021-07-23,0.01454654068177974
2021-07-26,-0.0011519291326478331
2021-07-27,-0.015176412685624863
2021-07-28,0.009439860517224119
2021-07-29,-0.023684691393709434
2021-07-30,-0.020432620907559373
2021-08-02,0.026788803778814207
2021-08-03,0.0029129065657442776
2021-08-04,0.02050038983468605
2021-08-05,0.01896575078138918
2021-08-06,-0.01482579825429664
2021-08-09,0.012451388949171971
2021-08-10,0.011000293167767738
2021-08-11,0.007313665135751268
2021-08-12,-0.008596621815979755
2021-08-13,-0.0021116166316366147
2021-08-16,-0.00511721800443532
2021-08-17,-0.021890762001103403
2021-08-18,0.0011986269623875945
2021-08-19,0.0007460881666401242
2021-08-20,0.015632822055638318
2021-08-23,0.01657594233894355
2021-08-24,-0.009186576033041627
2021-08-25,0.002340151345047836
2021-08-26,-0.00026104305114138526
2021-08-27,0.008841775937499019
2021-08-30,0.01631241884299639
2021-08-31,0.005610620745037931
2021-09-01,0.010236925870759306
2021-09-02,0.01087043958047218
2021-09-03,-0.012335503376423418
2021-09-07,0.005877991416038952
2021-09-08,-0.008755339887916658
2021-09-09,-0.0016518149746259647
2021-09-10,0.023060283895566025
2021-09-13,0.017445223862602832
2021-09-14,0.023529359582304288
2021-09-15,0.0032271964008758758
2021-09-16,-0.015251328162954936
2021-09-17,-0.00748139313290952
2021-09-20,-0.04970102484619099
2021-09-21,0.03129270409477192
2021-09-22,0.007927223752856483
2021-09-23,0.01980277156136534
2021-09-24,-0.026224385136245587
2021-09-27,-0.03664702263728992
2021-09-28,-0.05375131305437608
2021-09-29,0.016623283285702284
2021-09-30,0.01455688795414467
2021-10-01,0.0031332967966084535
2021-10-04,-0.025109532040204052
2021-10-05,0.023035394392955988
2021-10-06,-0.028608126866364714
2021-10-07,0.02416987036416529
2021-10-08,0.0036773991555205665
2021-10-11,-0.015530277080685773
2021-10-12,0.01514946910612669
2021-10-13,0.022096755031009607
2021-10-14,0.03189034886502151
2021-10-15,0.005900819916218936
2021-10-18,-0.002361763006801687
2021-10-19,0.010164237923645958
2021-10-20,0.006436439127353033
2021-10-21,-2.086985057081492e-05
2021-10-22,0.007824946424371815
2021-10-25,0.011838882317999566
2021-10-26,0.031143198722161536
2021-10-27,-0.0026418469936826394
2021-10-28,0.011809392652210482
2021-10-29,-0.004933874124020021
2021-11-01,0.004843294643677831
2021-11-02,0.003107046419115189
2021-11-03,0.013811800112624617
2021-11-04,0.017167430319949162
2021-11-05,0.015427133421913375
2021-11-08,0.01731068267690472
2021-11-09,0.03889527600875864
2021-11-10,-0.03800935488408752
2021-11-11,0.03842793076950968
2021-11-12,0.002216001572481696
2021-11-15,0.012163391052303796
2021-11-16,-0.005884893135410518
2021-11-17,0.0006105468678008208
2021-11-18,0.07653025995880136
2021-11-19,0.0
2021-11-22,0.0
2021-11-23,0.0
2021-11-24,-0.01771879726274006
2021-11-26,-0.00040022179912868605
2021-11-29,0.036306264697496315
2021-11-30,-0.028883435842643634
2021-12-01,0.07339154575605411
2021-12-02,0.0
2021-12-03,0.0
2021-12-06,0.0
2021-12-07,0.061495139055186554
2021-12-08,0.0
2021-12-09,0.0
2021-12-10,0.0
2021-12-13,0.0030533974457662705
2021-12-14,-0.03199001219651809
2021-12-15,0.005530148327198781
2021-12-16,0.01917930341773899
2021-12-17,-0.027705911709303144
2021-12-20,-0.0350272100083332
2021-12-21,0.04280186664642738
2021-12-22,-0.015626417659693415
2021-12-23,0.012470743140099882
2021-12-27,0.010693830642085622
2021-12-28,0.015713330801741865
2021-12-29,-0.002123307561938681
2021-12-30,-0.008327471622037508
2021-12-31,0.00829800749610543
2022-01-03,0.020889854462401436
2022-01-04,0.013399690324414237
2022-01-05,-0.029916454980423834
2022-01-06,-0.009837075293043562
2022-01-07,0.0011352963198274502
2022-01-10,-0.048344110216208214
2022-01-11,-0.010738125055317238
2022-01-12,0.01895208755209743
2022-01-13,0.026988300324976233
2022-01-14,-0.02228793254379302
2022-01-18,-0.0601133428826508
2022-01-19,0.014405257719547704
2022-01-20,0.014949809443987494
2022-01-21,-0.029870813875345847
2022-01-24,-0.06271450658734512
2022-01-25,-0.07161690443604851
2022-01-26,0.09135573397916041
2022-01-27,0.0
2022-01-28,0.0
2022-01-31,0.0
2022-02-01,0.028304474964490955
2022-02-02,0.03969945171629918
2022-02-03,-0.06344455791856951
2022-02-04,0.007825864916851888
2022-02-07,0.03035363040378458
2022-02-08,-0.012670179086142763
2022-02-09,0.02607933887008662
2022-02-10,-0.04933613533971282
2022-02-11,0.005527199623659884
2022-02-14,0.0060131337104800675
2022-02-15,0.029619375176106688
2022-02-16,-0.012654833923697484
2022-02-17,-0.02855795517305504
2022-02-18,0.009128137323620722
2022-02-22,-0.03442637148871708
2022-02-23,0.017931240635384427
2022-02-24,-0.08079099178436022
2022-02-25,0.001691720398256935
2022-02-28,-0.006667626073251776
2022-03-01,-0.00018962332584693264
2022-03-02,0.013455413965628882
2022-03-03,-0.00889782086476909
2022-03-04,0.001286872563550423
2022-03-07,-0.0029414553784073982
2022-03-08,0.00657812918240297
2022-03-09,0.03288961485738384
2022-03-10,0.010888305742527304
2022-03-11,-0.008062092037612989
2022-03-14,0.004202749720709553
2022-03-15,0.012397583071961371
2022-03-16,0.031568936517399004
2022-03-17,-0.01610127891537727
2022-03-18,-0.0037323825132863364
2022-03-21,-0.0007435315133358378
2022-03-22,-0.005795769341993884
2022-03-23,-0.013277009975465104
2022-03-24,0.01554534169913846
2022-03-25,-0.0040316085872414975
2022-03-28,0.0023440339377152064
2022-03-29,0.02202752776065342
2022-03-30,0.01068094120829155
2022-03-31,-0.009052821731212135
2022-04-01,0.006160203785214424
2022-04-04,0.003057819173677201
2022-04-05,-0.01052464713721446
2022-04-06,-0.029810395637546505
2022-04-07,0.0006533488336952775
2022-04-08,-0.012788595567028382
2022-04-11,-0.027164615409519866
2022-04-12,0.017729941316155795
2022-04-13,0.011631669385862908
2022-04-14,0.011065132191568239
2022-04-18,0.0013220520954131398
2022-04-19,-0.007747574449527006
2022-04-20,0.02025546228230679
2022-04-21,0.008561572480873414
2022-04-22,-0.0013732116100538816
2022-04-25,-0.01778992462710416
2022-04-26,-0.014919361810077358
2022-04-27,-0.01771288466874099
2022-04-28,0.019041077364880366
2022-04-29,-0.014096094839956996
2022-05-02,0.004397547367103627
2022-05-03,-0.004850358125323417
2022-05-04,0.0126500702862824
2022-05-05,-0.01945854072436659
2022-05-06,-0.00686892175904763
2022-05-09,-0.018540817256763265
2022-05-10,0.03422534114131137
2022-05-11,0.0071015910680536365
2022-05-12,0.013760057915411128
2022-05-13,-0.013529644410522956
2022-05-16,-0.008619798469652329
2022-05-17,0.03567928787618202
2022-05-18,0.013513451710163604
2022-05-19,0.006292667381131434
2022-05-20,-0.0114315417051567
2022-05-23,-0.03856339171357914
2022-05-24,-0.006201720708893799
2022-05-25,-0.005939260769846633
2022-05-26,-0.04153197405219533
2022-05-27,0.021987071358527288
2022-05-31,0.007499501775975359
2022-06-01,0.008086365778538385
2022-06-02,0.003154682379117313
2022-06-03,0.01516855177486387
2022-06-06,-0.01344868063247262
2022-06-07,0.010179043626407758
2022-06-08,0.0023351394138673154
2022-06-09,0.005339009115544746
2022-06-10,0.017283884503050073
2022-06-13,0.02807858303458488
2022-06-14,-0.007195091413652821
2022-06-15,-0.01085696646366252
2022-06-16,0.023221186399014826
2022-06-17,-0.0014071446477768035
2022-06-21,-0.015009388202066098
2022-06-22,0.008161476389425548
2022-06-23,-0.008031580304062924
2022-06-24,-0.009393158154991643
2022-06-27,-0.0048813500906448315
2022-06-28,-0.0012692393781276179
2022-06-29,0.0007926680708232325
2022-06-30,0.009691071152664765
2022-07-01,0.003976882387407787
2022-07-05,-0.023743127299905575
2022-07-06,0.006875526325841985
2022-07-07,0.032903687755236444
2022-07-08,-0.018038812721837716
2022-07-11,-0.023872437324551354
2022-07-12,0.012306807466451852
2022-07-13,-0.025335407141399813
2022-07-14,-0.0015035066998291269
2022-07-15,0.028416548224587723
2022-07-18,0.022040984905115524
2022-07-19,0.018220836476387836
2022-07-20,-0.004590236024284544
2022-07-21,-0.004297357705297489
2022-07-22,-0.021877252371852896
2022-07-25,-0.011408373342631117
2022-07-26,0.0043938110748609205
2022-07-27,0.018782692235046028
2022-07-28,0.01011693619168752
2022-07-29,-0.018391845833812148
2022-08-01,0.007366421295826209
2022-08-02,-0.001396147509474699
2022-08-03,-0.022519682862276902
2022-08-04,0.005132691603919826
2022-08-05,-0.012007914859725077
2022-08-08,0.00155938965099911
2022-08-09,0.003467048178348975
2022-08-10,0.007940576196310278
2022-08-11,0.008252247323336181
2022-08-12,0.0023466713189801425
2022-08-15,0.0003939093932039395
2022-08-16,-0.01354413930286047
2022-08-17,0.0002714948085884572
2022-08-18,0.0028024881624744147
2022-08-19,-0.009862711443967664
2022-08-22,-0.0044766239841219635
2022-08-23,-0.00797920263774321
2022-08-24,0.004780581288622354
2022-08-25,0.001859200700414343
2022-08-26,-0.0011287615651115468
2022-08-29,-0.005481033001848656
2022-08-30,0.0022524833797443744
2022-08-31,0.001370122888346481
2022-09-01,-0.010813311137803372
2022-09-02,0.03767838528051315
2022-09-06,0.0006205295486769735
2022-09-07,0.00935382349657976
2022-09-08,-0.01228872197766917
2022-09-09,0.012050974790832836
2022-09-12,-0.00031052760828953474
2022-09-13,-0.039625365758461095
2022-09-14,0.008435420899839396
2022-09-15,-0.00511961141949735
2022-09-16,-0.008760779835386256
2022-09-19,-0.018654366776046594
2022-09-20,-0.012040287675898376
2022-09-21,-0.010630852586682504
2022-09-22,-0.0062893666026976325
2022-09-23,-0.005749576637202991
2022-09-26,-0.0007190676752668601
2022-09-27,0.021546932497548577
2022-09-28,-0.009349512316823572
2022-09-29,-0.01689230784734308
2022-09-30,0.0019990715411855042
2022-10-03,0.020219319541774805
2022-10-04,-0.018114829433249602
2022-10-05,0.011962828767617228
2022-10-06,0.0038946349298947247
2022-10-07,0.015461539980550665
2022-10-10,-0.0008633359510533678
2022-10-11,0.005268400566058151
2022-10-12,-0.001471507220616619
2022-10-13,0.02618780976909485
2022-10-14,-0.008323517166421546
2022-10-17,-0.021388651268455017
2022-10-18,-0.02425856938210702
2022-10-19,0.005089217205356933
2022-10-20,0.0035689621154333384
2022-10-21,0.003454181455757155
2022-10-24,-0.0009430342593110819
2022-10-25,-0.002871390184644107
2022-10-26,0.017959652335790333
2022-10-27,0.0038990533613971756
2022-10-28,0.0023370041795423013
2022-10-31,0.0071741556122908445
2022-11-01,-0.01132944718294393
2022-11-02,0.014768861359838903
2022-11-03,-0.012517939458214555
2022-11-04,0.04172593919249867
2022-11-07,-0.0035768812694321195
2022-11-08,-0.005410993720336155
2022-11-09,0.006329744774582924
2022-11-10,0.05130443686267894
2022-11-11,-0.000127411733653382
2022-11-14,0.006558427557321611
2022-11-15,-0.021353272807763113
2022-11-16,-0.042354043813342956
2022-11-17,-0.014856692786116232
2022-11-18,0.01418948658944097
2022-11-21,-0.012781035753954395
2022-11-22,0.008233988652958546
2022-11-23,-0.0015638003096891673
2022-11-25,-0.007407350690042613
2022-11-28,-0.01750872984659413
2022-11-29,-0.0002540518662966784
2022-11-30,-0.011442490335929478
2022-12-01,0.0034439754194186545
2022-12-02,0.004508774889973033
2022-12-05,0.02334006376892006
2022-12-06,-0.00148127427154654
2022-12-07,-0.02539630106688584
2022-12-08,0.03881294339377939
2022-12-09,0.0017360262432717377
2022-12-12,0.020054859169452266
2022-12-13,0.005882654888283767
2022-12-14,0.003498475187875272
2022-12-15,0.007182271157744058
2022-12-16,-0.007442558641232444
2022-12-19,-0.002570900099308493
2022-12-20,-0.012522783699698503
2022-12-21,-0.0011414441142254539
2022-12-22,-1.6461432974290702e-05
2022-12-23,0.009466083325334607
2022-12-27,0.019227108917825086
2022-12-28,0.0076751067876008605
2022-12-29,-0.0027039893912821356
2022-12-30,-0.012027603898556616
2023-01-03,0.007076548493650803
2023-01-04,0.015662400453021696
2023-01-05,-0.007393103696684888
2023-01-06,0.015580323786810624
2023-01-09,-0.02485747323580667
2023-01-10,0.0016160544973486957
2023-01-11,0.006249374539665897
2023-01-12,-0.0074759031103951434
2023-01-13,-6.433852508347382e-05
2023-01-17,-0.0076505031484636055
2023-01-18,-0.00013745405235654484
2023-01-19,-0.006435304841561518
2023-01-20,-0.004200519836627614
2023-01-23,-0.00013608932349962188
2023-01-24,0.001473860139076244
2023-01-25,-0.002483168529520019
2023-01-26,-0.002408495190568738
2023-01-27,0.0039458274272772265
2023-01-30,-0.001973910319449157
2023-01-31,0.00551549387942174
2023-02-01,0.002445135762514372
2023-02-02,-0.010668225011277066
2023-02-03,0.006646888884816127
2023-02-06,-0.015723673731142918
2023-02-07,0.002964848540885967
2023-02-08,-0.004794507558329997
2023-02-09,0.01599209156281689
2023-02-10,0.01690806811389889
2023-02-13,0.022875500428087836
2023-02-14,-0.011024003950983685
2023-02-15,-0.0106444274470614
2023-02-16,-0.020216045675257588
2023-02-17,-0.01902317642415674
2023-02-21,-0.06503508761423993
2023-02-22,0.009349917486641601
2023-02-23,0.022411265228194255
2023-02-24,-0.035668219754696806
2023-02-27,0.02921057842497321
2023-02-28,0.006554373639867661
2023-03-01,0.012914232585684582
2023-03-02,-0.00340476512612764
2023-03-03,-0.0016140750721993502
2023-03-06,-0.042829480347031934
2023-03-07,0.008297638961499487
2023-03-08,-0.001595119672052725
2023-03-09,0.006750572859255399
2023-03-10,0.005913771879429985
2023-03-13,-0.0173701180338538
2023-03-14,0.028702517935201177
2023-03-15,-0.02140767333507332
2023-03-16,-0.014658345547242324
2023-03-17,-0.0018293867397967123
2023-03-20,0.006617517412199181
2023-03-21,0.010607940663748039
2023-03-22,-0.0007046348062442753
2023-03-23,0.023353993014608943
2023-03-24,-0.008170942287117455
2023-03-27,0.01288451902238541
2023-03-28,0.006259511932296347
2023-03-29,0.02124794300166588
2023-03-30,0.015725881872144853
2023-03-31,0.002028592063976653
2023-04-03,-0.006743205089023263
2023-04-04,0.006240823202793511
2023-04-05,-0.022754738723706813
2023-04-06,-0.018697109313581706
2023-04-10,-0.018056528359294166
2023-04-11,0.01586888766173189
2023-04-12,0.019160850597016443
2023-04-13,0.013860243782250148
2023-04-14,-0.002387010203918405
2023-04-17,-0.03529382219823207
2023-04-18,0.02375229114874422
2023-04-19,-0.03256024415055592
2023-04-20,-0.014860757425248727
2023-04-21,-0.004300009022370266
2023-04-24,0.004077080542849609
2023-04-25,-0.0030390811717658783
2023-04-26,0.028425095991629457
2023-04-27,0.016062323821904423
2023-04-28,0.0017669525820960263
2023-05-01,0.005408431795946189
2023-05-02,-0.008054224678457622
2023-05-03,-0.05533548703268221
2023-05-04,-0.006757366176024293
2023-05-05,-0.009738369367321975
2023-05-08,-0.0064546191563533695
2023-05-09,-0.011987990192753761
2023-05-10,0.027663484708430275
2023-05-11,0.008001486655023538
2023-05-12,-0.0003107649981693994
2023-05-15,0.012399659907650351
2023-05-16,-0.011215785437136305
2023-05-17,0.009470252071453356
2023-05-18,0.0033313674651680447
2023-05-19,-0.011011785241451966
2023-05-22,-0.015546538028317514
2023-05-23,-0.012447248819662526
2023-05-24,-0.027524051654509996
2023-05-25,0.24119019340948866
2023-05-26,0.0
2023-05-30,0.0
2023-05-31,0.0
2023-06-01,0.009324737502910851
2023-06-02,0.006186139030867954
2023-06-05,-0.015033942602643457
2023-06-06,-0.009123374537359341
2023-06-07,0.005771541446041972
2023-06-08,-0.0011893025911717814
2023-06-09,0.0051579037474049905
2023-06-12,0.018365838927396627
2023-06-13,0.025804539772245283
2023-06-14,0.0019268217960000111
2023-06-15,-0.01001664355315346
2023-06-16,0.023778869900018096
2023-06-20,-0.004792467528948685
2023-06-21,-0.00919606872458445
2023-06-22,-0.020347117568659256
2023-06-23,-0.023242477021815366
2023-06-26,0.0062221709204406395
2023-06-27,0.01693512510393469
2023-06-28,-0.032136229461772414
2023-06-29,0.01042241791081544
2023-06-30,0.026259463143957884
2023-07-03,0.003652405285392568
2023-07-05,-0.029889359972100293
2023-07-06,-0.015798824012876245
2023-07-07,0.01058116332932224
2023-07-10,1.258238390677846e-05
2023-07-11,0.009708515186584332
2023-07-12,0.029494607995959488
2023-07-13,0.026909683148972352
2023-07-14,-0.00928075996051747
2023-07-17,0.010766702026391295
2023-07-18,0.011525321934670707
2023-07-19,0.010939564435556326
2023-07-20,-0.014820501496347172
2023-07-21,0.015154480837383577
2023-07-24,-0.004463021353226737
2023-07-25,0.007346083501975631
2023-07-26,-0.0031464880426389508
2023-07-27,0.044146407758825834
2023-07-28,0.03919147741670059
2023-07-31,0.011714311705615321
2023-08-01,-0.01849625074247807
2023-08-02,-0.044450994158777846
2023-08-03,-0.026203019263018934
2023-08-04,0.011706286214161254
2023-08-07,0.013898724891271641
2023-08-08,-0.03876675255677897
2023-08-09,-0.01828232282622233
2023-08-10,0.0041356884218868295
2023-08-11,-0.03498284115529404
2023-08-14,-0.020711505949031928
2023-08-15,0.005281269557734891
2023-08-16,0.0006195741700039115
2023-08-17,0.010641214763178919
2023-08-18,-0.023162604795784025
2023-08-21,0.02233487597900896
2023-08-22,0.037639606957010185
2023-08-23,-0.006960559854922943
2023-08-24,0.08806752501985216
2023-08-25,0.0
2023-08-28,0.0
2023-08-29,0.0
2023-08-30,0.006150444429860125
2023-08-31,-0.02823217450065696
2023-09-01,0.021405194135767136
2023-09-05,-0.012539369571095027
2023-09-06,-0.006390679637124808
2023-09-07,-0.04093866482341446
2023-09-08,0.004149437735973427
2023-09-11,0.01909985250089785
2023-09-12,-0.023874302012329762
2023-09-13,0.016305607955822587
2023-09-14,0.008608682823370462
2023-09-15,-0.03037999425507354
2023-09-18,-0.030491422816451674
2023-09-19,-0.006501447489783985
2023-09-20,0.005479991801501161
2023-09-21,-0.0590982414817417
2023-09-22,0.010371151901403808
2023-09-25,-0.0030577153245999744
2023-09-26,-0.009165456761079938
2023-09-27,0.010765702231125607
2023-09-28,-0.00083176521931283
2023-09-29,0.016000904213752998
2023-10-02,0.004747863130363239
2023-10-03,-0.013710415822586586
2023-10-04,0.012664336766081696
2023-10-05,0.0020362284414958687
2023-10-06,-0.01316963744095967
2023-10-09,-0.02052403946470016
2023-10-10,0.0016302510606982512
2023-10-11,0.013077078599135428
2023-10-12,0.0027214606525718388
2023-10-13,0.003863086675194305
2023-10-16,-0.001882789923975503
2023-10-17,-0.052913956171229515
2023-10-18,-0.033357607614665
2023-10-19,0.014915953694839779
2023-10-20,0.0023862406761530064
2023-10-23,-0.0031305717410490264
2023-10-24,0.007045442497600307
2023-10-25,-0.0029894501013197905
2023-10-26,-0.0006698634413661031
2023-10-27,0.0199415226589712
2023-10-30,0.019051140781385367
2023-10-31,-0.009322444689815579
2023-11-01,0.0034953550093972385
2023-11-02,0.03171735021447475
2023-11-03,0.02075925307700177
2023-11-06,0.0033018631161747525
2023-11-07,-0.003360938597043228
2023-11-08,0.0020735409772663083
2023-11-09,0.025498969028782126
2023-11-10,0.0232714709956634
2023-11-13,-0.016111889968589588
2023-11-14,0.03626002844727161
2023-11-15,0.01108442266993781
2023-11-16,-0.0128020210638492
2023-11-17,-0.0009468503402993989
2023-11-20,-0.004926850880192957
2023-11-21,-0.0241384604560263
2023-11-22,0.00472230915997951
2023-11-24,-0.0049678563317320235
2023-11-27,-0.0015174583202489655
2023-11-28,-0.02820976567331379
2023-11-29,0.020829251578866614
2023-11-30,-0.0003560741596593253
2023-12-01,-0.006810438417652276
2023-12-04,0.014584613344792441
2023-12-05,-0.021607856724744745
2023-12-06,-0.011520388107729596
2023-12-07,-0.010196543907650124
2023-12-08,-0.007264738821499694
2023-12-11,-0.02171772215380141
2023-12-12,0.002922181473742569
2023-12-13,-0.0019064751465422969
2023-12-14,0.012556563719758218
2023-12-15,0.01231976306185989
2023-12-18,-0.015458112394187373
2023-12-19,0.016912081196423845
2023-12-20,0.00823261610573911
2023-12-21,0.03229066619038079
2023-12-22,-0.02185545930427235
2023-12-26,0.0012648564711423838
2023-12-27,0.018704865902259726
2023-12-28,-0.00915142860756879
2023-12-29,0.004730768987908585
2024-01-02,0.04463315950739566
2024-01-03,-0.03846369921843784
2024-01-04,0.008470698292583068
2024-01-05,0.0038041833015671767
2024-01-08,0.006620003269458552
2024-01-09,-0.018474066909259457
2024-01-10,0.014301457291481245
2024-01-11,0.022362623669012205
2024-01-12,0.015293537618541464
2024-01-16,-0.015007898207466619
2024-01-17,-0.04124002512461278
2024-01-18,0.04500450334185735
2024-01-19,0.0040686262366300685
2024-01-22,0.001487578066250883
2024-01-23,0.020789708751982827
2024-01-24,0.03363328730130988
2024-01-25,0.02167642261097824
2024-01-26,-0.023980784051048865
2024-01-29,-0.009043858560586648
2024-01-30,-0.0253931298595087
2024-01-31,-0.026401744919962167
2024-02-01,0.015818501472002255
2024-02-02,0.006301225259031318
2024-02-05,-0.009174978099677045
2024-02-06,0.010274463456444005
2024-02-07,0.02367647597769329
2024-02-08,0.005721417633219428
2024-02-09,0.02987554477245946
2024-02-12,0.0003035963004964781
2024-02-13,-0.06695192211324541
2024-02-14,0.029319686603611395
2024-02-15,0.009477027711551678
2024-02-16,0.014201584750657137
2024-02-20,-0.0164639471511715
2024-02-21,-0.1102806318781403
2024-02-22,0.11909072811238763
2024-02-23,0.0
2024-02-26,0.0
2024-02-27,0.0
2024-02-28,-0.020472352821634066
2024-02-29,0.027405643449126327
2024-03-01,-0.029683098696427157
2024-03-04,0.01857155387504239
2024-03-05,-0.014053701395371432
2024-03-06,0.0902686790615006
2024-03-07,0.0
2024-03-08,0.0
2024-03-11,0.0
2024-03-12,0.014315262473086232
2024-03-13,-0.008797351253566732
2024-03-14,-0.019939113177611323
2024-03-15,-0.034968132963518306
2024-03-18,0.03360892528903858
2024-03-19,-0.04895276999941789
2024-03-20,0.012515873857896764
2024-03-21,0.05113697861184985
2024-03-22,-0.008990067088198828
2024-03-25,0.010818765179918977
2024-03-26,0.02620587127644769
2024-03-27,0.01754314007176294
2024-03-28,-0.010776188075794502
2024-04-01,0.006017482579321998
2024-04-02,-0.031638881296665367
2024-04-03,-0.01706761521732847
2024-04-04,0.028438018752840133
2024-04-05,0.012347222106358302
2024-04-08,0.034804229202403336
2024-04-09,0.034856200829801676
2024-04-10,-0.03501929156046668
2024-04-11,0.011104159665890512
2024-04-12,-0.02944220638597872
2024-04-15,0.012248253397590947
2024-04-16,-0.008502028299238629
2024-04-17,0.006514006249130677
2024-04-18,-0.002159345328606954
2024-04-19,-0.056757817831737056
2024-04-22,0.0428672076510388
2024-04-23,0.044236321034877735
2024-04-24,0.05526391345661197
2024-04-25,-0.04670659408136113
2024-04-26,0.035700428745100155
2024-04-29,-0.0054085414379844154
2024-04-30,-0.006397416898034414
2024-05-01,-0.03272592119312712
2024-05-02,0.049586872197117327
2024-05-03,0.05596953992649567
2024-05-06,0.04793602061397051
2024-05-07,0.007029228062290116
2024-05-08,-0.012973767009339499
2024-05-09,-0.041876491243831304
2024-05-10,0.04111988725621596
2024-05-13,0.045349451898881066
2024-05-14,-0.013972464579611876
2024-05-15,0.02573036539526541
2024-05-16,0.014445640780386348
2024-05-17,0.010280117402449607
2024-05-20,0.02287999457490497
2024-05-21,-0.03588946733026044
2024-05-22,0.0034206943963124292
2024-05-23,0.10577795971207116
2024-05-24,0.0
2024-05-28,0.0
2024-05-29,0.0
2024-05-30,-0.001146842596583597
2024-05-31,0.008030823056103698
2024-06-03,0.06572551691040052
2024-06-04,0.0
2024-06-05,0.0
2024-06-06,0.0
2024-06-07,-0.006996417163024571
2024-06-10,-0.017832391108341894
2024-06-11,-0.0015374207383674898
2024-06-12,0.03846838982777623
2024-06-13,0.039450360970310516
2024-06-14,0.003362778666193167
2024-06-17,0.035140034897761074
2024-06-18,0.01736590939763727
2024-06-20,0.0323884874401299
2024-06-21,-0.06634480478251581
2024-06-24,-0.01794965799778858
2024-06-25,0.024731564045275434
2024-06-26,0.013515619276859292
2024-06-27,-0.05165608001227573
2024-06-28,0.0074048137127040725
2024-07-01,-0.0063725673161438845
2024-07-02,-0.025312508146848822
2024-07-03,-0.004694915941971134
2024-07-05,0.02037690328120889
2024-07-08,0.00890439595720438
2024-07-09,0.02031980992950433
2024-07-10,0.02238737681609182
2024-07-11,0.013140471465038717
2024-07-12,0.009872740605359587
2024-07-15,0.009968375840251564
2024-07-16,0.013086718357194549
2024-07-17,-0.08703897591427046
2024-07-18,0.051357100264158406
2024-07-19,0.02044018372168055
2024-07-22,0.034327982651691125
2024-07-23,-0.008096852213301142
2024-07-24,-0.05018685892878083
2024-07-25,-0.032780959671092846
2024-07-26,0.06995752421263934
2024-07-29,0.0
2024-07-30,0.0
2024-07-31,0.0
2024-08-01,-0.08177797313811053
2024-08-02,-0.09349380841128685
2024-08-05,-0.2482480154293476
2024-08-06,0.05151898066245164
2024-08-07,0.06875146489131301
2024-08-08,0.0
2024-08-09,0.0
2024-08-12,0.0
2024-08-13,0.048684337777169295
2024-08-14,0.04874853989085359
2024-08-15,0.03900884538607485
2024-08-16,-0.007769470627187913
2024-08-19,-0.003427686877132463
2024-08-20,-0.011307447289172212
2024-08-21,0.00452240092302314
2024-08-22,0.034484104688791595
2024-08-23,0.02390768171183999
2024-08-26,-0.010109324173759537
2024-08-27,-0.02329159140795445
2024-08-28,-0.012444082750985075
2024-08-29,-0.020292524772026144
2024-08-30,0.03582248338259442
2024-09-03,-0.043882216990429934
2024-09-04,-0.027546056384662343
2024-09-05,-0.028569004434949807
2024-09-06,-0.03675291470095643
2024-09-09,0.039224700898721876
2024-09-10,0.010284054934670772
2024-09-11,0.008431574457618884
2024-09-12,-0.00372599524086481
2024-09-13,0.012339808019417031
2024-09-16,-0.026904024877193677
2024-09-17,0.01716838249284991
2024-09-18,0.011334848449938484
2024-09-19,0.07337999963639885
2024-09-20,0.0
2024-09-23,0.0
2024-09-24,0.0
2024-09-25,-0.00023714425604925982
2024-09-26,0.04617799300505654
2024-09-27,0.004925064667943735
2024-09-30,-0.029824817331763565
2024-10-01,-0.0011483328622462485
2024-10-02,-0.0010116256106912358
2024-10-03,0.005011477193629821
2024-10-04,0.04042769231451748
2024-10-07,-0.006332253422572487
2024-10-08,0.009823855266069659
2024-10-09,-0.0012612075571895032
2024-10-10,-0.014450990401745023
2024-10-11,-0.024391541296982844
2024-10-14,0.020493989109747313
2024-10-15,-0.009477516088612026
2024-10-16,0.03250499038858301
2024-10-17,0.04775245435232378
2024-10-18,0.009587723116603275
2024-10-21,-0.0015619219824510866
2024-10-22,-0.013771253185094534
2024-10-23,-0.021686053604950017
2024-10-24,0.01987945375203526
2024-10-25,0.022814992119997823
2024-10-28,-0.00010443251277725274
2024-10-29,0.0017897265796560369
2024-10-30,-0.026486370111066027
2024-10-31,-0.028632363469437982
2024-11-01,0.006153644224669463
2024-11-04,-0.0651644609572094
2024-11-05,0.05078546455489685
2024-11-06,0.12322785182343976
2024-11-07,0.0
2024-11-08,0.0
2024-11-11,0.0
2024-11-12,-0.008420722673645131
2024-11-13,0.029636145582829343
2024-11-14,0.04003678666647725
2024-11-15,0.009058774617423992
2024-11-18,0.0027734162951325025
2024-11-19,0.002217982140841679
2024-11-20,0.06281311131474632
2024-11-21,0.0
2024-11-22,0.0
2024-11-25,0.0
2024-11-26,-0.02426077110156677
2024-11-27,0.044053741447700245
2024-11-29,0.048161720641800354
2024-12-02,0.014556255341924507
2024-12-03,0.007478411462150447
2024-12-04,0.03545362833496224
2024-12-05,0.005043570426251698
2024-12-06,-0.00349494264609862
2024-12-09,-0.021821119819207535
2024-12-10,0.010625922491034112
2024-12-11,0.05263495075918434
2024-12-12,-0.023243285375512568
2024-12-13,0.14759678074419602
2024-12-16,0.0
2024-12-17,0.0
2024-12-18,0.0
2024-12-19,-0.06114648248146015
2024-12-20,-0.011068999883154906
2024-12-23,0.026580835509982137
2024-12-24,0.022828774169853627
2024-12-26,-0.007406583036002612
2024-12-27,-0.011900141977669754
2024-12-30,-0.04153482462185354
2024-12-31,0.004483337715106117
2025-01-02,0.027407071986706333
2025-01-03,0.017553885347712184
2025-01-06,0.07261915084304915
2025-01-07,0.0
2025-01-08,0.0
2025-01-10,0.0
2025-01-13,-0.06536639881702766
2025-01-14,0.03185459594782847
2025-01-15,0.035228270567163156
2025-01-16,0.04015541158454683
2025-01-17,0.05111672138314072
2025-01-21,0.01640165601368393
2025-01-22,0.034716592563772686
2025-01-23,-0.04317360026054662
2025-01-24,0.021667873716884944
2025-01-27,-0.22238941303402537
2025-01-28,0.04945391364242924
2025-01-29,0.004202439050463136
2025-01-30,0.04860444728219426
2025-01-31,0.0015859147773211735
2025-02-03,-0.06596765847128516
2025-02-04,0.00022437390930440948
2025-02-05,0.04998668275956297
2025-02-06,0.030132758846933783
2025-02-07,0.02069074678208116
2025-02-10,0.015301333496384961
2025-02-11,-0.02387740868634214
2025-02-12,-0.05897632223190341
2025-02-13,0.004080443083587015
2025-02-14,0.021438360660431144
2025-02-18,0.024109083752734906
2025-02-19,-0.007887609898506787
2025-02-20,0.0011698618911153424
2025-02-21,-0.0005658634726881662
2025-02-24,0.01968834170032352
2025-02-25,-0.0038881789073270667
2025-02-26,0.05195476994633208
2025-02-27,0.033365281616021925
2025-02-28,-0.024647812059410912
2025-03-03,0.02327423875105472
2025-03-04,-0.015852281782513633
2025-03-05,0.03165837823651807
2025-03-06,-0.0822012608603826
2025-03-07,0.04247800026141069
2025-03-10,-0.05900233751034145
2025-03-11,0.019351797245162894
2025-03-12,0.08002179044857538
2025-03-13,0.0
2025-03-14,0.0
2025-03-17,0.0
2025-03-18,-0.030272715522232096
2025-03-19,0.0070957864742176024
2025-03-20,-0.020468275843140482
2025-03-21,-0.04816302002920858
2025-03-24,0.031243589093740587
2025-03-25,-0.011203863456647145
2025-03-26,-0.003609400031487464
2025-03-27,-0.027636232979867836
2025-03-28,-0.004919692135075704
2025-03-31,-0.04010238461057858
2025-04-01,0.011204437162238845
2025-04-02,-0.020350546936599878
2025-04-03,-0.07211702514613394
2025-04-04,-0.040096982724871943
2025-04-07,-0.023387930098190512
2025-04-08,0.08181926308704757
2025-04-09,0.0010760749905123212
2025-04-10,0.020303383378058593
2025-04-11,0.003454594461164806
2025-04-14,0.04753016772907226
2025-04-15,-0.0019463493427599454
2025-04-16,0.017826801791550828
2025-04-17,-0.005137549225603166
2025-04-21,-0.02481953564112127
2025-04-22,0.010389654569305407
2025-04-23,0.06024182554920565
2025-04-24,-0.00427849556535298
2025-04-25,0.0009168422548402333
2025-04-28,-0.0005687389198666404
2025-04-29,-0.007755289645572927
2025-04-30,-0.04727703330294375
2025-05-01,0.04218009366835074
2025-05-02,-0.009696785329876612
2025-05-05,0.007759561055325825
2025-05-06,0.01194237613382465
2025-05-07,-0.002234878619636449
2025-05-08,0.016340615275229897
2025-05-09,0.0038194060307887856
2025-05-12,0.0675456341495817
2025-05-13,-0.002369707024361012
2025-05-14,-0.001986736644615572
2025-05-15,0.0037910660983095923
2025-05-16,0.005831279517521493
2025-05-19,-0.02989189477209586
2025-05-20,-0.01521716432085174
2025-05-21,-0.012175663880534149
2025-05-22,-0.004855245411948039
2025-05-23,-0.02189317186726114
2025-05-27,0.02156790617366422
2025-05-28,0.009064698197234877
2025-05-29,0.07154020308043063
2025-05-30,0.0
2025-06-02,0.0
2025-06-03,0.0
2025-06-04,-0.014563645775520606
2025-06-05,0.004601683689215763
2025-06-06,-0.009295852192565346
2025-06-09,-0.002238452708953953
2025-06-10,0.002258675877543803
2025-06-11,0.0174591105056221
2025-06-12,-0.0104345141151031
2025-06-13,-0.025418299057976435
2025-06-16,0.011433960917510477
2025-06-17,-0.006390301481051686
2025-06-18,0.007627097237810743
2025-06-20,0.01578077925019672
2025-06-23,0.0035985379363800973
2025-06-24,0.022637288539925526
2025-06-25,0.012471752320093454
2025-06-26,0.007501180071964875
2025-06-27,0.011579832974841775
2025-06-30,0.025261341451575436
2025-07-01,-0.0076744199574568794
2025-07-02,-0.01101326167656036
2025-07-03,0.006644433954842377
2025-07-07,-0.012484058822693656
2025-07-08,0.023852892013201066
2025-07-09,0.002752714317631577
2025-07-10,0.016752832490194658
2025-07-11,-0.016095779575152958
2025-07-14,-0.02869913760899223
2025-07-15,0.02919658059918917
2025-07-16,-0.026749604740029742
2025-07-17,-0.01252859817885521
2025-07-18,0.01675145705142045
2025-07-21,0.0030168328938338096
2025-07-22,-0.006775657568793059
2025-07-23,0.029567511587159645
2025-07-24,0.013535053819786924
2025-07-25,-0.010058810638237659
2025-07-28,0.02221517331976508
2025-07-29,0.016774126954979707
2025-07-30,0.009695571615340404
2025-07-31,-0.06098120991558409
2025-08-01,-0.0591266819792452
2025-08-04,0.035234159850991764
2025-08-05,0.047839299463895424
2025-08-06,-0.050694395307549156
2025-08-07,0.02865071262843788
2025-08-08,0.018493965901594578
2025-08-11,-0.014615331689888489
2025-08-12,0.01469187404005079
2025-08-13,0.024173379937743267
2025-08-14,-0.030434874206436535
2025-08-15,-0.008561005929874854
2025-08-18,-0.009411958861497705
2025-08-19,-0.02019567603273742
2025-08-20,-0.03462301555554392
2025-08-21,0.005529909120223664
2025-08-22,-0.018993184756650017
2025-08-25,-0.01852111961855263
2025-08-26,0.014964918079724887
2025-08-27,0.004458569281514446
2025-08-28,0.006472358058488892
2025-08-29,-0.019428566003942604
2025-09-02,-0.056697093483803584
2025-09-03,0.00671882087531106
2025-09-04,-0.008425715487047403
2025-09-05,0.007037406808209745
2025-09-08,0.00658754028191999
2025-09-09,0.008986447293266808
2025-09-10,0.07153874366170365
2025-09-11,0.0
2025-09-12,0.0
2025-09-15,0.0
2025-09-16,0.0010940081630861354
2025-09-17,-0.015676559042527405
2025-09-18,-0.014162884209350524
2025-09-19,-0.026139548367438148
2025-09-22,0.0013675108179778128
2025-09-23,0.01916010586075645
2025-09-24,0.008256749355612936
2025-09-25,-0.047267801887337146
2025-09-26,0.0038230639050411686
2025-09-29,0.022103206834362288
2025-09-30,-0.0010535365449291234
2025-10-01,-0.014416855335274925
2025-10-02,0.04128462369388064
2025-10-03,0.014892482294215359
2025-10-06,0.034786563456715935
2025-10-07,0.014864707129166321
2025-10-08,0.026538601328161437
2025-10-09,-0.005822983507196011
2025-10-10,-0.0009806014406295027
2025-10-13,0.1056919526535871
2025-10-14,0.0
2025-10-15,0.0
2025-10-16,0.0
2025-10-17,-0.028037450295302135
2025-10-20,0.04879487933503368
2025-10-21,-0.007657183984308702
2025-10-22,0.01300198193928881
2025-10-23,0.0017539057338651354
2025-10-24,0.05360867114878487
2025-10-27,0.037671721134356906
2025-10-28,0.007527461963902082
2025-10-29,0.016902988765952864
2025-10-30,-0.007941546961523493
2025-10-31,0.023939293661594974
2025-11-03,0.04132667358290987
2025-11-04,-0.06696552240626852
2025-11-05,0.0032154612417323314
2025-11-06,-0.0043854783836430045
2025-11-07,-0.03361238803609912
2025-11-10,0.06884215924913928
2025-11-11,0.0
2025-11-12,0.0
2025-11-13,0.0
2025-11-14,-0.05326723610230322
2025-11-17,-0.01586277557388649
2025-11-18,-0.027123628040076952
2025-11-19,-0.004314710472812955
2025-11-20,0.061816923519834255
2025-11-21,0.0
2025-11-24,0.0
2025-11-25,0.0
2025-11-26,0.028691412913050884
2025-11-28,0.024415865288054395
2025-12-01,-0.03641569656761812
2025-12-02,0.0052680578952479795
2025-12-03,-0.00821329012141081
2025-12-04,-0.013129868655854415
2025-12-05,0.01943153887150717
2025-12-08,0.04195657363573724
2025-12-09,-0.010677815765952059
2025-12-10,0.0015893416983030484
2025-12-11,-0.029520827475460698
2025-12-12,-0.05973602099342157
2025-12-15,0.024879582070029826
2025-12-16,-0.01432711804466913
2025-12-17,0.024757312916397822
2025-12-18,0.1312922999458519
2025-12-19,0.0
2025-12-22,0.0
2025-12-23,0.0
2025-12-24,0.007037575225113724
2025-12-26,0.012481986469352169
2025-12-29,-0.027205478542704165
2025-12-30,0.0026578773631689145
2025-12-31,0.0024877167442962644
2026-01-02,0.050326583032557215
2026-01-05,0.05897763746284035
2026-01-06,0.028378902971058606
2026-01-07,-0.02629358207701893
2026-01-08,0.008681262103313214
2026-01-09,0.027343108964155816
2026-01-12,-0.02213942530334867
2026-01-13,0.021592150933327225
2026-01-14,-0.02694166415412247
2026-01-15,0.09859570316615174
2026-01-16,0.0
2026-01-20,0.0
2026-01-21,0.0
2026-01-22,0.03903448781832486
2026-01-23,0.01032187389686956
2026-01-26,-0.011263525514279893
2026-01-27,0.05205920676725473
2026-01-28,0.0332367322238063
2026-01-29,0.028107968041258813
2026-01-30,-0.034480576914264316
2026-02-02,-0.007413346479262284
2026-02-03,0.02490874583749414
2026-02-04,-0.014790162903974613
2026-02-05,-0.02741193292973987
2026-02-06,0.025402645183881134
2026-02-09,-0.028083824374648958
2026-02-10,-0.007608784605575458
2026-02-11,0.0784748490273155
2026-02-12,0.0
2026-02-13,0.0
2026-02-17,0.0
2026-02-18,0.009633909714722
2026-02-19,-0.038328231942118096
2026-02-20,-0.007362749803431545
2026-02-23,-0.007132458227953831
2026-02-24,0.022606433196749487
2026-02-25,0.0398837976241011
2026-02-26,-0.02166265170060888
2026-02-27,-0.05294140578349149
2026-03-02,-0.04584113845091431
2026-03-03,-0.10118030393833666
2026-03-04,0.053941584492195105
2026-03-05,-0.029824706771949705
2026-03-06,-0.08977991764333337
2026-03-09,-0.03464145931528084
2026-03-10,0.009347466822878125
2026-03-11,0.014338345660247942
2026-03-12,-0.042740613258150706
2026-03-13,0.03316356103492657
2026-03-16,0.06144476190145132
2026-03-17,0.0
2026-03-18,0.0
2026-03-19,0.0
2026-03-20,0.005192831335131043
2026-03-23,0.031139628110861794
2026-03-24,-0.020751402171963917
2026-03-25,-0.033957823222012684
2026-03-26,-0.06287821546346362
2026-03-27,0.00029752600980481603
2026-03-30,0.033874608510448434
2026-03-31,0.0317521240564258
2026-04-01,0.034256597798357324
2026-04-02,-0.08329774657699573
2026-04-06,0.01852015991555045
2026-04-07,-0.01423406704185537
2026-04-08,0.11171084530525421
2026-04-09,0.0005202528835228648
2026-04-10,-0.0021220242761259556
2026-04-13,0.0025731577966865427
2026-04-14,0.030690495362639014
2026-04-15,-0.03557085848473884
2026-04-16,-0.017980965806874916
2026-04-17,0.04535691150910304
2026-04-20,0.004521508946972563
2026-04-21,0.00830724870913535
2026-04-22,0.03808604740388044
2026-04-23,-0.003922000688944216
2026-04-24,0.0568805547421416
2026-04-27,0.01686291049555999
2026-04-28,-0.07701477744132967
2026-04-29,0.03867644775725121
2026-04-30,0.029400316681216454
2026-05-01,-0.02248479407864301
2026-05-04,0.031701921380916875
2026-05-05,0.04278740041278639
2026-05-06,0.0381241483827508
2026-05-07,-0.03165285220229952
2026-05-08,0.05320689051635741
2026-05-11,0.0699862271838736
2026-05-12,0.0
2026-05-13,0.0
2026-05-14,0.0
2026-05-15,-0.10050649802593792
2026-05-18,0.058907823491552325
2026-05-19,-0.04670523918970437
2026-05-20,0.07987079061364133
2026-05-21,0.0
2026-05-22,0.0
2026-05-26,0.0
2026-05-27,0.0593644490968841
2026-05-28,0.0031111355486372894
2026-05-29,0.043561995892837935
2026-06-01,-0.010733657746899938
2026-06-02,0.10126054513038296
2026-06-03,0.0
2026-06-04,0.0
2026-06-05,0.0
2026-06-08,0.2006404633650385
2026-06-09,0.0
2026-06-10,0.0
2026-06-11,0.0
2026-06-12,-0.038753773839273364
2026-06-15,0.11732177252861109
2026-06-16,0.0
2026-06-17,0.0
2026-06-18,0.0
2026-06-22,0.0681407381636876
2026-06-23,0.0
2026-06-24,0.0
2026-06-25,0.0
2026-06-26,-0.09234094687152672
2026-06-29,0.005099424917965223
2026-06-30,0.003446623968953233
2026-07-01,-0.09836117925141352
2026-07-02,0.009677787133221205
2026-07-06,0.05978977949377784
2026-07-07,-0.11236379638170002
2026-07-08,-0.054022378355633616
2026-07-09,0.11720789924706199
2026-07-10,0.0
2026-07-13,0.0
2026-07-14,0.0
2026-07-15,0.0037311702625488774
2026-07-16,-0.05947444694027515
2026-07-17,-0.07872671419188315
2026-07-20,0.06187343277862323
2026-07-21,0.0
2026-07-22,0.0
2026-07-23,0.0
2026-07-24,-0.04054283912884116
2026-07-27,0.0247470102871008
2026-07-28,-0.11391403901627917
2026-07-29,0.010536068413062427
2026-07-30,0.14765623163277297
2026-07-31,0.0
2026-08-03,0.0
2026-08-04,0.0
2026-08-05,-0.05727616194565954
2026-08-06,-0.06884179382517941
2026-08-07,0.05548346683751193
2026-08-10,0.008377480724956365
2026-08-11,0.02672700802671879
2026-08-12,0.09644703351443207
2026-08-13,0.0
2026-08-14,0.0
