index,return
2000-01-03,0.0
2000-01-04,0.0
2000-01-05,-0.031465238222815106
2000-01-06,0.022221870942276567
2000-01-07,-0.03002021911506969
2000-01-10,0.03904606813151257
2000-01-11,-0.004975039307185791
2000-01-12,-0.0016028243117326424
2000-01-13,0.016048917194960266
2000-01-14,-0.007557080889853296
2000-01-18,0.004051102234967852
2000-01-19,0.014977605755530199
2000-01-20,0.0811818113352143
2000-01-21,0.0
2000-01-24,0.0
2000-01-25,0.0
2000-01-26,-0.03894916399652848
2000-01-27,0.025766217224108434
2000-01-28,-0.013148766283932134
2000-01-31,0.017343766358547397
2000-02-01,0.009711270714390263
2000-02-02,0.013829013040035587
2000-02-03,0.0353402549759807
2000-02-04,0.02286753738652214
2000-02-07,0.004321443862812524
2000-02-08,0.011939513500604626
2000-02-09,0.025078171139718775
2000-02-10,0.049881502359261365
2000-02-11,0.02885676757864264
2000-02-14,-0.033009202794749615
2000-02-15,0.026817207518638142
2000-02-16,0.02821263915640082
2000-02-17,0.007841548867137282
2000-02-18,-0.014243469845791723
2000-02-22,-0.04913777755858928
2000-02-23,-0.0044568838312407655
2000-02-24,0.01835882398261579
2000-02-25,-0.0019545163035602497
2000-02-28,-0.0008314424278517141
2000-02-29,0.03258313356386244
2000-03-01,0.047985503704292
2000-03-02,0.0
2000-03-03,0.0
2000-03-06,0.0
2000-03-07,0.0
2000-03-08,0.0
2000-03-09,0.0
2000-03-10,0.0
2000-03-13,0.0
2000-03-14,0.0
2000-03-15,0.0
2000-03-16,0.0
2000-03-17,0.0
2000-03-20,0.0
2000-03-21,0.0
2000-03-22,0.0
2000-03-23,0.0
2000-03-24,0.0
2000-03-27,0.0
2000-03-28,0.0
2000-03-29,0.0
2000-03-30,0.0
2000-03-31,0.0
2000-04-03,0.0
2000-04-04,0.03601530570086253
2000-04-05,-0.012472885913682008
2000-04-06,0.09797765288248517
2000-04-07,0.0
2000-04-10,0.0
2000-04-11,0.0
2000-04-12,-0.016229640442167903
2000-04-13,0.027094292406739884
2000-04-14,-0.07290174484122591
2000-04-17,-0.060157017994134976
2000-04-18,0.05433004714526768
2000-04-19,0.0
2000-04-20,0.0
2000-04-24,0.0
2000-04-25,0.057465051551057966
2000-04-26,0.0
2000-04-27,0.0
2000-04-28,0.0
2000-05-01,0.034330176537481494
2000-05-02,-0.001032899463103143
2000-05-03,-0.014077281485676774
2000-05-04,-0.008883527170985284
2000-05-05,-0.0072487271079493265
2000-05-08,-0.01794159825133035
2000-05-09,0.017218262036726273
2000-05-10,-0.017237722269923372
2000-05-11,0.027430617585255446
2000-05-12,0.023641901208870886
2000-05-15,0.00039016520236412333
2000-05-16,0.03953210726529699
2000-05-17,0.05098384373165432
2000-05-18,0.0
2000-05-19,0.0
2000-05-22,0.0
2000-05-23,-0.0035146919247007746
2000-05-24,0.0025836164468056033
2000-05-25,0.050848934417338176
2000-05-26,0.0
2000-05-30,0.0
2000-05-31,0.0
2000-06-01,0.04917933513231909
2000-06-02,0.0
2000-06-05,0.0
2000-06-06,0.0
2000-06-07,0.0029598171956788377
2000-06-08,0.04695916213065798
2000-06-09,0.026161263039679028
2000-06-12,0.016797312078146165
2000-06-13,-0.02828309366204973
2000-06-14,0.020553239518585453
2000-06-15,-0.00547523357419033
2000-06-16,0.011880961556277603
2000-06-19,0.012354126560879974
2000-06-20,0.012536359220200355
2000-06-21,-0.0222829906556945
2000-06-22,0.017071268182951016
2000-06-23,-0.012749201512170183
2000-06-26,0.020308538857265912
2000-06-27,0.01274078630003661
2000-06-28,0.022136613713558573
2000-06-29,-0.06823487756650104
2000-06-30,0.03127144134684401
2000-07-03,0.035595781483610756
2000-07-05,-0.06449318412903582
2000-07-06,-0.0035931255219195934
2000-07-07,0.012456294197503048
2000-07-10,-0.010227002811552532
2000-07-11,-0.009784186936153128
2000-07-12,0.05478716752855739
2000-07-13,0.061268842423096936
2000-07-14,0.0
2000-07-17,0.0
2000-07-18,0.0
2000-07-19,-0.026953392184901226
2000-07-20,-0.008435333049019778
2000-07-21,-0.046987088570888846
2000-07-24,0.016482969467897846
2000-07-25,0.02980648023818322
2000-07-26,-0.03114491231983918
2000-07-27,-0.07444324285677739
2000-07-28,0.013494566937830355
2000-07-31,0.06868736779130624
2000-08-01,0.0
2000-08-02,0.0
2000-08-03,0.0
2000-08-04,0.03770595666857779
2000-08-07,-0.00451525937662578
2000-08-08,-0.005759746226076001
2000-08-09,0.04612128165285201
2000-08-10,-0.04647656007057133
2000-08-11,-0.0058717979959698186
2000-08-14,0.04521126994227109
2000-08-15,0.01775020909939906
2000-08-16,0.05034962324973491
2000-08-17,-0.03147630511620947
2000-08-18,0.022145292669126126
2000-08-21,0.02956322649238241
2000-08-22,-0.03167386309104614
2000-08-23,-0.005540351585623271
2000-08-24,0.00835131149988566
2000-08-25,-0.011697376257465919
2000-08-28,0.012302418212965183
2000-08-29,0.0024791840627160777
2000-08-30,-0.012293357723388687
2000-08-31,0.008872960383127904
2000-09-01,0.03498181138693113
2000-09-05,0.03428515106881913
2000-09-06,-0.05792821709662188
2000-09-07,0.025374824678649377
2000-09-08,-0.014917832302765222
2000-09-11,-0.040279492832411945
2000-09-12,0.024342796849762705
2000-09-13,-0.025152739515867273
2000-09-14,0.030817867558210255
2000-09-15,-0.008777518051880984
2000-09-18,0.02067325195641745
2000-09-19,-0.009078386708240016
2000-09-20,-0.02297799744772311
2000-09-21,-0.021776581569998954
2000-09-22,-0.11651093300104087
2000-09-25,0.028028547864238584
2000-09-26,0.023107118261038284
2000-09-27,0.023856902343456277
2000-09-28,-0.020132174867274366
2000-09-29,-0.04679597946180469
2000-10-02,0.024592172937854206
2000-10-03,0.050715159572138235
2000-10-04,-0.0016218959408784706
2000-10-05,-0.020648772949246053
2000-10-06,0.016674372419930972
2000-10-09,0.009765425638073921
2000-10-10,-0.045128465433089016
2000-10-11,-0.07108804708113658
2000-10-12,0.062463864504717526
2000-10-13,0.0
2000-10-16,0.0
2000-10-17,0.0
2000-10-18,-0.05183649864321305
2000-10-19,0.17828302881196056
2000-10-20,0.0
2000-10-23,0.0
2000-10-24,0.0
2000-10-25,-0.05192255650602462
2000-10-26,0.019928334070023812
2000-10-27,0.017956136267696543
2000-10-30,-0.017053454546670066
2000-10-31,0.08388534050483254
2000-11-01,0.0
2000-11-02,0.0
2000-11-03,0.0
2000-11-06,0.052568266983541445
2000-11-07,0.01784607800476823
2000-11-08,0.012422749490487162
2000-11-09,-0.08156202402670132
2000-11-10,0.0011575152479308404
2000-11-13,-0.07481415807094138
2000-11-14,0.09960597729139953
2000-11-15,0.0
2000-11-16,0.0
2000-11-17,0.0
2000-11-20,-0.04960089744321572
2000-11-21,0.03932015044144754
2000-11-22,0.01653107267897469
2000-11-24,0.0690792569270795
2000-11-27,0.0
2000-11-28,0.0
2000-11-29,0.0
2000-11-30,-0.17136360256906658
2000-12-01,0.07103332590014588
2000-12-04,0.0
2000-12-05,0.0
2000-12-06,0.0
2000-12-07,-0.06691252480185483
2000-12-08,0.16055057019134078
2000-12-11,0.0
2000-12-12,0.0
2000-12-13,0.0
2000-12-14,0.0038129842668463976
2000-12-15,-0.05325646966225106
2000-12-18,0.029391624418556805
2000-12-19,-0.00035435523550630954
2000-12-20,-0.08780462598446481
2000-12-21,-0.01640275993190199
2000-12-22,0.10270200232469961
2000-12-26,0.0
2000-12-27,0.0
2000-12-28,0.0
2000-12-29,5.744848895483656e-06
2001-01-02,0.04332552080699448
2001-01-03,-0.019794811690839298
2001-01-04,-0.017836442791855367
2001-01-05,0.00577620334572293
2001-01-08,-0.016572652167067825
2001-01-09,0.06091449226683232
2001-01-10,0.0
2001-01-11,0.0
2001-01-12,0.0
2001-01-16,0.003547492486657422
2001-01-17,0.14888021179889943
2001-01-18,0.0
2001-01-19,0.0
2001-01-22,0.0
2001-01-23,-0.018915904993706656
2001-01-24,0.0021417193315795835
2001-01-25,-0.02091165175311116
2001-01-26,-0.06860304425077202
2001-01-29,-0.010327815522259698
2001-01-30,0.027763713661135503
2001-01-31,-0.00947176896318025
2001-02-01,0.016056894056065696
2001-02-02,0.022298663232810156
2001-02-05,-0.016504427324095405
2001-02-06,0.0269143119340034
2001-02-07,-0.013771597812203829
2001-02-08,0.01599509788932796
2001-02-09,-0.014832842056969442
2001-02-12,-0.00918488585260313
2001-02-13,0.008034747884558158
2001-02-14,0.001494329635045144
2001-02-15,0.0022063119525652652
2001-02-16,-0.07672113560172322
2001-02-20,0.01930777249830906
2001-02-21,-0.06038515827222679
2001-02-22,-0.008935407906530801
2001-02-23,-0.015002540253921115
2001-02-26,0.04507376933105922
2001-02-27,-0.022345340031644345
2001-02-28,0.01687690806252462
2001-03-01,-0.025277795380793888
2001-03-02,-0.1013690874927553
2001-03-05,0.031030214764765418
2001-03-06,0.12412293800436225
2001-03-07,0.0
2001-03-08,0.0
2001-03-09,0.0
2001-03-12,-0.03820716881908126
2001-03-13,0.05657390154839281
2001-03-14,-0.08186564636765703
2001-03-15,0.08472435995856631
2001-03-16,0.0
2001-03-19,0.0
2001-03-20,0.0
2001-03-21,-0.006396367856230101
2001-03-22,0.064037181445316
2001-03-23,0.0
2001-03-26,0.0
2001-03-27,0.0
2001-03-28,-0.060248549604808854
2001-03-29,-0.01664198321724808
2001-03-30,-0.034137117735447364
2001-04-02,-0.0062529669526802945
2001-04-03,0.0
2001-04-04,0.0
2001-04-05,0.0
2001-04-06,0.0
2001-04-09,0.0
2001-04-10,0.0
2001-04-11,0.0
2001-04-12,0.0
2001-04-16,0.0
2001-04-17,0.0
2001-04-18,0.0
2001-04-19,0.0
2001-04-20,0.0
2001-04-23,0.0
2001-04-24,0.0
2001-04-25,0.0
2001-04-26,0.0
2001-04-27,0.0
2001-04-30,0.0
2001-05-01,0.0
2001-05-02,0.03632291556157852
2001-05-03,-0.07915050932098489
2001-05-04,-0.07173704726677044
2001-05-07,-0.0014181115260886168
2001-05-08,0.08010585328318887
2001-05-09,0.0
2001-05-10,0.0
2001-05-11,0.0
2001-05-14,-0.00039109621640776027
2001-05-15,0.013307588137167148
2001-05-16,-0.029825989668446073
2001-05-17,0.013173365153342553
2001-05-18,-0.012223080472004377
2001-05-21,-0.012861813206396122
2001-05-22,0.0027318439033658937
2001-05-23,0.007004942668003222
2001-05-24,-0.029647888777302178
2001-05-25,0.0226160953853507
2001-05-29,-0.020389225309952796
2001-05-30,-0.026393665858619464
2001-05-31,-0.006844507763203556
2001-06-01,0.03251295492285977
2001-06-04,-0.028858741824966283
2001-06-05,0.02375655558676848
2001-06-06,0.07774702428066793
2001-06-07,0.0
2001-06-08,0.0
2001-06-11,0.0
2001-06-12,-0.06871425716117163
2001-06-13,0.008832529455428118
2001-06-14,-0.04334540614937288
2001-06-15,-0.03434408055498761
2001-06-18,0.006017056288172951
2001-06-19,0.06339002609189026
2001-06-20,0.0
2001-06-21,0.0
2001-06-22,0.0
2001-06-25,0.05075974249312076
2001-06-26,-0.029672286119269198
2001-06-27,-0.004053841505770817
2001-06-28,0.026721825905388963
2001-06-29,0.008381191091174633
2001-07-02,-0.0005283560936946152
2001-07-03,-0.019495922880492622
2001-07-05,-0.04819141034875929
2001-07-06,-0.1571615199162486
2001-07-09,0.07216301053945018
2001-07-10,0.0
2001-07-11,0.0
2001-07-12,0.0
2001-07-13,-0.026745680981793085
2001-07-16,0.02919444725867093
2001-07-17,-0.04886663311542261
2001-07-18,-0.031744629796634616
2001-07-19,0.04294925336415689
2001-07-20,0.007166646750667027
2001-07-23,0.025096282041332296
2001-07-24,-0.03401539468243908
2001-07-25,0.005111435423384325
2001-07-26,0.0030080155183818125
2001-07-27,-0.01915716558023839
2001-07-30,0.04099177712182023
2001-07-31,0.04075468655811476
2001-08-01,0.1340245937121629
2001-08-02,0.0
2001-08-03,0.0
2001-08-06,0.0
2001-08-07,-0.0016269542820928073
2001-08-08,-0.007537383460067049
2001-08-09,-0.018915345075665835
2001-08-10,-0.00445172563635432
2001-08-13,0.03446170297699047
2001-08-14,-0.01691343343204066
2001-08-15,0.025450310778154295
2001-08-16,-0.027674528006409904
2001-08-17,-0.04388393077382724
2001-08-20,-0.013017395120623054
2001-08-21,0.010738584171027243
2001-08-22,0.03223901563172871
2001-08-23,0.0037636728014300846
2001-08-24,0.02535954405548524
2001-08-27,-0.007719028616320567
2001-08-28,0.00937952824414423
2001-08-29,0.018607149581731708
2001-08-30,-0.021888542600293603
2001-08-31,-0.009461333971730546
2001-09-04,-0.02954453992287953
2001-09-05,-0.010888441088170109
2001-09-06,-0.025576197208779905
2001-09-07,-0.00791548617704696
2001-09-10,-0.005640010514149751
2001-09-17,-0.20836729128518527
2001-09-18,0.01495329547812374
2001-09-19,0.04719991953894076
2001-09-20,-0.047210119128675454
2001-09-21,-0.10190425159651595
2001-09-24,0.09936520291867135
2001-09-25,0.0
2001-09-26,0.0
2001-09-27,0.0
2001-09-28,0.05750449492882792
2001-10-01,-0.003440157672181199
2001-10-02,-0.021340778133037586
2001-10-03,-0.020849498006732525
2001-10-04,0.08197526925255416
2001-10-05,0.0
2001-10-08,0.0
2001-10-09,0.0
2001-10-10,-0.010360146067021958
2001-10-11,0.07210814643416197
2001-10-12,0.0
2001-10-15,0.0
2001-10-16,0.0
2001-10-17,0.07975564375938982
2001-10-18,0.0
2001-10-19,0.0
2001-10-22,0.0
2001-10-23,0.025250160625711615
2001-10-24,-0.003360815612857948
2001-10-25,-0.03384528752999705
2001-10-26,-0.004597695847722849
2001-10-29,-0.026006863665342994
2001-10-30,-0.01697732017043585
2001-10-31,0.06899009700659908
2001-11-01,0.0
2001-11-02,0.0
2001-11-05,0.0
2001-11-06,-0.010124247424952215
2001-11-07,-0.015395161456962847
2001-11-08,0.07807526397967979
2001-11-09,0.0
2001-11-12,0.0
2001-11-13,0.0
2001-11-14,0.02029077688151859
2001-11-15,-0.007834397443981067
2001-11-16,-0.005613561997368177
2001-11-19,0.009608491333978675
2001-11-20,-0.019211415670840393
2001-11-21,-0.015771194877552297
2001-11-23,-0.0017013279792729152
2001-11-26,0.029162068864315716
2001-11-27,-0.017086200867604373
2001-11-28,-0.01262099005909989
2001-11-29,0.04354228549482819
2001-11-30,-0.004897127885176822
2001-12-03,0.015909599209356307
2001-12-04,0.024233414031574974
2001-12-05,0.07159323234973436
2001-12-06,0.0
2001-12-07,0.0
2001-12-10,0.0
2001-12-11,0.026506426202379973
2001-12-12,0.018083952027164507
2001-12-13,-0.06981274032416729
2001-12-14,0.002776961638047526
2001-12-17,0.003349541836159098
2001-12-18,0.01736661439454057
2001-12-19,-0.05517582135868093
2001-12-20,-0.009744113046416869
2001-12-21,0.014539158653666506
2001-12-24,0.0006196095572816862
2001-12-26,0.008974100501858429
2001-12-27,0.030422661778761295
2001-12-28,0.036265345534348015
2001-12-31,0.02182369225346803
2002-01-02,0.06032927318874948
2002-01-03,0.0
2002-01-04,0.0
2002-01-07,0.0
2002-01-08,0.009674855634111745
2002-01-09,0.018069038203997856
2002-01-10,-0.007123564539198601
2002-01-11,0.008846166910515763
2002-01-14,-0.0057151771790437955
2002-01-15,0.03362396571632664
2002-01-16,-0.017908595891088064
2002-01-17,0.03456505384523356
2002-01-18,-0.038135348427650206
2002-01-22,0.014255693870985242
2002-01-23,0.01676499134594578
2002-01-24,0.011585042930358558
2002-01-25,-0.022727855956566234
2002-01-28,0.018048634285737997
2002-01-29,0.006046252753338255
2002-01-30,0.011680463065425473
2002-01-31,0.015029824726726648
2002-02-01,-0.0017912289594333997
2002-02-04,-0.04241648925069408
2002-02-05,-0.03511019385171432
2002-02-06,0.041686233234556225
2002-02-07,0.0
2002-02-08,0.0
2002-02-11,0.0
2002-02-12,-0.02302967591877947
2002-02-13,0.019055068384320917
2002-02-14,0.008153519880089943
2002-02-15,-0.02909501537460013
2002-02-19,-0.051488736529071044
2002-02-20,-0.002749780843457339
2002-02-21,-0.011543141998458073
2002-02-22,-0.023891437051605457
2002-02-25,0.005363775696215045
2002-02-26,0.0015767258589420852
2002-02-27,0.022934058766660215
2002-02-28,-0.0029578118149083954
2002-03-01,0.007823534650906128
2002-03-04,0.004368470227784638
2002-03-05,-0.0293492839479218
2002-03-06,-0.06819611120999702
2002-03-07,0.013564281313488635
2002-03-08,0.04001190407112465
2002-03-11,-0.01925246916808865
2002-03-12,-0.03469785267224246
2002-03-13,-0.01685156775690788
2002-03-14,-0.036172887889884486
2002-03-15,-0.00018837525801862487
2002-03-18,0.019388735066984797
2002-03-19,0.011462334370404115
2002-03-20,-0.019776232603791466
2002-03-21,0.01708321082920139
2002-03-22,0.009465105923082362
2002-03-25,-0.004839917188769749
2002-03-26,-0.012079638524530756
2002-03-27,-0.05028749068993865
2002-03-28,0.01184811456011614
2002-04-01,-0.038440870954863704
2002-04-02,-0.016019255724844417
2002-04-03,-0.007857128027605742
2002-04-04,0.00042856055325257714
2002-04-05,0.00687387029026687
2002-04-08,-0.060487972140345514
2002-04-09,0.00875003876363345
2002-04-10,0.022359272630924742
2002-04-11,-0.03094252809549425
2002-04-12,0.011168984086686429
2002-04-15,0.011343675167923006
2002-04-16,0.04573407671859919
2002-04-17,0.0
2002-04-18,0.0
2002-04-19,0.0
2002-04-22,-0.010873091679931668
2002-04-23,0.022060603272632928
2002-04-24,0.06828900594172316
2002-04-25,0.0
2002-04-26,0.0
2002-04-29,0.0
2002-04-30,0.0018799901781350048
2002-05-01,-0.0054189945354568
2002-05-02,0.023255994388862167
2002-05-03,-0.002356135707768048
2002-05-06,-0.02530598631105352
2002-05-07,0.04846815649255709
2002-05-08,0.13066614616970962
2002-05-09,0.0
2002-05-10,0.0
2002-05-13,0.0
2002-05-14,0.13119190961989857
2002-05-15,0.0
2002-05-16,0.0
2002-05-17,0.0
2002-05-20,0.0010476011845921285
2002-05-21,0.0293862825338147
2002-05-22,-0.010560789891349787
2002-05-23,0.009287911059592924
2002-05-24,-0.03148108729668819
2002-05-28,0.030200743743469705
2002-05-29,-0.03588345517605773
2002-05-30,-0.042786538164591326
2002-05-31,0.00671124520176436
2002-06-03,-0.02015051009762381
2002-06-04,-0.004234826139500769
2002-06-05,-0.0017794841895582003
2002-06-06,-0.026035633185497176
2002-06-07,-0.1843164720141378
2002-06-10,0.013486000924330499
2002-06-11,0.026427603842752667
2002-06-12,-0.000848873823023788
2002-06-13,-0.009261613527248969
2002-06-14,-0.040452318232815254
2002-06-17,0.04470552724669452
2002-06-18,-0.01106938906364563
2002-06-19,-0.1618710124697117
2002-06-20,-0.002432777287271981
2002-06-21,-0.02279571769742328
2002-06-24,-0.030668451575435185
2002-06-25,0.05686686937652485
2002-06-26,-0.17536814147209145
2002-06-27,0.08181742730116093
2002-06-28,0.0
2002-07-01,0.0
2002-07-02,0.0
2002-07-03,-0.04546892664826452
2002-07-05,0.1455598753127647
2002-07-08,0.0
2002-07-09,0.0
2002-07-10,0.0
2002-07-11,-0.018288043221232786
2002-07-12,0.06412810129215729
2002-07-15,0.0
2002-07-16,0.0
2002-07-17,0.0
2002-07-18,-0.06250469743809284
2002-07-19,-0.03557753524485796
2002-07-22,-0.001967913603053928
2002-07-23,0.03295661081516199
2002-07-24,-0.034052473040078635
2002-07-25,-0.0811490339425035
2002-07-26,0.04532089243879178
2002-07-29,0.07428049555162719
2002-07-30,0.0
2002-07-31,0.0
2002-08-01,0.0
2002-08-02,0.02130654473833893
2002-08-05,0.02795134957822376
2002-08-06,0.08711870009363687
2002-08-07,0.0
2002-08-08,0.0
2002-08-09,0.0
2002-08-12,-0.03974022209281636
2002-08-13,0.002172839960823625
2002-08-14,0.013365889879391357
2002-08-15,0.019745563918206033
2002-08-16,-0.035630584914853825
2002-08-19,0.04308059255683783
2002-08-20,-0.014344644621587355
2002-08-21,0.06801923988486624
2002-08-22,0.0
2002-08-23,0.0
2002-08-26,0.0
2002-08-27,0.015622922510391879
2002-08-28,-0.027074729157769206
2002-08-29,-0.05803704525313247
2002-08-30,-0.019502239365771223
2002-09-03,-0.06017661416203757
2002-09-04,0.0154150750378097
2002-09-05,-0.03950140801262769
2002-09-06,0.09317916838921159
2002-09-09,0.0
2002-09-10,0.0
2002-09-11,0.0
2002-09-12,-0.043900450319645734
2002-09-13,-0.0551892123506621
2002-09-16,-0.0110138563302844
2002-09-17,0.07307916243258883
2002-09-18,0.0
2002-09-19,0.0
2002-09-20,0.0
2002-09-23,-0.06461394563403855
2002-09-24,-0.04905978243897402
2002-09-25,0.062223997463020764
2002-09-26,0.0
2002-09-27,0.0
2002-09-30,0.0
2002-10-01,0.03322979290641448
2002-10-02,0.0018885353646742598
2002-10-03,-0.12482862080278978
2002-10-04,0.015053491752680559
2002-10-07,-0.006427668151258503
2002-10-08,0.05174135870439067
2002-10-09,-0.021822254390423623
2002-10-10,0.005445761359015533
2002-10-11,0.11355530077693476
2002-10-14,0.0
2002-10-15,0.0
2002-10-16,0.0
2002-10-17,0.2978348135893134
2002-10-18,0.0
2002-10-21,0.0
2002-10-22,0.0
2002-10-23,0.010531392544401275
2002-10-24,0.04792668356535623
2002-10-25,-0.04604480150394774
2002-10-28,0.09482415367083297
2002-10-29,0.0
2002-10-30,0.0
2002-10-31,0.0
2002-11-01,-0.010260435521953992
2002-11-04,0.02754260112373319
2002-11-05,-0.009492241869107576
2002-11-06,0.012908018772874064
2002-11-07,-0.01983451147216042
2002-11-08,0.002398278307302437
2002-11-11,-0.0022678870466129597
2002-11-12,0.006876167790655474
2002-11-13,-0.007796443130193342
2002-11-14,0.020900692350633188
2002-11-15,-0.030615355425921975
2002-11-18,0.005248899001240037
2002-11-19,-0.01026715002503309
2002-11-20,0.0006696167274078402
2002-11-21,0.0030739011286824436
2002-11-22,-0.008207541479877789
2002-11-25,-0.007303207818858848
2002-11-26,-0.008052122718334886
2002-11-27,0.024639713400374408
2002-11-29,0.013869634004418874
2002-12-02,0.02264767965342185
2002-12-03,-0.0001612911051894761
2002-12-04,-0.0242694143690404
2002-12-05,0.022505981298867717
2002-12-06,-0.018543781503961188
2002-12-09,-0.011741449434602647
2002-12-10,0.016686413319461746
2002-12-11,-0.0034803873870966617
2002-12-12,0.013218477275710239
2002-12-13,-0.00906341804216404
2002-12-16,0.0071422525566304795
2002-12-17,-0.0003363225383756774
2002-12-18,-0.01140497119267081
2002-12-19,-0.00020412808651548708
2002-12-20,0.011699928028752415
2002-12-23,0.0028808796902322076
2002-12-24,-0.00023822400311945824
2002-12-26,0.0038420712655591327
2002-12-27,-0.01312675042241418
2002-12-30,-0.0018984696738604256
2002-12-31,-0.0001911937613954251
2003-01-02,0.014277021590833439
2003-01-03,0.003179520267199365
2003-01-06,0.0004510197270921612
2003-01-07,0.020815350041823555
2003-01-08,-0.006953888548517306
2003-01-09,0.012222366538461316
2003-01-10,-0.008800665813603725
2003-01-13,0.015466439309651081
2003-01-14,-0.006378256573152941
2003-01-15,0.004967720449819968
2003-01-16,0.003365071590683666
2003-01-17,0.002650436711222337
2003-01-21,0.011581801397578362
2003-01-22,-0.0075441006028589275
2003-01-23,0.010592001847383292
2003-01-24,-0.008763319740326292
2003-01-27,-0.011108193865321359
2003-01-28,0.00587442363673607
2003-01-29,-0.012650831913095684
2003-01-30,0.0035912530326027703
2003-01-31,0.0075765292164819975
2003-02-03,-0.0011182779018186206
2003-02-04,-0.004967588939523537
2003-02-05,0.015908731291415457
2003-02-06,0.03864875016829994
2003-02-07,0.03886797194976155
2003-02-10,-0.007241883041229857
2003-02-11,-0.012739622063654643
2003-02-12,0.0009220202150903578
2003-02-13,0.012807296167453464
2003-02-14,0.09118511698013299
2003-02-18,0.0
2003-02-19,0.0
2003-02-20,0.0
2003-02-21,0.011374484487324255
2003-02-24,-0.008049679176554192
2003-02-25,-0.03338320405999162
2003-02-26,-0.017812193881186045
2003-02-27,0.005507345636347916
2003-02-28,-0.004611232682702138
2003-03-03,0.014495849651732673
2003-03-04,-0.003068608354103386
2003-03-05,-0.010884664831357305
2003-03-06,-0.00604413699424311
2003-03-07,-0.03954097828720704
2003-03-10,-0.006936697755644539
2003-03-11,0.010969299919674436
2003-03-12,-0.004329941945167892
2003-03-13,0.04585803572814595
2003-03-14,-0.008058826432318145
2003-03-17,-0.024803759966703476
2003-03-18,0.010017387138457234
2003-03-19,0.016338626964891967
2003-03-20,0.0008179617640433623
2003-03-21,0.07727216159415251
2003-03-24,0.0
2003-03-25,0.0
2003-03-26,0.0
2003-03-27,-0.023443508036386396
2003-03-28,-0.01377833726522315
2003-03-31,-0.06457605307760683
2003-04-01,0.019408623670855052
2003-04-02,0.06885889842458348
2003-04-03,0.0
2003-04-04,0.0
2003-04-07,0.0
2003-04-08,-0.0034112517232917083
2003-04-09,-0.008789984112667515
2003-04-10,0.018635786809033883
2003-04-11,0.019255898117382486
2003-04-14,-0.009929196079367375
2003-04-15,-0.038798580056015
2003-04-16,0.04293759366301164
2003-04-17,-0.03341033133467908
2003-04-21,0.02603855440732783
2003-04-22,0.00635184489651297
2003-04-23,0.004496788045283973
2003-04-24,-0.00033195037505295844
2003-04-25,-0.0037929140675102557
2003-04-28,-0.002870162380767649
2003-04-29,0.035797064754998775
2003-04-30,-0.0037080025811375705
2003-05-01,-0.00812835766770148
2003-05-02,0.008345541676440638
2003-05-05,0.016521325677157694
2003-05-06,-0.003638018886187089
2003-05-07,-0.023098339669498036
2003-05-08,-0.01690576577322922
2003-05-09,0.12396108234317738
2003-05-12,0.0
2003-05-13,0.0
2003-05-14,0.0
2003-05-15,0.019217785073838423
2003-05-16,-0.007422220061417351
2003-05-19,-0.031871707295269114
2003-05-20,0.020541346544098893
2003-05-21,-0.009439366905069746
2003-05-22,0.009953134125708196
2003-05-23,0.014767577419443567
2003-05-27,-0.025584983912365633
2003-05-28,0.0201596193478768
2003-05-29,0.0068093107927764684
2003-05-30,0.07939202186508898
2003-06-02,0.0
2003-06-03,0.0
2003-06-04,0.0
2003-06-05,-0.015311816800977818
2003-06-06,0.04411672129862931
2003-06-09,-0.012797432308747858
2003-06-10,-0.0038336381617138926
2003-06-11,-0.0070788553145265665
2003-06-12,0.00794273156538039
2003-06-13,-0.039792420044777344
2003-06-16,0.016574230557300007
2003-06-17,0.0288070130267275
2003-06-18,-0.033489569819722176
2003-06-19,-0.0006132757954917523
2003-06-20,0.018801932677281474
2003-06-23,-0.002613896355490475
2003-06-24,-0.012783169660899096
2003-06-25,0.011341134293896493
2003-06-26,0.006104566278296586
2003-06-27,0.01727356513506284
2003-06-30,0.024400221111078535
2003-07-01,-0.0036044721582182415
2003-07-02,0.04294220886741562
2003-07-03,-0.02786342438509426
2003-07-07,0.013383727503530451
2003-07-08,-0.015471254038352478
2003-07-09,0.0031075745538351462
2003-07-10,-0.04152284505195669
2003-07-11,0.006252899859820804
2003-07-14,0.04472015938108087
2003-07-15,-0.007739542837780111
2003-07-16,0.02501482313624681
2003-07-17,-0.059996209695993175
2003-07-18,0.007663953025607517
2003-07-21,0.005100421284148782
2003-07-22,0.029751340684192717
2003-07-23,-0.03834597813002116
2003-07-24,0.05448665776572992
2003-07-25,0.0
2003-07-28,0.0
2003-07-29,0.0
2003-07-30,-0.007791557201557331
2003-07-31,0.020834390468544184
2003-08-01,-0.0053577450986849184
2003-08-04,-0.010783763030713933
2003-08-05,0.02623703569808611
2003-08-06,-0.00018439973468775683
2003-08-07,-0.027435319341052034
2003-08-08,-0.08191533087687008
2003-08-11,0.018398083932669174
2003-08-12,0.0033767497715975203
2003-08-13,0.0024224823222105396
2003-08-14,-0.02383858091758917
2003-08-15,-0.006480004190696498
2003-08-18,0.017603070997212145
2003-08-19,0.026723879329275002
2003-08-20,-0.039202299415649455
2003-08-21,0.03160468226897151
2003-08-22,0.05292649054113996
2003-08-25,0.007712039154854633
2003-08-26,-0.017913974771803454
2003-08-27,0.008986190669058258
2003-08-28,0.00974253764152655
2003-08-29,-0.005830025011165807
2003-09-02,0.015974519262320408
2003-09-03,0.024567055210319877
2003-09-04,-0.007779608051937781
2003-09-05,-0.0075197498348503755
2003-09-08,0.006795197066958858
2003-09-09,-0.009982223932792356
2003-09-10,-0.020608695217429474
2003-09-11,0.001037674353761231
2003-09-12,0.005844267102077749
2003-09-15,0.013900780966101811
2003-09-16,0.00834048481382954
2003-09-17,-0.0008865308321481802
2003-09-18,-0.011758646800868133
2003-09-19,0.002329167392964404
2003-09-22,-0.03830476684877415
2003-09-23,0.011347640538630355
2003-09-24,0.017075421665735613
2003-09-25,0.011690925015981568
2003-09-26,-0.019264046606886853
2003-09-29,0.033336467563281014
2003-09-30,-0.04698271966384093
2003-10-01,0.013694674665205575
2003-10-02,0.0013317808723209978
2003-10-03,0.0803503425955252
2003-10-06,0.0
2003-10-07,0.0
2003-10-08,0.0
2003-10-09,0.0371104159644835
2003-10-10,0.012260821318421211
2003-10-13,0.005857766177539414
2003-10-14,-0.026024443363807492
2003-10-15,0.05847601385854784
2003-10-16,0.0
2003-10-17,0.0
2003-10-20,0.0
2003-10-21,0.016186083344224
2003-10-22,-0.028328030176035024
2003-10-23,-0.03331290659762387
2003-10-24,0.009670152132586596
2003-10-27,0.05150937914011311
2003-10-28,0.06094692672182944
2003-10-29,0.0
2003-10-30,0.0
2003-10-31,0.0
2003-11-03,0.034170523237730954
2003-11-04,-0.011774938643502875
2003-11-05,-0.0033109484496081087
2003-11-06,0.023034594512463924
2003-11-07,0.0030293253886251037
2003-11-10,-0.028314526046423594
2003-11-11,-0.007133893167731609
2003-11-12,0.014027096313827592
2003-11-13,-0.012818860700361534
2003-11-14,-0.008134712166623537
2003-11-17,-0.03508289337498682
2003-11-18,0.023927291962720032
2003-11-19,0.0069408805505568605
2003-11-20,-0.0630580673058877
2003-11-21,0.020640856823565645
2003-11-24,0.015270170476260336
2003-11-25,0.019875474583779473
2003-11-26,0.01968101538606226
2003-11-28,-0.00034866824082113723
2003-12-01,0.022004315164233956
2003-12-02,0.010422040132573862
2003-12-03,0.016811619303451097
2003-12-04,0.01337662169039544
2003-12-05,-0.04139402456084762
2003-12-08,-0.010325265771243042
2003-12-09,0.02872933494718377
2003-12-10,-0.008697434842710794
2003-12-11,0.007368388613611998
2003-12-12,0.012538089793391105
2003-12-15,0.04766372513496164
2003-12-16,0.0036466407184212457
2003-12-17,-0.0033379531314753352
2003-12-18,0.015121038107971163
2003-12-19,0.005235182314199616
2003-12-22,-0.010554524667417131
2003-12-23,0.002209560274070377
2003-12-24,-0.0008574843345917627
2003-12-26,0.0029180121396530367
2003-12-29,0.015019356576863263
2003-12-30,0.005491120819474782
2003-12-31,0.005608799762553129
2004-01-02,0.020875533050484396
2004-01-05,0.017141255649711917
2004-01-06,0.0007902789044422764
2004-01-07,0.006922887353721707
2004-01-08,0.028201350117084578
2004-01-09,-0.01251153407588712
2004-01-12,0.006310961350839195
2004-01-13,0.007238384666033992
2004-01-14,0.008275528772140772
2004-01-15,-0.011090546776734045
2004-01-16,0.013106807639735152
2004-01-20,0.02266144220805466
2004-01-21,-0.03503081774849959
2004-01-22,-0.0011890013829660706
2004-01-23,0.007032508233602908
2004-01-26,-0.002602992718268804
2004-01-27,0.002251921991689443
2004-01-28,0.024870564547447405
2004-01-29,0.011620666144831926
2004-01-30,0.004204363427216196
2004-02-02,0.024203982741468844
2004-02-03,-0.0015955192087609982
2004-02-04,-0.0192958809666699
2004-02-05,0.008849108552372753
2004-02-06,0.009268534096247505
2004-02-09,0.012921504986005194
2004-02-10,0.009645641694460805
2004-02-11,-0.0013185052518702722
2004-02-12,0.007066968446541866
2004-02-13,0.017647510628602703
2004-02-17,0.03256404434666704
2004-02-18,0.00671291850347866
2004-02-19,0.03523232500077378
2004-02-20,-0.010761288698961646
2004-02-23,-0.03415122695535566
2004-02-24,-0.07508313332993855
2004-02-25,0.01675568019113438
2004-02-26,-0.0052654677146676265
2004-02-27,0.016076950351678443
2004-03-01,-0.015495158864081149
2004-03-02,0.0010620592323227207
2004-03-03,-0.009735490173429007
2004-03-04,-0.004459502837373397
2004-03-05,-0.02257549863272812
2004-03-08,0.06051630879957015
2004-03-09,0.0
2004-03-10,0.0
2004-03-11,0.0
2004-03-12,0.042711523501548054
2004-03-15,0.0
2004-03-16,0.0
2004-03-17,0.0
2004-03-18,0.009108627141665382
2004-03-19,0.014126416807844766
2004-03-22,-0.019815093599267586
2004-03-23,0.036201415191624786
2004-03-24,0.000632581907044738
2004-03-25,0.012975953061337808
2004-03-26,-0.006786960403678988
2004-03-29,0.029950780612433503
2004-03-30,0.030829736902572735
2004-03-31,0.008970489611794141
2004-04-01,0.01566519078613382
2004-04-02,0.03171634234733922
2004-04-05,-0.01400940867276812
2004-04-06,-0.027761351966498093
2004-04-07,0.0006355208962645076
2004-04-08,0.028741964128641495
2004-04-12,0.008447217501064586
2004-04-13,0.011209428038835512
2004-04-14,-0.026497207060797168
2004-04-15,-0.01333662395837587
2004-04-16,0.00021663805238936185
2004-04-19,0.003107646129974384
2004-04-20,0.008260693259810381
2004-04-21,0.006690953078875461
2004-04-22,-0.015395052369033935
2004-04-23,0.01800628343796218
2004-04-26,0.006028673479885338
2004-04-27,0.008640776347833334
2004-04-28,-0.011763310444745878
2004-04-29,-0.006217884774906368
2004-04-30,0.0030519078176567405
2004-05-03,0.03149163525552079
2004-05-04,0.013712950766042287
2004-05-05,0.013545097739495082
2004-05-06,0.005137416164260333
2004-05-07,0.015015092581398992
2004-05-10,-0.01261352586571296
2004-05-11,0.020229779614695076
2004-05-12,-0.01608821998505172
2004-05-13,-0.011086339236859644
2004-05-14,0.005330459829600898
2004-05-17,-0.018180835929095918
2004-05-18,0.021934323210101025
2004-05-19,0.04497015542458804
2004-05-20,0.001384904020982125
2004-05-21,0.01898468896339045
2004-05-24,0.014162300090510671
2004-05-25,-0.0007091479537427725
2004-05-26,-7.201051947069992e-05
2004-05-27,0.015668558395527388
2004-05-28,0.0113911818076613
2004-06-01,-0.013472681074863657
2004-06-02,0.011975963905455522
2004-06-03,-0.010676160487162023
2004-06-04,0.028872760803968722
2004-06-07,0.014149701511524393
2004-06-08,-0.0017524221553261166
2004-06-09,0.0018041267406083694
2004-06-10,0.01766068870199944
2004-06-14,-0.0016905444798231972
2004-06-15,0.02200754422769835
2004-06-16,-0.006632725484624458
2004-06-17,-0.005772975271331915
2004-06-18,-0.023594188583016873
2004-06-21,0.004698630131958481
2004-06-22,0.009686061929210954
2004-06-23,0.009396377203564343
2004-06-24,0.0016946568113467286
2004-06-25,0.0102614404018333
2004-06-28,0.016709206380421504
2004-06-29,0.017642550499227472
2004-06-30,-0.007089541239271746
2004-07-01,0.002853732991388469
2004-07-02,-0.002036045108688378
2004-07-06,-0.031031917201889025
2004-07-07,0.003514092681188963
2004-07-08,-0.012309631863090975
2004-07-09,0.011800315804724404
2004-07-12,-0.02027679303567731
2004-07-13,0.0112313457865858
2004-07-14,-0.05823301363802058
2004-07-15,0.007192378913029707
2004-07-16,0.02306367897468231
2004-07-19,-0.000514971916010798
2004-07-20,0.007707465738590491
2004-07-21,0.024256103967004172
2004-07-22,0.004118082984403415
2004-07-23,-0.015609014829184753
2004-07-26,0.008235105194784875
2004-07-27,0.0020312389048213753
2004-07-28,-0.01102877699624294
2004-07-29,0.012797349191305596
2004-07-30,0.0014778604039911158
2004-08-02,-0.01655907486570074
2004-08-03,-0.004970621207323278
2004-08-04,-0.002929552851662298
2004-08-05,0.0035205488989775713
2004-08-06,-0.10366193796982293
2004-08-09,0.024724534137285037
2004-08-10,0.01884926836027967
2004-08-11,-0.029337640896293316
2004-08-12,-0.0101240630575824
2004-08-13,0.008990481357867619
2004-08-16,-0.003933352766995801
2004-08-17,0.017238983166537603
2004-08-18,-0.00300096347479184
2004-08-19,-0.0026854401824182306
2004-08-20,0.003916436252276778
2004-08-23,0.016065135352546944
2004-08-24,0.01688145470398239
2004-08-25,0.009913804665652393
2004-08-26,-0.016288233090723248
2004-08-27,0.0043665014435416705
2004-08-30,-0.005305352225582705
2004-08-31,0.0026239643540508784
2004-09-01,0.005116554945408858
2004-09-02,0.00177534548878433
2004-09-03,-0.03055504013066368
2004-09-07,0.012747991561409044
2004-09-08,-0.0014098430047991828
2004-09-09,0.0207869336588673
2004-09-10,-0.0037960058649477713
2004-09-13,0.006426087882481335
2004-09-14,-0.005665998358082014
2004-09-15,-0.019370086630708494
2004-09-16,0.012419840331517662
2004-09-17,0.014399788697582183
2004-09-20,-0.017341085564170022
2004-09-21,0.019892688949880055
2004-09-22,-0.013765577495603587
2004-09-23,0.0032856956110933755
2004-09-24,0.005156313705756199
2004-09-27,-0.01271179792211008
2004-09-28,-0.002383312497623913
2004-09-29,-0.00034033630010354976
2004-09-30,-0.007146624702190185
2004-10-01,0.011015770241186829
2004-10-04,0.014768848863065731
2004-10-05,-0.028691161766167594
2004-10-06,0.004336092156289828
2004-10-07,0.005150268219336507
2004-10-08,-0.014545308717724637
2004-10-11,0.0015261596600510963
2004-10-12,-0.03381414393988458
2004-10-13,0.03669482306313321
2004-10-14,-0.006123172817022904
2004-10-15,0.011215961495147253
2004-10-18,-0.011864209112631752
2004-10-19,0.023757557827623677
2004-10-20,-0.006286406509438902
2004-10-21,0.01646046255669309
2004-10-22,0.008425592094289502
2004-10-25,-0.005353929427962978
2004-10-26,0.04111742994537515
2004-10-27,-0.00840529635451659
2004-10-28,-0.0040971417798189025
2004-10-29,-0.005350585800351526
2004-11-01,0.00750385142152088
2004-11-02,0.002539430597870318
2004-11-03,0.039934021572656464
2004-11-04,0.0033576510137034443
2004-11-05,0.003972231780136282
2004-11-08,0.0023439891586243267
2004-11-09,-0.003885395379509937
2004-11-10,0.010224914666958407
2004-11-11,0.02551412992854507
2004-11-12,0.0189970961545205
2004-11-15,-0.005707614082353429
2004-11-16,-0.006612768364080535
2004-11-17,0.016412152333244112
2004-11-18,-0.01060233100936947
2004-11-19,0.015643985700374285
2004-11-22,-0.01398836252078517
2004-11-23,-0.00757577802902254
2004-11-24,0.003576675222582759
2004-11-26,0.0044104786887277925
2004-11-29,0.004086538387871874
2004-11-30,-0.0031980625417906694
2004-12-01,0.016694420416216937
2004-12-02,-0.015187323938766761
2004-12-03,0.015287254923754823
2004-12-06,-0.009386732587704505
2004-12-07,-0.014266107054637267
2004-12-08,-0.011237736965557743
2004-12-09,-0.01389364578536012
2004-12-10,-0.008144755729158737
2004-12-13,0.026027251919306993
2004-12-14,0.011538746679685463
2004-12-15,0.00039655119809123285
2004-12-16,-0.022166217628521223
2004-12-17,-0.009369715058939687
2004-12-20,0.016296632217990714
2004-12-21,0.009906862378347148
2004-12-22,0.002622170465538698
2004-12-23,0.00823037201772503
2004-12-27,0.013089507706228298
2004-12-28,0.0044334817323683495
2004-12-29,-0.006165210662121168
2004-12-30,0.0020018091596887277
2004-12-31,0.012517265678651412
2005-01-03,0.03460732584486226
2005-01-04,-0.003748738760456005
2005-01-05,-0.0041442521770019836
2005-01-06,0.009904935100401024
2005-01-07,0.01368842477418486
2005-01-10,0.007321694174404314
2005-01-11,0.003365380024067832
2005-01-12,0.010609433334153984
2005-01-13,-0.0028772093585129888
2005-01-14,0.006082631620638823
2005-01-18,-0.011650649527282009
2005-01-19,0.0050642590238081375
2005-01-20,-0.018863093968696565
2005-01-21,0.004843024669707763
2005-01-24,-0.016397426320863717
2005-01-25,0.009464626048949487
2005-01-26,0.011198153466478677
2005-01-27,0.0023889010504516417
2005-01-28,0.008492369561883262
2005-01-31,0.024252387712285106
2005-02-01,-0.00738251204337359
2005-02-02,0.020501975093904168
2005-02-03,-0.010639285199278814
2005-02-04,-0.0003029940129415376
2005-02-07,0.0018785835470864765
2005-02-08,-0.002050849316319492
2005-02-09,-0.011689454303599245
2005-02-10,0.004607080208107073
2005-02-11,0.00978621786007916
2005-02-14,0.013339358356619258
2005-02-15,0.01861816143443784
2005-02-16,-0.0030970003652619482
2005-02-17,0.010657878009708188
2005-02-18,0.032520666232384254
2005-02-22,-0.009023840572875863
2005-02-23,0.003585101067316465
2005-02-24,-0.006705717103955844
2005-02-25,0.007412601861639168
2005-02-28,-0.0013995219682069182
2005-03-01,0.005605823648499708
2005-03-02,-0.011062919816423489
2005-03-03,0.00287487877490622
2005-03-04,0.01836982725920633
2005-03-07,0.0022729410608286482
2005-03-08,-0.014759267902485607
2005-03-09,-0.017886994389708977
2005-03-10,0.005607575913889384
2005-03-11,0.011599948091868928
2005-03-14,0.019013149191189127
2005-03-15,0.008477895731855867
2005-03-16,-0.01045463127266355
2005-03-17,0.00751691518125619
2005-03-18,0.024640151791037734
2005-03-21,0.005058271524454261
2005-03-22,0.0003524745531953144
2005-03-23,-0.007032554161131799
2005-03-24,0.008266878532139588
2005-03-28,0.004080022525221549
2005-03-29,3.388760190770057e-05
2005-03-30,0.006365585582973399
2005-03-31,-0.007313734692628526
2005-04-01,0.011728485418488033
2005-04-04,-0.00425094094070011
2005-04-05,0.0019386066550521885
2005-04-06,0.011121731517555578
2005-04-07,0.0017603569467004032
2005-04-08,0.00281822352189387
2005-04-11,0.0037174469957117484
2005-04-12,-0.001475248181530553
2005-04-13,0.0006347478998769418
2005-04-14,0.004116314551146916
2005-04-15,-0.017976848039490068
2005-04-18,-0.0011859444122672702
2005-04-19,0.012741771351716391
2005-04-20,0.010320413659373973
2005-04-21,0.020714459222679338
2005-04-22,-0.00085193789707394
2005-04-25,0.01537319240987478
2005-04-26,0.0011744406009022157
2005-04-27,-0.008117660113363123
2005-04-28,-0.008207371354961523
2005-04-29,-0.004256129519137342
2005-05-02,0.008038730449018372
2005-05-03,-0.005264754390696735
2005-05-04,0.002987288966113333
2005-05-05,0.0033672265362381104
2005-05-06,0.011453117396627688
2005-05-09,0.005729790839578142
2005-05-10,-0.003908251346219527
2005-05-11,0.0070054685711036235
2005-05-12,0.0008498011861970411
2005-05-13,0.028564456510294045
2005-05-16,0.0032188998886315545
2005-05-17,-0.006752277273847751
2005-05-18,0.0018878941739990385
2005-05-19,0.0014473389968407968
2005-05-20,0.002939165828217627
2005-05-23,0.005083734612606028
2005-05-24,-0.007627260070668274
2005-05-25,-0.0019975208032989578
2005-05-26,0.005478972927487558
2005-05-27,-0.0008735093051324139
2005-05-31,-0.0021909897278148405
2005-06-01,-0.0049090636927660025
2005-06-02,-0.002700218338598237
2005-06-03,-0.001658275969817602
2005-06-06,-0.013824432166578249
2005-06-07,-0.0025013684238481826
2005-06-08,0.005245197505508337
2005-06-09,-0.004385424180876285
2005-06-10,0.0006824612605589309
2005-06-13,-0.0029610686334921033
2005-06-14,-0.0010019720690077616
2005-06-15,0.003053549355357621
2005-06-16,0.004156001062487702
2005-06-17,0.011581741776639287
2005-06-20,-0.004393723945505079
2005-06-21,0.0019759956735776463
2005-06-22,0.006325688855057132
2005-06-23,0.0004103431242541422
2005-06-24,-0.0009857858514474849
2005-06-27,-0.004481738451433515
2005-06-28,0.005420193371510118
2005-06-29,0.004617297335089088
2005-06-30,0.004651025188806779
2005-07-01,-0.0014710306545935303
2005-07-05,0.0024002654938601875
2005-07-06,0.005699541674048181
2005-07-07,-0.017256888066053078
2005-07-08,0.004154919040504357
2005-07-11,-0.001016471488022641
2005-07-12,-0.0003491288122865477
2005-07-13,0.005560916639287816
2005-07-14,0.02378634923220213
2005-07-15,0.0012740862482079063
2005-07-18,-0.0024715647271474905
2005-07-19,0.012679840776518958
2005-07-20,-0.009070344723011714
2005-07-21,-0.0016030559734904193
2005-07-22,-0.02361851300882689
2005-07-25,-0.007445602099976911
2005-07-26,0.0024644955701118576
2005-07-27,0.007357179411262793
2005-07-28,0.0015311332021181734
2005-07-29,0.0002907087546064613
2005-08-01,0.004795715261331157
2005-08-02,-0.0025667277693239843
2005-08-03,-0.0036579116720416582
2005-08-04,-0.005251834903155839
2005-08-05,-0.0007203633204742044
2005-08-08,0.004068131620983184
2005-08-09,0.02084345157537304
2005-08-10,-0.0013303335901598823
2005-08-11,-0.0028871297356480863
2005-08-12,-0.002428800648787921
2005-08-15,-0.0032217843019798353
2005-08-16,-0.0004324865699754099
2005-08-17,-0.0022305830238414925
2005-08-18,-0.008093120689496525
2005-08-19,0.00394738933317873
2005-08-22,0.008827814414390067
2005-08-23,0.0022211657804187546
2005-08-24,-0.005591519311318849
2005-08-25,0.005161936351168572
2005-08-26,-0.011013558323233141
2005-08-29,-0.009674744571032567
2005-08-30,-0.0031915999414507956
2005-08-31,0.001576912697272892
2005-09-01,-0.003904513073654914
2005-09-02,0.00421160408983412
2005-09-06,0.0020925508556306482
2005-09-07,-0.000286728338812714
2005-09-08,0.0012848615837368627
2005-09-09,0.003728674338085991
2005-09-12,0.002486760621485562
2005-09-13,-0.0008845231980306734
2005-09-14,-0.0015124963638292188
2005-09-15,0.0006959992226636125
2005-09-16,0.0010962389325106514
2005-09-19,-0.0009406623651266877
2005-09-20,0.004432532947352685
2005-09-21,0.0012436608832813167
2005-09-22,0.00097989487237915
2005-09-23,0.0003321960927455958
2005-09-26,0.004764668688874707
2005-09-27,0.0041332152534794275
2005-09-28,0.004117916363164609
2005-09-29,0.0011243104582325802
2005-09-30,0.0024258331695972135
2005-10-03,0.00013440062502478867
2005-10-04,0.006397767877132532
2005-10-05,0.00498834789063185
2005-10-06,0.0030861033194242715
2005-10-07,0.007378186950481647
2005-10-10,0.011520344799510696
2005-10-11,0.008794514860059888
2005-10-12,-0.024532231980879282
2005-10-13,0.008250651418158395
2005-10-14,0.013165883371387244
2005-10-17,0.006243660433352005
2005-10-18,0.005644168342743061
2005-10-19,-0.018886536654950548
2005-10-20,-0.0006547016180061815
2005-10-21,0.01125859931765505
2005-10-24,0.008409129227123557
2005-10-25,-0.0011134429033535787
2005-10-26,-0.0012899429533260731
2005-10-27,-0.00310728501234403
2005-10-28,0.013063212760366039
2005-10-31,0.0018513758829175053
2005-11-01,-0.009927248072745032
2005-11-02,0.004211879497603377
2005-11-03,0.017992631976992968
2005-11-04,0.0015723319054103957
2005-11-07,0.009888950839852972
2005-11-08,-0.002081245296687295
2005-11-09,0.0016294554540428052
2005-11-10,0.014562244188690787
2005-11-11,0.0008122114658524193
2005-11-14,-0.007531336259776866
2005-11-15,0.02157699683985448
2005-11-16,-0.006309776203970663
2005-11-17,0.010355461191036586
2005-11-18,0.011148528879097785
2005-11-21,0.01570248070693303
2005-11-22,0.00736947548514677
2005-11-23,0.005896034634993441
2005-11-25,0.012988505987563403
2005-11-28,0.005297159439250798
2005-11-29,-0.024653004177351612
2005-11-30,-0.006404427439173577
2005-12-01,0.017063193420878475
2005-12-02,0.004194492094193869
2005-12-05,-0.009090771672293996
2005-12-06,0.0043897057864188405
2005-12-07,0.0035182197779954905
2005-12-08,0.0015493710225591428
2005-12-09,0.009036118582196329
2005-12-12,0.010425467807635869
2005-12-13,-0.001960465605132633
2005-12-14,9.59276002558962e-05
2005-12-15,0.0005991456417733243
2005-12-16,0.01131507997040515
2005-12-19,-0.0043571540496843975
2005-12-20,-0.0031641113411680077
2005-12-21,0.0004619683276065878
2005-12-22,0.005947332599620658
2005-12-23,0.0024958136492290173
2005-12-27,0.004494680243043225
2005-12-28,0.002145451602646231
2005-12-29,-0.0026316740431222563
2005-12-30,-0.00528216655929159
2006-01-03,0.015492327978386511
2006-01-04,0.006108915038379736
2006-01-05,0.0007630347908098578
2006-01-06,0.01460494459035444
2006-01-09,0.006987422177704428
2006-01-10,0.006994643574574688
2006-01-11,0.030244889977078193
2006-01-12,0.009151522185993244
2006-01-13,-0.01575050022555413
2006-01-17,-0.033558556869693335
2006-01-18,-0.03011902606910921
2006-01-19,0.08289402043019622
2006-01-20,0.0
2006-01-23,0.0
2006-01-24,0.0
2006-01-25,0.025997528867121922
2006-01-26,0.017919360428186426
2006-01-27,0.03495088974829841
2006-01-30,-0.018975340396821028
2006-01-31,0.002085754723869737
2006-02-01,-0.017986502083968126
2006-02-02,-0.004895047114391482
2006-02-03,0.0017229085725671833
2006-02-06,0.010964064750590863
2006-02-07,0.011008411298946807
2006-02-08,0.013912572447088323
2006-02-09,0.007156718188464417
2006-02-10,0.0024728850628696897
2006-02-13,-0.011102548228634213
2006-02-14,0.010183981008426102
2006-02-15,-0.00815541327337177
2006-02-16,0.012877619237723348
2006-02-17,-0.030466384218182485
2006-02-21,0.006901109028967456
2006-02-22,-0.001658513322527977
2006-02-23,-0.0006948874762795487
2006-02-24,0.008116302390527741
2006-02-27,0.008275231238986436
2006-02-28,0.007778223095791903
2006-03-01,0.009361281213641659
2006-03-02,0.00754495412385614
2006-03-03,0.004955834304311457
2006-03-06,0.006285551582887683
2006-03-07,0.0010311062372043711
2006-03-08,-0.009535177783269289
2006-03-09,-0.007475329355927207
2006-03-10,-0.0038514727148496464
2006-03-13,-0.001374360186980561
2006-03-14,-0.005521446699832233
2006-03-15,0.007955919753823704
2006-03-16,0.014154470885867854
2006-03-17,0.003924665746927181
2006-03-20,0.005870354710672654
2006-03-21,-0.02835537056221027
2006-03-22,-0.007331891798960655
2006-03-23,0.01415136061456268
2006-03-24,0.00410723393449941
2006-03-27,0.0011993195442965288
2006-03-28,-0.0008773335818101913
2006-03-29,0.007690001664230062
2006-03-30,0.0034254368466497542
2006-03-31,0.005156713440000349
2006-04-03,-0.009043127490068303
2006-04-04,-0.003429191106671392
2006-04-05,-0.008831529244072489
2006-04-06,-0.002208334341997187
2006-04-07,-0.0006063062372562156
2006-04-10,-0.0007300715766924704
2006-04-11,0.002609254592035315
2006-04-12,0.0029533191859643093
2006-04-13,-0.018350392981377972
2006-04-17,0.0002646227852967087
2006-04-18,-0.011446719338919276
2006-04-19,-0.0023143450072109495
2006-04-20,-0.005465431748987504
2006-04-21,0.005431120401824696
2006-04-24,0.0063345799175087425
2006-04-25,-0.008020884128948635
2006-04-26,0.006244404396080538
2006-04-27,-0.009599169304138178
2006-04-28,0.03739602645371076
2006-05-01,0.0
2006-05-02,0.0
2006-05-03,0.0
2006-05-04,-0.005138982722396435
2006-05-05,0.012895798192100516
2006-05-08,-0.006585863021019045
2006-05-09,-0.006599060979650462
2006-05-10,-0.011388002137836972
2006-05-11,0.01039724938151143
2006-05-12,-0.00938173950386667
2006-05-15,-0.003815585516662723
2006-05-16,-0.00044612620371298206
2006-05-17,-0.0006458866439225108
2006-05-18,0.007404880475529119
2006-05-19,0.07089172398007726
2006-05-22,0.0
2006-05-23,0.0
2006-05-24,0.0
2006-05-25,0.018497427373525444
2006-05-26,0.0062746012114802685
2006-05-30,-0.005368487622925411
2006-05-31,0.017220334530554604
2006-06-01,0.005381193119956107
2006-06-02,0.009069630129255657
2006-06-05,-0.0019269967724977466
2006-06-06,0.005691035568839764
2006-06-07,0.005905507239460928
2006-06-08,-0.017518328902512925
2006-06-09,0.01637817448377099
2006-06-12,-0.005029779493477382
2006-06-13,-0.0065330334965461034
2006-06-14,0.02038593271118949
2006-06-15,0.019417110944632165
2006-06-16,-0.0016293612712396932
2006-06-19,0.010404576110546015
2006-06-20,-0.00955892890724741
2006-06-21,-0.002179787745660633
2006-06-22,0.005950663748255369
2006-06-23,0.0077789621377697404
2006-06-26,0.004274300181770441
2006-06-27,0.0023964691981930297
2006-06-28,0.003735168776286324
2006-06-29,-0.007408804861896989
2006-06-30,0.005303279461442045
2006-07-03,0.007934575588197657
2006-07-05,-0.011109614840885351
2006-07-06,0.004530651464803359
2006-07-07,-0.023289055141788584
2006-07-10,0.004274627508477957
2006-07-11,-0.005474350832171737
2006-07-12,-0.002160036087485717
2006-07-13,-0.008601909114056117
2006-07-14,0.004642408278996424
2006-07-17,-0.007424002007380803
2006-07-18,0.0016180949312818438
2006-07-19,0.002632375906479467
2006-07-20,0.018673629813141357
2006-07-21,-0.05830461969873413
2006-07-24,-0.005140991208067436
2006-07-25,0.007231118599719144
2006-07-26,0.0019064641836930019
2006-07-27,0.009644437390093907
2006-07-28,0.005666466969516559
2006-07-31,-0.0008125672053186372
2006-08-01,0.003643309587136656
2006-08-02,0.01342159871768267
2006-08-03,-0.005984278303643009
2006-08-04,0.02655503378657098
2006-08-07,-0.014505160844881404
2006-08-08,0.004856569000754929
2006-08-09,0.024934459586776203
2006-08-10,-0.006769083708596746
2006-08-11,-0.03255749953509346
2006-08-14,0.011394633796393716
2006-08-15,0.029646598766600585
2006-08-16,0.014995395353835539
2006-08-17,0.00841514232497409
2006-08-18,-0.019408813108983458
2006-08-21,-0.015768138497177397
2006-08-22,0.012742233475771858
2006-08-23,0.010887872301347468
2006-08-24,0.010877316260422987
2006-08-25,-0.005288528913801049
2006-08-28,0.007646619805545374
2006-08-29,0.005063003926280452
2006-08-30,0.00644369649117893
2006-08-31,0.0031921786232143035
2006-09-01,0.0008771917560359554
2006-09-05,0.0040423365499338
2006-09-06,-0.010905490036317689
2006-09-07,-0.006321142039662386
2006-09-08,0.012217706046215637
2006-09-11,-0.0102657740616523
2006-09-12,-0.0007314624499973332
2006-09-13,0.0016801609053285205
2006-09-14,0.006665257539514968
2006-09-15,0.0035284712172556354
2006-09-18,0.004292248164115442
2006-09-19,-0.004773280381857203
2006-09-20,0.013267781097359821
2006-09-21,0.004008673651967332
2006-09-22,-0.002480094847972736
2006-09-25,0.013603901276487251
2006-09-26,-0.0019689580820209107
2006-09-27,-0.0036203916105690404
2006-09-28,-0.013350494625892773
2006-09-29,0.00496581532250473
2006-10-02,-0.002670807799897812
2006-10-03,-0.004340516020495677
2006-10-04,0.000707787385186176
2006-10-05,-0.009303484592298239
2006-10-06,-0.03145709823766951
2006-10-09,-0.0035643320117669797
2006-10-10,0.0045745399834715705
2006-10-11,-0.00028640887772490853
2006-10-12,0.009425075445467446
2006-10-13,0.004757476432464491
2006-10-16,0.004217995352256532
2006-10-17,-0.008247005421676334
2006-10-18,0.009475195757520982
2006-10-19,0.04223499772981487
2006-10-20,0.0
2006-10-23,0.0
2006-10-24,0.0
2006-10-25,0.004567627439452382
2006-10-26,0.00110174613403613
2006-10-27,-0.004688964052363964
2006-10-30,-0.0023192494238897243
2006-10-31,0.008634839773264291
2006-11-01,0.0007338334239557209
2006-11-02,-0.002528836771596432
2006-11-03,0.0067528181475911
2006-11-06,0.007509220403584704
2006-11-07,0.009946052730271271
2006-11-08,-0.010199929294637422
2006-11-09,0.013268573148691232
2006-11-10,-0.0023840276321359655
2006-11-13,0.0009659614653279025
2006-11-14,0.005632030029257162
2006-11-15,0.0001413089221486974
2006-11-16,0.012322503250668193
2006-11-17,-0.007355858728397835
2006-11-20,-0.009328616724816552
2006-11-21,0.005766735646368426
2006-11-22,0.004992881038426544
2006-11-24,-0.011912258043968671
2006-11-27,-0.0016861712679177021
2006-11-28,0.004524178124826639
2006-11-29,0.0153025151520505
2006-11-30,0.0034137729514382986
2006-12-01,-0.003691424326256576
2006-12-04,0.011901852339792462
2006-12-05,-0.0016725292845178874
2006-12-06,-0.0031710269594649176
2006-12-07,0.0031044951438685686
2006-12-08,-0.002526717068536022
2006-12-11,0.004299329274134678
2006-12-12,-0.005028657364988587
2006-12-13,0.01885997834109321
2006-12-14,0.003552189019984109
2006-12-15,0.007746298847672639
2006-12-18,-0.0035446097500166918
2006-12-19,-0.011308642053825868
2006-12-20,-0.0008341721950522185
2006-12-21,0.0018024995932923726
2006-12-22,0.003463394468879999
2006-12-26,0.002037080896629684
2006-12-27,-0.024554837963469134
2006-12-28,-0.010624059314093048
2006-12-29,0.025126333764053044
2007-01-03,0.012725428975957076
2007-01-04,0.0008240473210523458
2007-01-05,0.00027163875449875974
2007-01-08,0.008785235860379936
2007-01-09,0.009777418303883012
2007-01-10,0.010893323589701742
2007-01-11,-0.005128377872249179
2007-01-12,-0.011829527435809783
2007-01-16,-0.00016622474491190253
2007-01-17,-0.0011268451937416213
2007-01-18,-0.01638489467021309
2007-01-19,-0.003334741339360847
2007-01-22,0.00605391518058318
2007-01-23,-0.012175703777923874
2007-01-24,0.012561546809958912
2007-01-25,0.004212615604548997
2007-01-26,0.005071517204990883
2007-01-29,0.005667470314567158
2007-01-30,0.0073396659479954
2007-01-31,-0.007030138033419786
2007-02-01,0.004405801829352907
2007-02-02,0.0092934265087945
2007-02-05,0.0028579473549905643
2007-02-06,0.00276987409667262
2007-02-07,0.02648216247322943
2007-02-08,-0.004349261218061784
2007-02-09,0.0006654356314979015
2007-02-12,-0.007223345524032587
2007-02-13,0.009886912355223876
2007-02-14,0.0034381677628818608
2007-02-15,0.006819289433951825
2007-02-16,-0.0008842693841957239
2007-02-20,-0.0003831218086411958
2007-02-21,-0.00980997289859864
2007-02-22,0.004709882444518865
2007-02-23,-0.0005534880457184199
2007-02-26,0.004558556219914411
2007-02-27,-0.018004020319219327
2007-02-28,0.0010605801813801108
2007-03-01,-0.024587831639003688
2007-03-02,-0.00853605292586479
2007-03-05,-0.030237561447647665
2007-03-06,0.02255770525963352
2007-03-07,-0.006608147108518758
2007-03-08,0.015639057765876707
2007-03-09,0.011860128130239955
2007-03-12,-0.010274060117854256
2007-03-13,-0.011056580215919931
2007-03-14,0.0015143216896758016
2007-03-15,-0.002612642088677841
2007-03-16,0.0028421836475813755
2007-03-19,0.0024382777246207965
2007-03-20,-0.002132528150540103
2007-03-21,0.019205399624044217
2007-03-22,0.0030940333198643533
2007-03-23,-0.0031219473723461677
2007-03-26,0.002312354049894161
2007-03-27,-0.0007959546058803335
2007-03-28,-0.0074111033265860105
2007-03-29,0.0099893976765284
2007-03-30,0.0064629488493097575
2007-04-02,0.0006881688225248705
2007-04-03,0.0016819629931548175
2007-04-04,-0.002371017506035966
2007-04-05,0.003500449813824247
2007-04-09,0.013905489487249456
2007-04-10,0.0004493343886007306
2007-04-11,0.0025666455849269187
2007-04-12,-0.0016666633904682815
2007-04-13,0.002756003424248865
2007-04-16,0.0029836866328376566
2007-04-17,0.00845487258519162
2007-04-18,-0.0021261763778308573
2007-04-19,-0.006964815189596796
2007-04-20,0.01693796054950769
2007-04-23,-0.004958742179852815
2007-04-24,-0.0013478330281733175
2007-04-25,0.0022072265374515343
2007-04-26,0.007067242944179153
2007-04-27,-0.010613887939168842
2007-04-30,0.005645581153121082
2007-05-01,0.0071326776087898835
2007-05-02,-0.0012412881344133764
2007-05-03,0.001805980530305673
2007-05-04,0.004425948476495911
2007-05-07,0.0012857096343437124
2007-05-08,-0.0040905892567726365
2007-05-09,-0.0014802617627255321
2007-05-10,-0.0027368648502388293
2007-05-11,0.00038084398746462966
2007-05-14,0.0016526642845793305
2007-05-15,0.00021939599770681717
2007-05-16,0.0012525805084868669
2007-05-17,0.0016791500761150768
2007-05-18,0.0032123881295833545
2007-05-21,0.0029393694953250282
2007-05-22,7.461733225500033e-05
2007-05-23,-0.007417572627609559
2007-05-24,-0.0006563374337522632
2007-05-25,0.0012870109023839227
2007-05-29,0.00039968357226838336
2007-05-30,-0.0032822831754079074
2007-05-31,0.0030772344387881567
2007-06-01,0.0022052379939399014
2007-06-04,-0.003322500335863565
2007-06-05,-0.000812250559486305
2007-06-06,-0.0027658577663925987
2007-06-07,-0.004812511089638982
2007-06-08,0.007435604650684935
2007-06-11,0.00023264193828564927
2007-06-12,-0.012694730256384346
2007-06-13,0.004255336992600167
2007-06-14,0.0021689191086475823
2007-06-15,0.008463063206267885
2007-06-18,0.0032715259658016027
2007-06-19,-0.0024198551648807465
2007-06-20,0.004690721646541052
2007-06-21,-0.0019174262534165099
2007-06-22,0.0033239987756539247
2007-06-25,0.0019461066434065533
2007-06-26,0.003206054162213645
2007-06-27,-0.004060970677448483
2007-06-28,0.0020903788275843382
2007-06-29,0.00952358347224913
2007-07-02,0.002436034441464674
2007-07-03,0.004625242629704207
2007-07-05,0.007827048451861218
2007-07-06,0.0024079567274968294
2007-07-09,-0.00022470707155264336
2007-07-10,-0.008133016887643896
2007-07-11,-0.0017248035231317571
2007-07-12,0.009255800616667198
2007-07-13,0.004882469371978004
2007-07-16,0.003766975302471165
2007-07-17,0.0017893045349155479
2007-07-18,-0.009107142605756957
2007-07-19,0.017314235651833876
2007-07-20,0.006215813439941931
2007-07-23,0.013518782772480309
2007-07-24,-0.0394446435877992
2007-07-25,0.019563285807696396
2007-07-26,0.034848896393498086
2007-07-27,0.002671537728904827
2007-07-30,0.005557016833722672
2007-07-31,0.016383936799463816
2007-08-01,0.007141011288431809
2007-08-02,0.008888402350983204
2007-08-03,-0.007614230477159256
2007-08-06,0.005683753128373992
2007-08-07,-0.0035919210344543817
2007-08-08,0.009058664350562351
2007-08-09,-0.01114481417151747
2007-08-10,-0.042534322608247854
2007-08-13,0.016279715837012265
2007-08-14,0.0024573527483429114
2007-08-15,-0.00595026715569702
2007-08-16,-0.008266252964148735
2007-08-17,0.031880683200659954
2007-08-20,9.563773710574708e-05
2007-08-21,-0.0014051546914588542
2007-08-22,0.020595013320199973
2007-08-23,0.006753441163510399
2007-08-24,-0.0060714054108608195
2007-08-27,0.010460912847540138
2007-08-28,-0.005555153539378077
2007-08-29,0.01782634579398157
2007-08-30,-0.011357351839727081
2007-08-31,0.022530118944464217
2007-09-04,0.004384297407060034
2007-09-05,-0.002099313556022997
2007-09-06,0.006768281521151165
2007-09-07,-0.04189497296189215
2007-09-10,0.04202508566450969
2007-09-11,0.018223679211174515
2007-09-12,0.006561965906413336
2007-09-13,0.023338969887139127
2007-09-14,-0.013450384291221584
2007-09-17,-0.003986079984305113
2007-09-18,0.010787302835212564
2007-09-19,0.018998569084082817
2007-09-20,-0.0033292620460207978
2007-09-21,0.012371853560841473
2007-09-24,0.014507827208033452
2007-09-25,-0.012715166289356095
2007-09-26,0.011331309284071
2007-09-27,0.01241451198935195
2007-09-28,-0.005773640320007267
2007-10-01,0.010201288986277257
2007-10-02,0.002581505722107913
2007-10-03,-0.010981154678621596
2007-10-04,0.00044244059100573274
2007-10-05,0.02226394993460512
2007-10-08,0.015204717946730062
2007-10-09,0.012847300827776298
2007-10-10,0.0019057824730159822
2007-10-11,0.0112026015845903
2007-10-12,0.006946609440984242
2007-10-15,0.0010750279280891117
2007-10-16,-0.015691905382510973
2007-10-17,0.037258221096635236
2007-10-18,-0.011900591378545045
2007-10-19,0.0025389142783893703
2007-10-22,-0.004870361068317508
2007-10-23,0.07984115227382915
2007-10-24,0.0
2007-10-25,0.0
2007-10-26,0.0
2007-10-29,-0.0036839524317278105
2007-10-30,0.0029627039461355142
2007-10-31,0.002611520963296643
2007-11-01,-0.020033577486746945
2007-11-02,0.012043664337180626
2007-11-05,-0.009865149624524894
2007-11-06,0.003832886615464215
2007-11-07,-0.009939352516640909
2007-11-08,-0.0046781481089012145
2007-11-09,-0.001503410190041965
2007-11-12,-0.002030740312287782
2007-11-13,0.013164804461221147
2007-11-14,0.011373129843825991
2007-11-15,-0.00576824945507648
2007-11-16,0.00655394723043945
2007-11-19,-0.010508987080929288
2007-11-20,0.009628921719924355
2007-11-21,-0.010499445911053007
2007-11-23,0.007127293735696094
2007-11-26,0.00017513350517051052
2007-11-27,0.007403674107749447
2007-11-28,0.004622196156690572
2007-11-29,-0.003383868012249991
2007-11-30,0.017104385533081468
2007-12-03,0.006340489851240028
2007-12-04,-0.0012088851411961032
2007-12-05,0.020500129830455904
2007-12-06,-0.0003880990786309102
2007-12-07,0.0005632788462945904
2007-12-10,-0.00035175816232069224
2007-12-11,0.008724584291721404
2007-12-12,0.021688079803481086
2007-12-13,-0.005414680883578993
2007-12-14,-0.004559037370319485
2007-12-17,-0.006160805505181388
2007-12-18,0.009225549730634164
2007-12-19,-0.0005429395861847874
2007-12-20,0.009162357130744425
2007-12-21,0.0037615288798280577
2007-12-24,0.00015535924826481917
2007-12-26,0.0010950691306572669
2007-12-27,-0.0023660145348792794
2007-12-28,0.0012556673469077406
2007-12-31,-0.004007906248425619
2008-01-02,-0.0019698852695335667
2008-01-03,0.001516514290418769
2008-01-04,-0.011453961484357733
2008-01-07,0.005345890840364076
2008-01-08,0.004746207388109491
2008-01-09,0.004241013579483921
2008-01-10,-0.008890688100195443
2008-01-11,-0.005143156096917401
2008-01-14,0.01613401163474326
2008-01-15,-0.01516534284589588
2008-01-16,-0.02906866286976595
2008-01-17,0.01092132631640319
2008-01-18,0.015670924083605042
2008-01-22,-0.050717277186844045
2008-01-23,-0.021531387361432675
2008-01-24,0.01796130981083044
2008-01-25,0.02017961878157082
2008-01-28,-0.0027473479547335256
2008-01-29,0.008628445511392968
2008-01-30,-0.006085395369489155
2008-01-31,-0.017188978240193498
2008-02-01,0.01006027971771406
2008-02-04,0.007129519828583009
2008-02-05,-0.017679404140803268
2008-02-06,0.007993762494172163
2008-02-07,-0.01833035439925501
2008-02-08,-0.0036906029309754507
2008-02-11,0.006190310243316954
2008-02-12,0.01043675702323199
2008-02-13,0.010342218174031359
2008-02-14,-0.011212986448306372
2008-02-15,-0.0010439920254813329
2008-02-19,0.01977374581608582
2008-02-20,-0.009875612251361465
2008-02-21,0.009274887492650263
2008-02-22,0.0034709164772419587
2008-02-25,-5.580989424269767e-06
2008-02-26,-0.0037760649515641287
2008-02-27,-0.00468315836130484
2008-02-28,-0.006345762444793568
2008-02-29,-0.008973921199758705
2008-03-03,-0.0011519729023712344
2008-03-04,-0.008220018523893868
2008-03-05,0.006526852707147812
2008-03-06,-0.0023287985074101902
2008-03-07,-0.014439356340433585
2008-03-10,-0.002067063808054992
2008-03-11,0.014952472567509867
2008-03-12,0.0028081853281367586
2008-03-13,-0.008613309002803882
2008-03-14,0.005347653676444297
2008-03-17,-0.02196569346108934
2008-03-18,0.012455728672764677
2008-03-19,-0.007160085967958363
2008-03-20,0.0023069723482753712
2008-03-24,0.008867832207963167
2008-03-25,0.004347805111492908
2008-03-26,-0.006001255678688366
2008-03-27,-0.0011481319890870312
2008-03-28,0.009744069485404072
2008-03-31,0.002100180986166711
2008-04-01,0.015364644651050696
2008-04-02,0.003219530364603429
2008-04-03,0.003096916229428315
2008-04-04,-0.005675574949389861
2008-04-07,0.010569444555852403
2008-04-08,-0.01616333864661179
2008-04-09,0.0037066290692340242
2008-04-10,0.005602993970208914
2008-04-11,-0.013213840459185167
2008-04-14,-9.742925117639523e-05
2008-04-15,0.004053777680758985
2008-04-16,0.019156003914372333
2008-04-17,-0.014875281640732041
2008-04-18,0.01680750952713428
2008-04-21,-0.0017904913044205495
2008-04-22,-0.007227983931698878
2008-04-23,0.009956858517932154
2008-04-24,0.00137284497082657
2008-04-25,0.005293375659945143
2008-04-28,-0.0017596460896392996
2008-04-29,-0.0033977578539761133
2008-04-30,0.004870473311974655
2008-05-01,0.00341550612424113
2008-05-02,0.006893333409253355
2008-05-05,0.0018137235271709073
2008-05-06,-0.000460491264291929
2008-05-07,0.00025317393766166596
2008-05-08,0.0026274148537208664
2008-05-09,0.0096151096009367
2008-05-12,0.00026080210873269394
2008-05-13,0.0033690331113744865
2008-05-14,-0.0032979885381911878
2008-05-15,-0.0004001070247063865
2008-05-16,0.0034111974982968807
2008-05-19,0.0004515534569944357
2008-05-20,-0.00473097019597335
2008-05-21,0.0011765451031118257
2008-05-22,0.00012720556027390195
2008-05-23,-0.005270804802347762
2008-05-27,0.0024633925000363543
2008-05-28,0.004896405808041848
2008-05-29,0.0008514848630596372
2008-05-30,0.0035252676966341934
2008-06-02,0.0010594021346679305
2008-06-03,-0.0022190961914950735
2008-06-04,-0.0010147202776832343
2008-06-05,0.00020380237877049012
2008-06-06,-0.0054424438474498515
2008-06-09,-0.0001322498932097016
2008-06-10,-0.006190647249780801
2008-06-11,-0.002748522734858927
2008-06-12,0.006159073453227526
2008-06-13,0.005353074972455074
2008-06-16,-0.004024335821402714
2008-06-17,0.0021155498990068633
2008-06-18,-0.002282656202684863
2008-06-19,-0.0008645652117430513
2008-06-20,-0.004442814161363939
2008-06-23,0.0042939486686295325
2008-06-24,-0.004153291703963391
2008-06-25,0.004537312539873328
2008-06-26,-0.010653394468462363
2008-06-27,-0.001888574398614118
2008-06-30,0.0009681556980181139
2008-07-01,-0.006428343972826545
2008-07-02,0.0
2008-07-03,0.0
2008-07-07,0.0
2008-07-08,0.0
2008-07-09,0.0
2008-07-10,0.0
2008-07-11,0.0
2008-07-14,0.0
2008-07-15,0.0
2008-07-16,0.0
2008-07-17,0.0
2008-07-18,0.0
2008-07-21,0.0
2008-07-22,0.0
2008-07-23,0.0
2008-07-24,0.0
2008-07-25,0.0
2008-07-28,0.0
2008-07-29,0.0
2008-07-30,0.0
2008-07-31,0.0
2008-08-01,0.0
2008-08-04,-2.200347380132417e-05
2008-08-05,0.011258037824850575
2008-08-06,0.001879605694276698
2008-08-07,-0.0029418263535206934
2008-08-08,0.0027051594590825623
2008-08-11,0.0022631652309275108
2008-08-12,0.005265754133207734
2008-08-13,0.011875954141497447
2008-08-14,-0.003560695885504117
2008-08-15,0.006029872052859098
2008-08-18,0.002855955870727289
2008-08-19,-0.00900519194693672
2008-08-20,0.006974529413750208
2008-08-21,-0.005370177922579988
2008-08-22,0.005677411470306204
2008-08-25,0.001587164589365253
2008-08-26,-0.003568895645200243
2008-08-27,-0.0037337754349453522
2008-08-28,0.004598752473231382
2008-08-29,-0.01092455212143062
2008-09-02,0.008907540701079686
2008-09-03,-0.004982862631021767
2008-09-04,-0.00733189393394762
2008-09-05,-0.00798894199317779
2008-09-08,0.011947801096006572
2008-09-09,-0.0008311521311635817
2008-09-10,0.005250015170912059
2008-09-11,-0.01823480635492092
2008-09-12,-0.005188739507946627
2008-09-15,-0.020352545585072823
2008-09-16,-0.017793688396258278
2008-09-17,-0.010879809244119687
2008-09-18,0.010354541646382609
2008-09-19,0.029677485511918844
2008-09-22,0.0
2008-09-23,0.0
2008-09-24,0.0
2008-09-25,0.0031655201341938
2008-09-26,-0.020302075232655703
2008-09-29,-0.014519614362350164
2008-09-30,0.01474347276472976
2008-10-01,0.0
2008-10-02,0.0
2008-10-03,0.0
2008-10-06,-0.01797699572901046
2008-10-07,0.03160158692912751
2008-10-08,0.0
2008-10-09,0.0
2008-10-10,0.0
2008-10-13,0.034232794609974304
2008-10-14,0.0
2008-10-15,0.0
2008-10-16,0.0
2008-10-17,-0.0022045330771202076
2008-10-20,0.00921988229548143
2008-10-21,-0.010199098842824217
2008-10-22,-0.00469996603343481
2008-10-23,-0.001278151942163075
2008-10-24,-0.035875072529240826
2008-10-27,-0.004293960237137906
2008-10-28,0.01796439828871521
2008-10-29,0.0
2008-10-30,0.0
2008-10-31,0.0
2008-11-03,0.004223966776095045
2008-11-04,0.018003115706769934
2008-11-05,0.0
2008-11-06,0.0
2008-11-07,0.0
2008-11-10,0.011454286003066638
2008-11-11,0.0
2008-11-12,0.0
2008-11-13,0.0
2008-11-14,-0.008163206624716923
2008-11-17,-0.0007092093917773212
2008-11-18,0.005428398073288987
2008-11-19,-0.0021316565262223808
2008-11-20,-0.0024308444573373222
2008-11-21,0.0075565102597796585
2008-11-24,0.0
2008-11-25,0.0
2008-11-26,0.0
2008-11-28,-0.002309595197024894
2008-12-01,-0.007505948508235161
2008-12-02,0.004702430023567183
2008-12-03,-0.0025489075095930236
2008-12-04,-0.006258518079724884
2008-12-05,-0.0027051792301016064
2008-12-08,0.00613422114621609
2008-12-09,-0.0023071376687742173
2008-12-10,0.004346153328006475
2008-12-11,-0.0018949394249592189
2008-12-12,-0.006631786287153996
2008-12-15,0.0013241227691453972
2008-12-16,0.0032243736153474423
2008-12-17,-0.00627572624556072
2008-12-18,0.0013049216236131755
2008-12-19,0.005960032423628414
2008-12-22,-0.003716262812208604
2008-12-23,0.001947177852018811
2008-12-24,-0.004988879744247998
2008-12-26,0.003970917720307998
2008-12-29,0.0012756515405105695
2008-12-30,0.002887791356107172
2008-12-31,-0.002167634683494457
2009-01-02,-5.425800693847904e-05
2009-01-05,-0.001040011590405232
2009-01-06,0.004771545159372836
2009-01-07,-0.006139292991403478
2009-01-08,-0.0032530396990827493
2009-01-09,-0.0008518614649396516
2009-01-12,-0.0008407974302792054
2009-01-13,-0.005610172342786268
2009-01-14,-0.00956883180448187
2009-01-15,0.0008628796677645489
2009-01-16,0.007097128647590489
2009-01-20,-0.003920251992800106
2009-01-21,0.005747143220233619
2009-01-22,-0.00825682685245599
2009-01-23,-0.007307346013237237
2009-01-26,0.0004943633583898155
2009-01-27,0.004359036213029466
2009-01-28,0.009702771918937536
2009-01-29,0.0
2009-01-30,0.0
2009-02-02,0.0
2009-02-03,0.0004883032392708486
2009-02-04,0.0011816506335007304
2009-02-05,-0.002041830635001296
2009-02-06,0.001962803799364421
2009-02-09,0.0005699509820258353
2009-02-10,-0.002011036685449552
2009-02-11,-0.007596522528046656
2009-02-12,-0.003930665324368365
2009-02-13,-0.0004794264933091208
2009-02-17,-0.01374791502874917
2009-02-18,0.0027353399086145203
2009-02-19,0.006125783544402186
2009-02-20,-0.005328108502016149
2009-02-23,0.0038555209376238686
2009-02-24,0.007370644399531834
2009-02-25,-0.0010351118189495523
2009-02-26,0.006444774499835049
2009-02-27,-0.006241983048126287
2009-03-02,-0.007891445115528084
2009-03-03,0.0
2009-03-04,0.0
2009-03-05,0.0
2009-03-06,0.0
2009-03-09,0.0
2009-03-10,0.0
2009-03-11,0.0
2009-03-12,0.0
2009-03-13,0.0
2009-03-16,0.0
2009-03-17,0.0
2009-03-18,0.0
2009-03-19,0.0
2009-03-20,0.0
2009-03-23,0.0
2009-03-24,0.0
2009-03-25,0.0
2009-03-26,0.0
2009-03-27,0.0
2009-03-30,0.0
2009-03-31,0.0
2009-04-01,0.0
2009-04-02,0.0
2009-04-03,0.0
2009-04-06,0.0
2009-04-07,0.0
2009-04-08,0.0
2009-04-09,0.0
2009-04-13,0.0
2009-04-14,0.0
2009-04-15,0.0
2009-04-16,0.0
2009-04-17,0.0
2009-04-20,0.0
2009-04-21,0.0
2009-04-22,0.0
2009-04-23,0.0
2009-04-24,0.0
2009-04-27,0.0
2009-04-28,0.0
2009-04-29,0.0
2009-04-30,0.0
2009-05-01,0.0
2009-05-04,0.008208815216894205
2009-05-05,-0.0007996744189885385
2009-05-06,0.0011044948867313664
2009-05-07,-0.002825638968787736
2009-05-08,0.0052975817973799355
2009-05-11,-0.012600434724662879
2009-05-12,0.005817551644438312
2009-05-13,-0.004919899239213765
2009-05-14,-0.0005914809632440177
2009-05-15,0.0003644418286987694
2009-05-18,0.009494582285919595
2009-05-19,-0.00036313292967027344
2009-05-20,0.006470846605087788
2009-05-21,-0.00497507559426813
2009-05-22,0.0036153136196805935
2009-05-26,-0.0029753763939286415
2009-05-27,-8.108799855488513e-05
2009-05-28,0.006747163030673686
2009-05-29,0.0015425599951908175
2009-06-01,0.008713952243608603
2009-06-02,-0.012465147026636592
2009-06-03,-0.017797071402497644
2009-06-04,0.002606680787925031
2009-06-05,0.009557366912849918
2009-06-08,-0.008802721047126316
2009-06-09,0.014004765657841922
2009-06-10,0.006371512949479907
2009-06-11,-0.00354287519582952
2009-06-12,-0.0026827642414462005
2009-06-15,-0.010810595288957892
2009-06-16,0.004716600463686715
2009-06-17,0.0002990531851823075
2009-06-18,0.0015639651765468887
2009-06-19,0.008369970115222003
2009-06-22,-0.00013835502877856953
2009-06-23,-0.00041804409913381857
2009-06-24,0.008737089855481495
2009-06-25,-0.002519958614027651
2009-06-26,-0.00465316841315222
2009-06-29,0.0016183427404250494
2009-06-30,0.005193825293723808
2009-07-01,0.007526497837961665
2009-07-02,-0.00548836416778653
2009-07-06,-0.0026671430210467584
2009-07-07,0.0063536284544540855
2009-07-08,0.0009947920242663333
2009-07-09,0.005098550446763328
2009-07-10,-0.003402792386282383
2009-07-13,0.00090787065981357
2009-07-14,0.0002586485282407569
2009-07-15,0.013091099668769868
2009-07-16,0.0
2009-07-17,0.0
2009-07-20,0.0
2009-07-21,0.0017312227924499712
2009-07-22,-0.008722290951027056
2009-07-23,-0.002056460201119492
2009-07-24,-0.004366184837959697
2009-07-27,0.00041794340160561383
2009-07-28,-0.002778282319528036
2009-07-29,-0.0014133435890733015
2009-07-30,0.007159981797989712
2009-07-31,-0.0007366244353338436
2009-08-03,0.005129878053449666
2009-08-04,-0.00021459112551613924
2009-08-05,-0.0024398889302237325
2009-08-06,0.00027384582926570644
2009-08-07,0.0060285441132477136
2009-08-10,0.0015304132303093354
2009-08-11,-0.00022365572234672726
2009-08-12,0.0004168563702171557
2009-08-13,-0.0045109089586405915
2009-08-14,-0.0020986394502553463
2009-08-17,-0.011135304754060993
2009-08-18,0.004386801221121006
2009-08-19,-0.007664974393378099
2009-08-20,0.001966611588913425
2009-08-21,0.003537676873491602
2009-08-24,0.005360803431219807
2009-08-25,0.0019709541338881476
2009-08-26,0.00018702170955231523
2009-08-27,-0.0006660505340433387
2009-08-28,0.011248546662160352
2009-08-31,0.0
2009-09-01,0.0
2009-09-02,0.0
2009-09-03,0.005136128097305015
2009-09-04,0.0013914276309510143
2009-09-08,0.007996725462586785
2009-09-09,-0.0010308351361792978
2009-09-10,0.003790370508302887
2009-09-11,0.006163393662282024
2009-09-14,-0.004440932126905439
2009-09-15,0.0026346446602667495
2009-09-16,0.0028307064451462693
2009-09-17,-0.0018595498533133803
2009-09-18,0.005158032702373694
2009-09-21,-0.00490373386738896
2009-09-22,0.005430329036818726
2009-09-23,0.006894052807901119
2009-09-24,0.004285531156789091
2009-09-25,-0.007903436523824414
2009-09-28,0.003649460409222982
2009-09-29,-0.0002675066798287773
2009-09-30,0.0015171317707403098
2009-10-01,-0.0012567467976967173
2009-10-02,-0.008425244096884388
2009-10-05,-0.0014513811179625025
2009-10-06,0.00693080235939747
2009-10-07,0.0013984086325755651
2009-10-08,0.0036876813699822097
2009-10-09,-0.0005039775534785296
2009-10-12,0.008316636475087957
2009-10-13,0.0015587242036270155
2009-10-14,0.011347489669393696
2009-10-15,-0.0028664453623085118
2009-10-16,-0.0100326466360674
2009-10-19,0.0029875271579187235
2009-10-20,0.0047689938709076785
2009-10-21,-0.0032484812789814743
2009-10-22,0.0007231204373738809
2009-10-23,0.0016139961793644186
2009-10-26,0.0043108792033144105
2009-10-27,0.0006345991488814207
2009-10-28,-0.005517113753123581
2009-10-29,0.004556455001520687
2009-10-30,0.0012587645839043926
2009-11-02,0.0026391286354738863
2009-11-03,-0.012398034093099475
2009-11-04,0.007618814158651732
2009-11-05,0.008065126213464113
2009-11-06,0.00840446418696228
2009-11-09,0.008389411762447452
2009-11-10,0.0009016028832560252
2009-11-11,0.008122479321680753
2009-11-12,0.02660940096300113
2009-11-13,0.0
2009-11-16,0.0
2009-11-17,0.0
2009-11-18,-0.0006760244025455497
2009-11-19,-0.011462055445833452
2009-11-20,-0.00880610727182618
2009-11-23,0.006321278515472484
2009-11-24,-7.962676980244332e-05
2009-11-25,0.00361565958789023
2009-11-27,-0.02320763608191101
2009-11-30,0.0031950709339025885
2009-12-01,0.005940491251949176
2009-12-02,0.0012995081505660089
2009-12-03,0.0009056841146011241
2009-12-04,0.00647984548854974
2009-12-07,0.008155534894945804
2009-12-08,-0.0024889589738632534
2009-12-09,0.0032859893324233003
2009-12-10,0.004201340323143787
2009-12-11,0.0020388623520970484
2009-12-14,0.0071255317377447724
2009-12-15,-0.001958726777684605
2009-12-16,0.009220770911906762
2009-12-17,-0.004902185218640831
2009-12-18,-0.0005895170438747765
2009-12-21,0.005150108446683621
2009-12-22,0.0023022365324774086
2009-12-23,0.006165285078629346
2009-12-24,0.0038037661261396405
2009-12-28,0.0037228508416755624
2009-12-29,0.00045995185478009404
2009-12-30,-0.0033484926363162026
2009-12-31,0.0027286429882933394
2010-01-04,0.00743757773878051
2010-01-05,-0.0005227842043852293
2010-01-06,-0.001374103467089438
2010-01-07,-0.0022959742294003105
2010-01-08,-0.004731174980744823
2010-01-11,0.0035820004934299376
2010-01-12,-0.010239745549000867
2010-01-13,0.004750016414652114
2010-01-14,-0.0028261207552331413
2010-01-15,0.0009984957683217832
2010-01-19,-0.00035159371789617033
2010-01-20,-0.009738240438146306
2010-01-21,0.006901180583569921
2010-01-22,-0.010740565941333213
2010-01-25,0.010014040937274427
2010-01-26,-0.0008526235704501284
2010-01-27,-0.0006911584152089478
2010-01-28,0.0029180139706699304
2010-01-29,0.0072530393734187015
2010-02-01,0.006796431476481679
2010-02-02,-0.002413590777734287
2010-02-03,-0.00787492882323304
2010-02-04,-0.003566973809282059
2010-02-05,-0.00026680002563328475
2010-02-08,0.0017286836106598091
2010-02-09,0.015537493065490349
2010-02-10,-0.01033435702224561
2010-02-11,0.0007173896938490465
2010-02-12,-0.0077414232646789705
2010-02-16,0.00728930929847138
2010-02-17,0.005786412573449029
2010-02-18,-0.003438692111742525
2010-02-19,-0.0034333111851843068
2010-02-22,0.007190361434294745
2010-02-23,-0.004185511800489872
2010-02-24,0.003909594312952347
2010-02-25,-0.011260090745804363
2010-02-26,-0.0013649969999636191
2010-03-01,0.006213631333179315
2010-03-02,0.003112098974610733
2010-03-03,0.0013137777190326272
2010-03-04,0.0007430704968647284
2010-03-05,0.0036194218613430085
2010-03-08,-0.001614513045226862
2010-03-09,-0.007396342907097009
2010-03-10,0.005072627833491383
2010-03-11,-0.0015597984781601237
2010-03-12,0.009646309177876455
2010-03-15,-0.002517620652638275
2010-03-16,0.003462013120435259
2010-03-17,0.005888635072250015
2010-03-18,-0.0028080037020600246
2010-03-19,0.00316629212219377
2010-03-22,-0.005404087661900148
2010-03-23,0.004198898231666526
2010-03-24,-0.003793860238418767
2010-03-25,0.012793487866527675
2010-03-26,0.011050964263109364
2010-03-29,0.005693264341741333
2010-03-30,0.005919038572669955
2010-03-31,-0.008119464359175654
2010-04-01,0.01854346343614033
2010-04-05,0.0029899753863704692
2010-04-06,-0.003658791214251056
2010-04-07,0.0007240413397895384
2010-04-08,-0.002959530408763067
2010-04-09,0.008737273908653975
2010-04-12,0.0026033864680985452
2010-04-13,-0.004624922618023497
2010-04-14,0.018981627519657707
2010-04-15,-0.001587027372995764
2010-04-16,-0.007812139026316167
2010-04-19,-0.006442985080790442
2010-04-20,0.011691250656307384
2010-04-21,0.044573090776769186
2010-04-22,0.0
2010-04-23,0.0
2010-04-26,0.0
2010-04-27,-0.009511183415025659
2010-04-28,0.009512824757103688
2010-04-29,0.010395880125016577
2010-04-30,0.00037264224235111776
2010-05-03,0.013201387710507717
2010-05-04,-0.0191300795768381
2010-05-05,-0.02537987950026932
2010-05-06,-0.005481133368962832
2010-05-07,-0.006665127471860655
2010-05-10,0.07488209021237657
2010-05-11,0.0
2010-05-12,0.0
2010-05-13,0.0
2010-05-14,-0.01979173581021565
2010-05-17,0.001524958051969616
2010-05-18,0.014662090852385568
2010-05-19,-0.013111194312360519
2010-05-20,-0.031964723822129115
2010-05-21,-0.025178715969538024
2010-05-24,0.01346813535293645
2010-05-25,-0.04365753118319182
2010-05-26,0.025314334032940033
2010-05-27,0.03634800353540779
2010-05-28,0.017710498263266317
2010-06-01,-0.0005739852655011202
2010-06-02,0.005842537437417361
2010-06-03,0.000790361831790598
2010-06-04,-0.017254069464489374
2010-06-07,0.005724896350843611
2010-06-08,0.002150269027881846
2010-06-09,0.006320241749757427
2010-06-10,0.012140457075261457
2010-06-11,-0.006728730689439688
2010-06-14,0.010273704374286208
2010-06-15,0.006390138739105211
2010-06-16,-0.0060464513107748585
2010-06-17,0.008673393214933878
2010-06-18,0.0002279826948738961
2010-06-21,0.01121946336982127
2010-06-22,0.0018582846947630127
2010-06-23,0.002623129574352623
2010-06-24,-0.0016249958544511944
2010-06-25,0.003770589183459183
2010-06-28,0.005913047795084614
2010-06-29,-0.018764487472808344
2010-06-30,0.0027022980181385936
2010-07-01,0.001631801080709705
2010-07-02,0.0024466245111371965
2010-07-06,0.010650160376380668
2010-07-07,0.0043339820552186215
2010-07-08,0.0038211529483340723
2010-07-09,-0.00017115245592225214
2010-07-12,-0.0009162974007040914
2010-07-13,0.009129149116625879
2010-07-14,0.010866531672120594
2010-07-15,6.151948884980385e-05
2010-07-16,-0.0045515655133233635
2010-07-19,0.0031946297772209586
2010-07-20,-0.009566850362590307
2010-07-21,0.003259764208331184
2010-07-22,0.006808149854240275
2010-07-23,-0.0026071020156990254
2010-07-26,-0.0009576048907132817
2010-07-27,0.0026226071372803528
2010-07-28,-0.005144716199531607
2010-07-29,-0.006915394259768282
2010-07-30,-0.00800591272855744
2010-08-02,0.007295198606700248
2010-08-03,-0.003305808828677259
2010-08-04,0.0034155919444398553
2010-08-05,-0.001297176072126427
2010-08-06,-0.003269998947216135
2010-08-09,0.003257869871078345
2010-08-10,-0.012855192058011555
2010-08-11,-0.012908379857412555
2010-08-12,-0.009114925850388755
2010-08-13,0.002203333638102878
2010-08-16,-0.0027199385299729872
2010-08-17,0.006108251283534205
2010-08-18,-0.0003821411375194428
2010-08-19,-0.0015595077802977864
2010-08-20,-0.003699263583613277
2010-08-23,0.002006159306222166
2010-08-24,-0.011408213163935366
2010-08-25,-0.0034622127604029274
2010-08-26,0.003954697224934245
2010-08-27,0.004048575968774948
2010-08-30,-0.0019477068656533758
2010-08-31,-0.005399899295310373
2010-09-01,0.007943180449810905
2010-09-02,0.0020704252203067597
2010-09-03,0.007131728814342653
2010-09-07,-0.0025528790387678857
2010-09-08,0.0006747220380463048
2010-09-09,0.006549581234944757
2010-09-10,0.0009074435059823749
2010-09-13,0.006561822094706571
2010-09-14,-0.0011920305931809594
2010-09-15,-0.005485856009053824
2010-09-16,-0.0010790161330357373
2010-09-17,0.0017942157252266444
2010-09-20,0.0015361562399491824
2010-09-21,0.00014970970870153977
2010-09-22,-0.0016641284836885761
2010-09-23,-0.002226786081599874
2010-09-24,0.009842511342774696
2010-09-27,0.001806980277581971
2010-09-28,0.0022476540398310707
2010-09-29,-0.002130398279534984
2010-09-30,0.005421905478838029
2010-10-01,0.004956268526008056
2010-10-04,-0.0026688336547503466
2010-10-05,0.011698498869126883
2010-10-06,0.0006148095349300942
2010-10-07,0.003582609387919211
2010-10-08,0.008321903397481956
2010-10-11,0.0013631326731851079
2010-10-12,-0.0013609377563197356
2010-10-13,0.00865000103693836
2010-10-14,0.002232207501031702
2010-10-15,0.01575261640401049
2010-10-18,0.007470940733128817
2010-10-19,-0.03527357315528423
2010-10-20,0.001420190408998323
2010-10-21,0.004786464368834675
2010-10-22,-0.0001737692915063649
2010-10-25,0.0060267494086689855
2010-10-26,-0.0053674228025104576
2010-10-27,-0.0018194906906742192
2010-10-28,0.0013850536936164115
2010-10-29,-0.0009655789658302716
2010-11-01,0.005719930187193967
2010-11-02,0.00119695226766936
2010-11-03,0.0036229363864139774
2010-11-04,0.010060828862381799
2010-11-05,0.009784979311469488
2010-11-08,-0.002891087670177206
2010-11-09,0.020857506822400174
2010-11-10,-0.0009324738996675519
2010-11-11,-0.010464921874067112
2010-11-12,-0.005178950290392836
2010-11-15,-0.0030972459093511207
2010-11-16,-0.007680990130011112
2010-11-17,-0.002006902115473941
2010-11-18,0.015236067599029735
2010-11-19,0.00012365112137024958
2010-11-22,0.01922159633428211
2010-11-23,-0.010341110518309438
2010-11-24,0.01314880000565033
2010-11-26,-0.004049147538715436
2010-11-29,0.003758492543858294
2010-11-30,-0.007196067975516862
2010-12-01,0.011745960221781093
2010-12-02,-0.015506754150392932
2010-12-03,0.0005128710704269679
2010-12-06,0.005748442186738645
2010-12-07,0.016653278127951143
2010-12-08,-0.012378166171406302
2010-12-09,0.011493861249856074
2010-12-10,0.02063010828153411
2010-12-13,-0.0035217221029129053
2010-12-14,-0.009131722139658738
2010-12-15,-0.0005479222866232591
2010-12-16,0.0013141000667507008
2010-12-17,0.00569495691837707
2010-12-20,0.0059567625844634264
2010-12-21,0.010686871041354129
2010-12-22,0.006650091347755627
2010-12-23,-0.0002689117832768151
2010-12-27,-0.018646689468779676
2010-12-28,-0.0018839100585442692
2010-12-29,0.0029582648538082346
2010-12-30,-0.0016134291641408671
2010-12-31,-0.002952386441775756
2011-01-03,0.0005229781417588342
2011-01-04,0.00014344539356669905
2011-01-05,0.0011026604014541252
2011-01-06,0.001947286410632687
2011-01-07,-0.0009923953124995055
2011-01-10,-0.004228694655389997
2011-01-11,0.004824037609648002
2011-01-12,0.007487683485428276
2011-01-13,-0.0028690508678850257
2011-01-14,-0.004655042097331918
2011-01-18,-0.0044816265101979
2011-01-19,-0.0018232454598862136
2011-01-20,-0.005785157866476709
2011-01-21,0.00584212191537592
2011-01-24,0.0151896979743118
2011-01-25,-0.003512304489410756
2011-01-26,0.004633843535006843
2011-01-27,0.006888093371749893
2011-01-28,0.00013193053860693915
2011-01-31,0.0007083032639443321
2011-02-01,0.008247368464421756
2011-02-02,-0.01706887987158545
2011-02-03,0.002115170226476115
2011-02-04,0.011103984721795968
2011-02-07,0.005029558164839187
2011-02-08,0.002536984180090185
2011-02-09,0.0007542851790605098
2011-02-10,-0.016824154581266293
2011-02-11,-0.003047562064422693
2011-02-14,0.020657845686069765
2011-02-15,-0.010737026266342764
2011-02-16,0.012865871074337898
2011-02-17,-0.014222802758287023
2011-02-18,0.0070274424309235695
2011-02-22,-0.04913796745643784
2011-02-23,-0.021258313946251883
2011-02-24,0.02378862054968356
2011-02-25,0.01427961876369288
2011-02-28,0.01557104245360752
2011-03-01,-0.0015861859559359592
2011-03-02,-0.0005954498195017699
2011-03-03,0.0155649451252311
2011-03-04,0.002094706158956461
2011-03-07,0.0024387662562777024
2011-03-08,0.0018669286338637292
2011-03-09,-0.0019588300563038175
2011-03-10,-0.016372356021805645
2011-03-11,-0.0018363983361433522
2011-03-14,0.010759041942902003
2011-03-15,-0.031159147722508274
2011-03-16,-0.0038203497087342386
2011-03-17,0.013372149343733097
2011-03-18,0.012111422470358901
2011-03-21,0.014486327023036427
2011-03-22,-0.00277807490908899
2011-03-23,-6.740449201614318e-05
2011-03-24,0.021733539039211935
2011-03-25,0.0
2011-03-28,0.0
2011-03-29,0.0
2011-03-30,0.006879264924817496
2011-03-31,0.00017217135914116
2011-04-01,0.004941901178182828
2011-04-04,0.0025914313954238377
2011-04-05,0.004893872248161957
2011-04-06,0.004562315818615215
2011-04-07,-0.0007586502681986573
2011-04-08,0.0066614429630025285
2011-04-11,0.002322068165083291
2011-04-12,-0.007915994566002671
2011-04-13,0.006490645565295328
2011-04-14,-0.005974379203000035
2011-04-15,-0.0024652925226271716
2011-04-18,-0.0110316839874387
2011-04-19,0.0013846977646505554
2011-04-20,0.016843818617752193
2011-04-21,0.0036927008190712485
2011-04-25,0.0005629255706158798
2011-04-26,0.0018661836058015968
2011-04-27,0.004693685392454627
2011-04-28,-5.482401901257816e-05
2011-04-29,0.0012805593633229417
2011-05-02,0.00520603999755509
2011-05-03,-0.003460302823773853
2011-05-04,0.00019551335227552258
2011-05-05,-0.004966023505101114
2011-05-06,0.00982976313056505
2011-05-09,0.0033714565362064075
2011-05-10,0.0024313341335249206
2011-05-11,0.0005393097186154883
2011-05-12,-0.002211272256305352
2011-05-13,-0.009301983655664037
2011-05-16,-0.0012162084598837941
2011-05-17,-0.0039612043063506075
2011-05-18,0.0030982254803084697
2011-05-19,0.0028566479029088487
2011-05-20,-0.0023019668024568674
2011-05-23,-0.008666493256896834
2011-05-24,0.004463133904876848
2011-05-25,-0.0028216494073347587
2011-05-26,-0.002198335847107047
2011-05-27,0.0022231227655087338
2011-05-31,0.008992463346580992
2011-06-01,-0.004104339967778592
2011-06-02,0.0019291445697349197
2011-06-03,-0.005312072917698862
2011-06-06,-2.740499870335089e-05
2011-06-07,0.004079469251017764
2011-06-08,-0.0029734035065261955
2011-06-09,0.0012748823252268782
2011-06-10,0.0018334657629464068
2011-06-13,0.00037863497295353987
2011-06-14,0.005105671520328592
2011-06-15,-0.004341357576297611
2011-06-16,0.0015595474548835142
2011-06-17,0.004552209603660318
2011-06-20,-0.0016868341100562123
2011-06-21,0.003065813088236169
2011-06-22,-0.0014408317804257553
2011-06-23,-0.005105623948308713
2011-06-24,-0.01371146263515588
2011-06-27,0.0013119736272777516
2011-06-28,0.0005604514742016953
2011-06-29,0.002140089580173976
2011-06-30,0.0020180951471882036
2011-07-01,-4.2000999759594926e-05
2011-07-05,0.0008870016123740943
2011-07-06,-0.0021769781967225788
2011-07-07,0.0035981938386731027
2011-07-08,-0.005933895323504523
2011-07-11,-0.006932346641110865
2011-07-12,-0.003403393432340418
2011-07-13,0.0037126506483897703
2011-07-14,0.0009476725902359817
2011-07-15,0.0025627931679466087
2011-07-18,-0.002982212705020748
2011-07-19,0.003392594914152447
2011-07-20,0.0018282648144629654
2011-07-21,0.0024575824796362333
2011-07-22,0.0077105790760885196
2011-07-25,-0.007376528147671868
2011-07-26,-0.0032159687972410644
2011-07-27,-0.003702274499284952
2011-07-28,-0.0012222374468688901
2011-07-29,-0.004428253962684425
2011-08-01,0.00864947752150469
2011-08-02,-0.0029205593492040993
2011-08-03,0.00011623591804887923
2011-08-04,-0.009037995672213417
2011-08-05,0.007701545062641868
2011-08-08,-0.02100774886442236
2011-08-09,0.011566896019904904
2011-08-10,0.0
2011-08-11,0.0
2011-08-12,0.0
2011-08-15,0.004507672672933394
2011-08-16,-0.005180145178484197
2011-08-17,0.0020568650602119654
2011-08-18,-0.004862082547208324
2011-08-19,-0.00018567678690162293
2011-08-22,-0.0027255551415130697
2011-08-23,0.0012662780493288839
2011-08-24,0.003013007513331445
2011-08-25,-0.0027306804814618557
2011-08-26,0.0008721193720591103
2011-08-29,0.008044411469739998
2011-08-30,0.003470136278254099
2011-08-31,-0.00535447851033799
2011-09-01,-0.002691625138457776
2011-09-02,0.002986098661787784
2011-09-06,0.007411950208855433
2011-09-07,0.003994546977071023
2011-09-08,0.004323224891211286
2011-09-09,0.005849934093549836
2011-09-12,0.009875942536077265
2011-09-13,0.0017549816801887275
2011-09-14,0.0009796312087937409
2011-09-15,-0.002434782202585195
2011-09-16,-0.00024309415535583856
2011-09-19,0.0017244983695257066
2011-09-20,-0.0006578939752968083
2011-09-21,-0.00039107767649282366
2011-09-22,0.003953881099814094
2011-09-23,0.0039389799784361745
2011-09-26,0.00020375652464221794
2011-09-27,-0.004448674363069727
2011-09-28,-0.004001092797235484
2011-09-29,-0.015943124100091355
2011-09-30,-0.0012571502937037682
2011-10-03,0.0037716231851623316
2011-10-04,-0.002386228493216791
2011-10-05,3.108382285788025e-06
2011-10-06,0.0022248765273606974
2011-10-07,0.002316973629287844
2011-10-10,-0.0027381128556062118
2011-10-11,-0.0005051273504066423
2011-10-12,0.0005612207632950117
2011-10-13,-0.0007534331554411855
2011-10-14,-0.0024722032534200133
2011-10-17,-0.0016069419416382402
2011-10-18,0.0009182936047724688
2011-10-19,0.0028357066749198356
2011-10-20,-0.003117182909710192
2011-10-21,-0.001511798070550907
2011-10-24,-0.001699540390089016
2011-10-25,-0.003979569287187568
2011-10-26,0.005219086640583459
2011-10-27,0.011831273307495893
2011-10-28,0.0
2011-10-31,0.0
2011-11-01,0.0
2011-11-02,0.01631453397074689
2011-11-03,0.006971178023330138
2011-11-04,-0.00798615630767896
2011-11-07,-0.004062103184182431
2011-11-08,0.005848119157579212
2011-11-09,-0.028747812792169536
2011-11-10,0.011226927713366308
2011-11-11,0.011569485263232648
2011-11-14,-0.003353717514348875
2011-11-15,0.000806289429730489
2011-11-16,-0.006334426239779534
2011-11-17,-0.0016612351168218131
2011-11-18,0.004534547129865452
2011-11-21,-0.018559968053932674
2011-11-22,0.002413902901643006
2011-11-23,-0.010622747639520314
2011-11-25,-0.004066702049615456
2011-11-28,0.0417229010535769
2011-11-29,-0.0008657679298911258
2011-11-30,0.03653932952059469
2011-12-01,-0.007328553992760112
2011-12-02,0.009030486416683692
2011-12-05,0.017295921843663464
2011-12-06,-0.005666822462732313
2011-12-07,-0.004532338537946989
2011-12-08,-0.004883031441009544
2011-12-09,0.0050516059241907385
2011-12-12,-0.013314357750812245
2011-12-13,0.007521137626832042
2011-12-14,-0.008819148938982502
2011-12-15,0.011075727536792757
2011-12-16,0.011181199679180853
2011-12-19,0.005082785657366973
2011-12-20,0.014994361572841841
2011-12-21,-0.0005145003114795932
2011-12-22,0.004383544107678938
2011-12-23,0.004794189026127604
2011-12-27,-0.0024970967971594815
2011-12-28,0.004555767526398302
2011-12-29,0.004099731311633992
2011-12-30,-0.0014643936620448716
2012-01-03,0.01675923760838538
2012-01-04,-0.0027558159547108607
2012-01-05,-0.009835231123440757
2012-01-06,0.003058254758950163
2012-01-09,-0.0023279649334086994
2012-01-10,0.021851557544110056
2012-01-11,-0.0001119545721651738
2012-01-12,0.010778281639002962
2012-01-13,-0.009831414420776285
2012-01-17,0.02188382017325563
2012-01-18,-0.0004673558849659365
2012-01-19,0.018104228805113642
2012-01-20,-0.09555616929566568
2012-01-23,0.0037817800087642794
2012-01-24,-0.0017812662596519147
2012-01-25,0.046113974770112254
2012-01-26,0.008366819962375871
2012-01-27,0.005855120024854887
2012-01-30,-0.006776816460199342
2012-01-31,0.016052525232068682
2012-02-01,0.013919930984437778
2012-02-02,0.0015620729562082492
2012-02-03,0.003950338230026107
2012-02-06,-0.0036125804005620044
2012-02-07,-0.000507314646688517
2012-02-08,0.0007227008347490127
2012-02-09,0.0005177553263355783
2012-02-10,-0.0012532661364292874
2012-02-13,0.002552791465050941
2012-02-14,0.0003616632151024479
2012-02-15,0.0015549114057349378
2012-02-16,0.0014074638669894224
2012-02-17,8.522332136884359e-05
2012-02-21,-0.000572435569144436
2012-02-22,-7.292969173855468e-05
2012-02-23,-0.0006314130592848244
2012-02-24,0.0005959611056920444
2012-02-27,0.003446971827678391
2012-02-28,0.002462808217205792
2012-02-29,0.002127011647288901
2012-03-01,0.0014148188174496479
2012-03-02,0.0001801941907197957
2012-03-05,-0.0006634336113232608
2012-03-06,-0.015295139542387148
2012-03-07,0.009235561257810998
2012-03-08,0.006308953144840812
2012-03-09,0.002828064841616351
2012-03-12,0.0037337291273562556
2012-03-13,0.00909213581364976
2012-03-14,0.014472200959825932
2012-03-15,0.012072422616455913
2012-03-16,-0.0005476320467626694
2012-03-19,0.013827646940836269
2012-03-20,-0.0028832597980585906
2012-03-21,-0.0015033406428996976
2012-03-22,-0.005735879788957732
2012-03-23,-0.0012452133658541475
2012-03-26,0.0050340216620050615
2012-03-27,0.0002575283824866048
2012-03-28,0.0034451666516130963
2012-03-29,-0.00585896280445275
2012-03-30,0.0004533806952815578
2012-04-02,0.0032499793985096836
2012-04-03,-0.0010986425720365123
2012-04-04,-0.005538679394515911
2012-04-05,-0.00010208346958950898
2012-04-09,-0.006574131949559581
2012-04-10,0.0008159353727088536
2012-04-11,0.005437415308574556
2012-04-12,0.003061702384385079
2012-04-13,-0.002504775854464514
2012-04-16,0.0024812434318490784
2012-04-17,0.002113643272985799
2012-04-18,-0.0021765319742881317
2012-04-19,-0.0017970933575837122
2012-04-20,-0.0005035027491047117
2012-04-23,-0.006745936369087602
2012-04-24,-0.00027677343467857884
2012-04-25,0.011009739892809067
2012-04-26,-0.0013260075888058553
2012-04-27,0.009585021262666027
2012-04-30,-0.000712321217673062
2012-05-01,-0.0004557947756049785
2012-05-02,-0.0022960965178862036
2012-05-03,0.006167750333052169
2012-05-04,-0.007677056676147265
2012-05-07,-0.005176099991109906
2012-05-08,-0.0008640165308723136
2012-05-09,-0.010748894061174075
2012-05-10,-0.0009397789713889715
2012-05-11,-0.011589790570253222
2012-05-14,-0.008453812210815315
2012-05-15,0.004586568104306243
2012-05-16,0.0025543969432493263
2012-05-17,-0.00017255595986598316
2012-05-18,0.006694383870038623
2012-05-21,0.006990894891104382
2012-05-22,0.010540602012740541
2012-05-23,-0.0011964919221054693
2012-05-24,0.008082888512679132
2012-05-25,-0.001246085687715448
2012-05-29,0.01466798462566632
2012-05-30,-0.00792632309983754
2012-05-31,0.001252378499861262
2012-06-01,-0.019885069547084466
2012-06-04,0.001040539190574119
2012-06-05,0.00048736900568879804
2012-06-06,0.002201457391993511
2012-06-07,0.0033755456967359265
2012-06-08,-0.00047157208630588254
2012-06-11,0.0037292277514613392
2012-06-12,0.0011589987682862901
2012-06-13,1.6812433744961552e-05
2012-06-14,-0.0004192547633622423
2012-06-15,0.000655947656176048
2012-06-18,-0.0013971598249538086
2012-06-19,0.0028863742306306506
2012-06-20,0.0011103558981848671
2012-06-21,-0.0012070683176526043
2012-06-22,0.0010680032980969756
2012-06-25,-0.0017074606426505934
2012-06-26,0.0008209560668475113
2012-06-27,0.0006478062173302934
2012-06-28,-0.00253361803808394
2012-06-29,0.00517425999183585
2012-07-02,0.004632790707017609
2012-07-03,0.0003532105342476388
2012-07-05,-0.0027096229314430564
2012-07-06,-0.0031666567512027566
2012-07-09,-0.0010124163403442132
2012-07-10,-0.0016101668418363468
2012-07-11,0.0004631779094086408
2012-07-12,-0.0014553052851333792
2012-07-13,0.00020140166025850448
2012-07-16,-0.0011375107047619792
2012-07-17,0.0010989680526647394
2012-07-18,-0.0008616544416590877
2012-07-19,0.0028001330420377446
2012-07-20,0.00022113183741412357
2012-07-23,-0.004360134106745184
2012-07-24,0.0003181813810129164
2012-07-25,0.0008406911130156569
2012-07-26,0.003761201352524779
2012-07-27,0.002007847340805169
2012-07-30,-0.001496791886595572
2012-07-31,0.0008308786697222015
2012-08-01,0.002030423784180835
2012-08-02,-0.0019746449430242397
2012-08-03,0.004421468871350864
2012-08-06,0.001233746586802642
2012-08-07,0.003842137961151293
2012-08-08,-0.001446234947564018
2012-08-09,-0.0009143028443908685
2012-08-10,-0.0006955309766460971
2012-08-13,-0.00035716153483156265
2012-08-14,0.001729748937298936
2012-08-15,0.00019910873223039083
2012-08-16,0.0009107677555646454
2012-08-17,0.00046431001157754004
2012-08-20,-0.0005845449243679912
2012-08-21,0.0006279332065277643
2012-08-22,-0.0009441537020896673
2012-08-23,-0.0009310812959483217
2012-08-24,-0.0004823346657039096
2012-08-27,0.00023260780946054993
2012-08-28,-0.0008072392848835763
2012-08-29,0.0005704146236116259
2012-08-30,-0.00026337785107111156
2012-08-31,0.0016117077452277861
2012-09-04,-0.0010524356533497814
2012-09-05,-0.002125867576250551
2012-09-06,0.0021189069937956884
2012-09-07,0.00017120546578297535
2012-09-10,-0.0011865650328661825
2012-09-11,-0.00030324992227848124
2012-09-12,0.0011080677605435074
2012-09-13,-0.0002789302611888589
2012-09-14,0.001626299192641012
2012-09-17,0.001248718073224575
2012-09-18,-0.0029804069632178853
2012-09-19,0.0007730349645747037
2012-09-20,-0.0009918141741326325
2012-09-21,-0.0004716091589517246
2012-09-24,-0.002915446324577853
2012-09-25,0.001216920370899599
2012-09-26,-0.001372885283298264
2012-09-27,0.0016097685780553928
2012-09-28,-0.0010821522971141695
2012-10-01,0.003301266975808348
2012-10-02,0.0017821738859911118
2012-10-03,0.001270194059050489
2012-10-04,0.0011767161014257788
2012-10-05,0.0016262261950883428
2012-10-08,-0.0015696608493088737
2012-10-09,-0.0008264225672793835
2012-10-10,-0.0005901433796462463
2012-10-11,0.001169573981600669
2012-10-12,-0.003465328246115784
2012-10-15,0.0010813035675241167
2012-10-16,0.0014368932699220238
2012-10-17,-0.0018967890875581928
2012-10-18,-1.2899141581090845e-05
2012-10-19,0.00015576911995940357
2012-10-22,0.002773879637000931
2012-10-23,-0.0030763035238200453
2012-10-24,0.0032917977430697576
2012-10-25,0.0017963148015245345
2012-10-26,-0.00026543395798017677
2012-10-31,0.0023261809672545652
2012-11-01,0.0019882907321862042
2012-11-02,0.0020694270485990263
2012-11-05,-0.0014475869660112162
2012-11-06,0.000837898891432376
2012-11-07,-0.0044164003799205265
2012-11-08,0.0008001137701150185
2012-11-09,0.00027547173896769195
2012-11-12,0.0005245903753376968
2012-11-13,-0.0023991202804029
2012-11-14,0.0021983004290111463
2012-11-15,0.0002716213399154288
2012-11-16,0.0020869974228374666
2012-11-19,0.0025863360588360695
2012-11-20,6.704497296694534e-05
2012-11-21,-0.00041274390180956466
2012-11-23,0.0029712260426912884
2012-11-26,0.0008770728604030609
2012-11-27,0.000335156454752239
2012-11-28,-0.0012735790811256864
2012-11-29,-0.0006626117714528812
2012-11-30,0.000748492434751391
2012-12-03,0.0021896802177832075
2012-12-04,0.0014035830559691043
2012-12-05,0.0001718705960382927
2012-12-06,0.00017371088038098392
2012-12-07,0.00027787473411633457
2012-12-10,-0.0002122036080980383
2012-12-11,0.0010941283586360928
2012-12-12,0.001138932355625677
2012-12-13,0.0008575492840374732
2012-12-14,0.00047373649018545017
2012-12-17,0.0005096553158401296
2012-12-18,0.0008188319221404949
2012-12-19,0.0010732235216912578
2012-12-20,0.0007342357239270569
2012-12-21,-0.005352977516722368
2012-12-24,-4.893340574074756e-06
2012-12-26,0.0004562338249833875
2012-12-27,0.0006849510944837434
2012-12-28,-0.0022200888713059808
2012-12-31,0.00023336495381576228
2013-01-02,0.006375372589220607
2013-01-03,0.0
2013-01-04,0.0
2013-01-07,0.0
2013-01-08,0.00011254270885241446
2013-01-09,0.0012767608487416204
2013-01-10,0.002519739237267782
2013-01-11,0.0003085828884890063
2013-01-14,-0.0005856764368905587
2013-01-15,-0.0019783225414901073
2013-01-16,0.00010472119366156107
2013-01-17,0.0016929457280303595
2013-01-18,-0.0006215017923182353
2013-01-22,0.00035927579923411557
2013-01-23,0.0017652239857020025
2013-01-24,-0.000668239474048149
2013-01-25,0.0017901143876069003
2013-01-28,0.0022183052968531847
2013-01-29,-0.0005445355336308744
2013-01-30,0.0002586303341898244
2013-01-31,0.0010691406922416213
2013-02-01,0.003309055730857491
2013-02-04,-0.020192390456813203
2013-02-05,-0.002491824478216942
2013-02-06,0.004030470488298743
2013-02-07,0.003936221428328501
2013-02-08,0.005214062363779304
2013-02-11,-0.004651278157638328
2013-02-12,-0.006191807718665898
2013-02-13,0.008151078940415557
2013-02-14,0.004680206098142348
2013-02-15,0.0035612860766167653
2013-02-19,0.00223834845589721
2013-02-20,0.002879950481975646
2013-02-21,-0.007337249831245063
2013-02-22,-0.00329694991784768
2013-02-25,0.0043246551568374425
2013-02-26,0.0054325360390088395
2013-02-27,-0.0024459193873489493
2013-02-28,-0.0011918657256173582
2013-03-01,-0.006516572335036219
2013-03-04,-0.0019854531280411036
2013-03-05,0.012244317172653618
2013-03-06,0.011943727230798284
2013-03-07,-0.003094801751892251
2013-03-08,0.0009708681790541185
2013-03-11,-0.0007934835264674645
2013-03-12,-0.0022698907544882463
2013-03-13,0.0052613157502805485
2013-03-14,0.0020009488608085935
2013-03-15,0.0016369911172902096
2013-03-18,-0.013926274858338972
2013-03-19,0.002252141896744053
2013-03-20,0.005754046440680893
2013-03-21,-0.0035111568707444363
2013-03-22,0.01108154267180761
2013-03-25,0.00260744514320721
2013-03-26,0.004467116244176728
2013-03-27,-0.004911885721649023
2013-03-28,0.0015423715171269947
2013-04-01,0.002782721442617042
2013-04-02,0.0042458595628831475
2013-04-03,0.001074146162602485
2013-04-04,-0.002299823317271188
2013-04-05,-0.008536478380819279
2013-04-08,0.0010835234586239473
2013-04-09,0.0035386976259563774
2013-04-10,-0.0004059217987089081
2013-04-11,0.0028046480440460098
2013-04-12,0.004903963866680128
2013-04-15,0.002780322656901424
2013-04-16,0.0022830568004219565
2013-04-17,-0.00519708797383045
2013-04-18,0.004272886733626358
2013-04-19,0.002501896854045116
2013-04-22,0.00645830295514549
2013-04-23,0.06521833767450835
2013-04-24,0.0
2013-04-25,0.0
2013-04-26,0.0
2013-04-29,0.002454855121742927
2013-04-30,-0.0009237500526170228
2013-05-01,-0.0008905448981859632
2013-05-02,-0.000574342423421581
2013-05-03,0.004957961442088932
2013-05-06,-0.0012553849331339295
2013-05-07,-0.0007486972118436741
2013-05-08,-0.000730947959287187
2013-05-09,0.01515981195021987
2013-05-10,-0.0008399025124798953
2013-05-13,0.0054820428952695455
2013-05-14,0.01799138140201495
2013-05-15,0.003720050255698215
2013-05-16,0.024916563751935294
2013-05-17,0.005908148598375407
2013-05-20,-0.0014644844964024628
2013-05-21,-0.002794774515676779
2013-05-22,-0.006394613156001316
2013-05-23,-0.01610605737321613
2013-05-24,-0.0032952793138578684
2013-05-28,0.023492258252727494
2013-05-29,0.010473798112090371
2013-05-30,-0.009078149936060265
2013-05-31,0.006985511586550253
2013-06-03,5.0204926315577936e-05
2013-06-04,-0.0018285976111122038
2013-06-05,-0.008134122785127373
2013-06-06,-1.5661263439104012e-05
2013-06-07,0.006618960653912653
2013-06-10,-0.012428040007807839
2013-06-11,-0.014858477441543672
2013-06-12,0.015107437802157175
2013-06-13,0.007277463755479996
2013-06-14,0.008285196484791424
2013-06-17,0.028752203626081885
2013-06-18,0.0
2013-06-19,0.0
2013-06-20,0.0
2013-06-21,0.01486856729909758
2013-06-24,-0.015872619096321428
2013-06-25,0.006095338388580007
2013-06-26,0.008861016576628744
2013-06-27,0.006689287207231942
2013-06-28,-0.0024806656461168197
2013-07-01,0.010133806548832114
2013-07-02,0.00046189026703902236
2013-07-03,0.0008776254755364921
2013-07-05,0.010319048707268852
2013-07-08,0.00533256681674521
2013-07-09,0.008916457195303762
2013-07-10,-0.004343908056273049
2013-07-11,0.014467055730944978
2013-07-12,0.001568411044830409
2013-07-15,0.008821924205484333
2013-07-16,-0.0014250803591109307
2013-07-17,-0.00394896706384984
2013-07-18,0.00659549945461535
2013-07-19,-0.005169835080231611
2013-07-22,0.0011305031157748946
2013-07-23,-0.0037794544707669964
2013-07-24,0.0064315457790389274
2013-07-25,-0.006009348866342301
2013-07-26,0.0036275612956186976
2013-07-29,0.000754016306507399
2013-07-30,0.0024588861447956134
2013-07-31,0.0032094858020168537
2013-08-01,0.006333117711497138
2013-08-02,-0.003582777832991324
2013-08-05,0.005990607623077127
2013-08-06,-0.0022370391507745557
2013-08-07,-0.002675666981353575
2013-08-08,0.05507608485506843
2013-08-09,0.0
2013-08-12,0.0
2013-08-13,0.0
2013-08-14,-0.009856350713739914
2013-08-15,-0.013207813007550584
2013-08-16,0.005435767388802137
2013-08-19,0.003438877279675401
2013-08-20,0.010158290749991528
2013-08-21,0.0008366368084595788
2013-08-22,0.005168626780916341
2013-08-23,0.0007988075334228739
2013-08-26,0.008795870769910286
2013-08-27,-0.00801408273919424
2013-08-28,0.005646881037516316
2013-08-29,-0.006634902562983269
2013-08-30,0.0009839919226370952
2013-09-03,0.015959096598075373
2013-09-04,0.01260039636450161
2013-09-05,0.0002909437455074215
2013-09-06,0.0026002134552429723
2013-09-09,-0.004062689592189139
2013-09-10,0.00764700107758487
2013-09-11,-0.002433682597064113
2013-09-12,0.009091079368273691
2013-09-13,-0.0030847024911612175
2013-09-16,0.01779594755407543
2013-09-17,-0.0036248305441778372
2013-09-18,-0.0010512465875444077
2013-09-19,0.01712403229829107
2013-09-20,0.008232833969080477
2013-09-23,-0.00032627136174867566
2013-09-24,0.014313267904374483
2013-09-25,0.014677104744367453
2013-09-26,0.013856704830579325
2013-09-27,-0.004363867522227838
2013-09-30,-0.022065789908710998
2013-10-01,-0.0015078600288185307
2013-10-02,-0.012168482707990091
2013-10-03,-0.005233842994100124
2013-10-04,0.01495619497546219
2013-10-07,0.0012216826143518489
2013-10-08,0.005527875499248491
2013-10-09,0.004288315414558541
2013-10-10,0.027871987238681006
2013-10-11,-0.0038582633994331816
2013-10-14,-0.022202331426002142
2013-10-15,0.020115697459232695
2013-10-16,0.011906384497871292
2013-10-17,-7.776130320291674e-05
2013-10-18,0.02509620720462924
2013-10-21,0.005935483400381747
2013-10-22,0.003147502945839209
2013-10-23,-0.020611068855958203
2013-10-24,0.006740478460886212
2013-10-25,0.01292164602709045
2013-10-28,-0.004577224694808479
2013-10-29,0.010053597237426937
2013-10-30,0.010562372563522437
2013-10-31,-0.0345294552408133
2013-11-01,0.01686719671014658
2013-11-04,0.006584229965505672
2013-11-05,0.00922022783851717
2013-11-06,-0.04646920220516182
2013-11-07,-0.011813561962598751
2013-11-08,-0.008304211124574912
2013-11-11,0.0074622622860134324
2013-11-12,-0.0009188064037448651
2013-11-13,0.006080293372625611
2013-11-14,0.001102611296528
2013-11-15,0.00043407355809765846
2013-11-18,0.0005353243567529642
2013-11-19,-0.005615114881490801
2013-11-20,0.0012091487898242548
2013-11-21,0.008095412343841257
2013-11-22,-0.002437091434704719
2013-11-25,0.012389146384766958
2013-11-26,-0.0036682086989023865
2013-11-27,0.004174356596862161
2013-11-29,0.010747055036915087
2013-12-02,-0.002922124332742748
2013-12-03,-0.004032713306798996
2013-12-04,-0.006021396788899791
2013-12-05,-0.005888826412994819
2013-12-06,0.013341622333490122
2013-12-09,0.005030513377304979
2013-12-10,-0.002318528646635065
2013-12-11,-0.0016142657613916755
2013-12-12,0.02060658589081954
2013-12-13,0.002502022944590454
2013-12-16,0.0011107210718164229
2013-12-17,0.012306419670155
2013-12-18,9.247290179437151e-05
2013-12-19,-0.016506815215092452
2013-12-20,0.00030213525935263164
2013-12-23,-0.0014762948818467514
2013-12-24,0.007063338524798013
2013-12-26,0.004494143542871587
2013-12-27,-0.0007590731218127811
2013-12-30,-0.006074730076547907
2013-12-31,0.006229420530830421
2014-01-02,0.001520782569940815
2014-01-03,0.00024091488540212147
2014-01-06,-0.0015162842716198721
2014-01-07,0.0077487422002531225
2014-01-08,0.015313948292798862
2014-01-09,0.002865542295682255
2014-01-10,0.0005647758795361835
2014-01-13,-0.0003890468210328013
2014-01-14,0.0033887821618836522
2014-01-15,0.0036415130390570205
2014-01-16,-0.0027874036314289308
2014-01-17,-0.000550601910947468
2014-01-21,0.004436407844954804
2014-01-22,0.001677941988369236
2014-01-23,-0.0159891695364468
2014-01-24,-0.006530905207448701
2014-01-27,0.004386110529413623
2014-01-28,0.004951854126523436
2014-01-29,-0.007511765418177774
2014-01-30,0.0957828441750257
2014-01-31,0.0
2014-02-03,0.0
2014-02-04,0.0
2014-02-05,-0.0006929198785962098
2014-02-06,-0.006357530110524312
2014-02-07,0.002396271357641755
2014-02-10,-3.219012448185676e-05
2014-02-11,0.0019340991963960885
2014-02-12,0.0019293139048539576
2014-02-13,-0.004081100554282013
2014-02-14,0.0018551146958196707
2014-02-18,-0.0006865623148648581
2014-02-19,-0.002516305134379504
2014-02-20,-0.0032352342670679546
2014-02-21,0.0015605574476660333
2014-02-24,0.0019067287903336005
2014-02-25,0.0023036265956781765
2014-02-26,0.0040611622640642775
2014-02-27,0.0004136213869498917
2014-02-28,0.005032359584823842
2014-03-03,-0.017449701815723473
2014-03-04,0.015675402447086206
2014-03-05,0.008502729864124037
2014-03-06,0.0032301904863378805
2014-03-07,0.002808719706062668
2014-03-10,0.00868123829385814
2014-03-11,0.005400992871462451
2014-03-12,-0.0029270213682819346
2014-03-13,0.004646058541058817
2014-03-14,-0.0036465488794330536
2014-03-17,0.005675636112206117
2014-03-18,0.0008901640784375608
2014-03-19,-0.00020471439385916224
2014-03-20,-0.002623151515981248
2014-03-21,0.006434475799110384
2014-03-24,0.00045314533784979183
2014-03-25,0.00866253188013455
2014-03-26,0.0003205268107429049
2014-03-27,0.0012155591891840345
2014-03-28,0.002844623268661639
2014-03-31,0.010251780468291782
2014-04-01,0.0032084652936308355
2014-04-02,0.0010265953225203628
2014-04-03,0.0017801105108061765
2014-04-04,0.004220884608681308
2014-04-07,-0.0010510745218214046
2014-04-08,0.002893248558710315
2014-04-09,0.0032974557295091245
2014-04-10,0.0008676006907011313
2014-04-11,-0.002012205302587833
2014-04-14,0.0017342038852092845
2014-04-15,0.00037865393107994194
2014-04-16,0.002098608910669375
2014-04-17,0.0036337631742748844
2014-04-21,0.007316483743228019
2014-04-22,0.0
2014-04-23,0.0
2014-04-24,0.0
2014-04-25,-0.004036572847740727
2014-04-28,0.0017175735235006595
2014-04-29,0.0015482010823817394
2014-04-30,0.0003881791937379031
2014-05-01,0.0004534167270702216
2014-05-02,1.6568838797637042e-05
2014-05-05,-0.0015934478514424422
2014-05-06,0.0010697130988932546
2014-05-07,-9.638461585870228e-05
2014-05-08,-0.0002341917956263373
2014-05-09,-0.0010271068119735993
2014-05-12,0.0024979040548216425
2014-05-13,0.0012768497287978242
2014-05-14,-0.001263263399469361
2014-05-15,0.00017615446831298343
2014-05-16,0.0003315728887174352
2014-05-19,-0.006583848458144859
2014-05-20,0.0019199314414268809
2014-05-21,0.004475468982606978
2014-05-22,-0.0006683737505361886
2014-05-23,0.0007157215373949644
2014-05-27,-6.676636224645094e-05
2014-05-28,-0.00015683159518631307
2014-05-29,0.0021241368569535624
2014-05-30,0.0020303372151226906
2014-06-02,0.001440042367252925
2014-06-03,-0.006031491372819997
2014-06-04,-0.004967939330211779
2014-06-05,0.003805748233685735
2014-06-06,0.005716885937085303
2014-06-09,-0.0010718051977564036
2014-06-10,0.0043298033653829116
2014-06-11,-0.00011196425975168456
2014-06-12,0.0009795923611943813
2014-06-13,0.005966280589186024
2014-06-16,-0.0013467299330761628
2014-06-17,-0.0007373596407374006
2014-06-18,0.0012230030444899676
2014-06-19,0.0009519816027812045
2014-06-20,0.0018876950554833627
2014-06-23,0.00038566135098849763
2014-06-24,0.0026381361416589755
2014-06-25,-0.001080894566505064
2014-06-26,0.003986614519676301
2014-06-27,-0.0002999608754067351
2014-06-30,0.002225166224088637
2014-07-01,0.005962785739096699
2014-07-02,0.00026127446491508444
2014-07-03,0.00210177035811987
2014-07-07,-0.0005651829641529771
2014-07-08,-0.0004807860253371876
2014-07-09,-0.0021735827734448154
2014-07-10,-0.005592465062610907
2014-07-11,0.00038069056334189
2014-07-14,0.0023682059143306233
2014-07-15,0.0006472718015124723
2014-07-16,0.002812927565621237
2014-07-17,-0.0042362808059943635
2014-07-18,0.0009692853956884129
2014-07-21,-0.0011124577536367752
2014-07-22,0.0014713116354274636
2014-07-23,-0.00035666243213205995
2014-07-24,0.0022544826249590866
2014-07-25,-0.001117864538593083
2014-07-28,-0.00026484825530537215
2014-07-29,0.0006908575171946651
2014-07-30,0.0017771324431015145
2014-07-31,-0.006655840156301607
2014-08-01,0.0014102369997972541
2014-08-04,0.000915473805383149
2014-08-05,-0.001793340521166642
2014-08-06,-0.0006544370891538032
2014-08-07,0.0012628063137742895
2014-08-08,0.0008814529580709607
2014-08-11,0.001832885715943089
2014-08-12,-0.0009509543682070243
2014-08-13,0.001787154455252793
2014-08-14,-0.001620855434429358
2014-08-15,0.0026883631329028823
2014-08-18,0.0003369082592108441
2014-08-19,0.0014590594938852508
2014-08-20,-0.00023775354175614716
2014-08-21,-0.0010721640331329274
2014-08-22,0.0004887424249606642
2014-08-25,0.0014687506469974743
2014-08-26,0.00038658857367357413
2014-08-27,0.0002202463029985502
2014-08-28,-0.0007900435356172908
2014-08-29,0.002603431249444954
2014-09-02,0.0003257538957455175
2014-09-03,0.0010492286204102363
2014-09-04,0.0014873896387457286
2014-09-05,-0.0006106656169786451
2014-09-08,-0.0003564728579534826
2014-09-09,0.0001826947946419466
2014-09-10,0.0012784433896466663
2014-09-11,-0.00148439965570335
2014-09-12,-0.0004893209013663302
2014-09-15,-0.003149438744939115
2014-09-16,-0.0019348092752328183
2014-09-17,0.00028113960170439434
2014-09-18,0.00240970235529403
2014-09-19,0.003745581772560902
2014-09-22,-0.0005293991157273581
2014-09-23,-0.0018210813532093528
2014-09-24,0.0036468409265275614
2014-09-25,0.0008206395434748881
2014-09-26,0.009892628695614247
2014-09-29,-0.0035971435767422344
2014-09-30,0.0005873443003332479
2014-10-01,0.0009901723325189682
2014-10-02,-0.0005767781857187737
2014-10-03,0.004462910821324773
2014-10-06,-0.0014123646943505763
2014-10-07,-0.002222359706336552
2014-10-08,0.00042195471280148666
2014-10-09,-0.0019194583327345471
2014-10-10,-0.008406497436358795
2014-10-13,0.00537887191744546
2014-10-14,0.006837590389279891
2014-10-15,-0.009094357314405
2014-10-16,-0.006746016067006977
2014-10-17,0.009123508205238773
2014-10-20,0.0023123379305829417
2014-10-21,0.00944621799099199
2014-10-22,0.0022028997101428693
2014-10-23,0.006309439664871075
2014-10-24,0.0013905461358902915
2014-10-27,0.002219384620866016
2014-10-28,0.0026297653252758124
2014-10-29,-0.00655848487786459
2014-10-30,-0.003530064137545197
2014-10-31,0.012341316823835102
2014-11-03,0.0008967621124809089
2014-11-04,-0.0004967018895937203
2014-11-05,0.0010994762002713987
2014-11-06,-0.00044088243367668145
2014-11-07,0.00041888119738464624
2014-11-10,-0.0003660385220429774
2014-11-11,-0.0003297335460110684
2014-11-12,-0.000957242671168923
2014-11-13,0.0004539997275860852
2014-11-14,0.0001893372027006457
2014-11-17,-0.0024198808864953625
2014-11-18,-0.00010674023457402093
2014-11-19,0.0002906578802306381
2014-11-20,-0.0008754419241192579
2014-11-21,0.002917842123569603
2014-11-24,0.0009854938874429564
2014-11-25,0.0006779576039090962
2014-11-26,-0.00046053297832993056
2014-11-28,0.0008816417456904979
2014-12-01,-0.00021767644516301754
2014-12-02,0.0006263202118659272
2014-12-03,0.0007590040616520799
2014-12-04,0.001365639839106425
2014-12-05,0.00045228906249583645
2014-12-08,-0.0005280074766864651
2014-12-09,-0.005278440363301273
2014-12-10,-0.0008319982646364243
2014-12-11,0.002255694547536491
2014-12-12,-0.002074429726683591
2014-12-15,0.0019513570141875825
2014-12-16,-0.00173319308907538
2014-12-17,0.0016007206868406954
2014-12-18,0.00434615993588805
2014-12-19,0.0004082270964336221
2014-12-22,0.001912965592463678
2014-12-23,0.0019177290054579466
2014-12-24,0.0005602316843609234
2014-12-26,0.0006917614716919207
2014-12-29,0.0003515279417860562
2014-12-30,-0.0007106538006331764
2014-12-31,0.0003658333949527748
2015-01-02,0.001158697972295064
2015-01-05,7.942521092663135e-05
2015-01-06,0.0006908782976497996
2015-01-07,0.0016480581136009143
2015-01-08,0.0014622065622271752
2015-01-09,0.0010947068884132882
2015-01-12,0.0004266077773269483
2015-01-13,0.0010565071230212997
2015-01-14,-0.0011589207257144407
2015-01-15,0.000640520473090378
2015-01-16,-7.35421533933911e-05
2015-01-20,0.00039962122175274395
2015-01-21,-0.0005876994100675326
2015-01-22,0.0005253234190574219
2015-01-23,-0.00019820651279778279
2015-01-26,-2.9912474878157624e-05
2015-01-27,-0.0018718188565882699
2015-01-28,0.0011274629147624005
2015-01-29,9.830676755262502e-05
2015-01-30,-0.0012142668211683194
2015-02-02,0.00041552925017818154
2015-02-03,-0.00020545033987418027
2015-02-04,-0.0006764054333294744
2015-02-05,0.0003819307561507834
2015-02-06,0.0003492245250737991
2015-02-09,-0.0005025471150860161
2015-02-10,0.0008697828625041648
2015-02-11,0.00011574125408331248
2015-02-12,0.0004475696868280199
2015-02-13,0.0007358507757213584
2015-02-17,0.0002156984406191942
2015-02-18,0.0002479339057908092
2015-02-19,2.854373964189527e-05
2015-02-20,9.837045236471553e-05
2015-02-23,0.00034072914250882214
2015-02-24,0.0003411355452866971
2015-02-25,-5.4791657166042285e-05
2015-02-26,0.0022929803358646694
2015-02-27,0.002065101060734653
2015-03-02,0.004177074608509912
2015-03-03,0.0
2015-03-04,0.0
2015-03-05,0.0
2015-03-06,-0.0008228666370991844
2015-03-09,-0.0003216789907859452
2015-03-10,-0.0014263950958198768
2015-03-11,0.00026062418641803475
2015-03-12,-0.0005549531994990531
2015-03-13,0.0003727830655917419
2015-03-16,0.0010867669429461824
2015-03-17,-0.001527151033983598
2015-03-18,-0.0004889405529354685
2015-03-19,-0.00015233778640888485
2015-03-20,0.0017325472337328396
2015-03-23,0.00045004250320812567
2015-03-24,0.0004928082822384106
2015-03-25,0.00012610141261815144
2015-03-26,-0.004200235040858091
2015-03-27,0.0005683221720533815
2015-03-30,0.0016810411243939338
2015-03-31,-0.0007202552076974733
2015-04-01,-6.759592294003358e-05
2015-04-02,0.0027163565187766636
2015-04-06,-0.0014661830667946907
2015-04-07,-6.2004252709968455e-06
2015-04-08,-0.0012383609914899951
2015-04-09,-0.0007195296447665145
2015-04-10,-6.801504510445255e-05
2015-04-13,0.00010606579482841383
2015-04-14,-0.0006236639579637604
2015-04-15,0.0014266981376342969
2015-04-16,-0.0015685456853079538
2015-04-17,-0.002636041929022226
2015-04-20,0.0007258174019308949
2015-04-21,0.001423219678188481
2015-04-22,0.002791215020104154
2015-04-23,-0.0029454216595251603
2015-04-24,0.0008591831137005901
2015-04-27,0.0009429495401382937
2015-04-28,-0.0001077690123604258
2015-04-29,-0.0016077737220422383
2015-04-30,-0.00036378809686965496
2015-05-01,0.0010930463021945336
2015-05-04,0.00041783009103935065
2015-05-05,0.006690108228954106
2015-05-06,0.0013671242627268931
2015-05-07,0.0005324019599777241
2015-05-08,0.0023895866841261437
2015-05-11,0.0010136550230290808
2015-05-12,-0.0021489379582542156
2015-05-13,0.0008963024372767858
2015-05-14,0.0024403613737431495
2015-05-15,0.008434690719372862
2015-05-18,-0.0007384650747366273
2015-05-19,0.0019692315626052004
2015-05-20,0.00037053779394891073
2015-05-21,0.000727092488993053
2015-05-22,0.0006006533421665239
2015-05-26,0.0011199791610185805
2015-05-27,0.0005935112376518337
2015-05-28,0.0014128473129328967
2015-05-29,0.0002382615455787107
2015-06-01,1.248600546910339e-05
2015-06-02,-0.000468444276194635
2015-06-03,0.0018376595348981173
2015-06-04,-0.0010013020034161935
2015-06-05,-0.00029529758492130576
2015-06-08,-0.0005951131992117942
2015-06-09,0.0002838810299041761
2015-06-10,0.0006776150760232635
2015-06-11,-0.00014013383994726514
2015-06-12,-0.0012087718629095745
2015-06-15,-0.004010468833811842
2015-06-16,-0.0009163261534331779
2015-06-17,5.085403617366424e-05
2015-06-18,0.0007335408014779166
2015-06-19,0.001120918268543214
2015-06-22,7.997928877934157e-05
2015-06-23,0.00045328588386128743
2015-06-24,-2.4037906423690636e-05
2015-06-25,0.00042985247805504834
2015-06-26,-0.013223925784021984
2015-06-29,-0.0028569941849913016
2015-06-30,0.001964896535857852
2015-07-01,0.002749528573869675
2015-07-02,0.0002571946837794936
2015-07-06,-0.002476937109432753
2015-07-07,-0.00276743729123885
2015-07-08,-0.00266642893393243
2015-07-09,0.003065517419385433
2015-07-10,0.002532042739237239
2015-07-13,0.0024083625022619515
2015-07-14,0.011744553430002913
2015-07-15,0.0
2015-07-16,0.0
2015-07-17,0.0
2015-07-20,0.00048648485215752046
2015-07-21,-0.000107924156763195
2015-07-22,-0.005574047441336716
2015-07-23,0.002900562922485861
2015-07-24,-3.137897520066879e-05
2015-07-27,-0.002081808437043753
2015-07-28,0.0021035961422919414
2015-07-29,0.001207227034276448
2015-07-30,-0.0022060712010427697
2015-07-31,0.0013366592562213953
2015-08-03,0.0013014486179609985
2015-08-04,0.0008717877765822557
2015-08-05,0.0015878404676177293
2015-08-06,6.304334664242184e-05
2015-08-07,-0.0008051454452995266
2015-08-10,0.0006788767218079972
2015-08-11,-0.002005290302930174
2015-08-12,-0.003296570853915992
2015-08-13,8.833120068940659e-06
2015-08-14,-0.00024524770707101684
2015-08-17,-0.002687896846049198
2015-08-18,-0.0009061551731432971
2015-08-19,-0.0012176935724067528
2015-08-20,-0.0036401600068908246
2015-08-21,-0.0025273149240674364
2015-08-24,-0.009314398071910479
2015-08-25,0.007795632637326078
2015-08-26,0.0
2015-08-27,0.0
2015-08-28,0.0
2015-08-31,-0.00106430845174732
2015-09-01,-0.006524336224813521
2015-09-02,0.004120918408698548
2015-09-03,0.002282851247298101
2015-09-04,-0.0038410172796807807
2015-09-08,0.007003650744919154
2015-09-09,-0.010585943080270388
2015-09-10,0.000830181018884879
2015-09-11,0.00365949377686392
2015-09-14,-0.0022617534074126366
2015-09-15,-0.001150748954872327
2015-09-16,-0.0001745017710639285
2015-09-17,0.0007474399038935875
2015-09-18,0.01021966608879743
2015-09-21,-0.0032782977021986737
2015-09-22,0.010152321330552327
2015-09-23,-0.0018852275558814968
2015-09-24,0.006975799137568961
2015-09-25,-0.008042463078440698
2015-09-28,0.002213610219619966
2015-09-29,-0.0012758185230663521
2015-09-30,-0.009626501676734622
2015-10-01,-0.0033966769210537207
2015-10-02,0.012658419459531833
2015-10-05,-0.0038203760058823644
2015-10-06,0.002000761545834173
2015-10-07,-0.003470643402915252
2015-10-08,0.002894479513424697
2015-10-09,-0.0016633951276537884
2015-10-12,0.0006851354164503221
2015-10-13,0.0026387758286046115
2015-10-14,0.001831062571065134
2015-10-15,-0.0028288252026057448
2015-10-16,-0.0016703229631855887
2015-10-19,0.001218849308763481
2015-10-20,6.962800012888515e-05
2015-10-21,-0.006182602705081086
2015-10-22,-0.006568525717559837
2015-10-23,-0.021428900662185724
2015-10-26,-0.0005196155327031882
2015-10-27,0.0012757919563433084
2015-10-28,0.0027757171197690944
2015-10-29,-0.004899258367357606
2015-10-30,0.0016841811392627193
2015-11-02,0.002568435970308647
2015-11-03,-0.0008986476910729513
2015-11-04,0.0027461139511637533
2015-11-05,0.006874879949459567
2015-11-06,-0.0008190706477477772
2015-11-09,-0.0037280083775197426
2015-11-10,-0.0038810374362416855
2015-11-11,0.005786969078151349
2015-11-12,-0.003559159370484788
2015-11-13,-0.004843009082493022
2015-11-16,-0.0025963095465770802
2015-11-17,0.0027952837930773633
2015-11-18,0.004776781403778907
2015-11-19,0.00863487874360569
2015-11-20,0.011868492916204065
2015-11-23,0.001293253002321526
2015-11-24,-0.007358329643029071
2015-11-25,0.002839630393055792
2015-11-27,0.0028899944048574877
2015-11-30,0.0014695942656011152
2015-12-01,0.0073131368968526456
2015-12-02,0.002623844204387993
2015-12-03,0.005336995166766778
2015-12-04,0.0003418720563601596
2015-12-07,0.001518871504320396
2015-12-08,-0.010995793812440535
2015-12-09,-0.0020324382856838907
2015-12-10,0.0034695666967465844
2015-12-11,-0.014430361759155796
2015-12-14,0.0019506423770931924
2015-12-15,0.008639987799306192
2015-12-16,0.008008170906097734
2015-12-17,0.005653381996094442
2015-12-18,-0.0034308677175178826
2015-12-21,0.006655381739327115
2015-12-22,0.003987335568644168
2015-12-23,0.004754124436923579
2015-12-24,-0.00042220279628657487
2015-12-28,0.0035468727766101438
2015-12-29,0.00469704542103333
2015-12-30,-0.001373854943268915
2015-12-31,-0.003318622748747835
2016-01-04,-0.02260469396520015
2016-01-05,0.009221128577568516
2016-01-06,-0.01521657861839576
2016-01-07,-0.01585948058489217
2016-01-08,0.012011493934967588
2016-01-11,0.004885514932140955
2016-01-12,0.010007598013147545
2016-01-13,0.005043682221126389
2016-01-14,0.0012781689652221484
2016-01-15,-0.03006853564382561
2016-01-19,0.011963195329193654
2016-01-20,-0.017103556872506753
2016-01-21,0.003676106682266589
2016-01-22,0.0052037167890255365
2016-01-25,0.0035922007172894954
2016-01-26,0.003555773617711866
2016-01-27,0.006706554512677654
2016-01-28,0.022142051795080553
2016-01-29,-0.000754294464354599
2016-02-01,0.0044111664414994145
2016-02-02,0.0035184081304404646
2016-02-03,-0.0014169418741565298
2016-02-04,0.0023503514335128095
2016-02-05,0.0027382332211931537
2016-02-08,0.013094089197269954
2016-02-09,0.008854885416645475
2016-02-10,-0.008187630418413305
2016-02-11,0.0076283422449332505
2016-02-12,-0.006922318193337551
2016-02-16,-0.009876826950774742
2016-02-17,-0.005664239719341824
2016-02-18,0.00184324071993891
2016-02-19,0.0033249451127563834
2016-02-22,-0.0059448650739495346
2016-02-23,0.004465764931708138
2016-02-24,0.008183874287075676
2016-02-25,-0.0006754923302423332
2016-02-26,-0.0043954310728278045
2016-02-29,0.001166219411669056
2016-03-01,-0.006863948954022758
2016-03-02,0.00038906436607133443
2016-03-03,0.0014397368855549875
2016-03-04,0.003492104585122835
2016-03-07,0.0019395538478457208
2016-03-08,0.00500463033863463
2016-03-09,-0.001829302278325895
2016-03-10,-0.0030507172530660487
2016-03-11,-0.0074182034213050585
2016-03-14,0.0013595902422030015
2016-03-15,0.0032125838584704525
2016-03-16,0.001397247232333143
2016-03-17,0.0027278040558327277
2016-03-18,-0.001411276085956814
2016-03-21,0.0019021818670204027
2016-03-22,0.003692386158844929
2016-03-23,0.001306520687935242
2016-03-24,0.0039520429940604895
2016-03-28,-0.0019757794963845
2016-03-29,0.0009659051701600418
2016-03-30,-0.004439876988488134
2016-03-31,0.0003273572500921418
2016-04-01,0.003563482047621136
2016-04-04,0.0014989128745201974
2016-04-05,0.0053995897304637275
2016-04-06,-0.001487898438818691
2016-04-07,0.004294925612413181
2016-04-08,-0.004519948875631119
2016-04-11,-0.0031357331815201617
2016-04-12,0.0004464403890771518
2016-04-13,0.0006616332589706175
2016-04-14,-0.0008834372426680392
2016-04-15,-0.00025456213428298735
2016-04-18,-0.0002977322364843271
2016-04-19,0.0001402035600033269
2016-04-20,-0.00010588423010504666
2016-04-21,-0.00011129036143697757
2016-04-22,-0.00019050371804485433
2016-04-25,-0.0001544383746261424
2016-04-26,0.0011596394949495714
2016-04-27,-0.0010841687950475798
2016-04-28,-0.0008064364435058646
2016-04-29,-0.000826850900183862
2016-05-02,0.0005829985266041504
2016-05-03,-0.0012082152033130455
2016-05-04,-0.001074535689240097
2016-05-05,0.0010014923888643779
2016-05-06,-0.00016688818372700975
2016-05-09,1.45975457299663e-06
2016-05-10,0.0003506038347125262
2016-05-11,-0.0002579929733899089
2016-05-12,0.0005040116231784797
2016-05-13,0.003498549571892884
2016-05-16,-0.000230774322996119
2016-05-17,-0.0003746941300996065
2016-05-18,-0.0006290643255585371
2016-05-19,-0.0007475427304874938
2016-05-20,0.003466251881197646
2016-05-23,0.0010595859189150847
2016-05-24,0.0007317208073456261
2016-05-25,0.0009749827982206138
2016-05-26,0.0002318826576042099
2016-05-27,0.0003621129975077686
2016-05-31,0.000522092212531966
2016-06-01,-0.0008446702993730737
2016-06-02,0.0006156515693120923
2016-06-03,0.0013058210240388668
2016-06-06,0.0005980360965085474
2016-06-07,0.0011232010657846736
2016-06-08,-5.103016888341472e-05
2016-06-09,-0.0013628554064079035
2016-06-10,-0.002096968326815163
2016-06-13,-0.0003496783391828684
2016-06-14,-0.0009157571646057905
2016-06-15,0.001085938704583178
2016-06-16,-0.0010845167059884142
2016-06-17,8.404514861704016e-05
2016-06-20,0.003141516463061489
2016-06-21,0.0005627471343159218
2016-06-22,0.0001501185731225263
2016-06-23,0.002538442121507112
2016-06-24,-0.008145416128513494
2016-06-27,-0.001659196431207377
2016-06-28,0.004080157283300023
2016-06-29,0.0027816286222011044
2016-06-30,0.0004336686008257207
2016-07-01,-0.0012906235220784268
2016-07-05,-0.0008516005228941248
2016-07-06,-0.0009889080273364215
2016-07-07,0.0006259201712550677
2016-07-08,0.0005626673981837804
2016-07-11,0.0012526185159080772
2016-07-12,0.0011769647566055585
2016-07-13,0.00034005192666985984
2016-07-14,0.001031931106878492
2016-07-15,-0.0007140284849518341
2016-07-18,0.001538551892485307
2016-07-19,-0.0003180852906382592
2016-07-20,0.0008703061182595562
2016-07-21,-0.00017348429223573714
2016-07-22,0.0023298984446977755
2016-07-25,0.0008381884707167053
2016-07-26,0.001246025797213779
2016-07-27,0.0005405636214663723
2016-07-28,-0.00024613449209098803
2016-07-29,0.0005289507030574736
2016-08-01,0.0006735527068759684
2016-08-02,-0.00016696006453242873
2016-08-03,-0.0011659581679310804
2016-08-04,0.001190475627734111
2016-08-05,0.002382943409822591
2016-08-08,0.0016189522800098555
2016-08-09,0.0013058873462119536
2016-08-10,-0.0006488840109966088
2016-08-11,0.0008503523913749866
2016-08-12,0.0028275222205851325
2016-08-15,0.001218876797289159
2016-08-16,-8.388541269443994e-05
2016-08-17,-0.0001057974436670106
2016-08-18,0.0006348909514184431
2016-08-19,0.0036202650102903355
2016-08-22,0.000845079417507888
2016-08-23,0.002057827138392865
2016-08-24,0.00039928050045712205
2016-08-25,0.0013118564540204325
2016-08-26,0.000910781249799486
2016-08-29,0.0017821045518646716
2016-08-30,0.0005085908654465232
2016-08-31,8.983376505344864e-05
2016-09-01,-0.0001070972510074375
2016-09-02,0.002312166724586451
2016-09-06,0.001266032611991097
2016-09-07,-0.0006298421084899308
2016-09-08,-0.0007990150250963834
2016-09-09,-0.0022256245529306273
2016-09-12,-0.0032669706496090134
2016-09-13,-0.0019310832104399989
2016-09-14,0.0008196721825488584
2016-09-15,0.0008447143145127178
2016-09-16,0.0040724987372635635
2016-09-19,0.003332728620523806
2016-09-20,0.002616882331172743
2016-09-21,0.002323037381899873
2016-09-22,0.0023574860375745743
2016-09-23,-0.0012849367317928628
2016-09-26,-0.0024989612377148696
2016-09-27,0.001476753088893501
2016-09-28,0.0011583852080336854
2016-09-29,-0.00061191572830821
2016-09-30,0.0019249469260380625
2016-10-03,0.001553166702430664
2016-10-04,0.0013493336481453788
2016-10-05,0.00019004386454102296
2016-10-06,-0.0015953421496929243
2016-10-07,0.00015109613438601954
2016-10-10,0.0018090234548358008
2016-10-11,-0.0009071954092104706
2016-10-12,0.0006701448292141254
2016-10-13,-0.0032254912213471876
2016-10-14,0.003972973445578454
2016-10-17,0.0012128987438639882
2016-10-18,0.0031828900872623578
2016-10-19,-0.002346976138749235
2016-10-20,0.00017927251205329675
2016-10-21,-0.003288313152302158
2016-10-24,0.0016979293708301313
2016-10-25,-0.0005957165097093542
2016-10-26,-0.002291810239844261
2016-10-27,0.0024382870436798765
2016-10-28,0.0009023530731795404
2016-10-31,0.001765555928983975
2016-11-01,0.0010533775457646222
2016-11-02,-0.00011015274354297944
2016-11-03,0.0002624725397308847
2016-11-04,-0.0013532062687111601
2016-11-07,0.005009071838710133
2016-11-08,-0.0006156520177570401
2016-11-09,-0.005734603509778613
2016-11-10,0.001655559462276468
2016-11-11,0.01592854481238959
2016-11-14,0.0
2016-11-15,0.0
2016-11-16,0.0
2016-11-17,0.0027484294204169757
2016-11-18,0.0006971488496474443
2016-11-21,0.0032808331473899166
2016-11-22,0.0023284857520851077
2016-11-23,0.00017468617327409675
2016-11-25,0.0007131375949012142
2016-11-28,-0.0009411832034778023
2016-11-29,0.00035777025595762346
2016-11-30,0.0017688308162118194
2016-12-01,0.0003454903778659091
2016-12-02,-0.002803204528390002
2016-12-05,0.005286297517357541
2016-12-06,0.0028271884817869797
2016-12-07,0.0019413900007287932
2016-12-08,0.004044568127831383
2016-12-09,0.0023530686791268796
2016-12-12,-0.004865903674887151
2016-12-13,0.0022043247605694205
2016-12-14,0.0007839027345719618
2016-12-15,0.0024288030807304573
2016-12-16,0.004010465119678397
2016-12-19,3.078094185360314e-05
2016-12-20,0.00862813740497792
2016-12-21,0.0017438803241551781
2016-12-22,0.011485449830434424
2016-12-23,-0.003914864647803773
2016-12-27,0.005356028602720775
2016-12-28,0.0064715906100834
2016-12-29,-0.01193155842721405
2016-12-30,0.0011839600833885022
2017-01-03,-0.004815245820164349
2017-01-04,0.004852884381517875
2017-01-05,0.000643885058319027
2017-01-06,0.004106897371652707
2017-01-09,0.0014052290999664319
2017-01-10,0.002096468441081578
2017-01-11,-0.0013008626856620964
2017-01-12,-0.0055913373034292
2017-01-13,0.0006296089919421988
2017-01-17,-0.004916600066962151
2017-01-18,-0.004137412527800088
2017-01-19,-0.0021126056917966096
2017-01-20,0.004303953542471595
2017-01-23,-0.0012020608887751694
2017-01-24,0.002873107920508655
2017-01-25,0.00888670121545454
2017-01-26,0.0010858313092703131
2017-01-27,0.001598434862654985
2017-01-30,-0.003411648326580141
2017-01-31,-0.0036494326411523614
2017-02-01,0.007781387708747589
2017-02-02,-0.002755121627571522
2017-02-03,0.0014251145312815794
2017-02-06,0.00031460300596508617
2017-02-07,0.00680384596484207
2017-02-08,-0.002987480371385187
2017-02-09,0.0042061617878623725
2017-02-10,0.010888191614842668
2017-02-13,0.0021222451524713914
2017-02-14,-0.0026349379487831115
2017-02-15,-0.00026657339257329937
2017-02-16,0.0006781166977940511
2017-02-17,-0.002855489826447122
2017-02-21,0.005610095829205353
2017-02-22,0.003816607297875807
2017-02-23,-0.009593579079413606
2017-02-24,-0.012292398759294887
2017-02-27,0.0033903417362632915
2017-02-28,0.002938297699357939
2017-03-01,0.014248721143449439
2017-03-02,-0.004157015798646357
2017-03-03,-0.0029068415233284295
2017-03-06,-0.002794492221345979
2017-03-07,-0.00014185915722420006
2017-03-08,0.006874830794783904
2017-03-09,9.522047459720184e-05
2017-03-10,0.005289959354872087
2017-03-13,0.00707208485843136
2017-03-14,-0.002120918252036086
2017-03-15,-0.0003991801432816633
2017-03-16,-0.0004020709528455013
2017-03-17,0.0004590653125169375
2017-03-20,0.004021127187172624
2017-03-21,-0.0006527928663602189
2017-03-22,-0.0015459194939321241
2017-03-23,-0.0016418584291856275
2017-03-24,0.0185269883621888
2017-03-27,0.0
2017-03-28,0.0
2017-03-29,0.0
2017-03-30,0.0006026890987269606
2017-03-31,0.0001315310834255623
2017-04-03,9.32232081396478e-05
2017-04-04,-0.012501438064139614
2017-04-05,0.0003518665784834063
2017-04-06,-0.0053919026734131625
2017-04-07,0.00026398132642846406
2017-04-10,-0.0003146780583646036
2017-04-11,-0.0033999965012800892
2017-04-12,-3.523609129718608e-05
2017-04-13,-0.004355587100867142
2017-04-17,0.004319183025635276
2017-04-18,-0.0031121408583887344
2017-04-19,0.004508640510882511
2017-04-20,0.003510473239754841
2017-04-21,-0.0005727426613478803
2017-04-24,0.006211941585859693
2017-04-25,0.005047556276600806
2017-04-26,-0.0013039573407055416
2017-04-27,0.0023060628271702743
2017-04-28,0.00048563064466966566
2017-05-01,0.0020770364611746306
2017-05-02,-0.013166907331941702
2017-05-03,-0.0011420509711073112
2017-05-04,0.0014797030084712226
2017-05-05,-0.00012977899724064823
2017-05-08,-0.0009448388301767086
2017-05-09,0.0008625027190882761
2017-05-10,0.016666683103703228
2017-05-11,0.0
2017-05-12,0.0
2017-05-15,0.0
2017-05-16,0.006211436031816175
2017-05-17,-0.014841346903649022
2017-05-18,0.002268230485540146
2017-05-19,0.012610144877485574
2017-05-22,0.005956949742347506
2017-05-23,0.0014488551610500888
2017-05-24,0.011378113542281021
2017-05-25,0.00533618781523737
2017-05-26,-0.0026969552406662656
2017-05-30,0.00459294492827933
2017-05-31,0.007205080528079888
2017-06-01,0.002397693704192516
2017-06-02,0.00041225886692464186
2017-06-05,-0.0018909153700167325
2017-06-06,-0.0013285622829313226
2017-06-07,0.0034836684869117285
2017-06-08,0.013742912189167233
2017-06-09,0.014022446073387984
2017-06-12,-0.012671647891509763
2017-06-13,0.014935646212335119
2017-06-14,0.0018020116316483925
2017-06-15,-0.01835739687960014
2017-06-16,0.001469710575517258
2017-06-19,0.009177744759573558
2017-06-20,0.005653118187936901
2017-06-21,0.004508901579017399
2017-06-22,0.001305597672847325
2017-06-23,0.0005209901609495304
2017-06-26,0.006734317305502335
2017-06-27,-0.0027862135216375483
2017-06-28,0.010100318282943999
2017-06-29,-0.004373603539168158
2017-06-30,0.005340930258260768
2017-07-03,0.0030246090313705842
2017-07-05,0.004435457858796177
2017-07-06,-0.015294002084685898
2017-07-07,0.012450261728387924
2017-07-10,0.008757081688651969
2017-07-11,0.0007539441629476062
2017-07-12,0.011330034112296827
2017-07-13,0.0023634011149589185
2017-07-14,0.0020672844906000076
2017-07-17,0.0007537067849796575
2017-07-18,-0.008095293576323548
2017-07-19,0.001989144397739784
2017-07-20,0.003967583350743542
2017-07-21,-0.002810955996565445
2017-07-24,0.0025826816517164897
2017-07-25,-0.0025364945334124256
2017-07-26,0.006023296631878949
2017-07-27,0.0062766017546904695
2017-07-28,-0.001049002841704283
2017-07-31,0.002366465431446141
2017-08-01,-0.0006276546417932627
2017-08-02,0.0034455107643722727
2017-08-03,-0.0006075498075416297
2017-08-04,0.0017497252817573195
2017-08-07,0.003590890162338267
2017-08-08,0.0031885632981711876
2017-08-09,-0.006472859780229712
2017-08-10,-0.001543701685412957
2017-08-11,-0.013101149313438532
2017-08-14,0.010370196029377388
2017-08-15,0.0024218746135751257
2017-08-16,0.0027069968287196655
2017-08-17,-0.0023475811468715024
2017-08-18,0.005121363901218201
2017-08-21,0.00229537122937562
2017-08-22,0.004078049520006788
2017-08-23,-0.004202633067520445
2017-08-24,0.004265039852012098
2017-08-25,0.002112073866035624
2017-08-28,0.002297293984632187
2017-08-29,-0.006359445221090776
2017-08-30,0.0015276868874782856
2017-08-31,0.0024218721762956363
2017-09-01,0.0015386534868306878
2017-09-05,-0.004230487392910542
2017-09-06,0.0026382663860737843
2017-09-07,0.0017674932563425116
2017-09-08,-0.0007844962005769673
2017-09-11,0.0051841527332592285
2017-09-12,0.002209836941337029
2017-09-13,-0.0006995223773714754
2017-09-14,-0.0026299300929555347
2017-09-15,0.004514219916451845
2017-09-18,0.007813661682650519
2017-09-19,-0.002282921726644682
2017-09-20,0.0005847550300377424
2017-09-21,-0.006307472242794487
2017-09-22,-0.00179061710189099
2017-09-25,-0.002255473047639067
2017-09-26,0.010384055811756498
2017-09-27,0.013133221242069837
2017-09-28,0.0004620798886687538
2017-09-29,0.006618829310169438
2017-10-02,0.00450368451830685
2017-10-03,0.00043215590011236316
2017-10-04,-0.0006359053534225056
2017-10-05,0.002776992127021538
2017-10-06,-0.0036942214656214833
2017-10-09,0.002840299706238225
2017-10-10,0.012961943513821295
2017-10-11,-0.003357393442488421
2017-10-12,-0.0013508778404763833
2017-10-13,0.006041009376530404
2017-10-16,0.0046727831489292715
2017-10-17,-0.002432435883358619
2017-10-18,0.0037977408616087782
2017-10-19,-0.0077914150927898
2017-10-20,0.004699079083140045
2017-10-23,0.0034449529215476726
2017-10-24,0.0017902233559261571
2017-10-25,-0.003365799994861085
2017-10-26,0.002609689957503214
2017-10-27,0.003312582068667025
2017-10-30,-0.0007142345592847654
2017-10-31,0.004133611809889803
2017-11-01,0.00568155917389257
2017-11-02,-0.0025278279400466896
2017-11-03,0.0033545754843054
2017-11-06,-0.0012835153750329065
2017-11-07,0.002349441142706743
2017-11-08,0.0010688464118391305
2017-11-09,-0.006484936543437625
2017-11-10,0.009261515452836377
2017-11-13,-0.002083182978954934
2017-11-14,0.00024525214750226176
2017-11-15,-0.004949105551873445
2017-11-16,0.005638518023849404
2017-11-17,0.0046239116565596206
2017-11-20,0.0021133712019800743
2017-11-21,0.004655537582188396
2017-11-22,0.002823581569345812
2017-11-24,0.0015231025801156761
2017-11-27,-0.005167630390048417
2017-11-28,0.0016325533702614692
2017-11-29,-0.0025734593016215612
2017-11-30,0.005074536646371808
2017-12-01,-0.0044335905951298216
2017-12-04,0.0037946883498882755
2017-12-05,-0.007542072730376437
2017-12-06,-0.004754761074221903
2017-12-07,0.006796467463257905
2017-12-08,0.007745233505809912
2017-12-11,0.0016346724130118506
2017-12-12,-0.0035872821852238612
2017-12-13,0.00422663578833915
2017-12-14,0.0009180269556301468
2017-12-15,0.0035507254011624134
2017-12-18,0.00722824623752949
2017-12-19,0.001004652637482284
2017-12-20,0.012985301821284434
2017-12-21,-0.0003474730737352827
2017-12-22,-0.0034433272060049314
2017-12-26,-0.007699671368814998
2017-12-27,-0.0008487159735670602
2017-12-28,0.003473669460759554
2017-12-29,0.0011338636762814325
2018-01-02,0.005107016704609446
2018-01-03,0.009157186877850165
2018-01-04,0.008194731031430758
2018-01-05,-0.0017742381083400982
2018-01-08,0.0032144086370100577
2018-01-09,-0.0006626359969029716
2018-01-10,-0.008060681393023073
2018-01-11,0.00233383891510619
2018-01-12,-0.0003749721016734764
2018-01-16,0.0030110260333964245
2018-01-17,0.002015588289772108
2018-01-18,-0.0010285162721889174
2018-01-19,0.003614495349052449
2018-01-22,-0.0006594159093811225
2018-01-23,0.003736809588152701
2018-01-24,-0.0005542777346398964
2018-01-25,0.0067747020821857795
2018-01-26,0.003295032195297143
2018-01-29,-0.0021741806795796403
2018-01-30,-0.012108502769898166
2018-01-31,0.007848986631367794
2018-02-01,-0.011147969091337195
2018-02-02,-0.006440828863828574
2018-02-05,-0.010863914092352656
2018-02-06,-0.008758051051540372
2018-02-07,0.0030273328359413654
2018-02-08,0.007894936257303975
2018-02-09,0.03274854272148753
2018-02-12,0.0
2018-02-13,0.0
2018-02-14,0.0
2018-02-15,0.007136706451291941
2018-02-16,-0.0025363553618216184
2018-02-20,0.000790686814436059
2018-02-21,0.005939276930271742
2018-02-22,0.0035693383401871337
2018-02-23,0.007970779535967587
2018-02-26,0.004952561492755692
2018-02-27,-0.0029414996542711513
2018-02-28,0.002051288906620208
2018-03-01,-0.00024663015471071414
2018-03-02,-0.027776087105674363
2018-03-05,-0.00596565395908355
2018-03-06,0.020392220630714775
2018-03-07,-0.018871151042706646
2018-03-08,0.007912235900421338
2018-03-09,0.014630065847061946
2018-03-12,0.01832810923566952
2018-03-13,0.024014177634855693
2018-03-14,0.008054114246249355
2018-03-15,0.003939819310976533
2018-03-16,0.007200707924324812
2018-03-19,-0.013834077345679208
2018-03-20,0.002054086947161027
2018-03-21,-0.0004747503839116485
2018-03-22,-0.01881730902696921
2018-03-23,-0.007838762400010912
2018-03-26,0.04117240723339677
2018-03-27,0.010258893570961991
2018-03-28,-0.02820314633562948
2018-03-29,-0.002528754448522519
2018-04-02,-0.024773711277312094
2018-04-03,0.019599274125356336
2018-04-04,-0.038799592768534064
2018-04-05,0.011074728644880683
2018-04-06,-0.0282898654447985
2018-04-09,0.016840451006939983
2018-04-10,0.028688482379189306
2018-04-11,0.004875720172480946
2018-04-12,0.015227176341569004
2018-04-13,0.01204733297910443
2018-04-16,0.010696553370729278
2018-04-17,0.030959829512993142
2018-04-18,0.001141639518012827
2018-04-19,0.00496703019653344
2018-04-20,0.0013647238370009251
2018-04-23,0.009913634885387879
2018-04-24,0.008464913697671106
2018-04-25,0.00021802825081174149
2018-04-26,0.022704041057737934
2018-04-27,0.05337923547177548
2018-04-30,0.0
2018-05-01,0.0
2018-05-02,0.0
2018-05-03,2.708028373765714e-05
2018-05-04,-0.002584666453619988
2018-05-07,0.005812713454294904
2018-05-08,-0.0004015859585497772
2018-05-09,0.0016310534425607592
2018-05-10,0.0044532104949570606
2018-05-11,-0.007537560127315879
2018-05-14,0.00605369552876156
2018-05-15,-0.000817104800536872
2018-05-16,0.0038544250080196907
2018-05-17,-0.0018720936868902305
2018-05-18,-0.00014178889380356274
2018-05-21,0.013462058262644128
2018-05-22,0.010742780444988664
2018-05-23,-0.0029556540655955033
2018-05-24,0.0004002474115116783
2018-05-25,-0.0014928386060152343
2018-05-29,-0.0014463690428362375
2018-05-30,0.005510256211578746
2018-05-31,-0.012428029447099531
2018-06-01,0.007414277871056862
2018-06-04,-0.0009405541134926976
2018-06-05,0.005145688519547997
2018-06-06,0.002987673968489979
2018-06-07,0.00352125007152293
2018-06-08,-0.008683603663147688
2018-06-11,0.001233604082008899
2018-06-12,0.004188153339680145
2018-06-13,0.0017532667373529875
2018-06-14,0.007730826870750995
2018-06-15,-0.0068279672756541565
2018-06-18,-0.007933414096000013
2018-06-19,-0.008870830519070338
2018-06-20,0.012478413532604371
2018-06-21,0.015953740643810832
2018-06-22,0.009345234335015551
2018-06-25,-0.014548663827208319
2018-06-26,0.01411383412712075
2018-06-27,0.012854032272366256
2018-06-28,0.004884800000570788
2018-06-29,0.009661400427315003
2018-07-02,-0.013328005942376486
2018-07-03,0.004313901296730371
2018-07-05,0.009846101069967084
2018-07-06,-0.0025613356606681847
2018-07-09,0.012902092089526418
2018-07-10,-0.0005363967085325605
2018-07-11,-0.010448385876405508
2018-07-12,0.0015875078782623397
2018-07-13,-0.0009901363250075512
2018-07-16,0.006251912650449887
2018-07-17,-0.04731599377412932
2018-07-18,0.0038127117805977218
2018-07-19,-0.00924570426555793
2018-07-20,0.003657553988927642
2018-07-23,-0.0067984076651949055
2018-07-24,0.014611444144337238
2018-07-25,-0.0007411548350744201
2018-07-26,-0.0074691082454537705
2018-07-27,0.026537577737596907
2018-07-30,0.0019520692690375707
2018-07-31,0.00041717065848123625
2018-08-01,0.00022143355585679814
2018-08-02,-0.006604767043542847
2018-08-03,0.004935456421742979
2018-08-06,0.0012833538707064385
2018-08-07,0.005637636057886031
2018-08-08,-0.0012289300639114487
2018-08-09,-0.002592064280730333
2018-08-10,-0.006743458205425101
2018-08-13,-0.0005787889289038395
2018-08-14,0.01056485997770662
2018-08-15,-0.008724063641963653
2018-08-16,0.011885628114116864
2018-08-17,-0.005418688934721527
2018-08-20,0.0023135157033322695
2018-08-21,0.004790581225053492
2018-08-22,-0.0017680083673592417
2018-08-23,0.004210496070939707
2018-08-24,0.010559935838859058
2018-08-27,0.014456600643654172
2018-08-28,0.006454523762591258
2018-08-29,0.00014525551512067914
2018-08-30,-0.0019426787403069579
2018-08-31,0.0007654683375961646
2018-09-04,0.005119200680638869
2018-09-05,0.007096979410375681
2018-09-06,-0.005821966762496467
2018-09-07,-0.0073784203167863716
2018-09-10,0.008207720951174835
2018-09-11,-0.004030441286605901
2018-09-12,-0.009368094850967568
2018-09-13,0.012748296822038707
2018-09-14,0.012550592154204399
2018-09-17,-0.010857846746160082
2018-09-18,0.007042478061473956
2018-09-19,-0.0034660720212263962
2018-09-20,0.00993809726468875
2018-09-21,-0.003377307498433346
2018-09-24,-0.0007769222475174642
2018-09-25,0.007543655244925951
2018-09-26,-0.0033987933634372913
2018-09-27,-0.0029397703162958866
2018-09-28,-0.0021129467721286987
2018-10-01,0.0006523137968126314
2018-10-02,-0.008066775785539937
2018-10-03,0.003981354459368536
2018-10-04,-0.005860157373185015
2018-10-05,0.00521659407982189
2018-10-08,-0.010965796903122826
2018-10-09,-0.00435917302197375
2018-10-10,-0.0028473411606000365
2018-10-11,-0.012695700779519647
2018-10-12,0.04606588973240755
2018-10-15,0.0
2018-10-16,0.0
2018-10-17,0.0
2018-10-18,-0.005664064955290482
2018-10-19,0.008819758554282187
2018-10-22,0.013286715456707343
2018-10-23,-0.02486659154131554
2018-10-24,0.0018171602214043237
2018-10-25,-0.02172927925414747
2018-10-26,-0.05170813126857232
2018-10-29,0.012949595197772501
2018-10-30,-0.025517556065719815
2018-10-31,0.023865294750490706
2018-11-01,0.012684496566544468
2018-11-02,0.0018516706704585495
2018-11-05,-0.0023363016338162623
2018-11-06,-0.0036580707318982775
2018-11-07,0.01026967027841752
2018-11-08,-0.0038977031015392516
2018-11-09,-0.009034554201407086
2018-11-12,-0.009767088514132438
2018-11-13,0.00644542307558682
2018-11-14,0.013115285835152646
2018-11-15,0.0009115379273338942
2018-11-16,-0.04485599596273715
2018-11-19,-0.000512885086615511
2018-11-20,-0.012772601066051381
2018-11-21,0.004897323542258025
2018-11-23,0.0074608779198628294
2018-11-26,-0.01276402642552732
2018-11-27,0.004505851593398447
2018-11-28,0.006442869096365378
2018-11-29,0.0014615554704133782
2018-11-30,-0.002311511579890624
2018-12-03,0.005349191584178126
2018-12-04,0.004663978988929562
2018-12-06,0.018260006633136205
2018-12-07,0.004278239007009965
2018-12-10,-0.0026982879468095966
2018-12-11,-0.0019147019568720447
2018-12-12,-0.007680354555677504
2018-12-13,-0.0002505631331910507
2018-12-14,0.004408990676915803
2018-12-17,0.002609230988521505
2018-12-18,-0.0007769915570824404
2018-12-19,-0.005727792648131169
2018-12-20,0.0026379470530850657
2018-12-21,0.0003888195300614239
2018-12-24,-0.0019035800289992633
2018-12-26,-0.003984145557045737
2018-12-27,0.003023665953227228
2018-12-28,-0.0026686959121080545
2018-12-31,-0.002240310897134612
2019-01-02,0.008540782618298381
2019-01-03,0.002635845049369978
2019-01-04,-0.004573196684487413
2019-01-07,0.006790856421902358
2019-01-08,0.0012655760564073137
2019-01-09,0.00416326202519679
2019-01-10,0.0023270632087226684
2019-01-11,0.001228309489491597
2019-01-14,-0.0001996423176989781
2019-01-15,0.00046855482244478885
2019-01-16,0.0001328136259577395
2019-01-17,-0.0011076991371805622
2019-01-18,-0.0014530165166305453
2019-01-22,0.0011826700877437535
2019-01-23,0.000971628837888483
2019-01-24,0.006389020133747758
2019-01-25,-0.00496890494269564
2019-01-28,-0.029335658583538593
2019-01-29,-0.001311194202852195
2019-01-30,0.011747783025513714
2019-01-31,-0.005029335208900587
2019-02-01,0.004549059518800247
2019-02-04,-0.0007079663816048631
2019-02-05,-0.0007783476922350596
2019-02-06,-0.0004949140461255608
2019-02-07,0.007359496274638833
2019-02-08,0.007430348923398222
2019-02-11,-0.0017381592891807518
2019-02-12,-0.005022781703295953
2019-02-13,-0.0036384139672474003
2019-02-14,0.0025647705104687724
2019-02-15,-0.005321257486985309
2019-02-19,0.002099897222556546
2019-02-20,-0.0008941096044352559
2019-02-21,0.002571732944069094
2019-02-22,0.0008331852945593354
2019-02-25,-0.006393360197002207
2019-02-26,0.002197239808150231
2019-02-27,0.004008258369209372
2019-02-28,0.002414813196643495
2019-03-01,-0.004762277204212184
2019-03-04,-0.003946474428942137
2019-03-05,0.0005488932328483465
2019-03-06,0.00017033633769814038
2019-03-07,-0.0005220626409386808
2019-03-08,-0.0029688078482540403
2019-03-11,0.0013046934025646717
2019-03-12,0.0006418082531176594
2019-03-13,-0.0008447623378260438
2019-03-14,0.00039902634009947313
2019-03-15,0.0018959995847744882
2019-03-18,0.0004917514342286378
2019-03-19,0.00042468550927243776
2019-03-20,0.0005671931244735084
2019-03-21,-0.00037712975498915835
2019-03-22,-0.001090874783801321
2019-03-25,-0.0006552557480998811
2019-03-26,0.0019252716993665153
2019-03-27,-0.0002848936464667773
2019-03-28,0.0016393916800467867
2019-03-29,0.001931494712263948
2019-04-01,0.0023165487290923714
2019-04-02,3.522488157403636e-05
2019-04-03,0.0013210362335023262
2019-04-04,-6.693248620870396e-05
2019-04-05,0.00107117747611718
2019-04-08,-0.00013316543865582453
2019-04-09,-0.0007887908107859776
2019-04-10,0.000366553161020855
2019-04-11,-0.0003283100316318066
2019-04-12,0.000504876282617861
2019-04-15,-0.00015234365792970994
2019-04-16,0.0003610006847820646
2019-04-17,0.00024613181228816394
2019-04-18,-0.00037912219429669936
2019-04-22,-0.0002699269043429098
2019-04-23,0.0005864922673237682
2019-04-24,0.0004361874257134968
2019-04-25,0.002394529142242474
2019-04-26,5.2841298876060705e-05
2019-04-29,7.504254438472913e-05
2019-04-30,-0.00021549030794376645
2019-05-01,0.000629937624300192
2019-05-02,0.00041452984383028024
2019-05-03,0.0005365141268658391
2019-05-06,-0.009089326738390469
2019-05-07,-0.0021296987193687444
2019-05-08,-0.0021422512774188496
2019-05-09,-0.002965897770993986
2019-05-10,-0.001192078700909538
2019-05-13,-0.006972447237638346
2019-05-14,0.002259664144155682
2019-05-15,-0.0026915163697236455
2019-05-16,-0.0019792203251308704
2019-05-17,-0.002381418145661285
2019-05-20,-0.004570169406637348
2019-05-21,0.0038510682543886343
2019-05-22,-0.002044124862759067
2019-05-23,-0.0034888171956032332
2019-05-24,0.0019129093514780315
2019-05-28,0.004738039897543844
2019-05-29,-0.0012430343259746124
2019-05-30,0.0017630614148209656
2019-05-31,-0.004122952878656383
2019-06-03,0.007751983033598586
2019-06-04,0.0
2019-06-05,0.0
2019-06-06,0.0
2019-06-07,0.0015150553760794327
2019-06-10,0.009776367431794775
2019-06-11,0.006833071193093065
2019-06-12,-0.00556680733889936
2019-06-13,0.002502787584815147
2019-06-14,-0.013037616449637524
2019-06-17,-0.0010808787284601884
2019-06-18,0.00632362744326298
2019-06-19,0.0031139873752319414
2019-06-20,0.009520641280819087
2019-06-21,-0.0031195781827235702
2019-06-24,0.0021801648177759425
2019-06-25,0.0003794695505603407
2019-06-26,0.01578666329337075
2019-06-27,0.0
2019-06-28,0.0
2019-07-01,0.0
2019-07-02,-0.0018940524139340331
2019-07-03,-0.0001492677275449772
2019-07-05,-0.002227017984508972
2019-07-08,0.000850447544890276
2019-07-09,-0.0017553797352748424
2019-07-10,0.0023335770844896686
2019-07-11,0.00097158541786313
2019-07-12,-0.0011107349317862614
2019-07-15,0.0009530955989363044
2019-07-16,-0.00034010054572486403
2019-07-17,0.000699875807523842
2019-07-18,-0.002704904971219113
2019-07-19,0.0011910341701866223
2019-07-22,0.0017847826999759508
2019-07-23,0.0015344316444834138
2019-07-24,-7.814243351245143e-05
2019-07-25,-0.0010344892924565308
2019-07-26,0.0023447502027600375
2019-07-29,0.0005284196715236167
2019-07-30,-0.0017696969466524104
2019-07-31,-0.005370608706128266
2019-08-01,0.00041424308717874503
2019-08-02,-0.0017710248090093694
2019-08-05,-0.0059670781767472425
2019-08-06,0.004174635890085598
2019-08-07,-0.001954527398752015
2019-08-08,0.010618042580153197
2019-08-09,0.0
2019-08-12,0.0
2019-08-13,0.0
2019-08-14,-0.006483022593101073
2019-08-15,0.0020493319849006486
2019-08-16,0.003970846462755029
2019-08-19,0.004937437240462472
2019-08-20,-0.0028284018095044994
2019-08-21,0.002462969223176348
2019-08-22,0.000503549188759056
2019-08-23,-0.0035648984298770614
2019-08-26,0.0049751068335168736
2019-08-27,0.002239813839976401
2019-08-28,-0.0017612748375110954
2019-08-29,0.004286710626024037
2019-08-30,0.0013330810426765982
2019-09-03,-0.003690675500194196
2019-09-04,0.003126030878791042
2019-09-05,0.005606922975529116
2019-09-06,-9.576392856680549e-05
2019-09-09,0.00204480484505587
2019-09-10,-0.0018723850925516095
2019-09-11,-0.001605057666733689
2019-09-12,0.0015968610881480494
2019-09-13,0.0004567517066746962
2019-09-16,-0.0019303586753764979
2019-09-17,0.0009314566272480285
2019-09-18,-0.0006965182251046365
2019-09-19,0.0008627870633188817
2019-09-20,0.00047567861577491044
2019-09-23,4.193159002441327e-05
2019-09-24,0.0002966871033982521
2019-09-25,-0.0007089624869359712
2019-09-26,0.0005656966327958202
2019-09-27,-0.0010809208509738877
2019-09-30,0.0006574964691565821
2019-10-01,0.0005026758796342623
2019-10-02,-0.001379399782476587
2019-10-03,6.884698177112014e-06
2019-10-04,0.0009271980996987672
2019-10-07,-0.00046772227242553033
2019-10-08,-0.0020393490642296452
2019-10-09,0.0027688365636020507
2019-10-10,0.00043913671405193533
2019-10-11,0.0025950110595498455
2019-10-14,-0.0003237126932501555
2019-10-15,0.0007856134012480531
2019-10-16,-0.0009368069254455103
2019-10-17,0.0022691334932811724
2019-10-18,-0.0003369632818119861
2019-10-21,0.0021291846751703147
2019-10-22,9.218659331100554e-05
2019-10-23,-0.0019377857861450076
2019-10-24,0.0015269887223581247
2019-10-25,0.00026829400493011413
2019-10-28,0.0017570611300692374
2019-10-29,0.0010812937104849318
2019-10-30,-0.00018581682716245496
2019-10-31,-0.0010147322716126395
2019-11-01,0.0021107935362492114
2019-11-04,0.002079862030949009
2019-11-05,0.001149950419347956
2019-11-06,-0.0007165265257850217
2019-11-07,0.002700855645513478
2019-11-08,-0.0014577249806272397
2019-11-11,-0.0018407615368585262
2019-11-12,0.0013490270603739862
2019-11-13,-0.0006741129414842284
2019-11-14,-2.3841363532284277e-06
2019-11-15,0.004950130217187265
2019-11-18,-0.00030393728183597535
2019-11-19,0.0010072949227113437
2019-11-20,-0.0016983094074860539
2019-11-21,-0.005147996314775027
2019-11-22,-0.00042398104426344396
2019-11-25,0.0025472216902020506
2019-11-26,-0.0020124671987757914
2019-11-27,0.0024584228322299673
2019-11-29,-0.0016550858649760913
2019-12-02,-7.985406994881483e-05
2019-12-03,-0.012346119754646057
2019-12-04,0.005905049671313112
2019-12-05,0.002286931976037909
2019-12-06,0.005193149497588312
2019-12-09,-0.0010409389159965476
2019-12-10,0.0026705051545128367
2019-12-11,0.0005980457810557116
2019-12-12,-0.0009798105606375618
2019-12-13,-0.0008779330817358932
2019-12-16,0.005796122780912016
2019-12-17,0.0027733702894585655
2019-12-18,0.0008043394654906333
2019-12-19,0.004508757332339464
2019-12-20,0.004362397513080207
2019-12-23,0.0022838989969580226
2019-12-24,0.0017663523524575897
2019-12-26,0.001507635285725728
2019-12-27,0.0013607471205685506
2019-12-30,-0.0009631863659094186
2019-12-31,-0.002624255978166179
2020-01-02,0.007141220758608791
2020-01-03,-0.008159444081008549
2020-01-06,-0.005428793539965837
2020-01-07,0.006712855729718914
2020-01-08,-0.001480906958213568
2020-01-09,0.006927250332678492
2020-01-10,0.0034056090126517446
2020-01-13,0.003985733647128509
2020-01-14,-0.0004159135177042028
2020-01-15,-0.000635160072261054
2020-01-16,0.004416353908574866
2020-01-17,0.0022953868556105927
2020-01-21,-0.001106736500371186
2020-01-22,0.0037930948706137446
2020-01-23,0.0020054893016392406
2020-01-24,0.005063512092937872
2020-01-27,-0.015146917081875766
2020-01-28,0.005284515903275944
2020-01-29,-0.009242358746260115
2020-01-30,-0.0050689246881046035
2020-01-31,-0.002608793966336287
2020-02-03,-0.0019002752613667129
2020-02-04,0.09626775685757694
2020-02-05,0.0
2020-02-06,0.0
2020-02-07,0.0
2020-02-10,0.04561221825305162
2020-02-11,0.0
2020-02-12,0.0
2020-02-13,0.0
2020-02-14,-0.004764384181153769
2020-02-18,0.030047697315214172
2020-02-19,0.05687604608426744
2020-02-20,0.0
2020-02-21,0.0
2020-02-24,0.0
2020-02-25,0.02082360582982634
2020-02-26,-0.013722120177119601
2020-02-27,-0.05785939451777744
2020-02-28,-0.06604117224572725
2020-03-02,0.05640027909657852
2020-03-03,0.0
2020-03-04,0.0
2020-03-05,0.0
2020-03-06,0.0
2020-03-09,0.0
2020-03-10,0.0
2020-03-11,0.0
2020-03-12,0.0
2020-03-13,0.0
2020-03-16,0.0
2020-03-17,0.0
2020-03-18,0.0
2020-03-19,0.0
2020-03-20,0.0
2020-03-23,0.0
2020-03-24,0.0
2020-03-25,-0.0045440522265519645
2020-03-26,-0.008030683388777993
2020-03-27,0.021876647488831003
2020-03-30,-0.008290187047845898
2020-03-31,0.0018904491039162252
2020-04-01,0.026822848291746304
2020-04-02,0.003115000565838022
2020-04-03,-2.541403218281335e-05
2020-04-06,-0.005985917238093941
2020-04-07,-0.02707951012690135
2020-04-08,-0.00869717335216913
2020-04-09,-0.007769351171747929
2020-04-13,-0.0013233839862583086
2020-04-14,-0.002326905115259903
2020-04-15,-0.0029745724756085057
2020-04-16,0.003889929697771466
2020-04-17,-0.002331000149610629
2020-04-20,-0.004207652066444689
2020-04-21,0.002128373080769075
2020-04-22,0.0026918545516418924
2020-04-23,-0.0034217366381257275
2020-04-24,-0.0018112923647704005
2020-04-27,-0.009285536296797736
2020-04-28,0.010762918171070446
2020-04-29,0.00318355742788623
2020-04-30,-0.003775199980288857
2020-05-01,-0.015448790523261757
2020-05-04,0.0
2020-05-05,0.0
2020-05-06,0.0
2020-05-07,0.0
2020-05-08,0.0
2020-05-11,0.0
2020-05-12,0.0
2020-05-13,0.0
2020-05-14,0.0
2020-05-15,0.0
2020-05-18,0.0
2020-05-19,0.0
2020-05-20,0.0
2020-05-21,0.0
2020-05-22,0.0
2020-05-26,0.0
2020-05-27,0.0
2020-05-28,0.0
2020-05-29,0.0
2020-06-01,0.0
2020-06-02,-0.003485545798048051
2020-06-03,0.004847422965636561
2020-06-04,0.0030930239497404255
2020-06-05,0.01126711634884292
2020-06-08,0.021253813587226
2020-06-09,-0.006580167505906842
2020-06-10,0.039550937444394085
2020-06-11,0.0
2020-06-12,0.0
2020-06-15,0.0
2020-06-16,0.017693111337862
2020-06-17,0.005849890677753988
2020-06-18,0.006805627852215279
2020-06-19,0.007205830461800344
2020-06-22,0.0018179530137765187
2020-06-23,0.004273360664634573
2020-06-24,-0.003943179789178464
2020-06-25,-0.0008015559507428272
2020-06-26,0.00536085080902593
2020-06-29,0.005735004807273958
2020-06-30,0.0034946033976643864
2020-07-01,0.0023133687652212576
2020-07-02,0.06190683442929412
2020-07-06,0.0
2020-07-07,0.0
2020-07-08,0.0
2020-07-09,0.019867753078978367
2020-07-10,0.002461368253377838
2020-07-13,0.053407540258761266
2020-07-14,0.0
2020-07-15,0.0
2020-07-16,0.0
2020-07-17,0.007740381970696264
2020-07-20,0.01002306322860469
2020-07-21,0.00027282064005995643
2020-07-22,0.013995910186628047
2020-07-23,0.036546125485664493
2020-07-24,0.0
2020-07-27,0.0
2020-07-28,0.0
2020-07-29,0.015090568558945305
2020-07-30,-0.00713190560404775
2020-07-31,0.013177924912699979
2020-08-03,0.011008963291966323
2020-08-04,0.006131885028546558
2020-08-05,0.002714166064240686
2020-08-06,0.0038465264850089387
2020-08-07,0.0047121290735141486
2020-08-10,0.00021788754568885516
2020-08-11,-0.01719910940961411
2020-08-12,0.05360469930960643
2020-08-13,0.0
2020-08-14,0.0
2020-08-17,0.0
2020-08-18,0.025887317055059533
2020-08-19,-0.0069317099127211845
2020-08-20,-0.013081059038723697
2020-08-21,0.016696245704373558
2020-08-24,0.030412234312755748
2020-08-25,-0.013828990801481145
2020-08-26,0.014569718887304406
2020-08-27,0.009382200478349478
2020-08-28,0.018878716740645674
2020-08-31,0.0023960884143054972
2020-09-01,0.009232681025275191
2020-09-02,0.023384234998459652
2020-09-03,-0.07266424250169179
2020-09-04,-0.013358700916979549
2020-09-08,-0.12489735375145816
2020-09-09,0.07189636395401933
2020-09-10,0.0
2020-09-11,0.0
2020-09-14,0.0
2020-09-15,0.03702257332585379
2020-09-16,0.0
2020-09-17,0.0
2020-09-18,0.0
2020-09-21,0.007844599763735083
2020-09-22,-0.02688239449554608
2020-09-23,-0.03228431984849456
2020-09-24,-0.031045486428659452
2020-09-25,0.013894980124564027
2020-09-28,0.03578807105115933
2020-09-29,-0.01144526120411482
2020-09-30,0.0014455205574483987
2020-10-01,0.027575425158180122
2020-10-02,-0.054221906958069055
2020-10-05,0.01973049785015535
2020-10-06,0.0020805185548355976
2020-10-07,0.017961425322413405
2020-10-08,0.024848726883952788
2020-10-09,0.005201652779025068
2020-10-12,0.01956949675452435
2020-10-13,0.0036328076243583585
2020-10-14,0.00637089309103267
2020-10-15,-0.024535639130443654
2020-10-16,0.010762312914265548
2020-10-19,0.01226614615371302
2020-10-20,0.003805130564790371
2020-10-21,0.0029204274890701765
2020-10-22,0.029916668062495377
2020-10-23,-0.0038493140811312054
2020-10-26,-0.017680578876040243
2020-10-27,0.008487357348512026
2020-10-28,-0.017072117615076543
2020-10-29,0.009633519576866867
2020-10-30,-0.00886497436564504
2020-11-02,0.010703729261178907
2020-11-03,0.011081866162989673
2020-11-04,0.016810565018134715
2020-11-05,0.020655227954851085
2020-11-06,-0.0028060453413779607
2020-11-09,0.009397222761755808
2020-11-10,-0.0018672245258560816
2020-11-11,0.013395829320368202
2020-11-12,-0.0010105568128396802
2020-11-13,0.0027867946303021807
2020-11-16,-0.002172422412887731
2020-11-17,0.05192865472047892
2020-11-18,0.0
2020-11-19,0.0
2020-11-20,0.0
2020-11-23,0.016148558221186216
2020-11-24,0.02100730757692104
2020-11-25,-0.004640170504072394
2020-11-27,0.009649518246500843
2020-11-30,0.019622966995087587
2020-12-01,0.03731724307986406
2020-12-02,0.0
2020-12-03,0.0
2020-12-04,0.0
2020-12-07,0.006976177241073023
2020-12-08,-0.016729901664308988
2020-12-09,0.003880361768350049
2020-12-10,-0.03385464281322015
2020-12-11,-0.01426886072339506
2020-12-14,0.010422430184543696
2020-12-15,0.0046908355912413935
2020-12-16,-0.005122202777987805
2020-12-17,0.0064329734732659904
2020-12-18,0.01396425166223425
2020-12-21,-0.0288676110380659
2020-12-22,-0.0015086905784700289
2020-12-23,-0.008059644191959037
2020-12-24,-0.002641151252322116
2020-12-28,0.013762680347356726
2020-12-29,-0.001967537808314712
2020-12-30,0.006535046706463321
2020-12-31,0.005295997910057526
2021-01-04,0.013608675481177945
2021-01-05,-0.006074308119917826
2021-01-06,0.018325754503848435
2021-01-07,0.021672659490207913
2021-01-08,0.03529968768422442
2021-01-11,0.0
2021-01-12,0.0
2021-01-13,0.0
2021-01-14,-0.008141948363575513
2021-01-15,0.007189548145799751
2021-01-19,0.013048605951747616
2021-01-20,0.013760118318880465
2021-01-21,0.005248218436382013
2021-01-22,-0.005582904902938002
2021-01-25,0.010776717208142328
2021-01-26,0.007727323493262439
2021-01-27,-0.01866497939328038
2021-01-28,-0.03083092582748992
2021-01-29,-0.0020117298289610286
2021-02-01,0.02037166155441028
2021-02-02,0.0056696517622567555
2021-02-03,0.007068829363074514
2021-02-04,0.0010923404965745842
2021-02-05,-0.002117320933598843
2021-02-08,0.02381538822281848
2021-02-09,-0.002437528021069113
2021-02-10,-0.006032812274751387
2021-02-11,0.010890574486867255
2021-02-12,-0.006653067226397913
2021-02-16,-0.00045196468675623436
2021-02-17,-0.012607198284151466
2021-02-18,-0.017190232116157556
2021-02-19,0.010221307177632477
2021-02-22,-0.013872053350286073
2021-02-23,-0.04536147661098966
2021-02-24,0.01022508464214611
2021-02-25,-0.013593240029809994
2021-02-26,0.013927500380595648
2021-03-01,0.018781103732517623
2021-03-02,0.0006891422929329316
2021-03-03,0.0011231912772211583
2021-03-04,-0.001109396575967092
2021-03-05,0.003490498136894171
2021-03-08,0.0003320598291616239
2021-03-09,0.005887557346283323
2021-03-10,0.0
2021-03-11,0.0
2021-03-12,0.0
2021-03-15,0.0016242034755280521
2021-03-16,0.001671041246299021
2021-03-17,-0.001913490794676398
2021-03-18,-0.002836183989696761
2021-03-19,0.0007498329570523321
2021-03-22,0.0016449333279504597
2021-03-23,-0.00034578395233442194
2021-03-24,0.0037836213726925028
2021-03-25,-0.003854066986830551
2021-03-26,0.0001220702722899425
2021-03-29,-0.0004744363915832883
2021-03-30,-0.0005499727181667025
2021-03-31,0.002072925861318353
2021-04-01,0.0055080838219077055
2021-04-05,0.0
2021-04-06,0.0
2021-04-07,0.0
2021-04-08,0.0012938234322230624
2021-04-09,-0.001147554335513723
2021-04-12,-0.0004899630773547159
2021-04-13,0.001527183300789714
2021-04-14,-0.0003385163674796132
2021-04-15,0.002440692576826997
2021-04-16,-0.0008313464860630893
2021-04-19,-0.0009560596375004504
2021-04-20,-0.0008320654577312903
2021-04-21,0.00018925837309735627
2021-04-22,-0.0008060308540267513
2021-04-23,0.0008885297963043826
2021-04-26,0.0007489622226410919
2021-04-27,0.0017294609871334465
2021-04-28,-0.0011264310781543552
2021-04-29,0.0015034268403324447
2021-04-30,-0.0025339340324616044
2021-05-03,0.001590942975026266
2021-05-04,-0.0022308685278006335
2021-05-05,0.002325350633599177
2021-05-06,-0.000665525509224385
2021-05-07,0.0013081766466409572
2021-05-10,-0.0013777088214611544
2021-05-11,-0.004622047700990395
2021-05-12,-0.0030727840342349433
2021-05-13,0.0020562699014203822
2021-05-14,0.0021826141249328135
2021-05-17,-0.0026337748625776536
2021-05-18,0.0010436121878589777
2021-05-19,-0.0041377743135671
2021-05-20,0.001477286954697954
2021-05-21,4.622218663397071e-05
2021-05-24,0.0017229334289381448
2021-05-25,0.0013100823512748327
2021-05-26,0.0004966128835388606
2021-05-27,-0.00025169069143748946
2021-05-28,0.0007537643444261999
2021-06-01,0.0012510052705096975
2021-06-02,-9.420903598444941e-05
2021-06-03,-0.0017045705900672337
2021-06-04,0.0015127726948347409
2021-06-07,-0.0006232075410548266
2021-06-08,0.001592894651828436
2021-06-09,0.0004302247206933174
2021-06-10,0.0008206815000331158
2021-06-11,0.00035537233441296223
2021-06-14,0.00018628748655880045
2021-06-15,-9.522436381270705e-05
2021-06-16,0.0006995765668971199
2021-06-17,-0.0007404343594311635
2021-06-18,-0.0021309012730005295
2021-06-21,0.00023410767457132664
2021-06-22,0.00011520388539820736
2021-06-23,0.0004245972397791675
2021-06-24,0.0016261076653327766
2021-06-25,0.0006209771556382471
2021-06-28,0.0013501901006178763
2021-06-29,-0.00013933358893902792
2021-06-30,0.0007616121696660816
2021-07-01,-0.001625782252831054
2021-07-02,0.003823444568380685
2021-07-06,0.0038667299711963032
2021-07-07,0.002799760477802282
2021-07-08,-0.008549954843831475
2021-07-09,0.0010577889862761758
2021-07-12,0.0028996181718377034
2021-07-13,-0.0017335086147716172
2021-07-14,0.002167347810776654
2021-07-15,-0.00134366209750314
2021-07-16,0.001137075501288054
2021-07-19,-0.004528922039655159
2021-07-20,-0.0006422622363968511
2021-07-21,0.004412065146020883
2021-07-22,0.002276637641534407
2021-07-23,0.001161660327229752
2021-07-26,-0.0011038845084336835
2021-07-27,-0.0011496056172821678
2021-07-28,0.0022499578155563693
2021-07-29,-0.000803589657147552
2021-07-30,-0.0033355594213453355
2021-08-02,0.0027147408561796205
2021-08-03,0.0003944249461707017
2021-08-04,0.002029718177292583
2021-08-05,0.0030212679252912267
2021-08-06,-0.001706204473584827
2021-08-09,0.0012188120358547216
2021-08-10,0.0009395609183135978
2021-08-11,0.0013916240032307847
2021-08-12,0.0004012988784523053
2021-08-13,-2.972490690167362e-05
2021-08-16,-0.0006855571641934954
2021-08-17,-0.002917463212942284
2021-08-18,8.355608294796646e-05
2021-08-19,0.0012977077147813265
2021-08-20,0.0019287346104464032
2021-08-23,0.0020084184682434003
2021-08-24,-0.0009173032104569101
2021-08-25,0.0005529281306932976
2021-08-26,-0.0005427816176285516
2021-08-27,0.001363841889071793
2021-08-30,0.0022416938925187146
2021-08-31,0.0006084213632846502
2021-09-01,0.0012903179872760795
2021-09-02,0.0009221812438549026
2021-09-03,-0.0008557319435180677
2021-09-07,0.00012136682108265795
2021-09-08,-0.0015223789677684119
2021-09-09,-0.00010705615295769633
2021-09-10,0.0022935741407752452
2021-09-13,0.0025734486571149517
2021-09-14,0.0019436380571973277
2021-09-15,0.0007408642225923412
2021-09-16,-0.0018775144460525528
2021-09-17,-6.323496938775985e-05
2021-09-20,-0.009048790118242556
2021-09-21,0.0037848663609227895
2021-09-22,0.0012414283578319196
2021-09-23,0.0024020033406519925
2021-09-24,-0.0037313797547400274
2021-09-27,-0.004319717166742509
2021-09-28,-0.005970061368543167
2021-09-29,0.002791472499348524
2021-09-30,0.0017976036204552237
2021-10-01,0.0008726733927300057
2021-10-04,-0.002769042903945196
2021-10-05,0.0024555080384454087
2021-10-06,-0.00424272866833264
2021-10-07,0.004057111684906856
2021-10-08,0.0004359230973547401
2021-10-11,-0.0025238403498002437
2021-10-12,0.001875540538364362
2021-10-13,0.003405806398128375
2021-10-14,0.004348214880661505
2021-10-15,0.00111282283548797
2021-10-18,-0.000886191259570901
2021-10-19,0.0002691142472193153
2021-10-20,0.00032645063753355963
2021-10-21,8.785193458749063e-05
2021-10-22,0.002582766262732239
2021-10-25,0.0024138165076006413
2021-10-26,0.006098947537181765
2021-10-27,-0.002855454272589042
2021-10-28,0.003258239661818818
2021-10-29,8.643138052732979e-05
2021-11-01,-0.00027477080116589114
2021-11-02,-0.027029234381436118
2021-11-03,0.004871931145516095
2021-11-04,0.015417017337991723
2021-11-05,0.003238950912737737
2021-11-08,-0.03609283692982823
2021-11-09,0.019386305469052845
2021-11-10,-0.02066900198935373
2021-11-11,0.03216331386386506
2021-11-12,0.0
2021-11-15,0.0
2021-11-16,0.0
2021-11-17,0.007792684261899163
2021-11-18,0.04447681944699777
2021-11-19,0.0
2021-11-22,0.0
2021-11-23,0.0
2021-11-24,-0.02154003365581114
2021-11-26,-0.01082858009282639
2021-11-29,0.02389748918591783
2021-11-30,0.0007346853221805727
2021-12-01,0.01855140913091602
2021-12-02,-0.003556915328839394
2021-12-03,0.0002794748308401207
2021-12-06,-0.025428192785658
2021-12-07,0.044659683047301835
2021-12-08,0.0
2021-12-09,0.0
2021-12-10,0.0
2021-12-13,-0.009531634417050405
2021-12-14,-0.02360217715268642
2021-12-15,-0.003085248054798484
2021-12-16,0.02189302536329829
2021-12-17,-0.016811834840135265
2021-12-20,-0.024067264315514758
2021-12-21,0.0247350072950121
2021-12-22,0.011866386291877529
2021-12-23,0.0037436345296026907
2021-12-27,0.006433582597899168
2021-12-28,0.016709854120578127
2021-12-29,0.005020396682251738
2021-12-30,-0.01850768307563655
2021-12-31,0.0044833340130823185
2022-01-03,0.061256491284541914
2022-01-04,0.0
2022-01-05,0.0
2022-01-06,0.0
2022-01-07,0.008526180815920492
2022-01-10,-0.027937536459452073
2022-01-11,-0.0039615410774663795
2022-01-12,0.012360390188506098
2022-01-13,0.006799255911203117
2022-01-14,-0.012099728064251192
2022-01-18,-0.026621131037543044
2022-01-19,0.011921527535880383
2022-01-20,0.00827538499117253
2022-01-21,-0.009602774908168743
2022-01-24,-0.04152725712393124
2022-01-25,-0.025158249593698057
2022-01-26,0.04317669081157538
2022-01-27,0.0
2022-01-28,0.0
2022-01-31,0.0
2022-02-01,0.007317956296680972
2022-02-02,0.013354898306381369
2022-02-03,-0.028261748648994445
2022-02-04,0.004919464445205968
2022-02-07,0.0015310699870643152
2022-02-08,-0.006285825444180326
2022-02-09,0.016354461476538962
2022-02-10,-0.026430344170175535
2022-02-11,0.004760551309059613
2022-02-14,0.002815278737275495
2022-02-15,0.013576122816539415
2022-02-16,-0.004184201432965939
2022-02-17,-0.011489423754631578
2022-02-18,0.006726059545337115
2022-02-22,-0.016073781572943924
2022-02-23,0.0043939509993478065
2022-02-24,-0.03653855904931591
2022-02-25,0.0025105487274879046
2022-02-28,0.008786935879256719
2022-03-01,0.001245773562735586
2022-03-02,0.00620039244225401
2022-03-03,-0.007633840857928842
2022-03-04,0.0015453376514298345
2022-03-07,-0.0012515204145014946
2022-03-08,0.0015325887860315746
2022-03-09,0.0007725963571065808
2022-03-10,0.010888279501669595
2022-03-11,-0.008062031033383987
2022-03-14,0.004202732609961846
2022-03-15,-0.0024339468344298787
2022-03-16,0.005318749573494097
2022-03-17,-0.010662261693088815
2022-03-18,0.0027523177418038447
2022-03-21,0.0029645885630509294
2022-03-22,-0.003014564580824386
2022-03-23,-0.0004903346667692876
2022-03-24,0.0058540917538421056
2022-03-25,-0.004750540663335467
2022-03-28,-0.004169449764610089
2022-03-29,0.004207000393112059
2022-03-30,0.00032085069993081916
2022-03-31,-0.00735445817050151
2022-04-01,0.003442366954944376
2022-04-04,0.003510836356266367
2022-04-05,-0.001272117870375844
2022-04-06,-0.008126027334338426
2022-04-07,0.003711325081431349
2022-04-08,-0.003524820055878397
2022-04-11,-0.009011275690487652
2022-04-12,0.0014084722923153326
2022-04-13,0.003568582088997907
2022-04-14,0.006046440174274137
2022-04-18,-0.0006591403359041959
2022-04-19,-0.00035324981720086246
2022-04-20,0.005593221165910656
2022-04-21,-0.003735721485025989
2022-04-22,0.0017986351264989153
2022-04-25,0.003383005505321446
2022-04-26,-0.00019989947168452815
2022-04-27,-0.005264987516581887
2022-04-28,-0.0011520115652766671
2022-04-29,0.0013852909050888762
2022-05-02,0.002407951161013333
2022-05-03,-0.0016157155406201218
2022-05-04,0.019621770157595586
2022-05-05,0.01249097792217424
2022-05-06,0.0071949587298199
2022-05-09,0.017225386976244872
2022-05-10,-0.0024601813676223827
2022-05-11,0.007101579911069633
2022-05-12,0.013760040226969306
2022-05-13,-0.013529565749780814
2022-05-16,-0.002195255176134836
2022-05-17,0.006326040263895605
2022-05-18,0.0135134361135556
2022-05-19,0.006292631220147005
2022-05-20,-0.011431445032649146
2022-05-23,-0.016003892585604307
2022-05-24,0.001708873237946662
2022-05-25,0.00012637496115308622
2022-05-26,-0.017533480312246774
2022-05-27,0.001711772215668983
2022-05-31,0.004019466697759988
2022-06-01,-0.00334475529006939
2022-06-02,0.003154670312231156
2022-06-03,0.015168448295934445
2022-06-06,-0.01344864149499525
2022-06-07,0.010179042032557373
2022-06-08,0.002335133576543802
2022-06-09,0.005338992273756782
2022-06-10,0.01728379909627553
2022-06-13,0.028078481463504446
2022-06-14,-0.0071950462859070585
2022-06-15,-0.010856937452560445
2022-06-16,0.023221153535190497
2022-06-17,-0.0014071393293463297
2022-06-21,-0.015009273737098261
2022-06-22,0.008161454721636874
2022-06-23,-0.008031520784015367
2022-06-24,-0.009393103324914609
2022-06-27,-0.0048813149591421245
2022-06-28,-0.0012692310881952107
2022-06-29,0.0007926623961185264
2022-06-30,0.009691063912725228
2022-07-01,0.003976873498786837
2022-07-05,0.0032537273072548167
2022-07-06,-0.00039206263257962615
2022-07-07,0.0063512767254712
2022-07-08,0.0005458623938716656
2022-07-11,-0.0007192041061836463
2022-07-12,-0.0019472266317761555
2022-07-13,0.007343844677025535
2022-07-14,0.008863027537730828
2022-07-15,-0.003502207501293819
2022-07-18,0.0006244698288191408
2022-07-19,-0.0031641019467898435
2022-07-20,-0.003440429588770666
2022-07-21,-0.0005771483956320544
2022-07-22,-0.0019527249983607442
2022-07-25,-0.007157185866164206
2022-07-26,0.00269706289304672
2022-07-27,-0.003464828442841683
2022-07-28,0.004143546893159655
2022-07-29,-0.00937679033641925
2022-08-01,0.007594590801015544
2022-08-02,0.006471925697117742
2022-08-03,-0.005182497223251592
2022-08-04,0.0002376805037667129
2022-08-05,0.013658815276119673
2022-08-08,-0.0026765390632789154
2022-08-09,0.005710305730048715
2022-08-10,-0.02031160127848819
2022-08-11,-0.006286966679899142
2022-08-12,-0.005420687372290955
2022-08-15,0.002385398277139128
2022-08-16,0.002282846548356421
2022-08-17,0.008698741374194574
2022-08-18,0.000249911883126952
2022-08-19,0.008126431380772958
2022-08-22,0.012244149520134195
2022-08-23,0.0010395645172742718
2022-08-24,0.001194989422036885
2022-08-25,-0.004148515275980258
2022-08-26,0.0014596053288915556
2022-08-29,0.010087270011651217
2022-08-30,-0.004382650079727157
2022-08-31,-0.007697099337378832
2022-09-01,0.006958552854381184
2022-09-02,-0.0036029263690274815
2022-09-06,0.0004127035235050869
2022-09-07,0.001377987717503304
2022-09-08,0.003335742929596597
2022-09-09,-0.0018354844470391818
2022-09-12,-0.005384513175159644
2022-09-13,0.009321063639930127
2022-09-14,-0.001716687236082648
2022-09-15,0.003092518966621105
2022-09-16,0.006148621635786222
2022-09-19,0.0027819798122921124
2022-09-20,0.0037918588818848242
2022-09-21,-0.002111895847137002
2022-09-22,0.001294957459008872
2022-09-23,0.0031989480418461724
2022-09-26,0.0014048244191147141
2022-09-27,-0.003424106774888469
2022-09-28,-0.00028510955211979994
2022-09-29,0.00570324767944097
2022-09-30,0.0008145836044768373
2022-10-03,-0.0007018614160132497
2022-10-04,-0.018114791096156102
2022-10-05,0.011962772140152511
2022-10-06,0.003894620179170083
2022-10-07,0.015461509814654661
2022-10-10,-0.0008633285297898752
2022-10-11,0.005268387342126646
2022-10-12,-0.001471500634101397
2022-10-13,0.026187782969134155
2022-10-14,-0.008323475784770551
2022-10-17,-0.0213885816909285
2022-10-18,-0.02425844535425381
2022-10-19,0.005089183551582943
2022-10-20,0.003568960794943399
2022-10-21,0.003454164436693441
2022-10-24,-0.000943026689556481
2022-10-25,-0.002871381863908118
2022-10-26,0.0179595555353651
2022-10-27,0.0038990488332069084
2022-10-28,0.0023369954998926357
2022-10-31,0.00717411604104079
2022-11-01,-0.011329433962991797
2022-11-02,0.011414812957268206
2022-11-03,0.009197065826961781
2022-11-04,-0.01724563794365186
2022-11-07,-0.0035768552019693756
2022-11-08,0.0035621141873778406
2022-11-09,-0.003319078626981775
2022-11-10,-0.019346926348636106
2022-11-11,-0.00012741085310319367
2022-11-14,0.006558413775733074
2022-11-15,-0.021353184387755797
2022-11-16,-0.007340308775665827
2022-11-17,0.006642648466766099
2022-11-18,-0.0026689673941494574
2022-11-21,-0.0018958686776149314
2022-11-22,-0.0008768347285473821
2022-11-23,0.0007997956175209708
2022-11-25,0.0007885412651817969
2022-11-28,9.888908411714858e-05
2022-11-29,0.00020835719877476677
2022-11-30,-0.00034782780142372793
2022-12-01,0.0013509462105592007
2022-12-02,0.01525405185556239
2022-12-05,0.006443113108816956
2022-12-06,0.000835172854410704
2022-12-07,0.004089329204360892
2022-12-08,-0.0037299097098447698
2022-12-09,0.0032448308381265445
2022-12-12,-0.00028463694406022366
2022-12-13,-0.033838679850781594
2022-12-14,0.00182175302561971
2022-12-15,0.01238807883658155
2022-12-16,0.002350229089162603
2022-12-19,-0.0004680094357424336
2022-12-20,0.004352078313744068
2022-12-21,-0.003160106346577818
2022-12-22,0.010158987203585212
2022-12-23,0.005511179041198799
2022-12-27,0.0026934225822228264
2022-12-28,0.0018719669681814821
2022-12-29,-0.009202259034254978
2022-12-30,0.009595399969416718
2023-01-03,-0.007595912649352554
2023-01-04,-0.007158183894486525
2023-01-05,0.005660322810967289
2023-01-06,-0.004924779598344364
2023-01-09,-0.0073969702076049915
2023-01-10,0.0036785448354854644
2023-01-11,-0.0033699792225346803
2023-01-12,-0.0012695974150986888
2023-01-13,0.008197304269697003
2023-01-17,0.0008492079562236743
2023-01-18,-0.005378612454190801
2023-01-19,0.005669908120009781
2023-01-20,-0.005328282774851534
2023-01-23,-0.002294330251260024
2023-01-24,0.005379197861132834
2023-01-25,0.014086390086062828
2023-01-26,-0.010514059962359101
2023-01-27,0.004242022683287772
2023-01-30,0.009850856961354015
2023-01-31,-7.364297848921897e-05
2023-02-01,0.0006240192291060431
2023-02-02,-0.01909498306484325
2023-02-03,0.017760414269685887
2023-02-06,0.007138599009445024
2023-02-07,0.00067716731195544
2023-02-08,0.0036195728850163533
2023-02-09,-0.011653282616558513
2023-02-10,0.006401330902686686
2023-02-13,-0.0034999206639398928
2023-02-14,0.004624457023010287
2023-02-15,0.005187152807829776
2023-02-16,-0.0005735813283558322
2023-02-17,-0.0006471564057923818
2023-02-21,-0.001393453875533135
2023-02-22,0.0002576385228623135
2023-02-23,0.000797704731545279
2023-02-24,-0.0004702200008942503
2023-02-27,0.0007695376719107916
2023-02-28,0.00014805129883699308
2023-03-01,0.0008820762167407459
2023-03-02,-0.000632192028529377
2023-03-03,0.0005208372106391135
2023-03-06,-6.0947268240685304e-05
2023-03-07,0.00029763665249982196
2023-03-08,0.00022360930429687897
2023-03-09,3.163874616651796e-05
2023-03-10,0.00028004545273940806
2023-03-13,-0.001031114397965771
2023-03-14,0.0008158688870942843
2023-03-15,-0.0008437331207920007
2023-03-16,-0.00013430317326401653
2023-03-17,9.951333354862868e-05
2023-03-20,-0.0005916899279833077
2023-03-21,0.00047699356068897636
2023-03-22,9.779985906543942e-05
2023-03-23,0.0020042250794882754
2023-03-24,-0.0001391559338258519
2023-03-27,1.3890239610736543e-05
2023-03-28,-0.000170796109822402
2023-03-29,0.0007993932092880129
2023-03-30,0.0015909326036103177
2023-03-31,0.00022926670974587893
2023-04-03,-0.0006862225420113388
2023-04-04,0.0005055147631642942
2023-04-05,-0.007316488693045686
2023-04-06,-0.003973703940483686
2023-04-10,-0.003282044291842978
2023-04-11,0.0017368226830685174
2023-04-12,0.0031483221960184604
2023-04-13,0.003135775600927815
2023-04-14,0.00018960895182384974
2023-04-17,-0.0026399185466630115
2023-04-18,0.005932800200808108
2023-04-19,-0.0035472787598926914
2023-04-20,-0.0032175275490886612
2023-04-21,-0.0014897974436791639
2023-04-24,-0.0008941681507841359
2023-04-25,-4.7647617898549655e-05
2023-04-26,0.006999217122861667
2023-04-27,0.003931780635239024
2023-04-28,7.783535139416209e-05
2023-05-01,0.0007253296219902339
2023-05-02,-0.002448446765255241
2023-05-03,-0.009840296797458903
2023-05-04,-0.0016585703391498452
2023-05-05,-0.00010639818716806637
2023-05-08,-0.0019040602542592655
2023-05-09,-0.0039514805429849975
2023-05-10,0.007620288380262297
2023-05-11,0.0015215730393443039
2023-05-12,-0.0003496077052211888
2023-05-15,0.003189720892956549
2023-05-16,-0.0028012953466283186
2023-05-17,0.0035355751859675877
2023-05-18,0.001697353855976802
2023-05-19,-0.003193062905990529
2023-05-22,-0.005013609074272174
2023-05-23,-0.003918177147432478
2023-05-24,-0.008934072385010206
2023-05-25,0.08960406219827899
2023-05-26,0.0
2023-05-30,0.0
2023-05-31,0.0
2023-06-01,0.005892732068637274
2023-06-02,0.00425250199050331
2023-06-05,-0.006472809946293401
2023-06-06,-0.004506040053196991
2023-06-07,0.0047102627011677
2023-06-08,0.0011576441205667365
2023-06-09,0.0058974908276163696
2023-06-12,0.007495276284521291
2023-06-13,0.011837372926195577
2023-06-14,-0.0018665465968575878
2023-06-15,-0.006168355767900091
2023-06-16,0.012528909725147974
2023-06-20,0.0016763692237835581
2023-06-21,-0.004598497170996363
2023-06-22,-0.012018419406972125
2023-06-23,-0.010507695223817004
2023-06-26,0.0030507950228684244
2023-06-27,0.005323999008618241
2023-06-28,-0.016265584960587054
2023-06-29,0.005693929410884424
2023-06-30,0.012319175597261367
2023-07-03,0.0025554119058375235
2023-07-05,-0.002659462928570555
2023-07-06,-0.00497769142183524
2023-07-07,0.0026354873683052116
2023-07-10,0.003943770271405134
2023-07-11,0.003256279992357891
2023-07-12,0.00847967061772903
2023-07-13,0.008520563315544738
2023-07-14,0.004444920180793455
2023-07-17,0.0066723959949752665
2023-07-18,0.0030473973266404997
2023-07-19,0.0003012308158640842
2023-07-20,-0.007247999262832927
2023-07-21,0.004136554568905604
2023-07-24,0.004626460086566642
2023-07-25,0.005164901606925287
2023-07-26,0.006242127792873253
2023-07-27,0.02435913806191148
2023-07-28,0.0
2023-07-31,0.0
2023-08-01,0.0
2023-08-02,-0.007567486816214664
2023-08-03,-0.0077228460753553385
2023-08-04,0.007122046573442509
2023-08-07,0.006065171646661538
2023-08-08,-0.009571505184861273
2023-08-09,-0.004195674706552133
2023-08-10,-0.0007291227365624486
2023-08-11,-0.009938245899043463
2023-08-14,-0.005265906591403469
2023-08-15,0.0067615646753704794
2023-08-16,0.0022938836964747633
2023-08-17,0.004311919798930974
2023-08-18,-0.012420300328673806
2023-08-21,0.011942999693579148
2023-08-22,0.013290985488400464
2023-08-23,0.0018666709980372787
2023-08-24,0.033291215172149835
2023-08-25,0.0
2023-08-28,0.0
2023-08-29,0.0
2023-08-30,0.0019234189573424931
2023-08-31,1.5998012341755796e-05
2023-09-01,0.007708886749927535
2023-09-05,-0.003900078013356345
2023-09-06,-0.001699494393515244
2023-09-07,-0.020929982333245056
2023-09-08,-0.004081662917477913
2023-09-11,0.00943601678290884
2023-09-12,-0.007369738074958998
2023-09-13,-0.002394187508412693
2023-09-14,0.006423557912746514
2023-09-15,-0.005540116281369523
2023-09-18,-0.014313521971299314
2023-09-19,-0.003090487860812341
2023-09-20,0.0021061438145597577
2023-09-21,-0.014711773069520762
2023-09-22,0.009269001479227379
2023-09-25,-0.0014522758005955927
2023-09-26,-0.005019409772614392
2023-09-27,0.004648304247863333
2023-09-28,-0.0013638361565673218
2023-09-29,0.010675259582646035
2023-10-02,0.0054046051496856595
2023-10-03,-0.0019362262752545822
2023-10-04,0.0027799212955663677
2023-10-05,-0.0004989304822610174
2023-10-06,-0.005068786956674565
2023-10-09,-0.00904464680258732
2023-10-10,0.0008678822793406482
2023-10-11,0.0036117357559066754
2023-10-12,-2.094589751111542e-05
2023-10-13,0.000219984517787708
2023-10-16,-0.002441926796566407
2023-10-17,-0.021034748025131167
2023-10-18,-0.013303944989164096
2023-10-19,0.00727088442360424
2023-10-20,-0.0016004966630903672
2023-10-23,-0.002337537727925443
2023-10-24,0.00247918792300883
2023-10-25,-0.0036304772283767273
2023-10-26,0.000339242241522264
2023-10-27,0.009868125886570933
2023-10-30,0.005583348381855258
2023-10-31,-0.006306629127787677
2023-11-01,0.0011906875095992753
2023-11-02,0.009812933534780965
2023-11-03,0.006401764059524417
2023-11-06,0.003046315812214928
2023-11-07,-0.0002979068581313582
2023-11-08,0.0014092557485057
2023-11-09,0.00931881789104505
2023-11-10,0.006628046118801301
2023-11-13,-0.0011203674640177796
2023-11-14,0.013616939486459145
2023-11-15,0.0036085125370004523
2023-11-16,-0.0033103485050587356
2023-11-17,0.0001656381376256011
2023-11-20,0.00012339732221877675
2023-11-21,-0.004459097801026601
2023-11-22,0.0004473985936306324
2023-11-24,-0.002440110530452233
2023-11-27,-0.0004440679257603497
2023-11-28,-0.0015233154705243113
2023-11-29,0.007094439067041103
2023-11-30,-0.0013391336619389405
2023-12-01,-0.0033766738186855605
2023-12-04,-0.006479050343276227
2023-12-05,-0.0014136852400045141
2023-12-06,0.0048867094916922316
2023-12-07,0.0014831116982629844
2023-12-08,-0.0006445246803552518
2023-12-11,-0.00022043825919071391
2023-12-12,-0.004573792114327402
2023-12-13,-0.0002740452766553103
2023-12-14,0.003039839621989948
2023-12-15,-0.0006230551217746294
2023-12-18,0.003692098452863224
2023-12-19,-0.005013590749944341
2023-12-20,3.785468226680244e-05
2023-12-21,0.006920865457950454
2023-12-22,0.00040312328678093756
2023-12-26,0.0014867608165547441
2023-12-27,0.002233825331458883
2023-12-28,0.001684047094986152
2023-12-29,0.00217769871021134
2024-01-02,-0.0014724278643017952
2024-01-03,-0.0019714870031054543
2024-01-04,0.0005377829165824632
2024-01-05,-0.0004498751609540719
2024-01-08,0.00028016085865267826
2024-01-09,-0.0009863491482927644
2024-01-10,-0.00013874517672429754
2024-01-11,0.001473597446784547
2024-01-12,-0.0002083452883145931
2024-01-16,-0.00047768758823851787
2024-01-17,-0.0013698280589488077
2024-01-18,0.0013252867592770112
2024-01-19,0.0003264395321342928
2024-01-22,-0.00035325688266107935
2024-01-23,-0.0001780480772241022
2024-01-24,0.0012742529768929867
2024-01-25,0.0006940885759898485
2024-01-26,-0.0005862722230429718
2024-01-29,-9.591447538470632e-05
2024-01-30,-0.0008463342562672338
2024-01-31,-0.001208552778866001
2024-02-01,0.0006143279185968353
2024-02-02,0.013722796273538007
2024-02-05,0.01988598917779516
2024-02-06,0.0012013878612660012
2024-02-07,0.004253369294447085
2024-02-08,0.0009996873988982191
2024-02-09,0.010654173778744447
2024-02-12,0.005174867472713007
2024-02-13,-0.02884122841179959
2024-02-14,0.019575944113895405
2024-02-15,0.0028151371704852046
2024-02-16,0.012228673730229067
2024-02-20,-0.012574760875264213
2024-02-21,-0.02009822091084068
2024-02-22,0.08723160437368804
2024-02-23,0.0
2024-02-26,0.0
2024-02-27,0.0
2024-02-28,-0.012767066615315015
2024-02-29,0.018201235463092047
2024-03-01,0.01282244530256138
2024-03-04,0.018923274391717593
2024-03-05,-0.007385890539325368
2024-03-06,0.02955583260774719
2024-03-07,0.01789633605465668
2024-03-08,0.02084609354650735
2024-03-11,-0.01766908047121174
2024-03-12,0.022034452890550504
2024-03-13,-0.01183254491221164
2024-03-14,-0.011011120648222406
2024-03-15,-0.012185862024794214
2024-03-18,0.024520819777683167
2024-03-19,-0.025582835265145154
2024-03-20,0.004917472746992724
2024-03-21,0.025372817439547113
2024-03-22,-0.004319123180193674
2024-03-25,-0.010710745357758955
2024-03-26,0.008238140333271415
2024-03-27,0.0076257071463397
2024-03-28,-0.0025293846700866762
2024-04-01,-0.00034325213190355974
2024-04-02,-0.025329704392206387
2024-04-03,-0.007514665424000366
2024-04-04,0.0193071390455668
2024-04-05,0.006584286912020287
2024-04-08,0.016691503702331856
2024-04-09,0.0028516980026498384
2024-04-10,-0.01706733310887698
2024-04-11,0.0025926427661597806
2024-04-12,-0.010177839838741765
2024-04-15,0.008033671665700348
2024-04-16,0.0005217822743153189
2024-04-17,0.00785821925367558
2024-04-18,0.007484841291349742
2024-04-19,-0.011113246894798756
2024-04-22,0.016932125096654538
2024-04-23,0.01135670931445576
2024-04-24,0.013953435619943555
2024-04-25,-0.023254031187840085
2024-04-26,0.008652788675360457
2024-04-29,-0.0029745431829447666
2024-04-30,-0.006530539565324567
2024-05-01,-0.012001409565152499
2024-05-02,0.012040357127665935
2024-05-03,0.01631817542067182
2024-05-06,0.0063201781294457415
2024-05-07,-0.00663493540374005
2024-05-08,-0.008299527984920396
2024-05-09,-0.00030940400449785965
2024-05-10,0.012364162554931335
2024-05-13,0.006088849545158981
2024-05-14,-0.0058107121591791655
2024-05-15,0.00836776140698614
2024-05-16,0.0019030726274611443
2024-05-17,0.0005919446353395141
2024-05-20,0.00865713223313902
2024-05-21,-0.008412544498885288
2024-05-22,0.000537546364387298
2024-05-23,0.04357034595596199
2024-05-24,0.0
2024-05-28,0.0
2024-05-29,0.0
2024-05-30,-0.0016054922658650383
2024-05-31,0.012384207424946725
2024-06-03,0.02570217533754726
2024-06-04,0.0
2024-06-05,0.0
2024-06-06,0.0
2024-06-07,-0.006508141373291365
2024-06-10,-0.007199501211227144
2024-06-11,-8.339352274389089e-05
2024-06-12,0.015319316320651755
2024-06-13,0.03025683872694751
2024-06-14,0.0
2024-06-17,0.0
2024-06-18,0.0
2024-06-20,0.022158808326475876
2024-06-21,-0.022799379262397945
2024-06-24,-0.019249067581468604
2024-06-25,0.018752767124961434
2024-06-26,0.0022549709697963216
2024-06-27,-0.014220380591204673
2024-06-28,0.004763511852876823
2024-07-01,-0.0011720320305808052
2024-07-02,-0.01905514208883219
2024-07-03,-0.004559027281439976
2024-07-05,-0.0018930590476018416
2024-07-08,0.008345325503388068
2024-07-09,0.011802111907271318
2024-07-10,0.013417806862568549
2024-07-11,0.005193279246411331
2024-07-12,0.004506611850458864
2024-07-15,0.005936186175256486
2024-07-16,0.0010729790261316818
2024-07-17,-0.0304362025756314
2024-07-18,0.01904781442809922
2024-07-19,-0.005853342787776383
2024-07-22,0.011502256848244796
2024-07-23,-0.003186978794840978
2024-07-24,-0.016173363393550466
2024-07-25,-0.0063001666173602144
2024-07-26,0.018803804218615605
2024-07-29,0.0
2024-07-30,0.0
2024-07-31,0.0
2024-08-01,-0.0026586843382040426
2024-08-02,-0.02663425660114971
2024-08-05,-0.0748777568410981
2024-08-06,0.016422815157178583
2024-08-07,0.022674266870132964
2024-08-08,0.0
2024-08-09,0.0
2024-08-12,0.0
2024-08-13,0.019933590572846382
2024-08-14,0.01504908684749573
2024-08-15,0.00735136969458372
2024-08-16,-0.005866880176804035
2024-08-19,-0.002105702623804606
2024-08-20,-0.00854504751913887
2024-08-21,0.0006556063214342434
2024-08-22,0.010100992686042254
2024-08-23,0.011799382372395195
2024-08-26,-0.0005879498703810215
2024-08-27,-0.008651040459590642
2024-08-28,-0.001860952663706894
2024-08-29,-0.019854507550152833
2024-08-30,0.01246882339142985
2024-09-03,-0.01906490161921548
2024-09-04,-0.013887057027621719
2024-09-05,-0.007843571034736208
2024-09-06,0.0015693237372229607
2024-09-09,0.011820532793467509
2024-09-10,0.0064062266868591955
2024-09-11,0.0056509602053131935
2024-09-12,-0.0004262198519416893
2024-09-13,0.0007462820060790687
2024-09-16,-0.012976424614136728
2024-09-17,0.00804784326290453
2024-09-18,0.002074954227596626
2024-09-19,0.023340289775424905
2024-09-20,0.0
2024-09-23,0.0
2024-09-24,0.0
2024-09-25,0.00462849753379313
2024-09-26,0.018052641873640418
2024-09-27,0.0004942149263560403
2024-09-30,-0.015230105266450855
2024-10-01,0.001290676816463554
2024-10-02,-0.002775349899267532
2024-10-03,0.007998573843692292
2024-10-04,0.01311299246299491
2024-10-07,6.779856929828298e-05
2024-10-08,0.009793519929210515
2024-10-09,0.003904842267200115
2024-10-10,-0.0038669544954141877
2024-10-11,-0.00419535106930502
2024-10-14,0.009252922947270426
2024-10-15,-0.001440393832688014
2024-10-16,0.01184089598006155
2024-10-17,0.01707668261425832
2024-10-18,0.0074026371191882046
2024-10-21,7.581680562473991e-05
2024-10-22,-0.004642544287910444
2024-10-23,-0.007713263817880511
2024-10-24,0.007244650011775766
2024-10-25,0.004053803430750902
2024-10-28,0.007742540948483034
2024-10-29,0.0019091597406921679
2024-10-30,-0.014600279841388342
2024-10-31,-0.005753399246364754
2024-11-01,0.006060673886282952
2024-11-04,-0.0006479065209049617
2024-11-05,0.012170126956129623
2024-11-06,0.052429270086906454
2024-11-07,0.0
2024-11-08,0.0
2024-11-11,0.0
2024-11-12,-0.005247898644640037
2024-11-13,0.013038846742108312
2024-11-14,0.004377475376408313
2024-11-15,-0.003476998551556476
2024-11-18,0.02142625374093443
2024-11-19,0.0003051730607657177
2024-11-20,0.00938605241707302
2024-11-21,0.030845676141275424
2024-11-22,0.0
2024-11-25,0.0
2024-11-26,0.0
2024-11-27,0.01128821667698321
2024-11-29,0.014410453178229199
2024-12-02,0.012443214502434685
2024-12-03,-0.005677112922310545
2024-12-04,0.00854896221509227
2024-12-05,0.014022457094892138
2024-12-06,0.002551421011591559
2024-12-09,-0.009557177940735961
2024-12-10,0.004188995325146827
2024-12-11,0.011146613977227826
2024-12-12,-0.004687385625486429
2024-12-13,0.01508466543428666
2024-12-16,0.00797193307188393
2024-12-17,-0.007950575515685232
2024-12-18,0.007931772456976738
2024-12-19,0.011608145132876002
2024-12-20,-0.0045358268943221924
2024-12-23,0.004463335950158243
2024-12-24,0.00867960564358583
2024-12-26,-0.0037887855109750568
2024-12-27,-0.0028234881577698934
2024-12-30,-0.011403359326484508
2024-12-31,0.0050537935528705
2025-01-02,0.008969400103318703
2025-01-03,0.005584654929265964
2025-01-06,0.01563751028965088
2025-01-07,0.006819745490813878
2025-01-08,0.0029923274881153983
2025-01-10,-0.007516275841461195
2025-01-13,-0.02001139351880965
2025-01-14,0.011033640667492017
2025-01-15,0.010782721246769711
2025-01-16,0.008113083054472892
2025-01-17,0.014638987835344786
2025-01-21,0.004714502942796406
2025-01-22,0.009205635511815524
2025-01-23,-0.007782971369878822
2025-01-24,0.005243356501528407
2025-01-27,-0.049286272442819135
2025-01-28,0.00827566120378731
2025-01-29,-0.003934290918791272
2025-01-30,0.004315700709635051
2025-01-31,-0.0010998142164710956
2025-02-03,-0.023856315170029174
2025-02-04,7.2930819030592176e-06
2025-02-05,0.008884901206850593
2025-02-06,0.009120243017430418
2025-02-07,0.004420650917002167
2025-02-10,0.0032883300906894064
2025-02-11,-0.005276177146900318
2025-02-12,-0.012404779807235089
2025-02-13,0.0012895299961932505
2025-02-14,0.004159379493560822
2025-02-18,0.007659318059006104
2025-02-19,0.0003272951357755627
2025-02-20,0.0029663668675536936
2025-02-21,0.0004556184482771286
2025-02-24,0.007572603280358914
2025-02-25,-0.0033395291926239246
2025-02-26,0.011801622728632832
2025-02-27,0.011901466721387033
2025-02-28,-0.006265785468530405
2025-03-03,0.004035424938393595
2025-03-04,-0.010715132057670496
2025-03-05,0.005503397739337945
2025-03-06,-0.0156274856208779
2025-03-07,0.00299569402722355
2025-03-10,-0.013640869096519403
2025-03-11,0.0024209537591093344
2025-03-12,0.019215884750658052
2025-03-13,0.0
2025-03-14,0.0
2025-03-17,0.0
2025-03-18,-0.008546433911813978
2025-03-19,0.007312162918569731
2025-03-20,-0.005666488442084616
2025-03-21,-0.00871306758262358
2025-03-24,0.012054323999522998
2025-03-25,-0.003617502680583251
2025-03-26,-0.00778426941160848
2025-03-27,-0.011338091204737166
2025-03-28,-0.001677354426090627
2025-03-31,-0.005043429010712974
2025-04-01,0.00465123813673296
2025-04-02,0.0009345789410806216
2025-04-03,0.005844226904947458
2025-04-04,0.013733767881164205
2025-04-07,0.004083382646512312
2025-04-08,-0.004758214869919675
2025-04-09,0.0010760746796998344
2025-04-10,0.02030337481244815
2025-04-11,0.0034545935552390272
2025-04-14,-0.0038608005130361667
2025-04-15,-0.0019463483233636003
2025-04-16,0.017826798308456793
2025-04-17,-0.005137548851474438
2025-04-21,0.002479618942827333
2025-04-22,-0.0024337274571265555
2025-04-23,-0.0005657948282957737
2025-04-24,-0.004278494863840132
2025-04-25,0.0009168422517065178
2025-04-28,-0.0005687387725428206
2025-04-29,0.00027166727992899986
2025-04-30,-0.004297814694787405
2025-05-01,0.0048028737111096564
2025-05-02,-0.009696782888438005
2025-05-05,0.00775956072223094
2025-05-06,0.011942371801670904
2025-05-07,-2.891572142948995e-05
2025-05-08,-0.001795597390634729
2025-05-09,-0.0014257271428236296
2025-05-12,-0.014436313398673684
2025-05-13,-0.002369706167135055
2025-05-14,-0.0019867363728905962
2025-05-15,0.0037910651036798804
2025-05-16,0.0028810093978914875
2025-05-19,0.002359267667058962
2025-05-20,0.0006584046445101688
2025-05-21,0.003213420756320584
2025-05-22,0.0010941993540418693
2025-05-23,0.005563188692004228
2025-05-27,-0.002323881537638406
2025-05-28,0.0010123859823203407
2025-05-29,0.01838806067942156
2025-05-30,0.0
2025-06-02,0.0
2025-06-03,0.0
2025-06-04,0.00036806116196941296
2025-06-05,0.0009282008549111875
2025-06-06,0.00016047863324120115
2025-06-09,-0.00021933102876670052
2025-06-10,0.0010393949273967973
2025-06-11,0.0007641208173265746
2025-06-12,-0.0006612081190777719
2025-06-13,-0.002308904928880917
2025-06-16,0.002328239367101581
2025-06-17,-0.0005092938276416437
2025-06-18,0.0006873120197059546
2025-06-20,0.0014683010962830423
2025-06-23,0.00018921694374096631
2025-06-24,0.002227353459509418
2025-06-25,0.0009333041516905727
2025-06-26,0.0007110147424937985
2025-06-27,0.00030476148740077313
2025-06-30,0.0028970892387440994
2025-07-01,-0.0007175988530708777
2025-07-02,-0.0006009187661305537
2025-07-03,0.0019496466726489636
2025-07-07,-0.000561209147135755
2025-07-08,0.0012269538359714893
2025-07-09,0.00027821234309088894
2025-07-10,0.00043699682320186284
2025-07-11,-0.0007090546662920083
2025-07-14,-0.0011337613354349685
2025-07-15,0.001138610488250702
2025-07-16,-0.00020527465967801195
2025-07-17,-0.00038644930465503435
2025-07-18,-0.00041145191695368677
2025-07-21,8.782296706111303e-05
2025-07-22,7.153695119010983e-05
2025-07-23,0.0002237896120926841
2025-07-24,0.0006952983559542769
2025-07-25,-0.00012838323160246912
2025-07-28,0.0006643627132600916
2025-07-29,0.0007476001745254646
2025-07-30,0.0009860551191844813
2025-07-31,0.0064586123051220135
2025-08-01,0.0
2025-08-04,0.0
2025-08-05,0.0
2025-08-06,-0.008800987682341721
2025-08-07,0.007026909650408308
2025-08-08,0.0032204775774009597
2025-08-11,-0.0028909722808042604
2025-08-12,0.0036040893093616244
2025-08-13,0.004092513758841898
2025-08-14,-0.006854399536934563
2025-08-15,-0.001467200341299102
2025-08-18,-0.0018728769826106273
2025-08-19,-0.0034087469247083835
2025-08-20,-0.005166517546667304
2025-08-21,0.00011411311566100757
2025-08-22,-0.005334512455428375
2025-08-25,-0.0029860452311534225
2025-08-26,0.002572645849448163
2025-08-27,0.0009312891136037393
2025-08-28,0.0008248004369597606
2025-08-29,-0.0054068389017157825
2025-09-02,-0.015120928286421753
2025-09-03,0.0010542881484441047
2025-09-04,-0.0013565982944031552
2025-09-05,-0.0059336801349211266
2025-09-08,0.0015902175450284162
2025-09-09,0.0025629136886866632
2025-09-10,0.017736889981163406
2025-09-11,0.0
2025-09-12,0.0
2025-09-15,0.0
2025-09-16,-0.0011507288489229772
2025-09-17,-0.005428010209557854
2025-09-18,0.005553826391223149
2025-09-19,-0.00227232680722389
2025-09-22,-0.0037198944264459355
2025-09-23,-0.00031307117305845455
2025-09-24,0.004117650801205741
2025-09-25,-0.00995286287224717
2025-09-26,0.0010053164545913429
2025-09-29,0.006699791085550855
2025-09-30,-0.00031044577082406377
2025-10-01,-0.0026298479247445217
2025-10-02,0.017711658276084785
2025-10-03,0.007935088581873195
2025-10-06,0.04036172555640949
2025-10-07,0.0
2025-10-08,0.0
2025-10-09,0.0
2025-10-10,0.000908283509402974
2025-10-13,0.02199923216586197
2025-10-14,0.0
2025-10-15,0.0
2025-10-16,0.0
2025-10-17,-0.005447976159131618
2025-10-20,0.009435551521963959
2025-10-21,-0.0023494326874219373
2025-10-22,0.0009580377230558046
2025-10-23,-0.014744190030144044
2025-10-24,0.008049815556364193
2025-10-27,0.012566576929524453
2025-10-28,0.0015416014430407188
2025-10-29,0.00784132978047003
2025-10-30,-0.011348767253635872
2025-10-31,0.011515642773368251
2025-11-03,0.006161209109991628
2025-11-04,-0.017199143111285564
2025-11-05,-0.0021839654991824275
2025-11-06,0.0003155451902201456
2025-11-07,-0.009944156984963093
2025-11-10,0.020634743952513412
2025-11-11,0.0
2025-11-12,0.0
2025-11-13,0.0
2025-11-14,-0.013751803626731895
2025-11-17,-0.009238984088638325
2025-11-18,-0.008865884343693287
2025-11-19,0.005699014069328268
2025-11-20,0.024319991556020604
2025-11-21,0.0
2025-11-24,0.0
2025-11-25,0.0
2025-11-26,0.010792631156651744
2025-11-28,0.00062388804847191
2025-12-01,-0.008950306951389986
2025-12-02,0.0020631892096725224
2025-12-03,-0.0006792470313761179
2025-12-04,-0.0008441763049262807
2025-12-05,0.003419398140311003
2025-12-08,0.0045356815829167285
2025-12-09,-0.001409711624278609
2025-12-10,-0.000870738202598198
2025-12-11,-0.004316282781139824
2025-12-12,-0.007069915681794492
2025-12-15,0.0037273184315973484
2025-12-16,-0.0027828069054877114
2025-12-17,0.0034252437235833266
2025-12-18,0.014813401472009158
2025-12-19,0.0
2025-12-22,0.0
2025-12-23,0.0
2025-12-24,0.00024412955476660336
2025-12-26,0.0015580787853708422
2025-12-29,-0.0038945241391572516
2025-12-30,0.00025935172938229556
2025-12-31,4.898207188519521e-05
2026-01-02,0.007810864511428317
2026-01-05,0.006390138110212273
2026-01-06,0.00229621562861837
2026-01-07,-0.0014379550664438412
2026-01-08,0.0037956650139248094
2026-01-09,0.003090088437794014
2026-01-12,-0.003717234160587002
2026-01-13,0.004014049094321903
2026-01-14,-0.0013271563523536978
2026-01-15,0.007253093023406043
2026-01-16,0.007606550717827121
2026-01-20,-0.004678088454501128
2026-01-21,0.0041317027456122535
2026-01-22,0.005455032044884955
2026-01-23,-0.00392420053082676
2026-01-26,-0.002508195137001512
2026-01-27,0.0073155162321834055
2026-01-28,0.0074635105646430056
2026-01-29,0.0025837211573989105
2026-01-30,-0.0017161574892262665
2026-02-02,-0.002785754870770152
2026-02-03,0.0044116771365763086
2026-02-04,-0.0018807219144002518
2026-02-05,-0.0045038855368984
2026-02-06,0.0016461223816586212
2026-02-09,-0.0060358085202890654
2026-02-10,-0.002138492798742231
2026-02-11,0.010539646163975736
2026-02-12,0.0
2026-02-13,0.0
2026-02-17,0.0
2026-02-18,0.00025525743083809616
2026-02-19,-0.004105202782946682
2026-02-20,-0.0019977996411034704
2026-02-23,-0.002026062316308974
2026-02-24,0.0037051277956035022
2026-02-25,0.004299813442928846
2026-02-26,-0.002100518886623437
2026-02-27,-0.006838664893608071
2026-03-02,-0.006036738098959438
2026-03-03,-0.012758094613073423
2026-03-04,0.0063002730102976745
2026-03-05,-0.0024303227568006625
2026-03-06,-0.009030063890367424
2026-03-09,-0.0031201442575511384
2026-03-10,0.001356260883072613
2026-03-11,0.0022428374635306003
2026-03-12,-0.003813183395859676
2026-03-13,0.0035809083413724796
2026-03-16,0.008220570270960792
2026-03-17,0.0
2026-03-18,0.0
2026-03-19,0.0
2026-03-20,0.0004667470734762702
2026-03-23,0.002958657600183434
2026-03-24,-0.0022830545715233352
2026-03-25,-0.003266688451800226
2026-03-26,-0.006826475215218175
2026-03-27,0.0006769265610038211
2026-03-30,0.003531985981528152
2026-03-31,0.0020687222993007737
2026-04-01,0.00560316046553333
2026-04-02,0.0010440569087031282
2026-04-06,0.0021746366999553235
2026-04-07,0.0017594996252998651
2026-04-08,-0.006516966118982559
2026-04-09,0.000520252861306636
2026-04-10,-0.0021220241601618284
2026-04-13,0.002573157651748925
2026-04-14,0.005327099225555854
2026-04-15,-0.005123287018496292
2026-04-16,-0.000585931556864594
2026-04-17,0.00705477122714071
2026-04-20,0.002004701093979655
2026-04-21,0.002047649686968356
2026-04-22,0.008205408052396779
2026-04-23,-0.002281191543611949
2026-04-24,0.016666081398632793
2026-04-27,0.0
2026-04-28,0.0
2026-04-29,0.0
2026-04-30,0.005049573821065856
2026-05-01,-0.0032706765355062783
2026-05-04,0.005489475660471754
2026-05-05,0.017261000165037288
2026-05-06,0.0
2026-05-07,0.0
2026-05-08,0.0
2026-05-11,0.019857809004907745
2026-05-12,0.0
2026-05-13,0.0
2026-05-14,0.0
2026-05-15,-0.0259286291302806
2026-05-18,0.016998448043342718
2026-05-19,0.0
2026-05-20,0.0
2026-05-21,0.0
2026-05-22,0.0018705665224114654
2026-05-26,0.03459150573947767
2026-05-27,0.0
2026-05-28,0.0
2026-05-29,0.0
2026-06-01,0.007911755007292465
2026-06-02,0.009550658756424468
2026-06-03,0.024313458694476875
2026-06-04,-0.0490514397768782
2026-06-05,-0.04131370621465691
2026-06-08,0.05898447510768268
2026-06-09,0.0
2026-06-10,0.0
2026-06-11,0.0
2026-06-12,-0.0100723695338919
2026-06-15,0.049944334497704856
2026-06-16,0.0
2026-06-17,0.0
2026-06-18,0.0
2026-06-22,0.03186126282719104
2026-06-23,0.0
2026-06-24,0.0
2026-06-25,0.0
2026-06-26,-0.04381701010127803
2026-06-29,0.0009855575277206707
2026-06-30,0.00300656923803988
2026-07-01,-0.05125270824045702
2026-07-02,0.004995756721411837
2026-07-06,0.02529955323754285
2026-07-07,0.0
2026-07-08,0.0
2026-07-09,0.0
2026-07-10,-0.018601358793519096
2026-07-13,-0.03138529736066953
2026-07-14,0.038476314171390635
2026-07-15,0.0
2026-07-16,0.0
2026-07-17,0.0
2026-07-20,0.02033071284123955
2026-07-21,0.0
2026-07-22,0.0
2026-07-23,0.0
2026-07-24,-0.013807992967844851
2026-07-27,0.005686288773235404
2026-07-28,-0.03059951937318328
2026-07-29,0.0028173864667133675
2026-07-30,0.03568329027216377
2026-07-31,0.0
2026-08-03,0.0
2026-08-04,0.0
2026-08-05,-0.011483328130231563
2026-08-06,-0.023329747812013468
2026-08-07,0.01453291272684365
2026-08-10,-0.006501985197840288
2026-08-11,0.006026860412796653
2026-08-12,0.025094037450831275
2026-08-13,0.0
2026-08-14,0.0
