index,return
2000-01-03,0.0
2000-01-04,0.0
2000-01-05,0.0
2000-01-06,0.022789940622592653
2000-01-07,-0.031510593038934664
2000-01-10,0.038615247450161316
2000-01-11,-0.005163547101103116
2000-01-12,-0.0016811158375625856
2000-01-13,0.016716810592325215
2000-01-14,-0.007938916146056463
2000-01-18,0.00388564389734114
2000-01-19,0.01465486099350466
2000-01-20,0.08143536861887712
2000-01-21,0.0
2000-01-24,0.0
2000-01-25,0.0
2000-01-26,-0.04529397107158506
2000-01-27,0.024111140899386152
2000-01-28,-0.012872234140232308
2000-01-31,0.016109842748676106
2000-02-01,0.009868986310609618
2000-02-02,0.01415585347766668
2000-02-03,0.03581230953180814
2000-02-04,0.023263624443325526
2000-02-07,0.004382907028903871
2000-02-08,0.01062330696897873
2000-02-09,0.026272769273301577
2000-02-10,0.050566187003173724
2000-02-11,0.03575461548698988
2000-02-14,-0.033272573838998065
2000-02-15,0.025832776550999803
2000-02-16,0.02825509062358922
2000-02-17,0.0077697018815108265
2000-02-18,-0.014491471480066132
2000-02-22,-0.052052268943019064
2000-02-23,-0.004076717937584795
2000-02-24,0.01854211279673801
2000-02-25,-0.001921624445776704
2000-02-28,-0.0001880824059347086
2000-02-29,0.031144770570859626
2000-03-01,0.05786330868841727
2000-03-02,0.0
2000-03-03,0.0
2000-03-06,0.0
2000-03-07,0.0
2000-03-08,0.0
2000-03-09,0.0
2000-03-10,0.0
2000-03-13,0.0
2000-03-14,0.0
2000-03-15,0.0
2000-03-16,0.0
2000-03-17,0.0
2000-03-20,0.0
2000-03-21,0.0
2000-03-22,0.0
2000-03-23,0.0
2000-03-24,0.0
2000-03-27,0.0
2000-03-28,0.0
2000-03-29,0.0
2000-03-30,0.0
2000-03-31,0.0
2000-04-03,0.0
2000-04-04,0.03330168588843385
2000-04-05,-0.012086568127222863
2000-04-06,0.10481402149987962
2000-04-07,0.0
2000-04-10,0.0
2000-04-11,0.0
2000-04-12,-0.015620208295495486
2000-04-13,0.02451538987844759
2000-04-14,-0.07093940503080809
2000-04-17,-0.05513115415278069
2000-04-18,0.05614442517772211
2000-04-19,0.0
2000-04-20,0.0
2000-04-24,0.0
2000-04-25,0.054684264489121226
2000-04-26,0.0
2000-04-27,0.0
2000-04-28,0.0
2000-05-01,0.0343666386521666
2000-05-02,-0.00100203944020405
2000-05-03,-0.013465809896807013
2000-05-04,-0.008558294708030934
2000-05-05,-0.006993687438586638
2000-05-08,-0.018633651113529992
2000-05-09,0.016569401984431797
2000-05-10,-0.01663949772859996
2000-05-11,0.025707504108875456
2000-05-12,0.024916361285482136
2000-05-15,0.0005600711167725869
2000-05-16,0.041765208931445086
2000-05-17,0.05485384198891263
2000-05-18,0.0
2000-05-19,0.0
2000-05-22,0.0
2000-05-23,-0.004542950349059494
2000-05-24,0.002467469512285936
2000-05-25,0.052065407322558155
2000-05-26,0.0
2000-05-30,0.0
2000-05-31,0.0
2000-06-01,0.049801121277246896
2000-06-02,0.0
2000-06-05,0.0
2000-06-06,0.0
2000-06-07,0.0029904037663768257
2000-06-08,0.04657725128481549
2000-06-09,0.02701934308868026
2000-06-12,0.016807886468030775
2000-06-13,-0.02769489619429566
2000-06-14,0.021250733685955314
2000-06-15,-0.005514051645535756
2000-06-16,0.01161762636174779
2000-06-19,0.012363545855455405
2000-06-20,0.013546351040782278
2000-06-21,-0.02315673732509793
2000-06-22,0.01697405214338965
2000-06-23,-0.011814861350008976
2000-06-26,0.019244714337698365
2000-06-27,0.0120372860453819
2000-06-28,0.020517660201480714
2000-06-29,-0.06627432368069974
2000-06-30,0.02676309660534759
2000-07-03,0.03500813365714461
2000-07-05,-0.06707337511101652
2000-07-06,-0.003247225393141928
2000-07-07,0.013515197697091308
2000-07-10,-0.010253905601496416
2000-07-11,-0.010186182874130645
2000-07-12,0.05694621128791866
2000-07-13,0.06414595839448833
2000-07-14,0.0
2000-07-17,0.0
2000-07-18,0.0
2000-07-19,-0.02643371782695847
2000-07-20,-0.008113455671291736
2000-07-21,-0.04598971123433104
2000-07-24,0.015606277403497515
2000-07-25,0.02879076844807238
2000-07-26,-0.03209192724206522
2000-07-27,-0.06978893832062438
2000-07-28,0.01245084055718082
2000-07-31,0.07023954625912188
2000-08-01,0.0
2000-08-02,0.0
2000-08-03,0.0
2000-08-04,0.03808111423898297
2000-08-07,-0.0042773486549883
2000-08-08,-0.0065797337801488665
2000-08-09,0.04538684358009437
2000-08-10,-0.04717920526617425
2000-08-11,-0.005383342198805874
2000-08-14,0.04539452882011008
2000-08-15,0.018788479388877066
2000-08-16,0.05443878428921112
2000-08-17,-0.032122295959943314
2000-08-18,0.023159293680036885
2000-08-21,0.030566454817834376
2000-08-22,-0.03224247212853182
2000-08-23,-0.004512730434743317
2000-08-24,0.008347356954731877
2000-08-25,-0.011996436399331678
2000-08-28,0.011936400482325693
2000-08-29,0.0025807320275224033
2000-08-30,-0.012309429808887384
2000-08-31,0.009239729550990505
2000-09-01,0.035659921899824365
2000-09-05,0.034719508836570157
2000-09-06,-0.05811726594521682
2000-09-07,0.023486485517441702
2000-09-08,-0.015314791556905738
2000-09-11,-0.039335788238498814
2000-09-12,0.02027035853304482
2000-09-13,-0.02553912787764112
2000-09-14,0.03112360188701868
2000-09-15,-0.007414331621062975
2000-09-18,0.019139805753366934
2000-09-19,-0.007555465809213402
2000-09-20,-0.024045256498300027
2000-09-21,-0.022769702410463943
2000-09-22,-0.11464170835365439
2000-09-25,0.028430977115322165
2000-09-26,0.022158441848799892
2000-09-27,0.024943489311806344
2000-09-28,-0.02101960512923684
2000-09-29,-0.047445619473480694
2000-10-02,0.022715848573731545
2000-10-03,0.04794516376347557
2000-10-04,-0.00042450058917364863
2000-10-05,-0.022924171101455948
2000-10-06,0.015500726571487045
2000-10-09,0.009359896486344832
2000-10-10,-0.044814729444495494
2000-10-11,-0.06710316638600244
2000-10-12,0.06392191151739035
2000-10-13,0.0
2000-10-16,0.0
2000-10-17,0.0
2000-10-18,-0.04878609924200972
2000-10-19,0.1756554033787301
2000-10-20,0.0
2000-10-23,0.0
2000-10-24,0.0
2000-10-25,-0.048731177286329475
2000-10-26,0.017899110599933987
2000-10-27,0.019057681386910552
2000-10-30,-0.016636608317573964
2000-10-31,0.08481920903178253
2000-11-01,0.0
2000-11-02,0.0
2000-11-03,0.0
2000-11-06,0.05381759947978093
2000-11-07,0.015077686802279722
2000-11-08,0.011708128371412219
2000-11-09,-0.07881737738452854
2000-11-10,0.00017834407360517446
2000-11-13,-0.07065179075884576
2000-11-14,0.10345615959990262
2000-11-15,0.0
2000-11-16,0.0
2000-11-17,0.0
2000-11-20,-0.04940505663650574
2000-11-21,0.03731589246978917
2000-11-22,0.015790783875018866
2000-11-24,0.06977629443791011
2000-11-27,0.0
2000-11-28,0.0
2000-11-29,0.0
2000-11-30,-0.16801095403824273
2000-12-01,0.061377281670051964
2000-12-04,0.0
2000-12-05,0.0
2000-12-06,0.0
2000-12-07,-0.0614053998300933
2000-12-08,0.15699079992939846
2000-12-11,0.0
2000-12-12,0.0
2000-12-13,0.0
2000-12-14,0.003736022000640382
2000-12-15,-0.05031260061187803
2000-12-18,0.027025753392177387
2000-12-19,-0.000564637929059475
2000-12-20,-0.08383707747169711
2000-12-21,-0.015401715613627354
2000-12-22,0.09630397093749732
2000-12-26,0.0
2000-12-27,0.0
2000-12-28,0.0
2000-12-29,-4.28073711137289e-05
2001-01-02,0.042078078681527575
2001-01-03,-0.017740572810080124
2001-01-04,-0.022286377889189524
2001-01-05,0.006184670542394688
2001-01-08,-0.014024173756100988
2001-01-09,0.06240650242079826
2001-01-10,0.0
2001-01-11,0.0
2001-01-12,0.0
2001-01-16,0.003473440787992832
2001-01-17,0.14061280221679318
2001-01-18,0.0
2001-01-19,0.0
2001-01-22,0.0
2001-01-23,-0.01826974192267472
2001-01-24,0.002394617944189825
2001-01-25,-0.020627460303823675
2001-01-26,-0.06394015198282832
2001-01-29,-0.011238510060592843
2001-01-30,0.028531942463466686
2001-01-31,-0.009909886931352085
2001-02-01,0.01658158045219915
2001-02-02,0.021813742109818346
2001-02-05,-0.016468262447348114
2001-02-06,0.02686759795002125
2001-02-07,-0.013670722088080622
2001-02-08,0.015254504274329284
2001-02-09,-0.015282408822788085
2001-02-12,-0.00887605626469179
2001-02-13,0.008274719685198217
2001-02-14,0.001671448252603458
2001-02-15,0.0023068348405039796
2001-02-16,-0.07650948681413394
2001-02-20,0.017898180041348466
2001-02-21,-0.05686196167267821
2001-02-22,-0.008517555204201721
2001-02-23,-0.012992326778903385
2001-02-26,0.045588626887768546
2001-02-27,-0.022639292376457232
2001-02-28,0.01579443806976988
2001-03-01,-0.025881770434470264
2001-03-02,-0.10493063419927595
2001-03-05,0.03424610996010613
2001-03-06,0.13129248900638402
2001-03-07,0.0
2001-03-08,0.0
2001-03-09,0.0
2001-03-12,-0.03498246952254269
2001-03-13,0.05575058270463318
2001-03-14,-0.08839200727809349
2001-03-15,0.08691541856182505
2001-03-16,0.0
2001-03-19,0.0
2001-03-20,0.0
2001-03-21,-0.006113872077084359
2001-03-22,0.06658142517671095
2001-03-23,0.0
2001-03-26,0.0
2001-03-27,0.0
2001-03-28,-0.060728587583429694
2001-03-29,-0.01591975828275871
2001-03-30,-0.03486672920285239
2001-04-02,-0.005695590039389131
2001-04-03,0.0
2001-04-04,0.0
2001-04-05,0.0
2001-04-06,0.0
2001-04-09,0.0
2001-04-10,0.0
2001-04-11,0.0
2001-04-12,0.0
2001-04-16,0.0
2001-04-17,0.0
2001-04-18,0.0
2001-04-19,0.0
2001-04-20,0.0
2001-04-23,0.0
2001-04-24,0.0
2001-04-25,0.0
2001-04-26,0.0
2001-04-27,0.0
2001-04-30,0.0
2001-05-01,0.0
2001-05-02,0.03414479745637089
2001-05-03,-0.07677181762667551
2001-05-04,-0.06920566801800632
2001-05-07,-0.001063574975516568
2001-05-08,0.07492772130646119
2001-05-09,0.0
2001-05-10,0.0
2001-05-11,0.0
2001-05-14,-0.00014711474509165878
2001-05-15,0.012391692532814247
2001-05-16,-0.028032219802281988
2001-05-17,0.012938890411115844
2001-05-18,-0.011910656382672524
2001-05-21,-0.013507755674962096
2001-05-22,0.003206617689846647
2001-05-23,0.006438054755578015
2001-05-24,-0.028064167735806556
2001-05-25,0.02212259940250383
2001-05-29,-0.020633540972231024
2001-05-30,-0.024697716657421376
2001-05-31,-0.006639939788697258
2001-06-01,0.03312555647114235
2001-06-04,-0.02807601754388689
2001-06-05,0.02245485442749251
2001-06-06,0.07327404183290276
2001-06-07,0.0
2001-06-08,0.0
2001-06-11,0.0
2001-06-12,-0.06685181074758362
2001-06-13,0.008888324589201746
2001-06-14,-0.04326287153392383
2001-06-15,-0.03432220719072809
2001-06-18,0.006199437704458743
2001-06-19,0.06134935692193855
2001-06-20,0.0
2001-06-21,0.0
2001-06-22,0.0
2001-06-25,0.05102886340144552
2001-06-26,-0.030243086235586802
2001-06-27,-0.004472044769785799
2001-06-28,0.027103960194123644
2001-06-29,0.008620279611046833
2001-07-02,-0.0009866941589135036
2001-07-03,-0.020627306589332095
2001-07-05,-0.047056852471318855
2001-07-06,-0.14878474232216798
2001-07-09,0.06719979677011745
2001-07-10,0.0
2001-07-11,0.0
2001-07-12,0.0
2001-07-13,-0.02903177701060622
2001-07-16,0.03182851189862124
2001-07-17,-0.04836617834025625
2001-07-18,-0.03265375756487898
2001-07-19,0.03985674614850332
2001-07-20,0.007058995999896123
2001-07-23,0.024363496339046442
2001-07-24,-0.03350848551374774
2001-07-25,0.004922052836198398
2001-07-26,0.0031465844386175945
2001-07-27,-0.020205308026229885
2001-07-30,0.040967633043225815
2001-07-31,0.04229963828919869
2001-08-01,0.13886510439603272
2001-08-02,0.0
2001-08-03,0.0
2001-08-06,0.0
2001-08-07,-0.0017190967075603192
2001-08-08,-0.007398296683651218
2001-08-09,-0.018101629407831776
2001-08-10,-0.004513359454285326
2001-08-13,0.03409675048115557
2001-08-14,-0.017666028713830273
2001-08-15,0.024412362094409445
2001-08-16,-0.02704769117391459
2001-08-17,-0.045152621563504525
2001-08-20,-0.012384688078090234
2001-08-21,0.010725615209397743
2001-08-22,0.031860287338727256
2001-08-23,0.0033795624183816653
2001-08-24,0.024807404724046966
2001-08-27,-0.0077554784754968464
2001-08-28,0.009606796387211958
2001-08-29,0.018100137456346976
2001-08-30,-0.021069598298791625
2001-08-31,-0.009125668510717166
2001-09-04,-0.03014185958348714
2001-09-05,-0.010391132466877173
2001-09-06,-0.025788859141982146
2001-09-07,-0.007472900479304712
2001-09-10,-0.005698976579182169
2001-09-17,-0.2075846616555752
2001-09-18,0.013043405246363049
2001-09-19,0.04297767674174069
2001-09-20,-0.04604274400487984
2001-09-21,-0.09688323918394959
2001-09-24,0.09634865033517515
2001-09-25,0.0
2001-09-26,0.0
2001-09-27,0.0
2001-09-28,0.05502809393184993
2001-10-01,-0.00413164640132313
2001-10-02,-0.020087742548622667
2001-10-03,-0.020836719783493884
2001-10-04,0.09135116163028001
2001-10-05,0.0
2001-10-08,0.0
2001-10-09,0.0
2001-10-10,-0.009305257807010858
2001-10-11,0.07706454481756819
2001-10-12,0.0
2001-10-15,0.0
2001-10-16,0.0
2001-10-17,0.08225236810549696
2001-10-18,0.0
2001-10-19,0.0
2001-10-22,0.0
2001-10-23,0.026175877662503177
2001-10-24,-0.0030692041877578013
2001-10-25,-0.03507923480871922
2001-10-26,-0.004867388404689699
2001-10-29,-0.026587813054485654
2001-10-30,-0.015634601543058513
2001-10-31,0.06651713367643075
2001-11-01,0.0
2001-11-02,0.0
2001-11-05,0.0
2001-11-06,-0.009858452727444345
2001-11-07,-0.015716961565043985
2001-11-08,0.08163337868029763
2001-11-09,0.0
2001-11-12,0.0
2001-11-13,0.0
2001-11-14,0.02127226353538747
2001-11-15,-0.0076125429121896016
2001-11-16,-0.005610722426028336
2001-11-19,0.00943720200018805
2001-11-20,-0.0196787713509603
2001-11-21,-0.015303411508914233
2001-11-23,-0.0019180939850913514
2001-11-26,0.0298399831117806
2001-11-27,-0.018113283876707742
2001-11-28,-0.012790448137269816
2001-11-29,0.04103598241716577
2001-11-30,-0.005189695204701805
2001-12-03,0.014819403019527444
2001-12-04,0.025149896422105744
2001-12-05,0.07634170236694238
2001-12-06,0.0
2001-12-07,0.0
2001-12-10,0.0
2001-12-11,0.026329642392933117
2001-12-12,0.01847733631363435
2001-12-13,-0.0716955766018259
2001-12-14,0.0024449039731209155
2001-12-17,0.0026529227299414426
2001-12-18,0.01733177387845819
2001-12-19,-0.05542534992818182
2001-12-20,-0.009337967659286739
2001-12-21,0.013966162238243873
2001-12-24,0.0005999217635288545
2001-12-26,0.00895516644791261
2001-12-27,0.030867647031195933
2001-12-28,0.03729375179991079
2001-12-31,0.021972099602896478
2002-01-02,0.058902932259910834
2002-01-03,0.0
2002-01-04,0.0
2002-01-07,0.0
2002-01-08,0.009172616645609644
2002-01-09,0.017977233812495053
2002-01-10,-0.007047451667122839
2002-01-11,0.00858097721889406
2002-01-14,-0.005308385037608665
2002-01-15,0.03202223909756996
2002-01-16,-0.018494665094797358
2002-01-17,0.03329103909924647
2002-01-18,-0.03899522838244429
2002-01-22,0.01393197613924091
2002-01-23,0.015917459111693955
2002-01-24,0.011325084124059748
2002-01-25,-0.022221306516620243
2002-01-28,0.017890288935716203
2002-01-29,0.006053297667815816
2002-01-30,0.011190558343330936
2002-01-31,0.014975998897109877
2002-02-01,-0.001508075007730758
2002-02-04,-0.04100205691175818
2002-02-05,-0.03223313004841377
2002-02-06,0.039535777798390015
2002-02-07,0.0
2002-02-08,0.0
2002-02-11,0.0
2002-02-12,-0.024475374721142917
2002-02-13,0.01891464177347757
2002-02-14,0.008156833973712141
2002-02-15,-0.029421554926533422
2002-02-19,-0.048499432147214194
2002-02-20,-0.0022296618055724915
2002-02-21,-0.012020633569468253
2002-02-22,-0.023224638172344436
2002-02-25,0.005094542752795084
2002-02-26,0.0023732579462243386
2002-02-27,0.023533497835776185
2002-02-28,-0.0028594630823548517
2002-03-01,0.0075486326072047305
2002-03-04,0.004596838404338444
2002-03-05,-0.03132565825972711
2002-03-06,-0.06663777183802422
2002-03-07,0.013271981203953676
2002-03-08,0.038707347093034805
2002-03-11,-0.02011903086187461
2002-03-12,-0.03477867050818162
2002-03-13,-0.016271070031486756
2002-03-14,-0.03501815798405994
2002-03-15,-6.368100453613135e-05
2002-03-18,0.01959683017674063
2002-03-19,0.01186035106079486
2002-03-20,-0.019301625044099158
2002-03-21,0.01587817843360151
2002-03-22,0.010024954881779236
2002-03-25,-0.00494734632014826
2002-03-26,-0.011440610889069336
2002-03-27,-0.05089420944511436
2002-03-28,0.01140492091196288
2002-04-01,-0.03747351029425383
2002-04-02,-0.016393074440302247
2002-04-03,-0.007755504996816764
2002-04-04,0.000335914710634988
2002-04-05,0.006793980390464638
2002-04-08,-0.05935843592584411
2002-04-09,0.008848342098021877
2002-04-10,0.021776666065467687
2002-04-11,-0.03145300679967489
2002-04-12,0.010568489494958255
2002-04-15,0.011655862747063539
2002-04-16,0.04680553515131325
2002-04-17,0.0
2002-04-18,0.0
2002-04-19,0.0
2002-04-22,-0.010686772145791168
2002-04-23,0.02133310780043951
2002-04-24,0.06740412786702943
2002-04-25,0.0
2002-04-26,0.0
2002-04-29,0.0
2002-04-30,0.0020429939477533132
2002-05-01,-0.00563995310448917
2002-05-02,0.024003578127804293
2002-05-03,-0.002216747625846782
2002-05-06,-0.02442018848986638
2002-05-07,0.0471450988264539
2002-05-08,0.13288232742984118
2002-05-09,0.0
2002-05-10,0.0
2002-05-13,0.0
2002-05-14,0.13787441410730739
2002-05-15,0.0
2002-05-16,0.0
2002-05-17,0.0
2002-05-20,0.0006135498641475223
2002-05-21,0.02921825608035178
2002-05-22,-0.010419046123627207
2002-05-23,0.00935597595840676
2002-05-24,-0.031159524208457245
2002-05-28,0.02930862647480459
2002-05-29,-0.03542432338170398
2002-05-30,-0.04298541651487431
2002-05-31,0.006731689200539348
2002-06-03,-0.01972478030440783
2002-06-04,-0.003985319984134317
2002-06-05,-0.0017855256322852897
2002-06-06,-0.02586049300442106
2002-06-07,-0.18131312962566581
2002-06-10,0.012950033563539298
2002-06-11,0.026412189769136285
2002-06-12,-0.0010869550254661853
2002-06-13,-0.010220609977657502
2002-06-14,-0.03977117217161186
2002-06-17,0.04596197772876409
2002-06-18,-0.01127068120046082
2002-06-19,-0.15838496302391014
2002-06-20,-0.0020565655758687518
2002-06-21,-0.02133398467189407
2002-06-24,-0.03009375749767118
2002-06-25,0.06018159653066202
2002-06-26,-0.16886776239992818
2002-06-27,0.0798156755087791
2002-06-28,0.0
2002-07-01,0.0
2002-07-02,0.0
2002-07-03,-0.04367012932329806
2002-07-05,0.15082810714648298
2002-07-08,0.0
2002-07-09,0.0
2002-07-10,0.0
2002-07-11,-0.017842694145273952
2002-07-12,0.06919486364727834
2002-07-15,0.0
2002-07-16,0.0
2002-07-17,0.0
2002-07-18,-0.06203667203287311
2002-07-19,-0.03428203655006368
2002-07-22,-0.0018907838617161499
2002-07-23,0.030906375054840396
2002-07-24,-0.03265882337080428
2002-07-25,-0.08609964658205382
2002-07-26,0.04044129530795426
2002-07-29,0.07397826461459167
2002-07-30,0.0
2002-07-31,0.0
2002-08-01,0.0
2002-08-02,-0.00014918951536635472
2002-08-05,0.02653525332502249
2002-08-06,0.08428031587321372
2002-08-07,0.0
2002-08-08,0.0
2002-08-09,0.0
2002-08-12,-0.03910064965248172
2002-08-13,0.002231154287514636
2002-08-14,0.01307705511221302
2002-08-15,0.021223652026245876
2002-08-16,-0.03811190516893859
2002-08-19,0.04481472697990996
2002-08-20,-0.014581203811903753
2002-08-21,0.06440470826375133
2002-08-22,0.0
2002-08-23,0.0
2002-08-26,0.0
2002-08-27,0.015584624160219773
2002-08-28,-0.025390056521085835
2002-08-29,-0.05595051622044278
2002-08-30,-0.01933889307905179
2002-09-03,-0.059545403419941634
2002-09-04,0.014419398729366373
2002-09-05,-0.040223250471393746
2002-09-06,0.08989387912438507
2002-09-09,0.0
2002-09-10,0.0
2002-09-11,0.0
2002-09-12,-0.04460837267262718
2002-09-13,-0.05171438132279493
2002-09-16,-0.010801790444966763
2002-09-17,0.07021653666978778
2002-09-18,0.0
2002-09-19,0.0
2002-09-20,0.0
2002-09-23,-0.0617129811047985
2002-09-24,-0.04569997210373544
2002-09-25,0.06164238551971568
2002-09-26,0.0
2002-09-27,0.0
2002-09-30,0.0
2002-10-01,0.03201756510696652
2002-10-02,0.002241988969548414
2002-10-03,-0.12703530851709532
2002-10-04,0.013679787688682499
2002-10-07,-0.0061003464989419776
2002-10-08,0.04867940740416543
2002-10-09,-0.021763530747899162
2002-10-10,0.005612261457488721
2002-10-11,0.11701023387978227
2002-10-14,0.0
2002-10-15,0.0
2002-10-16,0.0
2002-10-17,0.25185331060407745
2002-10-18,0.0
2002-10-21,0.0
2002-10-22,0.0
2002-10-23,0.01085202755341741
2002-10-24,0.051909533549379105
2002-10-25,-0.04673827430166155
2002-10-28,0.09995779188718257
2002-10-29,0.0
2002-10-30,0.0
2002-10-31,0.0
2002-11-01,-0.010659766195968201
2002-11-04,0.02912172525000578
2002-11-05,-0.009678318870809166
2002-11-06,0.012964663670612664
2002-11-07,-0.020142330294869448
2002-11-08,0.0022773119568111344
2002-11-11,-0.002283725719440577
2002-11-12,0.006579187030562927
2002-11-13,-0.007785138117337387
2002-11-14,0.020486059320093064
2002-11-15,-0.031834621083565384
2002-11-18,0.005143202074309627
2002-11-19,-0.010328514335721573
2002-11-20,0.0006110239804846263
2002-11-21,0.003299462688504562
2002-11-22,-0.008586578289442759
2002-11-25,-0.007247860035254794
2002-11-26,-0.008065161593080683
2002-11-27,0.023413527166680215
2002-11-29,0.014370857486883715
2002-12-02,0.022263282591484135
2002-12-03,-0.000327029015296465
2002-12-04,-0.02327468409005573
2002-12-05,0.020786037517211753
2002-12-06,-0.01794635019181856
2002-12-09,-0.011913498356031837
2002-12-10,0.01565114318609062
2002-12-11,-0.0038953370421576095
2002-12-12,0.013210420957787461
2002-12-13,-0.008949081976241224
2002-12-16,0.006890164914314045
2002-12-17,-0.0005004138182099771
2002-12-18,-0.011280532885397765
2002-12-19,-0.0002201632173782775
2002-12-20,0.015759848968934786
2002-12-23,0.011116989121622067
2002-12-24,-0.01635770886945298
2002-12-26,0.017602711673712967
2002-12-27,-0.015086033166193724
2002-12-30,-0.009990450538818973
2002-12-31,0.007178475874404233
2003-01-02,0.02435104433055657
2003-01-03,0.005294885241231562
2003-01-06,0.0016012580100468465
2003-01-07,0.02193328649200721
2003-01-08,-0.011027674958737355
2003-01-09,0.01858603164821626
2003-01-10,-0.023255403029155297
2003-01-13,0.01728953163007918
2003-01-14,-0.005208679885068235
2003-01-15,0.0049499496503322415
2003-01-16,0.0034610148970850574
2003-01-17,-0.012049294066443061
2003-01-21,0.01107634899832699
2003-01-22,-0.0071705269784024805
2003-01-23,0.010657490271140047
2003-01-24,-0.009117980579536056
2003-01-27,-0.010778854245066083
2003-01-28,0.005656615776375995
2003-01-29,-0.012398005492125996
2003-01-30,0.0035918961934175986
2003-01-31,0.007124946831187362
2003-02-03,-0.0009898700306408825
2003-02-04,-0.00498768027074703
2003-02-05,0.015259241942741308
2003-02-06,0.039159461814525454
2003-02-07,0.03798236319566417
2003-02-10,-0.007257379368259098
2003-02-11,-0.012053125857000135
2003-02-12,0.000906771850285315
2003-02-13,0.012805459270982533
2003-02-14,0.09230810645222887
2003-02-18,0.0
2003-02-19,0.0
2003-02-20,0.0
2003-02-21,0.01074057045411525
2003-02-24,-0.008175166591429806
2003-02-25,-0.03298547156111287
2003-02-26,-0.017624547271002045
2003-02-27,0.005040793082871531
2003-02-28,-0.005562182684242134
2003-03-03,0.014357203425983123
2003-03-04,-0.0028705609551641365
2003-03-05,-0.01093906808040035
2003-03-06,-0.006093380416210992
2003-03-07,-0.038947609962983076
2003-03-10,-0.007043991227654978
2003-03-11,0.010804335037703172
2003-03-12,-0.0037803908272330267
2003-03-13,0.04573025748990811
2003-03-14,-0.008549361094677299
2003-03-17,-0.02376546457364448
2003-03-18,0.009351701970677917
2003-03-19,0.015727585148592516
2003-03-20,0.0008284398150859573
2003-03-21,0.07637545639240662
2003-03-24,0.0
2003-03-25,0.0
2003-03-26,0.0
2003-03-27,-0.023133795498970766
2003-03-28,-0.013779522233984931
2003-03-31,-0.06254315064828253
2003-04-01,0.018604352243603017
2003-04-02,0.06995645009825457
2003-04-03,0.0
2003-04-04,0.0
2003-04-07,0.0
2003-04-08,-0.0034151019623910317
2003-04-09,-0.008651094876460319
2003-04-10,0.01847881267948326
2003-04-11,0.01936104981393516
2003-04-14,-0.009776796377094499
2003-04-15,-0.03957398511118537
2003-04-16,0.0434955544493294
2003-04-17,-0.03504985490614809
2003-04-21,0.026621674996875955
2003-04-22,0.006628569180079813
2003-04-23,0.004581239159246131
2003-04-24,-0.0003161143595189486
2003-04-25,-0.0036799621620510203
2003-04-28,-0.0023924044652395837
2003-04-29,0.03632944708520203
2003-04-30,-0.00382227229340526
2003-05-01,-0.00801754723848802
2003-05-02,0.008424262100879654
2003-05-05,0.0166138794246522
2003-05-06,-0.0036983862355293162
2003-05-07,-0.02239222543836994
2003-05-08,-0.016302846486523914
2003-05-09,0.1235365270628701
2003-05-12,0.0
2003-05-13,0.0
2003-05-14,0.0
2003-05-15,0.0186920228773233
2003-05-16,-0.007749515195779377
2003-05-19,-0.03070482092400373
2003-05-20,0.01940462561508638
2003-05-21,-0.008907255243261303
2003-05-22,0.009494600063617131
2003-05-23,0.014001922949622658
2003-05-27,-0.024553427058587873
2003-05-28,0.018764862795372705
2003-05-29,0.00643143719938899
2003-05-30,0.0828409468024558
2003-06-02,0.0
2003-06-03,0.0
2003-06-04,0.0
2003-06-05,-0.015154927697696441
2003-06-06,0.043853347166629364
2003-06-09,-0.012188158468813381
2003-06-10,-0.003616871157748447
2003-06-11,-0.006972205791817787
2003-06-12,0.007759113943399454
2003-06-13,-0.038736216148775315
2003-06-16,0.01545914394846215
2003-06-17,0.02836784727495867
2003-06-18,-0.03212923378374921
2003-06-19,-0.00030228473152660307
2003-06-20,0.017693312561406493
2003-06-23,-0.0024916759081274886
2003-06-24,-0.012143174118191324
2003-06-25,0.01078586965145134
2003-06-26,0.005885879054312815
2003-06-27,0.01674805046795913
2003-06-30,0.02336738619013312
2003-07-01,-0.004003004151864942
2003-07-02,0.041171888013046054
2003-07-03,-0.027153958793831423
2003-07-07,0.013047410780517854
2003-07-08,-0.016829488226355216
2003-07-09,0.002933653265134728
2003-07-10,-0.04220258916937569
2003-07-11,0.00590675064495394
2003-07-14,0.04584140017728511
2003-07-15,-0.006586652870077758
2003-07-16,0.024120305583408497
2003-07-17,-0.0593751053901882
2003-07-18,0.006523120464504206
2003-07-21,0.005094882042889548
2003-07-22,0.029318773424301225
2003-07-23,-0.037689012362371765
2003-07-24,0.052502235119559426
2003-07-25,0.0
2003-07-28,0.0
2003-07-29,0.0
2003-07-30,-0.00853049482203816
2003-07-31,0.0204775543798017
2003-08-01,-0.005223132366282801
2003-08-04,-0.010323150011751547
2003-08-05,0.026551767869970044
2003-08-06,-0.00024158033748089558
2003-08-07,-0.02626234012848927
2003-08-08,-0.08121664988919897
2003-08-11,0.017037151978405385
2003-08-12,0.003822430205317584
2003-08-13,0.0025249132372917593
2003-08-14,-0.02384437695161057
2003-08-15,-0.006258542842409898
2003-08-18,0.017596697791609328
2003-08-19,0.02803064068744332
2003-08-20,-0.039442410920917714
2003-08-21,0.031666922426351274
2003-08-22,0.05334913685028275
2003-08-25,0.007894389801391677
2003-08-26,-0.01760953683565558
2003-08-27,0.009005793348110913
2003-08-28,0.00993130684763921
2003-08-29,-0.0059117484941020315
2003-09-02,0.01608756151818258
2003-09-03,0.024712012526863614
2003-09-04,-0.007624995256315437
2003-09-05,-0.007810582908873709
2003-09-08,0.007074591811814024
2003-09-09,-0.010301650121274597
2003-09-10,-0.02023867524761558
2003-09-11,0.0010268036683978021
2003-09-12,0.006184708583729881
2003-09-15,0.014089080818560973
2003-09-16,0.008477822196294449
2003-09-17,-0.0008894574506117525
2003-09-18,-0.011955190917488867
2003-09-19,0.0024315785746948926
2003-09-22,-0.037535023223812414
2003-09-23,0.011282488528866708
2003-09-24,0.01718742850008592
2003-09-25,0.011032653977213647
2003-09-26,-0.018561868578062746
2003-09-29,0.03077280610724098
2003-09-30,-0.048887716794972724
2003-10-01,0.013049167463240252
2003-10-02,0.0014097438474198754
2003-10-03,0.08052610915592484
2003-10-06,0.0
2003-10-07,0.0
2003-10-08,0.0
2003-10-09,0.03691254022454249
2003-10-10,0.012221435402046232
2003-10-13,0.006174590588815754
2003-10-14,-0.025265964581610567
2003-10-15,0.05675975494226182
2003-10-16,0.0
2003-10-17,0.0
2003-10-20,0.0
2003-10-21,0.01603689357621052
2003-10-22,-0.027907547556431767
2003-10-23,-0.03236598148233305
2003-10-24,0.009586685062517475
2003-10-27,0.05378403987424152
2003-10-28,0.060519041825715325
2003-10-29,0.0
2003-10-30,0.0
2003-10-31,0.0
2003-11-03,0.033288035292471596
2003-11-04,-0.011407553675432336
2003-11-05,-0.003234565074889284
2003-11-06,0.022339185135245465
2003-11-07,0.003118712541010149
2003-11-10,-0.028110914926890995
2003-11-11,-0.007054655892909212
2003-11-12,0.0134553588770856
2003-11-13,-0.013646190720308926
2003-11-14,-0.007863874789871494
2003-11-17,-0.03483483319701841
2003-11-18,0.023206109063706126
2003-11-19,0.006785988196664761
2003-11-20,-0.06255510613300252
2003-11-21,0.019574545745486116
2003-11-24,0.01570910156080174
2003-11-25,0.01990524790428383
2003-11-26,0.019467096355278768
2003-11-28,-0.0002953263353915325
2003-12-01,0.021629960241840607
2003-12-02,0.010050482815366024
2003-12-03,0.016182430651820123
2003-12-04,0.012833437780094048
2003-12-05,-0.04069060702842586
2003-12-08,-0.009919636829241352
2003-12-09,0.028021243621956238
2003-12-10,-0.008248677623056255
2003-12-11,0.007206448516957842
2003-12-12,0.012451712663654302
2003-12-15,0.04723670412602532
2003-12-16,0.0034745443916297525
2003-12-17,-0.00314302799324806
2003-12-18,0.014678515979033024
2003-12-19,0.0052861977785336745
2003-12-22,-0.01032186553105574
2003-12-23,0.0022660727017922433
2003-12-24,-0.0008765365736769226
2003-12-26,0.0029300077582012918
2003-12-29,0.01520915054259353
2003-12-30,0.005537987715396264
2003-12-31,0.005674293241989314
2004-01-02,0.02048452598376893
2004-01-05,0.0166992466816398
2004-01-06,0.0007832984292244216
2004-01-07,0.007134606433826685
2004-01-08,0.027472864482120274
2004-01-09,-0.012430790380853707
2004-01-12,0.006169420598207687
2004-01-13,0.007077773112790897
2004-01-14,0.007957711335561335
2004-01-15,-0.010461054857734742
2004-01-16,0.012912370724555977
2004-01-20,0.023523878902009354
2004-01-21,-0.035561668400075463
2004-01-22,-0.001178913751129218
2004-01-23,0.006695173757319983
2004-01-26,-0.0027081311888551562
2004-01-27,0.002707464856033237
2004-01-28,0.024338521981453365
2004-01-29,0.011337246056232209
2004-01-30,0.00401491576408497
2004-02-02,0.023437316734744584
2004-02-03,-0.001644501718840452
2004-02-04,-0.01917213898718817
2004-02-05,0.008413560054446378
2004-02-06,0.009034135059466264
2004-02-09,0.013145464675299978
2004-02-10,0.009742711215713795
2004-02-11,-0.0010405253626116773
2004-02-12,0.006991075468822494
2004-02-13,0.01730899939267716
2004-02-17,0.031343647453181855
2004-02-18,0.006652353045384807
2004-02-19,0.03474550482101013
2004-02-20,-0.010368064227297413
2004-02-23,-0.03503491138564918
2004-02-24,-0.07403219792914961
2004-02-25,0.01700536996926738
2004-02-26,-0.004990824628022916
2004-02-27,0.01688673903678528
2004-03-01,-0.015495108542844749
2004-03-02,0.001054169778505365
2004-03-03,-0.00939233292413233
2004-03-04,-0.004471833464485542
2004-03-05,-0.023132424354191272
2004-03-08,0.05698618565766167
2004-03-09,0.0
2004-03-10,0.0
2004-03-11,0.0
2004-03-12,0.04349979927549397
2004-03-15,0.0
2004-03-16,0.0
2004-03-17,0.0
2004-03-18,0.009338380835353322
2004-03-19,0.015872451556246503
2004-03-22,-0.019261254690515095
2004-03-23,0.036963802308729754
2004-03-24,0.0006199671849991262
2004-03-25,0.013270800646683956
2004-03-26,-0.00696532305861064
2004-03-29,0.03145421003875537
2004-03-30,0.03356091112674342
2004-03-31,0.009761827013702096
2004-04-01,0.015274831455850846
2004-04-02,0.03128787822526147
2004-04-05,-0.013987771848023245
2004-04-06,-0.026908699286799065
2004-04-07,0.0005005875725656583
2004-04-08,0.028067728680324366
2004-04-12,0.008365649100228634
2004-04-13,0.011003739240198263
2004-04-14,-0.025772075823905616
2004-04-15,-0.01265545224969411
2004-04-16,0.0002055669410756522
2004-04-19,0.0030326874362585077
2004-04-20,0.00826996328379126
2004-04-21,0.0064781521048074
2004-04-22,-0.015109194107732149
2004-04-23,0.017430327441235294
2004-04-26,0.005738313065217104
2004-04-27,0.008200647243825188
2004-04-28,-0.011371322659035288
2004-04-29,-0.005901408971179523
2004-04-30,0.002932887072895074
2004-05-03,0.030434983296284246
2004-05-04,0.013422132940781095
2004-05-05,0.013523992790555273
2004-05-06,0.005570912078178614
2004-05-07,0.014438697154910418
2004-05-10,-0.012025502835261381
2004-05-11,0.020002931273219282
2004-05-12,-0.01620250727579764
2004-05-13,-0.010695973846877482
2004-05-14,0.005222537411962325
2004-05-17,-0.017267812839789287
2004-05-18,0.02109336876099621
2004-05-19,0.04340835246602914
2004-05-20,0.0013173493952787219
2004-05-21,0.018057666980033638
2004-05-24,0.01348292253615302
2004-05-25,-0.0006755451417430614
2004-05-26,-0.00010546398369593035
2004-05-27,0.015075579448232013
2004-05-28,0.010862643085742585
2004-06-01,-0.0128493812342374
2004-06-02,0.011414489405262573
2004-06-03,-0.010181252894335358
2004-06-04,0.02752058897113918
2004-06-07,0.013505073361839814
2004-06-08,-0.0016737101695452061
2004-06-09,0.001722741621140056
2004-06-10,0.016866736905285507
2004-06-14,-0.0016157255805799853
2004-06-15,0.021032796808306164
2004-06-16,-0.006345073083732999
2004-06-17,-0.005520995089254965
2004-06-18,-0.022558557558752357
2004-06-21,0.004487797683499828
2004-06-22,0.009252972190835873
2004-06-23,0.00898020705850655
2004-06-24,0.001620162006879422
2004-06-25,0.009811490722332561
2004-06-28,0.015983916764649386
2004-06-29,0.016888763978619936
2004-06-30,-0.006791589525092623
2004-07-01,0.0027329810191638604
2004-07-02,-0.0019502911908272358
2004-07-06,-0.02971999703681416
2004-07-07,0.0033610345671086783
2004-07-08,-0.0117752163259911
2004-07-09,0.011281775929107285
2004-07-12,-0.019395819037394957
2004-07-13,0.010733608838464637
2004-07-14,-0.0556801033604063
2004-07-15,0.006858293063773946
2004-07-16,0.022000483463447296
2004-07-19,-0.000491758367957118
2004-07-20,0.007461075765744951
2004-07-21,0.02361562826439778
2004-07-22,0.003935588161884107
2004-07-23,-0.014920171362772905
2004-07-26,0.007866341456613357
2004-07-27,0.0019409002970076639
2004-07-28,-0.010539710962704452
2004-07-29,0.012223753772242052
2004-07-30,0.0014123881488325996
2004-08-02,-0.01591761386892321
2004-08-03,-0.004845153480202424
2004-08-04,-0.0027978636892349584
2004-08-05,0.0033619379085947365
2004-08-06,-0.09900660711705167
2004-08-09,0.028520663173713157
2004-08-10,0.002751355705796543
2004-08-11,-0.02836274170071018
2004-08-12,-0.00972765645800977
2004-08-13,0.008634966965909152
2004-08-16,-0.003779148151681677
2004-08-17,0.016560453587208812
2004-08-18,-0.002884552828284148
2004-08-19,-0.002581302703339783
2004-08-20,0.003763931675142995
2004-08-23,0.015442316092276531
2004-08-24,0.016236817716305918
2004-08-25,0.00954112118964523
2004-08-26,-0.015681896396750883
2004-08-27,0.0042012417272141445
2004-08-30,-0.00510559966698465
2004-08-31,0.0025248189356081863
2004-09-01,0.004923334386919054
2004-09-02,0.001708576504803938
2004-09-03,-0.029408805454457676
2004-09-07,0.012255365619846748
2004-09-08,-0.0013561260782559703
2004-09-09,0.019992332823553394
2004-09-10,-0.0034997092516322326
2004-09-13,0.006183505995176031
2004-09-14,-0.005453468259863703
2004-09-15,-0.018638989792776783
2004-09-16,0.01194216915086832
2004-09-17,0.013852639322124327
2004-09-20,-0.016691267916875474
2004-09-21,0.0191346931453098
2004-09-22,-0.013250809911456107
2004-09-23,0.0031611157735209616
2004-09-24,0.004961560663145681
2004-09-27,-0.012233872321379624
2004-09-28,-0.002292574741288078
2004-09-29,-0.00032726056990906027
2004-09-30,-0.006873931392703092
2004-10-01,0.010592415213348083
2004-10-04,0.014207302605477867
2004-10-05,-0.027615537328046225
2004-10-06,0.004168996459562591
2004-10-07,0.00495242558807063
2004-10-08,-0.01398953157724181
2004-10-11,0.0014669260640820525
2004-10-12,-0.03250561215114012
2004-10-13,0.03522716433842321
2004-10-14,-0.0058865793231169805
2004-10-15,0.010780072672548435
2004-10-18,-0.011408005698580248
2004-10-19,0.02283351539420453
2004-10-20,-0.00604750759064232
2004-10-21,0.015831025947591115
2004-10-22,0.008163325455343484
2004-10-25,-0.0051924550144947235
2004-10-26,0.03999321502408493
2004-10-27,-0.008003754264991225
2004-10-28,-0.0038833222308138904
2004-10-29,-0.005151908452060483
2004-11-01,0.0073310227889933355
2004-11-02,0.0024402473651097267
2004-11-03,0.03927105445125734
2004-11-04,0.003237756366807343
2004-11-05,0.0036064193454616866
2004-11-08,0.002251316518359081
2004-11-09,-0.003952021903413372
2004-11-10,0.010043479606084649
2004-11-11,0.02538481136342452
2004-11-12,0.02025965840753874
2004-11-15,-0.0064045152538868555
2004-11-16,-0.006529281199194381
2004-11-17,0.016210561697713732
2004-11-18,-0.011548119630413245
2004-11-19,0.014825975932886593
2004-11-22,-0.013296335049397978
2004-11-23,0.003582487297876913
2004-11-24,0.003411283469648918
2004-11-26,0.012311607993263474
2004-11-29,0.004352555814138626
2004-11-30,-0.0032253468196070667
2004-12-01,0.016358729691031915
2004-12-02,-0.01610408456986745
2004-12-03,0.015279605149547182
2004-12-06,-0.009439070407693317
2004-12-07,-0.015063514695756619
2004-12-08,-0.010851048483404124
2004-12-09,-0.013509508107245938
2004-12-10,-0.00786000989429203
2004-12-13,0.025717133647298773
2004-12-14,0.011601682375853128
2004-12-15,0.0002530358803412014
2004-12-16,-0.022299538160272192
2004-12-17,-0.009333437783258791
2004-12-20,0.01658169779536456
2004-12-21,0.010145743358642711
2004-12-22,0.0026074594037095444
2004-12-23,0.008344595376184705
2004-12-27,0.01322149131194239
2004-12-28,0.004432992761753463
2004-12-29,-0.006199943588785395
2004-12-30,0.002018107313053852
2004-12-31,0.012784442471377222
2005-01-03,0.03383996577747195
2005-01-04,-0.003999430403072934
2005-01-05,-0.003970178843137329
2005-01-06,0.00964419742312761
2005-01-07,0.013173949329555734
2005-01-10,0.007124618647085468
2005-01-11,0.003303255700296992
2005-01-12,0.01018679576093251
2005-01-13,-0.0027319542293785526
2005-01-14,0.005889888680677302
2005-01-18,-0.01081555519974109
2005-01-19,0.004978539125703341
2005-01-20,-0.018202619070882053
2005-01-21,0.004665920494060893
2005-01-24,-0.015518109735440766
2005-01-25,0.009023465426204469
2005-01-26,0.010875309024525048
2005-01-27,0.0020619396797363354
2005-01-28,0.008367013662444966
2005-01-31,0.023750898381657226
2005-02-01,-0.007339287437424957
2005-02-02,0.019671928593794963
2005-02-03,-0.010448624638948023
2005-02-04,-0.00027315655343995715
2005-02-07,0.0018319170271041685
2005-02-08,-0.0018908965954805845
2005-02-09,-0.011012702367326876
2005-02-10,0.0043677593775171
2005-02-11,0.009875817945646403
2005-02-14,0.013749289917438956
2005-02-15,0.01915661716894168
2005-02-16,-0.003125652256407707
2005-02-17,0.01037954531982499
2005-02-18,0.030830386440522606
2005-02-22,-0.008723903694478397
2005-02-23,0.003771407044417918
2005-02-24,-0.006207154185490782
2005-02-25,0.007339626248409559
2005-02-28,-0.0011851520261830784
2005-03-01,0.005433995850484763
2005-03-02,-0.010660172525140732
2005-03-03,0.002888718257740397
2005-03-04,0.017404223261979324
2005-03-07,0.0021463345312431326
2005-03-08,-0.014665258126712044
2005-03-09,-0.016962689725382618
2005-03-10,0.005387568496892925
2005-03-11,0.011409829634588808
2005-03-14,0.01830155778939857
2005-03-15,0.008324610748973837
2005-03-16,-0.009662786446153704
2005-03-17,0.007453760871895865
2005-03-18,0.02469667281968624
2005-03-21,0.0051474998899554425
2005-03-22,0.00034517511043796745
2005-03-23,-0.006858203848853939
2005-03-24,0.00809576569286441
2005-03-28,0.0040676573492544055
2005-03-29,5.689162161193195e-05
2005-03-30,0.006207239198823933
2005-03-31,-0.007356324925099411
2005-04-01,0.011297232551750858
2005-04-04,-0.004037034832348629
2005-04-05,0.0018403759234904005
2005-04-06,0.01056096681370633
2005-04-07,0.0016722631504091368
2005-04-08,0.0034312961753841797
2005-04-11,0.004199394547176771
2005-04-12,-0.0014002624421874943
2005-04-13,0.0006025604041559607
2005-04-14,0.003906568090540796
2005-04-15,-0.017568808213224374
2005-04-18,-0.0011759089237878273
2005-04-19,0.012986794028425397
2005-04-20,0.010687924758483902
2005-04-21,0.019643531786821766
2005-04-22,-0.0008086834918306085
2005-04-25,0.01459291957669051
2005-04-26,-0.0014340997929322974
2005-04-27,-0.011309956638787533
2005-04-28,-0.007842505874944061
2005-04-29,-0.004065415734360589
2005-05-02,0.007677022130624378
2005-05-03,-0.0050296474734458085
2005-05-04,0.002853296903413405
2005-05-05,0.002731209020305103
2005-05-06,0.014380392580289447
2005-05-09,0.005662887346305823
2005-05-10,-0.0037252126320297396
2005-05-11,0.006676188064624
2005-05-12,0.0008101021802038311
2005-05-13,0.027231643074624445
2005-05-16,0.0030725755932143883
2005-05-17,-0.006446471500596962
2005-05-18,0.0018018539355098007
2005-05-19,0.0006675401852007656
2005-05-20,0.0028076997561867767
2005-05-23,0.0048567750703649715
2005-05-24,-0.007288754538778641
2005-05-25,-0.004093732981160003
2005-05-26,0.008906588440038776
2005-05-27,0.00023054870041794295
2005-05-31,0.002236171408454668
2005-06-01,-0.004657523104408701
2005-06-02,-0.0025614459746046148
2005-06-03,-0.0007557737345074145
2005-06-06,-0.011707452042940214
2005-06-07,-0.0014989951789060596
2005-06-08,0.007887799978414156
2005-06-09,-0.003784297223750732
2005-06-10,0.0007826836041366914
2005-06-13,-0.0027874730840987683
2005-06-14,-0.00011383422243893548
2005-06-15,-0.0036798588710379443
2005-06-16,0.004033869416794289
2005-06-17,0.011651418765282084
2005-06-20,-0.004837522690928631
2005-06-21,0.0016248769388258477
2005-06-22,0.006519702509370839
2005-06-23,0.0002073951497469917
2005-06-24,-0.001194947130828683
2005-06-27,-0.004217593809674902
2005-06-28,0.005135769610181251
2005-06-29,0.003559907465519041
2005-06-30,0.00483741740014243
2005-07-01,-0.0003365470480132249
2005-07-05,0.002357361575183292
2005-07-06,0.0056434547921102585
2005-07-07,-0.01653953003654085
2005-07-08,0.004042007824509142
2005-07-11,-0.0009417873603498883
2005-07-12,-0.0003265072048069806
2005-07-13,0.005345425592073294
2005-07-14,0.023643837871458073
2005-07-15,0.0012531720347517261
2005-07-18,-0.0024825583242421567
2005-07-19,0.01228076133281042
2005-07-20,-0.00940531446955728
2005-07-21,-0.0012623190319565047
2005-07-22,-0.02332380054567673
2005-07-25,-0.007054473635366154
2005-07-26,0.002274443026509365
2005-07-27,0.007168320044519838
2005-07-28,0.002531241956153396
2005-07-29,-0.0027784604599565554
2005-08-01,0.0053704885630168064
2005-08-02,-0.001595562419499652
2005-08-03,-0.0060474492567274
2005-08-04,-0.010699762012652103
2005-08-05,-0.0013765031373256242
2005-08-08,0.0040340968270697886
2005-08-09,0.021290146854892056
2005-08-10,-0.0008449371003458328
2005-08-11,-0.002989422645780615
2005-08-12,-0.004470796105756847
2005-08-15,-0.004173068041273598
2005-08-16,-0.0013935050955660166
2005-08-17,-0.0023135337979796056
2005-08-18,-0.008333914251522967
2005-08-19,0.0034856128827855937
2005-08-22,0.008090492776382963
2005-08-23,0.0008796719471113601
2005-08-24,-0.005538742919267592
2005-08-25,0.004677317033424222
2005-08-26,-0.011296977029307431
2005-08-29,-0.013200623477206852
2005-08-30,-0.006598016027113518
2005-08-31,0.004192535078725301
2005-09-01,-0.00462959975319821
2005-09-02,0.0025106311996208053
2005-09-06,0.001936592822214589
2005-09-07,0.00025995468396455834
2005-09-08,0.0009756991711034058
2005-09-09,0.003437948691028314
2005-09-12,0.0026665096692910506
2005-09-13,-0.00393122603719398
2005-09-14,-0.0015556303653885273
2005-09-15,0.0020953925582243293
2005-09-16,0.0005744838000221186
2005-09-19,-0.003187625245042236
2005-09-20,0.004155035546608454
2005-09-21,-0.0003262483785987369
2005-09-22,-0.0020663474035450546
2005-09-23,0.002532544055403818
2005-09-26,0.016680752197716586
2005-09-27,0.005293976490234886
2005-09-28,0.0072807886202364
2005-09-29,0.003135820651237742
2005-09-30,0.014923378589896563
2005-10-03,-0.008791355257715128
2005-10-04,0.0061465877598156915
2005-10-05,0.004734565098267751
2005-10-06,0.0030276052475348703
2005-10-07,0.007095363553978107
2005-10-10,0.011113985232520385
2005-10-11,0.008411979640797984
2005-10-12,-0.023473723628044674
2005-10-13,0.007886020090979162
2005-10-14,0.013015627097435534
2005-10-17,0.006095807757438454
2005-10-18,0.005641760751705416
2005-10-19,-0.018443887000057724
2005-10-20,-0.00044566344475405195
2005-10-21,0.010904730990527911
2005-10-24,0.008426345614349406
2005-10-25,-0.0010137935124370223
2005-10-26,-0.0012331955169212483
2005-10-27,-0.0033885891390700307
2005-10-28,0.012490870303298873
2005-10-31,0.0020281093164027375
2005-11-01,-0.010193503275628846
2005-11-02,0.004030172393648224
2005-11-03,0.018353777601067822
2005-11-04,0.0014438384243409264
2005-11-07,0.009632705787715468
2005-11-08,-0.0018630813363605947
2005-11-09,0.0015908672548499148
2005-11-10,0.014102019169491387
2005-11-11,0.0007775592593020075
2005-11-14,-0.007210045912042662
2005-11-15,0.02065026226154898
2005-11-16,-0.006044392247692931
2005-11-17,0.009917398109140274
2005-11-18,0.010681315222519583
2005-11-21,0.01505114996588608
2005-11-22,0.007068476706465043
2005-11-23,0.005699404658189522
2005-11-25,0.012464066952758479
2005-11-28,0.005107128894774826
2005-11-29,-0.023674338124706207
2005-11-30,-0.006143946824835433
2005-12-01,0.01636503936829503
2005-12-02,0.0040568769697448825
2005-12-05,-0.008986301922506379
2005-12-06,0.004275283032643351
2005-12-07,0.003391134889792591
2005-12-08,0.0014874111077949337
2005-12-09,0.008675297579114671
2005-12-12,0.010207213252223513
2005-12-13,-0.001971362020489642
2005-12-14,9.215097337467171e-05
2005-12-15,0.0005613822058370133
2005-12-16,0.010499744165675784
2005-12-19,-0.004189199432812263
2005-12-20,-0.0006979035799556943
2005-12-21,0.005019760086109271
2005-12-22,0.005677099095124261
2005-12-23,0.0037441782107199284
2005-12-27,0.010140535223683855
2005-12-28,0.004215791844700112
2005-12-29,-0.0006235918550779873
2005-12-30,-0.009882104122760693
2006-01-03,0.019271994843236495
2006-01-04,0.006094710098641931
2006-01-05,0.0006414960846099493
2006-01-06,0.01442243273606425
2006-01-09,0.006875285645712603
2006-01-10,0.006696674535009439
2006-01-11,0.031731393770994654
2006-01-12,0.009624860686411107
2006-01-13,-0.01520284634999891
2006-01-17,-0.0323180264573677
2006-01-18,-0.029099506997141145
2006-01-19,0.085334913452362
2006-01-20,0.0
2006-01-23,0.0
2006-01-24,0.0
2006-01-25,0.02564802269145705
2006-01-26,0.01774154822309204
2006-01-27,0.03347679240257806
2006-01-30,-0.018467377020442433
2006-01-31,0.001855390993941608
2006-02-01,-0.017797949419687153
2006-02-02,-0.004894961291854516
2006-02-03,0.0016618981715614822
2006-02-06,0.010621527216329252
2006-02-07,0.009956632477751137
2006-02-08,0.01394640566162808
2006-02-09,0.007167201834352488
2006-02-10,0.002359662386756778
2006-02-13,-0.011309523314587344
2006-02-14,0.009843526725597185
2006-02-15,-0.008500837970793818
2006-02-16,0.013011385873235692
2006-02-17,-0.03154507785028382
2006-02-21,0.006754379473957073
2006-02-22,-0.0016771259849438502
2006-02-23,-0.0006213374791627091
2006-02-24,0.008083385882338368
2006-02-27,0.008225713723665429
2006-02-28,0.0077784955388797705
2006-03-01,0.008953126983329174
2006-03-02,0.008019198700501828
2006-03-03,0.005157888230591601
2006-03-06,0.006003683280308314
2006-03-07,0.0009485974883989279
2006-03-08,-0.00920265549924626
2006-03-09,-0.006891329474574381
2006-03-10,-0.0037225990510697526
2006-03-13,-0.001815074360665303
2006-03-14,-0.005032129644970129
2006-03-15,0.00811434420713475
2006-03-16,0.014039880118966064
2006-03-17,0.0037915631658131943
2006-03-20,0.005885994595002275
2006-03-21,-0.02762818836152292
2006-03-22,-0.007511698173850445
2006-03-23,0.014158981396120929
2006-03-24,0.004101030122231952
2006-03-27,0.0010605729983375056
2006-03-28,-0.0008134887680449898
2006-03-29,0.0075280651051621295
2006-03-30,0.0037421070443202087
2006-03-31,0.005208945623441652
2006-04-03,-0.008809857263196719
2006-04-04,-0.0032315714721914413
2006-04-05,-0.00832025472631881
2006-04-06,-0.002079717599022479
2006-04-07,0.0016213107003926197
2006-04-10,-0.0006857264667062823
2006-04-11,0.002451210805071158
2006-04-12,0.002774804615632398
2006-04-13,-0.017452192499872843
2006-04-17,0.00023671823119286728
2006-04-18,-0.011017466237190576
2006-04-19,-0.0021751887344896303
2006-04-20,-0.00548296601762166
2006-04-21,0.005141190258446615
2006-04-24,0.005945674755107211
2006-04-25,-0.007531539803754206
2006-04-26,0.005860286268186687
2006-04-27,-0.009012218660724436
2006-04-28,0.035089259172136344
2006-05-01,0.0
2006-05-02,0.0
2006-05-03,0.0
2006-05-04,-0.004529921820346838
2006-05-05,0.012784625304697705
2006-05-08,-0.006736337034094375
2006-05-09,-0.006438261588024297
2006-05-10,-0.010975499738230421
2006-05-11,0.009886698875482436
2006-05-12,-0.008733490519844178
2006-05-15,-0.003667947551265094
2006-05-16,-0.0006247121493377916
2006-05-17,-0.0005328791859622317
2006-05-18,0.007030956712289038
2006-05-19,0.06661441651345212
2006-05-22,0.0
2006-05-23,0.0
2006-05-24,0.0
2006-05-25,0.017714518665996826
2006-05-26,0.006157080997159392
2006-05-30,-0.005459385698857511
2006-05-31,0.016460291415290706
2006-06-01,0.005321849822655489
2006-06-02,0.00876817148286313
2006-06-05,-0.0018365517829499467
2006-06-06,0.005398155201362664
2006-06-07,0.00557228190324377
2006-06-08,-0.01688977359504662
2006-06-09,0.015665433553263775
2006-06-12,-0.004703612548639602
2006-06-13,-0.006259830132578248
2006-06-14,0.019343294674280642
2006-06-15,0.019015722904381027
2006-06-16,-0.0015423340831494103
2006-06-19,0.010042301470384984
2006-06-20,-0.009086966157036525
2006-06-21,-0.00206500110957053
2006-06-22,0.005631917294266708
2006-06-23,0.007364649937543266
2006-06-26,0.004048223017729002
2006-06-27,0.002270231630873809
2006-06-28,0.003538873316726532
2006-06-29,-0.007020834716822022
2006-06-30,0.005023482406738333
2006-07-03,0.0075183786579620104
2006-07-05,-0.010531100154017703
2006-07-06,0.00429224173658227
2006-07-07,-0.02277658394452886
2006-07-10,0.004037713571614532
2006-07-11,-0.005534689247558955
2006-07-12,-0.002395131075457968
2006-07-13,-0.008751180491716082
2006-07-14,0.00439973923175252
2006-07-17,-0.004907949722465443
2006-07-18,0.001530149762528632
2006-07-19,0.002489501697646279
2006-07-20,0.020633161602713113
2006-07-21,-0.05543512019701946
2006-07-24,-0.005381566677327254
2006-07-25,0.006929570065409507
2006-07-26,0.0015069323942380475
2006-07-27,0.009085075888617178
2006-07-28,0.005340655380405845
2006-07-31,-0.0007660361669633575
2006-08-01,0.003434641770020175
2006-08-02,0.012656302292753718
2006-08-03,-0.005798402232559119
2006-08-04,0.02636669754423604
2006-08-07,-0.0140428360774284
2006-08-08,0.004668970077558843
2006-08-09,0.02417382227798681
2006-08-10,-0.006447844637151201
2006-08-11,-0.030808387697567885
2006-08-14,0.010904390516273565
2006-08-15,0.02833637560478386
2006-08-16,0.014656111546178074
2006-08-17,0.009780093969015136
2006-08-18,-0.020830017324247718
2006-08-21,-0.015211499254303984
2006-08-22,0.012511592496659452
2006-08-23,0.011268289723565639
2006-08-24,0.010723004470289954
2006-08-25,-0.0050861591153632535
2006-08-28,0.007187980885668077
2006-08-29,0.004804074941062275
2006-08-30,0.006374103345110349
2006-08-31,0.003405353538001199
2006-09-01,0.0012055115486986345
2006-09-05,0.003811994414112174
2006-09-06,-0.010287912276195632
2006-09-07,-0.006387655315503893
2006-09-08,0.010874783112256425
2006-09-11,-0.01021123603269325
2006-09-12,0.000494625085329714
2006-09-13,0.001750347222212234
2006-09-14,0.00661207416747267
2006-09-15,0.0047248683339151665
2006-09-18,0.004287129643304688
2006-09-19,-0.005868409996429791
2006-09-20,0.012684116270676782
2006-09-21,0.0037796026946974592
2006-09-22,-0.002338852126448465
2006-09-25,0.012842164904775855
2006-09-26,-0.001859535717104177
2006-09-27,-0.0034217749598433045
2006-09-28,-0.012614253686652255
2006-09-29,0.004683480350177183
2006-10-02,-0.002524936036557457
2006-10-03,-0.0042023143161903365
2006-10-04,0.0006765877301866396
2006-10-05,-0.009332837169044428
2006-10-06,-0.02986133980322947
2006-10-09,-0.0035428496026247425
2006-10-10,0.004254572567583548
2006-10-11,-0.0004463166650505723
2006-10-12,0.009050125861599145
2006-10-13,0.004762210887508056
2006-10-16,0.00405332587426277
2006-10-17,-0.00796885181002227
2006-10-18,0.00910036448211149
2006-10-19,0.042376622095090966
2006-10-20,0.0
2006-10-23,0.0
2006-10-24,0.0
2006-10-25,0.004436322678904592
2006-10-26,0.0011519849765571077
2006-10-27,-0.0046472729364317455
2006-10-30,-0.0023082151983891963
2006-10-31,0.008631228576847949
2006-11-01,0.0007006498249921833
2006-11-02,-0.0024424074708545573
2006-11-03,0.006553898030808414
2006-11-06,0.007350970744404606
2006-11-07,0.009842954344398969
2006-11-08,-0.009885566230466769
2006-11-09,0.012808271276331329
2006-11-10,-0.0021370172950749833
2006-11-13,0.0009556257100657994
2006-11-14,0.00553897847110929
2006-11-15,0.00015517477288362613
2006-11-16,0.011915539237665085
2006-11-17,-0.007213777358044071
2006-11-20,-0.009016214436692982
2006-11-21,0.005914756353343487
2006-11-22,0.004948383096402109
2006-11-24,-0.011661088627649918
2006-11-27,-0.001131724046280147
2006-11-28,0.004473970663616766
2006-11-29,0.015133114774787293
2006-11-30,0.003384654078746996
2006-12-01,-0.003431150583248499
2006-12-04,0.011427409376229658
2006-12-05,-0.0013616445171066305
2006-12-06,-0.0032602089047322202
2006-12-07,0.0029795095345519496
2006-12-08,-0.002340532152996455
2006-12-11,0.0044016519745258
2006-12-12,-0.004802330493488882
2006-12-13,0.018159611663183695
2006-12-14,0.003347407593553786
2006-12-15,0.007478074029899862
2006-12-18,-0.0033586631011551793
2006-12-19,-0.010845229007150903
2006-12-20,-0.0007046826457381972
2006-12-21,0.0016810086509813083
2006-12-22,0.003425873681097924
2006-12-26,0.001899476086574703
2006-12-27,-0.024496364268296822
2006-12-28,-0.01062353654196535
2006-12-29,0.02494043390753209
2007-01-03,0.01320507824864281
2007-01-04,0.0007799083221902148
2007-01-05,0.00028502108514194546
2007-01-08,0.00873380088667064
2007-01-09,0.009825092454389894
2007-01-10,0.012230713286326411
2007-01-11,-0.005465344131029948
2007-01-12,-0.011731253517408335
2007-01-16,-0.00031742332507023185
2007-01-17,-0.0009136855436416846
2007-01-18,-0.016077583799714468
2007-01-19,-0.0031277730138196125
2007-01-22,0.006036131529828959
2007-01-23,-0.011992554007970724
2007-01-24,0.012371831596165839
2007-01-25,0.004277547095605128
2007-01-26,0.005077943350488168
2007-01-29,0.005587346693858963
2007-01-30,0.007265249720232569
2007-01-31,-0.007000461809719027
2007-02-01,0.004475169362039955
2007-02-02,0.009263039541246743
2007-02-05,0.0030992125060327336
2007-02-06,0.0031980580387993562
2007-02-07,0.026026731021846494
2007-02-08,-0.004447830266749553
2007-02-09,0.0006658972516493389
2007-02-12,-0.0071857868824438675
2007-02-13,0.009572719888452763
2007-02-14,0.003412325835239205
2007-02-15,0.006912074893810738
2007-02-16,-0.0008895575650585963
2007-02-20,-0.0028800641766438817
2007-02-21,-0.013330096159229754
2007-02-22,0.007597265936535091
2007-02-23,-0.0005919311789890358
2007-02-26,0.00449305244482856
2007-02-27,-0.017552178819363107
2007-02-28,0.0010013078229165195
2007-03-01,-0.024111681071858904
2007-03-02,-0.0080538969778291
2007-03-05,-0.028515798827913774
2007-03-06,0.02123553786295429
2007-03-07,-0.006228920860002596
2007-03-08,0.014735898826903515
2007-03-09,0.011184902569522537
2007-03-12,-0.00969572660599971
2007-03-13,-0.010427887020226567
2007-03-14,0.001427174717931523
2007-03-15,-0.0024628600856717586
2007-03-16,0.0026788392896615054
2007-03-19,0.0022984627713238392
2007-03-20,-0.0020104717374063164
2007-03-21,0.018104387991173088
2007-03-22,0.0031844147932900135
2007-03-23,-0.0029456743416969022
2007-03-26,0.0021814667141961674
2007-03-27,-0.0007510782491566559
2007-03-28,-0.006992405327868156
2007-03-29,0.0094212562993079
2007-03-30,0.005902053246248151
2007-04-02,0.0010818499014184635
2007-04-03,0.00182386166114612
2007-04-04,-0.0011020710997525773
2007-04-05,0.003978084152493011
2007-04-09,0.014682905479387998
2007-04-10,-7.013362406271817e-06
2007-04-11,0.002431757765636533
2007-04-12,-0.0015696647893146398
2007-04-13,0.002595802159071514
2007-04-16,0.002810109867037669
2007-04-17,0.007965201140405442
2007-04-18,-0.0020040511790401228
2007-04-19,-0.006563929651091427
2007-04-20,0.015956751089334364
2007-04-23,-0.0046760771119823685
2007-04-24,-0.0012703533074676088
2007-04-25,0.0020802851915679987
2007-04-26,0.006662510863599813
2007-04-27,-0.010010398462149461
2007-04-30,0.005321810015057604
2007-05-01,0.006724918206683972
2007-05-02,0.00017945661363416576
2007-05-03,0.0038222545705652866
2007-05-04,0.007005389622053437
2007-05-07,0.002921154573729101
2007-05-08,-0.006996547640255146
2007-05-09,-0.002543562446809977
2007-05-10,-0.004217748832968327
2007-05-11,0.0029668586255651164
2007-05-14,0.006902249641553837
2007-05-15,0.0014099157660913963
2007-05-16,0.007428110266166188
2007-05-17,0.0003784974079861225
2007-05-18,0.007985693560458529
2007-05-21,0.004395848914258593
2007-05-22,0.00306771304134279
2007-05-23,-0.0038758721590362866
2007-05-24,-0.0011604477434089544
2007-05-25,0.00893862008042512
2007-05-29,0.005198936928892284
2007-05-30,-0.003396480283952341
2007-05-31,0.010521945295587809
2007-06-01,0.0014887156800851287
2007-06-04,-0.0017237069639794989
2007-06-05,-0.00027956678428842086
2007-06-06,-0.004515919430910231
2007-06-07,0.003008735502423976
2007-06-08,0.016071162553877416
2007-06-11,0.008319431953129452
2007-06-12,-0.01564052407399885
2007-06-13,0.008017182914086929
2007-06-14,0.00024075983071236706
2007-06-15,0.018046606145796895
2007-06-18,0.01845464659418594
2007-06-19,-0.004287897212269076
2007-06-20,0.005149164420626295
2007-06-21,-0.0008379855719942153
2007-06-22,0.0025770946160870167
2007-06-25,0.008073473264805342
2007-06-26,0.011624314464830254
2007-06-27,0.001795296924702372
2007-06-28,0.004377081884596512
2007-06-29,0.015704224177524928
2007-07-02,-0.003442601923861255
2007-07-03,0.0045095837436990305
2007-07-05,0.008359054886210249
2007-07-06,0.002410895001348612
2007-07-09,-0.00012482068779318123
2007-07-10,-0.00790697427674536
2007-07-11,-0.0016961111878275315
2007-07-12,0.00895088314013437
2007-07-13,0.004925271973160283
2007-07-16,0.0037617527115352267
2007-07-17,0.001658958595389004
2007-07-18,-0.008215819386303225
2007-07-19,0.016153656726340726
2007-07-20,0.006587575505187848
2007-07-23,0.010952841683084413
2007-07-24,-0.03671603490485764
2007-07-25,0.01762051013758925
2007-07-26,0.03673366507572129
2007-07-27,0.0
2007-07-30,0.0
2007-07-31,0.0
2007-08-01,0.006824444407178776
2007-08-02,0.00823149689626046
2007-08-03,-0.00679177875359116
2007-08-06,0.005119387287443322
2007-08-07,-0.003729494443666437
2007-08-08,0.00854257678299053
2007-08-09,-0.01103709698423716
2007-08-10,-0.037390079964305545
2007-08-13,0.015721266566148362
2007-08-14,0.0020005395417408423
2007-08-15,-0.0055825409599470355
2007-08-16,-0.007530053192022934
2007-08-17,0.029613421032588905
2007-08-20,2.0333080680057236e-05
2007-08-21,-0.0018091920539922146
2007-08-22,0.018825894747764194
2007-08-23,0.006377814845625052
2007-08-24,-0.005758765701021185
2007-08-27,0.010509187131159337
2007-08-28,-0.005279940525521165
2007-08-29,0.015449772974206466
2007-08-30,-0.009780284095042724
2007-08-31,0.01937097878552585
2007-09-04,0.010924316604054018
2007-09-05,-0.0011081866283328967
2007-09-06,0.005251325611642654
2007-09-07,-0.03784039181475796
2007-09-10,0.03910653136073372
2007-09-11,0.016653609348374676
2007-09-12,0.005954343471517909
2007-09-13,0.02149032136549467
2007-09-14,-0.011997932905716824
2007-09-17,-0.0032881881264857915
2007-09-18,0.009688441338243203
2007-09-19,0.017896428757695038
2007-09-20,-0.0032707991716017792
2007-09-21,0.01117392676584772
2007-09-24,0.014474635695671978
2007-09-25,-0.012028866682358808
2007-09-26,0.010715103091476497
2007-09-27,0.011278765995681006
2007-09-28,-0.005658802054658629
2007-10-01,0.009451077186807932
2007-10-02,0.0023658698510895526
2007-10-03,-0.009893453536925612
2007-10-04,0.0004266818515963333
2007-10-05,0.020338094212898783
2007-10-08,0.014554661038940653
2007-10-09,0.012698353389349437
2007-10-10,0.001477703033630151
2007-10-11,0.011077952873077335
2007-10-12,0.006349791890565726
2007-10-15,0.0014138354922637042
2007-10-16,-0.014331952544732074
2007-10-17,0.0340186254388497
2007-10-18,-0.011040413938736893
2007-10-19,0.0025922051540014923
2007-10-22,-0.00424432028840549
2007-10-23,0.07763023394850999
2007-10-24,0.0
2007-10-25,0.0
2007-10-26,0.0
2007-10-29,-0.0024482669911322086
2007-10-30,0.0026678121115875086
2007-10-31,0.0024216659771409965
2007-11-01,-0.019449600052702687
2007-11-02,0.0105423815208876
2007-11-05,-0.008759238254739787
2007-11-06,0.0033113256634380583
2007-11-07,-0.008801648787572391
2007-11-08,-0.00394609105821353
2007-11-09,-0.0012556583424853107
2007-11-12,-0.001773583282047908
2007-11-13,0.011519661657223734
2007-11-14,0.010543734747037403
2007-11-15,-0.004968462510603011
2007-11-16,0.00568825366881387
2007-11-19,-0.00919612852056817
2007-11-20,0.008424570843457824
2007-11-21,-0.009309740640322972
2007-11-23,0.005961220250941146
2007-11-26,0.00019650775512847218
2007-11-27,0.006521393988414337
2007-11-28,0.004030716839100279
2007-11-29,-0.002954569257006767
2007-11-30,0.014915940741848877
2007-12-03,0.005809493004650612
2007-12-04,-0.0008917018672789379
2007-12-05,0.018080068136753225
2007-12-06,-0.00033800385305460257
2007-12-07,0.0005418798982730344
2007-12-10,-0.0002454669406353194
2007-12-11,0.007543630786539524
2007-12-12,0.019171339902531948
2007-12-13,-0.004769052426778053
2007-12-14,-0.002734744796724642
2007-12-17,-0.00429673682442433
2007-12-18,0.008652804584879492
2007-12-19,-0.0006731776045264537
2007-12-20,0.00853194590287032
2007-12-21,0.003975191344382845
2007-12-24,0.00047870190673338087
2007-12-26,0.0011961679013670068
2007-12-27,-0.002171184630560874
2007-12-28,0.004455605395122575
2007-12-31,-0.004090611972662694
2008-01-02,3.968123116004918e-05
2008-01-03,0.003646544797671236
2008-01-04,-0.012599711173159611
2008-01-07,0.006597141734512979
2008-01-08,0.00520975823891856
2008-01-09,0.002605140815546747
2008-01-10,-0.00879010661063917
2008-01-11,-0.005134696120854931
2008-01-14,0.015985081191608463
2008-01-15,-0.014021622246946475
2008-01-16,-0.028241611371236264
2008-01-17,0.009600983497751514
2008-01-18,0.016566188802571435
2008-01-22,-0.050527296467839045
2008-01-23,-0.020527686330433448
2008-01-24,0.017756067832014777
2008-01-25,0.02126309333818055
2008-01-28,-0.01502650499577396
2008-01-29,0.009771694019925725
2008-01-30,-0.00637945739386514
2008-01-31,-0.01676607357919835
2008-02-01,0.010641822942293766
2008-02-04,0.007222581666519012
2008-02-05,-0.01667766049203534
2008-02-06,0.008696479299550308
2008-02-07,-0.016948026660464355
2008-02-08,-0.0028612632401684435
2008-02-11,0.006381511230922676
2008-02-12,0.010630507451334648
2008-02-13,0.01008751742001035
2008-02-14,-0.008991872944047019
2008-02-15,-0.001066464798932465
2008-02-19,0.018795679013783317
2008-02-20,-0.009639514603864474
2008-02-21,0.008418019617766115
2008-02-22,0.002926090838318407
2008-02-25,-9.64619390666499e-05
2008-02-26,-0.004074907140703687
2008-02-27,-0.004412112283509684
2008-02-28,-0.006159371010486803
2008-02-29,-0.008294500285256245
2008-03-03,0.000890512942470334
2008-03-04,-0.007697855381727958
2008-03-05,0.006332999755906954
2008-03-06,-0.0010980212309491533
2008-03-07,-0.013794779567067095
2008-03-10,-0.0015062682076926182
2008-03-11,0.014199459277195237
2008-03-12,0.0024323351324218034
2008-03-13,-0.008533596422961476
2008-03-14,0.005094709043419243
2008-03-17,-0.020642553970800726
2008-03-18,0.01180588926752657
2008-03-19,-0.006027383557179911
2008-03-20,0.002537263465894002
2008-03-24,0.007806125752571447
2008-03-25,0.004185122266599395
2008-03-26,-0.004329611603793193
2008-03-27,-0.000862684072796327
2008-03-28,0.008874950035860918
2008-03-31,0.0020370568673884204
2008-04-01,0.013836944533580642
2008-04-02,0.002210797358438432
2008-04-03,0.0024689035930300918
2008-04-04,-0.00474526029450395
2008-04-07,0.009795667781543393
2008-04-08,-0.01416841862979834
2008-04-09,0.004146678401266701
2008-04-10,0.004759634501050547
2008-04-11,-0.01249130918330299
2008-04-14,-0.0005960251735810385
2008-04-15,0.00374460333989024
2008-04-16,0.017326364107437042
2008-04-17,-0.013007258041168313
2008-04-18,0.01629111830317287
2008-04-21,-0.001546205179280058
2008-04-22,-0.006208526009464976
2008-04-23,0.008885328481962995
2008-04-24,0.0008399593562944396
2008-04-25,0.004789702560784814
2008-04-28,-0.0013686010390026038
2008-04-29,-0.0028936179995010525
2008-04-30,0.004205188586873909
2008-05-01,0.0028691960730229393
2008-05-02,0.007439105558033621
2008-05-05,0.004960177058002335
2008-05-06,-0.0003792065500098918
2008-05-07,-0.0014083849735722076
2008-05-08,0.009520699382951303
2008-05-09,-0.0019965779430627384
2008-05-12,0.006025106120641777
2008-05-13,0.0038073686512412053
2008-05-14,0.003346382533233605
2008-05-15,0.0010283301139710765
2008-05-16,0.003962079563854637
2008-05-19,0.002156084347150866
2008-05-20,-0.01081021148031791
2008-05-21,-0.0026151588059234454
2008-05-22,0.007067020205502095
2008-05-23,0.008142220429769642
2008-05-27,0.00868213637172821
2008-05-28,0.008394112927357478
2008-05-29,0.00040439829513450043
2008-05-30,0.005338304838513386
2008-06-02,-0.0014735694646905717
2008-06-03,0.002216952296277608
2008-06-04,-0.003125431194454298
2008-06-05,0.0026720193913671864
2008-06-06,-0.00794265104705194
2008-06-09,0.0018021819503413194
2008-06-10,-0.011772866329041176
2008-06-11,-0.004495794288154276
2008-06-12,0.01074788544546168
2008-06-13,0.011503472931259529
2008-06-16,-0.009762509121661433
2008-06-17,0.002176820225766596
2008-06-18,-0.003311514112787406
2008-06-19,-0.0036437890423617336
2008-06-20,-0.012308333633624158
2008-06-23,0.005560503854517895
2008-06-24,-0.006874380338838693
2008-06-25,0.006150592285611323
2008-06-26,-0.015969682873110846
2008-06-27,-0.0014621615303616053
2008-06-30,-0.004778162891021953
2008-07-01,-0.010481421864085738
2008-07-02,0.0
2008-07-03,0.0
2008-07-07,0.0
2008-07-08,0.0
2008-07-09,0.0
2008-07-10,0.0
2008-07-11,0.0
2008-07-14,0.0
2008-07-15,0.0
2008-07-16,0.0
2008-07-17,0.0
2008-07-18,0.0
2008-07-21,0.0
2008-07-22,0.0
2008-07-23,0.0
2008-07-24,0.0
2008-07-25,0.0
2008-07-28,0.0
2008-07-29,0.0
2008-07-30,0.0
2008-07-31,0.0
2008-08-01,0.0
2008-08-04,-0.00012934565763222938
2008-08-05,0.009974934676392655
2008-08-06,0.001836706577154068
2008-08-07,-0.0026928584205188066
2008-08-08,0.002303464510239328
2008-08-11,0.0022616330359754855
2008-08-12,0.0040401268207963525
2008-08-13,0.00950061287409909
2008-08-14,-0.00313806191934074
2008-08-15,0.005408748047462941
2008-08-18,0.0025067350809890865
2008-08-19,-0.007881153468433988
2008-08-20,0.006055877390989117
2008-08-21,-0.004717104570666986
2008-08-22,0.004931741372441678
2008-08-25,0.0014119957301821362
2008-08-26,-0.0031743059753494007
2008-08-27,-0.003258580345126272
2008-08-28,0.003989025221579068
2008-08-29,-0.009520357765809395
2008-09-02,0.007866597953507304
2008-09-03,-0.004308929461607325
2008-09-04,-0.006409865676903159
2008-09-05,-0.006849978619027586
2008-09-08,0.010639118884827825
2008-09-09,-0.0007400880280196143
2008-09-10,0.004574538174695997
2008-09-11,-0.015872057430027064
2008-09-12,-0.004557013839320723
2008-09-15,-0.017613349251611066
2008-09-16,-0.015616306008882863
2008-09-17,-0.009537937188230039
2008-09-18,0.00867034157157498
2008-09-19,0.02607075734664055
2008-09-22,0.0
2008-09-23,0.0
2008-09-24,0.0
2008-09-25,0.0029296690695930216
2008-09-26,-0.01775347902537938
2008-09-29,-0.012733455994856424
2008-09-30,0.012641052214679593
2008-10-01,0.0
2008-10-02,0.0
2008-10-03,0.0
2008-10-06,-0.01584573166681591
2008-10-07,0.02751011916879209
2008-10-08,0.0
2008-10-09,0.0
2008-10-10,0.0
2008-10-13,0.03009044417912987
2008-10-14,0.0
2008-10-15,0.0
2008-10-16,0.0
2008-10-17,-0.002465128868546773
2008-10-20,0.008169538896695583
2008-10-21,-0.009004582851937615
2008-10-22,-0.004177982426309956
2008-10-23,-0.0010486717085744779
2008-10-24,-0.03251599922653026
2008-10-27,-0.0039343045096826845
2008-10-28,0.015391998776226323
2008-10-29,0.0
2008-10-30,0.0
2008-10-31,0.0
2008-11-03,0.003696493371398768
2008-11-04,0.01542999104566678
2008-11-05,0.0
2008-11-06,0.0
2008-11-07,0.0
2008-11-10,0.010087234503541431
2008-11-11,0.0
2008-11-12,0.0
2008-11-13,0.0
2008-11-14,-0.007162996581206449
2008-11-17,-0.0006112652141275765
2008-11-18,0.004732762454749517
2008-11-19,-0.0018338247824337683
2008-11-20,-0.002190570752210408
2008-11-21,0.0065957410929931015
2008-11-24,0.0
2008-11-25,0.0
2008-11-26,0.0
2008-11-28,-0.002059266577722374
2008-12-01,-0.0066058736871056345
2008-12-02,0.004179179882731754
2008-12-03,-0.002333969811360803
2008-12-04,-0.005493633509483065
2008-12-05,-0.0023988662720082488
2008-12-08,0.005417235826804756
2008-12-09,-0.0023644196243473026
2008-12-10,0.0038453445002293307
2008-12-11,-0.0017322122507581472
2008-12-12,-0.005937647016634129
2008-12-15,0.0011738675453791814
2008-12-16,0.0028857702681512887
2008-12-17,-0.005487761562514293
2008-12-18,0.0012183211333345323
2008-12-19,0.005263271929781377
2008-12-22,-0.0031630339839116006
2008-12-23,0.0017405943017336778
2008-12-24,-0.004344492628499341
2008-12-26,0.0034508716826961994
2008-12-29,0.0010819735674696407
2008-12-30,0.0025244392992451736
2008-12-31,-0.0018483923257383017
2009-01-02,-4.010785800934169e-05
2009-01-05,-0.0009888884038909973
2009-01-06,0.004227202500146188
2009-01-07,-0.005399309858674428
2009-01-08,-0.0028523240120829074
2009-01-09,-0.0007335137552161308
2009-01-12,-0.0007074411624540256
2009-01-13,-0.004839319776126838
2009-01-14,-0.008309836557568673
2009-01-15,0.0009883104363805906
2009-01-16,0.006162456357558632
2009-01-20,-0.0034426616588556502
2009-01-21,0.005077527449556696
2009-01-22,-0.00724290989916021
2009-01-23,-0.006396800637996081
2009-01-26,0.0005046025379171759
2009-01-27,0.0038264787768025332
2009-01-28,0.008486699503865935
2009-01-29,0.0
2009-01-30,0.0
2009-02-02,0.0
2009-02-03,0.0005264780629337107
2009-02-04,0.0010990668503765288
2009-02-05,-0.0017869020656881007
2009-02-06,0.0016903067226508028
2009-02-09,0.00029338047967697456
2009-02-10,-0.0017576159281535997
2009-02-11,-0.006453361186083972
2009-02-12,-0.0035041574569740774
2009-02-13,-0.0003881380050455574
2009-02-17,-0.01195320301808045
2009-02-18,0.002384156031293605
2009-02-19,0.0053074860220629905
2009-02-20,-0.004684987547995179
2009-02-23,0.003332172863952154
2009-02-24,0.006255988160333015
2009-02-25,-0.0008246499009146868
2009-02-26,0.005627311233587617
2009-02-27,-0.005429230665760398
2009-03-02,-0.006859816340302749
2009-03-03,0.0
2009-03-04,0.0
2009-03-05,0.0
2009-03-06,0.0
2009-03-09,0.0
2009-03-10,0.0
2009-03-11,0.0
2009-03-12,0.0
2009-03-13,0.0
2009-03-16,0.0
2009-03-17,0.0
2009-03-18,0.0
2009-03-19,0.0
2009-03-20,0.0
2009-03-23,0.0
2009-03-24,0.0
2009-03-25,0.0
2009-03-26,0.0
2009-03-27,0.0
2009-03-30,0.0
2009-03-31,0.0
2009-04-01,0.0
2009-04-02,0.0
2009-04-03,0.0
2009-04-06,0.0
2009-04-07,0.0
2009-04-08,0.0
2009-04-09,0.0
2009-04-13,0.0
2009-04-14,0.0
2009-04-15,0.0
2009-04-16,0.0
2009-04-17,0.0
2009-04-20,0.0
2009-04-21,0.0
2009-04-22,0.0
2009-04-23,0.0
2009-04-24,0.0
2009-04-27,0.0
2009-04-28,0.0
2009-04-29,0.0
2009-04-30,0.0
2009-05-01,0.0
2009-05-04,0.016569311640500795
2009-05-05,0.006555525583403554
2009-05-06,0.008046720500655802
2009-05-07,0.0054122550848183515
2009-05-08,0.013604377173224824
2009-05-11,-0.018077123769028036
2009-05-12,0.006137282651512921
2009-05-13,-0.015836271084971987
2009-05-14,-0.00399600514641163
2009-05-15,-0.003214239539906072
2009-05-18,0.012102856450980415
2009-05-19,-0.004622258546063129
2009-05-20,0.01047995865235607
2009-05-21,-0.013239847394295956
2009-05-22,0.0050634329262131406
2009-05-26,-0.005557850412521548
2009-05-27,0.000404017626697728
2009-05-28,0.014584134775719626
2009-05-29,0.003665949540534452
2009-06-01,0.01392330316475765
2009-06-02,-0.011060971976194156
2009-06-03,-0.019256863414910952
2009-06-04,0.008628946350898392
2009-06-05,0.017662836705354845
2009-06-08,-0.014417848305647851
2009-06-09,0.012423987291722893
2009-06-10,0.008262150971008131
2009-06-11,-0.008202013880854508
2009-06-12,-0.006417461348433684
2009-06-15,-0.017310835102917088
2009-06-16,0.008718912628122855
2009-06-17,2.946128986391905e-05
2009-06-18,0.002738999529910302
2009-06-19,0.015218444349435867
2009-06-22,-0.006706519579226078
2009-06-23,-0.001569824765949801
2009-06-24,0.01284559163123955
2009-06-25,-0.005967214529492559
2009-06-26,-0.007591606191847844
2009-06-29,0.0036595311156515375
2009-06-30,0.00465713853404548
2009-07-01,0.01098717201091115
2009-07-02,-0.012645691901610356
2009-07-06,-0.009170291514308482
2009-07-07,0.004788854944091314
2009-07-08,0.003305313251794395
2009-07-09,0.007461902025846845
2009-07-10,-0.0024119676257823297
2009-07-13,0.005866765383216066
2009-07-14,-0.0001207685916176926
2009-07-15,0.025685324918657493
2009-07-16,-0.0051673790501660655
2009-07-17,0.008657559418788097
2009-07-20,0.01045202631404063
2009-07-21,0.003711877241397099
2009-07-22,0.02006875012977849
2009-07-23,-0.0014801478444825822
2009-07-24,-0.007940808550127687
2009-07-27,0.0014088102728169183
2009-07-28,-0.007774996310506266
2009-07-29,-0.005765858850446004
2009-07-30,0.013047176364066937
2009-07-31,0.0006906320039345992
2009-08-03,0.012812242669810292
2009-08-04,-0.004300137508832846
2009-08-05,-0.000701601365917015
2009-08-06,0.0025555624955777567
2009-08-07,0.021438391848021654
2009-08-10,0.0030702136653235623
2009-08-11,-0.0038608678824212372
2009-08-12,0.0014506093052335522
2009-08-13,0.005918591297473075
2009-08-14,-0.006868240986696694
2009-08-17,-0.03327297975148391
2009-08-18,0.008048587454148493
2009-08-19,-0.020024920094833143
2009-08-20,-0.0010659572658628935
2009-08-21,0.012919158036024836
2009-08-24,0.007510601730746691
2009-08-25,0.002929608946822926
2009-08-26,0.00160210165006891
2009-08-27,-0.0023354848821268703
2009-08-28,0.02865377047129103
2009-08-31,-0.012485707905992571
2009-09-01,-0.0032403589118941145
2009-09-02,-0.006029867643902231
2009-09-03,0.01201147082273879
2009-09-04,0.003279344573573706
2009-09-08,0.022596542600558545
2009-09-09,0.003400462579541186
2009-09-10,0.010487718119519984
2009-09-11,0.007638348202823497
2009-09-14,-0.008606904206344468
2009-09-15,0.007052257932247841
2009-09-16,0.006495254393549477
2009-09-17,-0.005072355767539283
2009-09-18,0.007725764473261343
2009-09-21,-0.006904274737080107
2009-09-22,0.011293525960438089
2009-09-23,0.006289582768810531
2009-09-24,0.009052104896485114
2009-09-25,-0.00759516746083122
2009-09-28,0.00629270204435084
2009-09-29,0.0002826010596748141
2009-09-30,0.004689551849087703
2009-10-01,-0.001975675604195759
2009-10-02,-0.011681368975502426
2009-10-05,0.0065169671660487705
2009-10-06,0.017405775614437013
2009-10-07,-0.0016729273496107755
2009-10-08,0.009725963698766549
2009-10-09,-0.0021147222106584485
2009-10-12,0.01251971885239267
2009-10-13,0.000707387250194369
2009-10-14,0.02866329471793372
2009-10-15,-0.013187328201799353
2009-10-16,-0.015138729546765428
2009-10-19,0.006494010385675653
2009-10-20,0.04508370779997084
2009-10-21,-0.005994590058184923
2009-10-22,-0.006620358163489493
2009-10-23,0.00710862474400642
2009-10-26,-0.00036816845507647855
2009-10-27,-0.00415378526876764
2009-10-28,-0.006221563986136269
2009-10-29,0.017867641698647407
2009-10-30,0.0016433786297331832
2009-11-02,0.006923638371205021
2009-11-03,-0.009596336064081612
2009-11-04,0.0067255816753541975
2009-11-05,0.007832815819691641
2009-11-06,0.0053363663393635186
2009-11-09,0.007641445410822678
2009-11-10,0.00042881057271015877
2009-11-11,0.006780781110836909
2009-11-12,0.019167164043085272
2009-11-13,0.0
2009-11-16,0.0
2009-11-17,0.0
2009-11-18,-0.0009336279021988636
2009-11-19,-0.010329753507746342
2009-11-20,-0.0072384402229777045
2009-11-23,0.005726229869264854
2009-11-24,0.0002123593402263424
2009-11-25,0.00311423517035192
2009-11-27,-0.019221096372562085
2009-11-30,0.0026029506539868574
2009-12-01,0.005687345715137848
2009-12-02,0.007462619750029598
2009-12-03,0.006089744655226825
2009-12-04,0.025930697888581156
2009-12-07,0.006582224368602452
2009-12-08,-0.0018933036560492278
2009-12-09,0.0074770743291274755
2009-12-10,0.010980929234652548
2009-12-11,0.006397688229672793
2009-12-14,0.009367326340458115
2009-12-15,-0.006417288229700557
2009-12-16,0.010499359796022123
2009-12-17,-0.00888599734372375
2009-12-18,0.0049394975876664304
2009-12-21,0.007002112241077274
2009-12-22,0.006442862308737141
2009-12-23,0.007614583033121791
2009-12-24,0.008237355056598616
2009-12-28,0.011782590163225803
2009-12-29,0.002892239371800942
2009-12-30,-0.002426524742595193
2009-12-31,0.007675009581179282
2010-01-04,0.01664865154605577
2010-01-05,0.0015833814026902093
2010-01-06,-0.001192865492780304
2010-01-07,0.00106044815877393
2010-01-08,-0.00495587146188925
2010-01-11,0.005607430284579218
2010-01-12,-0.009781445850152837
2010-01-13,0.004036141947115324
2010-01-14,-0.0043422804059177755
2010-01-15,0.005052044398267341
2010-01-19,0.007197844270919962
2010-01-20,-0.007906789949603588
2010-01-21,0.005607973571589042
2010-01-22,-0.011093132434879083
2010-01-25,0.022493413894082215
2010-01-26,0.008688918523914957
2010-01-27,0.002095079968589486
2010-01-28,-0.007740792276200836
2010-01-29,0.011609453495390998
2010-02-01,0.006102162639187503
2010-02-02,-0.0020913411681358074
2010-02-03,-0.01239071837465655
2010-02-04,-0.006351912766106582
2010-02-05,-0.00027482645597487476
2010-02-08,0.013115603019164812
2010-02-09,0.020441857398456165
2010-02-10,-0.0058982965597319525
2010-02-11,0.0004106013414153509
2010-02-12,-0.012808975785220222
2010-02-16,0.008781306159719282
2010-02-17,0.003331109033552604
2010-02-18,-0.006244396349393888
2010-02-19,-0.0037873156792699314
2010-02-22,0.004842283293076788
2010-02-23,-0.00230270608534644
2010-02-24,0.007899721778786617
2010-02-25,-0.019685557627114103
2010-02-26,-0.0031986551646037142
2010-03-01,0.006673938916656574
2010-03-02,0.005783687452722175
2010-03-03,0.0009564189554194247
2010-03-04,0.00037733644982540504
2010-03-05,0.016037427703889495
2010-03-08,0.0021338225503721997
2010-03-09,-0.007093047576556266
2010-03-10,0.005669733906175312
2010-03-11,-0.003757891901593813
2010-03-12,0.011628935256159378
2010-03-15,-0.005181901281658741
2010-03-16,0.003165439745846932
2010-03-17,0.005024387397808194
2010-03-18,-0.0018178145111247268
2010-03-19,0.002397229500644027
2010-03-22,-0.00866528566085012
2010-03-23,0.005306790245821258
2010-03-24,-0.004515809312453878
2010-03-25,0.012556922661150383
2010-03-26,0.009376137742910462
2010-03-29,0.009758113272141378
2010-03-30,0.015863534530254908
2010-03-31,-0.005438182333582731
2010-04-01,0.014054805656219305
2010-04-05,0.0007872403080519952
2010-04-06,-0.0025927592995164117
2010-04-07,0.00046083177729006053
2010-04-08,-0.002011028969868267
2010-04-09,0.006976310583040934
2010-04-12,0.002056610266118142
2010-04-13,-0.003330388296910236
2010-04-14,0.014776870473332204
2010-04-15,-0.0008968169635418244
2010-04-16,-0.005242400199282682
2010-04-19,-0.004383062341059896
2010-04-20,0.008762531492503944
2010-04-21,0.041984271149123176
2010-04-22,0.0
2010-04-23,0.0
2010-04-26,0.0
2010-04-27,-0.007985735842920505
2010-04-28,0.007007944300043034
2010-04-29,0.007851592906488403
2010-04-30,0.0008985192847656975
2010-05-03,0.010697680003994625
2010-05-04,-0.0166679984648489
2010-05-05,-0.023059315393620827
2010-05-06,-0.006592975277421198
2010-05-07,-0.006861395280347127
2010-05-10,0.06640610655596535
2010-05-11,0.0
2010-05-12,0.0
2010-05-13,0.0
2010-05-14,-0.015418559179420366
2010-05-17,0.0017772413213879013
2010-05-18,0.011911660957313774
2010-05-19,-0.010998963422496733
2010-05-20,-0.026254934143893127
2010-05-21,-0.020337806952954063
2010-05-24,0.013797221799301207
2010-05-25,-0.035076554675953275
2010-05-26,0.020583982150553348
2010-05-27,0.02916811530062846
2010-05-28,0.017627235022755317
2010-06-01,0.002492225293083017
2010-06-02,0.0045822547129967806
2010-06-03,0.0012609464622217459
2010-06-04,-0.013720588541207168
2010-06-07,0.003859337156894682
2010-06-08,0.0007066506236250714
2010-06-09,0.004393950684927095
2010-06-10,0.008848524519192491
2010-06-11,-0.005245451477960961
2010-06-14,0.009386150592992859
2010-06-15,0.005719207842628915
2010-06-16,-0.004503615182208209
2010-06-17,0.00648026131474988
2010-06-18,-0.00023455170370045852
2010-06-21,0.009562743256723127
2010-06-22,0.0017095016363941617
2010-06-23,0.001432548499861186
2010-06-24,-0.0012989722639985546
2010-06-25,0.002426203302329899
2010-06-28,0.003923988828532288
2010-06-29,-0.014024382980058703
2010-06-30,0.0014350486232184156
2010-07-01,0.0009169105502726538
2010-07-02,0.001631344773814547
2010-07-06,0.009953911684218442
2010-07-07,0.0025897373375274313
2010-07-08,-0.0031676513811759177
2010-07-09,-0.0014990842483303402
2010-07-12,0.0011062889058448544
2010-07-13,0.0006507664917516642
2010-07-14,0.007469057503816323
2010-07-15,0.0021457835516716095
2010-07-16,-0.00015486498550598693
2010-07-19,0.0014529159942824332
2010-07-20,0.0039339344533002585
2010-07-21,-0.006012203474663025
2010-07-22,-0.004904553034764558
2010-07-23,0.0007232071930169948
2010-07-26,-0.0005487688729339801
2010-07-27,-0.0018736439411621841
2010-07-28,-0.0021443114841551703
2010-07-29,-0.007248505843203912
2010-07-30,-0.0004739941186887586
2010-08-02,-0.0018015960133987985
2010-08-03,-0.0023963967720833645
2010-08-04,0.0024983464508492315
2010-08-05,-0.0008790242658087699
2010-08-06,-0.0029354460767259116
2010-08-09,0.003137032479211932
2010-08-10,-0.00980774939999951
2010-08-11,-0.010696169541176803
2010-08-12,-0.008518158442061607
2010-08-13,0.0014921098312457026
2010-08-16,-0.0023110382578371835
2010-08-17,0.005415885946472132
2010-08-18,-4.193250151285355e-05
2010-08-19,-0.001654587073544711
2010-08-20,0.006237516297573631
2010-08-23,0.00262680942768867
2010-08-24,-0.008676813787288795
2010-08-25,0.003600077505949706
2010-08-26,7.55977034416766e-06
2010-08-27,-0.0022056558670985327
2010-08-30,0.004111765763046282
2010-08-31,0.0015018181401029729
2010-09-01,-0.004741785623455286
2010-09-02,0.0002260845238819531
2010-09-03,-0.002147640429364883
2010-09-07,0.0005879317575412379
2010-09-08,-0.001688173802453674
2010-09-09,-0.0012386329074648428
2010-09-10,0.0001987186352785386
2010-09-13,-0.0003895389472851063
2010-09-14,-0.00024575049912523017
2010-09-15,-0.004263379783004617
2010-09-16,-0.0011159636033796216
2010-09-17,0.0026129427873700095
2010-09-20,0.0010369871169304545
2010-09-21,0.00044724798463113835
2010-09-22,-0.0013831914880824137
2010-09-23,-0.0021061817393790427
2010-09-24,0.008279047023377784
2010-09-27,0.001384798405134502
2010-09-28,0.0018508785904147729
2010-09-29,-0.0014622323803904491
2010-09-30,0.004430281601865538
2010-10-01,0.004317370779339136
2010-10-04,-0.0059770609612073144
2010-10-05,0.017373311391819746
2010-10-06,-0.002140456929896506
2010-10-07,0.004316845694927185
2010-10-08,0.008777543885216232
2010-10-11,0.004853224125161981
2010-10-12,-0.0011807929498633962
2010-10-13,0.01318689337992418
2010-10-14,0.0012033009932170824
2010-10-15,0.01609917313604714
2010-10-18,0.009054260662761715
2010-10-19,-0.040086419517019634
2010-10-20,0.002167823296902016
2010-10-21,0.03828629139832462
2010-10-22,0.0
2010-10-25,0.0
2010-10-26,0.0
2010-10-27,0.0015767871665173239
2010-10-28,0.002590841963961754
2010-10-29,-0.0027469915678142165
2010-11-01,0.005483436055686131
2010-11-02,0.004728656985105495
2010-11-03,0.004307362213479715
2010-11-04,0.011069229965410265
2010-11-05,0.00489203054262477
2010-11-08,-0.002930552322076063
2010-11-09,0.016432976686314715
2010-11-10,-0.0034967539482554377
2010-11-11,-0.00995165905909512
2010-11-12,-0.006667862185858575
2010-11-15,-0.002172012675203505
2010-11-16,-0.007368375147907669
2010-11-17,-0.0001161214398598398
2010-11-18,0.014278025582147524
2010-11-19,0.00044760170957358625
2010-11-22,0.009228012238125416
2010-11-23,-0.01002586389054061
2010-11-24,0.011845453140584272
2010-11-26,-0.006200623330385069
2010-11-29,0.001710213466294297
2010-11-30,-0.010797242783608274
2010-12-01,0.013448827799447338
2010-12-02,-0.0068225286138684504
2010-12-03,-0.0027052836379647394
2010-12-06,0.005696187651028639
2010-12-07,0.02070420067148282
2010-12-08,-0.0043277944612196695
2010-12-09,0.010646104886378849
2010-12-10,0.012681738856570313
2010-12-13,0.006293156691582036
2010-12-14,-0.004879021146115936
2010-12-15,-0.0003947167423064002
2010-12-16,0.002459848609133397
2010-12-17,0.004761117864448883
2010-12-20,0.007014134159889052
2010-12-21,0.009498572749753631
2010-12-22,0.00421055681099447
2010-12-23,-0.001064673846897235
2010-12-27,-0.013417037693897904
2010-12-28,0.0017440897460085925
2010-12-29,0.0037351209500720017
2010-12-30,-0.0006020555740615663
2010-12-31,-0.003529597340435675
2011-01-03,0.008330044025087746
2011-01-04,0.006795686056003669
2011-01-05,0.000812120026056018
2011-01-06,-0.005324666638011011
2011-01-07,0.002136012386019681
2011-01-10,-0.004034004065148533
2011-01-11,0.007496307248981315
2011-01-12,0.008742757098247456
2011-01-13,-0.0028989253431104256
2011-01-14,-0.003586419233725935
2011-01-18,-0.0009230798453307987
2011-01-19,-0.001979143935364025
2011-01-20,-0.00806854823802794
2011-01-21,0.011257802021718222
2011-01-24,0.003962003598706909
2011-01-25,-0.005414486042241595
2011-01-26,0.003918653348647272
2011-01-27,0.03989596116990368
2011-01-28,0.0007672595040071339
2011-01-31,-0.0060108219741327185
2011-02-01,0.006543606141458991
2011-02-02,-0.011342021828168902
2011-02-03,0.0005216339359088717
2011-02-04,0.0071412460138362555
2011-02-07,0.002532734415779281
2011-02-08,0.001780088915153133
2011-02-09,-0.00039082774190479785
2011-02-10,-0.01168900292547359
2011-02-11,-0.0018916007899346665
2011-02-14,0.012272304561323333
2011-02-15,-0.00756225193819815
2011-02-16,0.008400886490288029
2011-02-17,-0.009288799766241862
2011-02-18,0.004423330428469541
2011-02-22,-0.03186911170455431
2011-02-23,-0.012951900921459258
2011-02-24,0.014200080604884313
2011-02-25,0.009593303912725837
2011-02-28,0.009480534343680347
2011-03-01,-0.0004999085349750576
2011-03-02,-0.000976082443899462
2011-03-03,0.01623959874680181
2011-03-04,0.0011618621902049764
2011-03-07,0.008801779779365138
2011-03-08,-0.010946599735998208
2011-03-09,-0.0035342334549951504
2011-03-10,-0.018642889942371732
2011-03-11,0.0007695386132988702
2011-03-14,0.0006298587944222334
2011-03-15,-0.026169195779411236
2011-03-16,0.0037673327139606805
2011-03-17,0.0196242700145417
2011-03-18,0.011096240848398775
2011-03-21,0.017485557995940537
2011-03-22,0.013148144071933432
2011-03-23,0.00022729733819826237
2011-03-24,0.021789739434236566
2011-03-25,-0.0005824387888218041
2011-03-28,0.01175169506121021
2011-03-29,0.001087087849415802
2011-03-30,0.008527548566264365
2011-03-31,-0.0013482618826666792
2011-04-01,0.010409234188458294
2011-04-04,0.006379580394604956
2011-04-05,0.001722439950763821
2011-04-06,0.009959257750115524
2011-04-07,-0.007432163048918139
2011-04-08,0.00897398663913096
2011-04-11,-0.0010863728465136946
2011-04-12,-0.011762377439258342
2011-04-13,0.009070356108705768
2011-04-14,-0.006701369352482334
2011-04-15,-0.0006458690532011868
2011-04-18,-0.014932635013356732
2011-04-19,0.0019182888795432618
2011-04-20,0.017912933986800272
2011-04-21,0.002552176203223233
2011-04-25,0.004115754480806366
2011-04-26,-0.01430638927929928
2011-04-27,0.0039861330122965555
2011-04-28,-0.004978840505421078
2011-04-29,-0.0018618855662001499
2011-05-02,0.013486430683663286
2011-05-03,-0.004075063544913382
2011-05-04,0.001593970152125701
2011-05-05,-0.008493646415231093
2011-05-06,0.012416483909829079
2011-05-09,0.006622905034455506
2011-05-10,0.004683944970501841
2011-05-11,0.0017929643615637314
2011-05-12,-0.0016701080459460282
2011-05-13,-0.007619735185175336
2011-05-16,-0.0043933761433775365
2011-05-17,-0.007578252296412291
2011-05-18,0.0030666603530060677
2011-05-19,0.00425730312506456
2011-05-20,-0.004820080287114781
2011-05-23,-0.015469539439323832
2011-05-24,0.0069355933048489415
2011-05-25,-0.003456264743510129
2011-05-26,-0.003248417074145249
2011-05-27,0.0027294561433772735
2011-05-31,0.012814564929472194
2011-06-01,-0.004782499715696331
2011-06-02,0.0011694141194256158
2011-06-03,-0.0040521763791395715
2011-06-06,-8.301616884642815e-05
2011-06-07,0.0023957324126908652
2011-06-08,-0.002060269929973435
2011-06-09,0.0007798742914022494
2011-06-10,0.0006309451289001622
2011-06-13,0.0002317470682882128
2011-06-14,0.003675318202774003
2011-06-15,-0.003225994457198511
2011-06-16,0.000988622543680373
2011-06-17,0.003235389999097782
2011-06-20,-0.000843502211449354
2011-06-21,0.002181531493791189
2011-06-22,-0.0009365985438218871
2011-06-23,-0.0039057823214825316
2011-06-24,-0.00817646208149092
2011-06-27,0.0006882908045457992
2011-06-28,0.00038277208904835547
2011-06-29,0.001657312228997787
2011-06-30,0.001731658345105469
2011-07-01,-0.00015782632358241067
2011-07-05,0.0010628362329421215
2011-07-06,-0.0014329305523083091
2011-07-07,0.0026538411806684703
2011-07-08,-0.004180391924591076
2011-07-11,-0.005049261297840668
2011-07-12,-0.002207233185752222
2011-07-13,0.0024311642039498427
2011-07-14,0.0007552175558844798
2011-07-15,0.0019186365941317174
2011-07-18,-0.0020352872585768234
2011-07-19,0.002518001115863866
2011-07-20,0.001244384135159926
2011-07-21,0.001473723537632976
2011-07-22,0.004589958059382004
2011-07-25,-0.004783182000958175
2011-07-26,-0.0015755708624785036
2011-07-27,-0.002527253594744594
2011-07-28,-0.0007212721113842857
2011-07-29,-0.0031082493413269185
2011-08-01,0.005627201543554339
2011-08-02,-0.0020759274793732407
2011-08-03,0.00012233287944840576
2011-08-04,-0.0061142732046922665
2011-08-05,0.004912748738289396
2011-08-08,-0.014292799867682393
2011-08-09,0.007334973015049151
2011-08-10,-0.010837456016504765
2011-08-11,0.0025684751200243383
2011-08-12,0.011489862223377001
2011-08-15,0.0
2011-08-16,0.0
2011-08-17,-0.0011760563051087525
2011-08-18,0.009776405770873353
2011-08-19,0.005538529294824901
2011-08-22,-0.007797680984583666
2011-08-23,-0.001460621360820924
2011-08-24,0.002591739591459419
2011-08-25,-0.0008284541740659623
2011-08-26,0.0020851253313753926
2011-08-29,0.0002685216835489612
2011-08-30,-0.000801829956032285
2011-08-31,-0.001986805865301311
2011-09-01,-0.0007834292622547201
2011-09-02,0.004642299386349524
2011-09-06,0.007989635136392836
2011-09-07,-0.0005413204684246997
2011-09-08,0.003756512181926741
2011-09-09,0.005085823109953758
2011-09-12,0.00859262579452591
2011-09-13,0.00030944726003045986
2011-09-14,-0.0003900825602257685
2011-09-15,-0.00614544630678282
2011-09-16,-0.001485376720182785
2011-09-19,0.005142404925477795
2011-09-20,-0.002405562495985336
2011-09-21,-0.001989659225915985
2011-09-22,0.01216343661046082
2011-09-23,0.0036825661922605946
2011-09-26,-0.000865148906763924
2011-09-27,-0.009572924785968606
2011-09-28,-0.004358109078016703
2011-09-29,-0.012166355231078563
2011-09-30,0.0017278166627132663
2011-10-03,0.004124716966441788
2011-10-04,0.003697269108197343
2011-10-05,0.0005929867760485763
2011-10-06,0.0015858646269004684
2011-10-07,0.0015210185224765471
2011-10-10,-0.004506248965422732
2011-10-11,0.0003933289742261703
2011-10-12,-0.003337177123571622
2011-10-13,0.00034365479536857535
2011-10-14,-0.005290627761057154
2011-10-17,0.0005823877753781126
2011-10-18,0.0012980070933750198
2011-10-19,0.0036501018754115933
2011-10-20,-0.003854995620280355
2011-10-21,-0.00398642124594395
2011-10-24,-0.002116290545445043
2011-10-25,-0.0026885434062601243
2011-10-26,0.004142015475243177
2011-10-27,0.008736435871638859
2011-10-28,0.0
2011-10-31,0.0
2011-11-01,0.0
2011-11-02,0.013370037888218667
2011-11-03,0.005612114715901839
2011-11-04,-0.00616532493570221
2011-11-07,-0.003156517693176708
2011-11-08,0.005075871980017466
2011-11-09,-0.02481249666530172
2011-11-10,0.00872435464234056
2011-11-11,0.009028511543475837
2011-11-14,-0.002727811139554226
2011-11-15,0.0015892876370826592
2011-11-16,-0.003909571982058657
2011-11-17,-0.0016560390769991828
2011-11-18,0.0038852052094351386
2011-11-21,-0.014921593828668533
2011-11-22,0.0026858647163421345
2011-11-23,-0.008145455987718986
2011-11-25,-0.0017653996249863413
2011-11-28,0.031883196460173124
2011-11-29,-0.0007710509543054078
2011-11-30,0.027861197962268935
2011-12-01,-0.004072729137981734
2011-12-02,0.009125374431382616
2011-12-05,0.018075072462490738
2011-12-06,-0.004748425189921024
2011-12-07,-0.004861232377334823
2011-12-08,0.0006729038938750875
2011-12-09,0.007047783058770296
2011-12-12,-0.011962474435818993
2011-12-13,0.006926781325007125
2011-12-14,-0.009176767638093608
2011-12-15,0.012445167317109096
2011-12-16,0.009734119850895784
2011-12-19,0.005813547571789535
2011-12-20,0.019396864157652516
2011-12-21,0.0009471815554702445
2011-12-22,0.0036790992737163464
2011-12-23,0.004935998941016928
2011-12-27,-0.001932480346220733
2011-12-28,0.0035029074987580344
2011-12-29,0.0037507527351898773
2011-12-30,-0.0035432635167262916
2012-01-03,0.017289695192504784
2012-01-04,-0.002473626606167789
2012-01-05,-0.004774665019668389
2012-01-06,0.0029698809874088017
2012-01-09,0.0007517694968943722
2012-01-10,0.01534544127854054
2012-01-11,-0.00043160632414518396
2012-01-12,0.006396109545336648
2012-01-13,-0.007038418992412865
2012-01-17,0.015709155319220125
2012-01-18,0.0012514982221907278
2012-01-19,0.011215222130108948
2012-01-20,-0.05608058230118518
2012-01-23,0.003706788056493826
2012-01-24,-0.0024750100537414
2012-01-25,0.04791054512466375
2012-01-26,0.0
2012-01-27,0.0
2012-01-30,0.0
2012-01-31,0.012437378737499394
2012-02-01,0.010639805050595585
2012-02-02,0.001204287253533165
2012-02-03,0.007662859117680387
2012-02-06,-0.004623545477506319
2012-02-07,0.0009132039759012223
2012-02-08,0.0029229553302343447
2012-02-09,0.005556885919289156
2012-02-10,-0.006038254977199675
2012-02-13,0.011827947716497311
2012-02-14,0.001965340532402937
2012-02-15,0.00790574674478739
2012-02-16,-0.009873483625047919
2012-02-17,0.0014025660742247315
2012-02-21,0.0061003125239442735
2012-02-22,-0.002288883014318732
2012-02-23,0.0021157579889123923
2012-02-24,0.004940906660123812
2012-02-27,-0.0014178599517912227
2012-02-28,0.004314580547998048
2012-02-29,0.00906296466256129
2012-03-01,0.008459600371662601
2012-03-02,-0.00046423350643254313
2012-03-05,-0.0012917135650247769
2012-03-06,-0.015965195183026637
2012-03-07,0.00970026704189575
2012-03-08,0.007962573422621855
2012-03-09,0.0035468943975469625
2012-03-12,0.004106214940971631
2012-03-13,0.010065540792770555
2012-03-14,0.013389219981671863
2012-03-15,0.012452877435511045
2012-03-16,-0.001154670857374307
2012-03-19,0.014119237786194727
2012-03-20,-0.004140929262137827
2012-03-21,-0.0022303100191545244
2012-03-22,-0.007075706683048355
2012-03-23,0.00040255519494714065
2012-03-26,0.006446445609898932
2012-03-27,-0.00046977200203868197
2012-03-28,0.003167327498805772
2012-03-29,-0.007019862839425128
2012-03-30,0.0012688057739196346
2012-04-02,0.0023857317781608156
2012-04-03,0.008789507599863633
2012-04-04,-0.00944069350785004
2012-04-05,0.00237263232436824
2012-04-09,-0.013158684654148267
2012-04-10,0.004285361149904077
2012-04-11,0.012443393446647466
2012-04-12,0.0005875640279358052
2012-04-13,-0.00027384410418807015
2012-04-16,0.006845365816197102
2012-04-17,0.0003324365889361136
2012-04-18,0.003041346735967121
2012-04-19,-0.009856466686794296
2012-04-20,0.004234627607240471
2012-04-23,-0.007070977150380964
2012-04-24,-0.009695975177970051
2012-04-25,0.07153231765626455
2012-04-26,0.0
2012-04-27,0.0
2012-04-30,0.0
2012-05-01,0.0006788436135229947
2012-05-02,-0.00296568255629992
2012-05-03,0.006042537347981103
2012-05-04,-0.006881792010345333
2012-05-07,-0.005132427312687149
2012-05-08,-0.001793853251724209
2012-05-09,-0.010693374230640318
2012-05-10,0.008631424693621215
2012-05-11,-0.010057942534289488
2012-05-14,-0.009115440435311206
2012-05-15,0.0041216502182406245
2012-05-16,0.00316031443039555
2012-05-17,-0.0006471133159876574
2012-05-18,0.006356589039504534
2012-05-21,0.006440479215467754
2012-05-22,0.011317504284297453
2012-05-23,-0.0014554647377521546
2012-05-24,0.0089236650406046
2012-05-25,-0.0006093065031915756
2012-05-29,0.014869872239870796
2012-05-30,-0.007721113600160923
2012-05-31,0.0017887903501274671
2012-06-01,-0.018238407246991217
2012-06-04,0.00042567554803185637
2012-06-05,0.0007442607757652819
2012-06-06,0.0013205832877984935
2012-06-07,0.0022528648313535626
2012-06-08,-0.000572191539771727
2012-06-11,0.0019504451024576763
2012-06-12,0.000806256322726906
2012-06-13,-0.0001943424822375972
2012-06-14,-5.228561676895449e-05
2012-06-15,0.00027951200716036517
2012-06-18,-0.0008956161391401318
2012-06-19,0.0016100570441897055
2012-06-20,0.0005708091248060043
2012-06-21,-0.0006871626906055361
2012-06-22,0.0007723825577674592
2012-06-25,-0.0011569853789857865
2012-06-26,0.00051371001406042
2012-06-27,0.0004726372429806336
2012-06-28,-0.0016108607948788212
2012-06-29,0.0032742745187022138
2012-07-02,0.002592799465247486
2012-07-03,0.00013343414696076472
2012-07-05,-0.0013976858404518566
2012-07-06,-0.0018240582179179787
2012-07-09,-0.0006068126643564709
2012-07-10,-0.0007512214801560502
2012-07-11,0.0002618790911277369
2012-07-12,-0.0009321622012816722
2012-07-13,0.00016245069261255907
2012-07-16,-0.0006072445123530557
2012-07-17,0.0006172171886096312
2012-07-18,-0.0004886770967739151
2012-07-19,0.0018132823820935506
2012-07-20,0.0001076148984400227
2012-07-23,-0.0027449632263689683
2012-07-24,0.00018616860838815974
2012-07-25,0.0005583085581533087
2012-07-26,0.0028952707842333503
2012-07-27,0.0009914011881069218
2012-07-30,-0.0013295348951747332
2012-07-31,0.0004692351967070518
2012-08-01,0.0011488485163635431
2012-08-02,-0.0011104319621922931
2012-08-03,0.003751271700467518
2012-08-06,0.0007326117377415287
2012-08-07,0.0022208510117274205
2012-08-08,-0.0007613527895196093
2012-08-09,-0.0004279455702022039
2012-08-10,-0.0004573937577916354
2012-08-13,-0.00022508175052537993
2012-08-14,0.0012307590568190196
2012-08-15,6.629083118125934e-05
2012-08-16,0.00056217665322289
2012-08-17,-0.002027863581255618
2012-08-20,-0.00040166576041300583
2012-08-21,0.0005471250448250142
2012-08-22,-0.0005325869414689599
2012-08-23,-0.0005961029871329737
2012-08-24,-0.00022457949595522386
2012-08-27,0.00025609526377889935
2012-08-28,-0.0005077240331354815
2012-08-29,0.0003111265717872236
2012-08-30,-0.00030461550986693453
2012-08-31,0.0010380021425773212
2012-09-04,-0.00044060953030422567
2012-09-05,-0.0006643964380872447
2012-09-06,0.005497587592349529
2012-09-07,0.0020234475000939778
2012-09-10,-0.0010293372578729088
2012-09-11,0.0023674932763890766
2012-09-12,0.007510285484441992
2012-09-13,0.007123267704830294
2012-09-14,0.00848702811543034
2012-09-17,0.008383513242531171
2012-09-18,-0.001109807210955771
2012-09-19,-0.0007272457346255701
2012-09-20,-0.004202224097117124
2012-09-21,0.003825733914425866
2012-09-24,-0.01549045488149603
2012-09-25,-0.0008850130705230219
2012-09-26,-0.005390054595393656
2012-09-27,0.0004593445616623004
2012-09-28,-0.0033962772221010074
2012-10-01,0.006321685678414957
2012-10-02,0.000924233519713491
2012-10-03,0.0007302487305742567
2012-10-04,0.0006430500409433382
2012-10-05,0.000864452195780796
2012-10-08,-0.0009358857503833917
2012-10-09,-0.0005072789556566093
2012-10-10,-0.00038968339457456924
2012-10-11,0.0007748854988254283
2012-10-12,-0.001772899579713827
2012-10-15,0.0006515317614745886
2012-10-16,0.0009049149440552018
2012-10-17,-0.0010384871743346347
2012-10-18,-0.00019499733845929068
2012-10-19,-0.0017014672875996784
2012-10-22,0.0016179819825195008
2012-10-23,-0.001816290764780626
2012-10-24,0.001930016206962426
2012-10-25,0.0011677210405791616
2012-10-26,-0.00015177701268886956
2012-10-31,0.0013319670597626843
2012-11-01,0.001036196021829694
2012-11-02,0.0005026561013237174
2012-11-05,-0.0008320888466418763
2012-11-06,0.0005229126856107769
2012-11-07,-0.002355428143383076
2012-11-08,0.0004290887970437307
2012-11-09,0.00014721033231301917
2012-11-12,0.0004708260259735919
2012-11-13,-0.001129155223410172
2012-11-14,0.001270136043429515
2012-11-15,0.00023029735015600572
2012-11-16,0.001296963085961167
2012-11-19,0.0014290938774941253
2012-11-20,4.803978559997368e-05
2012-11-21,-0.0001536498652334739
2012-11-23,0.0016337223327584915
2012-11-26,0.0003588658166167047
2012-11-27,0.00018551033943081663
2012-11-28,-0.000871835428814971
2012-11-29,-8.7915218463408e-05
2012-11-30,0.0003683497968676175
2012-12-03,0.0011967909885099992
2012-12-04,0.0007206601723221961
2012-12-05,-9.377897258744383e-08
2012-12-06,1.9136042550993437e-05
2012-12-07,0.00031568660600211906
2012-12-10,-0.0004554607598680205
2012-12-11,0.0008066553833669943
2012-12-12,0.000898087013573079
2012-12-13,0.0005184943971188183
2012-12-14,0.00018881411860238728
2012-12-17,0.00036942922538951706
2012-12-18,0.0007121671902445836
2012-12-19,0.0008161621156865806
2012-12-20,0.00032379122212744527
2012-12-21,-0.003423655495940703
2012-12-24,-6.317093379093475e-05
2012-12-26,0.00020423774773914438
2012-12-27,-8.027786428388417e-05
2012-12-28,-0.0013797689338995722
2012-12-31,-2.2316268237454473e-05
2013-01-02,0.0038960996359533873
2013-01-03,0.0
2013-01-04,0.0
2013-01-07,0.0
2013-01-08,0.0002147566397756595
2013-01-09,0.0009609135275290281
2013-01-10,0.0014786717263375326
2013-01-11,-7.776458789798824e-06
2013-01-14,-0.00022073620942819616
2013-01-15,-0.0011476916511391488
2013-01-16,-7.422364197307019e-05
2013-01-17,0.0009054124037859435
2013-01-18,-0.0005891083679238074
2013-01-22,0.00010681515608101932
2013-01-23,0.0009078429776410157
2013-01-24,-0.000602919991092632
2013-01-25,0.0011343340358891396
2013-01-28,0.0012250862127627382
2013-01-29,-0.0006240517376705501
2013-01-30,0.00010434662469172018
2013-01-31,0.0006697516689926353
2013-02-01,0.0019118152956920653
2013-02-04,-0.013952373502414739
2013-02-05,0.0008001367944943105
2013-02-06,0.00043817343292262834
2013-02-07,0.002240397155363727
2013-02-08,0.004414825159626101
2013-02-11,-0.0024572220975603853
2013-02-12,-0.003828638821929631
2013-02-13,0.004706714459408845
2013-02-14,-6.179955410756666e-05
2013-02-15,0.0013276884075565931
2013-02-19,0.00285751951064106
2013-02-20,0.0027075239343166135
2013-02-21,-0.00605615206390675
2013-02-22,0.00048130285957648233
2013-02-25,0.005044358662385617
2013-02-26,0.0039016010230854548
2013-02-27,-0.0010304253616102432
2013-02-28,-0.00016206480586145044
2013-03-01,-0.0057446773249617555
2013-03-04,-0.002712922416647001
2013-03-05,0.01138123949041403
2013-03-06,0.007901200430912914
2013-03-07,-0.00028610090422220846
2013-03-08,0.0018960564918091283
2013-03-11,-0.0010732579469747705
2013-03-12,-0.004601992298232216
2013-03-13,0.0031613801380470097
2013-03-14,0.0037089027680354825
2013-03-15,-0.0015678932497581455
2013-03-18,-0.013529886306588579
2013-03-19,0.004535179959299862
2013-03-20,0.007847652288701212
2013-03-21,-0.004927204837527621
2013-03-22,0.007651879710391274
2013-03-25,0.003496578820370022
2013-03-26,0.005064694952735094
2013-03-27,-0.007862325115207125
2013-03-28,0.0012311533552415987
2013-04-01,0.005363624295940728
2013-04-02,0.0058309259963647
2013-04-03,0.0021652230989661625
2013-04-04,0.0013450025268313404
2013-04-05,-0.01531279261487506
2013-04-08,-0.0008132362386480407
2013-04-09,-0.0007404851391978884
2013-04-10,0.003752050643634597
2013-04-11,0.0021357453402843785
2013-04-12,0.002779011297865619
2013-04-15,-0.0029915045345940694
2013-04-16,0.007518017103755659
2013-04-17,-0.00851653229607885
2013-04-18,0.0018322134916681776
2013-04-19,0.0019914632407640465
2013-04-22,0.0049284114027356996
2013-04-23,0.04020508783454235
2013-04-24,0.0
2013-04-25,0.0
2013-04-26,0.0
2013-04-29,0.0059979196295461
2013-04-30,0.0007932316885346236
2013-05-01,0.0003955632145435928
2013-05-02,0.008536448365677796
2013-05-03,0.015353340204481203
2013-05-06,-0.00039920016907279976
2013-05-07,0.0006770258344999114
2013-05-08,-0.0006832719840332846
2013-05-09,0.0068876844761978084
2013-05-10,0.00296357157365712
2013-05-13,0.0015048573489255812
2013-05-14,0.01030668417209002
2013-05-15,0.0005386107083302782
2013-05-16,0.012454634358241456
2013-05-17,0.0056991334310108055
2013-05-20,-0.0006823858580254916
2013-05-21,0.0002643340326642374
2013-05-22,-0.005338916615797218
2013-05-23,-0.01627458140718263
2013-05-24,-0.004024598229936394
2013-05-28,0.01960342227040579
2013-05-29,0.0008144101854690167
2013-05-30,0.001669428014997143
2013-05-31,0.0036808279257067866
2013-06-03,0.0001518618649993808
2013-06-04,-0.0009959364438670848
2013-06-05,-0.008967440978823071
2013-06-06,0.0008382679344733912
2013-06-07,0.0074709358744462495
2013-06-10,-0.006485987341325217
2013-06-11,-0.014088969655554506
2013-06-12,0.01099273889392749
2013-06-13,0.0036817910837834145
2013-06-14,0.004890041493641251
2013-06-17,0.021875363617121835
2013-06-18,0.0018721477958294486
2013-06-19,-0.0018762902481768151
2013-06-20,-0.01264176817397078
2013-06-21,0.011940951220972273
2013-06-24,-0.01698212508135155
2013-06-25,0.011620624182421935
2013-06-26,0.013675483346362594
2013-06-27,0.009407951502516054
2013-06-28,-0.0008845745390931858
2013-07-01,0.013758935886677426
2013-07-02,0.0009397503858552536
2013-07-03,-0.002397114367927111
2013-07-05,0.009832752303888359
2013-07-08,0.008079517857163987
2013-07-09,0.008585562946363368
2013-07-10,-0.00279407158228806
2013-07-11,0.014456840280358874
2013-07-12,0.001549495568018644
2013-07-15,0.006226094065472809
2013-07-16,-1.1919296100115773e-06
2013-07-17,0.00036578311124313423
2013-07-18,0.003738159629192328
2013-07-19,-0.008848120533277659
2013-07-22,0.0036429143264893327
2013-07-23,-0.0010860925122568865
2013-07-24,0.0061680131862567045
2013-07-25,-0.0036245320395996705
2013-07-26,0.0015603157729080497
2013-07-29,-0.0002741242756394424
2013-07-30,0.003832624464263912
2013-07-31,0.0037413972386313166
2013-08-01,0.007999805912751956
2013-08-02,-0.0009375330698137008
2013-08-05,0.005366932699675475
2013-08-06,-0.0024594342881142373
2013-08-07,-0.002749055339937856
2013-08-08,0.035739035536510144
2013-08-09,-0.00424946431436235
2013-08-12,-0.012195178345348778
2013-08-13,0.007248350278820315
2013-08-14,-0.008346514252141946
2013-08-15,-0.014832236634321871
2013-08-16,0.0077209328730161175
2013-08-19,0.005768958810706826
2013-08-20,0.013833286858074167
2013-08-21,-0.0011795242246757098
2013-08-22,0.005287197391288023
2013-08-23,0.006669523088601359
2013-08-26,0.00832764580105061
2013-08-27,-0.014644345300538153
2013-08-28,0.006857004465121497
2013-08-29,-0.0013669658792835326
2013-08-30,0.006509208333449035
2013-09-03,0.01688687966656044
2013-09-04,0.00731876281793542
2013-09-05,0.0015232475532700462
2013-09-06,0.003236780623377067
2013-09-09,-0.0012388263173124248
2013-09-10,0.0072076539365086845
2013-09-11,-0.0011156238912695127
2013-09-12,0.002584718638495298
2013-09-13,-0.0006620700566103421
2013-09-16,0.013740230970094247
2013-09-17,-0.0022686922842397594
2013-09-18,0.00017361350754185878
2013-09-19,0.010998557824632327
2013-09-20,0.004909471276560051
2013-09-23,0.0015367496900813293
2013-09-24,0.009271477789677851
2013-09-25,0.009971296088214565
2013-09-26,0.009878491893173136
2013-09-27,-0.004444973574610822
2013-09-30,-0.017134955739382396
2013-10-01,0.0006903840907654946
2013-10-02,-0.009001167334808713
2013-10-03,-0.0023486702342496724
2013-10-04,0.01077662569382909
2013-10-07,-0.002495304492998729
2013-10-08,0.003601546438148917
2013-10-09,0.0023749943311017763
2013-10-10,0.023566968266765853
2013-10-11,-0.0019244852535633683
2013-10-14,-0.012325912670818173
2013-10-15,0.012405505158734842
2013-10-16,0.009346109973588312
2013-10-17,-0.0006180599889981098
2013-10-18,0.021086624807705734
2013-10-21,0.008948620081814296
2013-10-22,0.01640273965184491
2013-10-23,-0.016576352124511584
2013-10-24,0.005833848252727147
2013-10-25,0.009113873842626408
2013-10-28,-0.005155316047069536
2013-10-29,0.008812382515404948
2013-10-30,0.007436178783386982
2013-10-31,-0.02140757737547183
2013-11-01,0.01454691758936466
2013-11-04,0.001262039425384609
2013-11-05,-0.0004421416625421948
2013-11-06,-0.02580490761295584
2013-11-07,-0.004885486359739399
2013-11-08,0.0008501882413687323
2013-11-11,-0.0021589358937988967
2013-11-12,-0.0033223583847770133
2013-11-13,-0.0007876982690270262
2013-11-14,0.0017330561200976646
2013-11-15,0.0034864707171049503
2013-11-18,-0.00442130472706137
2013-11-19,0.0002091422727805714
2013-11-20,0.00922622191579947
2013-11-21,0.01189865983327465
2013-11-22,0.003164673250272809
2013-11-25,0.008963734612889018
2013-11-26,-0.0029171302672309496
2013-11-27,0.004257904934524381
2013-11-29,0.009565180256371653
2013-12-02,-0.0024830144862544312
2013-12-03,0.010491187987893946
2013-12-04,-0.005763174594797027
2013-12-05,-0.00046353626728401487
2013-12-06,0.012795181463394423
2013-12-09,0.004709536899762945
2013-12-10,-0.004714502252632147
2013-12-11,-0.0010094632014805427
2013-12-12,0.010452546125434559
2013-12-13,0.006056023489215079
2013-12-16,0.002314297999807202
2013-12-17,0.0067093297214742
2013-12-18,-1.749360661540411e-05
2013-12-19,-0.011297971334862655
2013-12-20,0.002409451639434179
2013-12-23,0.0039772637075266015
2013-12-24,0.012218396364185091
2013-12-26,0.00378505711898236
2013-12-27,-0.0006447723609180889
2013-12-30,-0.003292960583557103
2013-12-31,0.0036831319490859826
2014-01-02,-0.0008133113250970991
2014-01-03,0.0008702250611103413
2014-01-06,-0.0003817513200751188
2014-01-07,0.004042251818855425
2014-01-08,0.007075071778231967
2014-01-09,0.00458352685820973
2014-01-10,0.0024277067273517083
2014-01-13,-0.0004611272480481432
2014-01-14,0.005493669793869893
2014-01-15,0.007795660093209644
2014-01-16,-0.0036511178951389445
2014-01-17,-0.00031305240360113284
2014-01-21,0.0068130920185529575
2014-01-22,0.004631169231285259
2014-01-23,0.001462411904673555
2014-01-24,-0.011991369266880492
2014-01-27,0.00418205007613337
2014-01-28,-0.035973939080294226
2014-01-29,-0.010609681152638495
2014-01-30,0.0627394195372637
2014-01-31,0.0
2014-02-03,0.0
2014-02-04,0.0
2014-02-05,-0.0023783475719461045
2014-02-06,-0.00034003230738788304
2014-02-07,0.009252115138007166
2014-02-10,0.0026258096222502303
2014-02-11,0.0026195488482252394
2014-02-12,0.0016024866759027923
2014-02-13,-0.007902115979835034
2014-02-14,0.00038577549438612024
2014-02-18,0.0067254056175016785
2014-02-19,-0.0038088290251834245
2014-02-20,0.01670145234918241
2014-02-21,0.008498383516834407
2014-02-24,0.0022790114376158854
2014-02-25,0.013776306808993555
2014-02-26,0.012281542835010928
2014-02-27,0.007645713010130395
2014-02-28,0.0009694644718740708
2014-03-03,-0.021585478750790865
2014-03-04,0.021291166907500436
2014-03-05,0.006876795438470751
2014-03-06,0.00499545649573041
2014-03-07,0.0033480529253457902
2014-03-10,0.0007100862646745032
2014-03-11,0.0013933422012146757
2014-03-12,-0.006540506558590953
2014-03-13,0.006625016372287185
2014-03-14,-0.005579986874633347
2014-03-17,0.009225085691437762
2014-03-18,0.0046145790417218
2014-03-19,0.001987906090512581
2014-03-20,-0.0016483222744279047
2014-03-21,0.008093825616814598
2014-03-24,0.002222288988985799
2014-03-25,0.010948729808458735
2014-03-26,0.004005065515712003
2014-03-27,-0.0006760106599533744
2014-03-28,0.004760942675523072
2014-03-31,0.012981620169074226
2014-04-01,0.0068520020660576275
2014-04-02,0.0160564793428859
2014-04-03,0.0020010624770496754
2014-04-04,0.010103503722721952
2014-04-07,-0.00754182989851182
2014-04-08,0.009598847905652796
2014-04-09,0.016306212453359947
2014-04-10,0.004577798746949524
2014-04-11,-0.018857118579966525
2014-04-14,0.017964113615376975
2014-04-15,0.006972298661872101
2014-04-16,0.012694439097374666
2014-04-17,-0.006203387481995781
2014-04-21,0.008344784630451185
2014-04-22,0.0103211694475005
2014-04-23,0.002962792974691597
2014-04-24,0.020764499938676906
2014-04-25,-0.010273779999097399
2014-04-28,0.00670877943565884
2014-04-29,0.001935878000769664
2014-04-30,-0.005866752791056751
2014-05-01,0.0055284995059963205
2014-05-02,0.0033608834553238154
2014-05-05,-0.010159526501373084
2014-05-06,-0.0020259231988417614
2014-05-07,0.003950859735797341
2014-05-08,-0.014241902383544836
2014-05-09,0.0008551200537136872
2014-05-12,0.009604295212891856
2014-05-13,-0.000533385606222514
2014-05-14,-0.0036482744621535446
2014-05-15,-0.001030062020244471
2014-05-16,0.0034205378654244
2014-05-19,-0.006152550964197423
2014-05-20,0.0029978287316092533
2014-05-21,0.004224474127226596
2014-05-22,0.002066401932123707
2014-05-23,0.00025605236103620754
2014-05-27,0.004976083421722288
2014-05-28,-0.001131858762598359
2014-05-29,0.0051756407939989035
2014-05-30,0.0020696031863267628
2014-06-02,0.0003008881204669134
2014-06-03,-0.005100065115126173
2014-06-04,-0.004139367853657205
2014-06-05,0.0033513535091296287
2014-06-06,0.0052933558509762335
2014-06-09,-0.0007124866388327211
2014-06-10,0.001777497528620442
2014-06-11,-0.0034324501636148197
2014-06-12,-7.977227799282893e-05
2014-06-13,0.0038138507817306877
2014-06-16,-0.0023126199476367626
2014-06-17,0.0008230355283929125
2014-06-18,0.0018550474736613864
2014-06-19,0.0016407806756468801
2014-06-20,0.002305955982894403
2014-06-23,-0.0012355138247496233
2014-06-24,8.024692944141876e-05
2014-06-25,-0.0011457627037738671
2014-06-26,0.002754815683372769
2014-06-27,-0.0008275299087266985
2014-06-30,0.0016280447337542192
2014-07-01,0.0088282446814536
2014-07-02,0.0004348997386474096
2014-07-03,0.004847736445837469
2014-07-07,-0.001628930566031972
2014-07-08,-0.004830197952836346
2014-07-09,0.0038651756235410506
2014-07-10,-0.019783821529588685
2014-07-11,0.0030943429861653993
2014-07-14,0.008283812571360905
2014-07-15,0.0009990868664619956
2014-07-16,0.009779304766977637
2014-07-17,-0.004880674735289636
2014-07-18,0.004681669290283352
2014-07-21,-0.0004686508723360516
2014-07-22,0.002936264428753832
2014-07-23,0.005435301999117792
2014-07-24,0.01814654869629595
2014-07-25,-0.002510633165338616
2014-07-28,-9.239474432265471e-05
2014-07-29,0.0008167639532226101
2014-07-30,0.004489497825052036
2014-07-31,-0.011209398607613275
2014-08-01,-0.0008979519619753962
2014-08-04,0.002513858376132827
2014-08-05,-0.004177339606848962
2014-08-06,-0.005394414724652852
2014-08-07,0.005468893533697283
2014-08-08,1.436567301826841e-05
2014-08-11,0.008183338313371369
2014-08-12,-0.002725251884531321
2014-08-13,0.0036484320377903057
2014-08-14,0.001288625805653254
2014-08-15,0.005833699984483243
2014-08-18,0.005107109098905438
2014-08-19,0.0025584026893332723
2014-08-20,-0.0031256984328349446
2014-08-21,0.0007199841728673384
2014-08-22,-0.00034503433118582283
2014-08-25,0.006116786346989311
2014-08-26,0.0014030918851153373
2014-08-27,0.0002441515517370707
2014-08-28,-0.005283339116161634
2014-08-29,0.007651293481795385
2014-09-02,0.005646113132733888
2014-09-03,0.002773628328260891
2014-09-04,0.0016261211462560432
2014-09-05,0.000608762749106706
2014-09-08,0.0007074685132215652
2014-09-09,0.0013904894845080396
2014-09-10,0.0007325537183764386
2014-09-11,-0.004810376350916856
2014-09-12,-0.0017346276125222992
2014-09-15,0.0024805701163321814
2014-09-16,-0.011182219511501112
2014-09-17,0.0011402774932667281
2014-09-18,0.00435529367714893
2014-09-19,0.005888340627607569
2014-09-22,0.0008260207644223971
2014-09-23,-0.005089035569283862
2014-09-24,-0.0005062481686456399
2014-09-25,-0.005504909111378353
2014-09-26,0.009257451309854892
2014-09-29,-0.01487517336057198
2014-09-30,0.004455776203361017
2014-10-01,-0.0013314623351006194
2014-10-02,0.00019446087667951417
2014-10-03,0.002757909375248113
2014-10-06,0.0008931303112906797
2014-10-07,-0.004195515056969024
2014-10-08,0.00014383584442878572
2014-10-09,0.0007312340878486978
2014-10-10,-0.00827752396520709
2014-10-13,0.005362202322841014
2014-10-14,0.01110774329374542
2014-10-15,-0.017680270898288164
2014-10-16,-0.03792211568860371
2014-10-17,0.016997799171236005
2014-10-20,0.0018168355911387657
2014-10-21,0.02097523752708752
2014-10-22,0.003537204882908318
2014-10-23,0.012456919587757964
2014-10-24,0.0029059241959976667
2014-10-27,-0.0006986104245354507
2014-10-28,0.002360052304394955
2014-10-29,-0.018912839957017757
2014-10-30,-0.006191294328378394
2014-10-31,0.014770933295937594
2014-11-03,0.003164352283206995
2014-11-04,-0.0036011244711785517
2014-11-05,0.004629285341712697
2014-11-06,0.0017880330921815624
2014-11-07,0.0033238082817794723
2014-11-10,0.00268571737651091
2014-11-11,0.0005557279167194284
2014-11-12,-0.0035712040904757325
2014-11-13,0.0035970404482665863
2014-11-14,-0.0002894063323890528
2014-11-17,-0.0030696297995267408
2014-11-18,0.001850628293545098
2014-11-19,-0.00491503042299668
2014-11-20,-0.00293915253389343
2014-11-21,0.015001320705363419
2014-11-24,0.003459765200622744
2014-11-25,0.0036873148448035575
2014-11-26,0.0008630022043523145
2014-11-28,0.0019038607275985164
2014-12-01,-0.004142673882109982
2014-12-02,-0.001885022914302037
2014-12-03,0.0020950225863711758
2014-12-04,-0.0005530536445655931
2014-12-05,0.0041409060720678514
2014-12-08,-0.004752368612705893
2014-12-09,-0.01764056979020301
2014-12-10,-0.0011942771512309935
2014-12-11,0.005601983040494751
2014-12-12,-0.011175021007274966
2014-12-15,0.008977308371378445
2014-12-16,-0.011492469310890208
2014-12-17,0.0012862954926886605
2014-12-18,0.021077491026088024
2014-12-19,0.0006942124118818338
2014-12-22,-0.00600875810951762
2014-12-23,0.004313917123509592
2014-12-24,-0.000454391532826226
2014-12-26,0.002889184481074114
2014-12-29,0.00033821837896397255
2014-12-30,-0.0030691644516935845
2014-12-31,0.003043807191012826
2015-01-02,0.00739384749822114
2015-01-05,-0.0051900894231387
2015-01-06,0.004429054329789572
2015-01-07,0.007930925178974757
2015-01-08,0.012055230441792686
2015-01-09,0.004317222947069599
2015-01-12,0.0035348992365638043
2015-01-13,0.012595138625197233
2015-01-14,-0.010569080401580888
2015-01-15,0.0033324097885898407
2015-01-16,-0.00015117195838487696
2015-01-20,0.009158881068787483
2015-01-21,-0.0024284125417927127
2015-01-22,0.005017708450130831
2015-01-23,-0.0013341293652424646
2015-01-26,0.0004294256569594701
2015-01-27,-0.01172763222494011
2015-01-28,0.033775514938726436
2015-01-29,0.0
2015-01-30,0.0
2015-02-02,0.0
2015-02-03,-0.0006088718420703687
2015-02-04,-0.010810974496136216
2015-02-05,0.005971273781709918
2015-02-06,0.0009819808607052227
2015-02-09,-0.005160030017599904
2015-02-10,0.004826536578347529
2015-02-11,0.0023500052258478288
2015-02-12,0.007471573738050852
2015-02-13,0.004898916171661272
2015-02-17,-0.0006899832293796315
2015-02-18,-0.0018588589745747175
2015-02-19,-0.0006982756233048226
2015-02-20,0.00027432168477337093
2015-02-23,0.002537833528684974
2015-02-24,-7.372546374895261e-05
2015-02-25,-0.00287082897453117
2015-02-26,0.0007848982699836249
2015-02-27,-0.0005104053506460593
2015-03-02,0.006392320700240761
2015-03-03,-0.0020105925566019645
2015-03-04,-0.0027550601805551578
2015-03-05,0.00250560866750571
2015-03-06,0.0041935553394893965
2015-03-09,0.004942172979627513
2015-03-10,-0.007870728854105224
2015-03-11,0.0020248960830588913
2015-03-12,-0.0003896320956059407
2015-03-13,-0.0013329734702465235
2015-03-16,0.004817217701710286
2015-03-17,-4.9263735676374765e-05
2015-03-18,-0.0014695917030144168
2015-03-19,0.001743582099807739
2015-03-20,0.010474167235220433
2015-03-23,0.001661291161441758
2015-03-24,-0.00020943561773145714
2015-03-25,-0.0011710570443336232
2015-03-26,-0.008628197833742135
2015-03-27,0.0020547201749894217
2015-03-30,0.006682712534301638
2015-03-31,-0.0026838955658418095
2015-04-01,0.00013114100178546195
2015-04-02,0.0011518235069660765
2015-04-06,-0.0008118617697627784
2015-04-07,-2.2310734877462046e-05
2015-04-08,-0.0005189185171629029
2015-04-09,-0.0002448488259538806
2015-04-10,-8.251023952488001e-05
2015-04-13,4.165244908516108e-05
2015-04-14,-0.0002947021845781661
2015-04-15,0.0006615770245139707
2015-04-16,-0.0006809786741747148
2015-04-17,-0.0012332176726137511
2015-04-20,0.0003219851939200158
2015-04-21,0.0006831395619992797
2015-04-22,0.0012548022972862505
2015-04-23,-0.0014104757006953017
2015-04-24,0.00041157011031356383
2015-04-27,0.00026054389058960403
2015-04-28,2.6634343069487088e-05
2015-04-29,-0.0008327325896968496
2015-04-30,-0.00018701732325254738
2015-05-01,0.0005058710257981325
2015-05-04,0.004811059666720352
2015-05-05,8.393566458320123e-06
2015-05-06,0.005143152209365454
2015-05-07,0.0026564183268693586
2015-05-08,0.009669813983750553
2015-05-11,0.00034958172072219185
2015-05-12,-0.005471956436514991
2015-05-13,0.00120615965901405
2015-05-14,0.008356922088393226
2015-05-15,0.0040053596695865945
2015-05-18,-0.0026322822936170054
2015-05-19,0.0026643721902688267
2015-05-20,-0.00036055208508245506
2015-05-21,0.0004948243867668456
2015-05-22,4.398805572658482e-05
2015-05-26,-0.0006593719033530787
2015-05-27,0.003963758374196047
2015-05-28,-0.0013051437893698559
2015-05-29,-0.0021560026669368293
2015-06-01,0.0017861916323351767
2015-06-02,-0.00020879647574223448
2015-06-03,0.0008566002772838477
2015-06-04,-0.00046646506147396405
2015-06-05,-0.00013966208834015337
2015-06-08,-0.00030555854136848914
2015-06-09,0.00014608840041208104
2015-06-10,0.00030064015534780886
2015-06-11,-6.745117131268241e-05
2015-06-12,-0.000606245239255232
2015-06-15,-0.0018327094394685606
2015-06-16,-0.00037653383096558635
2015-06-17,2.3276346975187323e-05
2015-06-18,0.00043141780931410523
2015-06-19,0.0005204344894897961
2015-06-22,8.029340896942294e-05
2015-06-23,0.0002430626555596227
2015-06-24,3.9974546409249356e-05
2015-06-25,0.00019380419151437955
2015-06-26,-0.005815156058760262
2015-06-29,-0.001342567971110431
2015-06-30,0.0009320489246738006
2015-07-01,0.0012275847994769329
2015-07-02,0.0001092826210238318
2015-07-06,-0.0011472620996600957
2015-07-07,-0.0011490281440463823
2015-07-08,-0.0012332916916633074
2015-07-09,0.0014179187428124962
2015-07-10,0.0011658052908161132
2015-07-13,0.001147296486242455
2015-07-14,0.005079885374864146
2015-07-15,0.0
2015-07-16,0.0
2015-07-17,0.0
2015-07-20,0.0002026905278822433
2015-07-21,-3.548229713001838e-05
2015-07-22,-0.0025032898631285327
2015-07-23,0.0013032125323386712
2015-07-24,4.552751954234324e-05
2015-07-27,-0.0009688747701666056
2015-07-28,0.0009665965967944334
2015-07-29,0.0005189929399864734
2015-07-30,-0.0009172758598097186
2015-07-31,0.0005829161072710143
2015-08-03,0.0005448358403654652
2015-08-04,0.00030800694369914616
2015-08-05,0.0007586007656010807
2015-08-06,-8.335537068382415e-05
2015-08-07,-0.0003648287398216876
2015-08-10,0.00033182156123312545
2015-08-11,-0.0009331422099293496
2015-08-12,-0.0015260018281726406
2015-08-13,1.1392562750955904e-06
2015-08-14,-6.984587153957555e-05
2015-08-17,-0.0012933909405563604
2015-08-18,-0.000389882192430413
2015-08-19,-0.00048084566710870913
2015-08-20,-0.0017687749102335282
2015-08-21,-0.0010896554745181142
2015-08-24,-0.004510802967956029
2015-08-25,0.0036309112847092706
2015-08-26,0.0
2015-08-27,0.0
2015-08-28,0.0
2015-08-31,-0.0004949061644666797
2015-09-01,-0.0030157741377453418
2015-09-02,0.0019168211707771832
2015-09-03,0.001036436218707415
2015-09-04,-0.0017754198743715754
2015-09-08,0.0030987712294430203
2015-09-09,-0.010580002432267643
2015-09-10,0.0008316348340844382
2015-09-11,0.0036817404907516504
2015-09-14,-0.003010661353422428
2015-09-15,-0.002117132463896554
2015-09-16,2.2765926130707825e-05
2015-09-17,0.0006250103723464129
2015-09-18,0.012169264754921194
2015-09-21,-0.0038629059986210468
2015-09-22,0.012182949576493352
2015-09-23,-0.001956761779521532
2015-09-24,0.007497104117318187
2015-09-25,-0.008730079202917018
2015-09-28,0.003039691174434811
2015-09-29,-0.001970510821010074
2015-09-30,-0.010997844163629589
2015-10-01,-0.002960298657541882
2015-10-02,0.01229599724497965
2015-10-05,-0.004832756988139786
2015-10-06,0.00226035089782628
2015-10-07,-0.004217389405976157
2015-10-08,0.0032342924874728674
2015-10-09,-0.0012354092665398664
2015-10-12,-0.0006347577551113481
2015-10-13,0.0038059776482481933
2015-10-14,0.0005588247706491689
2015-10-15,-0.003161339663103946
2015-10-16,-0.0019375422915353102
2015-10-19,0.0015524577168752884
2015-10-20,0.0010708542867805537
2015-10-21,-0.005300167078509999
2015-10-22,-0.007164059865110706
2015-10-23,-0.022865975064176425
2015-10-26,0.00024031951526515272
2015-10-27,0.00093489811408487
2015-10-28,0.0010807544897712962
2015-10-29,-0.0021224177933454325
2015-10-30,0.0007712897407450292
2015-11-02,0.001106228059157388
2015-11-03,-0.0016600395090814457
2015-11-04,0.003064827189278363
2015-11-05,0.010894988459141164
2015-11-06,-0.001351517714958228
2015-11-09,-0.0066448848061344545
2015-11-10,-0.004472792493982247
2015-11-11,0.004276841677511856
2015-11-12,-0.004074348164662678
2015-11-13,-0.0038107350467123657
2015-11-16,-0.0036454126711086277
2015-11-17,0.003009597610562187
2015-11-18,0.005034574864817509
2015-11-19,0.0032897629171886322
2015-11-20,0.008339810884362198
2015-11-23,0.0010271688181640037
2015-11-24,-0.008724308028842165
2015-11-25,0.0036751890463100345
2015-11-27,0.002083612945392277
2015-11-30,0.0023100104830666712
2015-12-01,0.006370550537467157
2015-12-02,0.0014868585080149987
2015-12-03,0.004605709009674941
2015-12-04,0.001458335688293566
2015-12-07,0.0017422893765524083
2015-12-08,-0.014171336679949187
2015-12-09,-0.002180177971367381
2015-12-10,0.003775486704189923
2015-12-11,-0.013542322759251935
2015-12-14,0.003326225972976271
2015-12-15,0.009040741841311872
2015-12-16,0.00812496393689699
2015-12-17,0.006323035242800756
2015-12-18,-0.004398609756331884
2015-12-21,0.00828499699606855
2015-12-22,0.004488572099788479
2015-12-23,0.005107537082598146
2015-12-24,0.0003199393628907643
2015-12-28,-0.0002569241250166554
2015-12-29,0.005679205640168661
2015-12-30,-0.001446064527344748
2015-12-31,-0.0037665659266962193
2016-01-04,-0.025566422904247488
2016-01-05,0.006204008933663241
2016-01-06,-0.017003521901820307
2016-01-07,-0.019837986447625244
2016-01-08,0.011620992184555146
2016-01-11,0.004953528562806397
2016-01-12,0.0106954653548057
2016-01-13,0.005114789624743876
2016-01-14,0.0015424118489562044
2016-01-15,-0.03738688170460314
2016-01-19,0.014763542363793514
2016-01-20,-0.015348522100375295
2016-01-21,0.0047088331727482835
2016-01-22,0.0033031670230572185
2016-01-25,0.0028368604424588995
2016-01-26,0.0021217112209672706
2016-01-27,0.004689143255173001
2016-01-28,0.03531040955784159
2016-01-29,-0.0007550952552347612
2016-02-01,0.004436111197502868
2016-02-02,0.0035183381224423993
2016-02-03,-0.003685618914415434
2016-02-04,0.002465747725652445
2016-02-05,0.0029530718896406682
2016-02-08,0.015046739380530694
2016-02-09,0.010510031303954115
2016-02-10,-0.009723547814633693
2016-02-11,0.009755922208688927
2016-02-12,-0.008262260674333333
2016-02-16,-0.011908087262449296
2016-02-17,-0.006768206278540689
2016-02-18,-0.0005652574990984149
2016-02-19,0.003567725879958017
2016-02-22,-0.007370567360339919
2016-02-23,0.00502199734546438
2016-02-24,0.009480707440180813
2016-02-25,-0.0010094658780648302
2016-02-26,-0.0053290724820140856
2016-02-29,0.0011447466248264426
2016-03-01,-0.007748270220235276
2016-03-02,0.0009314739805830197
2016-03-03,0.0012377124286424568
2016-03-04,0.0008987749319164795
2016-03-07,0.0033320464725259402
2016-03-08,0.005898643118824598
2016-03-09,-0.002529023318265433
2016-03-10,-0.00398987877887913
2016-03-11,-0.008410818719589042
2016-03-14,0.001964985357328919
2016-03-15,0.0032704729727262016
2016-03-16,0.0018912750260318134
2016-03-17,0.0029838373296680043
2016-03-18,-0.0017384613654131131
2016-03-21,0.0020980117415028143
2016-03-22,0.004100266592209412
2016-03-23,0.0011603978609162624
2016-03-24,0.004660566257602028
2016-03-28,-0.0020556606449473325
2016-03-29,0.0013274582316162853
2016-03-30,-0.004918044888345352
2016-03-31,0.0004984057974564138
2016-04-01,0.004137243618748343
2016-04-04,-0.0014065356040589005
2016-04-05,0.00016041509192432635
2016-04-06,-0.00035298950378193084
2016-04-07,0.0015095580422737065
2016-04-08,0.0012709877262526703
2016-04-11,-0.0004967382043563617
2016-04-12,0.0015796204212050746
2016-04-13,0.0084089354778063
2016-04-14,-0.0003966601022216132
2016-04-15,-8.704250896163224e-05
2016-04-18,-0.0021820573654623976
2016-04-19,0.0029545312956857916
2016-04-20,0.0014608746482425161
2016-04-21,0.0004769692979680329
2016-04-22,-0.017148305312241652
2016-04-25,-0.0038160724604116014
2016-04-26,0.0027384325747998872
2016-04-27,-0.00426461375137166
2016-04-28,0.020358179517534714
2016-04-29,0.009680376498667709
2016-05-02,0.003452794789295721
2016-05-03,-0.008888782329736666
2016-05-04,-0.007434648138243016
2016-05-05,0.004350286125754277
2016-05-06,-0.0043496540294248875
2016-05-09,0.001027564059296493
2016-05-10,0.006248038778587928
2016-05-11,-0.0010388441423231365
2016-05-12,0.004660923165761721
2016-05-13,-0.00014849025084484602
2016-05-16,-0.0020551581629074667
2016-05-17,-0.0005280191087977393
2016-05-18,0.0029869562864772714
2016-05-19,-0.003890777334621287
2016-05-20,0.004016125695905259
2016-05-23,0.0004077357462082265
2016-05-24,0.003130451151055702
2016-05-25,0.002476361883177125
2016-05-26,0.0004707299431534473
2016-05-27,5.065901745293644e-05
2016-05-31,0.00045908449700760023
2016-06-01,-0.001897306159067691
2016-06-02,-0.0009929204771236266
2016-06-03,0.00024513952793947524
2016-06-06,0.0008865126294186343
2016-06-07,0.003123154278016571
2016-06-08,0.0017455504263792498
2016-06-09,-0.005095673764140551
2016-06-10,-0.009954876116561873
2016-06-13,-0.004833550731570768
2016-06-14,-0.00012365314081197454
2016-06-15,0.002328843948897985
2016-06-16,-0.004198123468614479
2016-06-17,-8.594978997267244e-05
2016-06-20,0.011326545320148762
2016-06-21,0.003482145165191186
2016-06-22,-0.003930762305672131
2016-06-23,0.006336363516897814
2016-06-24,-0.03874876821230899
2016-06-27,-0.008829457270443153
2016-06-28,0.013317501277827493
2016-06-29,0.009163477760556482
2016-06-30,0.0034482891560847495
2016-07-01,-0.002798411954320179
2016-07-05,-0.006517812680254198
2016-07-06,-0.00511738031154052
2016-07-07,0.0007818639588390575
2016-07-08,0.006419893809747501
2016-07-11,0.005659206239929437
2016-07-12,0.004672470766174053
2016-07-13,0.0024071470620763424
2016-07-14,0.005821353140218033
2016-07-15,0.0036542955413394473
2016-07-18,0.0021089077845182214
2016-07-19,-0.0032852403587243506
2016-07-20,0.005141567539922454
2016-07-21,-0.0001868856075923908
2016-07-22,0.0020107148993964152
2016-07-25,0.0025713170828547405
2016-07-26,0.0034522668357992448
2016-07-27,0.004254926369936296
2016-07-28,0.0051848629999977636
2016-07-29,0.002313989401655725
2016-08-01,0.001027235489140299
2016-08-02,-0.0014671650882254195
2016-08-03,-0.0021141525098796743
2016-08-04,0.0008427117996312461
2016-08-05,0.007649278735726739
2016-08-08,0.0004849840421796703
2016-08-09,0.00220795187479772
2016-08-10,0.0001782962215421957
2016-08-11,0.002474353031981069
2016-08-12,-0.0006275058064854067
2016-08-15,0.0015901231005013283
2016-08-16,-0.0012966009994027639
2016-08-17,0.0003488767266719428
2016-08-18,0.00038127250302677496
2016-08-19,-0.0001926640199660934
2016-08-22,-0.0007085602972785043
2016-08-23,0.004088332887938417
2016-08-24,0.00033984203480796893
2016-08-25,-0.0007351565403139748
2016-08-26,0.0016362937452021331
2016-08-29,0.0007309155793782107
2016-08-30,0.0007913726970396606
2016-08-31,-0.0011641032833905607
2016-09-01,0.0009887210953372083
2016-09-02,0.0038423067612556316
2016-09-06,0.0016585640157351644
2016-09-07,-0.00019558426003996043
2016-09-08,-0.002031007943346319
2016-09-09,-0.0055928872422663645
2016-09-12,-0.005118952083763895
2016-09-13,-0.004663882151922039
2016-09-14,-0.0007389490783819008
2016-09-15,0.0006779887756060976
2016-09-16,0.0027566139307375614
2016-09-19,0.0043473914408080905
2016-09-20,0.004115892957765377
2016-09-21,0.005168273513933119
2016-09-22,0.005060891623227981
2016-09-23,-0.004268379487221807
2016-09-26,-0.005071482656927362
2016-09-27,0.0012663969222406202
2016-09-28,0.0025926001259979348
2016-09-29,-0.0005918516945975227
2016-09-30,0.003417317629702099
2016-10-03,0.0003334899982321282
2016-10-04,0.0025859234573513135
2016-10-05,0.002768952925890078
2016-10-06,-0.0013259184782101752
2016-10-07,0.00209255569874478
2016-10-10,0.004266552456126282
2016-10-11,-0.001827318901669428
2016-10-12,0.00018692468874714763
2016-10-13,-0.00667454235879783
2016-10-14,0.0064110689327518955
2016-10-17,0.0003536082656094841
2016-10-18,0.009284256307263039
2016-10-19,-0.001756819059136716
2016-10-20,-0.0030821155940243816
2016-10-21,-0.0034598952921497395
2016-10-24,0.005195112247706968
2016-10-25,0.0002453854738240224
2016-10-26,-0.001822256343784301
2016-10-27,0.007853274648071062
2016-10-28,-0.005557052952634867
2016-10-31,0.004459186417342442
2016-11-01,0.0036767984636363327
2016-11-02,-0.0004513265383825349
2016-11-03,0.002441433084243494
2016-11-04,-0.009117921914764793
2016-11-07,0.01819034630861105
2016-11-08,-0.0005404243255278107
2016-11-09,-0.020097155862773386
2016-11-10,0.004430874268770424
2016-11-11,0.0017442769718807316
2016-11-14,0.0021033192014978663
2016-11-15,0.009362956908829823
2016-11-16,-0.0017780401076971097
2016-11-17,0.003338252616631454
2016-11-18,0.0017939562527038433
2016-11-21,0.005078681346808889
2016-11-22,0.005874713456867076
2016-11-23,-0.0027823809737828054
2016-11-25,0.0023183800610031557
2016-11-28,-0.0024947639039107905
2016-11-29,-0.0005832018482222479
2016-11-30,0.001329022244846323
2016-12-01,-0.00019610370928002663
2016-12-02,-0.003403721786405134
2016-12-05,0.006879636216633678
2016-12-06,0.0037749643440763148
2016-12-07,0.00016578091048535804
2016-12-08,0.002175468647458212
2016-12-09,0.0045062867211942415
2016-12-12,-0.004032795347856499
2016-12-13,0.00551720486330054
2016-12-14,0.0005243718243357343
2016-12-15,0.0011921293578407433
2016-12-16,0.005612812819542734
2016-12-19,0.0013640642278565096
2016-12-20,0.0060175774035879925
2016-12-21,0.00019734930647108406
2016-12-22,0.004151496615851347
2016-12-23,-0.0034788539217661674
2016-12-27,0.0039733436526689925
2016-12-28,0.005207277170895752
2016-12-29,-0.0062089548467515465
2016-12-30,0.002197190675832905
2017-01-03,0.0038688798378267997
2017-01-04,0.002456722399147182
2017-01-05,-0.000430934075011824
2017-01-06,0.002702288137749198
2017-01-09,0.0006837746301533443
2017-01-10,0.001240678756343483
2017-01-11,-0.0010268371953552347
2017-01-12,-0.004810184349689495
2017-01-13,0.0009683881903694846
2017-01-17,-0.003660599355429617
2017-01-18,-0.0004930580125435124
2017-01-19,0.003041797790465539
2017-01-20,0.005062538333943101
2017-01-23,-0.0014325058281970948
2017-01-24,0.0023100128197508507
2017-01-25,0.008150458594420762
2017-01-26,0.0038268738696993765
2017-01-27,0.0040877150515139515
2017-01-30,-0.005487972813637776
2017-01-31,-0.004825257426124607
2017-02-01,0.013029104287054949
2017-02-02,-0.0035965219075086985
2017-02-03,-0.004082021662217494
2017-02-06,-0.0006261291296045801
2017-02-07,0.0048446614153945244
2017-02-08,-0.0007837662610693519
2017-02-09,0.004185206304706535
2017-02-10,0.007146190328001678
2017-02-13,0.00537153239631305
2017-02-14,-0.0017528279224859888
2017-02-15,-0.001509279777843875
2017-02-16,0.0008666833471022706
2017-02-17,-0.0039450432872825125
2017-02-21,0.004779970521334276
2017-02-22,0.001333503104874234
2017-02-23,-0.004244639492294144
2017-02-24,-0.009667335011701916
2017-02-27,-0.00310797486624248
2017-02-28,0.0025725211284355343
2017-03-01,0.012125275467209873
2017-03-02,-0.0019193089648807948
2017-03-03,-0.001665369211562684
2017-03-06,-0.005794814993552055
2017-03-07,-0.0014457542862491568
2017-03-08,0.0021526782485890017
2017-03-09,-0.00022027207081798394
2017-03-10,0.006725632825303363
2017-03-13,0.0033565925964149645
2017-03-14,-0.002306885735429698
2017-03-15,0.001410994092652329
2017-03-16,0.00323789511581718
2017-03-17,0.0019961763354219286
2017-03-20,0.0019431208277584933
2017-03-21,0.0025774862822669498
2017-03-22,-0.0005763855287779229
2017-03-23,-0.0010224574220906169
2017-03-24,0.012164172504558257
2017-03-27,-0.010727958517396607
2017-03-28,0.002011066892646962
2017-03-29,0.00024293261425945012
2017-03-30,0.0007110245393797676
2017-03-31,-0.0006685138027596738
2017-04-03,0.002482085825413982
2017-04-04,-0.00825734937031819
2017-04-05,0.0008016901987653036
2017-04-06,-0.0012287136558469802
2017-04-07,-0.00014416194661814874
2017-04-10,0.002230410190773968
2017-04-11,-0.002343706373560406
2017-04-12,-0.0014159543105352057
2017-04-13,-0.001965085370986608
2017-04-17,0.003485616550912063
2017-04-18,-0.004153588811555586
2017-04-19,0.006040497726632621
2017-04-20,0.006121730546193138
2017-04-21,-0.00027178448808473643
2017-04-24,0.012247022450982747
2017-04-25,0.0043887413330885305
2017-04-26,-0.00012888422695278567
2017-04-27,0.004105454163492173
2017-04-28,0.009186015350486354
2017-05-01,0.004527582240440697
2017-05-02,-0.0037974043796528134
2017-05-03,-0.003021008679538695
2017-05-04,-7.084288385583726e-06
2017-05-05,0.0033288760413512364
2017-05-08,0.0019247605779080246
2017-05-09,0.003641008067979401
2017-05-10,0.0063575388309731196
2017-05-11,-0.004456886489650036
2017-05-12,0.0043753352617310615
2017-05-15,-0.0007283641149525844
2017-05-16,0.005170820824019984
2017-05-17,-0.014846563338277052
2017-05-18,0.0015794311596988297
2017-05-19,0.00976920139025883
2017-05-22,0.0067177771047535195
2017-05-23,0.0037522008727934875
2017-05-24,0.007890185564467078
2017-05-25,0.00589919677683759
2017-05-26,-3.300625649771405e-05
2017-05-30,0.001739557861153651
2017-05-31,0.006737757248947318
2017-06-01,0.0045472805790052195
2017-06-02,0.0026530302081986257
2017-06-05,-0.0025968294631504296
2017-06-06,-0.0019466080921312079
2017-06-07,0.0056501390685577135
2017-06-08,0.009766201415421616
2017-06-09,0.009445258196061568
2017-06-12,-0.015546938374083719
2017-06-13,0.01723033300686483
2017-06-14,0.006452498517433902
2017-06-15,-0.021800031811588294
2017-06-16,0.007570175135279467
2017-06-19,0.016733174543784868
2017-06-20,0.007223794724386057
2017-06-21,0.008928394557100816
2017-06-22,0.0017342451822561777
2017-06-23,-0.00017965237938666334
2017-06-26,0.0068406201355146745
2017-06-27,-0.004576195470285649
2017-06-28,0.00858536845530744
2017-06-29,-0.008367591919018147
2017-06-30,0.006029739024361325
2017-07-03,0.008847830993604866
2017-07-05,0.005893696022437389
2017-07-06,-0.012720677610051578
2017-07-07,0.008859355719032846
2017-07-10,0.006633478185303909
2017-07-11,-0.0008005291767495537
2017-07-12,0.010657044591589893
2017-07-13,0.001363844681248949
2017-07-14,0.0024540735891565024
2017-07-17,0.0023266683193143844
2017-07-18,-0.0030164346311978285
2017-07-19,0.004498672281039173
2017-07-20,0.0034843238754067585
2017-07-21,-0.0046707395719916
2017-07-24,0.002060590403516027
2017-07-25,-0.001295224032650144
2017-07-26,0.00809736009797346
2017-07-27,0.014575911807905184
2017-07-28,-0.008924541180414414
2017-07-31,0.001548630558386721
2017-08-01,0.0033375413341283355
2017-08-02,0.01204759342253614
2017-08-03,0.008250784377959341
2017-08-04,0.002039262871629033
2017-08-07,0.0037189720166908025
2017-08-08,0.002123894511825153
2017-08-09,-0.013856127222064973
2017-08-10,-0.006801743066541022
2017-08-11,-0.0022729400010520484
2017-08-14,0.014501007915200592
2017-08-15,0.00497259090066593
2017-08-16,0.0027355582707935255
2017-08-17,-0.003615056892742774
2017-08-18,0.0032976069084189596
2017-08-21,0.0005025362176100945
2017-08-22,0.006572137055615546
2017-08-23,-0.006859858996902779
2017-08-24,0.003214837943451787
2017-08-25,0.0036758228648179347
2017-08-28,0.0025609562652335605
2017-08-29,-0.011171805797024259
2017-08-30,0.003740489170112493
2017-08-31,0.0029991442180057337
2017-09-01,0.002962755513426174
2017-09-05,-0.005586872021782097
2017-09-06,0.003679871958474301
2017-09-07,0.0024676123012929985
2017-09-08,-0.0015774690561443094
2017-09-11,0.010065971137073415
2017-09-12,0.004337739926289164
2017-09-13,-0.0015287233999067285
2017-09-14,-0.004149934140254996
2017-09-15,0.0019460652561515968
2017-09-18,0.005764056147798513
2017-09-19,0.0007095180358454023
2017-09-20,-0.0009300979119536423
2017-09-21,-0.002607071941474026
2017-09-22,-0.00557726435721928
2017-09-25,-0.005583843785899045
2017-09-26,0.011286082012684107
2017-09-27,0.01198577542441015
2017-09-28,-0.0010951264118381765
2017-09-29,0.0036388519987002876
2017-10-02,0.004011515377183139
2017-10-03,-0.0004744527773640206
2017-10-04,-0.00011574658008728367
2017-10-05,0.004317007498224168
2017-10-06,-0.005017895567305142
2017-10-09,0.0010088171824196301
2017-10-10,0.00886414950165526
2017-10-11,-0.000982487954358846
2017-10-12,-0.00092648590670108
2017-10-13,0.0068009399450021935
2017-10-16,0.003544989770951412
2017-10-17,-0.0016189989406487637
2017-10-18,0.0027334035139894297
2017-10-19,-0.006867550593723126
2017-10-20,0.007133388335938573
2017-10-23,0.0040232962802502215
2017-10-24,0.0021621388665022945
2017-10-25,-0.004868535141452246
2017-10-26,0.004651111038944222
2017-10-27,0.018220864517986213
2017-10-30,-0.0021807154273205676
2017-10-31,0.0020352091522926052
2017-11-01,0.0053144562145110985
2017-11-02,-0.0030667167816207375
2017-11-03,0.007043072877069179
2017-11-06,0.00017242759741487035
2017-11-07,0.001481324892654401
2017-11-08,-0.00046383095970037314
2017-11-09,-0.00934471284938898
2017-11-10,0.0009464325012114028
2017-11-13,-0.005054760076364628
2017-11-14,-0.002763270893614944
2017-11-15,-0.007876446575217688
2017-11-16,0.008347028547026625
2017-11-17,0.002359973426233397
2017-11-20,0.001513794089379239
2017-11-21,0.006569235945810714
2017-11-22,0.0017902364783153324
2017-11-24,0.0015497113637181759
2017-11-27,-0.0005312597429585342
2017-11-28,0.00357236617232104
2017-11-29,-0.0027734988843398645
2017-11-30,0.006858064812101938
2017-12-01,-0.00747624760744392
2017-12-04,0.008309938329941868
2017-12-05,-0.00584297318140059
2017-12-06,-0.006577734918598588
2017-12-07,0.006111028001698715
2017-12-08,0.010427875241653783
2017-12-11,0.0015021520467710658
2017-12-12,-0.0037803166215477635
2017-12-13,0.005131915778942897
2017-12-14,0.0011046831870493712
2017-12-15,0.00632369597652227
2017-12-18,0.008762537129893166
2017-12-19,-0.0022231630390896484
2017-12-20,0.009438241583375584
2017-12-21,0.00027790328847721035
2017-12-22,-0.003093444217680097
2017-12-26,-0.010308727108382265
2017-12-27,0.0008035436107605154
2017-12-28,0.004273000026768559
2017-12-29,-0.0007844189621752928
2018-01-02,0.007314520951498649
2018-01-03,0.0041369896952077045
2018-01-04,0.004410973116027339
2018-01-05,0.004269255439194541
2018-01-08,0.00109193797532936
2018-01-09,0.0022804032071170877
2018-01-10,-0.007518707270613767
2018-01-11,0.003499969405121206
2018-01-12,-0.003773674297749663
2018-01-16,0.008680590719682302
2018-01-17,0.0053942188504154664
2018-01-18,0.00018882380675999677
2018-01-19,0.005422162721270718
2018-01-22,-0.0005150265115987374
2018-01-23,0.01186032425146677
2018-01-24,0.001221063866912564
2018-01-25,0.00881814163110195
2018-01-26,0.009463246671263859
2018-01-29,-0.00246339145658081
2018-01-30,-0.015180952838009132
2018-01-31,0.009004743224009237
2018-02-01,-0.010520549147275848
2018-02-02,0.00520083647455416
2018-02-05,-0.015458625790783942
2018-02-06,-0.019107390425219695
2018-02-07,0.00030463124492796645
2018-02-08,0.007672268428089435
2018-02-09,0.02538486349115021
2018-02-12,0.01377911640063223
2018-02-13,-0.003275919374362668
2018-02-14,-0.00610389098769204
2018-02-15,0.010946299750523858
2018-02-16,-0.003517105455232983
2018-02-20,-0.002363403448357504
2018-02-21,0.0091570282635558
2018-02-22,0.00753946640346026
2018-02-23,0.010611763065532465
2018-02-26,0.007130037586004612
2018-02-27,-0.00014893380552660762
2018-02-28,0.005274164174235096
2018-03-01,0.0009208236191788899
2018-03-02,-0.01790496023773991
2018-03-05,-0.005598397708694303
2018-03-06,0.011166929639399026
2018-03-07,-0.010651401674318883
2018-03-08,0.0048783594469909985
2018-03-09,0.008878130714711885
2018-03-12,0.008124942450176809
2018-03-13,0.012152725050893043
2018-03-14,0.005004935877656491
2018-03-15,0.002097938078202466
2018-03-16,0.00472014896260653
2018-03-19,-0.008735914170691639
2018-03-20,0.0014665607856636509
2018-03-21,-9.20959014192313e-05
2018-03-22,-0.012510274736333593
2018-03-23,-0.0034086853528439987
2018-03-26,0.02610716169982319
2018-03-27,0.00801322883531963
2018-03-28,-0.012401200613143759
2018-03-29,0.0016297007020746879
2018-04-02,-0.012947826197770573
2018-04-03,0.01497116328790793
2018-04-04,-0.030371316085798794
2018-04-05,0.008695793363928894
2018-04-06,-0.01790572593812989
2018-04-09,0.01130835152922205
2018-04-10,0.024572189663897737
2018-04-11,-0.0007220932827129989
2018-04-12,0.010986883381187695
2018-04-13,0.008549014808713729
2018-04-16,0.007798703189064948
2018-04-17,0.01757812748915577
2018-04-18,-0.0013913847421683778
2018-04-19,-0.0045979602171137834
2018-04-20,-0.00019508041692783973
2018-04-23,0.006844686757681018
2018-04-24,0.008780847500082789
2018-04-25,6.0801559596201926e-05
2018-04-26,0.018102725647321183
2018-04-27,0.034576395984004415
2018-04-30,0.0
2018-05-01,0.0
2018-05-02,0.0
2018-05-03,-9.296458881413727e-05
2018-05-04,-0.001178094214232761
2018-05-07,0.0025071106590754955
2018-05-08,-0.0002886129170269758
2018-05-09,0.0007523015091106533
2018-05-10,0.00155628851178502
2018-05-11,-0.0032353331636320037
2018-05-14,0.0027498569751436275
2018-05-15,-0.000474452213922838
2018-05-16,0.0016147156703067989
2018-05-17,-0.0008567449147155459
2018-05-18,-0.00011746278157864776
2018-05-21,0.005791855690342018
2018-05-22,0.004650563551096276
2018-05-23,-0.0013013157919036233
2018-05-24,9.127040394019126e-05
2018-05-25,-0.0004957080208460862
2018-05-29,-0.0008260499850502034
2018-05-30,0.0024200948112629295
2018-05-31,-0.005390961630394653
2018-06-01,0.003284652025624224
2018-06-04,0.00022312324938567052
2018-06-05,0.00344431857102645
2018-06-06,0.00035699017796897436
2018-06-07,0.0021467378721000685
2018-06-08,-0.006500269964929362
2018-06-11,-0.00020663235126106017
2018-06-12,0.0029874045632791724
2018-06-13,0.0007841348396810943
2018-06-14,0.0059193253521141465
2018-06-15,-0.004685216155668415
2018-06-18,-0.007237802730871379
2018-06-19,-0.011405970704585378
2018-06-20,0.007894930265026856
2018-06-21,0.009422330314243554
2018-06-22,0.005460424447633727
2018-06-25,-0.012062565055348085
2018-06-26,0.00886557164191415
2018-06-27,0.00810056988969543
2018-06-28,0.0014810043269783968
2018-06-29,0.00805078292250494
2018-07-02,-0.010607802092727936
2018-07-03,0.0043243877493468474
2018-07-05,0.008174132343354845
2018-07-06,-0.0011036020522428025
2018-07-09,0.009609544026418337
2018-07-10,0.0012750818083047122
2018-07-11,-0.010540273529176525
2018-07-12,0.004921968119040443
2018-07-13,-0.00020004887720914688
2018-07-16,0.0029423084470550087
2018-07-17,-0.025131787629007696
2018-07-18,0.0021505886411048447
2018-07-19,-0.005374180973621301
2018-07-20,0.004172292176959358
2018-07-23,-0.004212177239645953
2018-07-24,0.011854327882679927
2018-07-25,0.000174611934352642
2018-07-26,-0.003871141760433683
2018-07-27,0.01120372585226237
2018-07-30,0.0005299698095004857
2018-07-31,0.0024174127172373883
2018-08-01,0.00505577360165832
2018-08-02,-0.0062073667132998
2018-08-03,0.002419995941817854
2018-08-06,0.00019016806548721732
2018-08-07,0.003971191732061952
2018-08-08,-0.000618247155562357
2018-08-09,0.001041042314427143
2018-08-10,-0.00645790633386778
2018-08-13,0.0017073333708634841
2018-08-14,0.00734164582220842
2018-08-15,-0.006253117781820694
2018-08-16,0.009781856030312452
2018-08-17,-0.004034266985985635
2018-08-20,0.0014355707832243159
2018-08-21,0.004445281050519334
2018-08-22,-0.002421752120683074
2018-08-23,0.0010821276923913548
2018-08-24,0.007446934002880656
2018-08-27,0.009180841018064267
2018-08-28,0.0046561199246635265
2018-08-29,0.0006408092733827253
2018-08-30,-0.003016930420699504
2018-08-31,0.0010100706847084862
2018-09-04,0.0013925012620803479
2018-09-05,0.0030588090528846923
2018-09-06,-0.002550666988261119
2018-09-07,-0.0029912104242714177
2018-09-10,0.0036574989542657033
2018-09-11,-0.0019168430586651297
2018-09-12,-0.004200202718387058
2018-09-13,0.005706937160282921
2018-09-14,0.005553841315939501
2018-09-17,-0.004913921619252526
2018-09-18,0.0031953025724333894
2018-09-19,-0.0014984973439799987
2018-09-20,0.004482158347204113
2018-09-21,-0.0014978601280932757
2018-09-24,-0.000464635312946049
2018-09-25,0.003408645699997548
2018-09-26,-0.0015112845530588226
2018-09-27,-0.0012249763991101226
2018-09-28,-0.00100529055130949
2018-10-01,0.0004180184218511851
2018-10-02,-0.0035136371626819374
2018-10-03,0.004327531469899837
2018-10-04,-0.005378782220440859
2018-10-05,0.0010311306474730664
2018-10-08,-0.010491786916080215
2018-10-09,-0.002515823613936208
2018-10-10,-0.006076956237000775
2018-10-11,-0.00971868355141614
2018-10-12,0.041928190170620105
2018-10-15,0.0
2018-10-16,0.0
2018-10-17,0.0
2018-10-18,-0.007238507169069486
2018-10-19,0.00916976208257525
2018-10-22,0.008273060304297086
2018-10-23,-0.027130792868559905
2018-10-24,-0.0003089744882213141
2018-10-25,-0.0018083006644817878
2018-10-26,-0.045911926598202424
2018-10-29,0.015283896233040606
2018-10-30,-0.017663484336749025
2018-10-31,0.02464474515803272
2018-11-01,0.008719845735002396
2018-11-02,0.0008808964651392248
2018-11-05,-0.0010877093923792325
2018-11-06,-0.0017185673053323747
2018-11-07,0.004583424073174358
2018-11-08,-0.001783825674348316
2018-11-09,-0.00409342681079472
2018-11-12,-0.004312048340581076
2018-11-13,0.0028074266968456385
2018-11-14,0.0059358423462296805
2018-11-15,0.0016052644559276796
2018-11-16,-0.014552626995960827
2018-11-19,0.002648833672025175
2018-11-20,0.006194188352509178
2018-11-21,-0.004574348614343249
2018-11-23,0.0074617399646563776
2018-11-26,-0.012764124432783408
2018-11-27,0.004505770488809402
2018-11-28,-0.0009560581646134159
2018-11-29,0.002570124069947166
2018-11-30,-0.0017171496197008196
2018-12-03,-0.009005237841201885
2018-12-04,0.004665281507002739
2018-12-06,0.018261063724077875
2018-12-07,0.004278887418532218
2018-12-10,-0.0003947306219648228
2018-12-11,-0.008952069786299921
2018-12-12,-0.010686001235092113
2018-12-13,-0.0029482226568920966
2018-12-14,0.007843402911695163
2018-12-17,0.0032808301465634404
2018-12-18,-0.004527024158854864
2018-12-19,-0.0014838942567548807
2018-12-20,0.0026921771100527625
2018-12-21,-0.001474405565935366
2018-12-24,0.002634904579879027
2018-12-26,-0.007153222461898756
2018-12-27,0.007431465569541995
2018-12-28,-0.0038810630425438752
2018-12-31,-0.005958891745154848
2019-01-02,0.013983171750263867
2019-01-03,0.00869506330576919
2019-01-04,-0.009847612915501736
2019-01-07,0.0020146254922266404
2019-01-08,-0.004158687982931508
2019-01-09,0.00016511317030865058
2019-01-10,0.004792145016298877
2019-01-11,0.0035651271193384293
2019-01-14,0.004512962733438153
2019-01-15,-0.0019686681981969656
2019-01-16,-0.0009798043026310044
2019-01-17,0.0013878470227355333
2019-01-18,-0.0041275765340719195
2019-01-22,0.0040398110760428985
2019-01-23,-0.001942065082573441
2019-01-24,0.0015186585628264027
2019-01-25,-0.006049664474243821
2019-01-28,-0.0060593623942497565
2019-01-29,-0.0006595449774641216
2019-01-30,-0.0009640640501299425
2019-01-31,-0.005029689876970167
2019-02-01,0.004548414957523228
2019-02-04,-0.0007080248313132698
2019-02-05,0.00018659263147302596
2019-02-06,0.002061259147171368
2019-02-07,-0.0011572539727000564
2019-02-08,-0.004249728182781576
2019-02-11,0.0036619527331240853
2019-02-12,0.0019178408691151727
2019-02-13,-0.0015527558801776697
2019-02-14,-0.0020046477674002805
2019-02-15,-0.0007539028671520454
2019-02-19,-0.000733085086258356
2019-02-20,0.0015147751289426026
2019-02-21,0.0016824719526462584
2019-02-22,0.0030507424094301516
2019-02-25,0.00090832165783028
2019-02-26,-0.0012259766300222186
2019-02-27,0.002758941495607292
2019-02-28,0.0010725343579445212
2019-03-01,-0.0011791256303635977
2019-03-04,-0.0009658425041073615
2019-03-05,-0.0009566844304974564
2019-03-06,0.00027984104403500076
2019-03-07,-0.0005177797186121103
2019-03-08,-0.008136299617422349
2019-03-11,0.002387049592114776
2019-03-12,0.00019215850941289858
2019-03-13,0.0017214469785735709
2019-03-14,0.0009342720534011306
2019-03-15,0.0007193203956732397
2019-03-18,0.0009078177497265916
2019-03-19,0.002646028060644401
2019-03-20,0.0013883359030741893
2019-03-21,-0.0014979085356104926
2019-03-22,-0.003922766893116769
2019-03-25,-0.0034940942618558735
2019-03-26,0.007257009355495558
2019-03-27,0.0006594414228755507
2019-03-28,0.004476563614264739
2019-03-29,0.004904168995437885
2019-04-01,0.008449622733252449
2019-04-02,-5.9719258243884354e-05
2019-04-03,0.004625576195235848
2019-04-04,-0.00733665400741057
2019-04-05,0.002622897500428767
2019-04-08,-0.0006155719934426429
2019-04-09,-0.0038515425391119074
2019-04-10,0.0022258417258371743
2019-04-11,-0.0009631342557050449
2019-04-12,0.0019883915901497407
2019-04-15,0.00037615488637299244
2019-04-16,0.003343457362313451
2019-04-17,0.004479437794014496
2019-04-18,0.0011978018485765407
2019-04-22,-0.0029679257130633685
2019-04-23,-3.827299264624884e-05
2019-04-24,0.0007255453210008866
2019-04-25,0.002571602663015371
2019-04-26,-0.0033831831325756845
2019-04-29,2.7221521672338156e-05
2019-04-30,5.907976217933708e-05
2019-05-01,0.0020117138568021
2019-05-02,0.0003717438183921118
2019-05-03,0.010360928292559635
2019-05-06,-0.023543325271736304
2019-05-07,-0.008458123686101104
2019-05-08,-0.003325474395706629
2019-05-09,-0.010640864155042729
2019-05-10,-0.003261199221984201
2019-05-13,-0.026930744597493894
2019-05-14,0.0075495933036962
2019-05-15,-0.0059984534555284075
2019-05-16,-9.586790005511325e-06
2019-05-17,-0.009564385830351907
2019-05-20,-0.01519311155372638
2019-05-21,0.01157501211482237
2019-05-22,-0.00827872320540135
2019-05-23,-0.013630318865201496
2019-05-24,0.007843716850946425
2019-05-28,0.006020995612560087
2019-05-29,-0.005987766950125928
2019-05-30,0.003441763901382844
2019-05-31,-0.013720265050569891
2019-06-03,0.0014026545343317487
2019-06-04,0.0038220480608004426
2019-06-05,0.0032006304244205364
2019-06-06,0.0010739827099817134
2019-06-07,0.0007378700186404519
2019-06-10,0.004815816248438631
2019-06-11,0.0034505224507821453
2019-06-12,-0.002671641720614737
2019-06-13,0.0013651942625798608
2019-06-14,-0.006141683513185114
2019-06-17,-0.00041189056731505413
2019-06-18,0.0030572711391496643
2019-06-19,0.001407374996563071
2019-06-20,0.004783534345644158
2019-06-21,-0.001453158244411612
2019-06-24,0.0010247133044283263
2019-06-25,0.00020071894554685166
2019-06-26,0.007436088588173906
2019-06-27,0.0
2019-06-28,0.0
2019-07-01,0.0
2019-07-02,-0.001557343022267177
2019-07-03,0.001109118539757148
2019-07-05,-0.0086944040728697
2019-07-08,-0.0053130859641787875
2019-07-09,-0.004153659047520852
2019-07-10,0.007023826968389324
2019-07-11,0.003733378773461249
2019-07-12,0.0012668355150200483
2019-07-15,0.0027621476065180506
2019-07-16,-0.0017283516285834244
2019-07-17,0.002415507675055606
2019-07-18,-0.009529100763223886
2019-07-19,0.006823503700745581
2019-07-22,0.004743404292655962
2019-07-23,0.004508850425648303
2019-07-24,-0.003310620363173755
2019-07-25,-0.0018262721248450964
2019-07-26,-0.0007840273940042941
2019-07-29,-0.002055899848242282
2019-07-30,-0.007225737040415958
2019-07-31,-0.0037370247144592472
2019-08-01,0.0007752861140939427
2019-08-02,-0.0066509484296420895
2019-08-05,-0.020760874042417
2019-08-06,0.010781346628029764
2019-08-07,-0.00785918193134627
2019-08-08,0.01012909463898648
2019-08-09,-0.005257647258391729
2019-08-12,-0.0063374071499525675
2019-08-13,0.0009693223443434373
2019-08-14,-0.0187138459264361
2019-08-15,0.0029167868678481312
2019-08-16,0.012369803937903656
2019-08-19,0.01641609606870653
2019-08-20,-0.0015444218121649644
2019-08-21,0.00982787592324863
2019-08-22,0.0021421658421458822
2019-08-23,-0.008347580183305392
2019-08-26,0.012821235189452107
2019-08-27,0.006981117847816742
2019-08-28,-0.0039007152955037316
2019-08-29,0.013149680327379398
2019-08-30,0.005784956382510531
2019-09-03,-0.008329061491213374
2019-09-04,0.011095007831245729
2019-09-05,0.014039259261360737
2019-09-06,0.0009874498322883785
2019-09-09,0.0047392130709100755
2019-09-10,-0.005642138571386179
2019-09-11,0.00024979740059394295
2019-09-12,0.007712073538266084
2019-09-13,-0.003108433671371369
2019-09-16,-0.008012854925713353
2019-09-17,0.0011241230034237937
2019-09-18,-0.0011433132693042802
2019-09-19,0.002167370611696473
2019-09-20,0.0010064646858680693
2019-09-23,-0.0012631269370041442
2019-09-24,0.005859186361466984
2019-09-25,9.020962865191606e-05
2019-09-26,-0.0010739727336551708
2019-09-27,-9.899090928444654e-05
2019-09-30,0.0039003541624527127
2019-10-01,0.004818015458251335
2019-10-02,-0.00523880681485156
2019-10-03,0.0008928141669155565
2019-10-04,0.006135790855780865
2019-10-07,-0.0022797586512649515
2019-10-08,-0.0064538266218137075
2019-10-09,0.00927858624188227
2019-10-10,0.001010555768084176
2019-10-11,0.00951201430898041
2019-10-14,-0.002022292333117126
2019-10-15,0.0031803641996512866
2019-10-16,-0.0059264176215905184
2019-10-17,0.0047848998006880805
2019-10-18,-0.0011562509619772454
2019-10-21,0.005311891531123658
2019-10-22,0.0021553578620652214
2019-10-23,-0.0027733554749587164
2019-10-24,0.0065706027901826225
2019-10-25,0.0002680094686973167
2019-10-28,0.005152452275130948
2019-10-29,0.00046224887182555463
2019-10-30,0.00267093682052999
2019-10-31,0.00474028233966739
2019-11-01,0.0037935663484489623
2019-11-04,0.0070645730504701465
2019-11-05,0.0017191350036966924
2019-11-06,-0.0009821890872752093
2019-11-07,0.006264855846031425
2019-11-08,-0.002501457251891659
2019-11-11,-0.0028437227500242024
2019-11-12,0.002068886803474612
2019-11-13,-0.0012183294487676521
2019-11-14,-0.0014241086500318412
2019-11-15,0.006649926399765027
2019-11-18,-0.0005629002246470005
2019-11-19,0.003055508730960055
2019-11-20,-0.004021518278102265
2019-11-21,-0.0014532797046318269
2019-11-22,-0.0020012445661372613
2019-11-25,0.008422768725494079
2019-11-26,-0.00047027141099043046
2019-11-27,0.004687245344223934
2019-11-29,-0.0031212270837083222
2019-12-02,0.00026562370027582993
2019-12-03,-0.01586644519424185
2019-12-04,0.006538774014720694
2019-12-05,0.003492665089007252
2019-12-06,0.00875793539662939
2019-12-09,-0.0012036427896422452
2019-12-10,0.002446044485142851
2019-12-11,0.0018144908966466478
2019-12-12,-0.0020395727921602713
2019-12-13,-0.0005467775788874363
2019-12-16,0.0076183227488835215
2019-12-17,0.0014097858277160036
2019-12-18,0.0012318410288325587
2019-12-19,0.003201802118969699
2019-12-20,0.00828320813175254
2019-12-23,0.004589769744975047
2019-12-24,0.0014918468187914424
2019-12-26,0.002510084214075725
2019-12-27,0.00442506795866171
2019-12-30,-0.00123029387235718
2019-12-31,-0.005947188543913962
2020-01-02,0.009989000660600933
2020-01-03,-0.0102717508200304
2020-01-06,-0.009880575612256748
2020-01-07,0.006917037529310166
2020-01-08,0.0006132177229165592
2020-01-09,0.011853343857499476
2020-01-10,0.004100388792110721
2020-01-13,0.010071686759975051
2020-01-14,0.006902436366075015
2020-01-15,-0.0038770520470011727
2020-01-16,-0.004551395041791473
2020-01-17,0.00207729627524178
2020-01-21,0.00603878430921112
2020-01-22,0.01616921513509384
2020-01-23,-0.001010520008957072
2020-01-24,0.005977761044430929
2020-01-27,-0.03226834073981433
2020-01-28,0.013095375615408411
2020-01-29,0.007874674980892227
2020-01-30,0.020442652634749425
2020-01-31,-0.0046891960648058895
2020-02-03,0.007055348220275315
2020-02-04,0.06536948812114596
2020-02-05,0.0
2020-02-06,0.0
2020-02-07,0.0
2020-02-10,0.025985379863702862
2020-02-11,0.004217948459764864
2020-02-12,0.0065845569810292215
2020-02-13,-0.018904538778428237
2020-02-14,-0.00515654510713337
2020-02-18,0.014064281880062257
2020-02-19,0.041275882804652
2020-02-20,0.0
2020-02-21,0.0
2020-02-24,0.0
2020-02-25,0.016182982782726674
2020-02-26,-0.007743569662305716
2020-02-27,-0.049752883453154984
2020-02-28,-0.05440660717131429
2020-03-02,0.04291080239236811
2020-03-03,0.0
2020-03-04,0.0
2020-03-05,0.0
2020-03-06,0.0
2020-03-09,0.0
2020-03-10,0.0
2020-03-11,0.0
2020-03-12,0.0
2020-03-13,0.0
2020-03-16,0.0
2020-03-17,0.0
2020-03-18,0.0
2020-03-19,0.0
2020-03-20,0.0
2020-03-23,0.0
2020-03-24,0.0
2020-03-25,-0.004544376138874373
2020-03-26,-0.008030754154291997
2020-03-27,0.02187943104876222
2020-03-30,-0.008289732041657283
2020-03-31,0.001890608590447318
2020-04-01,0.026823799973346274
2020-04-02,0.0036403783535325918
2020-04-03,0.0013164239337806194
2020-04-06,-0.020893780718962307
2020-04-07,-0.027078234272098656
2020-04-08,-0.008697839817213393
2020-04-09,-0.007769573397771512
2020-04-13,0.0013902692761544877
2020-04-14,-0.010844030339169919
2020-04-15,0.006636762192096857
2020-04-16,-0.0033628153689455598
2020-04-17,-0.007198821353175733
2020-04-20,0.002165866743401912
2020-04-21,0.005696519851951631
2020-04-22,-0.008971120233798202
2020-04-23,-0.003422093059012976
2020-04-24,-0.0018112719461695903
2020-04-27,-0.009285370806002113
2020-04-28,0.004869647729389692
2020-04-29,0.001597394838221966
2020-04-30,-0.0016717989049555015
2020-05-01,-0.007141302907473057
2020-05-04,0.0
2020-05-05,0.0
2020-05-06,0.0
2020-05-07,0.0
2020-05-08,0.0
2020-05-11,0.0
2020-05-12,0.0
2020-05-13,0.0
2020-05-14,0.0
2020-05-15,0.0
2020-05-18,0.0
2020-05-19,0.0
2020-05-20,0.0
2020-05-21,0.0
2020-05-22,0.0
2020-05-26,0.0
2020-05-27,0.0
2020-05-28,0.0
2020-05-29,0.0
2020-06-01,0.0
2020-06-02,-0.00015374758430042323
2020-06-03,0.0027515777096727145
2020-06-04,-0.001120643778791508
2020-06-05,0.002036735922600119
2020-06-08,0.009692825940175398
2020-06-09,-0.0026771059423209564
2020-06-10,0.024154244820293824
2020-06-11,-0.023695877273606336
2020-06-12,0.022906311951190972
2020-06-15,-0.014031881896807485
2020-06-16,0.018437112802166977
2020-06-17,0.008140076559952414
2020-06-18,0.003838146377804552
2020-06-19,0.009443366479104265
2020-06-22,0.002487293275549085
2020-06-23,0.005734224131519916
2020-06-24,-0.0009244318440860821
2020-06-25,3.795271461393135e-05
2020-06-26,0.003376038674202997
2020-06-29,0.0023884564314191614
2020-06-30,0.002852999233580178
2020-07-01,0.0006561255806538657
2020-07-02,0.03495724651128729
2020-07-06,0.0
2020-07-07,0.0
2020-07-08,0.0
2020-07-09,0.019188543841660577
2020-07-10,0.001140156880379939
2020-07-13,0.04157780533431055
2020-07-14,0.0
2020-07-15,0.0
2020-07-16,0.0
2020-07-17,0.00680795336120088
2020-07-20,0.010908801235638865
2020-07-21,0.004560516514580781
2020-07-22,0.008800198060230358
2020-07-23,0.028050358815921994
2020-07-24,-0.042103331255122556
2020-07-27,0.014044183452567749
2020-07-28,-0.013552342713626153
2020-07-29,0.015717215670118412
2020-07-30,-0.006531108280135145
2020-07-31,0.03320134828621035
2020-08-03,0.0
2020-08-04,0.0
2020-08-05,0.0
2020-08-06,0.0011495366009723895
2020-08-07,0.002501723621459062
2020-08-10,0.0010144778982739133
2020-08-11,-0.013494295335288897
2020-08-12,0.03189997340923556
2020-08-13,0.0
2020-08-14,0.0
2020-08-17,0.0
2020-08-18,0.020824023120493695
2020-08-19,-0.005475070972915774
2020-08-20,-0.009611713310616832
2020-08-21,0.010126085391127138
2020-08-24,0.024965348323024106
2020-08-25,-0.010960783830365473
2020-08-26,0.011128388537689382
2020-08-27,0.008349706715908622
2020-08-28,0.016625695829536324
2020-08-31,0.0024848259583376553
2020-09-01,0.011118647632719192
2020-09-02,0.02573928983555618
2020-09-03,-0.07547591610954707
2020-09-04,-0.012461492340898661
2020-09-08,-0.13926680176614137
2020-09-09,0.07150330463461074
2020-09-10,0.0
2020-09-11,0.0
2020-09-14,0.0
2020-09-15,0.047699538595598945
2020-09-16,0.0
2020-09-17,0.0
2020-09-18,0.0
2020-09-21,0.0035260729715034245
2020-09-22,-0.01782024628303369
2020-09-23,-0.03012294586567199
2020-09-24,-0.0350327504613025
2020-09-25,0.01295458963195073
2020-09-28,0.04507833076254131
2020-09-29,0.0
2020-09-30,0.0
2020-10-01,0.0
2020-10-02,-0.05239491244418726
2020-10-05,0.016951538785489273
2020-10-06,-0.0002499800659774287
2020-10-07,0.01591441308181074
2020-10-08,0.027635357335435318
2020-10-09,0.004731923549902595
2020-10-12,0.024925782209384906
2020-10-13,0.005604480836963521
2020-10-14,0.005378644595049442
2020-10-15,-0.02620483397844009
2020-10-16,0.010416186355928003
2020-10-19,0.012144531645375212
2020-10-20,0.003131225606972654
2020-10-21,-0.0004377825867937224
2020-10-22,0.02045575555187007
2020-10-23,0.0010067621223888157
2020-10-26,-0.012608292466904758
2020-10-27,0.006466291398779411
2020-10-28,-0.018983603996818865
2020-10-29,0.01202473811080007
2020-10-30,-0.02261985625067575
2020-11-02,0.011035717720941918
2020-11-03,0.011470255698943888
2020-11-04,0.03925603533672173
2020-11-05,0.0
2020-11-06,0.0
2020-11-09,0.0
2020-11-10,-0.010773496731027232
2020-11-11,0.016627835392300172
2020-11-12,0.006252664376483974
2020-11-13,0.006522542304069789
2020-11-16,-0.007348220707491082
2020-11-17,0.0300666145079167
2020-11-18,0.0013243082275435913
2020-11-19,0.0008412586751611606
2020-11-20,0.0004745707735032134
2020-11-23,0.012529675790128314
2020-11-24,0.0131183275335236
2020-11-25,0.0007872778300850314
2020-11-27,0.009769579089578428
2020-11-30,0.012131031932318459
2020-12-01,0.024874935795839548
2020-12-02,-0.02156800124878122
2020-12-03,0.01813022964355082
2020-12-04,3.342702333219982e-05
2020-12-07,0.004874956446650591
2020-12-08,-0.009862129292208754
2020-12-09,0.0032771193699669965
2020-12-10,-0.02580994696733907
2020-12-11,-0.013520011830301715
2020-12-14,0.009120679802005816
2020-12-15,0.009941317325937948
2020-12-16,-0.0041181385593742625
2020-12-17,0.008597840573774773
2020-12-18,0.013603306048677988
2020-12-21,-0.030463195556739264
2020-12-22,0.0043377034537097625
2020-12-23,-0.007167467946035844
2020-12-24,-0.0021181141044512852
2020-12-28,0.01898877283023004
2020-12-29,0.0007891946699341013
2020-12-30,0.0075332095537825605
2020-12-31,0.005579422320066918
2021-01-04,0.01526543824142057
2021-01-05,-0.006750117742317152
2021-01-06,0.013197749317549468
2021-01-07,0.025418189255965062
2021-01-08,0.040095242035005585
2021-01-11,0.0
2021-01-12,0.0
2021-01-13,0.0
2021-01-14,-0.007912509780685806
2021-01-15,0.006008867809209617
2021-01-19,0.013564041561622942
2021-01-20,0.014605238457443326
2021-01-21,0.006913576084270456
2021-01-22,-0.006500701939926579
2021-01-25,0.016872784300584254
2021-01-26,0.006827019000232415
2021-01-27,-0.015105187691637045
2021-01-28,-0.024973129982410858
2021-01-29,-0.0026629143291768687
2021-02-01,0.019037989164908176
2021-02-02,0.010633233109046625
2021-02-03,0.00682467941473508
2021-02-04,0.006284820773132527
2021-02-05,0.00011538150933998459
2021-02-08,0.015893415598733363
2021-02-09,-0.0029057721712855145
2021-02-10,0.0011655121975513438
2021-02-11,0.010586398739671932
2021-02-12,-0.0051180663201257914
2021-02-16,0.004826805376406007
2021-02-17,-0.014186445273688286
2021-02-18,-0.016877985775522353
2021-02-19,0.011385727280097235
2021-02-22,-0.016400903770515174
2021-02-23,-0.03675447120756159
2021-02-24,0.001283579594823614
2021-02-25,-0.013284885452080841
2021-02-26,0.016766327481692933
2021-03-01,0.023020573930367938
2021-03-02,0.0013579926403224363
2021-03-03,0.00023440392749130012
2021-03-04,0.0003409599548906961
2021-03-05,0.010136622512667337
2021-03-08,0.0001543148339286926
2021-03-09,0.0430318776034706
2021-03-10,0.0
2021-03-11,0.0
2021-03-12,0.0
2021-03-15,0.0018716319148244231
2021-03-16,0.0025865973732890346
2021-03-17,-0.02127037636489504
2021-03-18,-0.02148608104193417
2021-03-19,-0.002903733064214431
2021-03-22,0.023217515808727995
2021-03-23,0.003655576941530514
2021-03-24,0.00891223265852159
2021-03-25,-0.018206802865102123
2021-03-26,0.001021095410615347
2021-03-29,-0.00387444148428584
2021-03-30,-0.008220083480714235
2021-03-31,0.01230174902850023
2021-04-01,0.024885387685360527
2021-04-05,0.03418153974419069
2021-04-06,0.0
2021-04-07,0.0
2021-04-08,0.0
2021-04-09,-0.005002895872538438
2021-04-12,0.0017700748429412272
2021-04-13,0.006627985178692786
2021-04-14,0.003907677378605312
2021-04-15,0.010540258478654252
2021-04-16,-0.004352080445941708
2021-04-19,-0.012023421829712833
2021-04-20,0.0006578713743066178
2021-04-21,-0.007214254387009067
2021-04-22,-0.0013936297687809907
2021-04-23,0.0027215585085957894
2021-04-26,0.006313201647459632
2021-04-27,-0.007625635195851577
2021-04-28,-0.002756700277697921
2021-04-29,0.006558865055943164
2021-04-30,-0.009301433569782969
2021-05-03,-0.00017765873054520487
2021-05-04,-0.008117255509781374
2021-05-05,0.009048502761815458
2021-05-06,0.004102138673593325
2021-05-07,0.006462272298505489
2021-05-10,-0.007585473698678902
2021-05-11,-0.026372218345940057
2021-05-12,-0.015889685010275878
2021-05-13,0.011101081870099838
2021-05-14,0.012074788850131135
2021-05-17,-0.010004692070982868
2021-05-18,-0.0010571239839716196
2021-05-19,-0.02316162341662953
2021-05-20,0.008940524431285235
2021-05-21,0.009130450688246583
2021-05-24,0.005567805953760718
2021-05-25,0.004275176331073105
2021-05-26,0.0043905080001933605
2021-05-27,0.0002885464874970989
2021-05-28,0.00165853573562047
2021-06-01,0.005640653865196077
2021-06-02,-0.0003987915972030187
2021-06-03,-0.007755409425374005
2021-06-04,0.007693645054940523
2021-06-07,-0.004295449871434376
2021-06-08,0.010535282878002317
2021-06-09,0.0029745048699634236
2021-06-10,0.0026420362180796797
2021-06-11,0.0007511401686108865
2021-06-14,0.0024658016924605786
2021-06-15,-0.0009483769739980774
2021-06-16,0.00011494414731982872
2021-06-17,-0.0030145533137618807
2021-06-18,-0.0031732059209376162
2021-06-21,-0.0006783593227813745
2021-06-22,-0.0007627136320924599
2021-06-23,0.004076539595354367
2021-06-24,0.010600281978511372
2021-06-25,0.003708281255552448
2021-06-28,0.004543672808936083
2021-06-29,-0.001809027158868881
2021-06-30,-0.001184777905054335
2021-07-01,0.00038460298575881957
2021-07-02,0.0054614644364516796
2021-07-06,0.004555013532739238
2021-07-07,0.0063305656242633734
2021-07-08,-0.016457480000511393
2021-07-09,0.00020443332826403093
2021-07-12,0.004523821091596547
2021-07-13,-0.0021450990543809834
2021-07-14,0.006199764853748846
2021-07-15,0.0003919681064885605
2021-07-16,0.002776259773529466
2021-07-19,-0.009844039273613658
2021-07-20,0.0032586610427898233
2021-07-21,0.0025144390937894556
2021-07-22,0.0019170209221737178
2021-07-23,0.00480345584753028
2021-07-26,-0.0009020757056011908
2021-07-27,-0.0011525289368624625
2021-07-28,0.007439454386161337
2021-07-29,-0.003934132886715069
2021-07-30,-0.01803213737971565
2021-08-02,0.005339626157370381
2021-08-03,0.0009716252198439523
2021-08-04,0.002165093124236961
2021-08-05,0.0006188627810257419
2021-08-06,-0.004324270867157698
2021-08-09,0.0026275824369925704
2021-08-10,0.0014834564408807704
2021-08-11,0.003517223206867204
2021-08-12,-0.002040456613673469
2021-08-13,0.001141875942704651
2021-08-16,-0.0016827859667976064
2021-08-17,-0.005569543972824387
2021-08-18,-0.0010490448679282283
2021-08-19,-0.0027391411052918313
2021-08-20,0.0028086395580544377
2021-08-23,0.0033852887700656087
2021-08-24,0.00259625983120948
2021-08-25,0.0020247144742802092
2021-08-26,-0.0005989943486680582
2021-08-27,0.002071799002487218
2021-08-30,0.0038627079287505417
2021-08-31,0.0005582400928449971
2021-09-01,0.0020069834997971103
2021-09-02,0.0032840306528134633
2021-09-03,-0.0013138687681348848
2021-09-07,0.002250558786135004
2021-09-08,0.0004576546976531315
2021-09-09,0.0005643698619237636
2021-09-10,0.0068555180255427395
2021-09-13,0.00593714322947636
2021-09-14,0.004269122994134289
2021-09-15,0.002627118712847043
2021-09-16,-0.003500512070020889
2021-09-17,-0.0015236313992718076
2021-09-20,-0.020240667946200608
2021-09-21,0.006876668025329824
2021-09-22,0.0024309302940526134
2021-09-23,0.0051279780656405816
2021-09-24,-0.008132267555647776
2021-09-27,-0.008885738915538122
2021-09-28,-0.014203664167334873
2021-09-29,0.005648613833465488
2021-09-30,0.004703597868021436
2021-10-01,0.0028079384929740048
2021-10-04,-0.0010231069294428519
2021-10-05,0.004687012323829398
2021-10-06,-0.010215757400828585
2021-10-07,0.008704766638532035
2021-10-08,0.004201214358654948
2021-10-11,-0.0038797871640109394
2021-10-12,0.005357839926684704
2021-10-13,0.006128940270056171
2021-10-14,0.01087931908909301
2021-10-15,0.0036196857313877118
2021-10-18,0.0002480345613431467
2021-10-19,0.005148654914038042
2021-10-20,0.002312886257827662
2021-10-21,-0.0031610674587689847
2021-10-22,-0.004391819173619194
2021-10-25,0.012639936631141824
2021-10-26,0.006713190683603987
2021-10-27,0.005634316953638141
2021-10-28,0.014064336536536048
2021-10-29,-0.0031414021015182536
2021-11-01,0.00911254838743325
2021-11-02,-0.01415716110874321
2021-11-03,0.003519334366862692
2021-11-04,0.010521088949264179
2021-11-05,0.0037887733659176526
2021-11-08,-0.021689277154616105
2021-11-09,0.01305404836588231
2021-11-10,-0.016290461996564143
2021-11-11,0.023085705264126233
2021-11-12,-0.0066885142877213255
2021-11-15,-0.005407642851460337
2021-11-16,-0.006574154412946953
2021-11-17,0.004737747781886403
2021-11-18,0.028518404850353285
2021-11-19,0.007209290085913311
2021-11-22,0.015789106468130587
2021-11-23,-0.0018050110344796089
2021-11-24,-0.01547966056030714
2021-11-26,-0.011578283017920632
2021-11-29,0.018270565994385146
2021-11-30,0.0015708199093389386
2021-12-01,0.015311744371204306
2021-12-02,-0.00235507320087347
2021-12-03,0.002338995000296107
2021-12-06,-0.012454274360227613
2021-12-07,0.029190804381136193
2021-12-08,-0.001899912098056622
2021-12-09,-0.004460651498725099
2021-12-10,0.011547826729805255
2021-12-13,-0.0025434854128909556
2021-12-14,-0.018351968923239315
2021-12-15,0.0002722992123502799
2021-12-16,0.008984428457404103
2021-12-17,-0.012537157090380169
2021-12-20,-0.021307966473419593
2021-12-21,0.015816018275262245
2021-12-22,0.005053508313628496
2021-12-23,0.0022215802423071196
2021-12-27,0.0044924098437160165
2021-12-28,0.009145913151061391
2021-12-29,0.0026181129553046745
2021-12-30,-0.008537048575020467
2021-12-31,0.001757741684868419
2022-01-03,0.028564312049850438
2022-01-04,-0.0007590480131209887
2022-01-05,-0.006612842956480347
2022-01-06,-0.007988481833334893
2022-01-07,0.004801039929355433
2022-01-10,-0.023582795364942122
2022-01-11,-0.0026946624691210896
2022-01-12,0.01183781447304666
2022-01-13,0.007075958199082688
2022-01-14,-0.008590785466420447
2022-01-18,-0.02121487436420011
2022-01-19,0.008945513551260387
2022-01-20,0.009058590537732947
2022-01-21,-0.005732615785450035
2022-01-24,-0.028193352925867665
2022-01-25,-0.02182854604791229
2022-01-26,0.03956061461556848
2022-01-27,0.0
2022-01-28,0.0
2022-01-31,0.0
2022-02-01,0.0071618263507255975
2022-02-02,0.02093358504997478
2022-02-03,-0.023210766951159423
2022-02-04,0.0007405327244505155
2022-02-07,0.0016043050473326659
2022-02-08,-0.00481569860860942
2022-02-09,0.016007044638496115
2022-02-10,-0.025783288279473515
2022-02-11,0.004413620864141876
2022-02-14,0.0029921155075585126
2022-02-15,0.010218492190896322
2022-02-16,-0.005368256262534565
2022-02-17,-0.008107872206208011
2022-02-18,0.0068371166940941475
2022-02-22,-0.006751867229102482
2022-02-23,0.004120387781058277
2022-02-24,-0.023964901411621664
2022-02-25,0.0004642463897519544
2022-02-28,0.0035053916134732965
2022-03-01,-0.0007163870348584345
2022-03-02,0.0012150236374157686
2022-03-03,-0.007319583848729216
2022-03-04,0.0035114789860866136
2022-03-07,2.1376404439887864e-05
2022-03-08,0.001779488109381555
2022-03-09,-0.010945353508460709
2022-03-10,0.010888224390237955
2022-03-11,-0.008062080623388868
2022-03-14,0.004202661412623376
2022-03-15,-0.004649980508220408
2022-03-16,-0.0025732959057090943
2022-03-17,-0.002675221710588205
2022-03-18,0.003264608568477323
2022-03-21,0.001926209063959794
2022-03-22,-0.0020928880364050606
2022-03-23,0.002958281861230816
2022-03-24,0.00031842985621044484
2022-03-25,-0.0022226511258804926
2022-03-28,-0.0021268185810676687
2022-03-29,-0.0025286355015072814
2022-03-30,0.0019872982414890217
2022-03-31,-0.00328816268915999
2022-04-01,0.001225906079413086
2022-04-04,0.0008099087821318296
2022-04-05,0.0009960666181973998
2022-04-06,0.0027996248025468073
2022-04-07,0.00301170360313896
2022-04-08,0.0006307980297319826
2022-04-11,0.0016764477200039707
2022-04-12,-0.0053977614470793744
2022-04-13,0.001431305671502514
2022-04-14,0.0025728351672826832
2022-04-18,0.00111197897793347
2022-04-19,0.0007935796039448828
2022-04-20,0.0017498469896422009
2022-04-21,-0.007127935440548461
2022-04-22,0.0007530081062989691
2022-04-25,0.003854435521448263
2022-04-26,0.0025983878696036466
2022-04-27,-0.0025367697793056143
2022-04-28,-0.007728202564521558
2022-04-29,0.006439519379946912
2022-05-02,0.0021295552366003
2022-05-03,-0.0005754988571006203
2022-05-04,0.008595174009604412
2022-05-05,0.012491031807609687
2022-05-06,0.007194927462864431
2022-05-09,0.01722544311698382
2022-05-10,-0.012031643326779529
2022-05-11,0.007101474119738382
2022-05-12,0.013760031721519184
2022-05-13,-0.01352955725787941
2022-05-16,0.0009363370750181677
2022-05-17,-0.005446602308284865
2022-05-18,0.013513491071407868
2022-05-19,0.006292601276548959
2022-05-20,-0.011431489979953025
2022-05-23,-0.00933371413084838
2022-05-24,0.008967961422728932
2022-05-25,0.002555949268227442
2022-05-26,-0.007274984761867498
2022-05-27,-0.003635681948505276
2022-05-31,0.001873568706842521
2022-06-01,-0.0045005350003820555
2022-06-02,0.003154638365546081
2022-06-03,0.01516855189000621
2022-06-06,-0.013448713973944093
2022-06-07,0.010179162698768174
2022-06-08,0.0023350772043617685
2022-06-09,0.005339010724347393
2022-06-10,0.01728388135949044
2022-06-13,0.0280785388042315
2022-06-14,-0.007195132554338346
2022-06-15,-0.010856934058147916
2022-06-16,0.02322114870458525
2022-06-17,-0.0014072251950851822
2022-06-21,-0.015009294053656141
2022-06-22,0.008161460522734698
2022-06-23,-0.008031594016043697
2022-06-24,-0.009393175168629031
2022-06-27,-0.00488138241575975
2022-06-28,-0.0012692001090531813
2022-06-29,0.0007926667326285664
2022-06-30,0.009691068962153215
2022-07-01,0.0039769117781036645
2022-07-05,0.007505771775576875
2022-07-06,-0.0007126815296963906
2022-07-07,0.0017575895086938687
2022-07-08,0.004371246562852482
2022-07-11,0.003410056826981478
2022-07-12,-0.002842850182984469
2022-07-13,0.012615453698369361
2022-07-14,0.008563146305607061
2022-07-15,-0.0066300836443642375
2022-07-18,-0.00422124138438984
2022-07-19,-0.007176108978689144
2022-07-20,-0.0027641134009295243
2022-07-21,-0.000856352283729489
2022-07-22,0.00047380081315884226
2022-07-25,-0.003331734284947707
2022-07-26,0.003960950311890699
2022-07-27,-0.008671386147059534
2022-07-28,0.0020785734309549664
2022-07-29,-0.0068274071598718455
2022-08-01,0.006187667211453585
2022-08-02,0.00046352023371687423
2022-08-03,-0.0014384984991598904
2022-08-04,0.002636008151722491
2022-08-05,-0.0004949986403238738
2022-08-08,0.004143949020463333
2022-08-09,0.0012936882161873609
2022-08-10,0.005486130064601857
2022-08-11,-0.006782058280203729
2022-08-12,-0.005200822964250618
2022-08-15,0.002712133541873385
2022-08-16,0.004353702209552113
2022-08-17,0.00023589921122058044
2022-08-18,0.0011968572376788167
2022-08-19,-0.0007530549032848111
2022-08-22,0.001287611008899514
2022-08-23,0.0027186147212716616
2022-08-24,0.0010376259705549007
2022-08-25,0.0029469203705165814
2022-08-26,0.0005303370647917749
2022-08-29,0.0014364037030367705
2022-08-30,0.0013487700681860115
2022-08-31,-0.00426747713269926
2022-09-01,0.0003530717849615783
2022-09-02,-0.0059845936793515575
2022-09-06,-0.00026673032812241093
2022-09-07,0.0001292117431737072
2022-09-08,0.0046115094035656945
2022-09-09,-0.004049382576081895
2022-09-12,-0.0048239468855518775
2022-09-13,0.017172155964537916
2022-09-14,-0.002644417849941849
2022-09-15,0.004453052803992774
2022-09-16,0.008196631205884541
2022-09-19,0.005191839098978912
2022-09-20,0.005667538619404056
2022-09-21,-0.0024246131368528268
2022-09-22,0.0030895981887644197
2022-09-23,0.005534088115594082
2022-09-26,0.0016960146748103977
2022-09-27,-0.007219019782378044
2022-09-28,-0.00017356237733412438
2022-09-29,0.008994554723896542
2022-09-30,0.0019648892467585277
2022-10-03,-0.003373415565406046
2022-10-04,-0.01811475055734213
2022-10-05,0.011962791300705877
2022-10-06,0.0038945977709825552
2022-10-07,0.015461555298218688
2022-10-10,-0.0008633349133997381
2022-10-11,0.005268332539916765
2022-10-12,-0.0014715639999667296
2022-10-13,0.026187825423876543
2022-10-14,-0.008323439633448615
2022-10-17,-0.02138861050007068
2022-10-18,-0.02425853647794385
2022-10-19,0.005089183569902955
2022-10-20,0.003568953477819159
2022-10-21,0.003454212800813261
2022-10-24,-0.0009430331161262018
2022-10-25,-0.0028713813271498134
2022-10-26,0.017959626954563657
2022-10-27,0.003899141576357179
2022-10-28,0.002336876161343149
2022-10-31,0.0071741355929182404
2022-11-01,-0.011329397209527303
2022-11-02,0.00546303022993988
2022-11-03,0.007104056809404735
2022-11-04,-0.009541347242557618
2022-11-07,-0.0035768702935813357
2022-11-08,-0.0054109762704736
2022-11-09,0.006329852916906464
2022-11-10,-0.030494756424272795
2022-11-11,-0.00012747507890542575
2022-11-14,0.006558482669606347
2022-11-15,-0.021353135959966463
2022-11-16,-0.0009685273779721504
2022-11-17,0.010264003474491412
2022-11-18,-0.005770024242469751
2022-11-21,0.0011216543445731197
2022-11-22,-0.0014829045261721685
2022-11-23,0.0002974160199311626
2022-11-25,0.002853067628288075
2022-11-28,0.003371275467780821
2022-11-29,-0.00018445293840485544
2022-11-30,-0.00043119427413718103
2022-12-01,0.0003452080310137884
2022-12-02,0.010761266323562335
2022-12-05,0.0046456724246553005
2022-12-06,0.0009081453694426145
2022-12-07,0.0033989957909152935
2022-12-08,-0.0030668029169089728
2022-12-09,0.0037850143418975968
2022-12-12,-0.0008689920891477021
2022-12-13,-0.026213510710602628
2022-12-14,0.0017997433930505569
2022-12-15,0.012761628929897073
2022-12-16,0.002644536535746811
2022-12-19,-0.0005787531371491683
2022-12-20,0.002595513839413366
2022-12-21,-0.001978357690348931
2022-12-22,0.008433390770541171
2022-12-23,0.004464648812647631
2022-12-27,0.002685633939222276
2022-12-28,0.0014465349940961936
2022-12-29,-0.007142828626848341
2022-12-30,0.007270625845582801
2023-01-03,-0.005446889526582899
2023-01-04,-0.00404092445336901
2023-01-05,0.004240716483662421
2023-01-06,-0.0030303029693641292
2023-01-09,-0.006825981423039806
2023-01-10,0.002737498130390703
2023-01-11,-0.003467771704963707
2023-01-12,-0.0006040389734647267
2023-01-13,0.007112015134119076
2023-01-17,2.5396292434809453e-05
2023-01-18,-0.004224224695665746
2023-01-19,0.004741971847439075
2023-01-20,-0.00300268458945252
2023-01-23,-0.0020638612328398587
2023-01-24,0.004347933796906345
2023-01-25,0.011565671951790701
2023-01-26,-0.009249665788811368
2023-01-27,0.002804329708196107
2023-01-30,0.007553465700328443
2023-01-31,-0.00021742206246377904
2023-02-01,0.0008549135977811151
2023-02-02,-0.017701382114465924
2023-02-03,0.011603244460965723
2023-02-06,0.00391093580588886
2023-02-07,0.0012472330009460908
2023-02-08,0.0036136595696854013
2023-02-09,-0.007001748950103415
2023-02-10,0.0019158481240078018
2023-02-13,-0.001570607400628532
2023-02-14,0.002782457418965212
2023-02-15,0.00258533375589054
2023-02-16,-0.007317562859619597
2023-02-17,-0.0033028924462589204
2023-02-21,-0.005236049279858546
2023-02-22,0.0016577272001558896
2023-02-23,0.016161455056166174
2023-02-24,0.0
2023-02-27,0.0
2023-02-28,0.0
2023-03-01,8.793719744448758e-05
2023-03-02,-0.0031927000667723027
2023-03-03,0.000978668064639976
2023-03-06,-0.000304371502743761
2023-03-07,0.0005225925070087012
2023-03-08,0.0015276329807960565
2023-03-09,-0.00024286760107505856
2023-03-10,0.00048429836743979493
2023-03-13,-0.0032117126814734664
2023-03-14,0.0057598822499644875
2023-03-15,-0.004714508747257873
2023-03-16,-0.002167111564635227
2023-03-17,0.0022248623563903003
2023-03-20,-0.0015361812368342997
2023-03-21,0.003420349909818654
2023-03-22,0.001477164121034935
2023-03-23,0.007046660255583204
2023-03-24,-0.002191875043850211
2023-03-27,0.0011907781218141178
2023-03-28,-0.0006994471831677229
2023-03-29,0.004672773067074365
2023-03-30,0.004158069407462994
2023-03-31,-0.0009680810146002194
2023-04-03,-0.002541572111571022
2023-04-04,0.0012718248143912536
2023-04-05,-0.005820544150721307
2023-04-06,-0.005353684865509245
2023-04-10,-0.005508075133658585
2023-04-11,0.00090326463664403
2023-04-12,0.00464648454743366
2023-04-13,0.0039747959033729074
2023-04-14,-0.0028488454684496567
2023-04-17,-0.0018416924992428196
2023-04-18,0.006799852957832808
2023-04-19,-0.006015867184315349
2023-04-20,-0.004715821011249677
2023-04-21,-0.0020838524026610683
2023-04-24,-0.001135775780983117
2023-04-25,-0.0027590492599633976
2023-04-26,0.011386560696706738
2023-04-27,0.008975830549020625
2023-04-28,-0.000566061895355463
2023-05-01,0.0005859388534847909
2023-05-02,-0.0010729266302555995
2023-05-03,-0.0043492995998165584
2023-05-04,-1.6778756230628744e-05
2023-05-05,0.0013494795665092152
2023-05-08,-0.0012957833209129577
2023-05-09,-0.0035868316707881043
2023-05-10,0.006025556369881224
2023-05-11,0.0006691279552020202
2023-05-12,0.0003764619937971503
2023-05-15,0.002560231145842584
2023-05-16,-0.002158336671947203
2023-05-17,0.004043309600036515
2023-05-18,0.00270357973786739
2023-05-19,-0.002041070889209795
2023-05-22,-0.0022534339487302324
2023-05-23,-0.0037084338901141045
2023-05-24,-0.0061656525984712385
2023-05-25,0.046258312454574124
2023-05-26,0.0
2023-05-30,0.0
2023-05-31,0.0
2023-06-01,0.0015847755168070243
2023-06-02,0.0098054550602511
2023-06-05,0.000985531325866651
2023-06-06,-0.004618797751766213
2023-06-07,0.011682152801911982
2023-06-08,0.001974897073273141
2023-06-09,0.026548981378997194
2023-06-12,0.012657214947690898
2023-06-13,0.016103264763611902
2023-06-14,0.0018779587499391237
2023-06-15,-0.01728186826230138
2023-06-16,0.015006066468318258
2023-06-20,-0.0013353829058613265
2023-06-21,-0.0021853148771081576
2023-06-22,-0.01868530739563068
2023-06-23,-0.01929244883535719
2023-06-26,-0.008220601579947417
2023-06-27,0.009742897381787463
2023-06-28,-0.011480035839585456
2023-06-29,0.007197553058954975
2023-06-30,0.01624257199970991
2023-07-03,0.025103606072955476
2023-07-05,-0.003629912089796128
2023-07-06,-0.01314803823860422
2023-07-07,0.004237281459027464
2023-07-10,0.003977409185237146
2023-07-11,-0.0009816267462710027
2023-07-12,0.017319769289416476
2023-07-13,0.011878251311674637
2023-07-14,0.001914587139473678
2023-07-17,0.010756682998006362
2023-07-18,-0.0004323766827820652
2023-07-19,0.006174256589087879
2023-07-20,-0.022122795807859252
2023-07-21,0.011359693297877671
2023-07-24,-0.0019006118444595543
2023-07-25,0.007751672482345873
2023-07-26,-0.004918636259120479
2023-07-27,0.022127700896994007
2023-07-28,0.01460665778196768
2023-07-31,0.0029086097986879
2023-08-01,-0.003657743438405192
2023-08-02,-0.013131262013587275
2023-08-03,-0.007994527813440122
2023-08-04,0.00906536152162385
2023-08-07,0.0024711959689511787
2023-08-08,-0.012298297015126192
2023-08-09,-4.7790257335256214e-05
2023-08-10,0.006833173381552982
2023-08-11,-0.01128151195729421
2023-08-14,-0.009836378432962145
2023-08-15,0.00016597065535850497
2023-08-16,-0.0045098486545683825
2023-08-17,0.0038247608980710446
2023-08-18,-0.01598321137650993
2023-08-21,0.014234470076299743
2023-08-22,0.01775602455959091
2023-08-23,-0.0010039273315297637
2023-08-24,0.021132396292567135
2023-08-25,0.001497028963369118
2023-08-28,0.010402388967126086
2023-08-29,-0.002274262608754629
2023-08-30,-0.0012174695631774757
2023-08-31,-0.0005433237555481085
2023-09-01,0.0059718565266275725
2023-09-05,-0.003179954173735733
2023-09-06,-0.0030907062525179496
2023-09-07,-0.023851737590435795
2023-09-08,-0.0018212379194130213
2023-09-11,0.023758647303117497
2023-09-12,-0.00822585071829196
2023-09-13,0.0013088662384368455
2023-09-14,0.0049390280983236945
2023-09-15,-0.0018879103107575235
2023-09-18,-0.01079173753132967
2023-09-19,-0.004206979886826057
2023-09-20,0.002583592188973194
2023-09-21,-0.015116633909702859
2023-09-22,0.00813079578606768
2023-09-25,-0.003434516471112481
2023-09-26,-0.009936089345575994
2023-09-27,0.003962724067706702
2023-09-28,-0.003527260342045979
2023-09-29,0.013949550134912059
2023-10-02,-0.003228495819622812
2023-10-03,-0.004837971269749164
2023-10-04,0.006621948115802967
2023-10-05,0.00535678826733843
2023-10-06,0.00015515564081991506
2023-10-09,-0.0013842981907130625
2023-10-10,0.012741166705738882
2023-10-11,0.007359054630390771
2023-10-12,0.0008522081131459025
2023-10-13,0.00013606492885465116
2023-10-16,-0.0010407026495660165
2023-10-17,-0.009894201431160266
2023-10-18,-0.006336782761292237
2023-10-19,0.003487829758178407
2023-10-20,-0.0007029155624745931
2023-10-23,-0.0012095166235120969
2023-10-24,0.0012899103885706253
2023-10-25,-0.0017237922296090558
2023-10-26,0.00029073288160796906
2023-10-27,0.004649906060669506
2023-10-30,0.0026084809561728317
2023-10-31,-0.002722370538453589
2023-11-01,0.0005563348801163048
2023-11-02,0.004990219654191552
2023-11-03,0.0031428176527896756
2023-11-06,0.0014027165064529612
2023-11-07,-0.00011480090723103853
2023-11-08,0.000670447721316414
2023-11-09,0.004231412710232085
2023-11-10,0.003221198762067168
2023-11-13,-0.0006330527827905774
2023-11-14,0.006811152752440375
2023-11-15,0.0018326935095229757
2023-11-16,-0.0017278152262698576
2023-11-17,0.00013032372317511864
2023-11-20,0.0001663681181558463
2023-11-21,-0.002186188286354751
2023-11-22,0.00032490742008017826
2023-11-24,-0.0011028337376393083
2023-11-27,-0.0002434341395215478
2023-11-28,-0.000780343595147337
2023-11-29,0.0034782417490277773
2023-11-30,-0.0006062832338633584
2023-12-01,-0.0018294402894806217
2023-12-04,-0.011648511610786061
2023-12-05,-0.006185068288765527
2023-12-06,0.010377627382203825
2023-12-07,0.006570422140488086
2023-12-08,-0.005026227436074837
2023-12-11,-0.0014805720750057372
2023-12-12,-0.0046239043285725145
2023-12-13,-0.0020918239357204937
2023-12-14,0.00410232141729816
2023-12-15,0.0016599302450084341
2023-12-18,0.0029009992833728404
2023-12-19,-0.0006563983553994346
2023-12-20,-0.0027632047703748386
2023-12-21,0.01366223018548629
2023-12-22,0.003366544561482998
2023-12-26,0.004232733443736647
2023-12-27,0.003935818675653069
2023-12-28,0.004589994835464628
2023-12-29,0.0033899300717583625
2024-01-02,-0.004073517071622734
2024-01-03,-0.007789130630714958
2024-01-04,-0.0017624818198418435
2024-01-05,0.0019214045367648147
2024-01-08,0.004563247453806429
2024-01-09,-0.0033171603895026935
2024-01-10,0.0030492996733610944
2024-01-11,0.005211516231897084
2024-01-12,0.0011419361714513077
2024-01-16,0.0029437615702676556
2024-01-17,-0.0035112721299609406
2024-01-18,0.01130649635594505
2024-01-19,0.0068238343275963675
2024-01-22,0.005128066792052577
2024-01-23,-0.0009158330296533679
2024-01-24,0.009550993451056922
2024-01-25,0.010208949413404333
2024-01-26,-0.008378851668036758
2024-01-29,0.0027403538564327867
2024-01-30,-0.0005297851410985821
2024-01-31,-0.014642559043995473
2024-02-01,0.00590301195109233
2024-02-02,0.01731905700847647
2024-02-05,0.006814864182030256
2024-02-06,0.0022783531290742065
2024-02-07,0.004288676140278946
2024-02-08,0.0005333051175522296
2024-02-09,0.006809832970662288
2024-02-12,0.0024303155890672556
2024-02-13,-0.0248626401702281
2024-02-14,0.013752328299167837
2024-02-15,0.00294388544343982
2024-02-16,0.0055901355750513915
2024-02-20,-0.007954456013799738
2024-02-21,-0.014058438293301445
2024-02-22,0.05096772979984099
2024-02-23,0.0
2024-02-26,0.0
2024-02-27,0.0
2024-02-28,-0.007614342285057751
2024-02-29,0.011690656783955866
2024-03-01,0.006962376180764673
2024-03-04,0.011809177304299423
2024-03-05,-0.007170584399135205
2024-03-06,0.022880791347758445
2024-03-07,0.013739305291259551
2024-03-08,0.010714668773608382
2024-03-11,-0.009466722752790035
2024-03-12,0.01555586634575179
2024-03-13,-0.006124299958839008
2024-03-14,-0.005574736841810757
2024-03-15,-0.010727378882271488
2024-03-18,0.015780722665824642
2024-03-19,-0.01973454567574151
2024-03-20,0.003948355588174524
2024-03-21,0.023291075363028435
2024-03-22,-0.005158579355420079
2024-03-25,-0.005803691944387124
2024-03-26,0.00748566623176794
2024-03-27,0.009696210252328141
2024-03-28,-0.0005430021501875437
2024-04-01,-0.0004192000369686033
2024-04-02,-0.020435549651085405
2024-04-03,-0.007610871920822215
2024-04-04,0.015815522639795798
2024-04-05,0.006821108455057567
2024-04-08,0.007690914621430567
2024-04-09,0.004299824410467279
2024-04-10,-0.01427656816398959
2024-04-11,0.003230273986100096
2024-04-12,-0.011727822811822164
2024-04-15,0.008108563571630034
2024-04-16,0.001070985057146423
2024-04-17,0.00481483912292191
2024-04-18,0.003951183416280202
2024-04-19,-0.007681298873148279
2024-04-22,0.010798800685190013
2024-04-23,0.008203309122361002
2024-04-24,0.01017037939166987
2024-04-25,-0.016933343509056065
2024-04-26,0.006101387991012119
2024-04-29,0.00010609786723447812
2024-04-30,-0.00370596194009154
2024-05-01,-0.008828952140790713
2024-05-02,0.009679363861293089
2024-05-03,0.014101177853879099
2024-05-06,0.006369143874014771
2024-05-07,-0.003495838510998772
2024-05-08,-0.007979365125914906
2024-05-09,-0.00044117038734603486
2024-05-10,0.007400276320461252
2024-05-13,0.002022187684659338
2024-05-14,-0.004573135566042441
2024-05-15,0.007392518919726365
2024-05-16,0.0006117343244524953
2024-05-17,0.0030660492278724583
2024-05-20,0.004378066389014279
2024-05-21,-0.006595624829241475
2024-05-22,0.0024991506623217585
2024-05-23,0.025260273464531746
2024-05-24,0.0
2024-05-28,0.0
2024-05-29,0.0
2024-05-30,-0.00041859821622514115
2024-05-31,0.005786509065316414
2024-06-03,0.015916042756564996
2024-06-04,0.0009300333334540944
2024-06-05,0.010733531397016938
2024-06-06,0.0042580083672822955
2024-06-07,-0.0029905340141612724
2024-06-10,-0.0038909488669615078
2024-06-11,-0.0014926487579098868
2024-06-12,0.011859325087232087
2024-06-13,0.014195913301382257
2024-06-14,-0.0011943443142351517
2024-06-17,0.00364911403764423
2024-06-18,0.0003366372897717351
2024-06-20,0.012857837008903417
2024-06-21,-0.01190463468254832
2024-06-24,-0.011429143266438624
2024-06-25,0.01127611139098672
2024-06-26,-0.0005944216561465376
2024-06-27,-0.006534842268184682
2024-06-28,0.0022844324683097827
2024-07-01,0.0008300879810805295
2024-07-02,-0.01131534467986317
2024-07-03,-0.0029519618348066157
2024-07-05,-7.216339566795682e-06
2024-07-08,0.0055012345073062185
2024-07-09,0.006722979955350983
2024-07-10,0.008921331933336774
2024-07-11,0.0018328733096557581
2024-07-12,0.002045721471179096
2024-07-15,0.008114432764930513
2024-07-16,0.0028362432125073056
2024-07-17,-0.025849066329123427
2024-07-18,0.014657240895563639
2024-07-19,-0.003155536021282712
2024-07-22,0.012788925461130862
2024-07-23,-0.002021633857963945
2024-07-24,-0.014093534893103055
2024-07-25,-0.0024608576454743236
2024-07-26,0.014104452394583689
2024-07-29,0.005043504196482473
2024-07-30,0.00215425035958261
2024-07-31,0.030425573016341634
2024-08-01,0.0
2024-08-02,0.0
2024-08-05,0.0
2024-08-06,0.010311518475914383
2024-08-07,0.016888062552267602
2024-08-08,0.018240525073363933
2024-08-09,-0.0018112789447611854
2024-08-12,0.0030576819598235883
2024-08-13,0.012183486928003084
2024-08-14,0.006413661025325368
2024-08-15,0.011206529843720503
2024-08-16,-0.005365436270262314
2024-08-19,0.0003435934618716274
2024-08-20,-0.002590872570012559
2024-08-21,0.0016636123419433435
2024-08-22,0.005981660089326102
2024-08-23,0.010063804550283661
2024-08-26,-0.0025223695817244707
2024-08-27,-0.00515119837919098
2024-08-28,-0.0005616286836592765
2024-08-29,-0.0019269224829810971
2024-08-30,0.0093718663370983
2024-09-03,-0.009508072306034676
2024-09-04,-0.007860382798480559
2024-09-05,-0.0022872721053939227
2024-09-06,0.0019016012611530186
2024-09-09,0.010250259945295603
2024-09-10,0.004841888688869034
2024-09-11,0.0026809117825248308
2024-09-12,-0.0016710027643878078
2024-09-13,0.000359413955870469
2024-09-16,-0.008201497072557906
2024-09-17,0.005926485571908557
2024-09-18,0.0021043782121059618
2024-09-19,0.018780058546622014
2024-09-20,-0.0028202037436564353
2024-09-23,0.003721505819987092
2024-09-24,0.004062419432286912
2024-09-25,-0.00023644289514668237
2024-09-26,0.015031124266140283
2024-09-27,0.0021157245700178517
2024-09-30,-0.007293218203041296
2024-10-01,7.449007309690003e-05
2024-10-02,-0.00121871469361301
2024-10-03,0.0030646003680130374
2024-10-04,0.0055526335315192465
2024-10-07,-0.000244980574861664
2024-10-08,0.003986905215089376
2024-10-09,0.0016545646351535659
2024-10-10,-0.0018535415861117288
2024-10-11,-0.0017565000474415449
2024-10-14,0.00397119362436249
2024-10-15,-0.000537633348442923
2024-10-16,0.004847888596012151
2024-10-17,0.007491064119971469
2024-10-18,0.0033441903348947477
2024-10-21,4.982061126890258e-05
2024-10-22,-0.001963745658920768
2024-10-23,-0.003489526796519815
2024-10-24,0.003259865146818086
2024-10-25,0.0018141156266426872
2024-10-28,0.003311036800890843
2024-10-29,0.0008183163157302609
2024-10-30,-0.006684127592244793
2024-10-31,-0.0027119859677162683
2024-11-01,0.0029025147904226944
2024-11-04,-0.0012554970030356216
2024-11-05,0.007711782266273559
2024-11-06,0.025553104855433828
2024-11-07,0.0
2024-11-08,0.0
2024-11-11,0.0
2024-11-12,-0.002637777490466009
2024-11-13,0.005436888834357001
2024-11-14,0.0024101191223668827
2024-11-15,-0.005023989247419425
2024-11-18,0.010435285245237624
2024-11-19,-0.0027022051101098787
2024-11-20,0.0037779533966115775
2024-11-21,0.01525231197382615
2024-11-22,0.0010727309500484505
2024-11-25,0.0116502829018994
2024-11-26,0.00019868650138410437
2024-11-27,0.004477567191070397
2024-11-29,0.006876024891310006
2024-12-02,0.0067549443578132085
2024-12-03,-0.002642845461191201
2024-12-04,0.004733875491871542
2024-12-05,0.006355566826886427
2024-12-06,0.0011627306341643884
2024-12-09,-0.0044965467959011685
2024-12-10,0.0020663084786733954
2024-12-11,0.005407964989059488
2024-12-12,-0.0022576680674262217
2024-12-13,0.0076317193077899415
2024-12-16,0.003844072720501357
2024-12-17,-0.0037701651745658538
2024-12-18,0.0038208501737466705
2024-12-19,0.0056505727108306925
2024-12-20,-0.0023727609852011167
2024-12-23,0.00212024967536939
2024-12-24,0.004195343655717165
2024-12-26,-0.0019146408743009324
2024-12-27,-0.001425524096947628
2024-12-30,-0.005806986328586117
2024-12-31,0.0023653649358166273
2025-01-02,0.00435194784126014
2025-01-03,0.002872494622575106
2025-01-06,0.00800220194001433
2025-01-07,0.0033797574251364093
2025-01-08,0.0012517222207542034
2025-01-10,-0.0037961746826962184
2025-01-13,-0.009879846955680227
2025-01-14,0.005439529794714737
2025-01-15,0.0054682486145805065
2025-01-16,0.004246933250117602
2025-01-17,0.00733779561387915
2025-01-21,0.0024104013115655576
2025-01-22,0.004707558521789945
2025-01-23,-0.004225056665284055
2025-01-24,0.0025875063271028065
2025-01-27,-0.025288781828825546
2025-01-28,0.0040124196212616425
2025-01-29,-0.001447759895694789
2025-01-30,0.002638957049657442
2025-01-31,-0.0002704733393597003
2025-02-03,-0.01193929318562248
2025-02-04,-0.00020926162422207906
2025-02-05,0.004291170173332137
2025-02-06,0.003852231265872641
2025-02-07,0.0021825979847061028
2025-02-10,0.001781993638231505
2025-02-11,-0.0026675343501760818
2025-02-12,-0.0062579563186461185
2025-02-13,0.0005737028495857999
2025-02-14,0.0017550693997432365
2025-02-18,0.00369513513854991
2025-02-19,0.0002174755563275621
2025-02-20,0.0013643654140940153
2025-02-21,0.0006421456268841386
2025-02-24,0.0037241348373890926
2025-02-25,-0.0017004023088612596
2025-02-26,0.006013631185972201
2025-02-27,0.005961500302309908
2025-02-28,-0.0030434731927944103
2025-03-03,0.0021092488123606312
2025-03-04,-0.005189153059179219
2025-03-05,0.0028904184693323565
2025-03-06,-0.008905734654067188
2025-03-07,0.0014890647011591707
2025-03-10,-0.00711798288733434
2025-03-11,0.0013232890854124602
2025-03-12,0.009630339687911382
2025-03-13,0.0
2025-03-14,0.0
2025-03-17,0.0
2025-03-18,-0.0041801743948477466
2025-03-19,0.0035303441913869804
2025-03-20,-0.0028719661656254614
2025-03-21,-0.004631390697332427
2025-03-24,0.006005363229644178
2025-03-25,-0.0016704575821437917
2025-03-26,-0.0038946792712876155
2025-03-27,-0.00552230712939894
2025-03-28,-0.0008735243318076513
2025-03-31,0.004481177547823512
2025-04-01,0.003951154093248643
2025-04-02,0.006980872664431148
2025-04-03,0.02212274328511188
2025-04-04,0.019632768037308956
2025-04-07,0.01845921285716079
2025-04-08,-0.01823673585129726
2025-04-09,0.0010761035175916867
2025-04-10,0.020303377446474702
2025-04-11,0.0034545675924999575
2025-04-14,-0.012275788408401045
2025-04-15,-0.0019464043826518118
2025-04-16,0.01782683001899854
2025-04-17,-0.005137549122848584
2025-04-21,0.007512164340688798
2025-04-22,-0.007058024607427438
2025-04-23,-0.0143409913640824
2025-04-24,-0.00427849222738419
2025-04-25,0.0009168431541011213
2025-04-28,-0.0005687077812566166
2025-04-29,0.002449937531043611
2025-04-30,0.006154321357553227
2025-05-01,-0.005201267824926581
2025-05-02,-0.00969678175292088
2025-05-05,0.007759490264617641
2025-05-06,0.011942375490543888
2025-05-07,-0.0009508319184101666
2025-05-08,-0.005434156192437811
2025-05-09,-0.002103302160269549
2025-05-12,-0.024625884990703728
2025-05-13,-0.0023696477970845953
2025-05-14,-0.0019867773070996186
2025-05-15,0.003791086623040618
2025-05-16,0.00030953187554438877
2025-05-19,0.007436437574431132
2025-05-20,0.0025303066673423302
2025-05-21,0.005019214750996648
2025-05-22,-3.244515408740156e-05
2025-05-23,0.009865068596197846
2025-05-27,-0.0071758567816379015
2025-05-28,0.0005498910422729875
2025-05-29,0.008981061368913412
2025-05-30,0.0
2025-06-02,0.0
2025-06-03,0.0
2025-06-04,0.001082395818720494
2025-06-05,-0.002145603799776463
2025-06-06,0.013184270905796547
2025-06-09,-0.0025901539732514633
2025-06-10,0.0033608841192303007
2025-06-11,0.006056652465446177
2025-06-12,-0.0038740171816944446
2025-06-13,-0.009558827375610646
2025-06-16,0.007684188753263044
2025-06-17,-0.0032879542604150602
2025-06-18,0.0010021254247518652
2025-06-20,0.005470808196472499
2025-06-23,0.0017922573762034766
2025-06-24,0.008498430369207943
2025-06-25,0.004051292400096385
2025-06-26,0.0020583832808565017
2025-06-27,0.0006870404659420348
2025-06-30,0.0037410961286392652
2025-07-01,-0.013248870758300946
2025-07-02,-0.000817159614240337
2025-07-03,0.003497707642553749
2025-07-07,-0.0022988567630315426
2025-07-08,0.0025617968023281534
2025-07-09,0.002133149247700361
2025-07-10,0.0028210397134791343
2025-07-11,-0.0015779586468775975
2025-07-14,-0.00024636987901893725
2025-07-15,0.008425486521473458
2025-07-16,0.00012575293386518638
2025-07-17,0.0005907813648258209
2025-07-18,0.001512919342822494
2025-07-21,0.000985655724946355
2025-07-22,-0.00031585077059270716
2025-07-23,0.0019731768491302315
2025-07-24,0.0028559314063065777
2025-07-25,-0.0010110939400231889
2025-07-28,0.0029144592526049173
2025-07-29,0.002805756802808812
2025-07-30,0.0011740609113413125
2025-07-31,0.008187183744130966
2025-08-01,-0.007473194395891669
2025-08-04,0.005451444889968071
2025-08-05,0.0031916879015123634
2025-08-06,-0.0030425850785569253
2025-08-07,0.004625947343416925
2025-08-08,0.0020943381537794625
2025-08-11,-5.602352212463746e-05
2025-08-12,0.0031006731491747264
2025-08-13,0.0029921457955368602
2025-08-14,-0.0037948758849900566
2025-08-15,-1.705698281861956e-05
2025-08-18,-0.002036293841169323
2025-08-19,-0.0015672587913168057
2025-08-20,-0.00279678157877572
2025-08-21,-0.0010250819550379209
2025-08-22,-0.0015881028687881882
2025-08-25,-0.002068404154820014
2025-08-26,0.0006873175253672148
2025-08-27,-2.084625810083729e-06
2025-08-28,0.0006155182460132469
2025-08-29,-0.003418395318682599
2025-09-02,-0.010953043190304212
2025-09-03,0.005124728027746439
2025-09-04,0.0007068515748962501
2025-09-05,0.0047271014854510796
2025-09-08,0.0038081659809616752
2025-09-09,0.002645392246162892
2025-09-10,0.009741952256386632
2025-09-11,0.0043079989029017884
2025-09-12,0.0029565376416389455
2025-09-15,0.007678335846297291
2025-09-16,0.0016018811909719322
2025-09-17,-0.00415302359508829
2025-09-18,0.008853820961248537
2025-09-19,0.002018967638780067
2025-09-22,-0.00031100870709632744
2025-09-23,0.0023911769306881325
2025-09-24,0.004236551828884938
2025-09-25,-0.009481356458955759
2025-09-26,0.003423529126786784
2025-09-29,0.005567284819971263
2025-09-30,-0.0012591715009850901
2025-10-01,-0.004158636697103257
2025-10-02,0.011090290464305541
2025-10-03,0.0033972084946836123
2025-10-06,0.017660775995083755
2025-10-07,0.0009014382082708217
2025-10-08,0.0036583521555457743
2025-10-09,-0.0016026510797870763
2025-10-10,0.0013589691468611775
2025-10-13,0.018110053906599033
2025-10-14,-0.012352738052974654
2025-10-15,0.012392227963400781
2025-10-16,0.003960556519132519
2025-10-17,-0.0047535677761292305
2025-10-20,0.0068619674974179645
2025-10-21,-0.0008437290488212401
2025-10-22,-0.0013749861141334474
2025-10-23,-0.005814859965441399
2025-10-24,0.008007560392546242
2025-10-27,0.01275505327278914
2025-10-28,0.003030663478865936
2025-10-29,0.008805365768377982
2025-10-30,-0.00856704962836663
2025-10-31,0.015433831460870184
2025-11-03,0.009640748065992799
2025-11-04,-0.018759720183218476
2025-11-05,0.0012916892816698944
2025-11-06,-0.00021164624978742275
2025-11-07,-0.008505817130240456
2025-11-10,0.017831797656754134
2025-11-11,-0.007368182598497364
2025-11-12,0.007733799716411305
2025-11-13,-0.00790984176216647
2025-11-14,-0.017072156993909737
2025-11-17,-0.006119353590738119
2025-11-18,-0.008483413227764025
2025-11-19,0.004201009744799533
2025-11-20,0.022569999288017728
2025-11-21,0.004762640070183455
2025-11-24,0.01101852608124232
2025-11-25,-0.007793401578373493
2025-11-26,0.00814657041719724
2025-11-28,0.002743284930698753
2025-12-01,-0.009077679152463825
2025-12-02,0.004092733668217052
2025-12-03,-0.0012700372027655282
2025-12-04,0.005254391721793095
2025-12-05,0.002815999832655125
2025-12-08,-0.00037117529797370263
2025-12-09,-0.002196755971291653
2025-12-10,-0.0005671869377689154
2025-12-11,-0.007070250286042912
2025-12-12,-0.0035904914353682704
2025-12-15,0.00885872858370007
2025-12-16,-0.0036181785338873507
2025-12-17,0.0003433092427818085
2025-12-18,0.01651224542821228
2025-12-19,0.00536554923582111
2025-12-22,0.010254904518299801
2025-12-23,-0.0013044063951680451
2025-12-24,-0.0003664685690566438
2025-12-26,0.0014937065940394678
2025-12-29,-0.006528652991303674
2025-12-30,0.00021083382465314493
2025-12-31,0.0016416790128206404
2026-01-02,0.009796945027640946
2026-01-05,0.010121981719054762
2026-01-06,0.0014851949543857046
2026-01-07,0.00016055833736960956
2026-01-08,3.5640499724154395e-05
2026-01-09,0.00216234982842467
2026-01-12,-0.0048728732393795715
2026-01-13,0.0015571772034108644
2026-01-14,-0.004916421394337123
2026-01-15,0.009259879297913498
2026-01-16,0.0059447779422354685
2026-01-20,-0.011012656069608662
2026-01-21,0.00399627770751354
2026-01-22,0.007108957151858553
2026-01-23,-0.001216441013684455
2026-01-26,-0.0017946465820534163
2026-01-27,0.00581721821670067
2026-01-28,0.0063500388352843995
2026-01-29,-0.000779749948965125
2026-01-30,-0.001235584705124415
2026-02-02,-0.005755941176581514
2026-02-03,0.006752417060016169
2026-02-04,-0.0042083749366023104
2026-02-05,-0.008577223444210413
2026-02-06,0.004074167592543754
2026-02-09,-0.004695149351302441
2026-02-10,0.0002779510234738325
2026-02-11,0.00994257159453027
2026-02-12,0.004211285402996312
2026-02-13,-0.0016165505775630473
2026-02-17,-0.006896289915842124
2026-02-18,0.002081198261824513
2026-02-19,-0.005173148835804553
2026-02-20,-0.004072741985681638
2026-02-23,-0.002187321941160447
2026-02-24,0.0029342819464024394
2026-02-25,0.005383369462751197
2026-02-26,-0.0027502124989069454
2026-02-27,-0.010335532738747544
2026-03-02,-0.012525266646893463
2026-03-03,-0.017655725028056235
2026-03-04,0.0058499008453194445
2026-03-05,-0.004269157264283341
2026-03-06,-0.01299310116728336
2026-03-09,-0.007392077031751709
2026-03-10,0.0011294649790531963
2026-03-11,0.002923518940504355
2026-03-12,-0.006122357678336132
2026-03-13,0.005060789281734035
2026-03-16,0.009219057225136718
2026-03-17,0.003644546191327702
2026-03-18,-0.0004926596587294663
2026-03-19,-0.01077746409280722
2026-03-20,-0.0012574965114284797
2026-03-23,0.010869980936471846
2026-03-24,-0.00476640248142246
2026-03-25,0.0057449874037796
2026-03-26,-0.00810255801905635
2026-03-27,-0.002745446494511139
2026-03-30,0.005230767551126281
2026-03-31,0.00763159893435561
2026-04-01,0.007398915200235168
2026-04-02,0.0018342596267284517
2026-04-06,0.0004183888475945974
2026-04-07,0.0027669352804540193
2026-04-08,-0.005832285417990302
2026-04-09,0.0005202528546559559
2026-04-10,-0.0021220242243836784
2026-04-13,0.002573157673183779
2026-04-14,0.004766746120897336
2026-04-15,-0.0014270839473246033
2026-04-16,-0.0006282530126952013
2026-04-17,0.0074164514297678785
2026-04-20,-4.067411331432069e-05
2026-04-21,0.002806580937214642
2026-04-22,0.008134016281841516
2026-04-23,0.0004122370124133301
2026-04-24,0.015629340546814197
2026-04-27,0.0014002340095597976
2026-04-28,-0.015821800921940632
2026-04-29,0.004827315808742405
2026-04-30,0.009754373312538256
2026-05-01,-0.0005045913277368363
2026-05-04,0.002808615357333677
2026-05-05,0.01171614598464199
2026-05-06,0.016931802014516828
2026-05-07,-0.003636232892802016
2026-05-08,0.010630337938603684
2026-05-11,0.007319344318806875
2026-05-12,-0.010941812375272031
2026-05-13,0.013326144734990608
2026-05-14,-0.004305074053599367
2026-05-15,-0.020765412493815805
2026-05-18,0.010848565299341306
2026-05-19,-0.010190912710997813
2026-05-20,0.014354273650129423
2026-05-21,-0.0027809886939862416
2026-05-22,0.00556500014835426
2026-05-26,0.020674901489686315
2026-05-27,0.011644117404705723
2026-05-28,0.000746522035880437
2026-05-29,0.008258884403337108
2026-06-01,0.0014460081990816942
2026-06-02,0.005723489143574234
2026-06-03,0.007875211129011683
2026-06-04,-0.029429529157686263
2026-06-05,-0.025118079755322098
2026-06-08,0.033897409112528365
2026-06-09,0.0
2026-06-10,0.0
2026-06-11,0.0
2026-06-12,-0.003979499798585806
2026-06-15,0.033211605680095735
2026-06-16,0.0
2026-06-17,0.0
2026-06-18,0.0
2026-06-22,0.01250667647222059
2026-06-23,-0.055058595170572655
2026-06-24,0.006911508354366935
2026-06-25,0.04879565062451596
2026-06-26,0.0
2026-06-29,0.0
2026-06-30,0.0
2026-07-01,-0.026179582441760996
2026-07-02,0.0010849611210668186
2026-07-06,0.015039572316036809
2026-07-07,-0.028308390539973916
2026-07-08,-0.01139355542334275
2026-07-09,0.026354209005220675
2026-07-10,0.0
2026-07-13,0.0
2026-07-14,0.0
2026-07-15,0.003772093018295619
2026-07-16,-0.014045651660468006
2026-07-17,-0.019197748863618025
2026-07-20,0.013781290654799827
2026-07-21,0.024169483095573208
2026-07-22,0.0
2026-07-23,0.0
2026-07-24,0.0
2026-07-27,0.006214536463280851
2026-07-28,-0.017207513356945148
2026-07-29,-8.69279842115045e-05
2026-07-30,0.020599836707346553
2026-07-31,0.0
2026-08-03,0.0
2026-08-04,0.0
2026-08-05,-0.0016070886647994165
2026-08-06,-0.010722296184075608
2026-08-07,0.01053436091483495
2026-08-10,-0.002753623729194632
2026-08-11,0.005415447226528425
2026-08-12,0.014035400862202785
2026-08-13,0.0011520005915970355
2026-08-14,0.0035067185069472817
