index,return
2000-01-03,0.0
2000-01-04,0.0
2000-01-05,0.0
2000-01-06,0.022460579887814136
2000-01-07,-0.03184031605523141
2000-01-10,0.038020208870339633
2000-01-11,-0.005510443609518467
2000-01-12,-0.002001654194791591
2000-01-13,0.016379123706823595
2000-01-14,-0.008280927092128021
2000-01-18,0.0032786812369460794
2000-01-19,0.014324771011577031
2000-01-20,0.0811146147636137
2000-01-21,0.0
2000-01-24,0.0
2000-01-25,0.0
2000-01-26,-0.04561491996602385
2000-01-27,0.02379909022990434
2000-01-28,-0.013193382882138782
2000-01-31,0.01555746585361617
2000-02-01,0.009531698097511088
2000-02-02,0.013820487298517703
2000-02-03,0.035479131589321256
2000-02-04,0.022927948360667916
2000-02-07,0.0037995773424090995
2000-02-08,0.010296049362124027
2000-02-09,0.02594559008387587
2000-02-10,0.05024937123765838
2000-02-11,0.03542507481016233
2000-02-14,-0.033850641581647634
2000-02-15,0.025521955299116383
2000-02-16,0.02796438259136247
2000-02-17,0.007476025833242028
2000-02-18,-0.01478035346670803
2000-02-22,-0.05262809815667502
2000-02-23,-0.004362856505504609
2000-02-24,0.018245201598666494
2000-02-25,-0.002220675025559893
2000-02-28,-0.0007240348223235271
2000-02-29,0.03085356601364353
2000-03-01,0.057527092441123306
2000-03-02,0.0
2000-03-03,0.0
2000-03-06,0.0
2000-03-07,0.0
2000-03-08,0.0
2000-03-09,0.0
2000-03-10,0.0
2000-03-13,0.0
2000-03-14,0.0
2000-03-15,0.0
2000-03-16,0.0
2000-03-17,0.0
2000-03-20,0.0
2000-03-21,0.0
2000-03-22,0.0
2000-03-23,0.0
2000-03-24,0.0
2000-03-27,0.0
2000-03-28,0.0
2000-03-29,0.0
2000-03-30,0.0
2000-03-31,0.0
2000-04-03,0.0
2000-04-04,0.03355912107822712
2000-04-05,-0.018330376897747747
2000-04-06,0.12455707702655228
2000-04-07,0.0
2000-04-10,0.0
2000-04-11,0.0
2000-04-12,-0.01518407451336079
2000-04-13,0.02272390157993831
2000-04-14,-0.07333431382361544
2000-04-17,-0.06277729311611491
2000-04-18,0.05700844621935408
2000-04-19,0.029333273769289958
2000-04-20,0.035871674921580166
2000-04-24,-0.09983791430859934
2000-04-25,0.06531410141333271
2000-04-26,0.0
2000-04-27,0.0
2000-04-28,0.0
2000-05-01,0.03448569782668809
2000-05-02,-0.0034471304371640477
2000-05-03,-0.017730630681813242
2000-05-04,-0.015944606855163412
2000-05-05,-0.014859106423181778
2000-05-08,-0.022942761254767463
2000-05-09,0.01972717017038428
2000-05-10,-0.021009173592854147
2000-05-11,0.02445630765870499
2000-05-12,0.025133199861102185
2000-05-15,0.0010218273974886838
2000-05-16,0.044046062702671085
2000-05-17,0.056800360737014
2000-05-18,0.0
2000-05-19,0.0
2000-05-22,0.0
2000-05-23,-0.0059079613898662675
2000-05-24,0.002069026769971005
2000-05-25,0.05221898236906686
2000-05-26,0.0
2000-05-30,0.0
2000-05-31,0.0
2000-06-01,0.060286134761665
2000-06-02,0.0
2000-06-05,0.0
2000-06-06,0.0
2000-06-07,0.002758229628794906
2000-06-08,0.04633103019386864
2000-06-09,0.0267633762025139
2000-06-12,0.016295432542238864
2000-06-13,-0.0279297360507359
2000-06-14,0.020999984818989015
2000-06-15,-0.0057435606602540545
2000-06-16,0.011378158470247701
2000-06-19,0.011810820690593582
2000-06-20,0.013286703405206657
2000-06-21,-0.023396714643002747
2000-06-22,0.016722122406207296
2000-06-23,-0.012038730154407262
2000-06-26,0.018771346781593756
2000-06-27,0.011786027381508468
2000-06-28,0.02029998965194535
2000-06-29,-0.0664879238376348
2000-06-30,0.02653906805468398
2000-07-03,0.03449029828050798
2000-07-05,-0.06729907212498698
2000-07-06,-0.0034586630713536737
2000-07-07,0.01325738412495614
2000-07-10,-0.010783390376143065
2000-07-11,-0.010436108586972415
2000-07-12,0.056684252673337765
2000-07-13,0.06388154331208229
2000-07-14,0.0
2000-07-17,0.0
2000-07-18,0.0
2000-07-19,-0.02665732109173835
2000-07-20,-0.008333938937080565
2000-07-21,-0.046208306340192684
2000-07-24,0.0151137882644099
2000-07-25,0.028557289641345074
2000-07-26,-0.03232812002102259
2000-07-27,-0.0700025672070812
2000-07-28,0.012225630580083635
2000-07-31,0.06971015166761108
2000-08-01,0.0
2000-08-02,0.0
2000-08-03,0.0
2000-08-04,0.03782996674250816
2000-08-07,-0.004756545557056513
2000-08-08,-0.006836314746142991
2000-08-09,0.04515364332866256
2000-08-10,-0.04741652015516251
2000-08-11,-0.0056110758325880195
2000-08-14,0.04488520334461432
2000-08-15,0.018529258070876242
2000-08-16,0.0541765544168209
2000-08-17,-0.03235814326089281
2000-08-18,0.022914176555664856
2000-08-21,0.03005212465556739
2000-08-22,-0.0324721965422613
2000-08-23,-0.004736749339634416
2000-08-24,0.008102291692258179
2000-08-25,-0.012233304035687564
2000-08-28,0.011458259556618833
2000-08-29,0.0023430552810146388
2000-08-30,-0.012540235869067273
2000-08-31,0.009009270973775019
2000-09-01,0.03541949210401518
2000-09-05,0.034234060608886674
2000-09-06,-0.05834200659094968
2000-09-07,0.023277784029616333
2000-09-08,-0.015560820125141706
2000-09-11,-0.039792908318389886
2000-09-12,0.02006034877296692
2000-09-13,-0.025772478341842042
2000-09-14,0.030882434035450768
2000-09-15,-0.007644836502542551
2000-09-18,0.018636150070262536
2000-09-19,-0.007780401576545026
2000-09-20,-0.024297956854666847
2000-09-21,-0.023002947314693878
2000-09-22,-0.11484565894753229
2000-09-25,0.027920930703302815
2000-09-26,0.021923568941197846
2000-09-27,0.02469567818825502
2000-09-28,-0.02126636817678529
2000-09-29,-0.0476855138143818
2000-10-02,0.02227262911056682
2000-10-03,0.047711636005399294
2000-10-04,-0.000662902987320968
2000-10-05,-0.023175058830729012
2000-10-06,0.015277346613657983
2000-10-09,0.008888849294478085
2000-10-10,-0.04505905016827827
2000-10-11,-0.06733536486504899
2000-10-12,0.06366439339794638
2000-10-13,0.0
2000-10-16,0.0
2000-10-17,0.0
2000-10-18,-0.04900175215360825
2000-10-19,0.17540636117801678
2000-10-20,0.0
2000-10-23,0.0
2000-10-24,0.0
2000-10-25,-0.04895110134757841
2000-10-26,0.017677195206032392
2000-10-27,0.018794201258776955
2000-10-30,-0.017126634976622923
2000-10-31,0.0845668312927883
2000-11-01,0.0
2000-11-02,0.0
2000-11-03,0.0
2000-11-06,0.05329124622445458
2000-11-07,0.014832599771439803
2000-11-08,0.011481934644866909
2000-11-09,-0.07903824107960689
2000-11-10,-4.1546916921819665e-05
2000-11-13,-0.07110659582489742
2000-11-14,0.10318961703245022
2000-11-15,0.0
2000-11-16,0.0
2000-11-17,0.0
2000-11-20,-0.04990393475257049
2000-11-21,0.03707601395081794
2000-11-22,0.015549034529356298
2000-11-24,0.06953539901487993
2000-11-27,0.0
2000-11-28,0.0
2000-11-29,0.0
2000-11-30,-0.16823993593822317
2000-12-01,0.061160708489223614
2000-12-04,0.0
2000-12-05,0.0
2000-12-06,0.0
2000-12-07,-0.061628425596243264
2000-12-08,0.1567359317769108
2000-12-11,0.0
2000-12-12,0.0
2000-12-13,0.0
2000-12-14,0.0035075057188482806
2000-12-15,-0.05055138095776179
2000-12-18,0.02653516433477665
2000-12-19,-0.0008155844842674398
2000-12-20,-0.08408031216254752
2000-12-21,-0.015629106086857858
2000-12-22,0.09605174765878055
2000-12-26,0.0
2000-12-27,0.0
2000-12-28,0.0
2000-12-29,-0.00029281118459845157
2001-01-02,0.04159412963139775
2001-01-03,-0.017992537901887484
2001-01-04,-0.022610112592883702
2001-01-05,0.005923464556402358
2001-01-08,-0.014463028595949834
2001-01-09,0.06213836692411934
2001-01-10,0.0
2001-01-11,0.0
2001-01-12,0.0
2001-01-16,0.0029742588638006495
2001-01-17,0.14038029310374678
2001-01-18,0.0
2001-01-19,0.0
2001-01-22,0.0
2001-01-23,-0.018493212790398617
2001-01-24,0.0021459462215585035
2001-01-25,-0.02086807007373004
2001-01-26,-0.06415837890136367
2001-01-29,-0.011746171173870223
2001-01-30,0.02827905988577184
2001-01-31,-0.010158475640927533
2001-02-01,0.016343920207158913
2001-02-02,0.020954671521522528
2001-02-05,-0.017286870164713863
2001-02-06,0.02872340459071321
2001-02-07,-0.01548797100914534
2001-02-08,0.014783806653980491
2001-02-09,-0.015481269661456354
2001-02-12,-0.010197353207570314
2001-02-13,0.008558562293678573
2001-02-14,0.00042386689343509865
2001-02-15,0.0023860600864482606
2001-02-16,-0.0773108463460993
2001-02-20,0.01894362162688168
2001-02-21,-0.06289565075933945
2001-02-22,-0.015350173153306779
2001-02-23,0.0008632575102560658
2001-02-26,0.04995214947967441
2001-02-27,-0.028967900093143206
2001-02-28,0.015624953554398857
2001-03-01,-0.026103061015961493
2001-03-02,-0.10518634638175539
2001-03-05,0.033746252230603124
2001-03-06,0.13101437426743012
2001-03-07,0.0
2001-03-08,0.0
2001-03-09,0.0
2001-03-12,-0.03542281846431594
2001-03-13,0.05551006841187767
2001-03-14,-0.08865693919016748
2001-03-15,0.08666263675444341
2001-03-16,0.0
2001-03-19,0.0
2001-03-20,0.0
2001-03-21,-0.006330390599535218
2001-03-22,0.06632356114397475
2001-03-23,0.0
2001-03-26,0.0
2001-03-27,0.0
2001-03-28,-0.06095903149052717
2001-03-29,-0.016139032834574407
2001-03-30,-0.03510606393480353
2001-04-02,-0.006138937798039978
2001-04-03,0.0
2001-04-04,0.0
2001-04-05,0.0
2001-04-06,0.0
2001-04-09,0.0
2001-04-10,0.0
2001-04-11,0.0
2001-04-12,0.0
2001-04-16,0.0
2001-04-17,0.0
2001-04-18,0.0
2001-04-19,0.0
2001-04-20,0.0
2001-04-23,0.0
2001-04-24,0.0
2001-04-25,0.0
2001-04-26,0.0
2001-04-27,0.0
2001-04-30,0.0
2001-05-01,0.0
2001-05-02,0.07213322013173373
2001-05-03,0.0
2001-05-04,0.0
2001-05-07,0.0
2001-05-08,0.08449445216804574
2001-05-09,0.0
2001-05-10,0.0
2001-05-11,0.0
2001-05-14,-0.001610282936883034
2001-05-15,0.014146769925366343
2001-05-16,-0.03850199230476503
2001-05-17,0.013678390942517105
2001-05-18,-0.012619621095785405
2001-05-21,-0.013460233529426269
2001-05-22,0.003853319986175885
2001-05-23,0.006226919283079502
2001-05-24,-0.028272727905027217
2001-05-25,0.02190537757262212
2001-05-29,-0.021126754261958203
2001-05-30,-0.024898816054184647
2001-05-31,-0.006851344376288204
2001-06-01,0.03407604218668592
2001-06-04,-0.03140467716892226
2001-06-05,0.024578232537429745
2001-06-06,0.0986972586682433
2001-06-07,0.0
2001-06-08,0.0
2001-06-11,0.0
2001-06-12,-0.06707828387815462
2001-06-13,0.008652292573761322
2001-06-14,-0.04350614197240432
2001-06-15,-0.03456185881162954
2001-06-18,0.005681445394895457
2001-06-19,0.0611139150763913
2001-06-20,0.0
2001-06-21,0.0
2001-06-22,0.0
2001-06-25,0.050519136549271204
2001-06-26,-0.03048632423321085
2001-06-27,-0.0047068191092117795
2001-06-28,0.026859942183744767
2001-06-29,0.00837412465551135
2001-07-02,-0.001528754442215452
2001-07-03,-0.020873625024746434
2001-07-05,-0.047287964206854216
2001-07-06,-0.14899887267774403
2001-07-09,0.06678800970268228
2001-07-10,0.0
2001-07-11,0.0
2001-07-12,0.0
2001-07-13,-0.02930009305882153
2001-07-16,0.03131360193378763
2001-07-17,-0.048602842066451934
2001-07-18,-0.03290817620777342
2001-07-19,0.03962205505408822
2001-07-20,0.0068208514034757695
2001-07-23,0.023849908759896676
2001-07-24,-0.03375104776742921
2001-07-25,0.0046869482572962085
2001-07-26,0.0028926198560073058
2001-07-27,-0.020469100753820135
2001-07-30,0.04046762477513566
2001-07-31,0.04204608474058036
2001-08-01,0.13860789148964314
2001-08-02,0.0
2001-08-03,0.0
2001-08-06,0.0
2001-08-07,-0.0019404799449288523
2001-08-08,-0.007625055555221305
2001-08-09,-0.018320927979913915
2001-08-10,-0.004743838214097407
2001-08-13,0.03360277267395295
2001-08-14,-0.017904270761523122
2001-08-15,0.02419195651977568
2001-08-16,-0.027272653596189023
2001-08-17,-0.045395787232754836
2001-08-20,-0.012842494125614112
2001-08-21,0.010488735606972943
2001-08-22,0.031623310460100695
2001-08-23,0.0031347525923699493
2001-08-24,0.02457773102467775
2001-08-27,-0.008293334911428918
2001-08-28,0.009361393927127981
2001-08-29,0.01787367392944983
2001-08-30,-0.021290828436292708
2001-08-31,-0.009351402865550695
2001-09-04,-0.030655574654611883
2001-09-05,-0.01061276139110412
2001-09-06,-0.026021091579885525
2001-09-07,-0.007696640356767315
2001-09-10,-0.006204342412570396
2001-09-17,-0.20780862712101067
2001-09-18,0.012822889980244945
2001-09-19,0.04274398114819533
2001-09-20,-0.046284800674980864
2001-09-21,-0.09712621201101568
2001-09-24,0.09583704022172901
2001-09-25,0.0
2001-09-26,0.0
2001-09-27,0.0
2001-09-28,0.05476577581496067
2001-10-01,-0.004695639766671755
2001-10-02,-0.020334084180145706
2001-10-03,-0.021101876904167316
2001-10-04,0.09105038593922621
2001-10-05,0.0
2001-10-08,0.0
2001-10-09,0.0
2001-10-10,-0.009551801509050883
2001-10-11,0.0767841533777458
2001-10-12,0.0
2001-10-15,0.0
2001-10-16,0.0
2001-10-17,0.08199044356030183
2001-10-18,0.0
2001-10-19,0.0
2001-10-22,0.0
2001-10-23,0.025917909535725592
2001-10-24,-0.003311976552500262
2001-10-25,-0.03533200321121499
2001-10-26,-0.005124510726991716
2001-10-29,-0.02708472591933775
2001-10-30,-0.01585701338225587
2001-10-31,0.06627674281822205
2001-11-01,0.0
2001-11-02,0.0
2001-11-05,0.0
2001-11-06,-0.010103730364350971
2001-11-07,-0.01596241271465959
2001-11-08,0.08138141486222072
2001-11-09,0.0
2001-11-12,0.0
2001-11-13,0.0
2001-11-14,0.021022667824908803
2001-11-15,-0.007842069212994573
2001-11-16,-0.005843467352198872
2001-11-19,0.008956865562476102
2001-11-20,-0.019915293578954718
2001-11-21,-0.01552829711011161
2001-11-23,-0.0021547480345259773
2001-11-26,0.029325556958847976
2001-11-27,-0.018369797887665462
2001-11-28,-0.013026079485757847
2001-11-29,0.0408175050879136
2001-11-30,-0.005436144969219403
2001-12-03,0.014321059531498648
2001-12-04,0.024907875306961147
2001-12-05,0.07608214646207667
2001-12-06,0.0
2001-12-07,0.0
2001-12-10,0.0
2001-12-11,0.026105091764428323
2001-12-12,0.018245486057975935
2001-12-13,-0.07192553456023709
2001-12-14,0.002238855822428887
2001-12-17,0.002119641341706613
2001-12-18,0.017094261782730102
2001-12-19,-0.05564856418530384
2001-12-20,-0.009554480975322854
2001-12-21,0.013749935023556814
2001-12-24,8.345089145955775e-05
2001-12-26,0.008726195912913015
2001-12-27,0.030631251878797228
2001-12-28,0.0370567156100845
2001-12-31,0.021478422440187828
2002-01-02,0.05867826909526763
2002-01-03,0.0
2002-01-04,0.0
2002-01-07,0.0
2002-01-08,0.01212961991795769
2002-01-09,0.019801728196579882
2002-01-10,-0.007879808141816103
2002-01-11,0.009322171121187273
2002-01-14,-0.00878665718616023
2002-01-15,0.03239245781490241
2002-01-16,-0.01956318141314617
2002-01-17,0.03356602406681142
2002-01-18,-0.040859442455510764
2002-01-22,0.014322028492116168
2002-01-23,0.017123136539793027
2002-01-24,0.014232073278138024
2002-01-25,-0.02269053491248063
2002-01-28,0.018512690671166343
2002-01-29,0.006163761755880515
2002-01-30,0.010842792409959667
2002-01-31,0.017201782162751478
2002-02-01,-0.004593066742825114
2002-02-04,-0.04215997052064402
2002-02-05,-0.03347002966750201
2002-02-06,0.04007233895512141
2002-02-07,0.001336876331258452
2002-02-08,0.021585395158597587
2002-02-11,0.006070768739117494
2002-02-12,-0.024218119620237344
2002-02-13,0.018863237637816166
2002-02-14,0.007996507611265136
2002-02-15,-0.029481396019297557
2002-02-19,-0.048836706468705304
2002-02-20,-0.002491365076611074
2002-02-21,-0.012085253229614623
2002-02-22,-0.02338173747274297
2002-02-25,0.005793841571662961
2002-02-26,0.00044296182889347335
2002-02-27,0.023992274272064407
2002-02-28,-0.0026403426517692674
2002-03-01,0.007396114925126707
2002-03-04,0.005031974582112575
2002-03-05,-0.03125589621937652
2002-03-06,-0.0670090505110994
2002-03-07,0.013715420343113127
2002-03-08,0.03883148954788429
2002-03-11,-0.019902686324164365
2002-03-12,-0.03493879091760077
2002-03-13,-0.01644635721574572
2002-03-14,-0.03477421862586749
2002-03-15,0.003294808330610355
2002-03-18,0.02043113692612053
2002-03-19,0.011984241674834584
2002-03-20,-0.019949468975741125
2002-03-21,0.015872299779373877
2002-03-22,0.009585434918057967
2002-03-25,-0.004616911730911499
2002-03-26,-0.012077367431513109
2002-03-27,-0.04981245589171712
2002-03-28,0.011416932034747473
2002-04-01,-0.03807713043788907
2002-04-02,-0.016523899646949003
2002-04-03,-0.007621070062308277
2002-04-04,0.0003630859565311173
2002-04-05,0.006815015380887246
2002-04-08,-0.05957486784793087
2002-04-09,0.008803025676518805
2002-04-10,0.02183426133065902
2002-04-11,-0.032268594731782896
2002-04-12,0.01073132550917899
2002-04-15,0.011545622746713446
2002-04-16,0.04731089613864792
2002-04-17,0.0
2002-04-18,0.0
2002-04-19,0.0
2002-04-22,-0.012036552669476341
2002-04-23,0.021449123552799376
2002-04-24,0.06629149328228667
2002-04-25,0.0
2002-04-26,0.0
2002-04-29,0.0
2002-04-30,0.0012236737964115285
2002-05-01,-0.005422851118115024
2002-05-02,0.023752513991731172
2002-05-03,-0.0024449369374089924
2002-05-06,-0.024897617188886056
2002-05-07,0.04690772844184332
2002-05-08,0.13263361484117286
2002-05-09,0.0
2002-05-10,0.0
2002-05-13,0.0
2002-05-14,0.13761752016049567
2002-05-15,0.0
2002-05-16,0.0
2002-05-17,0.0
2002-05-20,0.00012677331243704515
2002-05-21,0.028990371735812426
2002-05-22,-0.010632805033713555
2002-05-23,0.009120960361401087
2002-05-24,-0.031386753225512654
2002-05-28,0.02883694622170463
2002-05-29,-0.0356494018242981
2002-05-30,-0.04321822544857745
2002-05-31,0.006498796711247534
2002-06-03,-0.020216264423657315
2002-06-04,-0.004202230292810416
2002-06-05,-0.0020316803986667464
2002-06-06,-0.02609182345292882
2002-06-07,-0.1815393757006034
2002-06-10,0.012468024329455485
2002-06-11,0.02617032790035556
2002-06-12,-0.001316833152548491
2002-06-13,-0.010465050998759273
2002-06-14,-0.04000990479003008
2002-06-17,0.04541969757770015
2002-06-18,-0.01153480503631843
2002-06-19,-0.15862068330901968
2002-06-20,-0.0022614513086507415
2002-06-21,-0.021577501005660804
2002-06-24,-0.03060482591171787
2002-06-25,0.05989958225595626
2002-06-26,-0.16911378462772875
2002-06-27,0.07954568337562784
2002-06-28,0.0
2002-07-01,0.0
2002-07-02,0.0
2002-07-03,-0.04392583927576332
2002-07-05,0.1505379817236676
2002-07-08,0.0
2002-07-09,0.0
2002-07-10,0.0
2002-07-11,-0.018098285505758094
2002-07-12,0.06890566718307656
2002-07-15,0.0
2002-07-16,0.0
2002-07-17,0.0
2002-07-18,-0.06228747475081564
2002-07-19,-0.034528830035336355
2002-07-22,-0.002395428455686077
2002-07-23,0.03065072617246556
2002-07-24,-0.03291269998280233
2002-07-25,-0.08638773326934224
2002-07-26,0.040196815704619304
2002-07-29,0.07343398574323601
2002-07-30,0.0
2002-07-31,0.0
2002-08-01,0.0
2002-08-02,-0.0003706414516809753
2002-08-05,0.02601512124706007
2002-08-06,0.08399140180653841
2002-08-07,0.0
2002-08-08,0.0
2002-08-09,0.0
2002-08-12,-0.03963775261813274
2002-08-13,0.0019405433247465798
2002-08-14,0.012790785741248145
2002-08-15,0.020907765732677275
2002-08-16,-0.03841032780376874
2002-08-19,0.0442142966898873
2002-08-20,-0.014893010692578312
2002-08-21,0.06414512908266334
2002-08-22,0.0
2002-08-23,0.0
2002-08-26,0.0
2002-08-27,0.01530929149939797
2002-08-28,-0.02564715515688809
2002-08-29,-0.05621372413540138
2002-08-30,-0.019624415342303636
2002-09-03,-0.060090834632136936
2002-09-04,0.014142005872075591
2002-09-05,-0.040522008508995566
2002-09-06,0.0896031611494319
2002-09-09,0.0
2002-09-10,0.0
2002-09-11,0.0
2002-09-12,-0.04489911401702218
2002-09-13,-0.05198457312859839
2002-09-16,-0.011319246374907332
2002-09-17,0.06992874313568764
2002-09-18,0.0
2002-09-19,0.0
2002-09-20,0.0
2002-09-23,-0.0622608444276449
2002-09-24,-0.04598541088959884
2002-09-25,0.06133034066255605
2002-09-26,0.0
2002-09-27,0.0
2002-09-30,0.0
2002-10-01,0.03171324812102383
2002-10-02,0.0019185543186837073
2002-10-03,-0.12734686728271016
2002-10-04,0.0134095100934708
2002-10-07,-0.006660713946322394
2002-10-08,0.048356840016636315
2002-10-09,-0.022112651880162315
2002-10-10,0.005269959517691936
2002-10-11,0.11665510697226766
2002-10-14,0.0
2002-10-15,0.0
2002-10-16,0.0
2002-10-17,0.25157139038563425
2002-10-18,0.0
2002-10-21,0.0
2002-10-22,0.0
2002-10-23,0.010563555757214349
2002-10-24,0.05159380458170171
2002-10-25,-0.04702000274753704
2002-10-28,0.09935532052251528
2002-10-29,0.0
2002-10-30,0.0
2002-10-31,0.0
2002-11-01,-0.010944921089103166
2002-11-04,0.029622598469846162
2002-11-05,-0.009032078281806188
2002-11-06,0.013688496495563252
2002-11-07,-0.022006539510977863
2002-11-08,0.001812179642094014
2002-11-11,-0.003300757178578251
2002-11-12,0.006473874507358923
2002-11-13,-0.009279970617691924
2002-11-14,0.024836526863968977
2002-11-15,-0.03441638274192571
2002-11-18,0.004895773707179529
2002-11-19,-0.008353325053968241
2002-11-20,0.0008811806483497442
2002-11-21,0.0032187458158288162
2002-11-22,-0.009163529420342043
2002-11-25,-0.005674018755950971
2002-11-26,-0.008769282724908734
2002-11-27,0.024981148525637042
2002-11-29,0.016158016740678738
2002-12-02,0.024279442376386795
2002-12-03,0.0002802712056528822
2002-12-04,-0.026935291278699536
2002-12-05,0.022915858970254943
2002-12-06,-0.018474157508475808
2002-12-09,-0.013130148940058595
2002-12-10,0.017310143749451168
2002-12-11,-0.002444216592679571
2002-12-12,0.016695025221614035
2002-12-13,-0.009237798897647753
2002-12-16,0.005954009782958458
2002-12-17,0.0004052195943349268
2002-12-18,-0.01381831645737841
2002-12-19,0.0006795450371415157
2002-12-20,0.012065383148248676
2002-12-23,0.0019740399066818792
2002-12-24,-0.00045218878701813736
2002-12-26,0.003243035343886369
2002-12-27,-0.013932106705066616
2002-12-30,-0.0042624088396747695
2002-12-31,-0.0006299997072265473
2003-01-02,0.016532409923179836
2003-01-03,0.004178147212898775
2003-01-06,0.002070195766449956
2003-01-07,0.02978480741353362
2003-01-08,-0.009812238620300673
2003-01-09,0.01578860030307494
2003-01-10,-0.011132102271258937
2003-01-13,0.0213837825582055
2003-01-14,-0.009113833565076335
2003-01-15,0.00452589323659347
2003-01-16,0.0017319602436121073
2003-01-17,-0.0009033266851610211
2003-01-21,0.018472293617154634
2003-01-22,-0.012764064275009646
2003-01-23,0.013062871599182069
2003-01-24,-0.007233419406076691
2003-01-27,-0.012783959981171988
2003-01-28,0.007252991958656807
2003-01-29,-0.017672443177408126
2003-01-30,0.003958802143074092
2003-01-31,0.014308284847954988
2003-02-03,-0.003141825320304825
2003-02-04,-0.005283221161777818
2003-02-05,0.014970291861918783
2003-02-06,0.03886280908659545
2003-02-07,0.03769057380977636
2003-02-10,-0.007753127688924444
2003-02-11,-0.012351392411237172
2003-02-12,0.0006142491502794112
2003-02-13,0.012704685801305349
2003-02-14,0.09200691660287741
2003-02-18,0.0
2003-02-19,0.0
2003-02-20,0.0
2003-02-21,0.01592857887603083
2003-02-24,-0.00406310429764567
2003-02-25,-0.04095519377009105
2003-02-26,-0.017903102894556766
2003-02-27,0.0057254451994963595
2003-02-28,0.0007289447350580236
2003-03-03,0.016779100559752402
2003-03-04,-0.007419181889805837
2003-03-05,-0.011222422376031549
2003-03-06,-0.006942786815268387
2003-03-07,-0.04031128337889578
2003-03-10,-0.007582879580784407
2003-03-11,0.011047913461940562
2003-03-12,-0.009265884502417387
2003-03-13,0.05149975076886015
2003-03-14,-0.008853745976810656
2003-03-17,-0.03070091400400632
2003-03-18,0.013950053132644635
2003-03-19,0.020503798974842447
2003-03-20,0.0005481087856427092
2003-03-21,0.07692119510118056
2003-03-24,0.0
2003-03-25,0.0
2003-03-26,0.0
2003-03-27,-0.023697655583704846
2003-03-28,-0.014343656249289904
2003-03-31,-0.063241522510187
2003-04-01,0.01833958764843846
2003-04-02,0.0696712309763099
2003-04-03,0.0
2003-04-04,0.0
2003-04-07,0.0
2003-04-08,-0.00369120861347505
2003-04-09,-0.008916701690091067
2003-04-10,0.018212630366601923
2003-04-11,0.019086732405796836
2003-04-14,-0.010309534253116426
2003-04-15,-0.03985155730168177
2003-04-16,0.04321980215448562
2003-04-17,-0.03532340435751591
2003-04-21,0.026344778317947126
2003-04-22,0.006352499092794561
2003-04-23,0.004308480114130431
2003-04-24,-0.0005822026434536554
2003-04-25,-0.0039314013341889
2003-04-28,-0.002883156055679681
2003-04-29,0.036055348437650014
2003-04-30,-0.004093316424929161
2003-05-01,-0.008278404576668952
2003-05-02,0.00777659761506877
2003-05-05,0.0238336318506831
2003-05-06,-0.0042229809663361095
2003-05-07,-0.027608074104536584
2003-05-08,-0.022048404516266995
2003-05-09,0.12666196926101536
2003-05-12,0.0
2003-05-13,0.0
2003-05-14,0.0
2003-05-15,0.022796933652185603
2003-05-16,-0.00740424485015545
2003-05-19,-0.04274210442589432
2003-05-20,0.02882922354160411
2003-05-21,-0.013041285706906214
2003-05-22,0.013582887072690397
2003-05-23,0.022536529025222185
2003-05-27,-0.03358584266713738
2003-05-28,0.026320121087574977
2003-05-29,0.007616509081601164
2003-05-30,0.08775128465303172
2003-06-02,0.0
2003-06-03,0.0
2003-06-04,0.0
2003-06-05,-0.017057551383577896
2003-06-06,0.05022319121758234
2003-06-09,-0.015220500662567304
2003-06-10,-0.009917834403862402
2003-06-11,-0.011226539059812968
2003-06-12,0.00659047840175786
2003-06-13,-0.04683104589812859
2003-06-16,0.018664025635626302
2003-06-17,0.03228569530044245
2003-06-18,-0.03577086723983269
2003-06-19,-0.001751560382146855
2003-06-20,0.02192980256881416
2003-06-23,-0.0047243100423713935
2003-06-24,-0.015442453699118786
2003-06-25,0.018625014547126728
2003-06-26,0.007734864127590058
2003-06-27,0.02043887794262389
2003-06-30,0.02741849613716907
2003-07-01,-0.0028159479361998807
2003-07-02,0.05377617864671458
2003-07-03,-0.031047340531315082
2003-07-07,0.012314178315205426
2003-07-08,-0.015927996317315007
2003-07-09,0.002797435713827845
2003-07-10,-0.044570950584131075
2003-07-11,0.003327043043935607
2003-07-14,0.04660743536383527
2003-07-15,-0.021926969417018216
2003-07-16,0.026737331430312983
2003-07-17,-0.062068152137711885
2003-07-18,0.00874504039267654
2003-07-21,0.004685520629739148
2003-07-22,0.029054182882766844
2003-07-23,-0.036187585597605376
2003-07-24,0.0548768135964357
2003-07-25,0.0010344299480891106
2003-07-28,0.012541352007299889
2003-07-29,0.05527233709958046
2003-07-30,-0.008310046678710825
2003-07-31,0.02246105478300353
2003-08-01,-0.007428791572017257
2003-08-04,-0.013115262801129068
2003-08-05,0.02817399887315597
2003-08-06,-0.0004933586184587835
2003-08-07,-0.027569387361361275
2003-08-08,-0.08011464079294961
2003-08-11,0.015621204399103084
2003-08-12,0.003548668771117036
2003-08-13,0.0019603101558187674
2003-08-14,-0.024975731267599888
2003-08-15,-0.006772063793116345
2003-08-18,0.01703089632511845
2003-08-19,0.027971694255544133
2003-08-20,-0.0404410439792634
2003-08-21,0.03167624477937703
2003-08-22,0.05366415445273609
2003-08-25,0.00733692853905743
2003-08-26,-0.01779788305160146
2003-08-27,0.00968389173553108
2003-08-28,0.00974998305598973
2003-08-29,-0.006090170685013274
2003-09-02,0.016808638428353007
2003-09-03,0.024447675300204308
2003-09-04,-0.0073464549560314785
2003-09-05,-0.00832489172921691
2003-09-08,0.005527831855017373
2003-09-09,-0.010243730699421416
2003-09-10,-0.022790171293306516
2003-09-11,0.0010053670278120652
2003-09-12,0.0056641319869208395
2003-09-15,0.014635422342498483
2003-09-16,0.00875002235856237
2003-09-17,-0.0011839484077799112
2003-09-18,-0.012363252267937552
2003-09-19,0.0022036498462032483
2003-09-22,-0.04509363964635371
2003-09-23,0.011696556185877505
2003-09-24,0.01764103076070933
2003-09-25,0.012034081306083966
2003-09-26,-0.021808044560422957
2003-09-29,0.03288804998948347
2003-09-30,-0.04902548121693939
2003-10-01,0.014070301392079765
2003-10-02,-0.00017359300955333
2003-10-03,0.10051621122612286
2003-10-06,0.0
2003-10-07,0.0
2003-10-08,0.0
2003-10-09,0.0436147460991807
2003-10-10,0.012841643657836244
2003-10-13,0.008590702938425121
2003-10-14,-0.03315633056556744
2003-10-15,0.07824443381272705
2003-10-16,0.0
2003-10-17,0.0
2003-10-20,0.0
2003-10-21,0.020394976540693444
2003-10-22,-0.03303400026487657
2003-10-23,-0.039671588990111806
2003-10-24,0.007226935923269728
2003-10-27,0.05377049081422047
2003-10-28,0.0788021290998886
2003-10-29,0.0
2003-10-30,0.0
2003-10-31,0.0
2003-11-03,0.03980473770109216
2003-11-04,-0.01733964176625913
2003-11-05,-0.004284275992116449
2003-11-06,0.03151787386312388
2003-11-07,0.0022275820070654095
2003-11-10,-0.030744575706142196
2003-11-11,-0.007247793231327182
2003-11-12,0.019455198076128388
2003-11-13,-0.015031678094419076
2003-11-14,-0.01164193200044128
2003-11-17,-0.03404869904951646
2003-11-18,0.023443065979603883
2003-11-19,0.008300622608647945
2003-11-20,-0.06247674324804975
2003-11-21,0.029881587161034062
2003-11-24,0.012982649360668619
2003-11-25,0.023879106150136442
2003-11-26,0.02186524461608408
2003-11-28,-0.0012385747534611191
2003-12-01,0.027250374139319522
2003-12-02,0.014740755831232688
2003-12-03,0.023096755692995963
2003-12-04,0.018190251460293405
2003-12-05,-0.04581619837583695
2003-12-08,-0.010883357780340996
2003-12-09,0.030747370634103044
2003-12-10,-0.010954519200062851
2003-12-11,0.00843974901561051
2003-12-12,0.01523588157215161
2003-12-15,0.052935958694035445
2003-12-16,0.004979390943408379
2003-12-17,-0.0055476196269220734
2003-12-18,0.017539460908062132
2003-12-19,0.0059335437695504645
2003-12-22,-0.0117823524615287
2003-12-23,0.0013083384604817283
2003-12-24,-0.0010432097803273477
2003-12-26,0.0024284897135351535
2003-12-29,0.014757346150627848
2003-12-30,0.006306657169066865
2003-12-31,0.004096569355324986
2004-01-02,0.023428915292529995
2004-01-05,0.021027884261515473
2004-01-06,0.0008223027643130543
2004-01-07,0.006795970085441638
2004-01-08,0.03613912213067505
2004-01-09,-0.015052968686167012
2004-01-12,0.005549342401886426
2004-01-13,0.009276591523874389
2004-01-14,0.00850457872962851
2004-01-15,-0.017832122067165113
2004-01-16,0.017479837660828945
2004-01-20,0.025134296716613713
2004-01-21,-0.040599811762680904
2004-01-22,-0.0026791707991312697
2004-01-23,0.010464918729015338
2004-01-26,-0.0013268547045398593
2004-01-27,-0.0009068551817734694
2004-01-28,0.02939180768905203
2004-01-29,0.012492718629431465
2004-01-30,0.00518347455609014
2004-02-02,0.029566357937437227
2004-02-03,-0.0007132263228533109
2004-02-04,-0.020878357008644488
2004-02-05,0.013515540166388673
2004-02-06,0.012334563531989584
2004-02-09,0.01502612903827849
2004-02-10,0.008708256240692158
2004-02-11,-0.0003736356077427283
2004-02-12,0.0067349866486627885
2004-02-13,0.01995550344565422
2004-02-17,0.03826450012856264
2004-02-18,0.006844199671424578
2004-02-19,0.042955730904295164
2004-02-20,-0.012772517100611114
2004-02-23,-0.0351128715542921
2004-02-24,-0.07747588266285066
2004-02-25,0.01747513416100621
2004-02-26,-0.006539615694998058
2004-02-27,0.017468715843737215
2004-03-01,-0.015556439180094972
2004-03-02,0.0009111884469605869
2004-03-03,-0.009515955247928476
2004-03-04,-0.004508973235848868
2004-03-05,-0.023232496106493805
2004-03-08,0.05681931187631961
2004-03-09,0.0
2004-03-10,0.0
2004-03-11,0.0
2004-03-12,0.043357742517451836
2004-03-15,0.0
2004-03-16,0.0
2004-03-17,0.0
2004-03-18,0.009243081159371336
2004-03-19,0.01575299636547145
2004-03-22,-0.019428711318226877
2004-03-23,0.03686852295990439
2004-03-24,0.0005164850525061215
2004-03-25,0.013199168381556436
2004-03-26,-0.007058448730526079
2004-03-29,0.031388820765528846
2004-03-30,0.033406925518689956
2004-03-31,0.009645734416129592
2004-04-01,0.01518087569004578
2004-04-02,0.03569893356907117
2004-04-05,-0.016297861789012158
2004-04-06,-0.03099594769304448
2004-04-07,9.147593647584884e-05
2004-04-08,0.028558953242214358
2004-04-12,0.007775548397658261
2004-04-13,0.011257554269447523
2004-04-14,-0.02991731380850038
2004-04-15,-0.015711514904660606
2004-04-16,0.0013635625593151346
2004-04-19,0.003477870654615911
2004-04-20,0.008357188476999289
2004-04-21,0.005570717854211038
2004-04-22,-0.018231242840469508
2004-04-23,0.020967725517023972
2004-04-26,0.0078779373227158
2004-04-27,0.010503069783119878
2004-04-28,-0.013453818828973896
2004-04-29,-0.008664208827768638
2004-04-30,0.0034356198503859847
2004-05-03,0.03433090661055438
2004-05-04,0.016361236164848858
2004-05-05,0.013517611197956025
2004-05-06,0.0030104067607108487
2004-05-07,0.020949403102496822
2004-05-10,-0.01866771108481291
2004-05-11,0.02234376938832594
2004-05-12,-0.017712536326990436
2004-05-13,-0.012652187060822384
2004-05-14,0.005901374770601153
2004-05-17,-0.021599117643759547
2004-05-18,0.023462540282713995
2004-05-19,0.050000040620504116
2004-05-20,0.0011195586818599779
2004-05-21,0.021018161183236295
2004-05-24,0.014364575067504104
2004-05-25,-0.000242248486622465
2004-05-26,-5.622121870541008e-05
2004-05-27,0.01872235953112411
2004-05-28,0.014053994563304695
2004-06-01,-0.01782621382416827
2004-06-02,0.016334860764989134
2004-06-03,-0.012332287897049432
2004-06-04,0.0352327939766941
2004-06-07,0.017803150710584692
2004-06-08,-0.002763691579930061
2004-06-09,0.0010351201257641218
2004-06-10,0.02255402273056717
2004-06-14,-0.0026012571566922382
2004-06-15,0.027942646343434907
2004-06-16,-0.009547040556215025
2004-06-17,-0.007991337141211141
2004-06-18,-0.0318995815016464
2004-06-21,0.00595145159345023
2004-06-22,0.013673516796511187
2004-06-23,0.012994286713578385
2004-06-24,0.002246006907342668
2004-06-25,0.013581671838080345
2004-06-28,0.0211393397531201
2004-06-29,0.02131708245076336
2004-06-30,-0.010417769892262063
2004-07-01,0.0039469758907826336
2004-07-02,-0.0021107944691365343
2004-07-06,-0.03780649776172529
2004-07-07,0.004733336996953774
2004-07-08,-0.01534873880990506
2004-07-09,0.013475862022090723
2004-07-12,-0.02650646951619262
2004-07-13,0.013902473045309671
2004-07-14,-0.07373845301951132
2004-07-15,0.008967501468640338
2004-07-16,0.027534569437827283
2004-07-19,-0.0008834727753355143
2004-07-20,0.008381636057527286
2004-07-21,0.029111763557314374
2004-07-22,0.004820896269365216
2004-07-23,-0.018138148622928174
2004-07-26,0.010708649347247023
2004-07-27,0.0017737674221400823
2004-07-28,-0.01414020961256357
2004-07-29,0.01456894520258234
2004-07-30,-0.000952693028402285
2004-08-02,-0.018250624512164193
2004-08-03,-0.0053476406851640235
2004-08-04,-0.005759998023865065
2004-08-05,0.004724963575817309
2004-08-06,-0.14419482726558996
2004-08-09,0.02873339093990901
2004-08-10,0.003343144854821345
2004-08-11,-0.03596403797541203
2004-08-12,-0.011301088573413165
2004-08-13,0.011988468515437445
2004-08-16,-0.006494342389975705
2004-08-17,0.024953571358413473
2004-08-18,-0.0035868110992794966
2004-08-19,-0.00435722016172424
2004-08-20,0.0058324218067413724
2004-08-23,0.02291191106767476
2004-08-24,0.024250374642318606
2004-08-25,0.014567195883416817
2004-08-26,-0.024667401180691106
2004-08-27,0.006346800831028343
2004-08-30,-0.008456396046129688
2004-08-31,0.003595086293912475
2004-09-01,0.008017432086744103
2004-09-02,0.0023941181063058536
2004-09-03,-0.04562891789939494
2004-09-07,0.01871946549435921
2004-09-08,-0.0023505313881458934
2004-09-09,0.03178840168211883
2004-09-10,-0.005947261633091561
2004-09-13,0.009396049040761856
2004-09-14,-0.008812263453127356
2004-09-15,-0.02960939885913727
2004-09-16,0.01857862864927884
2004-09-17,0.02172562382012
2004-09-20,-0.02651361604180469
2004-09-21,0.028789726137070648
2004-09-22,-0.021162907560405952
2004-09-23,0.004829679971672718
2004-09-24,0.00758855940323766
2004-09-27,-0.018350392092632895
2004-09-28,-0.003860126834427491
2004-09-29,-0.0010127287290656595
2004-09-30,-0.00877834682283718
2004-10-01,0.015610331288228751
2004-10-04,0.02117191273896024
2004-10-05,-0.03788523538864508
2004-10-06,0.005221370470208653
2004-10-07,0.007994870290936706
2004-10-08,-0.019400794821414546
2004-10-11,-0.0018062183999458803
2004-10-12,-0.046167060546979055
2004-10-13,0.04710511087838687
2004-10-14,-0.006603567938736621
2004-10-15,0.014267371005645346
2004-10-18,-0.017317668069251058
2004-10-19,0.03261394442373544
2004-10-20,-0.010033816353399505
2004-10-21,0.018893473313056797
2004-10-22,0.012134916705493382
2004-10-25,-0.006923490275820399
2004-10-26,0.056393686239933016
2004-10-27,0.0
2004-10-28,0.0
2004-10-29,0.0
2004-11-01,0.0096222900553391
2004-11-02,0.0027348286592616677
2004-11-03,0.028447455119440024
2004-11-04,0.004343531789372523
2004-11-05,0.010839061824153395
2004-11-08,0.003959099551515521
2004-11-09,0.0016605078449012378
2004-11-10,0.0005152106214145746
2004-11-11,0.007245992718972305
2004-11-12,0.0021553278976433887
2004-11-15,0.0015612276876471043
2004-11-16,0.001699228537805464
2004-11-17,0.005630090781699071
2004-11-18,0.0041563839495233346
2004-11-19,0.03872261948448519
2004-11-22,0.0
2004-11-23,0.0
2004-11-24,0.0
2004-11-26,0.003196678426760524
2004-11-29,-0.008416644772139104
2004-11-30,0.002681321510422441
2004-12-01,0.007798609176910443
2004-12-02,-0.016299454673531444
2004-12-03,0.015087896404215151
2004-12-06,-0.009904959478651554
2004-12-07,-0.015257420884911332
2004-12-08,-0.011031354923484726
2004-12-09,-0.01369705539185595
2004-12-10,-0.008052966032664588
2004-12-13,0.025268805653443804
2004-12-14,0.011409060445633168
2004-12-15,4.894132115018657e-05
2004-12-16,-0.02249290050821262
2004-12-17,-0.009521231904255023
2004-12-20,0.01611418138972165
2004-12-21,0.00995023157090058
2004-12-22,0.002417125088693295
2004-12-23,0.008148976501791472
2004-12-27,0.013026137884819988
2004-12-28,0.004237838087161272
2004-12-29,-0.006391567924638242
2004-12-30,0.0018250879653454177
2004-12-31,0.012587525222127027
2005-01-03,0.033396515178563346
2005-01-04,-0.003883663285704886
2005-01-05,-0.004355553670823631
2005-01-06,0.011363218413459775
2005-01-07,0.015731947353409215
2005-01-10,0.009291577046809829
2005-01-11,0.0038722762719196613
2005-01-12,0.013608295716462049
2005-01-13,-0.004218034833667006
2005-01-14,0.00748613994197922
2005-01-18,-0.017656970465105504
2005-01-19,0.0060264997270735865
2005-01-20,-0.019602864486719995
2005-01-21,0.006031800628103934
2005-01-24,-0.025344713384113593
2005-01-25,0.011688434242466794
2005-01-26,0.012444809690963066
2005-01-27,0.0033673669100209302
2005-01-28,0.008762326188681557
2005-01-31,0.02761118875330948
2005-02-01,-0.008535691361187703
2005-02-02,0.028669385498406585
2005-02-03,-0.013886103339593725
2005-02-04,-0.0008780580389158299
2005-02-07,0.0020480763606425256
2005-02-08,-0.003337770939857543
2005-02-09,-0.018205997437498067
2005-02-10,0.006524358811451636
2005-02-11,0.008185380814548893
2005-02-14,0.013849709927331144
2005-02-15,0.020421568296120185
2005-02-16,-0.0039114959323423015
2005-02-17,0.01392827407862307
2005-02-18,0.048537340208471
2005-02-22,-0.011716421869759741
2005-02-23,0.002360280532596626
2005-02-24,-0.007886700100697919
2005-02-25,0.00800743592000841
2005-02-28,-0.0024164427760141605
2005-03-01,0.006045003989518349
2005-03-02,-0.011764703527106124
2005-03-03,0.002955947779439194
2005-03-04,0.01802728837347578
2005-03-07,0.0023719311773116036
2005-03-08,-0.015164291103147098
2005-03-09,-0.0177275682887591
2005-03-10,0.006044283595644906
2005-03-11,0.012424270401368842
2005-03-14,0.022527794791195488
2005-03-15,0.009154944943950527
2005-03-16,-0.01673053165870919
2005-03-17,0.00784969636058852
2005-03-18,0.028473846432635952
2005-03-21,0.00487633438202284
2005-03-22,0.00026276488056709013
2005-03-23,-0.007571259064176661
2005-03-24,0.00934203425780522
2005-03-28,0.004025704630252536
2005-03-29,-0.00029501277379406776
2005-03-30,0.0067437003331760614
2005-03-31,-0.00844966538620362
2005-04-01,0.013797175417886276
2005-04-04,-0.005009015497774216
2005-04-05,0.003933696173767709
2005-04-06,0.014613203487468196
2005-04-07,0.0014265355386804401
2005-04-08,0.003908141911491025
2005-04-11,0.0031031268448924454
2005-04-12,-0.001996955547110768
2005-04-13,-0.0008904540181439158
2005-04-14,-0.00042996377451010037
2005-04-15,-0.02583604204569756
2005-04-18,-0.0013222081718491374
2005-04-19,0.017807340601644794
2005-04-20,0.013958831201913435
2005-04-21,0.025104141447104045
2005-04-22,-0.0008975136629449931
2005-04-25,0.020790648662232458
2005-04-26,0.00012306860509925244
2005-04-27,-0.010404746406148302
2005-04-28,-0.010848244428267595
2005-04-29,0.009001425288635456
2005-05-02,0.003082350137724621
2005-05-03,-0.0058346189099866
2005-05-04,-0.0014603611173824582
2005-05-05,0.0018341290799506194
2005-05-06,0.015441264114835818
2005-05-09,0.0074953438921363524
2005-05-10,0.0012406420409147856
2005-05-11,0.004427609909256391
2005-05-12,-0.0011322201528158882
2005-05-13,0.03521795347436263
2005-05-16,0.0
2005-05-17,0.0
2005-05-18,0.0
2005-05-19,0.0021620615066602067
2005-05-20,0.001315194206357173
2005-05-23,0.006848562057105934
2005-05-24,-0.007807129651521416
2005-05-25,-0.00430616031544695
2005-05-26,0.006312367778748884
2005-05-27,-0.0005817267985721575
2005-05-31,-0.003314177097110793
2005-06-01,-0.004641259320954827
2005-06-02,-0.002164695573434239
2005-06-03,-0.0009665566377441426
2005-06-06,-0.01844206755541944
2005-06-07,-0.0005379692245179868
2005-06-08,0.006045244704538266
2005-06-09,-0.006785433120561568
2005-06-10,0.000562231477588826
2005-06-13,-0.004046694723215838
2005-06-14,-0.001756372723093036
2005-06-15,0.004760582247636647
2005-06-16,0.005723806336785486
2005-06-17,0.018565713616291557
2005-06-20,-0.006382907348726707
2005-06-21,0.002257614632015681
2005-06-22,0.008526239475265873
2005-06-23,-0.00172462991628608
2005-06-24,-0.001886342210431935
2005-06-27,-0.0069212358904722215
2005-06-28,0.008577217646061674
2005-06-29,0.005960661997528538
2005-06-30,0.006370726808624383
2005-07-01,-0.003143542556279022
2005-07-05,0.00043466596778407585
2005-07-06,0.0029301954993319335
2005-07-07,-0.01801144801512722
2005-07-08,0.003574620981883214
2005-07-11,-0.002243983666685545
2005-07-12,-0.0007541261845410707
2005-07-13,0.005527502654390615
2005-07-14,0.013413728400313518
2005-07-15,0.0006410775519984924
2005-07-18,8.690612728856628e-05
2005-07-19,0.010108199364913917
2005-07-20,0.00026216706462434125
2005-07-21,-0.008780600229772229
2005-07-22,-0.011127580717186891
2005-07-25,-0.010887263279061643
2005-07-26,0.006208679390635297
2005-07-27,0.005146906655718597
2005-07-28,0.0020889953880911527
2005-07-29,0.0002919133093153281
2005-08-01,0.006683938175881865
2005-08-02,-0.0037649272506196096
2005-08-03,-0.005354718635274924
2005-08-04,-0.007679224693441289
2005-08-05,-0.0011285552369258989
2005-08-08,0.005746272619815862
2005-08-09,0.03010580267122709
2005-08-10,-0.0019920632262560023
2005-08-11,-0.0042353059980698715
2005-08-12,-0.0035875779076443015
2005-08-15,-0.004830083872763291
2005-08-16,-0.0007265964461881103
2005-08-17,-0.0033171070921353962
2005-08-18,-0.011791744866649023
2005-08-19,0.0056201492172027745
2005-08-22,0.012568920773555314
2005-08-23,0.003097905342945184
2005-08-24,-0.008160077539241306
2005-08-25,0.007358652644520847
2005-08-26,-0.01595835218399544
2005-08-29,-0.014147894140353112
2005-08-30,-0.004715323813938133
2005-08-31,0.0022296035937627856
2005-09-01,-0.005755734170813764
2005-09-02,0.0060794794676821695
2005-09-06,0.0029498504357723387
2005-09-07,-0.0004780076074439865
2005-09-08,0.0018077475798343734
2005-09-09,0.005371169622962801
2005-09-12,0.0035474157416324203
2005-09-13,-0.0013315996990858059
2005-09-14,-0.0022396704189351357
2005-09-15,0.0009670426838435109
2005-09-16,0.0015501727493865136
2005-09-19,-0.0014176117182170822
2005-09-20,0.006391144339288779
2005-09-21,0.0017631489573717296
2005-09-22,-0.0021502758582019332
2005-09-23,-0.0017612405424750621
2005-09-26,0.011320627915197612
2005-09-27,0.005423716397893852
2005-09-28,0.009777744793707965
2005-09-29,0.0022397699348928324
2005-09-30,0.004313434878620681
2005-10-03,-0.004499442923426189
2005-10-04,0.008099216371122875
2005-10-05,0.004383098495727156
2005-10-06,0.00242944407371537
2005-10-07,0.008246954884515656
2005-10-10,0.012719790353292293
2005-10-11,0.0099708320188574
2005-10-12,-0.02486175792267864
2005-10-13,0.007820522222471205
2005-10-14,0.01577116497895359
2005-10-17,0.006280106360129434
2005-10-18,0.005980373020660457
2005-10-19,-0.02120396795816204
2005-10-20,-0.0023691735044814033
2005-10-21,0.013762169140432823
2005-10-24,0.010014882828910832
2005-10-25,-0.0020897261357872843
2005-10-26,-0.0019661298242971137
2005-10-27,-0.0019180121710659082
2005-10-28,0.013361286116484683
2005-10-31,0.0008330166371686154
2005-11-01,-0.011072704086483087
2005-11-02,0.005910971354506023
2005-11-03,0.020870612828429724
2005-11-04,0.0025612948984616857
2005-11-07,0.012319973558883479
2005-11-08,-0.004090172244545887
2005-11-09,0.0017158426577221775
2005-11-10,0.01888853428467585
2005-11-11,0.0014404741460189996
2005-11-14,-0.01099068369778411
2005-11-15,0.02660465469565154
2005-11-16,-0.007684775654710818
2005-11-17,0.012390063541266594
2005-11-18,0.012350395360697153
2005-11-21,0.01966430681278908
2005-11-22,0.0110671298497389
2005-11-23,0.006936409050654513
2005-11-25,0.014977249099373813
2005-11-28,0.005506687056850312
2005-11-29,-0.03335483387903071
2005-11-30,-0.006845996798760745
2005-12-01,0.020289246033758923
2005-12-02,0.005377338933158837
2005-12-05,-0.01018447152237012
2005-12-06,0.0044112440650438955
2005-12-07,0.00466532123291219
2005-12-08,0.0020996192866011842
2005-12-09,0.00969342758774161
2005-12-12,0.011836835946279267
2005-12-13,-0.0018341428754446998
2005-12-14,6.366967652304822e-05
2005-12-15,0.0008631621633974351
2005-12-16,0.012091432218648945
2005-12-19,-0.003527659596174626
2005-12-20,-0.0028175468636175705
2005-12-21,0.00042706638347134174
2005-12-22,0.007013227613213546
2005-12-23,0.0034917672577199355
2005-12-27,0.004202416254135866
2005-12-28,0.00255082099075854
2005-12-29,-0.0030190818120796603
2005-12-30,-0.006376843368889995
2006-01-03,0.01819572376185774
2006-01-04,0.006473051775727434
2006-01-05,0.001782547043541971
2006-01-06,0.015486103399386941
2006-01-09,0.008170641230189624
2006-01-10,0.008946327798056375
2006-01-11,0.03303877989697934
2006-01-12,0.008836722193943602
2006-01-13,-0.015137371679477263
2006-01-17,-0.03346540343918514
2006-01-18,-0.03305004898751418
2006-01-19,0.08942544491376614
2006-01-20,0.0
2006-01-23,0.0
2006-01-24,0.0
2006-01-25,0.028256083330147064
2006-01-26,0.02074618912382542
2006-01-27,0.04427953885025526
2006-01-30,-0.021915822769259075
2006-01-31,0.002453725593733358
2006-02-01,-0.019212612052911138
2006-02-02,-0.005065883134326321
2006-02-03,0.0014753872298913784
2006-02-06,0.010387100640197655
2006-02-07,0.011966953037023886
2006-02-08,0.013681794399829306
2006-02-09,0.007249299398040421
2006-02-10,0.002035191366380751
2006-02-13,-0.011837368976065132
2006-02-14,0.009900798456163873
2006-02-15,-0.008512166198962334
2006-02-16,0.013094130424647465
2006-02-17,-0.031701826892977514
2006-02-21,0.006509978857113463
2006-02-22,-0.0014424618682359336
2006-02-23,-0.0008744639170347179
2006-02-24,0.008068134726331833
2006-02-27,0.008287236665034614
2006-02-28,0.007437685487919898
2006-03-01,0.008968515383235287
2006-03-02,0.007107950951468878
2006-03-03,0.005059078683107288
2006-03-06,0.00577695282646018
2006-03-07,0.0007896234894873011
2006-03-08,-0.010393195744157091
2006-03-09,-0.011830520278981016
2006-03-10,-0.004362362114751828
2006-03-13,-0.0022476462205367476
2006-03-14,-0.00537903995273592
2006-03-15,0.008290951958491055
2006-03-16,0.014237085414960715
2006-03-17,0.004008087383260195
2006-03-20,0.005760705860815563
2006-03-21,-0.03140045307812078
2006-03-22,-0.007908673154360946
2006-03-23,0.013756185483767558
2006-03-24,0.0040959580757127245
2006-03-27,0.0008062658722720606
2006-03-28,-0.001232957822496994
2006-03-29,0.007335125757506278
2006-03-30,0.0036011673354918727
2006-03-31,0.004949407671727135
2006-04-03,-0.008969698827982708
2006-04-04,-0.0029838528031140843
2006-04-05,-0.013281987598874445
2006-04-06,-0.0010995978645754745
2006-04-07,0.00010594239038597131
2006-04-10,0.0008973324588370524
2006-04-11,0.002796282616181367
2006-04-12,0.00408141071523227
2006-04-13,-0.015905689433645898
2006-04-17,0.0019342521756289255
2006-04-18,-0.009877260642147334
2006-04-19,-0.0043696058672682
2006-04-20,-0.004823384408848663
2006-04-21,0.0036672095407253025
2006-04-24,0.006066374161348476
2006-04-25,-0.007456929181352656
2006-04-26,0.006617904151715148
2006-04-27,-0.009644152528444638
2006-04-28,0.005561534411162139
2006-05-01,0.008479117177552897
2006-05-02,0.008832555707289913
2006-05-03,-0.008141892863930744
2006-05-04,-0.005699090331524381
2006-05-05,0.014181155364136
2006-05-08,-0.006582597739029805
2006-05-09,-0.00723039264601133
2006-05-10,-0.014001951721369421
2006-05-11,0.011739296422022871
2006-05-12,-0.015136832718947946
2006-05-15,-0.005176505163494882
2006-05-16,0.0011353549544028674
2006-05-17,-0.001765262550534663
2006-05-18,0.008836791955829648
2006-05-19,0.07607784999123757
2006-05-22,0.0
2006-05-23,0.0
2006-05-24,0.0
2006-05-25,0.02299152482723188
2006-05-26,0.006748148767143913
2006-05-30,-0.005881432481332438
2006-05-31,0.01957248357808372
2006-06-01,0.006096131734528276
2006-06-02,0.011548137618938803
2006-06-05,-0.002460050038440076
2006-06-06,0.007465624371973734
2006-06-07,0.008242183682837245
2006-06-08,-0.018138838121550815
2006-06-09,0.018830263197383568
2006-06-12,-0.007769982202947667
2006-06-13,-0.006735414051213806
2006-06-14,0.021176981607101464
2006-06-15,0.024193532087370073
2006-06-16,-0.0023780084596735085
2006-06-19,0.012011967100383547
2006-06-20,-0.012828715807012614
2006-06-21,-0.0030351300338170573
2006-06-22,0.008294393361593322
2006-06-23,0.007147978126526899
2006-06-26,0.004446982101831143
2006-06-27,0.003239878727621104
2006-06-28,0.004671037781620813
2006-06-29,-0.011757841130939473
2006-06-30,0.00610325900619868
2006-07-03,0.01043651075746399
2006-07-05,-0.014110315199365342
2006-07-06,0.005494875848064851
2006-07-07,-0.02984405640281751
2006-07-10,0.0053671070173606505
2006-07-11,-0.007010444710669028
2006-07-12,-0.002708844063582738
2006-07-13,-0.010912716357073138
2006-07-14,0.006027976575885052
2006-07-17,-0.009923359117539832
2006-07-18,0.004414409302450295
2006-07-19,0.007741379956041294
2006-07-20,0.025735424294081044
2006-07-21,-0.08086343090729065
2006-07-24,-0.00512325017110582
2006-07-25,0.010050883125799714
2006-07-26,0.0020862170970181726
2006-07-27,0.013133003070054272
2006-07-28,0.0084781306924393
2006-07-31,-0.003103263961201863
2006-08-01,0.0017389692676028634
2006-08-02,0.01666907173875276
2006-08-03,-0.006718964168774488
2006-08-04,0.03222898999374402
2006-08-07,-0.018113062800791058
2006-08-08,0.005906338399438882
2006-08-09,0.02981336182910943
2006-08-10,-0.008479239363627267
2006-08-11,-0.04478909707830314
2006-08-14,0.01378026164182633
2006-08-15,0.03528487099727329
2006-08-16,0.016655110641171644
2006-08-17,0.006008808536877908
2006-08-18,-0.020906612836418037
2006-08-21,-0.01895088582805715
2006-08-22,0.011863596164533474
2006-08-23,0.012326008090764784
2006-08-24,0.011957499467758481
2006-08-25,-0.006814872545368833
2006-08-28,0.010841583009058686
2006-08-29,0.006686105805089104
2006-08-30,0.007480713656293991
2006-08-31,0.0025316584688162003
2006-09-01,-0.0016817231652044295
2006-09-05,0.005677383508182476
2006-09-06,-0.015219063148897205
2006-09-07,-0.008896207417792179
2006-09-08,0.009963232554275336
2006-09-11,-0.01759300359751914
2006-09-12,-0.0015594155227612871
2006-09-13,0.0036973935370769873
2006-09-14,0.008986543025710114
2006-09-15,-0.000952078720050431
2006-09-18,0.004720509492074365
2006-09-19,0.0014750218828292194
2006-09-20,0.015585438228273185
2006-09-21,0.003949465543442665
2006-09-22,-0.0012053504490020517
2006-09-25,0.018167390089274926
2006-09-26,0.001132880813355941
2006-09-27,-0.0054118270657211864
2006-09-28,-0.018980089933850697
2006-09-29,0.002560852000790259
2006-10-02,-0.006534954369295298
2006-10-03,-0.0046098391575079
2006-10-04,0.000862004686075446
2006-10-05,-0.010284891477462144
2006-10-06,-0.043584732893147904
2006-10-09,-0.0035979042020526375
2006-10-10,0.006904283709218584
2006-10-11,0.0010961272893110774
2006-10-12,0.011967792032105296
2006-10-13,0.005411293457847632
2006-10-16,0.005215208537171057
2006-10-17,-0.010577851735329324
2006-10-18,0.011694705954469198
2006-10-19,0.04225237111169666
2006-10-20,0.0
2006-10-23,0.0
2006-10-24,0.0
2006-10-25,0.00540439595282205
2006-10-26,0.0007248174530556373
2006-10-27,-0.005285654519524674
2006-10-30,-0.0018797379661910085
2006-10-31,0.008599954026837553
2006-11-01,0.000904095634386648
2006-11-02,-0.0007516245306624647
2006-11-03,0.005078351168272377
2006-11-06,0.0026695445412918684
2006-11-07,0.005391061520897855
2006-11-08,-0.008968252043594527
2006-11-09,0.013936597905187753
2006-11-10,-0.005949182655956675
2006-11-13,0.00010711727477952238
2006-11-14,0.0030981238692204816
2006-11-15,-0.00013107729016392788
2006-11-16,0.007985031618381155
2006-11-17,-0.004969710763474189
2006-11-20,-0.0066118648020532245
2006-11-21,0.00019851297287054592
2006-11-22,0.0022507214197606817
2006-11-24,-0.007258919331479263
2006-11-27,-0.00413607937465188
2006-11-28,-0.0015232043818185215
2006-11-29,0.007955301814848825
2006-11-30,0.0009538477231019193
2006-12-01,-0.005417326775871145
2006-12-04,0.006831386532391903
2006-12-05,0.002900451702289919
2006-12-06,-0.004789465229318668
2006-12-07,0.0038429662888528338
2006-12-08,0.00032100936447387873
2006-12-11,0.0038797714798468608
2006-12-12,-0.002295144903645907
2006-12-13,0.01605381583650667
2006-12-14,0.0007401695276245679
2006-12-15,0.006084240685523268
2006-12-18,-0.0055945582045358044
2006-12-19,-0.014054324030884358
2006-12-20,-0.001990934493072749
2006-12-21,0.0028598036935421067
2006-12-22,0.0027311760557058307
2006-12-26,0.003050165922455328
2006-12-27,-0.02295641843973706
2006-12-28,-0.010729537331160999
2006-12-29,0.024683178964659325
2007-01-03,0.013720535468269013
2007-01-04,0.000717292250559165
2007-01-05,0.00013155238573347994
2007-01-08,0.008561223795276351
2007-01-09,0.009761794596192308
2007-01-10,0.012069743628111862
2007-01-11,-0.005518053171145398
2007-01-12,-0.011770483022323086
2007-01-16,-0.0005152584554182216
2007-01-17,-0.0010003642607194774
2007-01-18,-0.016200286059115943
2007-01-19,-0.0032262846428654512
2007-01-22,0.005845116136850237
2007-01-23,-0.012080122415398797
2007-01-24,0.012333488084709465
2007-01-25,0.004228386820982477
2007-01-26,0.004970133942941102
2007-01-29,0.005410517105612023
2007-01-30,0.008030213159571531
2007-01-31,-0.007155948421138536
2007-02-01,0.003974890058380476
2007-02-02,0.008324315528007942
2007-02-05,0.003987002730161615
2007-02-06,-0.0033981253200284778
2007-02-07,0.03369821987170507
2007-02-08,0.0
2007-02-09,0.0
2007-02-12,0.0
2007-02-13,0.00869423864921992
2007-02-14,0.0019763404805421825
2007-02-15,0.0032528179982409533
2007-02-16,-0.001905314531958524
2007-02-20,-0.001155693226895238
2007-02-21,-0.010714503000323838
2007-02-22,0.0034733872681469435
2007-02-23,-0.0011720083650267332
2007-02-26,0.004094059019245089
2007-02-27,-0.01588135020589143
2007-02-28,0.0008635649183330596
2007-03-01,-0.019360854274908523
2007-03-02,-0.012087265490125731
2007-03-05,-0.04142338726753536
2007-03-06,0.0316697801291661
2007-03-07,-0.009446446435162903
2007-03-08,0.022104831947688863
2007-03-09,0.017080350200973093
2007-03-12,-0.014796022350700655
2007-03-13,-0.015680304987683025
2007-03-14,0.0029707579786040217
2007-03-15,-0.0038045499669259186
2007-03-16,0.0035960322767727426
2007-03-19,0.0033819522431364213
2007-03-20,-0.003206174087563518
2007-03-21,0.028528457025281284
2007-03-22,0.004349693933728416
2007-03-23,-0.004765894459496378
2007-03-26,0.0028975214259761017
2007-03-27,-0.0013594203689950568
2007-03-28,-0.01116244537642197
2007-03-29,0.014805530860608318
2007-03-30,0.009501828913596633
2007-04-02,0.0007802191976775674
2007-04-03,0.0023198351267168515
2007-04-04,-0.004121201934174312
2007-04-05,0.0033588933717385583
2007-04-09,0.02075031288818896
2007-04-10,0.0007001460348514676
2007-04-11,0.003670531063722393
2007-04-12,-0.0025736147435716505
2007-04-13,0.003931441137098979
2007-04-16,0.004100248855401167
2007-04-17,0.012304237490782022
2007-04-18,-0.00324552667011746
2007-04-19,-0.010357599595762879
2007-04-20,0.02477533102772056
2007-04-23,-0.007571936646816102
2007-04-24,-0.0020193181610446143
2007-04-25,0.003051556530004218
2007-04-26,0.009543822067050955
2007-04-27,-0.013146808694269096
2007-04-30,0.00867937640216776
2007-05-01,0.009687149984818566
2007-05-02,-0.00047353718533904576
2007-05-03,0.0045631717928857896
2007-05-04,0.00926874511721465
2007-05-07,0.003308143255904561
2007-05-08,-0.009273234377581874
2007-05-09,-0.0035091299787033403
2007-05-10,-0.005759245699954785
2007-05-11,0.003117703244599257
2007-05-14,0.007440640927796949
2007-05-15,0.0013688447779536261
2007-05-16,0.00801766975158591
2007-05-17,0.0011185998121281404
2007-05-18,0.009551608346831886
2007-05-21,0.0055747853708705275
2007-05-22,0.0029431325152720067
2007-05-23,-0.007624324810903471
2007-05-24,-0.001641241509167779
2007-05-25,0.009494318340122376
2007-05-29,0.005081135825649952
2007-05-30,-0.005186898883052016
2007-05-31,0.012038140852913548
2007-06-01,0.0024826481345683327
2007-06-04,-0.004680763203971372
2007-06-05,-0.0011719600064457047
2007-06-06,-0.003887565034772167
2007-06-07,-0.006743213287279337
2007-06-08,0.010351699020512362
2007-06-11,0.008132210341671664
2007-06-12,-0.022164623380431347
2007-06-13,0.005907629038516049
2007-06-14,0.002988705715672113
2007-06-15,0.011741845928186168
2007-06-18,0.004494498787883439
2007-06-19,-0.0033834724674232097
2007-06-20,0.006474777376336505
2007-06-21,-0.002682906959469822
2007-06-22,0.004573001128203913
2007-06-25,0.00266115294457947
2007-06-26,0.0044021695689697715
2007-06-27,-0.005639267128870418
2007-06-28,0.0028557399817743523
2007-06-29,0.013126319809783293
2007-07-02,0.0033149045259390775
2007-07-03,0.0047160768468024195
2007-07-05,0.007875848490493276
2007-07-06,0.0025851152321088033
2007-07-09,-0.0006543053453105241
2007-07-10,-0.008379172126700807
2007-07-11,-0.001953913851992173
2007-07-12,0.00988720713593505
2007-07-13,0.004898227100996966
2007-07-16,0.003882014693831648
2007-07-17,0.002016644725882699
2007-07-18,-0.011331408520667385
2007-07-19,0.01974409018118628
2007-07-20,0.005626169851099538
2007-07-23,0.019140204171294695
2007-07-24,-0.04580720786490289
2007-07-25,0.021539527896659694
2007-07-26,0.032817106777105254
2007-07-27,0.003323833221338557
2007-07-30,0.00662080318221947
2007-07-31,0.01960497203763678
2007-08-01,0.005539470312257544
2007-08-02,0.01030106367285466
2007-08-03,-0.010024320040473156
2007-08-06,0.006781450556145874
2007-08-07,-0.003691298992821057
2007-08-08,0.010400744024153807
2007-08-09,-0.010756293638868875
2007-08-10,-0.05476474775688556
2007-08-13,0.01799745515005302
2007-08-14,0.0035936516696093435
2007-08-15,-0.006753001591257579
2007-08-16,-0.00985398229991441
2007-08-17,0.037810602307450036
2007-08-20,3.844454978829681e-05
2007-08-21,-0.0006339051960387865
2007-08-22,0.024663746464725467
2007-08-23,0.00740738151345699
2007-08-24,-0.006440445080537205
2007-08-27,0.010326891879216094
2007-08-28,-0.005454003003050101
2007-08-29,0.019585261010657495
2007-08-30,-0.013470099511250444
2007-08-31,0.026041993054875645
2007-09-04,0.005519750121616873
2007-09-05,-0.0031296301620156175
2007-09-06,0.00853333513485377
2007-09-07,-0.045425722213028985
2007-09-10,0.0424688201010881
2007-09-11,0.02047462015960866
2007-09-12,0.007853246848255502
2007-09-13,0.026727924782444124
2007-09-14,-0.015869529657028036
2007-09-17,-0.004658902546072929
2007-09-18,0.01268895947998483
2007-09-19,0.021399538829633302
2007-09-20,-0.003507811051279064
2007-09-21,0.014421146896491877
2007-09-24,0.015333876309029382
2007-09-25,-0.014591633124859338
2007-09-26,0.012620394196859896
2007-09-27,0.014298711762969152
2007-09-28,-0.005720759219163596
2007-10-01,0.011317404334082903
2007-10-02,0.002597271794714473
2007-10-03,-0.013914932499081822
2007-10-04,0.0002557678574255373
2007-10-05,0.02612364418344648
2007-10-08,0.01748874988521565
2007-10-09,0.014367024291792596
2007-10-10,0.002850730987041139
2007-10-11,0.011132114915143987
2007-10-12,0.008027267923782277
2007-10-15,0.00019931858072919084
2007-10-16,-0.01926144556809084
2007-10-17,0.04608984673022132
2007-10-18,-0.014531148711601771
2007-10-19,0.00230647181302035
2007-10-22,-0.006759524094310798
2007-10-23,0.08978808771985491
2007-10-24,0.0
2007-10-25,0.0
2007-10-26,0.0
2007-10-29,-0.0070684239912952584
2007-10-30,0.003581738906223819
2007-10-31,0.0031327664513565168
2007-11-01,-0.02198573799916259
2007-11-02,0.012385956663743647
2007-11-05,-0.013339506566764525
2007-11-06,0.006315281433470377
2007-11-07,-0.011269215800813082
2007-11-08,-0.0036616116147863975
2007-11-09,-1.2909074007194654e-05
2007-11-12,-0.0017989236410680398
2007-11-13,0.01587070303027449
2007-11-14,0.015114227245697442
2007-11-15,-0.005353087333051176
2007-11-16,0.00879589073735243
2007-11-19,-0.014052402054690494
2007-11-20,0.012768361605319578
2007-11-21,-0.013977989349352682
2007-11-23,0.009443435698538227
2007-11-26,0.00014806351146345875
2007-11-27,0.009800982423716187
2007-11-28,0.006090774081010553
2007-11-29,-0.004520307941367152
2007-11-30,0.02262127398282554
2007-12-03,0.008302551758278653
2007-12-04,-0.0016298262197559366
2007-12-05,0.026940503220066914
2007-12-06,-0.0005463357945011404
2007-12-07,0.0006912040904627492
2007-12-10,-0.0005267421174974807
2007-12-11,0.011374692194109803
2007-12-12,0.028265365304492418
2007-12-13,-0.007105507715871373
2007-12-14,-0.005947607053323645
2007-12-17,-0.008039070338097365
2007-12-18,0.012930324790581649
2007-12-19,-0.0010319873033345361
2007-12-20,0.012699597261085716
2007-12-21,0.005878053643221248
2007-12-24,0.0006830087973108689
2007-12-26,0.0017456745547823616
2007-12-27,-0.0032445187024645605
2007-12-28,0.006582770211238653
2007-12-31,-0.006080623976330246
2008-01-02,3.3601587155152046e-05
2008-01-03,0.005384342708391721
2008-01-04,-0.01867950043892519
2008-01-07,0.00980470360110397
2008-01-08,0.007713940228150085
2008-01-09,0.0038357646550271074
2008-01-10,-0.013029833076921182
2008-01-11,-0.007655516140714247
2008-01-14,0.023786691281323602
2008-01-15,-0.02075474749690631
2008-01-16,-0.042063244515788245
2008-01-17,0.014470642877445705
2008-01-18,0.024867378304758603
2008-01-22,-0.07534188315878987
2008-01-23,-0.03145232515636609
2008-01-24,0.02743201799458217
2008-01-25,0.026647950989749924
2008-01-28,-0.00367320905488433
2008-01-29,0.011302590962449344
2008-01-30,-0.008040535916193803
2008-01-31,-0.021917876469170094
2008-02-01,0.01063440857666298
2008-02-04,0.008785265392545316
2008-02-05,-0.016512232885281364
2008-02-06,0.010355725580603492
2008-02-07,-0.024124109037829133
2008-02-08,-0.004924466003517147
2008-02-11,0.008118109906657844
2008-02-12,0.013737247551336429
2008-02-13,0.013569188281042255
2008-02-14,-0.014758786255020251
2008-02-15,-0.0014099556984791262
2008-02-19,0.026013885072626364
2008-02-20,-0.014601858377903953
2008-02-21,0.012753954678988322
2008-02-22,0.0043951421045036465
2008-02-25,-0.00017571400366811485
2008-02-26,-0.006184838354238109
2008-02-27,-0.006708393212230823
2008-02-28,-0.009374845616872629
2008-02-29,-0.01265464322360832
2008-03-03,0.0013309853274119376
2008-03-04,-0.011792554204743677
2008-03-05,0.00968724051074421
2008-03-06,-0.0017090046416089466
2008-03-07,-0.021137921758421996
2008-03-10,-0.00235191318378003
2008-03-11,0.02188093361251031
2008-03-12,0.0036959467506572086
2008-03-13,-0.01308071586299353
2008-03-14,0.00779818250475417
2008-03-17,-0.03166179866800667
2008-03-18,0.018267979798423317
2008-03-19,-0.009311535648819813
2008-03-20,0.003891029128428203
2008-03-24,0.01201528154158038
2008-03-25,0.006400681493771598
2008-03-26,-0.006668432340153907
2008-03-27,-0.0013559855468321391
2008-03-28,0.013615632325136628
2008-03-31,0.003087728886104202
2008-04-01,0.021123631464403214
2008-04-02,0.0033250844551435677
2008-04-03,0.003712429392163541
2008-04-04,-0.00721697503920693
2008-04-07,0.014835159152830402
2008-04-08,-0.021435017488187325
2008-04-09,0.006278102385660844
2008-04-10,0.007190847812704959
2008-04-11,-0.018961150722427544
2008-04-14,-0.00015945961082297622
2008-04-15,0.005675857228711223
2008-04-16,0.026327151642769442
2008-04-17,-0.01964515552750523
2008-04-18,0.02469885462321475
2008-04-21,-0.002360981341931634
2008-04-22,-0.009393142773949315
2008-04-23,0.013397448808685652
2008-04-24,0.0012260073324117382
2008-04-25,0.007167748852576539
2008-04-28,-0.002316847103061237
2008-04-29,-0.0044400662620498466
2008-04-30,0.006290154884510235
2008-05-01,0.0042758280648358404
2008-05-02,0.009927620947914884
2008-05-05,0.0021641147243030012
2008-05-06,-0.00010725786052778741
2008-05-07,0.0004997388967735716
2008-05-08,0.004986276016887947
2008-05-09,0.007483790619520203
2008-05-12,-0.0006586781346943349
2008-05-13,0.004959536320171765
2008-05-14,-0.0040558060003053065
2008-05-15,-0.0006372182942013804
2008-05-16,0.003220105860842315
2008-05-19,0.0009292070919801887
2008-05-20,-0.007326103708914733
2008-05-21,-0.002538762138699635
2008-05-22,0.003596349544873201
2008-05-23,-0.007315356570729792
2008-05-27,0.0029633565013016394
2008-05-28,0.007145140786202431
2008-05-29,0.0006263889538531409
2008-05-30,0.004489436230813437
2008-06-02,0.0006106730682160499
2008-06-03,-0.0007170692379318
2008-06-04,-0.0032655899930914556
2008-06-05,-0.00011431150614127361
2008-06-06,-0.009348660076246351
2008-06-09,0.0009565788339560566
2008-06-10,-0.014427386982663548
2008-06-11,-0.005679121288189037
2008-06-12,0.011683543889973835
2008-06-13,0.01276846981674118
2008-06-16,-0.007872951894252078
2008-06-17,0.004334986016210962
2008-06-18,-0.0016110289481322537
2008-06-19,-0.0022175933642453183
2008-06-20,-0.01343911842515999
2008-06-23,0.0072030607886028886
2008-06-24,-0.008725700641640577
2008-06-25,0.009023108562610016
2008-06-26,-0.01910230979736549
2008-06-27,-0.003976441052996105
2008-06-30,-0.006954301963948084
2008-07-01,-0.01444097196225591
2008-07-02,0.0
2008-07-03,0.0
2008-07-07,0.0
2008-07-08,0.0
2008-07-09,0.0
2008-07-10,0.0
2008-07-11,0.0
2008-07-14,0.0
2008-07-15,0.0
2008-07-16,0.0
2008-07-17,0.0
2008-07-18,0.0
2008-07-21,0.0
2008-07-22,0.0
2008-07-23,0.0
2008-07-24,0.0
2008-07-25,0.0
2008-07-28,0.0
2008-07-29,0.0
2008-07-30,0.0
2008-07-31,0.0
2008-08-01,0.0
2008-08-04,-0.0002312681217492285
2008-08-05,0.015597371006481175
2008-08-06,0.0028348516818084146
2008-08-07,-0.004216333088142066
2008-08-08,0.003564637335769394
2008-08-11,0.0034952965549834847
2008-08-12,0.0062561326523737915
2008-08-13,0.014712851493188683
2008-08-14,-0.004868015966511097
2008-08-15,0.008335736060076204
2008-08-18,0.0038380882851709597
2008-08-19,-0.012158217229743529
2008-08-20,0.009336904931302792
2008-08-21,-0.007295591611056973
2008-08-22,0.0075935672361391315
2008-08-25,0.002149729166001979
2008-08-26,-0.004913328913466741
2008-08-27,-0.005051414606316862
2008-08-28,0.006139059295115157
2008-08-29,-0.014706015322289101
2008-09-02,0.012169173254583665
2008-09-03,-0.006675774590968575
2008-09-04,-0.009941780048684401
2008-09-05,-0.01066042044661375
2008-09-08,0.016558698171650788
2008-09-09,-0.0011710509027712535
2008-09-10,0.007068018380484986
2008-09-11,-0.024569868887856505
2008-09-12,-0.007134171816554846
2008-09-15,-0.027576727365444254
2008-09-16,-0.024702389358498333
2008-09-17,-0.015237588453717144
2008-09-18,0.013885529177410927
2008-09-19,0.04158483109974842
2008-09-22,0.0
2008-09-23,0.0
2008-09-24,0.0
2008-09-25,0.004580230926771733
2008-09-26,-0.027894013061128375
2008-09-29,-0.020223215680430617
2008-09-30,0.02017696079197684
2008-10-01,0.0
2008-10-02,0.0
2008-10-03,0.0
2008-10-06,-0.025163178626906313
2008-10-07,0.0440337520876688
2008-10-08,0.0
2008-10-09,0.0
2008-10-10,0.0
2008-10-13,0.04740503980425381
2008-10-14,0.0
2008-10-15,0.0
2008-10-16,0.0
2008-10-17,-0.003844913330425248
2008-10-20,0.012658190547556458
2008-10-21,-0.013939061934619135
2008-10-22,-0.006512012660220723
2008-10-23,-0.0016550359804514692
2008-10-24,-0.050673384287378
2008-10-27,-0.006268480931212794
2008-10-28,0.02447060962714298
2008-10-29,0.0
2008-10-30,0.0
2008-10-31,0.0
2008-11-03,0.005805676773920299
2008-11-04,0.02426092032151428
2008-11-05,0.0
2008-11-06,0.0
2008-11-07,0.0
2008-11-10,0.015718074081468414
2008-11-11,0.0
2008-11-12,0.0
2008-11-13,0.0
2008-11-14,-0.011132427769315112
2008-11-17,-0.0009696404544595749
2008-11-18,0.007358612214020344
2008-11-19,-0.0028669512967048894
2008-11-20,-0.003424243405767191
2008-11-21,0.010260262125501907
2008-11-24,0.0
2008-11-25,0.0
2008-11-26,0.0
2008-11-28,-0.003212632427417761
2008-12-01,-0.010281942713523118
2008-12-02,0.0065037301383228385
2008-12-03,-0.00364708932907698
2008-12-04,-0.008575797186697653
2008-12-05,-0.003764725539531777
2008-12-08,0.008464161495436384
2008-12-09,-0.003704656340829171
2008-12-10,0.005993577812345663
2008-12-11,-0.0027166887327558786
2008-12-12,-0.009283325086824057
2008-12-15,0.0018222487560057843
2008-12-16,0.004500722758318476
2008-12-17,-0.008590925248544767
2008-12-18,0.0018932512180731553
2008-12-19,0.008228013799810308
2008-12-22,-0.004956812427438173
2008-12-23,0.0027072011068780544
2008-12-24,-0.00680668033703502
2008-12-26,0.005391710829607987
2008-12-29,0.0016768388431862569
2008-12-30,0.003930966362301724
2008-12-31,-0.002900351447545968
2009-01-02,-7.801234206972207e-05
2009-01-05,-0.0015608240429364484
2009-01-06,0.006593282964924008
2009-01-07,-0.008437682649635958
2009-01-08,-0.004478507920116281
2009-01-09,-0.0011655506282218786
2009-01-12,-0.0011247952924148263
2009-01-13,-0.007605410207850438
2009-01-14,-0.01308503784480941
2009-01-15,0.001546157161636419
2009-01-16,0.009717521655377093
2009-01-20,-0.005435312450863927
2009-01-21,0.00799175487591075
2009-01-22,-0.011406408244114541
2009-01-23,-0.01011815348942513
2009-01-26,0.0007829186026855339
2009-01-27,0.006046480696704659
2009-01-28,0.013401147158176974
2009-01-29,0.0
2009-01-30,0.0
2009-02-02,0.0
2009-02-03,0.0008098502882762926
2009-02-04,0.0017100556321387739
2009-02-05,-0.002828068838321318
2009-02-06,0.002640715165156182
2009-02-09,0.00044145985124166565
2009-02-10,-0.0027830406797276774
2009-02-11,-0.010174846452934316
2009-02-12,-0.005554698573831507
2009-02-13,-0.0006343175204469587
2009-02-17,-0.018944558133553224
2009-02-18,0.003781946107859646
2009-02-19,0.008431543913558937
2009-02-20,-0.007455286772122038
2009-02-23,0.00528538446490856
2009-02-24,0.009920302969238515
2009-02-25,-0.0013242822003530774
2009-02-26,0.008892831993740025
2009-02-27,-0.00858968788457104
2009-03-02,-0.010882818706556718
2009-03-03,0.0
2009-03-04,0.0
2009-03-05,0.0
2009-03-06,0.0
2009-03-09,0.0
2009-03-10,0.0
2009-03-11,0.0
2009-03-12,0.0
2009-03-13,0.0
2009-03-16,0.0
2009-03-17,0.0
2009-03-18,0.0
2009-03-19,0.0
2009-03-20,0.0
2009-03-23,0.0
2009-03-24,0.0
2009-03-25,0.0
2009-03-26,0.0
2009-03-27,0.0
2009-03-30,0.0
2009-03-31,0.0
2009-04-01,0.0
2009-04-02,0.0
2009-04-03,0.0
2009-04-06,0.0
2009-04-07,0.0
2009-04-08,0.0
2009-04-09,0.0
2009-04-13,0.0
2009-04-14,0.0
2009-04-15,0.0
2009-04-16,0.0
2009-04-17,0.0
2009-04-20,0.0
2009-04-21,0.0
2009-04-22,0.0
2009-04-23,0.0
2009-04-24,0.0
2009-04-27,0.0
2009-04-28,0.0
2009-04-29,0.0
2009-04-30,0.0
2009-05-01,0.0
2009-05-04,0.02380995646895734
2009-05-05,0.010301239947466012
2009-05-06,0.01082558164632963
2009-05-07,0.007352538798576225
2009-05-08,0.02027775674727783
2009-05-11,-0.026559854266672844
2009-05-12,0.009407776150321512
2009-05-13,-0.021943690887538003
2009-05-14,-0.005944129641585194
2009-05-15,-0.004449836504258453
2009-05-18,0.01803975757534615
2009-05-19,-0.006342755592752436
2009-05-20,0.015773984742611713
2009-05-21,-0.01926085667123001
2009-05-22,0.007461970638828808
2009-05-26,-0.007945517194384188
2009-05-27,0.002143045014502354
2009-05-28,0.018150660233750004
2009-05-29,0.004281206217860101
2009-06-01,0.016816339909572653
2009-06-02,-0.015941107594749093
2009-06-03,-0.02336377311210991
2009-06-04,0.003394856117671763
2009-06-05,0.01254267342654658
2009-06-08,-0.011630411570626165
2009-06-09,0.018403931020815945
2009-06-10,0.008315326022887204
2009-06-11,-0.0046774929545825294
2009-06-12,-0.003554045634824421
2009-06-15,-0.014222408577041046
2009-06-16,0.006175220846867058
2009-06-17,0.0003660282520494551
2009-06-18,0.00206310972844026
2009-06-19,0.011542274201301383
2009-06-22,-0.00022803867671694622
2009-06-23,-0.0010882917131714853
2009-06-24,0.011415581517874474
2009-06-25,-0.0045278050582538976
2009-06-26,-0.0061712871034446115
2009-06-29,0.0020829854139952086
2009-06-30,0.00677595963678268
2009-07-01,0.009134096493671695
2009-07-02,-0.01565554006485137
2009-07-06,-0.010934182040221452
2009-07-07,0.0078002360044981955
2009-07-08,0.0037017034446844566
2009-07-09,0.010105938755516464
2009-07-10,-0.004440207242892735
2009-07-13,0.00578549239918047
2009-07-14,-0.0008600581779270033
2009-07-15,0.031375650970796753
2009-07-16,-0.005184692562540172
2009-07-17,0.00946837894868402
2009-07-20,0.012308713888798728
2009-07-21,0.004773984548944954
2009-07-22,0.01599602819402879
2009-07-23,-0.0020957633653676533
2009-07-24,-0.010360510291015257
2009-07-27,0.001647361034545991
2009-07-28,-0.009342976587286334
2009-07-29,-0.006493523955071301
2009-07-30,0.016414134077238574
2009-07-31,0.0005497678941357442
2009-08-03,0.015683343904517644
2009-08-04,-0.009246463316996079
2009-08-05,-0.005332312881231038
2009-08-06,0.0009008674381187909
2009-08-07,0.023043022940358426
2009-08-10,0.001560680170527018
2009-08-11,-0.0023719027905805268
2009-08-12,0.0003946992253516246
2009-08-13,0.002233814582221161
2009-08-14,-0.0069619138252366985
2009-08-17,-0.036187188434374296
2009-08-18,0.010160875074003428
2009-08-19,-0.020501674101367717
2009-08-20,0.0008652263064170551
2009-08-21,0.011827707841594037
2009-08-24,0.008627602765977516
2009-08-25,0.0037102970684115277
2009-08-26,-0.00047906800825181506
2009-08-27,-0.0011917666633577406
2009-08-28,0.02005610137069702
2009-08-31,-0.015134188253235759
2009-09-01,-0.001971774665671777
2009-09-02,-0.0031737483120451992
2009-09-03,0.006343677154425631
2009-09-04,0.0011791688239490838
2009-09-08,0.01251010802779673
2009-09-09,0.004947933559549478
2009-09-10,0.009719491680399095
2009-09-11,0.008473880185226434
2009-09-14,-0.008538911520536208
2009-09-15,0.011506412332422888
2009-09-16,0.007446918125850299
2009-09-17,-0.005509526604632664
2009-09-18,0.008203357505701225
2009-09-21,-0.00693500020926574
2009-09-22,0.011550695110028153
2009-09-23,0.007883390886381347
2009-09-24,0.009429571101044809
2009-09-25,-0.009968074172636787
2009-09-28,0.005172469562242155
2009-09-29,-0.0016153484251952843
2009-09-30,0.0026559317578780384
2009-10-01,-0.0038312603005968837
2009-10-02,-0.017667224731941378
2009-10-05,0.0009146621988873616
2009-10-06,0.015814515234493953
2009-10-07,2.9646782765846424e-05
2009-10-08,0.008985636771357441
2009-10-09,-0.0025443385019151554
2009-10-12,0.014068558713192125
2009-10-13,0.0016247326256477734
2009-10-14,0.026499978886557196
2009-10-15,-0.009629984262655933
2009-10-16,-0.015124743558600828
2009-10-19,0.00986355737445277
2009-10-20,0.008992072836790488
2009-10-21,0.0003782325627796901
2009-10-22,-0.00835282399939119
2009-10-23,0.010495329395780573
2009-10-26,0.0034643164111813896
2009-10-27,-0.001740812756852006
2009-10-28,-0.011013219805266372
2009-10-29,0.012384128099030223
2009-10-30,0.0026829602038835887
2009-11-02,0.0021080487415521265
2009-11-03,-0.016158700183931396
2009-11-04,0.01136161502397437
2009-11-05,0.013175080025291663
2009-11-06,0.008920638033770967
2009-11-09,0.012738647355481136
2009-11-10,0.000688513391904344
2009-11-11,0.011240825351306327
2009-11-12,0.03167759892554378
2009-11-13,0.0
2009-11-16,0.0
2009-11-17,0.0
2009-11-18,-0.0015485895317236542
2009-11-19,-0.016911013394204644
2009-11-20,-0.011936166837333895
2009-11-23,0.009445764604282925
2009-11-24,0.00032640686740692537
2009-11-25,0.005107034610535299
2009-11-27,-0.03162491506315779
2009-11-30,0.004311619802250588
2009-12-01,0.00943211344186734
2009-12-02,0.0012640495819427056
2009-12-03,0.0023371959157674205
2009-12-04,0.01587331817822224
2009-12-07,0.011451572467535476
2009-12-08,-0.0033141677195669406
2009-12-09,0.004398364232679031
2009-12-10,0.007833750978972764
2009-12-11,0.0030859203990298845
2009-12-14,0.011819217674594817
2009-12-15,-0.004233337390728065
2009-12-16,0.012411133599258939
2009-12-17,-0.013311590453296884
2009-12-18,0.0007564511179163347
2009-12-21,0.010111057177907723
2009-12-22,0.007932721609268611
2009-12-23,0.010820758692731358
2009-12-24,0.010468453747041417
2009-12-28,0.01367342282868833
2009-12-29,0.0025243846526947777
2009-12-30,-0.003623947603858868
2009-12-31,0.00955795533256687
2010-01-04,0.022091376294729015
2010-01-05,-0.00048734460229604704
2010-01-06,-0.00203420004047683
2010-01-07,-0.002322996731188076
2010-01-08,-0.00786632673123333
2010-01-11,0.007389242297876297
2010-01-12,-0.014629741932718376
2010-01-13,0.00638924020167253
2010-01-14,-0.006273399040266359
2010-01-15,0.0004876623850420536
2010-01-19,-0.0007800709363149361
2010-01-20,-0.013393609409400709
2010-01-21,0.008759718102336667
2010-01-22,-0.016274099573998724
2010-01-25,0.02750238224437851
2010-01-26,0.007827117472976708
2010-01-27,0.0013272923837275297
2010-01-28,-0.00656407477380061
2010-01-29,0.010070323992722896
2010-02-01,0.009494913797367888
2010-02-02,-0.00347635450634709
2010-02-03,-0.011813168473332136
2010-02-04,-0.006488903624478293
2010-02-05,7.674258797196742e-05
2010-02-08,0.014014804482121335
2010-02-09,0.02939172215169039
2010-02-10,-0.010046482848459548
2010-02-11,0.0011741728454510714
2010-02-12,-0.017586604162610597
2010-02-16,0.011222843043216857
2010-02-17,0.01005623668340383
2010-02-18,-0.00611620055360762
2010-02-19,-0.004815883079205996
2010-02-22,0.009632339334608275
2010-02-23,-0.003934613301032175
2010-02-24,0.01045506975315158
2010-02-25,-0.02784771762694238
2010-02-26,-0.0024515694638075347
2010-03-01,0.009968211400146476
2010-03-02,0.0032408847807594565
2010-03-03,0.0014257576510674497
2010-03-04,0.0007235738238815514
2010-03-05,0.003680453861674593
2010-03-08,-0.0015798377539790742
2010-03-09,-0.00784604992763327
2010-03-10,0.0053016278860473776
2010-03-11,-0.0017126007614575167
2010-03-12,0.010195404729192115
2010-03-15,-0.0027377383121929277
2010-03-16,0.003652672230981091
2010-03-17,0.006129947504770028
2010-03-18,-0.003034389469196097
2010-03-19,0.0033745540718108646
2010-03-22,-0.0058940723473992485
2010-03-23,0.0044939333014943905
2010-03-24,-0.004137393667294265
2010-03-25,0.013780744346209461
2010-03-26,0.004588533030467801
2010-03-29,0.006114057472507151
2010-03-30,0.006383760952025863
2010-03-31,-0.007741141437901278
2010-04-01,0.012668760619153119
2010-04-05,0.003434796605157553
2010-04-06,-0.004000382738609143
2010-04-07,0.0007157537864326269
2010-04-08,-0.0032631591784139102
2010-04-09,0.009074912301948457
2010-04-12,0.0025891848179107058
2010-04-13,-0.005013904610205677
2010-04-14,0.01992968615286106
2010-04-15,-0.0018274354956646643
2010-04-16,-0.008529044722987544
2010-04-19,-0.007111251256769924
2010-04-20,0.012312069701984951
2010-04-21,0.04463189524385225
2010-04-22,0.0
2010-04-23,0.0
2010-04-26,0.0
2010-04-27,-0.009934087014003001
2010-04-28,0.00993835170070434
2010-04-29,0.010925715864190888
2010-04-30,0.0002116183540070704
2010-05-03,0.013403920875207476
2010-05-04,-0.02031214709032847
2010-05-05,-0.02600697481513936
2010-05-06,-0.005465303493780604
2010-05-07,-0.006435712815567429
2010-05-10,0.07621994917921948
2010-05-11,0.0
2010-05-12,0.0
2010-05-13,0.0
2010-05-14,-0.020788465612883833
2010-05-17,0.0012901258334891974
2010-05-18,0.015295457177621374
2010-05-19,-0.013625187184909349
2010-05-20,-0.033099995889928735
2010-05-21,-0.025707603706185966
2010-05-24,0.013554005800347158
2010-05-25,-0.046321715136663055
2010-05-26,0.026332088222889682
2010-05-27,0.037983920344792255
2010-05-28,0.01840190027870303
2010-06-01,-0.0013733368819112135
2010-06-02,0.008047160156142708
2010-06-03,0.0021876529864350847
2010-06-04,-0.024093506578910184
2010-06-07,0.0068165417649672655
2010-06-08,0.0012253783928475315
2010-06-09,0.007739703340310378
2010-06-10,0.01555761736303074
2010-06-11,-0.00919791466754194
2010-06-14,0.0164601649035947
2010-06-15,0.00995150294489111
2010-06-16,-0.007842917205958866
2010-06-17,0.011269139706360232
2010-06-18,-0.00042880746436158024
2010-06-21,0.016564962077105116
2010-06-22,0.002923912419151131
2010-06-23,0.0024447565045908615
2010-06-24,-0.002252739568080253
2010-06-25,0.004154671358271855
2010-06-28,0.006720320134227187
2010-06-29,-0.024038224292303845
2010-06-30,0.002464546024805836
2010-07-01,0.0015663299475527914
2010-07-02,0.002799246768946384
2010-07-06,0.01715520810809923
2010-07-07,0.00441839532993038
2010-07-08,0.0056136593675699675
2010-07-09,-0.0024884708110335385
2010-07-12,0.0005796030808431496
2010-07-13,0.01223664579310535
2010-07-14,0.01574344321786736
2010-07-15,0.0003756517973922957
2010-07-16,-0.006629648825933865
2010-07-19,0.004227226847633547
2010-07-20,-0.014061582908670656
2010-07-21,0.002160234822693896
2010-07-22,0.008643011896711128
2010-07-23,-0.003883491206214673
2010-07-26,0.0003160881601851351
2010-07-27,0.0030473134919895006
2010-07-28,-0.0058845381592064205
2010-07-29,-0.007175710324111351
2010-07-30,-0.010808822522039074
2010-08-02,0.011172173876166314
2010-08-03,-0.004016212167924804
2010-08-04,0.00415326844329611
2010-08-05,-0.001485874318532976
2010-08-06,-0.004918264181041798
2010-08-09,0.005224926247956896
2010-08-10,-0.016384144216881724
2010-08-11,-0.01798530230090345
2010-08-12,-0.014433348716606398
2010-08-13,0.002519897161083584
2010-08-16,-0.003950216067750367
2010-08-17,0.009204663309509087
2010-08-18,-9.133933665939065e-05
2010-08-19,-0.0028277830623928413
2010-08-20,0.010577885465293368
2010-08-23,0.0044238418316147055
2010-08-24,-0.014672310865345817
2010-08-25,-0.00355250711356625
2010-08-26,0.005979791255915634
2010-08-27,0.00673568471797048
2010-08-30,-0.0015533633431777938
2010-08-31,-0.006902202908877331
2010-09-01,0.011085945385331808
2010-09-02,0.002618956584777843
2010-09-03,0.010607053942652822
2010-09-07,-0.003211183575194898
2010-09-08,0.0004878651434980785
2010-09-09,0.00822697395566152
2010-09-10,0.0015947324332452606
2010-09-13,0.008688230644546602
2010-09-14,-0.0021859322094640588
2010-09-15,-0.006971410223542529
2010-09-16,-0.001843043245157272
2010-09-17,0.004258355947248882
2010-09-20,0.0016763679886813154
2010-09-21,0.0007125027535259676
2010-09-22,-0.00227546415739599
2010-09-23,-0.003459048872968662
2010-09-24,0.013528182307260828
2010-09-27,0.00223580057670425
2010-09-28,0.0029917549470186433
2010-09-29,-0.0023935600990312444
2010-09-30,0.007185006363880753
2010-10-01,0.006982495338480721
2010-10-04,-0.0031033541431293443
2010-10-05,0.011745511857303992
2010-10-06,0.000549743921386181
2010-10-07,0.0036059655019229364
2010-10-08,0.008404030078662972
2010-10-11,0.0025308689934793183
2010-10-12,-0.0014557832791571856
2010-10-13,0.009148017696973154
2010-10-14,0.002167781892744136
2010-10-15,0.016019623549454742
2010-10-18,0.0077312666264333085
2010-10-19,-0.03583854391297092
2010-10-20,0.001543328770556185
2010-10-21,0.0048141867266526805
2010-10-22,-0.0001567911501171304
2010-10-25,0.0060929064892825124
2010-10-26,-0.005468209726254614
2010-10-27,-0.0017196797576510825
2010-10-28,0.0014096207630647228
2010-10-29,-0.000998935467341755
2010-11-01,0.005788224040957246
2010-11-02,0.0073792569837976
2010-11-03,0.002573139108594802
2010-11-04,0.00940200655664336
2010-11-05,-6.916614446383917e-05
2010-11-08,-0.0003513792146241368
2010-11-09,0.023431837597869043
2010-11-10,-0.0025599722596456598
2010-11-11,-0.008488309899079338
2010-11-12,-0.007169495046045471
2010-11-15,-0.00015265984822032674
2010-11-16,-0.006145679855346753
2010-11-17,0.0015487506844726884
2010-11-18,0.012545407149319843
2010-11-19,0.0004945998945329322
2010-11-22,-0.0053899179843585054
2010-11-23,-0.010400169125712622
2010-11-24,0.00987219199848366
2010-11-26,-0.008415486822835438
2010-11-29,-0.002361591933205731
2010-11-30,-0.014289304033008543
2010-12-01,0.01610770950432472
2010-12-02,-0.016797188550791375
2010-12-03,0.0002895765424624219
2010-12-06,0.007368108424858466
2010-12-07,0.019304889159581062
2010-12-08,-0.01313313222546264
2010-12-09,0.012663817781963127
2010-12-10,0.02256527847780676
2010-12-13,-0.003316518371936472
2010-12-14,-0.00981239031847947
2010-12-15,-0.0005758047085603346
2010-12-16,0.0013721009534921613
2010-12-17,0.0061874560058137185
2010-12-20,0.006471046895448085
2010-12-21,0.010625613197576156
2010-12-22,0.007048918458578468
2010-12-23,-0.0003686473316485417
2010-12-27,-0.019098233824945465
2010-12-28,-0.0018176701143208795
2010-12-29,0.003091511664035096
2010-12-30,-0.0016938515110465069
2010-12-31,-0.003306609933370619
2011-01-03,0.0014734163532004185
2011-01-04,0.009886402167228914
2011-01-05,0.0002893051086008125
2011-01-06,-0.01117115527738366
2011-01-07,0.0006119282117160729
2011-01-10,-0.0038523063975776095
2011-01-11,0.009821730328809064
2011-01-12,0.012062587906285893
2011-01-13,-0.004216560958792859
2011-01-14,-0.00673422461052986
2011-01-18,-0.004930237599891751
2011-01-19,-0.003989757842326691
2011-01-20,-0.014781828705320965
2011-01-21,0.00630754554712909
2011-01-24,0.012223135157855447
2011-01-25,-0.0057812935353313
2011-01-26,0.006539026806308579
2011-01-27,0.05762968310092531
2011-01-28,0.0
2011-01-31,0.0
2011-02-01,0.0
2011-02-02,-0.018036534958691175
2011-02-03,0.0021953599522510636
2011-02-04,0.007650982164313591
2011-02-07,-0.001834667360538278
2011-02-08,0.002579033480887727
2011-02-09,0.0006898839703719517
2011-02-10,-0.01796600515922997
2011-02-11,-0.003348274274238894
2011-02-14,0.021717651105627844
2011-02-15,-0.01151008745346338
2011-02-16,0.013244398657946022
2011-02-17,-0.01492430182615001
2011-02-18,0.00691802119887841
2011-02-22,-0.05068864511195037
2011-02-23,-0.020491583957509163
2011-02-24,0.024749862793000954
2011-02-25,0.015134369211019072
2011-02-28,0.015912404295390647
2011-03-01,-0.0017967449586359097
2011-03-02,-0.0023055557770333968
2011-03-03,0.021491290976557442
2011-03-04,0.0009833047838776476
2011-03-07,0.003652171022618722
2011-03-08,0.00114831612585653
2011-03-09,-0.004728697064240062
2011-03-10,-0.025026587316051674
2011-03-11,-0.004588248508474724
2011-03-14,0.006275011889731674
2011-03-15,-0.045834125142958815
2011-03-16,-0.006143365828770286
2011-03-17,0.022064770325061378
2011-03-18,0.018399672361747665
2011-03-21,0.02035951605463615
2011-03-22,-0.0022594936783785213
2011-03-23,-0.0012602733359334817
2011-03-24,0.028712453835398
2011-03-25,0.00572595692614386
2011-03-28,0.009964907598417838
2011-03-29,0.0002510809491811372
2011-03-30,0.010265327585044393
2011-03-31,-0.0004708843399320317
2011-04-01,0.00727015590291713
2011-04-04,0.0037650608870434255
2011-04-05,0.0040738707775860306
2011-04-06,0.006346345754755456
2011-04-07,-0.0014832480094015832
2011-04-08,0.010126491488957612
2011-04-11,0.0034769427556993193
2011-04-12,-0.011926660755062324
2011-04-13,0.00842093962993351
2011-04-14,-0.008468703096211727
2011-04-15,-0.001614018137391593
2011-04-18,-0.0158333747788173
2011-04-19,0.002090818463935662
2011-04-20,0.025478665698780656
2011-04-21,0.005395027078653802
2011-04-25,0.0012624918109696015
2011-04-26,0.0037888220942789985
2011-04-27,0.007209292515141019
2011-04-28,-8.610920557583501e-05
2011-04-29,0.00012023746330247498
2011-05-02,0.008996734238630566
2011-05-03,-0.00242876346840859
2011-05-04,-0.0016358474006028523
2011-05-05,-0.00599336659118177
2011-05-06,0.010672435251980694
2011-05-09,0.005324428856143593
2011-05-10,0.00433466567593177
2011-05-11,7.79844265075269e-05
2011-05-12,-0.003512224760693017
2011-05-13,-0.009007759075354005
2011-05-16,-0.005422681172177035
2011-05-17,-0.006963121185659782
2011-05-18,0.00395686667530093
2011-05-19,0.0048831746554411914
2011-05-20,-0.005085707409210327
2011-05-23,-0.014708940058363318
2011-05-24,0.006488506896898283
2011-05-25,-0.004076709170691362
2011-05-26,-0.0038446409149095473
2011-05-27,0.0023874192672770356
2011-05-31,0.013828629672473891
2011-06-01,-0.004522758354484457
2011-06-02,0.0020512018124552167
2011-06-03,-0.007175769548472877
2011-06-06,-0.00016361575357004554
2011-06-07,0.004230089954987859
2011-06-08,-0.0036610607717944
2011-06-09,0.0013662298204648593
2011-06-10,0.0011015369077236326
2011-06-13,0.0003945130667835084
2011-06-14,0.006489438326814145
2011-06-15,-0.005708729045190819
2011-06-16,0.0017344413510298473
2011-06-17,0.005706036325635155
2011-06-20,-0.001501929730969076
2011-06-21,0.0038353047042209987
2011-06-22,-0.0016654569287052334
2011-06-23,-0.006902088962504438
2011-06-24,-0.014476128612229133
2011-06-27,0.0012094611345641049
2011-06-28,0.0006648967126567928
2011-06-29,0.0029315149286479603
2011-06-30,0.003060036661736598
2011-07-01,-0.00029572456304871597
2011-07-05,0.0018694108054670977
2011-07-06,-0.0025560197516774075
2011-07-07,0.004693763637549697
2011-07-08,-0.007419307374462392
2011-07-11,-0.008987145430221388
2011-07-12,-0.003952754628621213
2011-07-13,0.004329299413420973
2011-07-14,0.0013316177010205266
2011-07-15,0.003404787287569322
2011-07-18,-0.003638139697830556
2011-07-19,0.004474066599715609
2011-07-20,0.0021991988603284884
2011-07-21,0.002604896753767738
2011-07-22,0.008135263854702757
2011-07-25,-0.008478876196507112
2011-07-26,-0.00281376386842469
2011-07-27,-0.004509005777948438
2011-07-28,-0.001299801275166157
2011-07-29,-0.005556011193124877
2011-08-01,0.010042016756355743
2011-08-02,-0.0037083040577589044
2011-08-03,0.0002035572159286847
2011-08-04,-0.010911162146303388
2011-08-05,0.008782793488930407
2011-08-08,-0.025511329771162217
2011-08-09,0.013220427727888673
2011-08-10,-0.019457404722720506
2011-08-11,0.004632311831991531
2011-08-12,0.020733627457090842
2011-08-15,0.0
2011-08-16,0.0
2011-08-17,-0.0007047852811956634
2011-08-18,-0.008041335523198967
2011-08-19,0.0040487757660441215
2011-08-22,-0.0006704530453064406
2011-08-23,0.0019201493733858044
2011-08-24,0.002661609189129166
2011-08-25,-0.002685459032025883
2011-08-26,0.00011131296517863376
2011-08-29,0.009852188428691289
2011-08-30,-0.0032629146834629585
2011-08-31,-0.0007991040315341591
2011-09-01,-3.037567201924496e-05
2011-09-02,0.0008441284991183018
2011-09-06,-0.007536989233164815
2011-09-07,0.01237995509777412
2011-09-08,0.004518751109791719
2011-09-09,0.006115156677523714
2011-09-12,0.005162422494416674
2011-09-13,0.0020809228443168237
2011-09-14,0.0013834652675677184
2011-09-15,-0.0016562811064976257
2011-09-16,-0.0009772684767241913
2011-09-19,0.00030536924102397833
2011-09-20,-0.0009357468530165614
2011-09-21,-0.00029157370588006604
2011-09-22,0.001052543614503021
2011-09-23,0.0030768125517413036
2011-09-26,0.0007374647678959345
2011-09-27,-0.003873741138844644
2011-09-28,-0.003893843011964049
2011-09-29,-0.015326769079209712
2011-09-30,-0.002827354119009806
2011-10-03,-0.0012686914338135846
2011-10-04,-0.0035388423766219423
2011-10-05,-0.001271770390484983
2011-10-06,0.0025505019633078607
2011-10-07,0.002839022381133205
2011-10-10,-0.0012534568460833562
2011-10-11,-0.001053967498064412
2011-10-12,0.001569933318619432
2011-10-13,-0.0013794848630852563
2011-10-14,-0.0009362108327845009
2011-10-17,-0.0023555057646538202
2011-10-18,0.0010615564007872003
2011-10-19,0.002903488266751353
2011-10-20,-0.007428045131359973
2011-10-21,-4.132763735842371e-05
2011-10-24,-0.001419199663874715
2011-10-25,-0.004932100961598573
2011-10-26,0.007575303663250654
2011-10-27,0.015940913898535358
2011-10-28,0.0
2011-10-31,0.0
2011-11-01,0.0
2011-11-02,0.015681329373421704
2011-11-03,0.0066789326711687025
2011-11-04,-0.00802384001198464
2011-11-07,-0.004178160352161231
2011-11-08,0.005418041586287448
2011-11-09,-0.028359133318483387
2011-11-10,0.01055772013553935
2011-11-11,0.01096611605379838
2011-11-14,-0.003485330553352095
2011-11-15,0.0006847525985784753
2011-11-16,-0.006166143638420718
2011-11-17,-0.001499642936946377
2011-11-18,0.004442463704813715
2011-11-21,-0.01854107723389742
2011-11-22,0.002167827420555879
2011-11-23,-0.010640377759040254
2011-11-25,-0.003951190845775443
2011-11-28,0.0404797130595238
2011-11-29,-0.0010405906071083715
2011-11-30,0.03569174719405299
2011-12-01,-0.008027958327181062
2011-12-02,0.009229742054363221
2011-12-05,0.017350822918002606
2011-12-06,-0.005808095170371841
2011-12-07,-0.004614162605530825
2011-12-08,-0.0049633308650121055
2011-12-09,0.004963499594184961
2011-12-12,-0.013855011024793917
2011-12-13,0.007425333936012857
2011-12-14,-0.00896412716364925
2011-12-15,0.010962604036171442
2011-12-16,0.01116823963222835
2011-12-19,0.004951528607041178
2011-12-20,0.014927270396716041
2011-12-21,-0.000605955337620645
2011-12-22,0.004248716651449769
2011-12-23,0.004724347842498977
2011-12-27,-0.0027424006125502665
2011-12-28,0.004475481114835089
2011-12-29,0.004027066728598427
2011-12-30,-0.0016054657858246557
2012-01-03,0.016767103324573318
2012-01-04,-0.002992243949472284
2012-01-05,-0.010051568138070843
2012-01-06,0.002911429982766167
2012-01-09,-0.0026123502488286654
2012-01-10,0.021383357578220297
2012-01-11,-0.000289609682171621
2012-01-12,0.010653192539326284
2012-01-13,-0.010041910903271334
2012-01-17,0.021313153273560648
2012-01-18,-0.0007487196854177869
2012-01-19,0.018593525744196926
2012-01-20,-0.1021355851121406
2012-01-23,0.0033267070940423693
2012-01-24,-0.002020637169536932
2012-01-25,0.04511862815160339
2012-01-26,0.008232870512816293
2012-01-27,0.005667206055592011
2012-01-30,-0.007335916671563303
2012-01-31,0.015876585946948518
2012-02-01,0.013810816093589029
2012-02-02,0.00197087158926057
2012-02-03,0.010753993309281062
2012-02-06,-0.006878149919599563
2012-02-07,0.00026105597603187647
2012-02-08,0.003337815175195491
2012-02-09,0.00509397670179168
2012-02-10,-0.007897155831815494
2012-02-13,0.014589463977678019
2012-02-14,0.0013247070494726287
2012-02-15,0.009045283231282397
2012-02-16,-0.011659190350261306
2012-02-17,0.0014203178104805758
2012-02-21,0.00564220539308824
2012-02-22,-0.0023318131042699974
2012-02-23,0.00156039852845824
2012-02-24,0.005683012014048527
2012-02-27,-0.001096949439083783
2012-02-28,0.005213065132723571
2012-02-29,0.009998463488257947
2012-03-01,0.009289079322846394
2012-03-02,-0.00045240520064337986
2012-03-05,-0.0017812973187243397
2012-03-06,-0.016987323646583175
2012-03-07,0.009606397613685314
2012-03-08,0.007765971067104749
2012-03-09,0.003983509965385101
2012-03-12,0.0031398085618841165
2012-03-13,0.010530593507609654
2012-03-14,0.014669079605138302
2012-03-15,0.012442800188277259
2012-03-16,-0.0010871470195881194
2012-03-19,0.013136102809593986
2012-03-20,-0.003961603220823173
2012-03-21,-0.0011789598746616559
2012-03-22,-0.006903903825572044
2012-03-23,-0.0011960155376714576
2012-03-26,0.005797275188433648
2012-03-27,-0.0002621346705905525
2012-03-28,0.003339485015467547
2012-03-29,-0.006900503338380881
2012-03-30,0.0014594942919319287
2012-04-02,0.002752484358129248
2012-04-03,0.008456449327924664
2012-04-04,-0.011100201753863614
2012-04-05,0.002684973335862706
2012-04-09,-0.014893955407376924
2012-04-10,0.004700052001850752
2012-04-11,0.013734742567147906
2012-04-12,0.0018363158987213524
2012-04-13,-0.0011998362176771638
2012-04-16,0.007643865926016957
2012-04-17,0.0008117379505823141
2012-04-18,0.0023343676783256218
2012-04-19,-0.010762464668968685
2012-04-20,0.0037515643804575394
2012-04-23,-0.009696678253668822
2012-04-24,-0.010910724838938402
2012-04-25,0.07595110980265884
2012-04-26,0.0
2012-04-27,0.0
2012-04-30,0.0
2012-05-01,0.0005187186799648913
2012-05-02,-0.0023178534470462697
2012-05-03,0.006151253265309409
2012-05-04,-0.007631150004286158
2012-05-07,-0.00507062536050229
2012-05-08,-0.0008750915870434639
2012-05-09,-0.01067005275576427
2012-05-10,-0.0008324514653412773
2012-05-11,-0.011542866150106468
2012-05-14,-0.008400380040661792
2012-05-15,0.0044879714116881075
2012-05-16,0.0024923617526941833
2012-05-17,-0.0002002872945808809
2012-05-18,0.006498731167212668
2012-05-21,0.006932839813981184
2012-05-22,0.011067585687256187
2012-05-23,-0.001195970079060471
2012-05-24,0.008171154210907972
2012-05-25,-0.0012579981604088353
2012-05-29,0.014504594642798407
2012-05-30,-0.00793982880459132
2012-05-31,0.0012614351997026763
2012-06-01,-0.01971387827945348
2012-06-04,0.0008094430549274723
2012-06-05,0.0014213098744402242
2012-06-06,0.0025269220214241273
2012-06-07,0.004311871236630349
2012-06-08,-0.0011039538969054297
2012-06-11,0.003726455581233523
2012-06-12,0.0015328043011211268
2012-06-13,-0.0003796569000769079
2012-06-14,-0.00010819904696357519
2012-06-15,0.0005258454767336218
2012-06-18,-0.0017190867166536616
2012-06-19,0.003069912805521602
2012-06-20,0.0010815703032769353
2012-06-21,-0.001319371681698045
2012-06-22,0.0014666387934345604
2012-06-25,-0.002215582707345898
2012-06-26,0.0009730098915972096
2012-06-27,0.0008940346313854874
2012-06-28,-0.0030824125037378636
2012-06-29,0.006249138162263579
2012-07-02,0.004931917942365471
2012-07-03,0.0002451236836105153
2012-07-05,-0.0026655060863235436
2012-07-06,-0.0034802603455177383
2012-07-09,-0.0011652762257235993
2012-07-10,-0.0014412029980966912
2012-07-11,0.0004917186175099619
2012-07-12,-0.0017872167719926724
2012-07-13,0.00030193842111403413
2012-07-16,-0.0011680906845579209
2012-07-17,0.001171063406696149
2012-07-18,-0.0009414817092913141
2012-07-19,0.003455971566745042
2012-07-20,0.00019678835784886495
2012-07-23,-0.005243737953326333
2012-07-24,0.00034772888960388215
2012-07-25,0.0010593278303652198
2012-07-26,0.005524297342984097
2012-07-27,0.0018812817947884142
2012-07-30,-0.0025399220905466535
2012-07-31,0.0008863761235280432
2012-08-01,0.0021811885986466883
2012-08-02,-0.0021220523298265404
2012-08-03,0.0071403122358078
2012-08-06,0.0013829722476157436
2012-08-07,0.004206621146635614
2012-08-08,-0.0014508433934675713
2012-08-09,-0.0008197243603004223
2012-08-10,-0.0008759620176679306
2012-08-13,-0.00043557076554168184
2012-08-14,0.002326603742036415
2012-08-15,0.00011705640514270144
2012-08-16,0.0010569282485346498
2012-08-17,-0.003850106809323739
2012-08-20,-0.0007707253033770733
2012-08-21,0.0010303450873079267
2012-08-22,-0.0010189440694587937
2012-08-23,-0.0011399572362845722
2012-08-24,-0.00043469649674698907
2012-08-27,0.00047847637609810256
2012-08-28,-0.0009724217379882827
2012-08-29,0.0005834405238223095
2012-08-30,-0.0005864291113626408
2012-08-31,0.0019651299007910072
2012-09-04,-0.0008440653346311056
2012-09-05,-0.0017781375359151586
2012-09-06,0.006840436939983929
2012-09-07,0.00423924664231512
2012-09-10,-0.0014002116858247149
2012-09-11,0.002521296274912377
2012-09-12,0.008214766203606283
2012-09-13,0.006570574219564085
2012-09-14,0.009685259999905327
2012-09-17,0.008913409664929706
2012-09-18,-0.002266824121958555
2012-09-19,-0.00018102758609772618
2012-09-20,-0.00550738358013203
2012-09-21,0.0030551225829587025
2012-09-24,-0.01787272881516755
2012-09-25,-0.0012679031486414472
2012-09-26,-0.005970634220614279
2012-09-27,0.0006462295474134461
2012-09-28,-0.003647910716664482
2012-10-01,0.00713372303676163
2012-10-02,0.0017496722329113368
2012-10-03,0.001379509933149059
2012-10-04,0.0012130892538726457
2012-10-05,0.0016325073229246367
2012-10-08,-0.0017830222026019582
2012-10-09,-0.0009707612615232897
2012-10-10,-0.0007477611773298865
2012-10-11,0.0014643613217819595
2012-10-12,-0.0033733352380589388
2012-10-15,0.0012313026204591182
2012-10-16,0.001712013847906091
2012-10-17,-0.001979536632728651
2012-10-18,-0.0003782286799023371
2012-10-19,-0.003242250789097012
2012-10-22,0.0030726714536042365
2012-10-23,-0.0034610530540256645
2012-10-24,0.0036670786732300176
2012-10-25,0.002211618093685308
2012-10-26,-0.000296545383684399
2012-10-31,0.0025214865130478437
2012-11-01,0.001957449086774199
2012-11-02,0.0009442849698046984
2012-11-05,-0.001584708987599659
2012-11-06,0.0009828495208195065
2012-11-07,-0.004472050516118431
2012-11-08,0.0008064039665731659
2012-11-09,0.0002709708685635359
2012-11-12,0.0008850834743319158
2012-11-13,-0.002150982955224978
2012-11-14,0.00240359289298131
2012-11-15,0.00042834987225925936
2012-11-16,0.002451337458134528
2012-11-19,0.0026988187746426195
2012-11-20,8.248543059341529e-05
2012-11-21,-0.0002988934165337742
2012-11-23,0.0030837399423286893
2012-11-26,0.0006704113384987664
2012-11-27,0.00034296313749115903
2012-11-28,-0.0016540205719207668
2012-11-29,-0.0001735789575380009
2012-11-30,0.0006889195530013215
2012-12-03,0.002254139061991234
2012-12-04,0.001352877248869122
2012-12-05,-7.738223754882867e-06
2012-12-06,2.834806760376729e-05
2012-12-07,0.0005876986424500075
2012-12-10,-0.0008669034050865498
2012-12-11,0.0015141024226112965
2012-12-12,0.0016854202318348221
2012-12-13,0.0009688365951259215
2012-12-14,0.0003476001267890272
2012-12-17,0.000687671459662198
2012-12-18,0.001332518610745792
2012-12-19,0.001527292307391459
2012-12-20,0.000600602130047756
2012-12-21,-0.0064419027666992035
2012-12-24,-0.0001270938419039025
2012-12-26,0.00037678506559779557
2012-12-27,-0.00015922040610016897
2012-12-28,-0.002608501439468447
2012-12-31,-4.984067099589318e-05
2013-01-02,0.007345276562897407
2013-01-03,0.0
2013-01-04,0.0
2013-01-07,0.0
2013-01-08,0.0003962379994080223
2013-01-09,0.0017992870328793487
2013-01-10,0.002770575003115061
2013-01-11,-2.234916148313726e-05
2013-01-14,-0.0004219548284905006
2013-01-15,-0.0021618066307985684
2013-01-16,-0.00014713868451099454
2013-01-17,0.001693545150496245
2013-01-18,-0.0011136184303786045
2013-01-22,0.0001929164518201798
2013-01-23,0.0016974135464282725
2013-01-24,-0.0011393716990932834
2013-01-25,0.002122246122088667
2013-01-28,0.0022900949600301868
2013-01-29,-0.0011776909945527825
2013-01-30,0.00018741107388109413
2013-01-31,0.0012473550989553495
2013-02-01,0.0035739594282861997
2013-02-04,-0.019462299423399165
2013-02-05,-0.0025162350546662493
2013-02-06,0.003967613433933037
2013-02-07,0.0038159435713105427
2013-02-08,0.005098181731354012
2013-02-11,-0.0045575252123146726
2013-02-12,-0.006366577963110243
2013-02-13,0.007822523831331196
2013-02-14,0.00453850554466384
2013-02-15,0.003390165962762648
2013-02-19,0.0020702283638014407
2013-02-20,0.002730578827784269
2013-02-21,-0.00714226131030804
2013-02-22,-0.0032324086738545477
2013-02-25,0.004112276500471745
2013-02-26,0.0052194732488439755
2013-02-27,-0.002096697546476789
2013-02-28,-0.0011819909083213842
2013-03-01,-0.006327561095952228
2013-03-04,-0.0017987559328412894
2013-03-05,0.011808609365328904
2013-03-06,0.011590025593997133
2013-03-07,-0.0029331875557108145
2013-03-08,0.000954960792685311
2013-03-11,-0.0006475793309538291
2013-03-12,-0.0023209068039513614
2013-03-13,0.004983745281795793
2013-03-14,0.002517115890346755
2013-03-15,0.0010850849274777197
2013-03-18,-0.015645534532298222
2013-03-19,0.0023613427498523354
2013-03-20,0.0075445485689427105
2013-03-21,-0.004852229163301303
2013-03-22,0.010567560872691839
2013-03-25,0.004188966134653693
2013-03-26,0.004841485160877124
2013-03-27,-0.006964496318881519
2013-03-28,0.001316284448498406
2013-04-01,0.004016868808078833
2013-04-02,0.006981066529672342
2013-04-03,0.004894431812584532
2013-04-04,0.0014465203308573482
2013-04-05,-0.013966572502745689
2013-04-08,-0.0012481253344086563
2013-04-09,8.39573951461059e-05
2013-04-10,0.005088779347369066
2013-04-11,0.0026489678801993044
2013-04-12,0.003960111647447251
2013-04-15,-0.0006521485564555674
2013-04-16,0.007207955803775423
2013-04-17,-0.007291676188016405
2013-04-18,0.007381085681156252
2013-04-19,0.003003097874280547
2013-04-22,0.008116845983761278
2013-04-23,0.06732138517988484
2013-04-24,0.0
2013-04-25,0.0
2013-04-26,0.0
2013-04-29,0.005992715827884965
2013-04-30,0.0013638667705988539
2013-05-01,0.001609972458715525
2013-05-02,0.009434516519740033
2013-05-03,0.017299137819300148
2013-05-06,-0.0023110000114282547
2013-05-07,0.0002373563279640667
2013-05-08,-0.0009284287896453858
2013-05-09,0.014779707984446722
2013-05-10,0.00041354155235406864
2013-05-13,0.005788152330165275
2013-05-14,0.01741982703991729
2013-05-15,0.0030973937112528382
2013-05-16,0.023055901448567395
2013-05-17,0.005408581873322937
2013-05-20,-0.0019432698691926875
2013-05-21,-0.0016113099497220285
2013-05-22,-0.004661881761775399
2013-05-23,-0.0202802154976518
2013-05-24,-0.004307977597045043
2013-05-28,0.026269513607575457
2013-05-29,0.007930674965614948
2013-05-30,-0.008221639605784481
2013-05-31,0.007459451872726897
2013-06-03,0.00020464411004827987
2013-06-04,-0.002636057801195024
2013-06-05,-0.009816169911614825
2013-06-06,6.348484307494573e-05
2013-06-07,0.007008897008715875
2013-06-10,-0.011292664926249252
2013-06-11,-0.014966564141767447
2013-06-12,0.012052351058268407
2013-06-13,0.006583299684976618
2013-06-14,0.008563342366117332
2013-06-17,0.02943652343741321
2013-06-18,0.0019131339510967127
2013-06-19,-0.0036543770905776984
2013-06-20,-0.011355235494453941
2013-06-21,0.015303222939190952
2013-06-24,-0.018351432023676617
2013-06-25,0.008512290714481674
2013-06-26,0.011201552021171235
2013-06-27,0.00919286056995161
2013-06-28,0.0028546263424356066
2013-07-01,0.0158938270743072
2013-07-02,-3.4764767815276265e-05
2013-07-03,-0.0011949480458738337
2013-07-05,0.012970594111494371
2013-07-08,0.0072993395704124
2013-07-09,0.010920697570687476
2013-07-10,-0.004453438331965209
2013-07-11,0.018556026080340793
2013-07-12,0.0027692944195407687
2013-07-15,0.010241254037937964
2013-07-16,-0.001909906807634365
2013-07-17,-0.0008182153600223563
2013-07-18,0.006386834589444668
2013-07-19,-0.003284832749413713
2013-07-22,0.0023352329123809135
2013-07-23,-0.0025758397397420696
2013-07-24,0.007419496358955557
2013-07-25,-0.002549522995618503
2013-07-26,0.006931574984705202
2013-07-29,0.00014716050698404537
2013-07-30,0.0030675538314568485
2013-07-31,0.004275327570131049
2013-08-01,0.007727144195895708
2013-08-02,-0.0033783175109001196
2013-08-05,0.0035909327232679367
2013-08-06,-0.0025380148216952447
2013-08-07,-0.004125533687690308
2013-08-08,0.053954594618245144
2013-08-09,0.0
2013-08-12,0.0
2013-08-13,0.0
2013-08-14,-0.00995497481714347
2013-08-15,-0.01654129502991719
2013-08-16,0.004419430650085321
2013-08-19,0.002713966467368545
2013-08-20,0.011726815824014247
2013-08-21,-0.0009538131396679139
2013-08-22,0.0073758866569448855
2013-08-23,0.0016131103991638973
2013-08-26,0.007500647685125594
2013-08-27,-0.012515302129327388
2013-08-28,0.006309803631281197
2013-08-29,-0.006619527250364854
2013-08-30,0.0011002860940085846
2013-09-03,0.01915355790113127
2013-09-04,0.011512438770639344
2013-09-05,0.00022556470899059988
2013-09-06,0.0023428096628768103
2013-09-09,-0.00380547615151694
2013-09-10,0.006980762423312914
2013-09-11,-0.0022803370944574075
2013-09-12,0.008302976810126594
2013-09-13,-0.002881080219554799
2013-09-16,0.016272463191234543
2013-09-17,-0.0033744053272529717
2013-09-18,-0.001013019296498996
2013-09-19,0.01577880413349675
2013-09-20,0.007688710875500826
2013-09-23,-0.0006303658633831644
2013-09-24,0.014465102259254348
2013-09-25,0.014587725841943122
2013-09-26,0.013446551558118136
2013-09-27,-0.004215080630257773
2013-09-30,-0.021833453620476395
2013-10-01,-0.0016499846281962105
2013-10-02,-0.011593122797382893
2013-10-03,-0.004687830093271894
2013-10-04,0.014183099802041799
2013-10-07,0.0005218337150985075
2013-10-08,0.00511008240185018
2013-10-09,0.003941016894480898
2013-10-10,0.026757851892249995
2013-10-11,-0.003411574598890965
2013-10-14,-0.02148297245787323
2013-10-15,0.019051887131837697
2013-10-16,0.011485413766750163
2013-10-17,-0.00017336293293745975
2013-10-18,0.025552938195441355
2013-10-21,0.005979321414769645
2013-10-22,0.0032595745632797435
2013-10-23,-0.019743119722282376
2013-10-24,0.006544680587952545
2013-10-25,0.012674006776869362
2013-10-28,-0.004714048394988013
2013-10-29,0.00951399618743154
2013-10-30,0.010180072268986873
2013-10-31,-0.03368693125700162
2013-11-01,0.01637292960271064
2013-11-04,0.0009217844562166011
2013-11-05,0.002751001129645436
2013-11-06,-0.04146740293138551
2013-11-07,-0.009453899509101915
2013-11-08,-0.004371064085503917
2013-11-11,-9.216629922015329e-05
2013-11-12,-0.003720733906091178
2013-11-13,0.000136351901854459
2013-11-14,0.0008269275651464625
2013-11-15,0.0019874902228493863
2013-11-18,-0.006979184982698006
2013-11-19,0.0004859655341440394
2013-11-20,0.00471050186056976
2013-11-21,0.01557651311384256
2013-11-22,0.00255456695474221
2013-11-25,0.013193383522608126
2013-11-26,-0.005755953911664058
2013-11-27,0.004992965213007405
2013-11-29,0.013659878897795297
2013-12-02,-0.004416602364425204
2013-12-03,-0.004671688311271294
2013-12-04,-0.0061760616372125154
2013-12-05,-0.005293317247930696
2013-12-06,0.013718531414668611
2013-12-09,0.007525446901851307
2013-12-10,-0.00244647254065522
2013-12-11,-0.0009771292251402608
2013-12-12,0.01881176697983289
2013-12-13,0.0034421905839572275
2013-12-16,0.0014838741283682566
2013-12-17,0.011322488526576358
2013-12-18,5.940700946860389e-05
2013-12-19,-0.015260520332729732
2013-12-20,0.001134117443467586
2013-12-23,-0.0001739043314357147
2013-12-24,0.00719442579340579
2013-12-26,0.004458460851984425
2013-12-27,-0.0009526100162917661
2013-12-30,-0.0058775691599073365
2013-12-31,0.005950153067739272
2014-01-02,0.0015784199682680189
2014-01-03,0.000512276560890701
2014-01-06,-0.001086859144731056
2014-01-07,0.008611219410762594
2014-01-08,0.014453306738836602
2014-01-09,0.0039803161181499735
2014-01-10,0.0014160576566488725
2014-01-13,-0.00024076960160845928
2014-01-14,0.004149660442496428
2014-01-15,0.004206394781225864
2014-01-16,-0.0013659889611662424
2014-01-17,0.0007121557086160468
2014-01-21,0.0065134283427357165
2014-01-22,0.005230776058936071
2014-01-23,-0.018541125394065716
2014-01-24,-0.009450613301859256
2014-01-27,0.0049656191250944115
2014-01-28,0.007872210297730886
2014-01-29,-0.010453375411013321
2014-01-30,0.09461011021515842
2014-01-31,0.0
2014-02-03,0.0
2014-02-04,0.0
2014-02-05,-0.0026724922562985087
2014-02-06,-0.0049776103508754055
2014-02-07,0.0061041536179997635
2014-02-10,-0.000510887560907336
2014-02-11,0.0014607895603104826
2014-02-12,0.0023131363490871415
2014-02-13,-0.006091115436781647
2014-02-14,0.002150549381200184
2014-02-18,0.00012035004462873644
2014-02-19,-0.005925195830806085
2014-02-20,-0.0019365948649615605
2014-02-21,0.003847307346476647
2014-02-24,0.003703211389098904
2014-02-25,0.0037497394089707203
2014-02-26,0.005305050300437264
2014-02-27,-3.610490124472676e-05
2014-02-28,0.005375414871330975
2014-03-03,-0.018940369950570024
2014-03-04,0.017359866544475633
2014-03-05,0.008051919286962361
2014-03-06,0.003715214452062243
2014-03-07,0.004032945113591868
2014-03-10,0.008606790707951228
2014-03-11,0.006288393063198061
2014-03-12,-0.004912330908157347
2014-03-13,0.005924075839303322
2014-03-14,-0.004043507149238623
2014-03-17,0.007098356871841016
2014-03-18,0.0009787053281562486
2014-03-19,-0.0002428012262071233
2014-03-20,-0.003077672821848898
2014-03-21,0.008365504634286536
2014-03-24,0.0019498650387139715
2014-03-25,0.015310105617267533
2014-03-26,0.004060381443088845
2014-03-27,-0.00024155942375880812
2014-03-28,0.007096965349331796
2014-03-31,0.01604356159901088
2014-04-01,0.004134417731669782
2014-04-02,0.02567074910179623
2014-04-03,0.003834299551783049
2014-04-04,0.015129575248965743
2014-04-07,-0.010942612992858702
2014-04-08,0.015262983850079515
2014-04-09,0.025715509315475504
2014-04-10,0.007957967932417986
2014-04-11,-0.028446483678249312
2014-04-14,0.027726807855958047
2014-04-15,0.010583819182200083
2014-04-16,0.01942879295177491
2014-04-17,-0.009227481709566998
2014-04-21,0.012099980425058998
2014-04-22,0.015617645489517828
2014-04-23,0.003972411173829071
2014-04-24,0.029744499554272386
2014-04-25,-0.015578366450431425
2014-04-28,0.0077783002703653015
2014-04-29,0.0015754352278471995
2014-04-30,-0.008636771811532107
2014-05-01,0.007657135532256776
2014-05-02,0.0024533147279506284
2014-05-05,-0.011660631582641523
2014-05-06,-0.002108606139289093
2014-05-07,0.004383452987891889
2014-05-08,-0.019378095483546742
2014-05-09,0.0011878303321763983
2014-05-12,0.011859243813731934
2014-05-13,-0.0016339659991988498
2014-05-14,-0.005340858431330586
2014-05-15,-0.0002454235447205688
2014-05-16,0.00436656077617914
2014-05-19,-0.007881818831894538
2014-05-20,0.005324883664977742
2014-05-21,0.004426815928477046
2014-05-22,0.003915469192254717
2014-05-23,-0.00027067574811645567
2014-05-27,0.005587324698096197
2014-05-28,-0.0020305084923307737
2014-05-29,0.007132740888279754
2014-05-30,0.002334029979087271
2014-06-02,0.00042940494910825855
2014-06-03,-0.006113197243537205
2014-06-04,-0.004578323724095279
2014-06-05,0.0033590148719626622
2014-06-06,0.005365862030340285
2014-06-09,-0.0012101999756048976
2014-06-10,0.0040058340961433014
2014-06-11,-0.0024417484375216514
2014-06-12,0.0006165653463467979
2014-06-13,0.005487377001353488
2014-06-16,-0.00211228593942947
2014-06-17,0.00226726409203426
2014-06-18,0.001635080035990777
2014-06-19,0.0011563401436971432
2014-06-20,0.002016916164753635
2014-06-23,-0.0005166755105463494
2014-06-24,0.00019781827680542818
2014-06-25,-0.0015292072833363868
2014-06-26,0.0024921763667573593
2014-06-27,-0.0008815002513075099
2014-06-30,0.002388199483337461
2014-07-01,0.010576674859434032
2014-07-02,0.001048293033905745
2014-07-03,0.006358377600662157
2014-07-07,-0.00253961046709017
2014-07-08,-0.005595617950337806
2014-07-09,0.004722463679336597
2014-07-10,-0.02333063189873874
2014-07-11,0.004383749984706364
2014-07-14,0.009723497506660461
2014-07-15,0.0003389568167986301
2014-07-16,0.008370631138794549
2014-07-17,-0.008802751256855479
2014-07-18,0.0046826882884598575
2014-07-21,0.0015373667193152585
2014-07-22,0.0022823635053181857
2014-07-23,0.006291815978719528
2014-07-24,0.027394742700932895
2014-07-25,-0.0018902914568664775
2014-07-28,3.006271181194009e-05
2014-07-29,8.197897299178081e-05
2014-07-30,0.0031389915052661976
2014-07-31,-0.011875829816601402
2014-08-01,-0.0003948479867350585
2014-08-04,0.0026552004090922843
2014-08-05,-0.005341611451527339
2014-08-06,-0.006518071924360269
2014-08-07,0.007157158412960385
2014-08-08,3.3625564864969704e-05
2014-08-11,0.01122964601709886
2014-08-12,-0.0033321183728812764
2014-08-13,0.005069223395284261
2014-08-14,0.0016620635922777183
2014-08-15,0.0042993851318435805
2014-08-18,0.005500476085976258
2014-08-19,0.0025938353890955224
2014-08-20,-0.0038551274054001716
2014-08-21,0.000254700381306483
2014-08-22,-0.0018979672174460616
2014-08-25,0.005900888405168336
2014-08-26,0.0011964220393259062
2014-08-27,-0.0004863554528458103
2014-08-28,-0.006380399065186837
2014-08-29,0.009774977227565262
2014-09-02,0.007401636383565835
2014-09-03,0.0026810944283033322
2014-09-04,0.0010191476952901013
2014-09-05,0.0034042599870356405
2014-09-08,0.0013921092198045937
2014-09-09,0.0034684868980010553
2014-09-10,0.0017291469160365391
2014-09-11,-0.00549088811597731
2014-09-12,-0.002453641086296754
2014-09-15,0.005353734808539512
2014-09-16,-0.013674182172484617
2014-09-17,0.0028569725818921032
2014-09-18,0.004680521060222542
2014-09-19,0.006355257102408585
2014-09-22,0.00485768480870874
2014-09-23,-0.005107273319663208
2014-09-24,-0.0001841883769082564
2014-09-25,-0.007905860642959617
2014-09-26,0.012516973563081235
2014-09-29,-0.01830498635271216
2014-09-30,0.004880239891074112
2014-10-01,-0.0007730191293725541
2014-10-02,0.0001995804181877947
2014-10-03,0.003557334084177466
2014-10-06,0.00022072091734459676
2014-10-07,-0.005969687537979551
2014-10-08,1.4115603037545554e-06
2014-10-09,0.001773570554258086
2014-10-10,-0.009929687675811927
2014-10-13,0.009270764360278738
2014-10-14,0.013800127086902592
2014-10-15,-0.021092438270976732
2014-10-16,-0.030328348586908915
2014-10-17,0.02603009064494488
2014-10-20,0.0038558131920942706
2014-10-21,0.032334468993022725
2014-10-22,0.005189843548969897
2014-10-23,0.01745893356466266
2014-10-24,0.0042408928049395556
2014-10-27,-0.0009689805277753871
2014-10-28,0.0034144144074756966
2014-10-29,-0.029122481483985663
2014-10-30,-0.009658811354726127
2014-10-31,0.022650295463072068
2014-11-03,0.004611047727858919
2014-11-04,-0.005322716729134647
2014-11-05,0.0074495495587454386
2014-11-06,0.002930501043848288
2014-11-07,0.004374231650334348
2014-11-10,0.0044261343122793395
2014-11-11,-4.439832178426695e-05
2014-11-12,-0.004127113337215493
2014-11-13,0.003571804777837695
2014-11-14,0.0010061800082177275
2014-11-17,-0.0032250713102938144
2014-11-18,0.0008365466279691702
2014-11-19,-0.001368654973636585
2014-11-20,-0.0009854059698792828
2014-11-21,0.013267823221108754
2014-11-24,0.003228036554707492
2014-11-25,0.003975055786748394
2014-11-26,0.0014108977294988723
2014-11-28,0.003350201535199826
2014-12-01,-0.0021083910224261038
2014-12-02,-0.005391238231811646
2014-12-03,0.0068042497953944014
2014-12-04,-0.00031199535601911244
2014-12-05,0.003909214115070503
2014-12-08,-0.004765104687428967
2014-12-09,-0.019621098330005915
2014-12-10,0.0004121278319777488
2014-12-11,0.005462535266904656
2014-12-12,-0.010481974331137955
2014-12-15,0.008666886834693521
2014-12-16,-0.012461812890019908
2014-12-17,0.003756793658730606
2014-12-18,0.021266888292169828
2014-12-19,-0.0012879946454460445
2014-12-22,-0.010406263300291818
2014-12-23,0.004120174610100946
2014-12-24,-0.00016430403687461848
2014-12-26,0.003972576308577169
2014-12-29,0.0027876432556874775
2014-12-30,-0.001743404876265564
2014-12-31,0.003670430969360705
2015-01-02,0.008080786873110757
2015-01-05,-0.004664549391950268
2015-01-06,0.0051559081939376306
2015-01-07,0.009998614702051878
2015-01-08,0.012488143478923686
2015-01-09,0.006245690224571332
2015-01-12,0.00604498113384877
2015-01-13,0.01404518598862281
2015-01-14,-0.011365441683406807
2015-01-15,0.002340288861889084
2015-01-16,0.0006151248419650202
2015-01-20,0.010958821460738122
2015-01-21,-0.0016061588887523737
2015-01-22,0.005572696164011459
2015-01-23,-0.0021432624072861284
2015-01-26,0.0021213055837103756
2015-01-27,-0.008695839114155723
2015-01-28,0.04458163162083295
2015-01-29,0.0
2015-01-30,0.0
2015-02-02,0.0
2015-02-03,2.6280872975847913e-05
2015-02-04,-0.0030658955598447113
2015-02-05,0.007246442300129052
2015-02-06,0.0005385840218117277
2015-02-09,-0.0043211131008423775
2015-02-10,0.004552303805186675
2015-02-11,0.0036930667736767564
2015-02-12,0.00888780919990717
2015-02-13,0.005165018697541601
2015-02-17,0.0012080360738455642
2015-02-18,-0.0013527221215241525
2015-02-19,-0.00027002453141755645
2015-02-20,0.0007108649713221116
2015-02-23,0.0030389878165058004
2015-02-24,0.00018027975242662642
2015-02-25,-0.0030675498305855475
2015-02-26,0.0016470151188869853
2015-02-27,-0.0011586615642925624
2015-03-02,0.007127702744391895
2015-03-03,-0.0014880169881749117
2015-03-04,-0.0026276668905869105
2015-03-05,0.0015235124313861537
2015-03-06,0.008171204719182201
2015-03-09,0.006870887204005527
2015-03-10,-0.00734858400414895
2015-03-11,0.001709346775482734
2015-03-12,0.0004905459855324423
2015-03-13,-0.0005049819697803271
2015-03-16,0.0038458690924521033
2015-03-17,0.0028363599558671737
2015-03-18,-0.001210187374941163
2015-03-19,0.002435520818825143
2015-03-20,0.006681834727221281
2015-03-23,0.00536873887762801
2015-03-24,-0.00020762987346045758
2015-03-25,-0.0008357768804765353
2015-03-26,-0.008780198464422018
2015-03-27,0.002386677945455995
2015-03-30,0.007529378077128834
2015-03-31,-0.003393834918526184
2015-04-01,0.0016023998291707642
2015-04-02,0.0016479298073104331
2015-04-06,-0.0011668838072383947
2015-04-07,-3.553026094293976e-05
2015-04-08,-0.0007473991700392979
2015-04-09,-0.0003546224803023801
2015-04-10,-0.00012187194757773412
2015-04-13,5.615685379511959e-05
2015-04-14,-0.00042613987141637555
2015-04-15,0.0009454250908236261
2015-04-16,-0.0009798822740164637
2015-04-17,-0.0017722348727929882
2015-04-20,0.0004586747336636776
2015-04-21,0.0009767870923120814
2015-04-22,0.0017965667891970405
2015-04-23,-0.0020255926040453343
2015-04-24,0.0005868815578200515
2015-04-27,0.0003702954467652564
2015-04-28,3.4884987681671475e-05
2015-04-29,-0.0011975247444687698
2015-04-30,-0.0002715612759051078
2015-05-01,0.0007226084566291924
2015-05-04,0.003352353462448665
2015-05-05,0.0014339398764622313
2015-05-06,0.004470860851082836
2015-05-07,0.0034576756678752485
2015-05-08,0.009089119525599765
2015-05-11,-0.0008908665201589061
2015-05-12,-0.00576974296634003
2015-05-13,0.0014393638222709448
2015-05-14,0.009906429396245864
2015-05-15,0.004369349320801241
2015-05-18,-0.0026111927257097545
2015-05-19,0.003693489121766147
2015-05-20,-0.00039933540473913176
2015-05-21,0.0019531258442955224
2015-05-22,0.0012072906574376319
2015-05-26,0.00021760507442691868
2015-05-27,0.004343721250442023
2015-05-28,-0.0006203962921493833
2015-05-29,-0.0022048416523918757
2015-06-01,0.0008111214503767616
2015-06-02,-0.00030166558609801
2015-06-03,0.0012195615459320575
2015-06-04,-0.0006694191589924348
2015-06-05,-0.0002030010477176436
2015-06-08,-0.00043989640219410653
2015-06-09,0.0002051052518343699
2015-06-10,0.00042584501801434804
2015-06-11,-9.980741285886552e-05
2015-06-12,-0.0008691318121099023
2015-06-15,-0.002620948678381696
2015-06-16,-0.000541727489983157
2015-06-17,2.9642450976474777e-05
2015-06-18,0.000613067957533131
2015-06-19,0.0007401422571726712
2015-06-22,0.00011102746282753984
2015-06-23,0.00034354500901656593
2015-06-24,5.336038821091016e-05
2015-06-25,0.00027317299401752315
2015-06-26,-0.00831106271031512
2015-06-29,-0.001925967240461235
2015-06-30,0.0013323589131777336
2015-07-01,0.001755146017070608
2015-07-02,0.00015311087850422567
2015-07-06,-0.001645847884472862
2015-07-07,-0.0016491272465661844
2015-07-08,-0.0017706962227678202
2015-07-09,0.0020297469691523684
2015-07-10,0.0016672985208037172
2015-07-13,0.0016398255724441313
2015-07-14,0.007268659957569756
2015-07-15,0.0
2015-07-16,0.0
2015-07-17,0.0
2015-07-20,0.0002856776090915947
2015-07-21,-5.446871009207044e-05
2015-07-22,-0.0035793490114938153
2015-07-23,0.001859734632372101
2015-07-24,6.1197308362404e-05
2015-07-27,-0.0013884082851837176
2015-07-28,0.0013781302664483963
2015-07-29,0.0007380284307680895
2015-07-30,-0.0013142415983415923
2015-07-31,0.0008294994183071225
2015-08-03,0.000775002167985317
2015-08-04,0.00043638372362764244
2015-08-05,0.00108000091640581
2015-08-06,-0.0001225903208952328
2015-08-07,-0.0005244924325495948
2015-08-10,0.000470464138367932
2015-08-11,-0.001336218963270186
2015-08-12,-0.002183691782405517
2015-08-13,-1.8057317880959545e-06
2015-08-14,-0.00010320183470902133
2015-08-17,-0.001852332604228013
2015-08-18,-0.0005609524826588608
2015-08-19,-0.0006911199457407813
2015-08-20,-0.0025342832525920844
2015-08-21,-0.0015634817803719114
2015-08-24,-0.006466051262713934
2015-08-25,0.005209504701615408
2015-08-26,0.0
2015-08-27,0.0
2015-08-28,0.0
2015-08-31,-0.0007130372606090063
2015-09-01,-0.00432727882238948
2015-09-02,0.0027481555602464347
2015-09-03,0.0014829904532078775
2015-09-04,-0.0025491365564582757
2015-09-08,0.004442651196672864
2015-09-09,-0.01056312274704263
2015-09-10,0.0008269657814241604
2015-09-11,0.003669448341644177
2015-09-14,-0.002795679372513571
2015-09-15,-0.0018169898764056613
2015-09-16,-3.2715108039149676e-05
2015-09-17,0.0006602610478103621
2015-09-18,0.01145836935890543
2015-09-21,-0.0036249244169412886
2015-09-22,0.011387778167580853
2015-09-23,-0.00196655462322759
2015-09-24,0.0072803899507329906
2015-09-25,-0.008309230571414417
2015-09-28,0.002663196139291113
2015-09-29,-0.001667513456597547
2015-09-30,-0.010433612610330933
2015-10-01,-0.0031638789162261594
2015-10-02,0.01238370124449939
2015-10-05,-0.004380221779647142
2015-10-06,0.002283393254151056
2015-10-07,-0.003860181565864096
2015-10-08,0.0031180938543999837
2015-10-09,-0.00138529901801554
2015-10-12,-0.00034864960497027475
2015-10-13,0.0033867852756253036
2015-10-14,0.0009593421500269095
2015-10-15,-0.003022295055811197
2015-10-16,-0.0018382496499469436
2015-10-19,0.001442910391910912
2015-10-20,0.0007362503759926753
2015-10-21,-0.005508133008683691
2015-10-22,-0.006927093756089797
2015-10-23,-0.022286761716921566
2015-10-26,-5.166615403395802e-06
2015-10-27,0.00030023864702055647
2015-10-28,0.0015446211844225566
2015-10-29,-0.003042970298512415
2015-10-30,0.001101917707899025
2015-11-02,0.0015814482922131834
2015-11-03,-0.001530234383150142
2015-11-04,0.002615304447938005
2015-11-05,0.003468372502736683
2015-11-06,0.0007845385155145213
2015-11-09,-0.0043058010515552025
2015-11-10,-0.004353905101832201
2015-11-11,0.004942132349259776
2015-11-12,-0.0038004260428646797
2015-11-13,-0.00439036132516224
2015-11-16,-0.002256843050059576
2015-11-17,0.004665148597620128
2015-11-18,0.004509630887260085
2015-11-19,0.005038697976216477
2015-11-20,0.009411891138422002
2015-11-23,0.0014621524162325983
2015-11-24,-0.010295814836067785
2015-11-25,0.004792797504695523
2015-11-27,0.002595904457609821
2015-11-30,0.002951054065869263
2015-12-01,0.008537428752679155
2015-12-02,0.001627282526196483
2015-12-03,0.004913017270825382
2015-12-04,0.0017966770717472436
2015-12-07,0.002388290904340229
2015-12-08,-0.017311725397041178
2015-12-09,-0.0013106336182370226
2015-12-10,0.0035298722506535984
2015-12-11,-0.015567157655150377
2015-12-14,0.003284336394414611
2015-12-15,0.009687686641748572
2015-12-16,0.009301513538098272
2015-12-17,0.007664453841044638
2015-12-18,-0.005538613269443271
2015-12-21,0.008626555432317051
2015-12-22,0.0048567851522427485
2015-12-23,0.005053925714674001
2015-12-24,-5.115431637103818e-05
2015-12-28,0.0017184752317647156
2015-12-29,0.005766516307524006
2015-12-30,-0.0016257550136308252
2015-12-31,-0.003580494077153884
2016-01-04,-0.028123679841630556
2016-01-05,0.008035239924587323
2016-01-06,-0.016813039015278863
2016-01-07,-0.02153183584458529
2016-01-08,0.013129743300910768
2016-01-11,0.005167823876720545
2016-01-12,0.012176464277258603
2016-01-13,0.009411322871119676
2016-01-14,0.0029882107156651294
2016-01-15,-0.038723445344509444
2016-01-19,0.014671495709613014
2016-01-20,-0.020847496989386705
2016-01-21,0.004504052140771764
2016-01-22,0.003846902377220518
2016-01-25,0.0057337292818600005
2016-01-26,0.0031743165106541404
2016-01-27,0.007375141486399839
2016-01-28,0.0474110743272278
2016-01-29,-0.00076073167632984
2016-02-01,0.004423122462134277
2016-02-02,0.003504212431803433
2016-02-03,-0.0028917329369232414
2016-02-04,0.002385212790845692
2016-02-05,0.00285211155786258
2016-02-08,0.014373139308180072
2016-02-09,0.009926356592195873
2016-02-10,-0.009240304688466261
2016-02-11,0.0089753602310223
2016-02-12,-0.007760139543477873
2016-02-16,-0.011203700406488881
2016-02-17,-0.0063918356836212276
2016-02-18,0.00028702299599348
2016-02-19,0.0034564708732642835
2016-02-22,-0.006884820236098599
2016-02-23,0.004808054274216378
2016-02-24,0.008982796743878252
2016-02-25,-0.0008995613720840234
2016-02-26,-0.004993541634491505
2016-02-29,0.0011585336185513384
2016-03-01,-0.007376093001760342
2016-03-02,0.0007731314549221935
2016-03-03,0.0013152389643649176
2016-03-04,0.0017011944125719936
2016-03-07,0.0029189315453668208
2016-03-08,0.005510643249896807
2016-03-09,-0.002263959183818387
2016-03-10,-0.0036869160476132867
2016-03-11,-0.008058945283773933
2016-03-14,0.0017395779378548415
2016-03-15,0.0031967269361936612
2016-03-16,0.0016895309962208227
2016-03-17,0.0028786991076230617
2016-03-18,-0.0016478088429789928
2016-03-21,0.001998188507972287
2016-03-22,0.003917145354843665
2016-03-23,0.0011737356216621198
2016-03-24,0.0043878943249096025
2016-03-28,-0.0020295393827836072
2016-03-29,0.0011760286356625738
2016-03-30,-0.004782350544320857
2016-03-31,0.00042927962369443406
2016-04-01,0.0038359588521548194
2016-04-04,-0.0030152516542807373
2016-04-05,-0.0014354642783624971
2016-04-06,-0.000856479329015003
2016-04-07,0.0010968427336128794
2016-04-08,0.0007947117005029369
2016-04-11,-0.0001580342413906033
2016-04-12,0.0023931605438751724
2016-04-13,0.010052889916364327
2016-04-14,0.0003009490942609272
2016-04-15,-0.0001374671784890591
2016-04-18,-0.000955456978380842
2016-04-19,0.004203001954874219
2016-04-20,0.0024563822279752845
2016-04-21,0.0008911331391601163
2016-04-22,-0.023856999879319885
2016-04-25,-0.00445759900774112
2016-04-26,0.003427369850267814
2016-04-27,-0.005199148406979104
2016-04-28,0.03054117306938653
2016-04-29,0.014691100383806166
2016-05-02,0.00326743777283256
2016-05-03,-0.010375768428578791
2016-05-04,-0.008320070933396817
2016-05-05,0.004931142563429747
2016-05-06,-0.004402813962071983
2016-05-09,0.0009797467598915421
2016-05-10,0.007306611790332873
2016-05-11,-0.000816912474774667
2016-05-12,0.0050383171670036475
2016-05-13,0.0004375315022242532
2016-05-16,-0.0010934305404538547
2016-05-17,-0.0002679562435380367
2016-05-18,-0.003073289152702663
2016-05-19,-0.004778565329832896
2016-05-20,0.004406136966725871
2016-05-23,0.0013832224078087485
2016-05-24,0.0028981511725736375
2016-05-25,0.003201162424488313
2016-05-26,0.0028063022855091546
2016-05-27,0.0008233467540212924
2016-05-31,0.00037029891961681827
2016-06-01,-0.003544474377815243
2016-06-02,-0.0003911460602958883
2016-06-03,0.0003136811621060609
2016-06-06,0.0007626112081597913
2016-06-07,0.002779842684725864
2016-06-08,-0.0002540884076130956
2016-06-09,-0.004958738580403965
2016-06-10,-0.00956078970140084
2016-06-13,-0.0058167536066037195
2016-06-14,0.0009028958399757148
2016-06-15,0.002859303385263523
2016-06-16,-0.003993851504308088
2016-06-17,0.00048371951714742956
2016-06-20,0.011563629672344256
2016-06-21,0.003125840330918006
2016-06-22,-0.006423685279585478
2016-06-23,0.007182332100127198
2016-06-24,-0.03936708757790597
2016-06-27,-0.008479991981919288
2016-06-28,0.013867997732764481
2016-06-29,0.01055657617439909
2016-06-30,0.0033721222919684823
2016-07-01,-0.004268291717715367
2016-07-05,-0.004921773073200297
2016-07-06,-0.004291309328003368
2016-07-07,0.0009400310675986567
2016-07-08,0.006249464399207705
2016-07-11,0.005326316372340489
2016-07-12,0.006238598454580302
2016-07-13,0.001978144304706886
2016-07-14,0.007452946001208938
2016-07-15,0.0039455635018537105
2016-07-18,0.002554667986227388
2016-07-19,-0.003644806577461468
2016-07-20,0.005757680775255292
2016-07-21,-0.001080517450312235
2016-07-22,0.0015585591376852115
2016-07-25,0.003851177741462708
2016-07-26,0.004812887898670848
2016-07-27,0.005636054260062862
2016-07-28,0.008230687045563956
2016-07-29,0.0034799764906161545
2016-08-01,0.0012444383445018303
2016-08-02,-0.0015515125523682949
2016-08-03,-0.0029784756924675637
2016-08-04,0.00034785542732218566
2016-08-05,0.008992139932369803
2016-08-08,0.0005802358468662838
2016-08-09,0.0027637563275060284
2016-08-10,0.0001971750799243388
2016-08-11,0.0026986250985447935
2016-08-12,-0.0004815568275750026
2016-08-15,0.0020457605496342346
2016-08-16,-0.0018332653811723443
2016-08-17,0.0004175836436348668
2016-08-18,0.0004632903518835274
2016-08-19,-0.00031968894507716783
2016-08-22,-0.001075534115277721
2016-08-23,0.005539557576802467
2016-08-24,0.0004127185067663852
2016-08-25,-0.0010514963955853274
2016-08-26,0.0021944747390032493
2016-08-29,0.0009468010431237239
2016-08-30,0.001051235324257327
2016-08-31,-0.0016152740319139713
2016-09-01,0.0013269087013050296
2016-09-02,0.005222527335194238
2016-09-06,0.0022378531928226586
2016-09-07,-0.00029089354893319097
2016-09-08,-0.002795233671369135
2016-09-09,-0.007931819216353553
2016-09-12,-0.007105303651836814
2016-09-13,-0.005746183132191995
2016-09-14,-0.0010539884252778187
2016-09-15,0.0007296037073849515
2016-09-16,0.0038416761271742317
2016-09-19,0.004949478202274982
2016-09-20,0.004696911667039005
2016-09-21,0.0048539222796206705
2016-09-22,0.006016838243203537
2016-09-23,-0.005241486918591387
2016-09-26,-0.0059747767572979615
2016-09-27,0.001506067390856236
2016-09-28,0.0029859823494533533
2016-09-29,-0.0005755028108619387
2016-09-30,0.003743780606376701
2016-10-03,-0.001597783842784306
2016-10-04,0.00342617177904736
2016-10-05,0.003404966754775751
2016-10-06,-0.001635196641091241
2016-10-07,0.002607740073578446
2016-10-10,0.005249275032683132
2016-10-11,-0.002124841348001505
2016-10-12,0.0012648320311678951
2016-10-13,-0.008031853574870795
2016-10-14,0.008283638252131631
2016-10-17,0.0005266409866790944
2016-10-18,0.011290660220859339
2016-10-19,-0.002617212820478221
2016-10-20,-0.004002689436554796
2016-10-21,-0.004322550755466392
2016-10-24,0.006651609403364622
2016-10-25,-0.00023862678640651502
2016-10-26,-0.0026522559910111543
2016-10-27,0.010005890798465922
2016-10-28,-0.006993434558708822
2016-10-31,0.005459154793881149
2016-11-01,0.004652074965048714
2016-11-02,-0.0004628028257839256
2016-11-03,0.0037872837303249973
2016-11-04,-0.008967664867780334
2016-11-07,0.01615627505609951
2016-11-08,-0.0006249318773273727
2016-11-09,-0.01811657062584482
2016-11-10,0.003192766363291577
2016-11-11,0.005056666812622401
2016-11-14,0.00020124978415125838
2016-11-15,0.007963200541369009
2016-11-16,-0.0006207026830884477
2016-11-17,0.0032608385179919708
2016-11-18,0.0007696490431992054
2016-11-21,0.003965038604063054
2016-11-22,0.0034959080514653795
2016-11-23,-0.0020979992014904525
2016-11-25,-6.235356771910894e-06
2016-11-28,-0.0018958946299064694
2016-11-29,-0.00162506385389094
2016-11-30,0.002016755842894513
2016-12-01,-0.0007135709328048856
2016-12-02,-0.003868781912170216
2016-12-05,0.006880697693627091
2016-12-06,0.003978259273108131
2016-12-07,0.001698929564260876
2016-12-08,0.0032787050478453317
2016-12-09,0.005282294258877052
2016-12-12,-0.0035428682004423617
2016-12-13,0.0057365194619583
2016-12-14,-0.0005724224687073676
2016-12-15,0.0021214917957206314
2016-12-16,0.0060086228276921005
2016-12-19,0.0012004662856108794
2016-12-20,0.007155946990463624
2016-12-21,0.0014445878214333074
2016-12-22,0.006483997241040207
2016-12-23,-0.0043392711969539866
2016-12-27,0.004463526271673235
2016-12-28,0.005673772127031906
2016-12-29,-0.008518577152877849
2016-12-30,0.002509252029291975
2017-01-03,0.0024065419822039136
2017-01-04,0.0028042349215045004
2017-01-05,-0.000562422504977178
2017-01-06,0.002994635777165522
2017-01-09,0.0009155607875757088
2017-01-10,0.001775595079580583
2017-01-11,-0.0016036473559136732
2017-01-12,-0.005949337239716468
2017-01-13,0.000983413505846853
2017-01-17,-0.004514254212044988
2017-01-18,-0.0016153009006020236
2017-01-19,0.004436033969515751
2017-01-20,0.006035183351139839
2017-01-23,-0.0023676867131426915
2017-01-24,0.0025487635374412676
2017-01-25,0.010106521222047249
2017-01-26,0.005001351591712444
2017-01-27,0.00493758376631126
2017-01-30,-0.006003196650117948
2017-01-31,-0.005655759668389493
2017-02-01,0.017579063009539153
2017-02-02,-0.004189525417531037
2017-02-03,0.0028986305466736084
2017-02-06,-0.0008474576052632798
2017-02-07,0.005141967841241879
2017-02-08,-0.0006777435623583905
2017-02-09,0.004410240438091684
2017-02-10,0.00904707762468182
2017-02-13,0.003449170856432815
2017-02-14,-0.0025530518241722033
2017-02-15,-0.0012568047211897193
2017-02-16,0.0011871245210073322
2017-02-17,-0.003894015049014321
2017-02-21,0.0044050454704369635
2017-02-22,0.0021007459470627765
2017-02-23,-0.007218833612825382
2017-02-24,-0.010867932956774129
2017-02-27,-0.002791259949368685
2017-02-28,0.002916130863048094
2017-03-01,0.014283905261868624
2017-03-02,-0.001756440835555928
2017-03-03,-0.0020951252452728886
2017-03-06,-0.005652720283794044
2017-03-07,-0.001112151156194674
2017-03-08,0.0027176909027177842
2017-03-09,-0.0008059334384274974
2017-03-10,0.0067480658389529324
2017-03-13,0.0044931436502986255
2017-03-14,-0.002199514212172904
2017-03-15,0.0008218565028161873
2017-03-16,0.003712475161112394
2017-03-17,0.0038889831489190563
2017-03-20,0.0026911378103013917
2017-03-21,0.002127845948475704
2017-03-22,-0.0005785074114112998
2017-03-23,-0.0012222268602103403
2017-03-24,0.013765758649536552
2017-03-27,-0.011528162269474618
2017-03-28,0.0023346129565691154
2017-03-29,0.0002840144225648711
2017-03-30,0.0006974300013353751
2017-03-31,-0.0007586403345812842
2017-04-03,0.0029793883588509207
2017-04-04,-0.009473843362838963
2017-04-05,0.0006833444694278601
2017-04-06,-0.0018731545783312598
2017-04-07,-0.00020740459065371475
2017-04-10,0.0029055252250129726
2017-04-11,-0.0031137233128374353
2017-04-12,-0.001346616099474618
2017-04-13,-0.0023790433609646167
2017-04-17,0.004269544294426053
2017-04-18,-0.00500880465707465
2017-04-19,0.006841339920738765
2017-04-20,0.00659012501075229
2017-04-21,-0.0007613838285361885
2017-04-24,0.012933812546924495
2017-04-25,0.004856457096770184
2017-04-26,-0.001152256114533623
2017-04-27,0.004095650960854069
2017-04-28,0.0041527058439485565
2017-05-01,0.0052128307773859905
2017-05-02,-0.004856184553435727
2017-05-03,-0.0039442298844923895
2017-05-04,-0.000907149244485761
2017-05-05,0.00341277762885861
2017-05-08,0.0004100811889771183
2017-05-09,0.004043326577501505
2017-05-10,0.008467608347582534
2017-05-11,-0.005161024839752004
2017-05-12,0.004254483629034134
2017-05-15,-0.0004880291334703468
2017-05-16,0.006223632083468766
2017-05-17,-0.017413305484400232
2017-05-18,0.0003315896515552197
2017-05-19,0.010579905816076707
2017-05-22,0.006270005130684986
2017-05-23,0.002238806526140724
2017-05-24,0.009478086764073135
2017-05-25,0.006123912563715583
2017-05-26,-0.0007111494402778362
2017-05-30,0.0024933011990768694
2017-05-31,0.007773694573937284
2017-06-01,0.0044990877337154345
2017-06-02,0.0025813541514707605
2017-06-05,-0.0017041046875074795
2017-06-06,-0.002289341782131915
2017-06-07,0.006448125184674192
2017-06-08,0.012999805123961261
2017-06-09,0.01206386785463498
2017-06-12,-0.01523628807582511
2017-06-13,0.019762396671703097
2017-06-14,0.006605408295582205
2017-06-15,-0.024954869380701017
2017-06-16,0.011211063442664315
2017-06-19,0.019064683556510476
2017-06-20,0.008686627110925604
2017-06-21,0.010446892151721787
2017-06-22,0.0023452040639597715
2017-06-23,-0.000361750139262651
2017-06-26,0.008906044149631809
2017-06-27,-0.006011345237326826
2017-06-28,0.011177669489887077
2017-06-29,-0.008539920233732401
2017-06-30,0.007527568182329691
2017-07-03,0.009382876981074872
2017-07-05,0.005354759004940313
2017-07-06,-0.012802942623438285
2017-07-07,0.009251901131732465
2017-07-10,0.006882834291535245
2017-07-11,-0.0005908952162485548
2017-07-12,0.010335523828350901
2017-07-13,0.0012987793056624675
2017-07-14,0.0025912260425071665
2017-07-17,0.0019101103590035695
2017-07-18,-0.000986739349705168
2017-07-19,0.004818127227144808
2017-07-20,0.0032081119245459533
2017-07-21,-0.004869765991356023
2017-07-24,0.0017502166121416973
2017-07-25,-0.0013968185505671693
2017-07-26,0.005092973233173037
2017-07-27,0.008883936746811427
2017-07-28,-0.010146638375115313
2017-07-31,0.0017408572540296152
2017-08-01,0.0028327576981375113
2017-08-02,0.004386392697220964
2017-08-03,0.010528771832067685
2017-08-04,0.001172361628794194
2017-08-07,0.0033083026475770883
2017-08-08,0.002649797248184038
2017-08-09,-0.012826606042731559
2017-08-10,-0.006739191293175462
2017-08-11,-0.005837561733661123
2017-08-14,0.01612294252274893
2017-08-15,0.005321838357458031
2017-08-16,0.0027340753386946304
2017-08-17,-0.004067094091583678
2017-08-18,0.00462435792334559
2017-08-21,0.0006632765997669487
2017-08-22,0.006860654957292045
2017-08-23,-0.008001113697253648
2017-08-24,0.0035615970541713615
2017-08-25,0.0039889313613110655
2017-08-28,0.0026910884608157826
2017-08-29,-0.01220464078210326
2017-08-30,0.003351908402159376
2017-08-31,0.0032986859014838554
2017-09-01,0.002671150403540823
2017-09-05,-0.005840403280697459
2017-09-06,0.004080009165861487
2017-09-07,0.0030206532355576687
2017-09-08,-0.0018735474404596442
2017-09-11,0.011895202697692397
2017-09-12,0.0047292355785077955
2017-09-13,-0.0018505061557537728
2017-09-14,-0.004671554156965851
2017-09-15,0.0023215522270891853
2017-09-18,0.0067253595956939805
2017-09-19,9.738271584880387e-05
2017-09-20,-0.0014070147240067277
2017-09-21,-0.004183600346935101
2017-09-22,-0.00622964434886808
2017-09-25,-0.006562846666981814
2017-09-26,0.01335409845989699
2017-09-27,0.014499088329251952
2017-09-28,-0.0007496415568115644
2017-09-29,0.004876254066594976
2017-10-02,0.004926545443712849
2017-10-03,-0.0013691515741929283
2017-10-04,0.00038522963184828285
2017-10-05,0.004560178639837931
2017-10-06,-0.005324914522986335
2017-10-09,0.0007344599360368242
2017-10-10,0.011177826920936607
2017-10-11,-0.0010300599907607788
2017-10-12,-0.0010453096432223585
2017-10-13,0.008016061562089005
2017-10-16,0.004624623745685064
2017-10-17,-0.00229875776146915
2017-10-18,0.003337878595786936
2017-10-19,-0.009401175143636031
2017-10-20,0.007575015932110185
2017-10-23,0.004869648995921461
2017-10-24,0.002979012231077771
2017-10-25,-0.002437042095911557
2017-10-26,0.004189822699788293
2017-10-27,0.017914649125512216
2017-10-30,-0.001224236995308714
2017-10-31,0.002815463296995002
2017-11-01,0.0061179366117349865
2017-11-02,-0.003984573666008018
2017-11-03,0.0024569845906812215
2017-11-06,0.000269111575773362
2017-11-07,0.0020797289257457052
2017-11-08,-0.00031826503989929034
2017-11-09,-0.010488396138840117
2017-11-10,0.0017478940028130552
2017-11-13,-0.004904892459510757
2017-11-14,-0.0018934816495536078
2017-11-15,-0.008380005329554185
2017-11-16,0.007862418032342111
2017-11-17,0.0032953652656209087
2017-11-20,0.0017629647102981316
2017-11-21,0.007338628310399553
2017-11-22,0.0019179473307895378
2017-11-24,0.0019429004695972196
2017-11-27,-0.0009341878181514662
2017-11-28,0.004217971059853776
2017-11-29,-0.0031859842462866883
2017-11-30,0.007866631247642086
2017-12-01,-0.007212432533510893
2017-12-04,0.008093054722831505
2017-12-05,-0.006199978727958744
2017-12-06,-0.005718716131703383
2017-12-07,0.00809904991933208
2017-12-08,0.010856786249491712
2017-12-11,0.0018115843851751467
2017-12-12,-0.003925862657571111
2017-12-13,0.005267781641580038
2017-12-14,0.0012651400130117008
2017-12-15,0.006031162233241405
2017-12-18,0.008976323991845447
2017-12-19,-0.00034060214057440863
2017-12-20,0.01096114450812724
2017-12-21,0.00033245557904226786
2017-12-22,-0.0029919706611044594
2017-12-26,-0.007264097150228244
2017-12-27,0.001130672873520533
2017-12-28,0.004628662031267439
2017-12-29,-0.00041960454119449597
2018-01-02,0.0083828162492261
2018-01-03,0.004892387835178091
2018-01-04,0.004945420149887081
2018-01-05,0.0033361277045755866
2018-01-08,0.0013226925477336504
2018-01-09,0.002451219448352804
2018-01-10,-0.00984360909288129
2018-01-11,0.0038870026482162867
2018-01-12,0.00159615583775774
2018-01-16,0.009436312996701224
2018-01-17,0.005415563234764109
2018-01-18,-0.00024219185325191628
2018-01-19,0.006061279047566259
2018-01-22,-0.0003977984596241768
2018-01-23,0.01484232611946612
2018-01-24,0.0009422131345127038
2018-01-25,0.009985832124278948
2018-01-26,0.01250582317365101
2018-01-29,-0.00042817466768829693
2018-01-30,-0.0162944310393629
2018-01-31,0.011288669733812373
2018-02-01,-0.013071614617246041
2018-02-02,0.011866915957245538
2018-02-05,-0.018336840279340128
2018-02-06,-0.020817384355304003
2018-02-07,0.0011974480565548618
2018-02-08,0.00943024195174802
2018-02-09,0.028215534503349904
2018-02-12,0.014871562940716787
2018-02-13,-0.002987886923776384
2018-02-14,-0.005030618503470752
2018-02-15,0.012093518612382281
2018-02-16,-0.003618463333352695
2018-02-20,-0.0012644479920457252
2018-02-21,0.01063955249864934
2018-02-22,0.0078013064073680916
2018-02-23,0.009291920828603306
2018-02-26,0.007283404120797643
2018-02-27,-0.0006338488948610665
2018-02-28,0.004900782938906945
2018-03-01,0.0004378656808339265
2018-03-02,-0.01807345505933111
2018-03-05,-0.00475357193204895
2018-03-06,0.011713736278824438
2018-03-07,-0.012000033461318615
2018-03-08,0.004730798732025754
2018-03-09,0.00891509227390852
2018-03-12,0.009857804824079608
2018-03-13,0.01424809604098387
2018-03-14,0.005136021855634665
2018-03-15,0.0026742609044587695
2018-03-16,0.004257021707261943
2018-03-19,-0.008792809983464211
2018-03-20,0.001343418866138979
2018-03-21,-0.00032972980832690624
2018-03-22,-0.012337637115009348
2018-03-23,-0.0038333776514724027
2018-03-26,0.02576598749661896
2018-03-27,0.007171058719762202
2018-03-28,-0.015979539980691015
2018-03-29,0.00013703245970564382
2018-04-02,-0.014404860224556226
2018-04-03,0.01756391628494569
2018-04-04,-0.03211987874703881
2018-04-05,0.00989407289592048
2018-04-06,-0.020766767487118587
2018-04-09,0.013404960779528574
2018-04-10,0.02674694337683925
2018-04-11,0.0004241192797334037
2018-04-12,0.012449641608285544
2018-04-13,0.00915418695315573
2018-04-16,0.008141412988261543
2018-04-17,0.01981846704422452
2018-04-18,-0.00014629257033205167
2018-04-19,-0.003017016664900063
2018-04-20,0.00039007426897996744
2018-04-23,0.008092287439915635
2018-04-24,0.00878261283269266
2018-04-25,0.00011343674519515012
2018-04-26,0.019486748427278933
2018-04-27,0.04224707771348313
2018-04-30,0.0
2018-05-01,0.0
2018-05-02,0.0
2018-05-03,-0.00012295332260237046
2018-05-04,-0.0014920528276489708
2018-05-07,0.0031589101988362955
2018-05-08,-0.00036955125423976387
2018-05-09,0.0009434449088376873
2018-05-10,0.0019572608995297447
2018-05-11,-0.004084555021139025
2018-05-14,0.0034640358273561045
2018-05-15,-0.0006041203971406395
2018-05-16,0.002030367446967496
2018-05-17,-0.0010860829317163034
2018-05-18,-0.00015425540255298298
2018-05-21,0.007296738636771272
2018-05-22,0.0058489178550835685
2018-05-23,-0.0016426541026129948
2018-05-24,0.0001083309268257171
2018-05-25,-0.0006300824074508826
2018-05-29,-0.0010458396083431465
2018-05-30,0.0030386826521953125
2018-05-31,-0.006786236510075594
2018-06-01,0.00412973675482653
2018-06-04,0.0013710955047241402
2018-06-05,0.004245821326162469
2018-06-06,0.00044890551131926415
2018-06-07,0.0010709120430900665
2018-06-08,-0.007524334115500242
2018-06-11,0.00010773513300632587
2018-06-12,0.0037727017189406187
2018-06-13,0.001659502609742347
2018-06-14,0.00704791172780439
2018-06-15,-0.006558608834126289
2018-06-18,-0.007768413609423708
2018-06-19,-0.01160616519845481
2018-06-20,0.009142213988035719
2018-06-21,0.010623982214364114
2018-06-22,0.0057186878633466165
2018-06-25,-0.012979509325669492
2018-06-26,0.010026011572300986
2018-06-27,0.008771281166401135
2018-06-28,0.0017257384874280746
2018-06-29,0.00810242063451816
2018-07-02,-0.011215115556258426
2018-07-03,0.0044412860801574805
2018-07-05,0.008455833249541023
2018-07-06,-0.001459127583434472
2018-07-09,0.010188576413547423
2018-07-10,0.0010891816052591707
2018-07-11,-0.010383045881380726
2018-07-12,0.00430122573869518
2018-07-13,-0.0001974183187961609
2018-07-16,0.0034075021310275844
2018-07-17,-0.029052439067652647
2018-07-18,0.00249474360131674
2018-07-19,-0.005788232286812467
2018-07-20,0.005543748063306264
2018-07-23,-0.004447863632112248
2018-07-24,0.01025544204510509
2018-07-25,0.0003402254370479252
2018-07-26,-0.004398701133598193
2018-07-27,0.01299000292311403
2018-07-30,0.0006431235548205461
2018-07-31,0.00234705080421449
2018-08-01,0.0005277817142670393
2018-08-02,-0.005572474645764047
2018-08-03,0.0025421092545896418
2018-08-06,0.0005823902635475608
2018-08-07,0.003902704444350258
2018-08-08,-0.0011359630647811425
2018-08-09,0.000981746864691102
2018-08-10,-0.005787705527036668
2018-08-13,0.0016153953141067046
2018-08-14,0.007751120011757928
2018-08-15,-0.006850130617137684
2018-08-16,0.009439818820004442
2018-08-17,-0.0034563539819290057
2018-08-20,0.002063651704789393
2018-08-21,0.004366109522080608
2018-08-22,-0.0022690161992675595
2018-08-23,0.002150254438967103
2018-08-24,0.007592167654882465
2018-08-27,0.010574161048752861
2018-08-28,0.005142101872522398
2018-08-29,0.0005793604285047049
2018-08-30,-0.0021012706112106816
2018-08-31,0.0018970949119261338
2018-09-04,0.002236834609792071
2018-09-05,0.0038267195710834923
2018-09-06,-0.0032012887006109825
2018-09-07,-0.0037554957940579836
2018-09-10,0.00457962961740388
2018-09-11,-0.002409486976902464
2018-09-12,-0.005273157669949957
2018-09-13,0.00715381153303607
2018-09-14,0.006951596832074358
2018-09-17,-0.0061578700858403446
2018-09-18,0.003994976570584674
2018-09-19,-0.00188453773948849
2018-09-20,0.005605301229109738
2018-09-21,-0.0018822057264538117
2018-09-24,-0.0005898233989187762
2018-09-25,0.004257873633504161
2018-09-26,-0.0018986380040362238
2018-09-27,-0.0015408397969999266
2018-09-28,-0.0012662854716428695
2018-10-01,0.0005153414780969534
2018-10-02,-0.0039673739027390464
2018-10-03,0.00398366122597027
2018-10-04,-0.005854091307594511
2018-10-05,0.0013533810047985373
2018-10-08,-0.011038395403253909
2018-10-09,-0.0026840234599457835
2018-10-10,-0.005269539883514196
2018-10-11,-0.010588520687746628
2018-10-12,0.04307654371576075
2018-10-15,0.0
2018-10-16,0.0
2018-10-17,0.0
2018-10-18,-0.009429141137577868
2018-10-19,0.009953649356380323
2018-10-22,0.0090811377410982
2018-10-23,-0.027927749785936484
2018-10-24,0.0004919646618277707
2018-10-25,-0.0016134080721964539
2018-10-26,-0.0495257963320368
2018-10-29,0.013659785442577954
2018-10-30,-0.02208503794670491
2018-10-31,0.027902058532402796
2018-11-01,0.010919865192869471
2018-11-02,0.001102480816143725
2018-11-05,-0.0013753775375748845
2018-11-06,-0.0021699340478634754
2018-11-07,0.005766188967534225
2018-11-08,-0.0022506773344098674
2018-11-09,-0.005158263418408304
2018-11-12,-0.005439048240552746
2018-11-13,0.0035354020899478478
2018-11-14,0.007475784145574815
2018-11-15,0.001433428760282407
2018-11-16,-0.020649163333410825
2018-11-19,0.001991371044994583
2018-11-20,0.0023913174530518777
2018-11-21,-0.0026994647735600896
2018-11-23,0.007455003055345744
2018-11-26,-0.012770228761898816
2018-11-27,0.004500403436951128
2018-11-28,0.000486046820639352
2018-11-29,0.002308329029227174
2018-11-30,-0.0018412135363129467
2018-12-03,-0.006136563929796224
2018-12-04,0.004658091874591541
2018-12-06,0.01825475753063155
2018-12-07,0.004272332907379717
2018-12-10,-0.0008718284652765584
2018-12-11,-0.0075029632425439585
2018-12-12,-0.010038025075110646
2018-12-13,-0.0023668035602983917
2018-12-14,0.007102449956407186
2018-12-17,0.0031105197679155427
2018-12-18,-0.003770514124738944
2018-12-19,-0.0023220925174141094
2018-12-20,0.0026625724783251314
2018-12-21,-0.0010879050884472496
2018-12-24,0.0016931395401689198
2018-12-26,-0.006489863334886992
2018-12-27,0.0064586188087822904
2018-12-28,-0.0036193051850176294
2018-12-31,-0.005182984992650463
2019-01-02,0.01279782414142483
2019-01-03,0.007421993835126983
2019-01-04,-0.008739228304472935
2019-01-07,0.002939328340312297
2019-01-08,-0.0030374490927004283
2019-01-09,0.000992395733727447
2019-01-10,0.004247524978382877
2019-01-11,0.003063189081417228
2019-01-14,0.00351342097981977
2019-01-15,-0.0014916323363410866
2019-01-16,-0.0008556967933747162
2019-01-17,0.0008407458674861701
2019-01-18,-0.0035552390245213727
2019-01-22,0.003372877757624737
2019-01-23,-0.0013429820796143632
2019-01-24,0.002524102171803877
2019-01-25,-0.0057663334662401144
2019-01-28,-0.010778043405460291
2019-01-29,-0.0007895077576768328
2019-01-30,0.0015381075118630072
2019-01-31,-0.005035803350132095
2019-02-01,0.004541870415284643
2019-02-04,-0.0007142452864387083
2019-02-05,0.00026335499016383324
2019-02-06,0.0033591765996259237
2019-02-07,-0.0011465869039021248
2019-02-08,-0.005606017141660091
2019-02-11,0.003225206066121089
2019-02-12,0.0024031311250072296
2019-02-13,-0.0014535346536169724
2019-02-14,-0.00138444741789423
2019-02-15,-0.0007121159799320376
2019-02-19,-0.0010912840414772917
2019-02-20,0.002397443430519619
2019-02-21,0.0016678797847495819
2019-02-22,0.0033676181581598907
2019-02-25,0.0016965888674080887
2019-02-26,-0.000925988718201709
2019-02-27,0.0014955432164271976
2019-02-28,-0.00025924501045848647
2019-03-01,0.0032883258118705516
2019-03-04,-6.871420414433782e-05
2019-03-05,-0.0011773923442153222
2019-03-06,0.0003334014682760955
2019-03-07,-0.0006696005954152096
2019-03-08,-0.010252265281427975
2019-03-11,0.0029906322305557342
2019-03-12,0.00022359552133144334
2019-03-13,0.002150073929372054
2019-03-14,0.001157831323894687
2019-03-15,0.0008868818356784214
2019-03-18,0.0011239215214544629
2019-03-19,0.0033102506320561442
2019-03-20,0.0017263000598528588
2019-03-21,-0.0019031113468435112
2019-03-22,-0.004954072622735617
2019-03-25,-0.004419098981889857
2019-03-26,0.009124663388685894
2019-03-27,0.0008092845207152699
2019-03-28,0.005609837620104807
2019-03-29,0.006140693386675666
2019-04-01,0.010581675739602892
2019-04-02,-9.400653619706656e-05
2019-04-03,0.005772552613707571
2019-04-04,-0.009194205609073802
2019-04-05,0.0032677734344490617
2019-04-08,-0.0007895469826081358
2019-04-09,-0.004842342784867726
2019-04-10,0.0027718478473739427
2019-04-11,-0.0012252414689266633
2019-04-12,0.002473942145382324
2019-04-15,0.00045338490417545785
2019-04-16,0.004171115438938555
2019-04-17,0.005589586383242251
2019-04-18,0.0014809627140346393
2019-04-22,-0.0037259969657100767
2019-04-23,-6.466539163585416e-05
2019-04-24,0.0008907918653480174
2019-04-25,0.003199299646614362
2019-04-26,-0.00424514448166291
2019-04-29,1.7023861495157888e-05
2019-04-30,5.6572538857269095e-05
2019-05-01,0.0024991137725691726
2019-05-02,0.0005848006290505303
2019-05-03,0.012398930901484917
2019-05-06,-0.02768789324262655
2019-05-07,-0.009951289719772882
2019-05-08,-0.004069833616478613
2019-05-09,-0.012636209460686554
2019-05-10,-0.003457577439196946
2019-05-13,-0.02895511834480291
2019-05-14,0.007952674071707966
2019-05-15,-0.006373438775303164
2019-05-16,-0.0004278715224054208
2019-05-17,-0.010898623903119686
2019-05-20,-0.018106239138646063
2019-05-21,0.012295058262721037
2019-05-22,-0.01124943464557504
2019-05-23,-0.015686148932797073
2019-05-24,0.00866231721221955
2019-05-28,0.00713904634449003
2019-05-29,-0.006632161754485999
2019-05-30,0.0035814867182313304
2019-05-31,-0.014869928078565686
2019-06-03,0.0014411007022014921
2019-06-04,0.004857265081661621
2019-06-05,0.004062122453071693
2019-06-06,0.0013581263698037027
2019-06-07,0.0009308803464618265
2019-06-10,0.0061062954737647335
2019-06-11,0.0043677757056199695
2019-06-12,-0.003389418698437785
2019-06-13,0.0017243583538917306
2019-06-14,-0.0077865039214175535
2019-06-17,-0.0005282669762725067
2019-06-18,0.003874580633814295
2019-06-19,0.0017791247902754215
2019-06-20,0.006058171539660595
2019-06-21,-0.001845231868228936
2019-06-24,0.001292346529168098
2019-06-25,0.0002486534535841578
2019-06-26,0.009409531410220273
2019-06-27,0.0
2019-06-28,0.0
2019-07-01,0.0
2019-07-02,-0.0014111063941089075
2019-07-03,0.0009504037428051948
2019-07-05,-0.008316063848696875
2019-07-08,-0.005187935030798507
2019-07-09,-0.004526296194768631
2019-07-10,0.006186124805706905
2019-07-11,0.004260709798541429
2019-07-12,0.00051081587867019
2019-07-15,0.0027494497562583486
2019-07-16,-0.001658081433257852
2019-07-17,0.0019716353734506864
2019-07-18,-0.011822078442186745
2019-07-19,0.008086778107922132
2019-07-22,0.005692656848178768
2019-07-23,0.005190675207149109
2019-07-24,-0.004090912815410852
2019-07-25,-0.0018485653977399208
2019-07-26,-0.000824583236317511
2019-07-29,-0.0019552773202968776
2019-07-30,-0.008490169048713359
2019-07-31,-0.0036057815249477265
2019-08-01,0.0022130044660424453
2019-08-02,-0.008435411669304171
2019-08-05,-0.02633523887137168
2019-08-06,0.013650434282068247
2019-08-07,-0.009902116815715845
2019-08-08,0.013251791390551215
2019-08-09,-0.006558927715286211
2019-08-12,-0.007590020907354944
2019-08-13,0.0013218108933885642
2019-08-14,-0.02270742034610096
2019-08-15,0.0032013478541956797
2019-08-16,0.014226208071328461
2019-08-19,0.019493920361759898
2019-08-20,-0.0017749794953173526
2019-08-21,0.011338920709324407
2019-08-22,0.0024713960343529795
2019-08-23,-0.010114940502245595
2019-08-26,0.014930541750771686
2019-08-27,0.00814200295564338
2019-08-28,-0.004655923215913238
2019-08-29,0.015481463191814315
2019-08-30,0.0069228163354304595
2019-09-03,-0.010279367643507897
2019-09-04,0.013537372108744394
2019-09-05,0.0165812525444049
2019-09-06,0.0007617640911685708
2019-09-09,0.00612107790122951
2019-09-10,-0.006180720350738689
2019-09-11,1.6855620668110305e-05
2019-09-12,0.008579268669220985
2019-09-13,-0.0037004007590024646
2019-09-16,-0.009188477136001905
2019-09-17,0.0013002181054979634
2019-09-18,-0.0014727739038307153
2019-09-19,0.0023272078425746745
2019-09-20,0.0014749642172566801
2019-09-23,-0.0013462918032531856
2019-09-24,0.006654961665870651
2019-09-25,0.000743216865990215
2019-09-26,-0.001474509605005725
2019-09-27,-0.0005233894015084228
2019-09-30,0.0045813892583883575
2019-10-01,0.005580005458701187
2019-10-02,-0.006805154872052466
2019-10-03,0.0012053301393135651
2019-10-04,0.007457269390474419
2019-10-07,-0.0027608702910756344
2019-10-08,-0.007803164990265787
2019-10-09,0.011336024513123544
2019-10-10,0.0012473532621513073
2019-10-11,0.011937940122717094
2019-10-14,-0.0025581226080506614
2019-10-15,0.003969569529189032
2019-10-16,-0.007453479240654537
2019-10-17,0.005987044524620622
2019-10-18,-0.001472303342915704
2019-10-21,0.006643889849669682
2019-10-22,0.002680016968842791
2019-10-23,-0.0034943392175836863
2019-10-24,0.008215074140131673
2019-10-25,0.0003146582458772862
2019-10-28,0.006426179859555736
2019-10-29,0.0005566888933996594
2019-10-30,0.00331668177079103
2019-10-31,0.005898773772119448
2019-11-01,0.00471123976756882
2019-11-04,0.008445336874794762
2019-11-05,0.0017387516574702833
2019-11-06,-0.0009468434126792546
2019-11-07,0.007368528580574019
2019-11-08,-0.0025637234276830734
2019-11-11,-0.0026598048307258093
2019-11-12,0.002321435953798856
2019-11-13,-0.0012196395158421414
2019-11-14,-0.0015301810024015428
2019-11-15,0.006999758608294604
2019-11-18,-0.00030318236497017814
2019-11-19,0.003076598369492922
2019-11-20,-0.004591169981653431
2019-11-21,-0.0013976561786617214
2019-11-22,-0.0032997071650803234
2019-11-25,0.009551228011023483
2019-11-26,-0.0007601850118919007
2019-11-27,0.005022976415200997
2019-11-29,-0.003201187388998661
2019-12-02,4.117119173985273e-05
2019-12-03,-0.01845006480938627
2019-12-04,0.007934780286983356
2019-12-05,0.004095223860586028
2019-12-06,0.010688340823874709
2019-12-09,-0.0014697017056372053
2019-12-10,0.0029599812507865586
2019-12-11,0.0021852159515085567
2019-12-12,-0.0026150855795575856
2019-12-13,-0.0006995307632988723
2019-12-16,0.008885180096446232
2019-12-17,0.0012424518120186523
2019-12-18,0.0007042492317173021
2019-12-19,0.003738769761062244
2019-12-20,0.009242857191062548
2019-12-23,0.0053743596051880616
2019-12-24,0.0016524123023098358
2019-12-26,0.0027187556876895336
2019-12-27,0.004832102003576644
2019-12-30,-0.001418730105202437
2019-12-31,-0.007146850690671003
2020-01-02,0.01115347913889675
2020-01-03,-0.010337962362946929
2020-01-06,-0.010516074267465036
2020-01-07,0.008370224259834691
2020-01-08,0.0005733307379578445
2020-01-09,0.012380768047346002
2020-01-10,0.0041121463148963144
2020-01-13,0.011178262015402174
2020-01-14,0.008371894207501063
2020-01-15,-0.004881813942938962
2020-01-16,-0.006664885419812472
2020-01-17,0.0004749919866657848
2020-01-21,0.008052201299754591
2020-01-22,0.01854803013267614
2020-01-23,-0.0011888984742696174
2020-01-24,0.005369582401009598
2020-01-27,-0.03362327071766302
2020-01-28,0.014197501473329321
2020-01-29,0.008873449673478806
2020-01-30,0.02779069854579519
2020-01-31,-0.005516565947711549
2020-02-03,0.00802911877441237
2020-02-04,0.0768692004405982
2020-02-05,0.0
2020-02-06,0.0
2020-02-07,0.0
2020-02-10,0.03149667171731396
2020-02-11,0.004513538801401928
2020-02-12,0.007759093794350136
2020-02-13,-0.022960492877935
2020-02-14,-0.006888664364155694
2020-02-18,0.016902643704378884
2020-02-19,0.049758472734257264
2020-02-20,0.0
2020-02-21,0.0
2020-02-24,0.0
2020-02-25,0.01933014948797318
2020-02-26,-0.009774365676429864
2020-02-27,-0.05742217111220693
2020-02-28,-0.06563657856903315
2020-03-02,0.05223483576666332
2020-03-03,0.0
2020-03-04,0.0
2020-03-05,0.0
2020-03-06,0.0
2020-03-09,0.0
2020-03-10,0.0
2020-03-11,0.0
2020-03-12,0.0
2020-03-13,0.0
2020-03-16,0.0
2020-03-17,0.0
2020-03-18,0.0
2020-03-19,0.0
2020-03-20,0.0
2020-03-23,0.0
2020-03-24,0.0
2020-03-25,-0.004550472348269552
2020-03-26,-0.00803707033751333
2020-03-27,0.021872322992124715
2020-03-30,-0.008295893081492922
2020-03-31,0.0018844965075714981
2020-04-01,0.02681746200531321
2020-04-02,0.00350226100168749
2020-04-03,0.0010005308540104174
2020-04-06,-0.018336627063391342
2020-04-07,-0.027085126679431304
2020-04-08,-0.008704021114278704
2020-04-09,-0.007775506708195601
2020-04-13,0.000914684085659978
2020-04-14,-0.009346987972990495
2020-04-15,0.00500256432866375
2020-04-16,-0.002071047976798024
2020-04-17,-0.006306376867380892
2020-04-20,0.001083572120890386
2020-04-21,0.005051214433814177
2020-04-22,-0.006974269372274744
2020-04-23,-0.0034280975349635368
2020-04-24,-0.0018173554328503316
2020-04-27,-0.0092914359688544
2020-04-28,0.005858182025472836
2020-04-29,0.0019149292435753917
2020-04-30,-0.002018509819160741
2020-05-01,-0.008601009681873495
2020-05-04,0.0
2020-05-05,0.0
2020-05-06,0.0
2020-05-07,0.0
2020-05-08,0.0
2020-05-11,0.0
2020-05-12,0.0
2020-05-13,0.0
2020-05-14,0.0
2020-05-15,0.0
2020-05-18,0.0
2020-05-19,0.0
2020-05-20,0.0
2020-05-21,0.0
2020-05-22,0.0
2020-05-26,0.0
2020-05-27,0.0
2020-05-28,0.0
2020-05-29,0.0
2020-06-01,0.0
2020-06-02,-0.00025001123559276195
2020-06-03,0.0032602163818118424
2020-06-04,-0.00140377596234309
2020-06-05,0.0025250354380805806
2020-06-08,0.011549056594122087
2020-06-09,-0.003288492129753795
2020-06-10,0.029000542540461582
2020-06-11,-0.02850370261182833
2020-06-12,0.027506542946416745
2020-06-15,-0.016669437975625145
2020-06-16,0.022084833277452587
2020-06-17,0.009686627373389767
2020-06-18,0.004530956686299881
2020-06-19,0.01122239299970551
2020-06-22,0.0028611119992043577
2020-06-23,0.006779506979993188
2020-06-24,-0.0011521785857573352
2020-06-25,-8.087606385709378e-07
2020-06-26,0.003876249162110046
2020-06-29,0.002544126911417477
2020-06-30,0.002609210583471633
2020-07-01,0.0007146950046141853
2020-07-02,0.040329950824183
2020-07-06,0.0
2020-07-07,0.0
2020-07-08,0.0
2020-07-09,0.019511978089617132
2020-07-10,0.001856849037567443
2020-07-13,0.04829273453159688
2020-07-14,0.0
2020-07-15,0.0
2020-07-16,0.0
2020-07-17,0.007949783828498536
2020-07-20,0.012700663090452702
2020-07-21,0.005279842943624491
2020-07-22,0.010245201653074076
2020-07-23,0.032735701172109
2020-07-24,-0.04905414244541917
2020-07-27,0.016346947793612232
2020-07-28,-0.015921076067826556
2020-07-29,0.018360967809754714
2020-07-30,-0.00770352731033741
2020-07-31,0.03881193430960583
2020-08-03,0.0
2020-08-04,0.0
2020-08-05,0.0
2020-08-06,0.001261621005828717
2020-08-07,0.0028390962885214144
2020-08-10,0.0010394038092949032
2020-08-11,-0.01576495049675808
2020-08-12,0.03717502916138482
2020-08-13,0.0
2020-08-14,0.0
2020-08-17,0.0
2020-08-18,0.024113873934719976
2020-08-19,-0.006391820478321875
2020-08-20,-0.011188034138046143
2020-08-21,0.011682265080963372
2020-08-24,0.028782898311136007
2020-08-25,-0.01270137289549933
2020-08-26,0.012804616425197368
2020-08-27,0.009573893455696147
2020-08-28,0.019098688194080005
2020-08-31,0.0027167377441783547
2020-09-01,0.009574232627284074
2020-09-02,0.028754852851610613
2020-09-03,-0.08057337373324447
2020-09-04,-0.013494743189706893
2020-09-08,-0.14743421555526615
2020-09-09,0.05415022119847768
2020-09-10,0.0
2020-09-11,0.0
2020-09-14,0.0
2020-09-15,0.05081551591287936
2020-09-16,0.0
2020-09-17,0.0
2020-09-18,0.0
2020-09-21,0.0007835202660573248
2020-09-22,-0.01569236318638434
2020-09-23,-0.030553265983993327
2020-09-24,-0.027536441887631824
2020-09-25,0.01245190578455313
2020-09-28,0.03427070102588914
2020-09-29,0.0
2020-09-30,0.0
2020-10-01,0.0
2020-10-02,-0.051408205078047
2020-10-05,0.016296818282403036
2020-10-06,0.00016365402638962578
2020-10-07,0.01712605463918182
2020-10-08,0.026081521319242684
2020-10-09,0.00395803075007195
2020-10-12,0.018201319815570605
2020-10-13,0.0037164312071544803
2020-10-14,0.006755889496592005
2020-10-15,-0.022662190726027487
2020-10-16,0.010334537690489753
2020-10-19,0.014292101447866079
2020-10-20,0.003660561618188396
2020-10-21,-0.0005736239984486247
2020-10-22,0.024058690084502343
2020-10-23,0.000890490670669708
2020-10-26,-0.013757546736155146
2020-10-27,0.006385340235359305
2020-10-28,-0.01568809252438641
2020-10-29,0.009272657810536211
2020-10-30,-0.019832949201401773
2020-11-02,0.00861727085710573
2020-11-03,0.011065617474291578
2020-11-04,0.030265776564593505
2020-11-05,0.02705235905197001
2020-11-06,-0.000753757868434124
2020-11-09,0.008562723715956677
2020-11-10,-0.005446917723656575
2020-11-11,0.014423490229511504
2020-11-12,0.00442883759912327
2020-11-13,0.0053825950087311725
2020-11-16,-0.00457773110475157
2020-11-17,0.028920540890015056
2020-11-18,0.0015153119517372637
2020-11-19,0.0011004101450999837
2020-11-20,0.0004034862949200413
2020-11-23,0.012020455137705
2020-11-24,0.014361371904308307
2020-11-25,-0.001933160106697307
2020-11-27,0.01014264560014122
2020-11-30,0.013130778352090422
2020-12-01,0.027968097824811133
2020-12-02,-0.0246485587398263
2020-12-03,0.01852761017321325
2020-12-04,-0.0012443037582710037
2020-12-07,0.006170725072850658
2020-12-08,-0.010987928264200364
2020-12-09,0.003835463825895058
2020-12-10,-0.02886068015372656
2020-12-11,-0.014898498494909651
2020-12-14,0.0098684114792984
2020-12-15,0.01084888507802817
2020-12-16,-0.004972465149337912
2020-12-17,0.009682559921869283
2020-12-18,0.01458740396116709
2020-12-21,-0.035002920519381586
2020-12-22,0.005282037990842703
2020-12-23,-0.007134521845154396
2020-12-24,-0.0020722125657736123
2020-12-28,0.02023175532713406
2020-12-29,0.0011701007243460904
2020-12-30,0.008018073032967976
2020-12-31,0.006067696927805066
2021-01-04,0.01619710310739264
2021-01-05,-0.007214130438361499
2021-01-06,0.011882860310566512
2021-01-07,0.026293729249629916
2021-01-08,0.041092726518759726
2021-01-11,0.0
2021-01-12,0.0
2021-01-13,0.0
2021-01-14,-0.00783298621527917
2021-01-15,0.006059885711646951
2021-01-19,0.014198514046660948
2021-01-20,0.015293415966853408
2021-01-21,0.0076802855085758015
2021-01-22,-0.006611872259209228
2021-01-25,0.018046281207827475
2021-01-26,0.007443504456470462
2021-01-27,-0.015118026374155935
2021-01-28,-0.030252291471883574
2021-01-29,-0.0031878879524049886
2021-02-01,0.019714638643647753
2021-02-02,0.012024193959951912
2021-02-03,0.007990205421243735
2021-02-04,0.007102352074663365
2021-02-05,0.00028860585169798725
2021-02-08,0.016856996460288265
2021-02-09,-0.0028620912407647525
2021-02-10,0.0004308152967988921
2021-02-11,0.010713198333288654
2021-02-12,-0.005654054470436876
2021-02-16,0.005433315648304404
2021-02-17,-0.015341944696720788
2021-02-18,-0.017536723881940386
2021-02-19,0.011977906184880593
2021-02-22,-0.016094067265983725
2021-02-23,-0.040520834396947314
2021-02-24,0.0027033717589810546
2021-02-25,-0.014078247680592959
2021-02-26,0.017013096288073015
2021-03-01,0.024088159894984473
2021-03-02,0.001542632040940628
2021-03-03,0.00028465667736377043
2021-03-04,0.00037367398178811406
2021-03-05,0.011698424348126846
2021-03-08,0.00015774978515525895
2021-03-09,0.04959262743205217
2021-03-10,0.0
2021-03-11,0.0
2021-03-12,0.0
2021-03-15,0.0023356209496487867
2021-03-16,0.0021844030975706197
2021-03-17,-0.023296055634194346
2021-03-18,-0.02241878758928384
2021-03-19,-0.003533965090432023
2021-03-22,0.0266802137604627
2021-03-23,0.0032422517934524997
2021-03-24,0.00964527411977345
2021-03-25,-0.020582175806184044
2021-03-26,0.001309648997817936
2021-03-29,-0.004289793239094286
2021-03-30,-0.009381999483134118
2021-03-31,0.013940713334937627
2021-04-01,0.027610863775813455
2021-04-05,0.03860037009665751
2021-04-06,0.0
2021-04-07,0.0
2021-04-08,0.0
2021-04-09,-0.005730794605242173
2021-04-12,0.0020019246174356464
2021-04-13,0.007549344794014923
2021-04-14,0.0044381885228248485
2021-04-15,0.01199962991184722
2021-04-16,-0.00497566361120394
2021-04-19,-0.013719361871573632
2021-04-20,0.000731576587546634
2021-04-21,-0.008252094293226597
2021-04-22,-0.0016111910297302856
2021-04-23,0.0030914190664788066
2021-04-26,0.007192858107649469
2021-04-27,-0.008721843014758868
2021-04-28,-0.0031678300912421076
2021-04-29,0.007479149431947274
2021-04-30,-0.010639864821150868
2021-05-03,-0.00022102292008074897
2021-05-04,-0.009302196391015483
2021-05-05,0.010341352802781145
2021-05-06,0.004671998684148582
2021-05-07,0.007366769721887545
2021-05-10,-0.00868011797830659
2021-05-11,-0.030163874946122937
2021-05-12,-0.018252977224939015
2021-05-13,0.012751324857916968
2021-05-14,0.013849107286470375
2021-05-17,-0.011488286961788718
2021-05-18,-0.0012324572301174452
2021-05-19,-0.026616381388844812
2021-05-20,0.01028424752996937
2021-05-21,0.010488618903448765
2021-05-24,0.006380017726967502
2021-05-25,0.004889825157448513
2021-05-26,0.005019139489901292
2021-05-27,0.0003108185934954655
2021-05-28,0.0018820427213697144
2021-06-01,0.006447638488312979
2021-06-02,-0.0006666081584473238
2021-06-03,-0.008261374529737409
2021-06-04,0.008092155116551147
2021-06-07,-0.004956145751789043
2021-06-08,0.011589113332368672
2021-06-09,0.0027683470852122305
2021-06-10,0.0035841047788762737
2021-06-11,0.0007888286166977121
2021-06-14,0.0027971411328482354
2021-06-15,-0.0011066130978250044
2021-06-16,0.00011091229254023283
2021-06-17,-0.003471188115977908
2021-06-18,-0.0036548172230872478
2021-06-21,-0.0007978562222265007
2021-06-22,-0.000895204422058371
2021-06-23,0.004650035273377151
2021-06-24,0.01211969498848764
2021-06-25,0.00421910844120621
2021-06-28,0.005171485795605779
2021-06-29,-0.002090121701628034
2021-06-30,-0.0013634510914147802
2021-07-01,0.00041732511922143445
2021-07-02,0.006188644503968055
2021-07-06,0.005172951986750274
2021-07-07,0.007146013151009933
2021-07-08,-0.018611233540953176
2021-07-09,0.00019044364253173462
2021-07-12,0.005117517224783041
2021-07-13,-0.0024403048407322103
2021-07-14,0.0070005342442656104
2021-07-15,0.00043367259234505795
2021-07-16,0.0030688799991693827
2021-07-19,-0.011256496440139152
2021-07-20,0.0037038124733965727
2021-07-21,0.0028524150036275397
2021-07-22,0.0021689496463306313
2021-07-23,0.005464236204844042
2021-07-26,-0.0010498997267028853
2021-07-27,-0.0013359743576381033
2021-07-28,0.008471580993236527
2021-07-29,-0.004506323846031446
2021-07-30,-0.020594240598791114
2021-08-02,0.005986835425957571
2021-08-03,0.0010935503122371237
2021-08-04,0.0024573501368010398
2021-08-05,0.000689490464707454
2021-08-06,-0.004958908275198404
2021-08-09,0.002986407858592388
2021-08-10,0.0016777148670059638
2021-08-11,0.004001589167005548
2021-08-12,-0.002348185106133327
2021-08-13,0.0012869449974635128
2021-08-16,-0.001940017554233231
2021-08-17,-0.006381502879726053
2021-08-18,-0.0012167600664599876
2021-08-19,-0.003149717226154647
2021-08-20,0.003196812913272007
2021-08-23,0.003854721374050518
2021-08-24,0.0029504246566030012
2021-08-25,0.002295968286069483
2021-08-26,-0.00070225481017272
2021-08-27,0.0023500505471956146
2021-08-30,0.004395351121848856
2021-08-31,0.0006202846030836096
2021-09-01,0.002274475286943689
2021-09-02,0.003319442131634931
2021-09-03,-0.0013628018775175832
2021-09-07,0.0025058760305456396
2021-09-08,0.0005878147192250882
2021-09-09,0.0008707824187015323
2021-09-10,0.007312576962306583
2021-09-13,0.0064596913601149275
2021-09-14,0.004414361612327333
2021-09-15,0.00289963868174703
2021-09-16,-0.003847218145549669
2021-09-17,-0.001578863833147759
2021-09-20,-0.021508796138215103
2021-09-21,0.006992830047852561
2021-09-22,0.0021997621531089084
2021-09-23,0.0053530252220461705
2021-09-24,-0.008209950621235418
2021-09-27,-0.00891612155300725
2021-09-28,-0.014547663450990456
2021-09-29,0.005874115867534835
2021-09-30,0.004741115032355303
2021-10-01,0.0025231010082111816
2021-10-04,0.0009173400644353347
2021-10-05,0.00469964742224005
2021-10-06,-0.010167428527527833
2021-10-07,0.008490377633311619
2021-10-08,0.003797981006455009
2021-10-11,-0.003451095859587916
2021-10-12,0.006673507139496104
2021-10-13,0.00563896599367153
2021-10-14,0.010555390124927344
2021-10-15,0.003778155937770755
2021-10-18,-0.0008366470589703523
2021-10-19,0.0042989709242826635
2021-10-20,0.0013883829080532095
2021-10-21,-0.003455609171833629
2021-10-22,0.0005380872497366962
2021-10-25,0.013836274098629975
2021-10-26,0.007368016114650322
2021-10-27,0.007033409875016661
2021-10-28,0.014944931943721373
2021-10-29,-0.004468582283858491
2021-11-01,0.010241319433426321
2021-11-02,-0.015993859860097936
2021-11-03,0.0038994457371384073
2021-11-04,0.011555413302234863
2021-11-05,0.004179040755972752
2021-11-08,-0.025576430998882738
2021-11-09,0.01457820912073493
2021-11-10,-0.017481883203579796
2021-11-11,0.025559134354049773
2021-11-12,-0.008168726620283895
2021-11-15,-0.006402081728802522
2021-11-16,-0.0073010938034747674
2021-11-17,0.00530639913180142
2021-11-18,0.0322516955226253
2021-11-19,0.008016229977777733
2021-11-22,0.017268657610461036
2021-11-23,-0.0012526275771312934
2021-11-24,-0.01686876917539304
2021-11-26,-0.012093224430479554
2021-11-29,0.018628081787413375
2021-11-30,0.0019837937312348064
2021-12-01,0.01620761100973822
2021-12-02,-0.002807510378762146
2021-12-03,0.0023067940557615074
2021-12-06,-0.014493736954756198
2021-12-07,0.03150287368263793
2021-12-08,0.0
2021-12-09,0.0
2021-12-10,0.0
2021-12-13,-0.004974715910498695
2021-12-14,-0.01956964950572171
2021-12-15,-0.0009066320197346212
2021-12-16,0.010339422235485118
2021-12-17,-0.01312053221207421
2021-12-20,-0.018831711822954067
2021-12-21,0.017472840886081586
2021-12-22,0.006013170960464498
2021-12-23,0.0022626201504971633
2021-12-27,0.0048430711171247864
2021-12-28,0.010202922241897117
2021-12-29,0.002933406053751142
2021-12-30,-0.009800214345302649
2021-12-31,0.002133937443833167
2022-01-03,0.032298167282322154
2022-01-04,0.0
2022-01-05,0.0
2022-01-06,0.0
2022-01-07,0.005286625086429408
2022-01-10,-0.022184906608661237
2022-01-11,-0.0031886881118147192
2022-01-12,0.011413466952477469
2022-01-13,0.007121890644086637
2022-01-14,-0.008226900607643972
2022-01-18,-0.02168326226241335
2022-01-19,0.00940520353537977
2022-01-20,0.010020624181122928
2022-01-21,-0.00640123700166606
2022-01-24,-0.031369966845256614
2022-01-25,-0.024366107063025888
2022-01-26,0.03859886060819706
2022-01-27,0.0
2022-01-28,0.0
2022-01-31,0.0
2022-02-01,0.007970215121190671
2022-02-02,0.022990456545368243
2022-02-03,-0.024086464582736777
2022-02-04,0.0025528517402908513
2022-02-07,0.0009960045718975241
2022-02-08,-0.005306190206914363
2022-02-09,0.015778765568178255
2022-02-10,-0.02551219192210752
2022-02-11,0.004205766271883071
2022-02-14,0.00467387145188547
2022-02-15,0.012850992631938674
2022-02-16,-0.006673735406898085
2022-02-17,-0.0077414745353248104
2022-02-18,0.0065159581923195375
2022-02-22,-0.0056128638530125174
2022-02-23,0.005399051981857195
2022-02-24,-0.029866148317784336
2022-02-25,0.0007674710081464475
2022-02-28,0.0026916499170770436
2022-03-01,-0.0012911742512832225
2022-03-02,0.0017790691703349903
2022-03-03,-0.007335343993790211
2022-03-04,0.003152156502221226
2022-03-07,8.853449710244377e-06
2022-03-08,0.001722429898908695
2022-03-09,-0.009504190570851612
2022-03-10,0.010881816155312585
2022-03-11,-0.008068121109159221
2022-03-14,0.004196387153726722
2022-03-15,-0.004352014861859321
2022-03-16,-0.0015956380175866647
2022-03-17,-0.003599790440103612
2022-03-18,0.003131679161650691
2022-03-21,0.001929519512556599
2022-03-22,-0.0021941821771170877
2022-03-23,0.0024362187732769325
2022-03-24,0.0009129745719407278
2022-03-25,-0.0025248295921612707
2022-03-28,-0.0024086015720079512
2022-03-29,-0.001701415556877417
2022-03-30,0.001693749195792238
2022-03-31,-0.003715244327761935
2022-04-01,0.001517580247490491
2022-04-04,0.0011342608359021789
2022-04-05,0.0007030182616800662
2022-04-06,0.0014972412412039837
2022-04-07,0.0030274826274301336
2022-04-08,0.00015023143515624504
2022-04-11,0.00047616424502305854
2022-04-12,-0.004559198732372649
2022-04-13,0.0016734210691691231
2022-04-14,0.002907481076805496
2022-04-18,0.0008903088791241132
2022-04-19,0.0006024236065853561
2022-04-20,0.002240868032696408
2022-04-21,-0.006711195296054795
2022-04-22,0.0008276318963955642
2022-04-25,0.0037483439278520603
2022-04-26,0.0022107150690984234
2022-04-27,-0.002890173914407712
2022-04-28,-0.006946639087214268
2022-04-29,0.005813352536643501
2022-05-02,0.002129768622326278
2022-05-03,-0.0007011421863738487
2022-05-04,0.009743111291751871
2022-05-05,0.012484586295010924
2022-05-06,0.007188587057933349
2022-05-09,0.017218853999103834
2022-05-10,-0.010902949913993099
2022-05-11,0.007095145052210539
2022-05-12,0.013753610323921084
2022-05-13,-0.01353544563805087
2022-05-16,0.0004979824456798898
2022-05-17,-0.004050912335542001
2022-05-18,0.01350706545156588
2022-05-19,0.006286254113714529
2022-05-20,-0.011437456384570277
2022-05-23,-0.01004365750691072
2022-05-24,0.008089677859385525
2022-05-25,0.0022648608529267644
2022-05-26,-0.008395480239201003
2022-05-27,-0.0029365550107091076
2022-05-31,0.0020693610207016544
2022-06-01,-0.00436042810121251
2022-06-02,0.0031483705876154122
2022-06-03,0.01516203111964276
2022-06-06,-0.013454641975288673
2022-06-07,0.010172721862207856
2022-06-08,0.002328834463432017
2022-06-09,0.005332688557855958
2022-06-10,0.017277327522390085
2022-06-13,0.028071755477617977
2022-06-14,-0.007201155858719832
2022-06-15,-0.010862924980773903
2022-06-16,0.02321452042662875
2022-06-17,-0.0014133880006477195
2022-06-21,-0.015015109602992016
2022-06-22,0.008155094138524
2022-06-23,-0.00803763543948155
2022-06-24,-0.00939914956478538
2022-06-27,-0.004887477305667853
2022-06-28,-0.0012753681774517744
2022-06-29,0.000786456293477622
2022-06-30,0.009684660651490207
2022-07-01,0.003970621739574742
2022-07-05,0.006938779000324802
2022-07-06,-0.0006787264340690768
2022-07-07,0.002284990375735152
2022-07-08,0.0038760838782327944
2022-07-11,0.0029076169379351757
2022-07-12,-0.002737941058488569
2022-07-13,0.011983521062069347
2022-07-14,0.00854756608774232
2022-07-15,-0.0062744362215577665
2022-07-18,-0.003663237125485219
2022-07-19,-0.006679928135669866
2022-07-20,-0.0028579812421677397
2022-07-21,-0.0008074362230358068
2022-07-22,0.00019809834779582758
2022-07-25,-0.003747498459918619
2022-07-26,0.0037452032915252786
2022-07-27,-0.008046708695298999
2022-07-28,0.0023012640236408366
2022-07-29,-0.007087019193445121
2022-08-01,0.0062911697610641415
2022-08-02,-0.0003407231387638765
2022-08-03,-0.0010648598060073455
2022-08-04,0.0029557865932161587
2022-08-05,-0.002308675577032626
2022-08-08,0.004842391569005011
2022-08-09,0.0007279176495609274
2022-08-10,0.00857812499853905
2022-08-11,-0.006788107993143888
2022-08-12,-0.005206914005016272
2022-08-15,0.0027058827730079837
2022-08-16,0.004469065252778126
2022-08-17,-0.000805405311282037
2022-08-18,0.0012549742486798188
2022-08-19,-0.0018867037863282698
2022-08-22,-0.00011388748919360925
2022-08-23,0.0028683904743129762
2022-08-24,0.000950944483438354
2022-08-25,0.003858774289430933
2022-08-26,0.0004717009657022597
2022-08-29,0.0005316939416484256
2022-08-30,0.0020639055262849926
2022-08-31,-0.0037653370120840357
2022-09-01,-0.0005518311265299003
2022-09-02,-0.005676072736739091
2022-09-06,-0.00019616539081335205
2022-09-07,0.0002661037172040359
2022-09-08,0.004396526747580953
2022-09-09,-0.0037605780619290874
2022-09-12,-0.004870867470475937
2022-09-13,0.0161127676856192
2022-09-14,-0.0025358692879521305
2022-09-15,0.0042400748732278615
2022-09-16,0.007877463711141175
2022-09-19,0.004859497995538531
2022-09-20,0.0053976347613420295
2022-09-21,-0.0023958605196411353
2022-09-22,0.0028580839975129724
2022-09-23,0.00521357489583929
2022-09-26,0.0016520005371587487
2022-09-27,-0.006745468212790762
2022-09-28,-0.000230344555869344
2022-09-29,0.008531993907464397
2022-09-30,0.0017676057364965914
2022-10-03,-0.0030095681653607986
2022-10-04,-0.01812053161682603
2022-10-05,0.01195633466558732
2022-10-06,0.003888316911879297
2022-10-07,0.015455055657337846
2022-10-10,-0.0008695086534219465
2022-10-11,0.00526203610978504
2022-10-12,-0.0014777251222650722
2022-10-13,0.026181060503875475
2022-10-14,-0.008329450761881851
2022-10-17,-0.021394337186815382
2022-10-18,-0.02426425815857669
2022-10-19,0.005082863501121748
2022-10-20,0.0035626865575686395
2022-10-21,0.0034479364524007128
2022-10-24,-0.0009492078641260004
2022-10-25,-0.002877523218775102
2022-10-26,0.01795303843091456
2022-10-27,0.003892870192189646
2022-10-28,0.0023306346378415554
2022-10-31,0.007167770435001053
2022-11-01,-0.011335338497959313
2022-11-02,0.006079479149305289
2022-11-03,0.006841507471603059
2022-11-04,-0.008622347017181897
2022-11-07,-0.0035829895477305085
2022-11-08,-0.005417054823605771
2022-11-09,0.00632353584515144
2022-11-10,-0.02895695784839969
2022-11-11,-0.00013366610728549055
2022-11-14,0.006552154897921492
2022-11-15,-0.021358914852606548
2022-11-16,-0.0018230537303064454
2022-11-17,0.009730804657645864
2022-11-18,-0.005343705210293259
2022-11-21,0.0006830950430822824
2022-11-22,-0.0014209429190733536
2022-11-23,0.000361033639997288
2022-11-25,0.002571096351263513
2022-11-28,0.002978773100388743
2022-11-29,-0.0001329733892515561
2022-11-30,-0.0003961257587252742
2022-12-01,0.0004798633220093329
2022-12-02,0.010137496326996454
2022-12-05,0.004413516602147283
2022-12-06,0.000897215487487113
2022-12-07,0.003259792330008171
2022-12-08,-0.002935947031891817
2022-12-09,0.0038159942453486195
2022-12-12,-0.000924378306699225
2022-12-13,-0.02517513946061334
2022-12-14,0.0017935118507961256
2022-12-15,0.012755166576334576
2022-12-16,0.0026382912328446473
2022-12-19,-0.0006033993088736533
2022-12-20,0.0023373409634681597
2022-12-21,-0.0018174220992449586
2022-12-22,0.008161527646929345
2022-12-23,0.004324431690878372
2022-12-27,0.002692330158766465
2022-12-28,0.0013879596556842788
2022-12-29,-0.006877218222570036
2022-12-30,0.0069272436328429166
2023-01-03,-0.005165305981420287
2023-01-04,-0.0036823423583965953
2023-01-05,0.004023661605645046
2023-01-06,-0.0027673587486470863
2023-01-09,-0.006791547103088824
2023-01-10,0.0025979642027615935
2023-01-11,-0.003471556526898789
2023-01-12,-0.0005448157627840899
2023-01-13,0.006944539587151022
2023-01-17,-0.00010138376877366628
2023-01-18,-0.0040960585493555746
2023-01-19,0.004599608028756252
2023-01-20,-0.002740244571630246
2023-01-23,-0.0020418602531857566
2023-01-24,0.004204183677883222
2023-01-25,0.011207254062562955
2023-01-26,-0.009089536253456543
2023-01-27,0.002606515695559697
2023-01-30,0.007233010450715005
2023-01-31,-0.00022942581761697944
2023-02-01,0.0008630056040892509
2023-02-02,-0.017503561075052132
2023-02-03,0.01073062946233505
2023-02-06,0.003393618042523583
2023-02-07,0.0013223462364644334
2023-02-08,0.003545712055860406
2023-02-09,-0.006320595252459427
2023-02-10,0.0012874368651589752
2023-02-13,-0.0012716234329305243
2023-02-14,0.0024714830449763525
2023-02-15,0.00218243944526475
2023-02-16,-0.008221983821658951
2023-02-17,-0.0037195544689543336
2023-02-21,-0.005893431269409
2023-02-22,0.001855324523736268
2023-02-23,0.01816181801835115
2023-02-24,0.0
2023-02-27,0.0
2023-02-28,0.0
2023-03-01,8.954047094023032e-05
2023-03-02,-0.0035915974059953504
2023-03-03,0.0010894333377187149
2023-03-06,-0.0003507714505953663
2023-03-07,0.0005776842348530487
2023-03-08,0.0017058745685474275
2023-03-09,-0.0002814455931999804
2023-03-10,0.0005349704755119866
2023-03-13,-0.0036125799921595814
2023-03-14,0.0064579675075226994
2023-03-15,-0.005297705948691611
2023-03-16,-0.002441320806689129
2023-03-17,0.002489210962848265
2023-03-20,-0.0017334796780688055
2023-03-21,0.0038307899659921762
2023-03-22,0.0016483106989972907
2023-03-23,0.007897770696681627
2023-03-24,-0.0024670893620138967
2023-03-27,0.0013260506231207447
2023-03-28,-0.0007936093240208386
2023-03-29,0.005230957068075082
2023-03-30,0.004651138421352119
2023-03-31,-0.0010938748919632202
2023-04-03,-0.0028571087284358088
2023-04-04,0.0014102051033335616
2023-04-05,-0.006537520229248139
2023-04-06,-0.006018411851415273
2023-04-10,-0.006195867056990156
2023-04-11,0.0009993023634262688
2023-04-12,0.005202581856592836
2023-04-13,0.004446376547696529
2023-04-14,-0.0032096156396067554
2023-04-17,-0.0020803663319901577
2023-04-18,0.007618494035352974
2023-04-19,-0.006759042790948189
2023-04-20,-0.005304998274286321
2023-04-21,-0.0023523308641445473
2023-04-24,-0.001287801472973138
2023-04-25,-0.0031113023388396055
2023-04-26,0.012785198193283387
2023-04-27,0.010061863806798188
2023-04-28,-0.0006464581663072622
2023-05-01,0.0006446637243955333
2023-05-02,-0.0012170201931839264
2023-05-03,-0.004890691491002297
2023-05-04,-3.286129082591405e-05
2023-05-05,0.0014996868749048708
2023-05-08,-0.0014680411791938575
2023-05-09,-0.004038854112421997
2023-05-10,0.006748332777834376
2023-05-11,0.0007356112307583818
2023-05-12,0.00040718962509278533
2023-05-15,0.002856358533734893
2023-05-16,-0.002434909497896376
2023-05-17,0.004519227652030056
2023-05-18,0.0030150403853281826
2023-05-19,-0.0023032375711280473
2023-05-22,-0.002542083239705284
2023-05-23,-0.004174410653322358
2023-05-24,-0.006932729297049467
2023-05-25,0.05191336244744971
2023-05-26,0.0
2023-05-30,0.0
2023-05-31,0.0
2023-06-01,0.0017512192584183683
2023-06-02,0.010890875451722959
2023-06-05,0.000980930063459784
2023-06-06,-0.005209562307145754
2023-06-07,0.01297417209131102
2023-06-08,0.0021443433458507855
2023-06-09,0.02951590402158022
2023-06-12,0.013924576016556056
2023-06-13,0.017801039220063375
2023-06-14,0.002011370500207388
2023-06-15,-0.019216966392025858
2023-06-16,0.01657167412230165
2023-06-20,-0.0016642792053130906
2023-06-21,-0.003504332068667737
2023-06-22,-0.0067371032162203415
2023-06-23,-0.012313756500489714
2023-06-26,0.0021031177756203334
2023-06-27,0.0067347799539096975
2023-06-28,-0.012491595967618618
2023-06-29,0.007703714582866894
2023-06-30,0.017485704103664013
2023-07-03,0.02694986490276441
2023-07-05,-0.0031822659951614707
2023-07-06,-0.013953470699597736
2023-07-07,0.005073285302791719
2023-07-10,0.004924567753219922
2023-07-11,-0.001067322232249257
2023-07-12,0.01826285432912389
2023-07-13,0.01203325931663013
2023-07-14,0.0021391362632137145
2023-07-17,0.01092765526943662
2023-07-18,9.344617193729476e-05
2023-07-19,0.006729382402232975
2023-07-20,-0.023239380428946355
2023-07-21,0.011312653900716452
2023-07-24,-0.002095254396176971
2023-07-25,0.007952487769327332
2023-07-26,-0.0053360733749316935
2023-07-27,0.02376895925780409
2023-07-28,0.01536919423856542
2023-07-31,0.003003080337316444
2023-08-01,-0.003911419817652861
2023-08-02,-0.013614461264934374
2023-08-03,-0.008573330676001523
2023-08-04,0.00964403486728549
2023-08-07,0.002120760400547095
2023-08-08,-0.013002478142494334
2023-08-09,-7.360773418518818e-05
2023-08-10,0.0069825315162188595
2023-08-11,-0.011832604992420337
2023-08-14,-0.010554209495175715
2023-08-15,0.0006616631588722832
2023-08-16,-0.00478494745228375
2023-08-17,0.003688055263713741
2023-08-18,-0.016505423426213195
2023-08-21,0.015388287546103996
2023-08-22,0.01892730348982985
2023-08-23,-0.0014176305408731826
2023-08-24,0.022193393643389348
2023-08-25,0.0015660707539930652
2023-08-28,0.010589270700803954
2023-08-29,-0.0026198404277057996
2023-08-30,-0.0014173712437994812
2023-08-31,-0.00040685427293896126
2023-09-01,0.005610360921731061
2023-09-05,-0.003485118283599098
2023-09-06,-0.0033608119662705827
2023-09-07,-0.025672919431718566
2023-09-08,-0.0020012993057836326
2023-09-11,0.02551519235094779
2023-09-12,-0.008884495822884309
2023-09-13,0.0013674720909313542
2023-09-14,0.005271474782004182
2023-09-15,-0.0020733597402633475
2023-09-18,-0.011680432831076004
2023-09-19,-0.004573503498484843
2023-09-20,0.002740277963645177
2023-09-21,-0.016314602703259018
2023-09-22,0.008732066721986342
2023-09-25,-0.003752347537485101
2023-09-26,-0.010626815803409073
2023-09-27,0.004204996950314843
2023-09-28,-0.00342266798360924
2023-09-29,0.014531935982792898
2023-10-02,-0.003533034790880296
2023-10-03,-0.004943223652041251
2023-10-04,0.006721009903901454
2023-10-05,0.005310631542917887
2023-10-06,-5.6524837985127974e-05
2023-10-09,-0.0017512863429199887
2023-10-10,0.01276333919173367
2023-10-11,0.007473000052613976
2023-10-12,0.0008338230299989036
2023-10-13,0.0001405833631171749
2023-10-16,-0.0011284133220431647
2023-10-17,-0.01067791701191867
2023-10-18,-0.00684607917259461
2023-10-19,0.003761063231612072
2023-10-20,-0.0007648521404692854
2023-10-23,-0.0013118280758405154
2023-10-24,0.0013870086311233987
2023-10-25,-0.001867429073323268
2023-10-26,0.00030811902044303174
2023-10-27,0.005015900356296621
2023-10-30,0.0028102439386685774
2023-10-31,-0.002944045718089483
2023-11-01,0.0005948602910794687
2023-11-02,0.005380988064212611
2023-11-03,0.0033851336046095692
2023-11-06,0.0015067929907266464
2023-11-07,-0.00013039957436156158
2023-11-08,0.0007166198521759704
2023-11-09,0.004557726691162056
2023-11-10,0.0034669073511359727
2023-11-13,-0.0006893504197695854
2023-11-14,0.007336473743014382
2023-11-15,0.001967877793882744
2023-11-16,-0.0018683190025718943
2023-11-17,0.00013371251416227636
2023-11-20,0.00017263223255903348
2023-11-21,-0.002362425093547893
2023-11-22,0.00034362546495092516
2023-11-24,-0.001195141216229767
2023-11-27,-0.00026913730144595416
2023-11-28,-0.0008477202742976919
2023-11-29,0.0037427285937476906
2023-11-30,-0.0006600196127239943
2023-12-01,-0.0019780290334531214
2023-12-04,-0.01257629598743537
2023-12-05,-0.006693433653004899
2023-12-06,0.01118128767760962
2023-12-07,0.0070663848802292595
2023-12-08,-0.005439106103059754
2023-12-11,-0.0016183475968406524
2023-12-12,-0.0050083650447472206
2023-12-13,-0.002279293518656522
2023-12-14,0.004324290760558291
2023-12-15,0.0017153551676309942
2023-12-18,0.0030993284695728374
2023-12-19,-0.000773238400258891
2023-12-20,-0.0029693728599187175
2023-12-21,0.01468889451072708
2023-12-22,0.0035453483292724464
2023-12-26,0.004436172313061704
2023-12-27,0.004139668592488377
2023-12-28,0.004879438655718715
2023-12-29,0.0036262497324537346
2024-01-02,-0.004259917861213158
2024-01-03,-0.008405163022265683
2024-01-04,-0.0019155267306629753
2024-01-05,0.0020549528716149457
2024-01-08,0.004901758800317735
2024-01-09,-0.003590332507329541
2024-01-10,0.0032691718331236963
2024-01-11,0.005597815156476615
2024-01-12,0.0012129798095636968
2024-01-16,0.0031533380020436486
2024-01-17,-0.0037973283946574066
2024-01-18,0.012160589798941857
2024-01-19,0.007327360440763986
2024-01-22,0.005499298543709896
2024-01-23,-0.001001078856484594
2024-01-24,0.010253060881627807
2024-01-25,0.010952620487741704
2024-01-26,-0.00901391811757224
2024-01-29,0.002926248834612233
2024-01-30,-0.0005876600120034992
2024-01-31,-0.015748730456378923
2024-02-01,0.006329566947485432
2024-02-02,0.018598935278244966
2024-02-05,0.007296974528959943
2024-02-06,0.0024245390558170765
2024-02-07,0.004581224433569897
2024-02-08,0.0005512387654855733
2024-02-09,0.007283874014644809
2024-02-12,0.0025824699574825694
2024-02-13,-0.02667394746432139
2024-02-14,0.014433810351009102
2024-02-15,0.002915391630153641
2024-02-16,0.005047903596126835
2024-02-20,-0.008347206626551529
2024-02-21,-0.015112332212928847
2024-02-22,0.054227427397985695
2024-02-23,0.0
2024-02-26,0.0
2024-02-27,0.0
2024-02-28,-0.007758283746494898
2024-02-29,0.012192908862711294
2024-03-01,0.007128422341058149
2024-03-04,0.01265894077937113
2024-03-05,-0.0072215552065129085
2024-03-06,0.02354844679990431
2024-03-07,0.014422302389140551
2024-03-08,0.011400212085659112
2024-03-11,-0.009918939387880243
2024-03-12,0.01633290284668476
2024-03-13,-0.006564178673154397
2024-03-14,-0.006215813379825352
2024-03-15,-0.010970571122088435
2024-03-18,0.016234639113751337
2024-03-19,-0.020906253724911283
2024-03-20,0.0040863320000654735
2024-03-21,0.02458186544354435
2024-03-22,-0.005766922749094405
2024-03-25,-0.006015030514900266
2024-03-26,0.0078312987591449
2024-03-27,0.009963217936332258
2024-03-28,-0.0006758208748631755
2024-04-01,-0.0006387083217412881
2024-04-02,-0.021375382824529887
2024-04-03,-0.00786667823323084
2024-04-04,0.01648409717630961
2024-04-05,0.0072417809880191975
2024-04-08,0.008206613349299507
2024-04-09,0.004577171952228731
2024-04-10,-0.015279330924390822
2024-04-11,0.0034372679022709463
2024-04-12,-0.012565322909626864
2024-04-15,0.008662994483034092
2024-04-16,0.0011281949938730662
2024-04-17,0.0051347198368763
2024-04-18,0.004210128650426581
2024-04-19,-0.008230718208432797
2024-04-22,0.011539463757030965
2024-04-23,0.008755232853680628
2024-04-24,0.010852143267595205
2024-04-25,-0.018099274176434532
2024-04-26,0.006507247499686564
2024-04-29,9.645814136294284e-05
2024-04-30,-0.003977888760519965
2024-05-01,-0.00945543853996278
2024-05-02,0.01033774395753495
2024-05-03,0.01505748821731534
2024-05-06,0.006785175865323678
2024-05-07,-0.0037497618506215913
2024-05-08,-0.00853856140872089
2024-05-09,-0.0004892170549560815
2024-05-10,0.007889693351710969
2024-05-13,0.00214221308499174
2024-05-14,-0.004900833314447017
2024-05-15,0.007879463450932267
2024-05-16,0.0006355263958295332
2024-05-17,0.0032560285448477444
2024-05-20,0.004656167216157803
2024-05-21,-0.007055529364353608
2024-05-22,0.002651658988585659
2024-05-23,0.026949239990775586
2024-05-24,0.0
2024-05-28,0.0
2024-05-29,0.0
2024-05-30,-0.0004631112584994046
2024-05-31,0.0061506826043133955
2024-06-03,0.01694110731406906
2024-06-04,0.0009724924897942522
2024-06-05,0.011406300328858476
2024-06-06,0.004510963203936624
2024-06-07,-0.003197728901310759
2024-06-10,-0.004156386089446573
2024-06-11,-0.0016063093355609404
2024-06-12,0.012599264365750207
2024-06-13,0.015074085292681616
2024-06-14,-0.001287440516517635
2024-06-17,0.003857900555221505
2024-06-18,0.00033891147146092315
2024-06-20,0.013637697859512743
2024-06-21,-0.012653008254943199
2024-06-24,-0.012157884064724067
2024-06-25,0.01196620663684822
2024-06-26,-0.0006506562627931478
2024-06-27,-0.006960927518795401
2024-06-28,0.002408404768283967
2024-07-01,0.000863146047521024
2024-07-02,-0.01202440322206444
2024-07-03,-0.003209516550406799
2024-07-05,-6.639974278044303e-05
2024-07-08,0.005839190698984975
2024-07-09,0.0071536634893285544
2024-07-10,0.009464774200570458
2024-07-11,0.0019239740635130786
2024-07-12,0.0021466753457719534
2024-07-15,0.00859723120110134
2024-07-16,0.002990649764552211
2024-07-17,-0.02745494726630182
2024-07-18,0.01556325656796198
2024-07-19,-0.0033707101649298465
2024-07-22,0.013568009394746783
2024-07-23,-0.0021648461866172752
2024-07-24,-0.014981150928014775
2024-07-25,-0.002631761814561817
2024-07-26,0.014974684641197333
2024-07-29,0.005339243247428627
2024-07-30,0.002270434812068567
2024-07-31,0.03228187275850192
2024-08-01,0.0
2024-08-02,0.0
2024-08-05,0.0
2024-08-06,0.010907798360376031
2024-08-07,0.017865375728960187
2024-08-08,0.019279394596528387
2024-08-09,-0.0019335208504631662
2024-08-12,0.00321294995978616
2024-08-13,0.01285719679954811
2024-08-14,0.006754417243600708
2024-08-15,0.011812514062139234
2024-08-16,-0.005680878186730132
2024-08-19,0.0003431370063089467
2024-08-20,-0.002754619653062229
2024-08-21,0.001736483907756936
2024-08-22,0.006294386015851305
2024-08-23,0.010601288417975807
2024-08-26,-0.002679076649090284
2024-08-27,-0.005452222500199055
2024-08-28,-0.0006109629189887666
2024-08-29,-0.0020512368896753452
2024-08-30,0.009873559778351026
2024-09-03,-0.01004664018833834
2024-09-04,-0.008310168575435317
2024-09-05,-0.00242898740804387
2024-09-06,0.0019944093108532623
2024-09-09,0.010810812516996116
2024-09-10,0.005096661608947173
2024-09-11,0.0028150555831496504
2024-09-12,-0.0017769889840997255
2024-09-13,0.0003647304288680875
2024-09-16,-0.008667781987127698
2024-09-17,0.006241494521237234
2024-09-18,0.0022065115461604723
2024-09-19,0.019801514078154225
2024-09-20,-0.0029869123924753938
2024-09-23,0.003909038650792507
2024-09-24,0.004266645250416534
2024-09-25,-0.00026471728951404927
2024-09-26,0.015824975954660925
2024-09-27,0.0022121873767286804
2024-09-30,-0.007695011057827106
2024-10-01,6.275742405881246e-05
2024-10-02,-0.0012905722549312326
2024-10-03,0.003221680607082611
2024-10-04,0.005841779514132117
2024-10-07,-0.00026480802731643216
2024-10-08,0.004191497425245494
2024-10-09,0.0017349345501167512
2024-10-10,-0.001958219952402307
2024-10-11,-0.0018561281004977337
2024-10-14,0.004174538759082358
2024-10-15,-0.0005728568208021034
2024-10-16,0.005097042983336131
2024-10-17,0.007877381417639828
2024-10-18,0.003511489554643754
2024-10-21,4.5472025749893064e-05
2024-10-22,-0.002072543379585068
2024-10-23,-0.0036779578055559092
2024-10-24,0.0034235294634934466
2024-10-25,0.0019019252849430401
2024-10-28,0.0034766123379679215
2024-10-29,0.0008542710715355728
2024-10-30,-0.007036524129564903
2024-10-31,-0.002859606661198777
2024-11-01,0.0030482158836815376
2024-11-04,-0.0013347273046511177
2024-11-05,0.008100658344768696
2024-11-06,0.0268630697170269
2024-11-07,0.0
2024-11-08,0.0
2024-11-11,0.0
2024-11-12,-0.002786742099309736
2024-11-13,0.005696063938056106
2024-11-14,0.0025156226373375112
2024-11-15,-0.005292196895665735
2024-11-18,0.010946674619632057
2024-11-19,-0.002853625542915794
2024-11-20,0.003950364208707313
2024-11-21,0.015997251165390303
2024-11-22,0.0011086456589888272
2024-11-25,0.012205850534485085
2024-11-26,0.0001916610274297348
2024-11-27,0.004678243266619919
2024-11-29,0.0071919139002130095
2024-12-02,0.007062635796755812
2024-12-03,-0.002775316941217465
2024-12-04,0.004954216406966472
2024-12-05,0.0066518270908810795
2024-12-06,0.00121122797753892
2024-12-09,-0.004715672176371144
2024-12-10,0.0021582694368589284
2024-12-11,0.005658248002871735
2024-12-12,-0.002370555720525358
2024-12-13,0.007986276915512791
2024-12-16,0.004018122164822779
2024-12-17,-0.003952808856560908
2024-12-18,0.003993700358183361
2024-12-19,0.005908466381367328
2024-12-20,-0.0024892056339296253
2024-12-23,0.002212665896846211
2024-12-24,0.004383978737698024
2024-12-26,-0.002009805094202677
2024-12-27,-0.0014979192780477657
2024-12-30,-0.006082920027479899
2024-12-31,0.002470109801804732
2025-01-02,0.004549221503413969
2025-01-03,0.003000073566761019
2025-01-06,0.008366729738453982
2025-01-07,0.0035287028915842455
2025-01-08,0.0013029701108318026
2025-01-10,-0.003975934466724285
2025-01-13,-0.010339616020736186
2025-01-14,0.005685917335386259
2025-01-15,0.0057146175503859364
2025-01-16,0.004435695438350429
2025-01-17,0.007667212466736073
2025-01-21,0.002513817722466838
2025-01-22,0.00491470804603833
2025-01-23,-0.004421175319973991
2025-01-24,0.002698772887418599
2025-01-27,-0.026435267743216584
2025-01-28,0.004193668523063909
2025-01-29,-0.0015201703812838252
2025-01-30,0.00275514110857511
2025-01-31,-0.0002890899332815833
2025-02-03,-0.012496346970137795
2025-02-04,-0.00022536316462329342
2025-02-05,0.004485248367332106
2025-02-06,0.004024830221912357
2025-02-07,0.002277042239094307
2025-02-10,0.00185781927615003
2025-02-11,-0.002797533826784937
2025-02-12,-0.006554560199757531
2025-02-13,0.0005937963398248147
2025-02-14,0.001830130106712069
2025-02-18,0.0038602337623612204
2025-02-19,0.0002207178558342182
2025-02-20,0.001420828165658694
2025-02-21,0.000665141499257782
2025-02-24,0.00389013029002494
2025-02-25,-0.0017849727803258553
2025-02-26,0.006285433819795294
2025-02-27,0.006229506793078654
2025-02-28,-0.0031873832302508065
2025-03-03,0.0022006284440119206
2025-03-04,-0.005431084481909876
2025-03-05,0.003018205388511941
2025-03-06,-0.009318886028469753
2025-03-07,0.001552955929378097
2025-03-10,-0.007451795391389182
2025-03-11,0.001379922665326827
2025-03-12,0.010072695586691216
2025-03-13,0.0
2025-03-14,0.0
2025-03-17,0.0
2025-03-18,-0.004378544475313384
2025-03-19,0.003687616678492045
2025-03-20,-0.003010324457686231
2025-03-21,-0.004851580357638441
2025-03-24,0.00627794497324019
2025-03-25,-0.0017540717686931329
2025-03-26,-0.004081281976405227
2025-03-27,-0.005784834447148279
2025-03-28,-0.0009203227730110175
2025-03-31,0.004033917654560515
2025-04-01,0.003967098729425356
2025-04-02,0.006700815769770774
2025-04-03,0.02137026345830373
2025-04-04,0.019333032820246565
2025-04-07,0.017810959376221236
2025-04-08,-0.017651820140361485
2025-04-09,0.0010698896551342152
2025-04-10,0.020296764126985556
2025-04-11,0.003448302424395422
2025-04-14,-0.011901319038638114
2025-04-15,-0.0019525595932377016
2025-04-16,0.01782026811322046
2025-04-17,-0.005143637517860622
2025-04-21,0.007274508444133687
2025-04-22,-0.006853883120879645
2025-04-23,-0.013716070603599362
2025-04-24,-0.00428459985628038
2025-04-25,0.0009106278149566549
2025-04-28,-0.0005748929510687173
2025-04-29,0.002342335733155121
2025-04-30,0.005670402555300935
2025-05-01,-0.004778745645596105
2025-05-02,-0.009702779496189695
2025-05-05,0.007753131593586371
2025-05-06,0.0119359311885614
2025-05-07,-0.0009649274492822268
2025-05-08,-0.005254473640919022
2025-05-09,-0.002065538946558476
2025-05-12,-0.024147056373699183
2025-05-13,-0.002375799215951102
2025-05-14,-0.0019929372285503177
2025-05-15,0.0037848074043442814
2025-05-16,0.0004023490819342612
2025-05-19,0.007177064329314753
2025-05-20,0.0024257795674322846
2025-05-21,0.004920247108632925
2025-05-22,-1.0126398426568706e-05
2025-05-23,0.00964019074138478
2025-05-27,-0.006954125438576542
2025-05-28,0.0005712362589136433
2025-05-29,0.009402679582555029
2025-05-30,0.0
2025-06-02,0.0
2025-06-03,0.0
2025-06-04,0.0011184589454564797
2025-06-05,-0.002261259395478832
2025-06-06,0.013791244727809682
2025-06-09,-0.002725176538813212
2025-06-10,0.0035027976725996446
2025-06-11,0.006323105465189771
2025-06-12,-0.004067948175043523
2025-06-13,-0.010017158040912078
2025-06-16,0.008030055728393437
2025-06-17,-0.0034555543909430275
2025-06-18,0.0010346495802009414
2025-06-20,0.005711884417095803
2025-06-23,0.0018613701526581927
2025-06-24,0.008877713853219227
2025-06-25,0.00422267302393875
2025-06-26,0.0021377764780063924
2025-06-27,0.0007035209083796623
2025-06-30,0.0038971578118598416
2025-07-01,-0.013867123110172463
2025-07-02,-0.0008656385797666255
2025-07-03,0.003648426607424149
2025-07-07,-0.002415745336214914
2025-07-08,0.0026693526969008285
2025-07-09,0.002220812800694638
2025-07-10,0.0029401009330303207
2025-07-11,-0.0016609576931173597
2025-07-14,-0.00026833714371266026
2025-07-15,0.00880216964184699
2025-07-16,0.00012071534403368389
2025-07-17,0.0006068380581807364
2025-07-18,0.0015709401804613332
2025-07-21,0.001019656015451842
2025-07-22,-0.0003411209816277516
2025-07-23,0.0020526270982514916
2025-07-24,0.0029752354466303643
2025-07-25,-0.0010673022290416112
2025-07-28,0.003036343198000946
2025-07-29,0.002922399880141091
2025-07-30,0.0012171868274208908
2025-07-31,0.008546268553334402
2025-08-01,-0.00781688177989659
2025-08-04,0.00568665065547469
2025-08-05,0.0033237315003828982
2025-08-06,-0.0031895476635980247
2025-08-07,0.004821983897668636
2025-08-08,0.002176374743156906
2025-08-11,-7.004514966557629e-05
2025-08-12,0.003227382707560844
2025-08-13,0.00311347655713079
2025-08-14,-0.0039744431763582
2025-08-15,-2.9388769735905207e-05
2025-08-18,-0.0021383799736169884
2025-08-19,-0.0016486673176534516
2025-08-20,-0.0029329891335571068
2025-08-21,-0.0010823340782517565
2025-08-22,-0.0016708439278786402
2025-08-25,-0.0021730840334074353
2025-08-26,0.0007065521672757757
2025-08-27,-1.4016405646799512e-05
2025-08-28,0.0006314257565098735
2025-08-29,-0.0035842537745049974
2025-09-02,-0.01145984326655125
2025-09-03,0.005345090007897513
2025-09-04,0.0007248772930201763
2025-09-05,0.004927957298392238
2025-09-08,0.003966513273632621
2025-09-09,0.0027503694994182037
2025-09-10,0.010166140279411318
2025-09-11,0.004485636251548186
2025-09-12,0.0030732028786060184
2025-09-15,0.008003407925441186
2025-09-16,0.001657009594580705
2025-09-17,-0.004350730893395771
2025-09-18,0.009228879108960752
2025-09-19,0.0020916929303611553
2025-09-22,-0.00034021075884871355
2025-09-23,0.0024791839716626907
2025-09-24,0.004404973626925379
2025-09-25,-0.009909219496018418
2025-09-26,0.0035574268936311437
2025-09-29,0.005794157081009166
2025-09-30,-0.0013304185830379511
2025-10-01,-0.0043563791139705765
2025-10-02,0.011557253917065413
2025-10-03,0.0035260806278167856
2025-10-06,0.01840478772570986
2025-10-07,0.0009216742482212048
2025-10-08,0.00379540568907788
2025-10-09,-0.001688672654366008
2025-10-10,0.0013982246423100975
2025-10-13,0.018858275873062658
2025-10-14,-0.012883230184443928
2025-10-15,0.012895944309110563
2025-10-16,0.00410748741193534
2025-10-17,-0.00496775937185745
2025-10-20,0.0071301515564066165
2025-10-21,-0.000895556436172007
2025-10-22,-0.001448509459959113
2025-10-23,-0.006072215714660545
2025-10-24,0.008325220529854072
2025-10-27,0.013266805080535793
2025-10-28,0.003137869370931412
2025-10-29,0.00914750930472974
2025-10-30,-0.008930415550827742
2025-10-31,0.016046791247790182
2025-11-03,0.010011026911344922
2025-11-04,-0.019523309128898658
2025-11-05,0.0013275042650882085
2025-11-06,-0.00023718725127441775
2025-11-07,-0.008867619643257107
2025-11-10,0.018545729187766202
2025-11-11,-0.007681609852587701
2025-11-12,0.008030728518993557
2025-11-13,-0.008244976382306257
2025-11-14,-0.01778180122333617
2025-11-17,-0.006389226942421056
2025-11-18,-0.008853589534025597
2025-11-19,0.00436086655561585
2025-11-20,0.0234980803197975
2025-11-21,0.004941224069501704
2025-11-24,0.011450754375294636
2025-11-25,-0.008125166798168326
2025-11-26,0.008459602871907057
2025-11-28,0.0028355837395128702
2025-12-01,-0.009461120936354206
2025-12-02,0.004241499259574288
2025-12-03,-0.0013386798685404155
2025-12-04,0.005450192187072211
2025-12-05,0.002912481070161732
2025-12-08,-0.00040322871154707673
2025-12-09,-0.002302031107446423
2025-12-10,-0.0006067442005913692
2025-12-11,-0.007372698930188104
2025-12-12,-0.0037534343107052948
2025-12-15,0.009204904884509979
2025-12-16,-0.0037811298567766993
2025-12-17,0.000340939602094803
2025-12-18,0.017169128824715996
2025-12-19,0.0055646037785572755
2025-12-22,0.0106475700687505
2025-12-23,-0.0013725434622187116
2025-12-24,-0.0003972963236315019
2025-12-26,0.0015369771628062079
2025-12-29,-0.006801661101852208
2025-12-30,0.00020452582998276014
2025-12-31,0.001692311479996489
2026-01-02,0.010172094300373136
2026-01-05,0.010507246364571676
2026-01-06,0.0015299119589069488
2026-01-07,0.00015356853196890619
2026-01-08,2.3591768540054403e-05
2026-01-09,0.002233256584019516
2026-01-12,-0.00507588805663628
2026-01-13,0.0016043676134589457
2026-01-14,-0.005121957653095421
2026-01-15,0.009609953779466496
2026-01-16,0.0061627733131390805
2026-01-20,-0.011451551708906882
2026-01-21,0.004139762314156581
2026-01-22,0.007372909950937201
2026-01-23,-0.001275987477644125
2026-01-26,-0.0018767697386389282
2026-01-27,0.006030562672102224
2026-01-28,0.006582256279358711
2026-01-29,-0.0008230292634472391
2026-01-30,-0.0012965116452479108
2026-02-02,-0.005991376208380306
2026-02-03,0.007000282824680237
2026-02-04,-0.004383838507094007
2026-02-05,-0.008922110879380774
2026-02-06,0.004219769815468011
2026-02-09,-0.004891844143792623
2026-02-10,0.0002741860714075006
2026-02-11,0.010316605190787032
2026-02-12,0.004359555634592782
2026-02-13,-0.0016933250946263856
2026-02-17,-0.0071773584039490634
2026-02-18,0.0021474717842426827
2026-02-19,-0.005388895380179615
2026-02-20,-0.0042464571841955845
2026-02-23,-0.002287651152387382
2026-02-24,0.003035436138671077
2026-02-25,0.0055802699601046335
2026-02-26,-0.0028723493778275433
2026-02-27,-0.010755083663865017
2026-03-02,-0.01303626516137213
2026-03-03,-0.01837956051114853
2026-03-04,0.006074938742061331
2026-03-05,-0.00445758198584334
2026-03-06,-0.013539033483249918
2026-03-09,-0.00771272407326784
2026-03-10,0.0011624743601601484
2026-03-11,0.0030316282708393594
2026-03-12,-0.006391424926310285
2026-03-13,0.005259447389110994
2026-03-16,0.00959049314738225
2026-03-17,0.0037820541023163567
2026-03-18,-0.0005262116638901082
2026-03-19,-0.011235090264995806
2026-03-20,-0.0013231057665425983
2026-03-23,0.01131139521536384
2026-03-24,-0.004976841024873724
2026-03-25,0.00597033626554655
2026-03-26,-0.00845094478447872
2026-03-27,-0.0028730002784556063
2026-03-30,0.005436805159339642
2026-03-31,0.007936959524477594
2026-04-01,0.007691714072587397
2026-04-02,0.0012164898972817362
2026-04-06,0.0004892370920122069
2026-04-07,0.002673645840464589
2026-04-08,-0.004824189960328185
2026-04-09,0.0005140320432992507
2026-04-10,-0.002128191081156028
2026-04-13,0.0025668940128842355
2026-04-14,0.004948101270114469
2026-04-15,-0.001497410713544589
2026-04-16,-0.0006664614394776835
2026-04-17,0.007704352159132233
2026-04-20,-5.5269420348502685e-05
2026-04-21,0.002906695352677957
2026-04-22,0.00844842626239184
2026-04-23,0.00041616988955817114
2026-04-24,0.01623959002991593
2026-04-27,0.0014424229930867227
2026-04-28,-0.016454487583990263
2026-04-29,0.005006788082760227
2026-04-30,0.010128276310167328
2026-05-01,-0.0005371590426438422
2026-05-04,0.002906404176657329
2026-05-05,0.012162870581166718
2026-05-06,0.017574791520531763
2026-05-07,-0.0037883173079867882
2026-05-08,0.011023360182127684
2026-05-11,0.007582044425382906
2026-05-12,-0.011367528301727048
2026-05-13,0.013818089561453473
2026-05-14,-0.004481506220804565
2026-05-15,-0.021563337218168277
2026-05-18,0.011251879985235913
2026-05-19,-0.010594017503109177
2026-05-20,0.014892940460761395
2026-05-21,-0.0029019576060527186
2026-05-22,0.005761590662932026
2026-05-26,0.0214434222115647
2026-05-27,0.012060836933524222
2026-05-28,0.000758230482281741
2026-05-29,0.0085461880985509
2026-06-01,0.0014829170536823089
2026-06-02,0.0059128884045416275
2026-06-03,0.008140985660182176
2026-06-04,-0.03050544444786807
2026-06-05,-0.026068363253291316
2026-06-08,0.03516939403981745
2026-06-09,0.0
2026-06-10,0.0
2026-06-11,0.0
2026-06-12,-0.0041448492272645465
2026-06-15,0.03441997447637335
2026-06-16,0.0
2026-06-17,0.0
2026-06-18,0.0
2026-06-22,0.01293416809761383
2026-06-23,-0.05702330804319777
2026-06-24,0.00715028992492317
2026-06-25,0.050591796419104496
2026-06-26,0.0
2026-06-29,0.0
2026-06-30,0.0
2026-07-01,-0.02720024334477056
2026-07-02,0.0011069240240761946
2026-07-06,0.015571819617681504
2026-07-07,-0.029343656186374245
2026-07-08,-0.011832596396748385
2026-07-09,0.0273268898617538
2026-07-10,0.0
2026-07-13,0.0
2026-07-14,0.0
2026-07-15,0.0038945899131905826
2026-07-16,-0.014572212760524561
2026-07-17,-0.019922278494067025
2026-07-20,0.014286884271752287
2026-07-21,0.025054805584519446
2026-07-22,0.0
2026-07-23,0.0
2026-07-24,0.0
2026-07-27,0.0064271975628380495
2026-07-28,-0.017841570103907745
2026-07-29,-0.00010174397902373844
2026-07-30,0.02134689729405914
2026-07-31,0.0
2026-08-03,0.0
2026-08-04,0.0
2026-08-05,-0.0016786930868950556
2026-08-06,-0.01112328141376917
2026-08-07,0.010905438194560801
2026-08-10,-0.0028669195787460744
2026-08-11,0.005598265541939096
2026-08-12,0.014528405365459962
2026-08-13,0.0011794996161613724
2026-08-14,0.0036178700851461354
