index,return
2000-01-03,0.0
2000-01-04,0.0
2000-01-05,0.0
2000-01-06,0.0
2000-01-07,0.0
2000-01-10,0.0
2000-01-11,0.0
2000-01-12,0.0
2000-01-13,0.0
2000-01-14,0.0
2000-01-18,0.0
2000-01-19,0.0
2000-01-20,0.0
2000-01-21,0.0
2000-01-24,0.0
2000-01-25,0.0
2000-01-26,0.0
2000-01-27,0.0
2000-01-28,0.0
2000-01-31,0.0
2000-02-01,0.0
2000-02-02,0.005266250316956489
2000-02-03,0.0069857922159930474
2000-02-04,0.0009189068413428814
2000-02-07,0.0006183370267378585
2000-02-08,-0.0022399163643341824
2000-02-09,5.4518555003824076e-08
2000-02-10,0.004550039423563357
2000-02-11,-0.002067551191656136
2000-02-14,-0.017334798756995284
2000-02-15,0.012688684173086662
2000-02-16,0.010366559439340728
2000-02-17,0.004277134074365474
2000-02-18,-0.0022914166887876286
2000-02-22,-0.0140546221490635
2000-02-23,0.001587300326264085
2000-02-24,0.007280461093164492
2000-02-25,-0.0012960877137202509
2000-02-28,0.0012853322086801011
2000-02-29,0.018349040210016376
2000-03-01,0.023984800325827837
2000-03-02,0.0
2000-03-03,0.0
2000-03-06,0.0
2000-03-07,0.0
2000-03-08,0.0
2000-03-09,0.0
2000-03-10,0.0
2000-03-13,0.0
2000-03-14,0.0
2000-03-15,0.0
2000-03-16,0.0
2000-03-17,0.0
2000-03-20,0.0
2000-03-21,0.0
2000-03-22,0.0
2000-03-23,0.0
2000-03-24,0.0
2000-03-27,0.0
2000-03-28,0.0
2000-03-29,0.0
2000-03-30,0.0
2000-03-31,0.0
2000-04-03,0.0
2000-04-04,0.03465811795044216
2000-04-05,-0.005280877090910185
2000-04-06,0.03639645320491258
2000-04-07,0.029432484971578576
2000-04-10,0.013642536892518153
2000-04-11,-0.03523667730933944
2000-04-12,-0.0013177342046245544
2000-04-13,0.022337280275445348
2000-04-14,-0.03462152577012856
2000-04-17,-0.03428149708338968
2000-04-18,-0.010181230972633681
2000-04-19,0.0021602451256181876
2000-04-20,0.0065108688168527
2000-04-24,-0.03726782948630036
2000-04-25,0.036732154358386504
2000-04-26,0.0070967431177084705
2000-04-27,-0.034368328776472334
2000-04-28,0.012558938390128116
2000-05-01,0.012772305057970001
2000-05-02,-0.0018092352307167436
2000-05-03,0.005401436414871563
2000-05-04,0.016145560457199615
2000-05-05,0.010939517301831181
2000-05-08,-0.007448953723825924
2000-05-09,0.007176420888788115
2000-05-10,-0.011822078972805627
2000-05-11,0.00021151493653892572
2000-05-12,0.015445792912866851
2000-05-15,0.00043802855952357334
2000-05-16,0.0225798783481177
2000-05-17,-0.0011948447471999968
2000-05-18,0.010287524371032752
2000-05-19,-0.0019234535731026403
2000-05-22,0.0044185738535766905
2000-05-23,0.0069849236010735005
2000-05-24,0.0032498623842047714
2000-05-25,0.032288403771838725
2000-05-26,0.008010231521862643
2000-05-30,0.04944500543665642
2000-05-31,0.009768656188702929
2000-06-01,0.028457978582970833
2000-06-02,0.08995489781956789
2000-06-05,0.0
2000-06-06,0.0
2000-06-07,0.0
2000-06-08,0.0
2000-06-09,0.0
2000-06-12,0.008395879055735689
2000-06-13,-0.014139968850739093
2000-06-14,0.010275993107017545
2000-06-15,-0.002737559087492847
2000-06-16,0.0059381868436017005
2000-06-19,0.006176049648298765
2000-06-20,0.006268081457683206
2000-06-21,-0.011139972946096921
2000-06-22,0.00853405876755886
2000-06-23,-0.006372921481003768
2000-06-26,0.010152078984396296
2000-06-27,0.006368066773426273
2000-06-28,0.011068869285017158
2000-06-29,-0.03410805280300844
2000-06-30,0.01563563652188682
2000-07-03,0.0177938442816008
2000-07-05,-0.03223622609442345
2000-07-06,-0.0017962771178616777
2000-07-07,0.006228254403828348
2000-07-10,-0.0051135036501420705
2000-07-11,-0.004892430991192742
2000-07-12,0.0273921095727252
2000-07-13,0.030626928813068277
2000-07-14,0.024033194759932153
2000-07-17,0.005625741712596444
2000-07-18,-0.02773120703072751
2000-07-19,-0.013476429845574622
2000-07-20,-0.004216620288471917
2000-07-21,-0.02348498645797037
2000-07-24,0.008238760927294697
2000-07-25,0.014900280574680513
2000-07-26,-0.01557385517425569
2000-07-27,-0.03721721547304202
2000-07-28,0.011336795533144262
2000-07-31,0.020602389986333902
2000-08-01,0.0008391771416988991
2000-08-02,-0.003952828266454489
2000-08-03,-0.03140448965664877
2000-08-04,0.010866521633410287
2000-08-07,-0.004543720498354276
2000-08-08,0.004392610688376042
2000-08-09,0.018723443126259953
2000-08-10,-0.01557109387920741
2000-08-11,-0.0035677385977205267
2000-08-14,0.018401471412542447
2000-08-15,0.0072725085158165115
2000-08-16,0.007107178022194516
2000-08-17,-0.01116978017977821
2000-08-18,0.01247242939572657
2000-08-21,0.0026055764913857082
2000-08-22,0.0014820656114957753
2000-08-23,0.0025245448931279224
2000-08-24,0.0061204278988133964
2000-08-25,-0.0023287544311361152
2000-08-28,0.004482285167916933
2000-08-29,-9.549715361600875e-05
2000-08-30,-0.0023973472541134466
2000-08-31,-0.0006044231108184306
2000-09-01,0.010663589620695468
2000-09-05,0.004760797304753428
2000-09-06,-0.03905254670892655
2000-09-07,0.007820200078143102
2000-09-08,-0.007609946856049654
2000-09-11,-0.02338758920722883
2000-09-12,-0.0012196141130206284
2000-09-13,-0.010900749713681268
2000-09-14,0.012852935954693612
2000-09-15,-0.00526490833560489
2000-09-18,0.006584403371076464
2000-09-19,0.01677310564120349
2000-09-20,0.0013394538881326135
2000-09-21,-0.013155545785028977
2000-09-22,-0.01627453319798977
2000-09-25,0.013585488310811078
2000-09-26,0.003158497359981416
2000-09-27,0.014615551112001413
2000-09-28,-0.007006498828372787
2000-09-29,-0.02259283474326146
2000-10-02,0.010730609363721388
2000-10-03,0.023528019141807244
2000-10-04,0.008003007194439249
2000-10-05,-0.012832846948690357
2000-10-06,0.0074803966702403635
2000-10-09,0.01340346508580037
2000-10-10,-0.008562182100039784
2000-10-11,-0.015231846983814967
2000-10-12,0.023880508338883777
2000-10-13,-0.013490606795127813
2000-10-16,-0.004387944655759979
2000-10-17,-0.04268475332354138
2000-10-18,-0.03741133414496345
2000-10-19,0.08913876181703118
2000-10-20,0.0
2000-10-23,0.0
2000-10-24,0.0
2000-10-25,0.0
2000-10-26,0.0
2000-10-27,0.008978745566844637
2000-10-30,-0.0030853098544769697
2000-10-31,0.028769611393206995
2000-11-01,-0.019440124582038143
2000-11-02,0.01546446594802231
2000-11-03,0.00887291073740526
2000-11-06,0.02628087484859476
2000-11-07,0.008923776405553197
2000-11-08,0.0024260684476140604
2000-11-09,-0.020677305752019315
2000-11-10,-0.010808993271244849
2000-11-13,-0.020757949694782285
2000-11-14,0.027577146071337655
2000-11-15,0.016562403590178798
2000-11-16,-0.016890456068718307
2000-11-17,0.002515798888790055
2000-11-20,-0.012472136508266285
2000-11-21,0.005413941285444146
2000-11-22,0.022059850121251
2000-11-24,0.030704962258293333
2000-11-27,0.015104678744763511
2000-11-28,-0.004385656810178218
2000-11-29,-0.0011735502164822442
2000-11-30,-0.05718241545980873
2000-12-01,0.0
2000-12-04,0.006060262099703895
2000-12-05,0.008014943873371205
2000-12-06,0.003773352043866973
2000-12-07,-0.020179061482237803
2000-12-08,0.02856393367630994
2000-12-11,0.0
2000-12-12,0.0
2000-12-13,0.0
2000-12-14,0.0
2000-12-15,0.0
2000-12-18,0.0007837060135733598
2000-12-19,-0.005159105420729837
2000-12-20,-0.027000793467099493
2000-12-21,-0.0036256089744439723
2000-12-22,0.016834639397237394
2000-12-26,0.0
2000-12-27,0.0
2000-12-28,0.0
2000-12-29,0.0
2001-01-02,0.0
2001-01-03,-0.002355034606739359
2001-01-04,-0.0063541164659420835
2001-01-05,0.002888915532690328
2001-01-08,-0.006984201850747551
2001-01-09,0.017587173483235796
2001-01-10,-0.013126103882853402
2001-01-11,-0.010184630973093856
2001-01-12,0.00449624054328579
2001-01-16,0.0017737859056372596
2001-01-17,0.03672857282023845
2001-01-18,0.0
2001-01-19,0.0
2001-01-22,0.0
2001-01-23,0.0
2001-01-24,0.0
2001-01-25,-0.010455963142156244
2001-01-26,-0.03429897302219631
2001-01-29,-0.005164562032181075
2001-01-30,0.01388196599775715
2001-01-31,-0.004735374946032822
2001-02-01,0.008027851241485084
2001-02-02,0.01458641610989364
2001-02-05,-0.015785521685660164
2001-02-06,-0.0057700265054579924
2001-02-07,-0.017042862351222432
2001-02-08,0.00593862400952716
2001-02-09,-0.011921824958602278
2001-02-12,-0.0002632675305953569
2001-02-13,0.02368066731594909
2001-02-14,0.010377660638559938
2001-02-15,0.007292018542681689
2001-02-16,-0.053187338780167126
2001-02-20,0.007748539873387195
2001-02-21,-0.025844520041477637
2001-02-22,-0.001072168845674959
2001-02-23,-0.05120299788525584
2001-02-26,0.013533505469437879
2001-02-27,-0.0005631445336637952
2001-02-28,0.008065405019782812
2001-03-01,-0.009386164260586471
2001-03-02,-0.050679719877521956
2001-03-05,0.01550823566801629
2001-03-06,0.06204624595609176
2001-03-07,0.0
2001-03-08,0.0
2001-03-09,0.0
2001-03-12,0.0
2001-03-13,0.0
2001-03-14,-0.040932478349352985
2001-03-15,0.042362198784366534
2001-03-16,-0.007377290837398132
2001-03-19,9.211594906832765e-05
2001-03-20,0.0014850125380012624
2001-03-21,-0.0031985019437097417
2001-03-22,0.03200943107843268
2001-03-23,0.02516154881587207
2001-03-26,0.0007475929391027591
2001-03-27,-0.01734419026288636
2001-03-28,-0.030116858026891125
2001-03-29,-0.008320437416026505
2001-03-30,-0.017063562000744215
2001-04-02,-0.003125784064576753
2001-04-03,0.0
2001-04-04,0.0
2001-04-05,0.0
2001-04-06,0.0
2001-04-09,0.0
2001-04-10,0.0
2001-04-11,0.0
2001-04-12,0.0
2001-04-16,0.0
2001-04-17,0.0
2001-04-18,0.0
2001-04-19,0.0
2001-04-20,0.0
2001-04-23,0.0
2001-04-24,0.0
2001-04-25,0.0
2001-04-26,0.0
2001-04-27,0.0
2001-04-30,0.0
2001-05-01,0.0
2001-05-02,0.006006065366056079
2001-05-03,-0.03185489084150628
2001-05-04,-0.03950702077596413
2001-05-07,0.00036498909479054653
2001-05-08,0.01617750107373017
2001-05-09,-0.024395138456761556
2001-05-10,0.045601653641731854
2001-05-11,0.007809381155954309
2001-05-14,0.0018009759534414194
2001-05-15,0.004881801729736512
2001-05-16,-0.006602621969261424
2001-05-17,0.005886489545727125
2001-05-18,-0.007970567727908606
2001-05-21,-0.006930972445928663
2001-05-22,-0.004160577815921274
2001-05-23,-0.0026288711699478107
2001-05-24,-0.00013327681985042528
2001-05-25,0.002333466270272977
2001-05-29,-0.011375381822683162
2001-05-30,-0.01773132299324076
2001-05-31,0.00038965171771909723
2001-06-01,0.012592153770516479
2001-06-04,-0.005604351682004904
2001-06-05,0.008553615877640253
2001-06-06,0.002777284064375607
2001-06-07,-0.0019841304273710003
2001-06-08,0.006666998802292712
2001-06-11,-0.002613008134281003
2001-06-12,-0.02996748444467323
2001-06-13,0.00551146197977781
2001-06-14,-0.02577284181664874
2001-06-15,-0.01783911222050083
2001-06-18,0.002264521603218217
2001-06-19,0.03524920730401049
2001-06-20,-0.029671220455799285
2001-06-21,-0.007810407521381957
2001-06-22,-0.004050750165179973
2001-06-25,0.025071603726473324
2001-06-26,-0.015545186462274874
2001-06-27,-0.002196696182909519
2001-06-28,0.015717609368576024
2001-06-29,0.001773049566659024
2001-07-02,0.0013447773585260059
2001-07-03,-0.006960594155361988
2001-07-05,-0.017565991983121365
2001-07-06,-0.06901040197193598
2001-07-09,0.00480338914438061
2001-07-10,0.012317630699761661
2001-07-11,-0.005841140138667655
2001-07-12,0.04620236549652046
2001-07-13,-0.016492748815045477
2001-07-16,-0.004936120433456592
2001-07-17,-0.0195112860839477
2001-07-18,-0.011548042682964832
2001-07-19,0.019793601390851956
2001-07-20,0.0011699046455526663
2001-07-23,0.01451578656775765
2001-07-24,-0.010899640303163038
2001-07-25,-0.00025827035051284586
2001-07-26,-0.001045537761621529
2001-07-27,-0.006085407775650364
2001-07-30,0.018871570991462194
2001-07-31,0.01213200124523417
2001-08-01,0.0247117220641353
2001-08-02,0.017244131331171975
2001-08-03,-0.014571425687187611
2001-08-06,-0.02320152416259369
2001-08-07,-0.0008126536305451681
2001-08-08,-0.003768310503499017
2001-08-09,-0.009456705908472807
2001-08-10,-0.002225842130917144
2001-08-13,0.017230398857474682
2001-08-14,-0.008457390759688654
2001-08-15,0.012724887433551269
2001-08-16,-0.013835981078495263
2001-08-17,-0.021940416769475113
2001-08-20,-0.0065088038750927835
2001-08-21,0.00536872444809422
2001-08-22,0.016117280528520794
2001-08-23,-0.0024825477953710484
2001-08-24,0.00918118255061895
2001-08-27,-0.006081831164325258
2001-08-28,0.0003324147520802345
2001-08-29,0.0010039660257625815
2001-08-30,-0.0062494359142727385
2001-08-31,-0.0022225858373184915
2001-09-04,-0.005424880627724504
2001-09-05,-0.00029619876200659423
2001-09-06,-0.01306459878010835
2001-09-07,-0.009804675437501076
2001-09-10,-0.002819662191364203
2001-09-17,-0.05916776059282902
2001-09-18,0.006472472753574987
2001-09-19,0.0113177737693817
2001-09-20,-0.02140859049405408
2001-09-21,-0.025739545098182548
2001-09-24,0.03355307157553544
2001-09-25,0.0
2001-09-26,0.0
2001-09-27,0.0
2001-09-28,0.0
2001-10-01,0.0
2001-10-02,-0.01067033548235452
2001-10-03,-0.0016749705725626063
2001-10-04,0.025621198892500807
2001-10-05,-0.009162136238396679
2001-10-08,-0.015830308559655726
2001-10-09,-0.0014722492385583763
2001-10-10,-0.01007007694251394
2001-10-11,0.025974354980259795
2001-10-12,-0.015378634311131845
2001-10-15,-0.029332441537990972
2001-10-16,-0.0004143986142981504
2001-10-17,0.015687178180801453
2001-10-18,-0.006614416287178737
2001-10-19,-0.011167671288229153
2001-10-22,-0.0064849338460404304
2001-10-23,0.006710127833295054
2001-10-24,-0.006511152997220937
2001-10-25,-0.007877463897929982
2001-10-26,-0.002298837857415137
2001-10-29,-0.0030094951733279363
2001-10-30,-0.0063964201190109815
2001-10-31,0.03095751934792279
2001-11-01,0.013649655765431978
2001-11-02,0.002842192200679383
2001-11-05,0.005795170171987385
2001-11-06,-0.006593651705096293
2001-11-07,-0.0025697062831711026
2001-11-08,0.024734288470772636
2001-11-09,0.014740983981023748
2001-11-12,0.0019379895141682368
2001-11-13,0.02374288864228391
2001-11-14,0.0025755386723695928
2001-11-15,-0.003917320924625711
2001-11-16,-0.0028061525498943585
2001-11-19,0.004315650958304662
2001-11-20,-0.003499586766142815
2001-11-21,-0.005611242523004489
2001-11-23,0.00514540599936919
2001-11-26,0.013582419213282515
2001-11-27,-0.0007693507420902801
2001-11-28,-0.0063099978811007595
2001-11-29,0.027574181277460363
2001-11-30,-0.004911283762173202
2001-12-03,0.009427562801683331
2001-12-04,0.008558181155031708
2001-12-05,0.024605794674983805
2001-12-06,-0.008147449795060546
2001-12-07,0.02623943859662914
2001-12-10,-0.016074697246483027
2001-12-11,0.013252883481764455
2001-12-12,0.009040805587537726
2001-12-13,-0.03490599275676576
2001-12-14,0.001388534441105982
2001-12-17,0.0016732662005378707
2001-12-18,0.008682463865287815
2001-12-19,-0.02758461619756636
2001-12-20,-0.00487094740658045
2001-12-21,0.007269707574738993
2001-12-24,0.0003093778622460519
2001-12-26,0.004486680041530411
2001-12-27,0.015210369325671769
2001-12-28,0.01813148109635554
2001-12-31,0.010910818068762485
2002-01-02,0.03016164903582652
2002-01-03,0.001211216786442204
2002-01-04,0.006656319825322221
2002-01-07,0.005131753414800766
2002-01-08,0.00418906112488826
2002-01-09,0.014362504724520608
2002-01-10,-0.0003297960860167981
2002-01-11,0.004383235035567923
2002-01-14,-0.005171337940440335
2002-01-15,0.019002709679688534
2002-01-16,-0.005543167646518632
2002-01-17,0.02073114550193189
2002-01-18,-0.023180857370920238
2002-01-22,0.011733285136029448
2002-01-23,0.010681636253710103
2002-01-24,0.000450025368779583
2002-01-25,-0.007714677883568832
2002-01-28,0.008175361916280766
2002-01-29,-0.0011000636809248565
2002-01-30,-0.003379254332642967
2002-01-31,0.0032947818486188662
2002-02-01,-0.0021821665754068187
2002-02-04,-0.022640970763386226
2002-02-05,-0.015397807308830225
2002-02-06,0.021060524873577124
2002-02-07,0.0012014370889164017
2002-02-08,0.00870354735965373
2002-02-11,0.0031737121031030213
2002-02-12,-0.013773074828927312
2002-02-13,0.011066443024858374
2002-02-14,0.005562669598990766
2002-02-15,-0.01201828719503617
2002-02-19,-0.029933478330966157
2002-02-20,0.005880279517804343
2002-02-21,-0.0062385453692415105
2002-02-22,-0.01199526005239504
2002-02-25,0.005354777517284193
2002-02-26,0.003300097490899434
2002-02-27,0.015255269958051265
2002-02-28,-0.0008156282542056692
2002-03-01,0.0019722116255653788
2002-03-04,0.0027919993881890814
2002-03-05,-0.015920231803037144
2002-03-06,-0.03544460873903965
2002-03-07,0.01779065685289294
2002-03-08,0.03373655770966111
2002-03-11,-0.009979724627068753
2002-03-12,-0.02885082675858086
2002-03-13,-0.027473258300536152
2002-03-14,-0.017424368776032706
2002-03-15,-0.00272470773394462
2002-03-18,0.013837161349304239
2002-03-19,0.007869317036517387
2002-03-20,-0.012688668609969422
2002-03-21,0.011232772981308203
2002-03-22,0.0035919011632983278
2002-03-25,-0.001563603124288715
2002-03-26,-0.007463403144145508
2002-03-27,-0.025570548696816298
2002-03-28,0.00577950031933816
2002-04-01,-0.024658354011076078
2002-04-02,-0.0127637739003712
2002-04-03,-0.002285435017863602
2002-04-04,-0.014935498621387544
2002-04-05,0.0038205201900551877
2002-04-08,-0.03059950793951427
2002-04-09,0.00326436150726761
2002-04-10,0.008158090545372199
2002-04-11,-0.014784787646578978
2002-04-12,0.017817007970999166
2002-04-15,0.007470895381858966
2002-04-16,0.03227064532476431
2002-04-17,0.015422263718839702
2002-04-18,-0.005854987702674008
2002-04-19,0.0036738519706778217
2002-04-22,-0.004825164957669825
2002-04-23,0.005888981605738364
2002-04-24,0.011271176171748998
2002-04-25,-0.00020380996637581195
2002-04-26,0.004568582167009838
2002-04-29,0.03637758487067333
2002-04-30,-0.01139694102784472
2002-05-01,-0.0005203700547018464
2002-05-02,0.0049720958223120615
2002-05-03,-0.0011776245245649353
2002-05-06,-0.011747758031439903
2002-05-07,0.01355136459911499
2002-05-08,0.04622284616204375
2002-05-09,0.0
2002-05-10,0.0
2002-05-13,0.0
2002-05-14,0.0
2002-05-15,0.0
2002-05-16,-0.006908294984116159
2002-05-17,0.015563998430889292
2002-05-20,-7.758825586401397e-05
2002-05-21,0.013929082869808873
2002-05-22,-0.0027130821263469107
2002-05-23,0.0063799321140038945
2002-05-24,-0.021547025998890468
2002-05-28,0.008880798032919301
2002-05-29,-0.01140501522669668
2002-05-30,-0.014208413489357419
2002-05-31,0.0033552604732025593
2002-06-03,-0.009199936489133864
2002-06-04,-0.0021174333155794534
2002-06-05,-0.0011931573496463121
2002-06-06,-0.0048130866351421275
2002-06-07,-0.050999282142385916
2002-06-10,0.0036847946937548226
2002-06-11,0.006136142308757586
2002-06-12,-0.009713035394296243
2002-06-13,0.00019516692458276808
2002-06-14,-0.017030572541974265
2002-06-17,0.011935677196213135
2002-06-18,-0.005534308678514899
2002-06-19,-0.03886430976861288
2002-06-20,0.0006993605139982151
2002-06-21,-0.008575684807052508
2002-06-24,-0.013675363848423494
2002-06-25,0.015023064891743099
2002-06-26,-0.08251121415033957
2002-06-27,0.0
2002-06-28,-0.007576733923557177
2002-07-01,0.001743492146661696
2002-07-02,-0.00638736163814857
2002-07-03,-0.0019015814501943673
2002-07-05,0.048262856858694914
2002-07-08,0.0
2002-07-09,0.0
2002-07-10,0.0
2002-07-11,0.0
2002-07-12,0.0
2002-07-15,0.0009781478463439797
2002-07-16,-0.00822277934694704
2002-07-17,0.012458243360211174
2002-07-18,-0.015889416141041002
2002-07-19,-0.01778834356391845
2002-07-22,-0.004909934573354091
2002-07-23,0.013311155471758207
2002-07-24,-0.012934219028150062
2002-07-25,-0.02441932332005503
2002-07-26,0.01841789517773207
2002-07-29,0.024351759487512448
2002-07-30,-0.0055367420729086625
2002-07-31,-0.09804871334349508
2002-08-01,-0.0032487947059106626
2002-08-02,0.010653296337043816
2002-08-05,-0.0051758384230693455
2002-08-06,0.02902744123029244
2002-08-07,0.029301159351283967
2002-08-08,0.003572041375059287
2002-08-09,-0.016655830715765263
2002-08-12,-0.01420801267541727
2002-08-13,0.001086584467187235
2002-08-14,0.006290717447356542
2002-08-15,0.020184252543792747
2002-08-16,-0.017815279616778423
2002-08-19,0.02153842280105711
2002-08-20,-0.006853583138171415
2002-08-21,0.026157240287655092
2002-08-22,-0.008217995324558691
2002-08-23,-0.016593664459974122
2002-08-26,0.006381099869696483
2002-08-27,0.007811441396058605
2002-08-28,-0.004735729947383249
2002-08-29,-0.024419429452876007
2002-08-30,-0.00425011983812007
2002-09-03,-0.0048298636888333135
2002-09-04,0.00019588488761290712
2002-09-05,-0.006703763275227037
2002-09-06,0.01550056459591631
2002-09-09,-0.00751015187716586
2002-09-10,0.004206891280372771
2002-09-11,0.0042631349219692805
2002-09-12,-0.011407925797658036
2002-09-13,-0.007163559093960825
2002-09-16,8.693218789268542e-08
2002-09-17,0.0051279887522655
2002-09-18,-0.00454852745019374
2002-09-19,-0.007854633708212044
2002-09-20,-0.00021812584261071688
2002-09-23,0.0
2002-09-24,0.0
2002-09-25,0.0
2002-09-26,0.003982493898621264
2002-09-27,0.0
2002-09-30,-0.006278643116485627
2002-10-01,0.0
2002-10-02,0.0002564151999742137
2002-10-03,-2.4002201226558384e-08
2002-10-04,0.0
2002-10-07,0.0
2002-10-08,0.0
2002-10-09,0.0
2002-10-10,0.0002745354826798607
2002-10-11,0.019996382402911905
2002-10-14,0.0
2002-10-15,0.0
2002-10-16,0.0
2002-10-17,0.0
2002-10-18,0.0
2002-10-21,-0.0011903765027654334
2002-10-22,-0.012989899072273214
2002-10-23,0.000230579405726683
2002-10-24,0.00021248075174296055
2002-10-25,0.0010414842769412846
2002-10-28,0.013485340350355646
2002-10-29,2.6759364724071588e-08
2002-10-30,2.694161560512498e-08
2002-10-31,0.02011672522709973
2002-11-01,0.0
2002-11-04,0.0
2002-11-05,0.0
2002-11-06,0.0
2002-11-07,0.0
2002-11-08,-0.0023041593614131495
2002-11-11,0.0007021655923118431
2002-11-12,0.014955344481141886
2002-11-13,-0.007825377497382768
2002-11-14,0.002612621455858166
2002-11-15,-0.005262464717360027
2002-11-18,0.002679634990096824
2002-11-19,-0.005630909368968706
2002-11-20,0.0017855001488682465
2002-11-21,0.005655410171752306
2002-11-22,-0.00575381220314497
2002-11-25,0.000942919150154431
2002-11-26,-0.008249144852448098
2002-11-27,0.006049322525639722
2002-11-29,0.0026929373446575866
2002-12-02,0.011213468172540209
2002-12-03,-0.014886520831300376
2002-12-04,-0.026867689223528224
2002-12-05,0.03295260511132758
2002-12-06,-0.017072728598519493
2002-12-09,-0.026161103389768625
2002-12-10,0.01025395024840714
2002-12-11,-0.010896080194703117
2002-12-12,0.00822036659860892
2002-12-13,-0.020930372496829608
2002-12-16,0.003791173329758868
2002-12-17,-0.001894684620843412
2002-12-18,-0.022181941328732413
2002-12-19,-0.0023743224442192012
2002-12-20,0.01177453120977634
2002-12-23,0.006165597199860429
2002-12-24,-0.006512006319097985
2002-12-26,0.004437071090216849
2002-12-27,-0.0028894490411200957
2002-12-30,0.002441547386060172
2002-12-31,0.0008644637380115228
2003-01-02,0.00683728671780548
2003-01-03,-0.0028730984894943523
2003-01-06,0.004304812766682042
2003-01-07,0.0007571143921210055
2003-01-08,-0.006519366338915145
2003-01-09,0.010791395904740986
2003-01-10,-0.01152199190105807
2003-01-13,0.010807849748421416
2003-01-14,-0.0013502656483442843
2003-01-15,0.0001112518244084093
2003-01-16,-0.0006756213073895179
2003-01-17,-0.006000354819520548
2003-01-21,0.0018598418413646733
2003-01-22,-0.006941581033895194
2003-01-23,0.010171297863125428
2003-01-24,-0.006461173869537262
2003-01-27,-0.0134792708666579
2003-01-28,0.008550902928613269
2003-01-29,-0.0093751559566575
2003-01-30,0.0004038178346341681
2003-01-31,-0.013142991082589983
2003-02-03,0.004643396190139315
2003-02-04,0.0
2003-02-05,0.0
2003-02-06,0.0
2003-02-07,0.0
2003-02-10,0.0
2003-02-11,0.0
2003-02-12,0.0
2003-02-13,0.0
2003-02-14,0.0
2003-02-18,0.0
2003-02-19,-0.0020926439601290925
2003-02-20,0.0012980615347166768
2003-02-21,-0.0002584357123509573
2003-02-24,-0.002852201573507407
2003-02-25,-0.010752654482435564
2003-02-26,-0.00437718191011649
2003-02-27,0.0032494215404161864
2003-02-28,-0.010342127106745092
2003-03-03,0.003961934966115521
2003-03-04,0.001073353359771323
2003-03-05,-0.003249394432857877
2003-03-06,-0.0026633093299227584
2003-03-07,-0.005148227816686779
2003-03-10,-0.0034682696410565095
2003-03-11,0.0
2003-03-12,0.0
2003-03-13,0.0
2003-03-14,0.00120398593572979
2003-03-17,-0.00546332425279672
2003-03-18,-0.0011719105574827804
2003-03-19,0.0
2003-03-20,0.0
2003-03-21,0.0
2003-03-24,0.0
2003-03-25,0.0
2003-03-26,0.0
2003-03-27,0.0
2003-03-28,0.0
2003-03-31,0.0
2003-04-01,0.0
2003-04-02,0.0
2003-04-03,0.0
2003-04-04,0.0
2003-04-07,0.0
2003-04-08,0.0
2003-04-09,0.0
2003-04-10,0.0
2003-04-11,0.0
2003-04-14,0.0
2003-04-15,0.0
2003-04-16,0.0
2003-04-17,0.0
2003-04-21,0.0
2003-04-22,0.0
2003-04-23,0.0
2003-04-24,0.0
2003-04-25,0.0
2003-04-28,0.0
2003-04-29,0.0
2003-04-30,0.0
2003-05-01,0.0
2003-05-02,-0.006253316729833425
2003-05-05,0.005041252399951679
2003-05-06,-0.0064385503883445105
2003-05-07,-0.00984166866816727
2003-05-08,-0.015822402262129165
2003-05-09,0.005867924543460745
2003-05-12,0.009176791351518832
2003-05-13,-0.02109739503116337
2003-05-14,0.005638044000712883
2003-05-15,0.008741890342788938
2003-05-16,-0.007139264344675378
2003-05-19,-0.011274420055935042
2003-05-20,0.011104432708804124
2003-05-21,-0.005513885698884113
2003-05-22,0.0026999478865255
2003-05-23,-0.0017163074825743418
2003-05-27,-0.008778724503099689
2003-05-28,0.004133431905480878
2003-05-29,0.0031149680265412094
2003-05-30,0.03561197968621399
2003-06-02,0.023745233532801224
2003-06-03,-0.002932920901602465
2003-06-04,-0.0019345088109828934
2003-06-05,-0.006829683523533858
2003-06-06,0.026812210779965095
2003-06-09,-0.006089341950056393
2003-06-10,0.004214507032764825
2003-06-11,-0.0005814777573135421
2003-06-12,0.006532211994859427
2003-06-13,-0.013347827721329364
2003-06-16,0.008203329110408664
2003-06-17,0.009921776599356003
2003-06-18,-0.0044480886283878585
2003-06-19,-0.0013200743639829593
2003-06-20,0.009234144600351213
2003-06-23,7.858679546135505e-05
2003-06-24,-0.007054231338632033
2003-06-25,0.005830719103544046
2003-06-26,0.004624074111259757
2003-06-27,0.004458115111388272
2003-06-30,0.006801623440860327
2003-07-01,-0.007089190980508309
2003-07-02,0.006905277495195872
2003-07-03,-0.009883613809308689
2003-07-07,0.01226222456513626
2003-07-08,-0.011820915882345129
2003-07-09,0.0003402330330930514
2003-07-10,-0.02084865303865735
2003-07-11,0.010536688353919521
2003-07-14,0.04259973990192534
2003-07-15,0.01325636765048599
2003-07-16,0.021151802246564877
2003-07-17,-0.02225011260273735
2003-07-18,-5.483253222693385e-05
2003-07-21,0.0004689529831052308
2003-07-22,0.011883906556358514
2003-07-23,0.0015661093377836721
2003-07-24,0.01382225147122118
2003-07-25,0.004230648196471343
2003-07-28,0.004144604318157441
2003-07-29,-0.026880794722861312
2003-07-30,-0.0017129199448219223
2003-07-31,0.008577397107513596
2003-08-01,-0.0011135624483354922
2003-08-04,-0.0014114445791734154
2003-08-05,0.012694223229873902
2003-08-06,-0.0014974433598665682
2003-08-07,0.0031806043471216405
2003-08-08,-0.05084722924805063
2003-08-11,-0.003817619865019828
2003-08-12,0.003994324770605351
2003-08-13,0.004381957557250349
2003-08-14,-0.01078339196800715
2003-08-15,-0.0006652421368237293
2003-08-18,0.012939963969979207
2003-08-19,0.019665622388064463
2003-08-20,-0.025891101031733643
2003-08-21,0.01769190604972337
2003-08-22,0.04669660892749583
2003-08-25,0.004018717278928108
2003-08-26,-0.009020836712266389
2003-08-27,0.0038038314640480575
2003-08-28,0.009183074429139904
2003-08-29,-0.003561230117462899
2003-09-02,0.009217929945653625
2003-09-03,0.018532264084265115
2003-09-04,-0.0043137658612315555
2003-09-05,-0.003045450585789311
2003-09-08,0.007938697097973568
2003-09-09,-0.009749676932283236
2003-09-10,-0.0241641139545955
2003-09-11,0.012933582727125081
2003-09-12,-0.003921230804824094
2003-09-15,0.0054477444306857414
2003-09-16,0.008561812342134045
2003-09-17,-0.002530481816792496
2003-09-18,-0.0071385977893100305
2003-09-19,-0.0007703556054500238
2003-09-22,-0.026204345382694894
2003-09-23,0.005764503627345263
2003-09-24,0.0072448208937443415
2003-09-25,0.009488187658849512
2003-09-26,-0.006962390383615347
2003-09-29,-0.0069982363570240125
2003-09-30,-0.02354771290146651
2003-10-01,0.005975374827007274
2003-10-02,0.003607664868106708
2003-10-03,0.03601830823387164
2003-10-06,0.011170965550211465
2003-10-07,0.0023713200631363396
2003-10-08,0.002394697813779212
2003-10-09,0.021190793494414883
2003-10-10,0.010227528015874343
2003-10-13,0.0029787676131098895
2003-10-14,-0.012171828246373861
2003-10-15,0.027321614653275095
2003-10-16,-0.01373657572757181
2003-10-17,0.010621322387527554
2003-10-20,0.003940118806461834
2003-10-21,0.006357068071426442
2003-10-22,-0.01658705445054698
2003-10-23,-0.018146092809203873
2003-10-24,0.0031398132762621156
2003-10-27,0.028029580086366357
2003-10-28,0.01929572580227279
2003-10-29,-0.07156853251063544
2003-10-30,0.0174900118670116
2003-10-31,0.0005122786304507798
2003-11-03,0.016671332327452548
2003-11-04,-0.0025592439472071904
2003-11-05,-0.0008535820556930807
2003-11-06,0.005678288660277753
2003-11-07,0.005002060084758897
2003-11-10,-0.010953172656258392
2003-11-11,-0.0065345873810379596
2003-11-12,0.005163287367317082
2003-11-13,-0.007414708304516848
2003-11-14,0.001398350907929169
2003-11-17,-0.016350181036263733
2003-11-18,0.016839370986179603
2003-11-19,0.0058471600640328525
2003-11-20,-0.005612268884346849
2003-11-21,0.010724174521306251
2003-11-24,0.011370113817843919
2003-11-25,0.00620854546284777
2003-11-26,0.011013137012755081
2003-11-28,-0.0016493540874373824
2003-12-01,0.008736543392878993
2003-12-02,0.0010997857785983722
2003-12-03,0.005122832882037187
2003-12-04,0.0004810249496951524
2003-12-05,-0.022647810633264376
2003-12-08,-0.004072059423835039
2003-12-09,0.014518345071333538
2003-12-10,0.0002108942108378642
2003-12-11,0.0018498788449166081
2003-12-12,0.006384333194267455
2003-12-15,0.03007658172720129
2003-12-16,0.0015751635076615145
2003-12-17,0.00017432224883839886
2003-12-18,0.007262901901578633
2003-12-19,0.0041756981869327525
2003-12-22,-0.005976874823333311
2003-12-23,0.0009045405205032608
2003-12-24,0.0012131283569956075
2003-12-26,0.002510438483947164
2003-12-29,0.010286987569780859
2003-12-30,0.0026532850576881373
2003-12-31,0.005844317011156619
2004-01-02,0.010222785004531998
2004-01-05,0.015231143786434531
2004-01-06,0.0021629518489234556
2004-01-07,0.007150188770810528
2004-01-08,0.012551457433176205
2004-01-09,-0.011947084661521057
2004-01-12,0.0066497181475380085
2004-01-13,0.004860705200034676
2004-01-14,0.007032012167932589
2004-01-15,-0.01238852086067399
2004-01-16,0.009595409423920565
2004-01-20,0.012743641047685328
2004-01-21,-0.018327197213954594
2004-01-22,0.0027423649699791497
2004-01-23,0.0028459501642761342
2004-01-26,-0.0036495260861216794
2004-01-27,-0.0035982972695063342
2004-01-28,0.0141544643893452
2004-01-29,0.015522326607632309
2004-01-30,-0.00650916169665583
2004-02-02,-0.005266230699317087
2004-02-03,0.04349764195222794
2004-02-04,-0.026839786303212154
2004-02-05,0.0052011489383896325
2004-02-06,-0.0004947788962502697
2004-02-09,0.012035403704445669
2004-02-10,0.011000135323339544
2004-02-11,0.020153597250638366
2004-02-12,0.0307747967980867
2004-02-13,0.019492091655558763
2004-02-17,0.03037785327906306
2004-02-18,-0.004145114913474135
2004-02-19,0.015000574981670844
2004-02-20,-0.015325385191941487
2004-02-23,-0.013903611904580448
2004-02-24,-0.05228782162884105
2004-02-25,0.009751065255936275
2004-02-26,0.0008476496437352932
2004-02-27,0.015809689444723496
2004-03-01,-0.0032043447011738113
2004-03-02,-0.0009064861674433766
2004-03-03,-0.006515299377414352
2004-03-04,-0.004858424786170934
2004-03-05,-0.014278987799665854
2004-03-08,0.029466576663743194
2004-03-09,-0.0015105415107103948
2004-03-10,-0.0021580886492477136
2004-03-11,-0.021074220287088052
2004-03-12,0.019976829440847554
2004-03-15,-0.0018716462047244642
2004-03-16,0.01668153614836876
2004-03-17,0.012462478504667418
2004-03-18,0.0028877604861614614
2004-03-19,0.005270324678050331
2004-03-22,-0.01249052659662131
2004-03-23,0.020962446522138745
2004-03-24,-0.0018853169852086626
2004-03-25,0.007189923724070679
2004-03-26,-0.003767790507243518
2004-03-29,0.01647121612600344
2004-03-30,0.009082891527420589
2004-03-31,0.004316697287872984
2004-04-01,0.006634957862174273
2004-04-02,0.02941911161230859
2004-04-05,-0.02880606722867607
2004-04-06,0.002751518531066255
2004-04-07,0.0055876419038203284
2004-04-08,0.02896174338181723
2004-04-12,0.005304396229054875
2004-04-13,0.008277835610696949
2004-04-14,-0.014200582105946213
2004-04-15,0.0038900122043563634
2004-04-16,0.001533047450553493
2004-04-19,0.010686021644676025
2004-04-20,-0.031120543639091225
2004-04-21,0.00793146496269359
2004-04-22,-0.007431524971406089
2004-04-23,0.005470035991462341
2004-04-26,-0.0022836684029281518
2004-04-27,0.0075161812325454935
2004-04-28,-0.044391844974634775
2004-04-29,-0.003131832043931082
2004-04-30,0.0023504473262587755
2004-05-03,-0.014907871511180115
2004-05-04,0.0037938991227068897
2004-05-05,0.0065635843805069705
2004-05-06,0.004861219169707942
2004-05-07,0.0009654968467591729
2004-05-10,-0.00022359499214719136
2004-05-11,0.007167819616170856
2004-05-12,-0.007536244760787514
2004-05-13,-0.004859307733028673
2004-05-14,0.0029537448707444014
2004-05-17,-0.010555790438580459
2004-05-18,0.008998572441539121
2004-05-19,0.025171588840307013
2004-05-20,0.002867244679647829
2004-05-21,0.02611096133864632
2004-05-24,0.011051066698573253
2004-05-25,-0.00025038086121109693
2004-05-26,0.0007133530815934819
2004-05-27,0.005124666178610848
2004-05-28,0.001018182508639942
2004-06-01,-0.007656754020928691
2004-06-02,-0.0002556253297800737
2004-06-03,-0.007508817420656788
2004-06-04,0.018915450326300265
2004-06-07,0.006881681005681761
2004-06-08,-0.0033029015480574575
2004-06-09,-0.00133997841107647
2004-06-10,0.012114218904638152
2004-06-14,-0.0021892884566077075
2004-06-15,0.015505446914008791
2004-06-16,-0.004287197787955721
2004-06-17,-0.00471049211640584
2004-06-18,-0.019643852729940514
2004-06-21,0.004015789013234183
2004-06-22,0.007198877508999724
2004-06-23,0.006840883428342881
2004-06-24,-0.006186822283060556
2004-06-25,0.0031808961577997064
2004-06-28,0.006805261052034828
2004-06-29,0.019258690844368376
2004-06-30,0.000541760194333607
2004-07-01,-0.0037135609207262776
2004-07-02,-0.0008487617328762909
2004-07-06,-0.02505116554871112
2004-07-07,0.0014938340586587717
2004-07-08,-0.007655994813877687
2004-07-09,0.014315360185909398
2004-07-12,-0.017853796082989093
2004-07-13,0.005883911516804785
2004-07-14,-0.042900273365928165
2004-07-15,0.0022280430236987225
2004-07-16,0.012502855613397257
2004-07-19,0.002138955821919364
2004-07-20,0.003388021308036171
2004-07-21,0.014176961398634225
2004-07-22,0.0006083338266300586
2004-07-23,-0.009731470194339065
2004-07-26,0.0033908590275322226
2004-07-27,0.0001326428490748821
2004-07-28,-0.006982772839323692
2004-07-29,0.005001511483618604
2004-07-30,0.001545751273920537
2004-08-02,-0.008724173436143734
2004-08-03,-0.0036664196668068083
2004-08-04,0.0014366141201243021
2004-08-05,0.00028104163987863195
2004-08-06,-0.007337680322556661
2004-08-09,0.01450466772369885
2004-08-10,0.0008952219474915868
2004-08-11,-0.009259092415375259
2004-08-12,-0.0039643966691680355
2004-08-13,0.0021406185872752115
2004-08-16,0.0
2004-08-17,0.00326207844396742
2004-08-18,-0.0029289796164607695
2004-08-19,0.0
2004-08-20,0.0
2004-08-23,0.006679458564379015
2004-08-24,0.005325713004987742
2004-08-25,-0.0013128774393648124
2004-08-26,-0.017257434150126705
2004-08-27,0.00040883965583882187
2004-08-30,-0.003816320210629609
2004-08-31,0.002062322601254385
2004-09-01,-0.004135123905502303
2004-09-02,0.002842162777117574
2004-09-03,-0.023286665968608178
2004-09-07,0.00805707296323166
2004-09-08,-0.002424734319893207
2004-09-09,0.01022757448643441
2004-09-10,0.0003932855554451553
2004-09-13,0.0015242776737569574
2004-09-14,-0.0037184490651784863
2004-09-15,-0.006181712373694581
2004-09-16,0.005791142788716064
2004-09-17,-0.001010741616649713
2004-09-20,-0.00714757966766566
2004-09-21,0.004977715222334034
2004-09-22,-0.007950686434461396
2004-09-23,0.0015277640357314048
2004-09-24,0.0027707967516878984
2004-09-27,-0.008747343427036203
2004-09-28,0.0
2004-09-29,0.00080255870856627
2004-09-30,-0.00651034031057296
2004-10-01,0.00677352139287235
2004-10-04,0.002946988703728115
2004-10-05,-0.012088710046479934
2004-10-06,-0.00026993885486015223
2004-10-07,-0.0010931804036404813
2004-10-08,-0.009165141050084924
2004-10-11,-0.007033394337266463
2004-10-12,-0.013274886809615971
2004-10-13,0.022566706961024696
2004-10-14,-0.007321469032540051
2004-10-15,-0.006002697601819151
2004-10-18,-0.0031939948622715653
2004-10-19,0.01421404660605008
2004-10-20,-0.0016187906760911641
2004-10-21,0.009089480724059351
2004-10-22,0.00018088993211917703
2004-10-25,-0.008500146252360063
2004-10-26,0.009686698107129965
2004-10-27,-0.00041875126720736233
2004-10-28,-0.0010942944954798195
2004-10-29,-0.005149432208185534
2004-11-01,0.0017723952896042672
2004-11-02,-0.0006701158643660499
2004-11-03,0.01854396359329491
2004-11-04,0.01112206756283074
2004-11-05,-0.0014154751603652205
2004-11-08,0.026760832232278764
2004-11-09,0.010148506950366842
2004-11-10,0.011911505310045811
2004-11-11,0.01825252856077153
2004-11-12,0.0013547117170269463
2004-11-15,0.014548583945183768
2004-11-16,-0.010071439183206965
2004-11-17,0.01280578073321581
2004-11-18,-0.0024473070020564203
2004-11-19,-0.018995274440525733
2004-11-22,-0.036940622667802625
2004-11-23,0.006891817111919218
2004-11-24,0.008139973279313706
2004-11-26,-0.019241308405843704
2004-11-29,0.00905658536709808
2004-11-30,0.011612351406726118
2004-12-01,0.026767745657734654
2004-12-02,-0.0075932661274177304
2004-12-03,0.007643464322061311
2004-12-06,-0.004693100507891401
2004-12-07,-0.0071327934645915025
2004-12-08,-0.005618847125702597
2004-12-09,-0.006946334800406073
2004-12-10,-0.004072035176216793
2004-12-13,0.013012182520214965
2004-12-14,0.005769079218256534
2004-12-15,0.0001976085166588426
2004-12-16,-0.011082766796576715
2004-12-17,-0.004684812452263598
2004-12-20,0.00814788253191323
2004-12-21,0.004953348130003032
2004-12-22,0.0013111437403487969
2004-12-23,0.004115211054406487
2004-12-27,0.006544311181733153
2004-12-28,0.0022165209647591055
2004-12-29,-0.003082606722631054
2004-12-30,0.0010007448357174376
2004-12-31,0.00625839674315154
2005-01-03,0.017303308404827744
2005-01-04,-0.003952094784321458
2005-01-05,-0.003598846337638184
2005-01-06,0.008338162089492007
2005-01-07,0.011188109755245979
2005-01-10,0.0051503511734471985
2005-01-11,0.002984623377589868
2005-01-12,0.008484091443255126
2005-01-13,-0.0021892254902465824
2005-01-14,0.004174426264386133
2005-01-18,-0.007816554382289786
2005-01-19,0.0038991980613070076
2005-01-20,-0.017799514963345087
2005-01-21,0.004028277426627147
2005-01-24,-0.012275669542711198
2005-01-25,0.008729285019132949
2005-01-26,0.009901337239520025
2005-01-27,0.0006793904427362385
2005-01-28,0.007887767946987312
2005-01-31,0.019551683064879866
2005-02-01,-0.006608795765297382
2005-02-02,0.015170202821943812
2005-02-03,-0.00596014723377436
2005-02-04,0.0024370175745285216
2005-02-07,0.006507274995283252
2005-02-08,0.0017057542375378265
2005-02-09,-0.0002952428368885318
2005-02-10,0.0030752593166523123
2005-02-11,0.005870780832348821
2005-02-14,0.007238391383892706
2005-02-15,0.012222686798920135
2005-02-16,-0.0012111364887377185
2005-02-17,0.010221304129364173
2005-02-18,0.031303443863378355
2005-02-22,-0.0022383935952571266
2005-02-23,0.007476532088349197
2005-02-24,-0.006542960058061431
2005-02-25,0.003837956342493287
2005-02-28,-0.0002313591865772402
2005-03-01,0.0048166092343369105
2005-03-02,-0.008630641520239513
2005-03-03,0.0014271562909575763
2005-03-04,0.01246273415524124
2005-03-07,0.001373034487700986
2005-03-08,-0.01745147389044366
2005-03-09,-0.009082614272715839
2005-03-10,0.004938544662372424
2005-03-11,0.006282205936336327
2005-03-14,0.008703736813819418
2005-03-15,0.0033061697592677852
2005-03-16,-0.001223944881243888
2005-03-17,0.005212070042931671
2005-03-18,0.008791493763085967
2005-03-21,0.0022901710247380525
2005-03-22,0.00457282569670614
2005-03-23,-0.00443167137500855
2005-03-24,0.0049340622432201275
2005-03-28,0.0022235658796101454
2005-03-29,-0.0019980227395962613
2005-03-30,0.0026915631290296282
2005-03-31,-0.00464691161816011
2005-04-01,0.011221187142726574
2005-04-04,-0.0023124672833879645
2005-04-05,0.0011870982161179544
2005-04-06,0.011227754271949886
2005-04-07,-2.9067725765274943e-05
2005-04-08,0.0021077340604951367
2005-04-11,0.0024153240179898283
2005-04-12,-0.0003561836259209361
2005-04-13,-0.0014704600100068355
2005-04-14,-0.0030851881130112835
2005-04-15,-0.014583595444804365
2005-04-18,-0.0009111627373291631
2005-04-19,0.008994138023959097
2005-04-20,0.00674059516478831
2005-04-21,0.0172200941896703
2005-04-22,0.000667176350316323
2005-04-25,0.006274425476882062
2005-04-26,-0.003877441675700366
2005-04-27,-0.004456601711414376
2005-04-28,-0.006309815446080114
2005-04-29,0.0054276317382377925
2005-05-02,0.0033213181757454358
2005-05-03,-0.00277512691422388
2005-05-04,0.0028377872051961184
2005-05-05,-0.0004883829558247621
2005-05-06,0.007653242118069281
2005-05-09,0.004222845558739863
2005-05-10,0.0004126044806116447
2005-05-11,0.0035102555995438767
2005-05-12,0.0009333959256923041
2005-05-13,0.007094416200669862
2005-05-16,0.007381545792586985
2005-05-17,-0.005870742085315572
2005-05-18,0.002307460365741809
2005-05-19,-4.872294816160583e-06
2005-05-20,0.0030864906665117875
2005-05-23,0.0015310044080665275
2005-05-24,-0.0031173680866503073
2005-05-25,-0.0025810788704355714
2005-05-26,0.006090213538967104
2005-05-27,0.0018641929353415687
2005-05-31,0.0010206408255792887
2005-06-01,-0.003433254283587206
2005-06-02,-0.002701460908895892
2005-06-03,0.0005353833347836456
2005-06-06,-0.006238902421808135
2005-06-07,0.002296584929912804
2005-06-08,0.006365509613549536
2005-06-09,-0.0014174704898107793
2005-06-10,-0.0013526468870599384
2005-06-13,-0.0012111672047775413
2005-06-14,-0.0005645812741998935
2005-06-15,-0.0055434426542620985
2005-06-16,0.0028860693870940146
2005-06-17,0.012949059561740306
2005-06-20,-0.007346493902738449
2005-06-21,0.00021234219508281527
2005-06-22,0.004441639816467946
2005-06-23,-0.0011623945594702034
2005-06-24,-0.0009743528470389506
2005-06-27,-0.0032570307174909496
2005-06-28,0.005367428751499315
2005-06-29,-6.409506529914122e-05
2005-06-30,0.004734142126896046
2005-07-01,-0.0011227835107620043
2005-07-05,0.0021387061457887047
2005-07-06,0.0030415648908079795
2005-07-07,-0.010362769092806312
2005-07-08,0.0021808814412884736
2005-07-11,-0.004138914957411921
2005-07-12,-0.0004783395151397585
2005-07-13,0.004170007895757388
2005-07-14,0.014551918627852434
2005-07-15,0.00027811937492394634
2005-07-18,-0.00179463732875762
2005-07-19,0.008321939543523005
2005-07-20,-0.0030368556385531598
2005-07-21,-0.00349220305063791
2005-07-22,-0.015283561932191492
2005-07-25,-0.004107575566466681
2005-07-26,-0.0005689470610334979
2005-07-27,0.004254862343180843
2005-07-28,0.0008027689835450325
2005-07-29,-0.0024466697346440247
2005-08-01,0.008189363759094848
2005-08-02,-0.0015042834015475126
2005-08-03,-0.0030973047842879353
2005-08-04,-0.007356929725805372
2005-08-05,-0.0007474895358442479
2005-08-08,0.00393147008458361
2005-08-09,0.003964335455713286
2005-08-10,0.00017791076954942753
2005-08-11,-0.0007562624557777564
2005-08-12,-0.006054434031373512
2005-08-15,-0.001625993160938255
2005-08-16,-0.0003968376548744157
2005-08-17,-0.000960483795696021
2005-08-18,-0.01592806843864436
2005-08-19,0.0072335069682181174
2005-08-22,0.010156136911096736
2005-08-23,0.005132921805767188
2005-08-24,-0.006976359108303187
2005-08-25,0.0017521462766003637
2005-08-26,-0.01059512946772423
2005-08-29,-0.0049137665054688195
2005-08-30,-0.005394668968139671
2005-08-31,0.002369514770099057
2005-09-01,-0.0009160692769258905
2005-09-02,0.0003384823221839195
2005-09-06,0.0022088614625566105
2005-09-07,-0.0005967658024133016
2005-09-08,1.382939900351765e-05
2005-09-09,0.003528346804440252
2005-09-12,0.003540944970506388
2005-09-13,-0.004698873170219553
2005-09-14,-0.00451686993000866
2005-09-15,-0.002732362373827457
2005-09-16,0.00026382867663543585
2005-09-19,-0.002303614004239396
2005-09-20,0.005170822539412034
2005-09-21,0.0020847762681619475
2005-09-22,-0.002069054939695336
2005-09-23,0.0007335173935965056
2005-09-26,0.012046424664349464
2005-09-27,0.0018191023388423044
2005-09-28,0.005428925346888658
2005-09-29,0.0006776952657832069
2005-09-30,0.007356266740680573
2005-10-03,-0.007219624278420711
2005-10-04,0.0003893282820710553
2005-10-05,0.003119838091653948
2005-10-06,0.0037700399646818372
2005-10-07,0.005688628494648684
2005-10-10,0.007903929471175353
2005-10-11,0.00534201087164754
2005-10-12,-0.01525931634527844
2005-10-13,0.0014212073365607036
2005-10-14,0.0038031200567825163
2005-10-17,0.00547111652512311
2005-10-18,0.0020392130818107645
2005-10-19,-0.01987159549666806
2005-10-20,0.003125768186559519
2005-10-21,0.014971669886215455
2005-10-24,0.0052098606180117635
2005-10-25,-0.0017838386758882718
2005-10-26,0.007741790074332622
2005-10-27,-0.0025903837161406207
2005-10-28,0.008460020757760311
2005-10-31,0.010380739484244339
2005-11-01,-0.004162842031146141
2005-11-02,0.00394615197390924
2005-11-03,0.011745516639659614
2005-11-04,0.001811508637676873
2005-11-07,0.007591654178181528
2005-11-08,-0.0020788719639995845
2005-11-09,0.0012453711124968958
2005-11-10,0.014602656783500256
2005-11-11,0.002081189234209191
2005-11-14,-0.006983911690727873
2005-11-15,0.013863836266830853
2005-11-16,-0.0036568345672076674
2005-11-17,0.0073919596513349894
2005-11-18,0.00670655790166963
2005-11-21,0.012071779103203895
2005-11-22,0.007886804536967329
2005-11-23,0.0041018722188996826
2005-11-25,0.008601035057013373
2005-11-28,0.0031145630237787714
2005-11-29,-0.02008271793435501
2005-11-30,-0.003430468418011423
2005-12-01,0.011684324033093274
2005-12-02,0.004758859841248908
2005-12-05,-0.006425429870012822
2005-12-06,0.002614917794822258
2005-12-07,0.004572423953864702
2005-12-08,0.002214490743355668
2005-12-09,0.006551886779375682
2005-12-12,0.00682557835549491
2005-12-13,-0.0026204770315542136
2005-12-14,-0.009087566355872267
2005-12-15,0.005359151781183735
2005-12-16,0.007032356135275197
2005-12-19,-0.004990994144471905
2005-12-20,-0.0026682635775728825
2005-12-21,0.006626099099278138
2005-12-22,-0.009872925641046804
2005-12-23,-0.0016349043701204824
2005-12-27,0.005904524644921416
2005-12-28,0.001364439894195879
2005-12-29,-0.003216157858942692
2005-12-30,-0.005696908740719819
2006-01-03,0.011103885378328737
2006-01-04,0.0032962206832438667
2006-01-05,0.0014598746808482943
2006-01-06,0.008125616423790172
2006-01-09,0.0047862680220107645
2006-01-10,0.005234035835091744
2006-01-11,0.01604464262374261
2006-01-12,0.004264567084551585
2006-01-13,-0.007752544137880069
2006-01-17,-0.017068746992358164
2006-01-18,-0.01677983882935885
2006-01-19,0.042998615301147236
2006-01-20,-0.004513743229966116
2006-01-23,0.004595167208926165
2006-01-24,0.008057121427874625
2006-01-25,0.01410752087568068
2006-01-26,0.010487710551825735
2006-01-27,0.02235353985036559
2006-01-30,-0.010621728992596946
2006-01-31,0.0013880238441050796
2006-02-01,-0.00947872997293664
2006-02-02,-0.001576461516891059
2006-02-03,0.0014139611070824731
2006-02-06,0.008871782496683078
2006-02-07,0.0025843295047160986
2006-02-08,0.010786348805280399
2006-02-09,0.0041004073596992985
2006-02-10,-0.0006198807476457402
2006-02-13,-0.007231427556687153
2006-02-14,0.006285954310303765
2006-02-15,-0.003929227776450439
2006-02-16,0.007524166599389037
2006-02-17,-0.014302030336580951
2006-02-21,0.0042210831081335165
2006-02-22,-0.002823056748927466
2006-02-23,0.0004492281555488198
2006-02-24,0.006185415146567452
2006-02-27,0.006462700947987621
2006-02-28,0.004271985366644859
2006-03-01,0.005309953368403564
2006-03-02,0.0037898383591539186
2006-03-03,0.0007133430326971002
2006-03-06,0.004028061174923048
2006-03-07,-0.0015061707187713491
2006-03-08,-0.004457646389516956
2006-03-09,0.004867877731782322
2006-03-10,0.0009680223232648721
2006-03-13,0.00262253257514633
2006-03-14,-0.0009625948017711883
2006-03-15,0.005349177900154434
2006-03-16,0.009893958026468974
2006-03-17,-0.0010585591265750427
2006-03-20,0.004264405538046745
2006-03-21,-0.017087266145353164
2006-03-22,-0.005959246617156966
2006-03-23,0.009784604224909899
2006-03-24,0.00011730543157173479
2006-03-27,-0.0012464909643045141
2006-03-28,0.00020867866489027165
2006-03-29,0.005958059784929581
2006-03-30,0.003791484173602422
2006-03-31,0.003361689486099273
2006-04-03,-0.0015824391867035326
2006-04-04,-0.0038749162434492668
2006-04-05,-0.008174438338185097
2006-04-06,-0.0017258384791194459
2006-04-07,0.003123719775909528
2006-04-10,-0.00026142376928062205
2006-04-11,0.0017286413411916612
2006-04-12,-0.0005248188258373254
2006-04-13,-0.012207202729425992
2006-04-17,0.0018574929181809363
2006-04-18,-0.004830161764722396
2006-04-19,0.0006567138504802728
2006-04-20,-0.002118523162831676
2006-04-21,0.005299496679160409
2006-04-24,0.005447890429352675
2006-04-25,-0.004787727107652517
2006-04-26,0.004804077597582168
2006-04-27,-0.011031837026786673
2006-04-28,0.05908061860977831
2006-05-01,0.0
2006-05-02,0.0
2006-05-03,0.0
2006-05-04,0.0
2006-05-05,0.0
2006-05-08,-0.0025758872836414426
2006-05-09,-0.0037543371145185578
2006-05-10,-0.0073762052974765124
2006-05-11,0.006128829412164194
2006-05-12,-0.008635416270383445
2006-05-15,-0.0031618667661208466
2006-05-16,0.0012002038331562215
2006-05-17,-0.0012234029773317001
2006-05-18,0.004725495418504533
2006-05-19,0.04117856869627645
2006-05-22,-0.010565467664241157
2006-05-23,0.015367920570084737
2006-05-24,0.004320583467430028
2006-05-25,0.015154506578432647
2006-05-26,0.003622019823625422
2006-05-30,-0.0033980037704601784
2006-05-31,0.012129039115206242
2006-06-01,0.002075916156714541
2006-06-02,0.00675679480295055
2006-06-05,-0.0005498922907396508
2006-06-06,0.004692582909540555
2006-06-07,0.0063551157837895556
2006-06-08,-0.009001666928002305
2006-06-09,0.01213915502828189
2006-06-12,-0.005153000673774111
2006-06-13,-0.0039019966515654314
2006-06-14,0.013443592149124717
2006-06-15,0.017172395022694742
2006-06-16,-0.0016257614018416744
2006-06-19,0.00825824398725472
2006-06-20,-0.010080122593771002
2006-06-21,-0.0024194692305320453
2006-06-22,0.007296762409285673
2006-06-23,0.002688182585698362
2006-06-26,0.002440977146156209
2006-06-27,0.002987184850501423
2006-06-28,0.0037361987455473145
2006-06-29,-0.012623796668552179
2006-06-30,0.0032508034996954205
2006-07-03,0.00849105111429993
2006-07-05,-0.009176734515339846
2006-07-06,0.0032596379744269655
2006-07-07,-0.015197877860208098
2006-07-10,0.0034317898766103028
2006-07-11,-0.004824723860301083
2006-07-12,-0.0014946100897714754
2006-07-13,-0.009425268931707698
2006-07-14,0.007302678968141851
2006-07-17,-0.006292533742931261
2006-07-18,0.00854040099992659
2006-07-19,0.004601811713319304
2006-07-20,0.01902076575863698
2006-07-21,-0.05222861160298109
2006-07-24,0.0023473433005860578
2006-07-25,0.007905452131603319
2006-07-26,0.0006115370086561267
2006-07-27,0.01084585966573881
2006-07-28,0.007063943092668223
2006-07-31,-0.004812207565215942
2006-08-01,-0.0013062163244028646
2006-08-02,0.011681529043312988
2006-08-03,-0.003546188885121704
2006-08-04,0.020000115743111113
2006-08-07,-0.011894552233578937
2006-08-08,0.003229911098999283
2006-08-09,0.02128216219470036
2006-08-10,-0.004614258426180573
2006-08-11,-0.028323895215599304
2006-08-14,0.009199452698691601
2006-08-15,0.021709498622357826
2006-08-16,0.008507176960851792
2006-08-17,-0.0014183106781192611
2006-08-18,-0.010210394386582222
2006-08-21,-0.010630153167822565
2006-08-22,0.006109476622918386
2006-08-23,0.009276489788412334
2006-08-24,0.008882502483471777
2006-08-25,-0.002691983014629362
2006-08-28,0.0071924480220626474
2006-08-29,0.00453242583195701
2006-08-30,0.003206518183988649
2006-08-31,0.0006467963281506783
2006-09-01,0.00047260223310918725
2006-09-05,0.003187169070363538
2006-09-06,-0.007897033576621859
2006-09-07,-0.004532609511876617
2006-09-08,0.015346835463232233
2006-09-11,-0.007131753481155911
2006-09-12,0.0012499291703775839
2006-09-13,0.0018202504264330788
2006-09-14,0.01541690623936387
2006-09-15,0.0026701140559259873
2006-09-18,0.004951241109041549
2006-09-19,-0.005979047049654018
2006-09-20,0.01360860634817862
2006-09-21,0.0040569039866371615
2006-09-22,-0.0019981177918764192
2006-09-25,0.014839578710305279
2006-09-26,-0.002359932245812768
2006-09-27,-0.004471512470584971
2006-09-28,-0.012476891357667497
2006-09-29,0.004532877732848828
2006-10-02,-0.0035752893277455344
2006-10-03,-0.005230384767099028
2006-10-04,-0.002468605687856784
2006-10-05,-0.004694088188157641
2006-10-06,-0.032901401631726945
2006-10-09,-0.00513389665154973
2006-10-10,0.003208728159976637
2006-10-11,-0.000661158076019408
2006-10-12,0.009024641859077365
2006-10-13,-0.0003031938958903968
2006-10-16,0.0036261637242198663
2006-10-17,-0.0061929672632199395
2006-10-18,0.007681641446707355
2006-10-19,0.026975260216298036
2006-10-20,6.910435421048078e-05
2006-10-23,2.4780224772369408e-05
2006-10-24,-0.004077557262088027
2006-10-25,0.005530167198045222
2006-10-26,-0.00021078479948555273
2006-10-27,-0.006164171237509786
2006-10-30,-0.0007346860106193231
2006-10-31,0.004224077480676991
2006-11-01,-9.267186262573723e-05
2006-11-02,-0.0006141208128505049
2006-11-03,0.006285298803321959
2006-11-06,0.004194402658175056
2006-11-07,0.0064479144182016945
2006-11-08,-0.007265733053443135
2006-11-09,0.008875198406075091
2006-11-10,-0.0018620357143971367
2006-11-13,0.0006852422723011564
2006-11-14,0.012553356445822894
2006-11-15,0.001768542321814115
2006-11-16,0.00939316531899359
2006-11-17,-0.00255183617954724
2006-11-20,-0.00397168273576054
2006-11-21,0.003038821339554021
2006-11-22,0.0026683083150724762
2006-11-24,-0.007461630720970391
2006-11-27,0.0012603538810636028
2006-11-28,0.002306174977779074
2006-11-29,0.008640040791470405
2006-11-30,0.0023205148965328437
2006-12-01,-0.0014689173143870304
2006-12-04,0.008762897265108816
2006-12-05,-0.002265957912761518
2006-12-06,-0.0012079151262343046
2006-12-07,0.003082156241866585
2006-12-08,-0.0027815030417507325
2006-12-11,0.0014780885665557353
2006-12-12,-0.004144740367581168
2006-12-13,0.012013197964318989
2006-12-14,0.003377901896332469
2006-12-15,0.006584940933686667
2006-12-18,-0.0052484491894944085
2006-12-19,-0.008857410289570988
2006-12-20,-0.0005012547754602581
2006-12-21,0.002932375296467171
2006-12-22,0.00233491224386273
2006-12-26,0.002959124269840796
2006-12-27,-0.010951252068723827
2006-12-28,-0.005082735923876092
2006-12-29,0.011601150233510715
2007-01-03,0.00782291441026528
2007-01-04,-0.0008072419905686967
2007-01-05,-0.0076964922768149036
2007-01-08,0.0055745491846965756
2007-01-09,0.005361022030705653
2007-01-10,0.0019990645524270434
2007-01-11,-0.0025963427724030597
2007-01-12,-0.010939102344254326
2007-01-16,0.0024853026058442307
2007-01-17,-0.005189102483964536
2007-01-18,-0.011046446589051961
2007-01-19,-0.005223215782036661
2007-01-22,0.0061716191372536144
2007-01-23,-0.00764977887675844
2007-01-24,0.010529111591745854
2007-01-25,0.005113486626645569
2007-01-26,0.005397408309093965
2007-01-29,0.0013498947082581925
2007-01-30,0.0051265606355761495
2007-01-31,-0.005075633237125787
2007-02-01,-0.0005837104874737431
2007-02-02,0.0057033511977910845
2007-02-05,0.017554946840296237
2007-02-06,0.004996199036513049
2007-02-07,0.014331542835003042
2007-02-08,-0.0035006854127029863
2007-02-09,-0.001032987380395256
2007-02-12,-0.00846932330485295
2007-02-13,0.004959815050323391
2007-02-14,0.0017266390805570353
2007-02-15,0.002169033602438919
2007-02-16,-4.8917643494017504e-05
2007-02-20,-0.001942983650346397
2007-02-21,-0.007266020290614739
2007-02-22,0.0028093122252565994
2007-02-23,9.76265993382075e-05
2007-02-26,0.0062774910242784365
2007-02-27,-0.018974606066412103
2007-02-28,0.0009059208348813907
2007-03-01,-0.03223450636870173
2007-03-02,-0.007160311440040701
2007-03-05,-0.0231190036927843
2007-03-06,0.01908138493258682
2007-03-07,-0.005859270385282667
2007-03-08,0.013134239943054737
2007-03-09,0.010707315403328588
2007-03-12,-0.00815673664553862
2007-03-13,-0.009096878118854845
2007-03-14,0.005152862671916392
2007-03-15,-0.0020379173738409584
2007-03-16,0.0019077390267581151
2007-03-19,0.0023462765612989323
2007-03-20,-0.0018346064746319612
2007-03-21,0.018360746055748223
2007-03-22,0.00299584898214178
2007-03-23,-0.002502808844228599
2007-03-26,0.0017427506870242304
2007-03-27,-0.0008094883188799473
2007-03-28,-0.007362793203494977
2007-03-29,0.009263115724273963
2007-03-30,0.006192047327110872
2007-04-02,0.0010790451400553014
2007-04-03,0.001878639916610636
2007-04-04,-0.002518031273299415
2007-04-05,0.0028219340180517527
2007-04-09,0.013706749940884722
2007-04-10,0.0004619534191407926
2007-04-11,0.0027913843035620722
2007-04-12,-0.0017672858912173295
2007-04-13,0.002411042210299419
2007-04-16,0.0031205296681413586
2007-04-17,0.0074511308807827525
2007-04-18,-0.0017798188238353774
2007-04-19,-0.006284162199032051
2007-04-20,0.013430860460515337
2007-04-23,-0.0037344630729831962
2007-04-24,0.00017393322743886053
2007-04-25,0.0019588546238480387
2007-04-26,0.005669152738984495
2007-04-27,-0.006951477649886795
2007-04-30,0.005082588778948738
2007-05-01,0.005011587129783557
2007-05-02,0.0019325570856902896
2007-05-03,0.005068800026857723
2007-05-04,0.0012953691207071572
2007-05-07,0.003982847835220404
2007-05-08,-0.012851896752613334
2007-05-09,3.674808861853229e-05
2007-05-10,-0.003839909137350994
2007-05-11,-0.0015708994488604633
2007-05-14,0.003252775199984681
2007-05-15,0.00041329108247967206
2007-05-16,0.006534354704959222
2007-05-17,0.00028918950424916545
2007-05-18,0.006565571269119275
2007-05-21,0.006241894055998731
2007-05-22,-8.701895939544624e-05
2007-05-23,-0.004047396220644983
2007-05-24,8.399272843306882e-05
2007-05-25,0.006927611038654691
2007-05-29,0.0032268259028256363
2007-05-30,-0.0031506283258104784
2007-05-31,0.010583551139291991
2007-06-01,0.0019116862233345966
2007-06-04,-0.0024308907265150337
2007-06-05,-0.00014160276178398767
2007-06-06,-0.008584633023510313
2007-06-07,0.0003583911038360643
2007-06-08,0.009365677764445968
2007-06-11,0.0021115255302817104
2007-06-12,-0.008803251266427115
2007-06-13,0.005059172825470526
2007-06-14,-0.00096690513856168
2007-06-15,0.0104589945777247
2007-06-18,0.013311327389707417
2007-06-19,-0.005927019340810191
2007-06-20,0.0023171604221725595
2007-06-21,-0.00045322188046936773
2007-06-22,-0.0016098606446564023
2007-06-25,0.0045598436971663325
2007-06-26,0.007680342917551153
2007-06-27,0.0019380846320384837
2007-06-28,0.001527868037139335
2007-06-29,0.0056604741812205095
2007-07-02,-0.00036313910715279896
2007-07-03,0.004443767359034956
2007-07-05,0.0029677045903637733
2007-07-06,0.001925600840939845
2007-07-09,0.0014875781763354912
2007-07-10,-0.007045203261505262
2007-07-11,-0.0001569334290441038
2007-07-12,0.007983395756070655
2007-07-13,0.005005409667872662
2007-07-16,0.0006439590450666444
2007-07-17,0.003563808361216836
2007-07-18,-0.008160153013380578
2007-07-19,0.01255892434671102
2007-07-20,9.026012939483685e-05
2007-07-23,0.010122092329508448
2007-07-24,-0.03559608591324226
2007-07-25,0.015014720120987812
2007-07-26,0.007313097332892093
2007-07-27,0.00021544471228951423
2007-07-30,0.009044124893591077
2007-07-31,0.022426996426119894
2007-08-01,-0.0016605946656852444
2007-08-02,0.01026155795203243
2007-08-03,-0.004820574566623659
2007-08-06,0.006603802238110745
2007-08-07,-0.0026626202142677746
2007-08-08,0.012967007117109963
2007-08-09,-0.010860868672580293
2007-08-10,-0.04025604820037798
2007-08-13,0.017344277895214866
2007-08-14,0.0032467325472471664
2007-08-15,-0.007188355029792093
2007-08-16,-0.013095593679664397
2007-08-17,0.03114979507822424
2007-08-20,0.005232844153425065
2007-08-21,-0.0002092755589820916
2007-08-22,0.021214665783416242
2007-08-23,0.004911323158787173
2007-08-24,-0.004501463427711849
2007-08-27,0.0008044767981074674
2007-08-28,-0.00544301137309533
2007-08-29,0.018257686024193864
2007-08-30,-0.009445911481058555
2007-08-31,0.020503232413023875
2007-09-04,0.004970983963013431
2007-09-05,-0.0014347042185918202
2007-09-06,0.004200202789483409
2007-09-07,-0.02250311858332288
2007-09-10,0.02206071806737553
2007-09-11,0.010257640013846325
2007-09-12,0.003985311653716295
2007-09-13,0.013626095310372177
2007-09-14,-0.008088074054390604
2007-09-17,-0.002051054508817707
2007-09-18,0.006889831000342905
2007-09-19,0.010907016520921076
2007-09-20,-0.0016484690602351915
2007-09-21,0.007669067959287013
2007-09-24,0.00799549198419891
2007-09-25,-0.00737611667741056
2007-09-26,0.006479066822796753
2007-09-27,0.007646702415680329
2007-09-28,-0.002470595771725148
2007-10-01,0.006337130651871581
2007-10-02,0.001259368171272257
2007-10-03,-0.007903867145050869
2007-10-04,0.00012105892158364995
2007-10-05,0.01448578080553653
2007-10-08,0.009376877117502458
2007-10-09,0.007119687650512407
2007-10-10,0.0022739730120264756
2007-10-11,0.004684912782442874
2007-10-12,0.005586838348914602
2007-10-15,0.0005051071268620255
2007-10-16,-0.010015761047357574
2007-10-17,0.027917876273174214
2007-10-18,-0.007851468393597627
2007-10-19,0.0009590879613443626
2007-10-22,-0.004170552327435795
2007-10-23,0.046056914569052365
2007-10-24,-0.04072397614988976
2007-10-25,-0.014036325469462763
2007-10-26,0.018129335691993598
2007-10-29,-0.0085620274131184
2007-10-30,0.0030514353384443194
2007-10-31,0.0024155553935774066
2007-11-01,-0.01278533908573587
2007-11-02,0.011367056554289379
2007-11-05,-0.01164551916570633
2007-11-06,0.0049065805071755175
2007-11-07,-0.014429770044066648
2007-11-08,-0.0024631264365659877
2007-11-09,-0.004657127404864347
2007-11-12,-0.002830518951723926
2007-11-13,0.018128096757123124
2007-11-14,0.011225449416339295
2007-11-15,-0.003974645105813246
2007-11-16,0.009160227648443264
2007-11-19,-0.011005114840182406
2007-11-20,0.007532212835678065
2007-11-21,-0.013960655415918288
2007-11-23,0.01047611979369889
2007-11-26,0.002121873210475078
2007-11-27,0.008585961182157043
2007-11-28,0.018494528332264393
2007-11-29,-0.003193271527782926
2007-11-30,0.021042079836176564
2007-12-03,0.01051637498565805
2007-12-04,-0.0030216924968990977
2007-12-05,0.022743343371709468
2007-12-06,0.001448324710338289
2007-12-07,0.0010077874709089052
2007-12-10,-0.002983957569519524
2007-12-11,0.01000930540872691
2007-12-12,0.028095036544184326
2007-12-13,-0.00742660201374723
2007-12-14,-0.0054977408343412915
2007-12-17,-0.0054994351514567885
2007-12-18,0.013941631568168855
2007-12-19,0.00012354035578754363
2007-12-20,0.013735443629111721
2007-12-21,-0.0036135182322364345
2007-12-24,-0.0001762510769994785
2007-12-26,0.0010434987152112551
2007-12-27,-0.004060651705523499
2007-12-28,0.0021276887704622105
2007-12-31,-0.008166119468653421
2008-01-02,-0.005371785965151532
2008-01-03,0.0023855729703676776
2008-01-04,-0.02317791216826448
2008-01-07,0.010246784915555196
2008-01-08,0.008728974760475072
2008-01-09,0.009618314138275519
2008-01-10,-0.0114448227487568
2008-01-11,-0.004648554629003265
2008-01-14,0.029791634583880455
2008-01-15,-0.022731697988093935
2008-01-16,-0.04591531500752177
2008-01-17,0.013011642322464434
2008-01-18,0.02623221447280777
2008-01-22,-0.08022126418322229
2008-01-23,-0.02976335190233048
2008-01-24,0.018990393292954932
2008-01-25,0.02151945690518886
2008-01-28,-0.0030228204165914097
2008-01-29,0.010320686903358522
2008-01-30,-0.0004791743918569624
2008-01-31,-0.021195667039889954
2008-02-01,0.013865582444397617
2008-02-04,0.013955600781252686
2008-02-05,-0.01638918867771988
2008-02-06,0.009287164249928148
2008-02-07,-0.021696793253141444
2008-02-08,-0.000351513994971131
2008-02-11,0.008336838021546944
2008-02-12,0.017766334001992456
2008-02-13,0.01147251945104677
2008-02-14,-0.014335921404702079
2008-02-15,0.0005327961001322379
2008-02-19,0.03231842381762817
2008-02-20,-0.012826264859125525
2008-02-21,0.010501763679433118
2008-02-22,0.0069176503390540045
2008-02-25,-0.005544584493938465
2008-02-26,-0.006759659666766171
2008-02-27,-0.00968735461246839
2008-02-28,-0.009650491646522763
2008-02-29,-0.010438524199371746
2008-03-03,-0.001354075313612979
2008-03-04,-0.015506656522574436
2008-03-05,0.012398629840149722
2008-03-06,-0.005029082407236207
2008-03-07,-0.012572883128610268
2008-03-10,0.0010730468051574071
2008-03-11,0.02252291875114798
2008-03-12,0.003665683188271762
2008-03-13,-0.014506133971662782
2008-03-14,0.010753770623569858
2008-03-17,-0.03212410197822635
2008-03-18,0.019215019071202155
2008-03-19,-0.010096783796539666
2008-03-20,0.0035199484657364444
2008-03-24,0.014518802903132011
2008-03-25,0.007504364316445855
2008-03-26,-0.009470746726114476
2008-03-27,0.008083583928437665
2008-03-28,0.014698336541681956
2008-03-31,0.0003123794745585329
2008-04-01,0.020018072320478586
2008-04-02,0.006501662666406727
2008-04-03,0.011771943258899853
2008-04-04,-0.007738180313233589
2008-04-07,0.015403625877906446
2008-04-08,-0.026542553298025462
2008-04-09,0.005623241844070925
2008-04-10,0.009538052238155181
2008-04-11,-0.016237633364291515
2008-04-14,0.0019970907238446856
2008-04-15,0.0055097197446336565
2008-04-16,0.024795141886693406
2008-04-17,-0.01779620630248535
2008-04-18,0.023693617372153142
2008-04-21,-0.002273499631988196
2008-04-22,-0.005588671176729565
2008-04-23,0.01077332243378537
2008-04-24,0.0026439330261123217
2008-04-25,0.0086530147815711
2008-04-28,-0.004960980850311825
2008-04-29,-0.0026990073882895427
2008-04-30,0.005915798000259986
2008-05-01,0.004310431385007973
2008-05-02,0.009340612793825587
2008-05-05,0.002337950272666811
2008-05-06,0.0028596753616343396
2008-05-07,0.0012842811554620859
2008-05-08,0.003367800236606655
2008-05-09,0.03667182474451236
2008-05-12,0.0004946791562574493
2008-05-13,0.005116417308818955
2008-05-14,0.0014926716560759168
2008-05-15,-0.0011024915075144026
2008-05-16,0.0052025020886652396
2008-05-19,0.001294216576048779
2008-05-20,-0.006051725663135277
2008-05-21,0.0037441481691236067
2008-05-22,0.0005604086017554355
2008-05-23,-0.007654310918673302
2008-05-27,0.0035527978494898083
2008-05-28,0.006541054068344598
2008-05-29,0.0021627199963072385
2008-05-30,0.006060270290280334
2008-06-02,0.000516785014097243
2008-06-03,-0.0026053308520791463
2008-06-04,-0.0013025126253012331
2008-06-05,0.0016847980872092272
2008-06-06,-0.011342205410994843
2008-06-09,0.0003215723568674722
2008-06-10,-0.011916898302578471
2008-06-11,-0.0011849802124100917
2008-06-12,0.00913991572091355
2008-06-13,0.012626104399003246
2008-06-16,-0.0052426807647266704
2008-06-17,0.0031438509030998762
2008-06-18,-0.0044570394374494615
2008-06-19,-0.0038432637199786734
2008-06-20,-0.008964049126960028
2008-06-23,0.006994649940182285
2008-06-24,-0.008560669189579206
2008-06-25,0.00845444086580649
2008-06-26,-0.015549095666413493
2008-06-27,-0.0035678543447758004
2008-06-30,-0.011375006926157116
2008-07-01,-0.014700265676770519
2008-07-02,0.0
2008-07-03,0.0
2008-07-07,0.0
2008-07-08,0.0
2008-07-09,0.0
2008-07-10,0.0
2008-07-11,0.0
2008-07-14,0.0
2008-07-15,0.0
2008-07-16,0.0
2008-07-17,0.0
2008-07-18,0.0
2008-07-21,0.0
2008-07-22,0.0
2008-07-23,0.0
2008-07-24,0.0
2008-07-25,0.0
2008-07-28,0.0
2008-07-29,0.0
2008-07-30,0.0
2008-07-31,0.0
2008-08-01,0.0
2008-08-04,0.002336213673542309
2008-08-05,0.027945927760543166
2008-08-06,0.003485228786547223
2008-08-07,-0.00915136036626385
2008-08-08,0.014562662617052968
2008-08-11,-0.007115321873345515
2008-08-12,0.011016059288894153
2008-08-13,0.0264906152293356
2008-08-14,-0.004735670481105569
2008-08-15,0.012161934622785475
2008-08-18,0.00647944655076782
2008-08-19,-0.020046252253904107
2008-08-20,0.014866549088937031
2008-08-21,-0.012312773761098739
2008-08-22,0.013600353667791554
2008-08-25,0.00867752187182358
2008-08-26,-0.012253603866621221
2008-08-27,-0.006257703055267294
2008-08-28,0.010582132845026626
2008-08-29,-0.023756878426562156
2008-09-02,0.015447036327303376
2008-09-03,-0.009069048293659843
2008-09-04,-0.01484356268662157
2008-09-05,-0.02102648319651179
2008-09-08,0.02738973157050384
2008-09-09,-0.00036593926430572576
2008-09-10,0.012634309337596683
2008-09-11,-0.035342598736243014
2008-09-12,-0.00920421269322158
2008-09-15,-0.049064480958921575
2008-09-16,-0.038330590591713065
2008-09-17,-0.025862731734946798
2008-09-18,0.016845682815045393
2008-09-19,0.05650122174549077
2008-09-22,0.0
2008-09-23,0.0
2008-09-24,0.0
2008-09-25,0.0
2008-09-26,0.0
2008-09-29,-0.027060654179989374
2008-09-30,0.025080721152137997
2008-10-01,-0.04613185718773194
2008-10-02,-0.009530791300832009
2008-10-03,0.01642207986038624
2008-10-06,-0.036567336391925
2008-10-07,0.03366083044749835
2008-10-08,-0.02384233742397146
2008-10-09,0.0347835416923008
2008-10-10,-0.06347834641485184
2008-10-13,0.10356823922705671
2008-10-14,0.0
2008-10-15,0.0
2008-10-16,0.0
2008-10-17,0.0
2008-10-20,0.0
2008-10-21,-0.022636137376036647
2008-10-22,-0.012620832309185315
2008-10-23,-0.007874524935027605
2008-10-24,-0.06918901126567667
2008-10-27,-0.0020173121487295775
2008-10-28,0.017694926124037114
2008-10-29,0.0
2008-10-30,0.0
2008-10-31,0.0
2008-11-03,0.0
2008-11-04,0.0
2008-11-05,-0.029469137758022734
2008-11-06,-0.023056983243562867
2008-11-07,0.05017434001528498
2008-11-10,0.0
2008-11-11,0.0
2008-11-12,0.0
2008-11-13,0.0
2008-11-14,0.0
2008-11-17,-0.003254352452831899
2008-11-18,0.006647587444034819
2008-11-19,-0.0029455123000033945
2008-11-20,-0.0026751452196831504
2008-11-21,0.0
2008-11-24,0.02037625734652626
2008-11-25,0.0
2008-11-26,0.0
2008-11-28,0.0
2008-12-01,0.0
2008-12-02,0.0
2008-12-03,-0.012945008731899521
2008-12-04,-0.006596360993306627
2008-12-05,-0.01035771402990704
2008-12-08,0.0063405316534801415
2008-12-09,0.0
2008-12-10,0.006401951947541562
2008-12-11,-0.0019493401564060209
2008-12-12,-0.009768022170182356
2008-12-15,0.0019381451564826069
2008-12-16,0.0032050389558144765
2008-12-17,-0.006006063763169256
2008-12-18,-0.002145868890948033
2008-12-19,0.0043341136485861576
2008-12-22,0.005086041308526079
2008-12-23,0.002078156326378533
2008-12-24,-0.006742573140790853
2008-12-26,0.0
2008-12-29,0.0
2008-12-30,0.0
2008-12-31,0.0
2009-01-02,0.0
2009-01-05,-0.0038269530697897514
2009-01-06,0.009770739675949214
2009-01-07,-0.007633655713368603
2009-01-08,-0.004253579365299576
2009-01-09,-3.185485164536317e-08
2009-01-12,2.0368801845194184e-07
2009-01-13,0.0
2009-01-14,0.0
2009-01-15,0.0018241529285565328
2009-01-16,0.009246808895403191
2009-01-20,-0.0008342746791719646
2009-01-21,0.006472364407543507
2009-01-22,-0.010581955124080888
2009-01-23,-0.009433925817582955
2009-01-26,0.0017292122346916905
2009-01-27,0.005437199823592254
2009-01-28,0.011848322285499924
2009-01-29,-0.010997319130157557
2009-01-30,-0.002415499795070164
2009-02-02,-0.005031427837271285
2009-02-03,0.0007955150203908801
2009-02-04,0.0007862167051337909
2009-02-05,-0.008792168022634828
2009-02-06,0.0010685725447392436
2009-02-09,0.0022722604326084195
2009-02-10,-0.00034236368212470225
2009-02-11,-0.020939156876265685
2009-02-12,-0.009490390370472723
2009-02-13,-0.0038292527391321496
2009-02-17,-0.024237725776667052
2009-02-18,0.008512570201886227
2009-02-19,0.006633551678346894
2009-02-20,-0.004492176580220386
2009-02-23,0.005694065668808701
2009-02-24,0.0018365973983689443
2009-02-25,-0.000842876978016105
2009-02-26,0.01166670335053377
2009-02-27,-0.00847455721454815
2009-03-02,-0.008051512057657972
2009-03-03,0.0
2009-03-04,0.0
2009-03-05,0.0
2009-03-06,0.0
2009-03-09,0.0
2009-03-10,0.0
2009-03-11,0.0
2009-03-12,0.0
2009-03-13,0.0
2009-03-16,0.0
2009-03-17,0.0
2009-03-18,0.0
2009-03-19,0.0
2009-03-20,0.0
2009-03-23,0.0
2009-03-24,0.0
2009-03-25,0.0
2009-03-26,0.0
2009-03-27,0.0
2009-03-30,0.0
2009-03-31,0.0
2009-04-01,0.0
2009-04-02,0.0
2009-04-03,0.0
2009-04-06,0.0
2009-04-07,0.0
2009-04-08,0.0
2009-04-09,0.0
2009-04-13,0.0
2009-04-14,0.0
2009-04-15,0.0
2009-04-16,0.0
2009-04-17,0.0
2009-04-20,0.0
2009-04-21,0.0
2009-04-22,0.0
2009-04-23,0.0
2009-04-24,0.0
2009-04-27,0.0
2009-04-28,0.0
2009-04-29,0.0
2009-04-30,0.0
2009-05-01,0.0
2009-05-04,0.01739582272543605
2009-05-05,-0.004251215768984129
2009-05-06,8.960009874003916e-05
2009-05-07,-0.002215861134421404
2009-05-08,0.010644435282688436
2009-05-11,-0.03460242898814936
2009-05-12,0.006413814021624331
2009-05-13,-0.014168932561690939
2009-05-14,-0.0004930863361443105
2009-05-15,0.0003341120841555689
2009-05-18,0.01711075938669726
2009-05-19,-0.009453681910872036
2009-05-20,0.009989184684763286
2009-05-21,-0.010608316375075533
2009-05-22,0.0011062584809229392
2009-05-26,-0.010499985474529794
2009-05-27,0.0015702817608773678
2009-05-28,0.013330672925975673
2009-05-29,0.0011151522760692867
2009-06-01,0.020309017385296002
2009-06-02,-0.026079030153451366
2009-06-03,-0.017841716828424392
2009-06-04,0.008777043309760035
2009-06-05,0.017201736449871552
2009-06-08,-0.010342381278202195
2009-06-09,0.02752719822104277
2009-06-10,0.010937882274615118
2009-06-11,-0.0016241732012153287
2009-06-12,0.005867879253381725
2009-06-15,-0.01097626176364841
2009-06-16,0.006285918118196454
2009-06-17,-0.003066982578438293
2009-06-18,0.0038471649801825603
2009-06-19,0.012390068784467578
2009-06-22,0.004735211458394284
2009-06-23,-0.003944216651574406
2009-06-24,0.009095707570270672
2009-06-25,-0.003345647206316138
2009-06-26,-0.017773067455103653
2009-06-29,-0.00021699210932546453
2009-06-30,0.005796069282010707
2009-07-01,0.009643955863766429
2009-07-02,-0.012166752343406029
2009-07-06,-0.009275343779836964
2009-07-07,0.012971217378502375
2009-07-08,0.005923393995251214
2009-07-09,0.007152624906374028
2009-07-10,0.00045777566153848426
2009-07-13,0.004254470368488583
2009-07-14,0.003284354093752384
2009-07-15,0.024532453954464017
2009-07-16,-0.00444725624578679
2009-07-17,0.004542014810324124
2009-07-20,0.008474177363107405
2009-07-21,0.0019601936970843337
2009-07-22,0.013326639894677639
2009-07-23,-0.006011920927011305
2009-07-24,-0.012393765171269666
2009-07-27,-0.00036145747229332503
2009-07-28,-0.006145283087238496
2009-07-29,-0.0049815505399032345
2009-07-30,0.017926505878969712
2009-07-31,-0.002533660021056816
2009-08-03,0.011134417406007291
2009-08-04,-0.007280475032905409
2009-08-05,0.00026958668548715536
2009-08-06,0.004183735120059984
2009-08-07,0.02587024446952868
2009-08-10,-0.00271902573119831
2009-08-11,0.004606283008245171
2009-08-12,-0.0006932545496685094
2009-08-13,0.009217198270115912
2009-08-14,-0.010886137521456285
2009-08-17,-0.03004447795011478
2009-08-18,0.009366814177020677
2009-08-19,-0.014131926794552108
2009-08-20,0.0007387989343470291
2009-08-21,0.010608702291492467
2009-08-24,0.005940310593764098
2009-08-25,0.0021751334444886083
2009-08-26,0.0030421359255226044
2009-08-27,0.0004535281548205816
2009-08-28,0.034289535586373265
2009-08-31,-0.015585526687096007
2009-09-01,-0.0034275897597626503
2009-09-02,-0.004591507390423688
2009-09-03,0.01008774592838102
2009-09-04,0.0009516191105169991
2009-09-08,0.02239427747084899
2009-09-09,-0.005705529892668149
2009-09-10,0.008276640149413872
2009-09-11,0.01680222470263537
2009-09-14,-0.009330264334733163
2009-09-15,0.005851099796353454
2009-09-16,0.003015397397713837
2009-09-17,-0.0059503565680131265
2009-09-18,0.012538538115246745
2009-09-21,-0.009460891837633323
2009-09-22,0.011242143226722012
2009-09-23,0.017147589032422195
2009-09-24,0.008932845476812723
2009-09-25,-0.016416021890335752
2009-09-28,0.008285457516954198
2009-09-29,-0.001117182241353265
2009-09-30,0.002409833368154146
2009-10-01,-0.006431250612347061
2009-10-02,-0.016177988813556365
2009-10-05,-0.005482616761743775
2009-10-06,0.015263322821668535
2009-10-07,0.002337571078952827
2009-10-08,0.008270030036265918
2009-10-09,-0.0020439336073457826
2009-10-12,0.02067385419462453
2009-10-13,0.001836885689082246
2009-10-14,0.023474127745765072
2009-10-15,-0.005600222489000273
2009-10-16,-0.022068590293369383
2009-10-19,0.007032694271865481
2009-10-20,0.00989657719971726
2009-10-21,-0.006345009182295969
2009-10-22,0.001325161516808171
2009-10-23,0.0021083219065864967
2009-10-26,0.01401140089861097
2009-10-27,0.001967801520519563
2009-10-28,-0.014852542822121562
2009-10-29,0.0119589053439495
2009-10-30,0.0031759608536297
2009-11-02,0.007371694835679676
2009-11-03,-0.03241921713843121
2009-11-04,0.017551515850074972
2009-11-05,0.01985363746624702
2009-11-06,0.020226989223325775
2009-11-09,0.018795581598808786
2009-11-10,0.003705450992623094
2009-11-11,0.016826984487557484
2009-11-12,0.08522607513811353
2009-11-13,0.0
2009-11-16,0.0
2009-11-17,0.0
2009-11-18,0.0
2009-11-19,0.0
2009-11-20,-0.018073469231279726
2009-11-23,0.012878770296702369
2009-11-24,-0.0006190250474278347
2009-11-25,0.006305028044601313
2009-11-27,-0.046422605091458125
2009-11-30,0.007845726083218318
2009-12-01,0.01141750416128251
2009-12-02,0.0033007650980074743
2009-12-03,-0.0009395010185029307
2009-12-04,0.01622708397389494
2009-12-07,0.01261778833898708
2009-12-08,-0.0020370484710379166
2009-12-09,0.005025497044084171
2009-12-10,0.006195314293050425
2009-12-11,0.0021494362863574423
2009-12-14,0.009251353560135733
2009-12-15,-0.0025593404063826153
2009-12-16,0.01597082041555309
2009-12-17,-0.009070295131854422
2009-12-18,-0.0003388956187142522
2009-12-21,0.012768939490366948
2009-12-22,0.004174317512262382
2009-12-23,0.01442538868240173
2009-12-24,0.007670660960454434
2009-12-28,0.0069968764186787435
2009-12-29,0.0006498370017131716
2009-12-30,-0.005618945370822859
2009-12-31,0.005500865954456202
2010-01-04,0.014274322572892961
2010-01-05,1.704894638443477e-05
2010-01-06,-0.002160240156377946
2010-01-07,-0.002101072977582108
2010-01-08,-0.005971765504826365
2010-01-11,0.004609493714694102
2010-01-12,-0.015504607595526188
2010-01-13,0.006719622971400829
2010-01-14,-0.0013128443045755667
2010-01-15,0.006987308379332591
2010-01-19,0.003223129425157678
2010-01-20,-0.013465033656317349
2010-01-21,0.015444633710124167
2010-01-22,-0.020713277741747582
2010-01-25,0.015405770767721982
2010-01-26,-0.0018123433309550352
2010-01-27,-0.0012371187303474862
2010-01-28,0.002028222829063786
2010-01-29,0.011776559787299412
2010-02-01,0.013010714392389211
2010-02-02,-0.00854621039812764
2010-02-03,-0.012648508117813373
2010-02-04,-0.005863405141999567
2010-02-05,0.0007733988306894979
2010-02-08,0.00661090475158943
2010-02-09,0.023082262173485857
2010-02-10,-0.019617555585125346
2010-02-11,0.004122811480589128
2010-02-12,-0.01104621212032908
2010-02-16,0.014406631616125987
2010-02-17,0.01057408942463911
2010-02-18,-0.007464554205902196
2010-02-19,-0.006405558489034235
2010-02-22,0.012618178335498609
2010-02-23,-0.006685457441997222
2010-02-24,0.007347430512305353
2010-02-25,-0.02029323057970589
2010-02-26,-0.003556849354286684
2010-03-01,0.010992202250397431
2010-03-02,0.005490961452600862
2010-03-03,0.0055152866559691205
2010-03-04,0.0015586078493852185
2010-03-05,-0.000674127326158902
2010-03-08,0.003784069064521667
2010-03-09,-0.01139968609545583
2010-03-10,0.0059769125581572435
2010-03-11,-0.0026638735621233867
2010-03-12,0.01287552756265642
2010-03-15,-0.004688758293696638
2010-03-16,0.006406317270416073
2010-03-17,0.006399926876822892
2010-03-18,-0.0029724978979224215
2010-03-19,-0.0068230464786264156
2010-03-22,-0.012501157825812625
2010-03-23,0.005116364552014696
2010-03-24,-0.0032504429836867077
2010-03-25,0.01729991818717669
2010-03-26,0.008417163329368815
2010-03-29,0.00978234673335554
2010-03-30,0.007947779465770521
2010-03-31,-0.011615631247742342
2010-04-01,0.025364347289834388
2010-04-05,0.012238755850759286
2010-04-06,-0.005067060734303963
2010-04-07,0.00026993051457746553
2010-04-08,-0.005204137028352207
2010-04-09,0.008026769853353377
2010-04-12,0.002971397620429972
2010-04-13,-0.000608891979562709
2010-04-14,0.026008296207714388
2010-04-15,0.0003370591944631407
2010-04-16,-0.01529805308909371
2010-04-19,-0.009695768305686747
2010-04-20,0.01235528852421619
2010-04-21,0.01164630775415354
2010-04-22,-0.01670682750309993
2010-04-23,-1.2573398977200334e-05
2010-04-26,0.0022602953080628208
2010-04-27,-0.004328332523303446
2010-04-28,0.012008514908980139
2010-04-29,0.010923604129671638
2010-04-30,-0.00304919693685779
2010-05-03,0.01024892794309129
2010-05-04,-0.020113051831569084
2010-05-05,-0.022024335009597662
2010-05-06,0.0007366209804005042
2010-05-07,0.0002859612143244483
2010-05-10,0.06471784895805466
2010-05-11,0.0
2010-05-12,0.0
2010-05-13,0.0
2010-05-14,0.0
2010-05-17,0.0
2010-05-18,0.012824821944043663
2010-05-19,-0.010643456176791855
2010-05-20,-0.026187275566694868
2010-05-21,-0.017726687232322846
2010-05-24,-0.0006182101498292125
2010-05-25,-0.04133976444402332
2010-05-26,0.020349049291710886
2010-05-27,0.03065326022760284
2010-05-28,0.0035657343338766356
2010-06-01,-0.013053194310108651
2010-06-02,0.00929296319005557
2010-06-03,-0.0012306980194223271
2010-06-04,-0.029808072501717464
2010-06-07,0.009967445625973514
2010-06-08,0.003064447630865663
2010-06-09,0.012088231310100506
2010-06-10,0.021592687748819284
2010-06-11,-0.014743600359370612
2010-06-14,0.01865257554452282
2010-06-15,0.011870386265583122
2010-06-16,-0.011148235142574903
2010-06-17,0.02025658647497619
2010-06-18,0.0016116281280798006
2010-06-21,0.022929224458580144
2010-06-22,0.005213995180693098
2010-06-23,0.0058059848587013185
2010-06-24,-0.003943367596149661
2010-06-25,0.009209109594026543
2010-06-28,0.013980423300065992
2010-06-29,-0.03812375309510807
2010-06-30,0.007014556170879205
2010-07-01,0.0031308837143249058
2010-07-02,0.005184155006833224
2010-07-06,0.021962377535477362
2010-07-07,0.009698414451477788
2010-07-08,0.009933270669259198
2010-07-09,0.000643453984957798
2010-07-12,0.0002606158865547936
2010-07-13,0.024043056008033803
2010-07-14,0.031768339942422896
2010-07-15,0.0008171837326398368
2010-07-16,-0.010081981364430948
2010-07-19,0.008871022188750022
2010-07-20,-0.023258240530983354
2010-07-21,0.007492707261187226
2010-07-22,0.01493381630425561
2010-07-23,-0.005191059038639145
2010-07-26,-0.0013583707480945284
2010-07-27,0.0061896226048914205
2010-07-28,-0.013057433653158923
2010-07-29,-0.026580007600952915
2010-07-30,-0.019693584466884073
2010-08-02,0.017070600177522932
2010-08-03,-0.009077763932299088
2010-08-04,0.00832811084462759
2010-08-05,-0.0020020011317770647
2010-08-06,-0.0066187965406422355
2010-08-09,0.008350701570274843
2010-08-10,-0.030104392463989216
2010-08-11,-0.02761919426078574
2010-08-12,-0.02158810211573048
2010-08-13,0.009144895209628023
2010-08-16,-0.007015805764156613
2010-08-17,0.014349261459890128
2010-08-18,-0.0015816043701417648
2010-08-19,-0.005016552134249674
2010-08-20,-0.006869537333372033
2010-08-23,0.006478629491603938
2010-08-24,-0.026592655807208154
2010-08-25,-0.009083999624462602
2010-08-26,0.010917331755048831
2010-08-27,0.012407060502775513
2010-08-30,-0.004313815655632158
2010-08-31,-0.01461833863515194
2010-09-01,0.022608053633892844
2010-09-02,0.004535968159182779
2010-09-03,0.020613031187850517
2010-09-07,-0.006111045764978229
2010-09-08,0.0027090352314134147
2010-09-09,0.017625854946194508
2010-09-10,0.0024492385920644733
2010-09-13,0.018228570543613154
2010-09-14,-0.00389829220440574
2010-09-15,-0.015688443295879817
2010-09-16,-0.0030338044505816564
2010-09-17,0.005466525061993632
2010-09-20,0.004151083809565526
2010-09-21,-0.0013201364909634083
2010-09-22,-0.00485114385127472
2010-09-23,-0.004846792792361665
2010-09-24,0.027869874332561828
2010-09-27,0.004956703255967643
2010-09-28,0.005022104433463737
2010-09-29,-0.006900090166530037
2010-09-30,0.014275122111862437
2010-10-01,0.012306910936346505
2010-10-04,-0.00522199543538604
2010-10-05,0.01530148302665979
2010-10-06,-0.004631487648147248
2010-10-07,0.0035455241143800276
2010-10-08,0.009985357862798194
2010-10-11,0.0030337711394359257
2010-10-12,0.00040252705845578163
2010-10-13,0.015410415064852412
2010-10-14,-0.0006576434203933168
2010-10-15,0.012831541181816064
2010-10-18,0.004280537913218474
2010-10-19,-0.026016819388053114
2010-10-20,0.0042864091745618005
2010-10-21,0.03899937363484596
2010-10-22,-0.010111090043985582
2010-10-25,0.007206467516794657
2010-10-26,-0.0029243559032769983
2010-10-27,0.002283914177838575
2010-10-28,0.00343487881900284
2010-10-29,-0.0007944184814808741
2010-11-01,0.005897953752912466
2010-11-02,0.009050043226966675
2010-11-03,0.0030084219031782933
2010-11-04,0.010207364309887446
2010-11-05,0.0009472912248880139
2010-11-08,-0.0004986451131578917
2010-11-09,0.030904291343146095
2010-11-10,-0.0016337764451908043
2010-11-11,-0.009550084141390025
2010-11-12,-0.007437438119309858
2010-11-15,0.0009934969153004847
2010-11-16,-0.008609513989658923
2010-11-17,0.00031716326033581765
2010-11-18,0.012326640499528363
2010-11-19,0.0006472063850986309
2010-11-22,-0.0056590298720408105
2010-11-23,-0.011174180992021832
2010-11-24,0.00931295148260114
2010-11-26,-0.006933354308122253
2010-11-29,-0.003740605648685724
2010-11-30,-0.01281959389336429
2010-12-01,0.014898380784096332
2010-12-02,-0.009733213335637592
2010-12-03,-0.0021352416037351274
2010-12-06,0.009077404447026538
2010-12-07,0.017466229326867033
2010-12-08,-0.006387657246023748
2010-12-09,0.007236875747244742
2010-12-10,0.01057455631838744
2010-12-13,0.008011235251720095
2010-12-14,-0.00801249517645608
2010-12-15,0.0029767170528562925
2010-12-16,0.003544716209615828
2010-12-17,0.0043098328486699256
2010-12-20,0.008874732611929836
2010-12-21,0.007101753117701559
2010-12-22,0.007883241346812397
2010-12-23,0.0008634440797350429
2010-12-27,-0.012233398668063722
2010-12-28,0.001591851494596952
2010-12-29,0.004727292164198316
2010-12-30,-0.0025456088964825874
2010-12-31,-0.0025236153045665732
2011-01-03,0.005650097854175806
2011-01-04,0.00043172721496609334
2011-01-05,0.0069077017819623165
2011-01-06,0.006529756000009934
2011-01-07,-0.002858361829227274
2011-01-10,-0.00576952592214075
2011-01-11,0.008704306262598882
2011-01-12,0.02805678812565593
2011-01-13,-0.004364441419397069
2011-01-14,-0.007304473869662931
2011-01-18,-0.004651230020698449
2011-01-19,-0.004217555365239711
2011-01-20,-0.008814262972193787
2011-01-21,0.009475460869296848
2011-01-24,0.01730276113244189
2011-01-25,-0.006079230626744536
2011-01-26,0.0030708979865068375
2011-01-27,0.006661846922859205
2011-01-28,-0.00019172197256278611
2011-01-31,0.0020405165376442547
2011-02-01,0.010001493776837567
2011-02-02,-0.005152009653911049
2011-02-03,0.003192983730943899
2011-02-04,0.006545948393098744
2011-02-07,0.0038826138856646875
2011-02-08,0.007115069823222964
2011-02-09,0.0005650433900714624
2011-02-10,-0.01633876653020694
2011-02-11,-0.004156308122522212
2011-02-14,0.010120998961582917
2011-02-15,-0.00011778915097415688
2011-02-16,0.012113468237921365
2011-02-17,-0.010277921616453023
2011-02-18,0.0036770559644536682
2011-02-22,-0.02523170291639154
2011-02-23,-0.006780940065969521
2011-02-24,-0.0074889110751383825
2011-02-25,0.019461253497047304
2011-02-28,0.017013914920130935
2011-03-01,0.0025131458701486142
2011-03-02,-0.0034100374273366985
2011-03-03,0.02047756456366967
2011-03-04,0.004708127073472124
2011-03-07,0.006130669828926516
2011-03-08,-0.000677461197143181
2011-03-09,-0.0002464724577616595
2011-03-10,-0.021451766747245915
2011-03-11,-0.0022083808005706196
2011-03-14,0.021659892898927113
2011-03-15,-0.03889383817306313
2011-03-16,-6.576896276200284e-05
2011-03-17,0.006663174040051123
2011-03-18,0.015924444012192618
2011-03-21,0.01766920606448341
2011-03-22,-0.004311128344967274
2011-03-23,-0.00018444101679826463
2011-03-24,0.03275938354409336
2011-03-25,0.004795420561270136
2011-03-28,0.01374977290741497
2011-03-29,0.0063810954334904135
2011-03-30,0.00967276287756258
2011-03-31,2.2505698116681572e-05
2011-04-01,0.008472927718710332
2011-04-04,0.003515542303391239
2011-04-05,0.007990435032369625
2011-04-06,0.0064374410379841596
2011-04-07,-0.0028994206192545224
2011-04-08,0.005822600577933379
2011-04-11,0.0032240346952441268
2011-04-12,-0.014804671444923811
2011-04-13,0.01046435449899441
2011-04-14,-0.010365402660658773
2011-04-15,-0.005933265389405751
2011-04-18,-0.018828538064493694
2011-04-19,0.0025448052114978026
2011-04-20,0.029900789208476164
2011-04-21,0.004995453522945725
2011-04-25,0.000747693132775229
2011-04-26,6.838668612973997e-05
2011-04-27,-0.0008582788512352391
2011-04-28,-0.0038200200701375975
2011-04-29,0.00030969409334780096
2011-05-02,0.009205403247874777
2011-05-03,-0.0077359474796763195
2011-05-04,-0.0015321414851515724
2011-05-05,-0.009537094294035597
2011-05-06,0.018907172558021657
2011-05-09,0.001081686384398095
2011-05-10,0.005322036907864147
2011-05-11,0.0034317853709762147
2011-05-12,-0.004124892419917425
2011-05-13,-0.02096637142600377
2011-05-16,-0.0008536710370784517
2011-05-17,-0.008568104279473965
2011-05-18,0.005712086917546877
2011-05-19,0.007461563060243259
2011-05-20,-0.005649304630722107
2011-05-23,-0.01835904877769612
2011-05-24,0.008922566103729102
2011-05-25,-0.007774230095487944
2011-05-26,-0.008071852977240446
2011-05-27,0.0015072968803557796
2011-05-31,0.01718538469839448
2011-06-01,-0.009438761741486501
2011-06-02,0.004457157074236662
2011-06-03,-0.015585301479063562
2011-06-06,-0.0001776109565162498
2011-06-07,0.008892465149254347
2011-06-08,-0.004953054811004054
2011-06-09,0.0022990417715942346
2011-06-10,0.0048508349813882745
2011-06-13,0.0008339843485734022
2011-06-14,0.013111257280974176
2011-06-15,-0.011161900648850476
2011-06-16,0.008930574779575817
2011-06-17,0.013630469481134888
2011-06-20,-0.004856352512521367
2011-06-21,0.009427179070586655
2011-06-22,-0.00511973514770192
2011-06-23,-0.012908502951599732
2011-06-24,-0.031607736611642845
2011-06-27,0.0023323552119978164
2011-06-28,0.001445024749894941
2011-06-29,0.005455622740885513
2011-06-30,0.005459480958107221
2011-07-01,-0.0008911367232026235
2011-07-05,0.0017158113699460298
2011-07-06,-0.0042195310161504684
2011-07-07,0.008597573350788146
2011-07-08,-0.01439909691187291
2011-07-11,-0.019101295961445608
2011-07-12,-0.007989717521039275
2011-07-13,0.011752305079608005
2011-07-14,0.0011563061977732936
2011-07-15,0.006069414701297848
2011-07-18,-0.0079600424511439
2011-07-19,0.009204605460567006
2011-07-20,0.005730503511707896
2011-07-21,0.00391714782212671
2011-07-22,0.03581848283001565
2011-07-25,-0.018531054716773188
2011-07-26,-0.009427460074425742
2011-07-27,-0.009785101362353998
2011-07-28,0.0005966729421715833
2011-07-29,-0.013257457217625945
2011-08-01,0.025840874035246042
2011-08-02,-0.008182941121862575
2011-08-03,-0.00023009839290477618
2011-08-04,-0.019781515657472326
2011-08-05,0.0185767003103674
2011-08-08,-0.05952293634525485
2011-08-09,0.02887695702489368
2011-08-10,-0.0507702570466283
2011-08-11,0.008054692823556087
2011-08-12,0.045202198483985656
2011-08-15,0.011976238334082456
2011-08-16,-0.010969380650364013
2011-08-17,0.007886391623791678
2011-08-18,-0.040669265542861655
2011-08-19,-0.017887466783588768
2011-08-22,0.027897514695147452
2011-08-23,0.013551123362915973
2011-08-24,-0.002522660817526723
2011-08-25,-0.006439866153120977
2011-08-26,-0.0019005867638945961
2011-08-29,0.031770289738477064
2011-08-30,-0.01270781362713258
2011-08-31,0.009159371488949075
2011-09-01,0.006199907626576406
2011-09-02,-0.032127053722150634
2011-09-06,-0.036299848168563686
2011-09-07,0.04810684968959422
2011-09-08,-0.006897426528483019
2011-09-09,-0.011894438289978604
2011-09-12,-0.013322504133414403
2011-09-13,0.015262146396681109
2011-09-14,0.015964439825996157
2011-09-15,0.018522332258742225
2011-09-16,0.0048290089984937
2011-09-19,-0.019561568114752736
2011-09-20,0.008047759843695879
2011-09-21,0.00623503790681923
2011-09-22,-0.04211752201453367
2011-09-23,-0.009520319007733202
2011-09-26,0.016417940455434765
2011-09-27,0.0223619419588319
2011-09-28,0.0038136770999106506
2011-09-29,-0.02926622211327079
2011-09-30,-0.034667463602537585
2011-10-03,-0.012835104153041232
2011-10-04,-0.026286968895783747
2011-10-05,-0.00719356421371542
2011-10-06,0.007267536216612358
2011-10-07,0.006281357111635577
2011-10-10,0.0316187911062451
2011-10-11,-0.0013290235761678204
2011-10-12,0.016999153689710722
2011-10-13,-0.0066902575056667635
2011-10-14,0.014743436223598305
2011-10-17,-0.00926526717244458
2011-10-18,0.00015416125013678617
2011-10-19,0.0035284936230508546
2011-10-20,-0.010316516581501345
2011-10-21,0.01701034615793251
2011-10-24,0.002183225315423254
2011-10-25,-0.011557460166788158
2011-10-26,0.014318762766714066
2011-10-27,0.037438799808729994
2011-10-28,0.013437776699147808
2011-10-31,-0.022531327572690052
2011-11-01,-0.03952546616772701
2011-11-02,0.012985735764407869
2011-11-03,0.006011917033794667
2011-11-04,-0.006997677681622627
2011-11-07,-0.0008906059284704559
2011-11-08,0.0046110316764313986
2011-11-09,-0.021915898903345665
2011-11-10,0.009908761915376818
2011-11-11,0.00760711462640451
2011-11-14,-0.003643416193129023
2011-11-15,-0.005149874473393212
2011-11-16,-0.006962890549315537
2011-11-17,0.00785213863878953
2011-11-18,0.0057012211756819475
2011-11-21,-0.015207245410167824
2011-11-22,0.0009560958817844689
2011-11-23,-0.007470267131979402
2011-11-25,-0.00011083594173766365
2011-11-28,0.03374516428473173
2011-11-29,-0.0001129148084687559
2011-11-30,0.027820032435611486
2011-12-01,-0.051747313391130034
2011-12-02,0.005194977454308081
2011-12-05,0.012585910191064587
2011-12-06,-0.003247901833127953
2011-12-07,-0.0009894330568546161
2011-12-08,-0.000599896366628272
2011-12-09,0.004290593319522529
2011-12-12,-0.010070433290727876
2011-12-13,0.004081207138228793
2011-12-14,-0.006408185389779608
2011-12-15,0.009079947009582146
2011-12-16,0.007285473487243399
2011-12-19,0.003214343767693917
2011-12-20,0.011196057697372641
2011-12-21,0.00040320792406611794
2011-12-22,0.0017606340239417761
2011-12-23,0.002078780410644354
2011-12-27,-0.001843440245235639
2011-12-28,0.00027315828794405306
2011-12-29,0.002926682135971026
2011-12-30,-0.002591012900093448
2012-01-03,0.013266891416190418
2012-01-04,-0.0013776578838256004
2012-01-05,-0.004917623300054186
2012-01-06,0.0015291165044992727
2012-01-09,-0.0011636812358475357
2012-01-10,0.01111123133185088
2012-01-11,-5.581032751045267e-05
2012-01-12,0.005388936758068841
2012-01-13,-0.004915530310161675
2012-01-17,0.010942015848595998
2012-01-18,-0.00029448539264775864
2012-01-19,0.009318607226942222
2012-01-20,-0.05131990389457297
2012-01-23,0.0018909780767384365
2012-01-24,-0.0008905386409848726
2012-01-25,0.023056709353379112
2012-01-26,0.00418352848206216
2012-01-27,0.00292745361019886
2012-01-30,-0.0033884991599270053
2012-01-31,0.00802613530361862
2012-02-01,0.006960014211491838
2012-02-02,0.007278058158428635
2012-02-03,0.015283219514965252
2012-02-06,-0.013371285114698095
2012-02-07,-0.0027655975611432515
2012-02-08,0.0019547351947173386
2012-02-09,-0.0008700005864566984
2012-02-10,-0.010561391701866096
2012-02-13,0.014863784061720064
2012-02-14,0.0008091954386477695
2012-02-15,0.005808717186267298
2012-02-16,-0.01768412629080618
2012-02-17,-0.00042031410813703207
2012-02-21,-4.5792880931205815e-05
2012-02-22,-0.0008556670692669854
2012-02-23,-0.00044530995859026756
2012-02-24,0.004690670735303604
2012-02-27,0.010066873107406504
2012-02-28,0.009180465524760928
2012-02-29,0.00788925114892991
2012-03-01,0.0033824589986219955
2012-03-02,-1.136001023049893e-05
2012-03-05,-0.004005268329701495
2012-03-06,-0.018152656359297192
2012-03-07,0.006238885354847179
2012-03-08,0.006440578703433175
2012-03-09,0.00350324572235694
2012-03-12,-0.0021471955069494175
2012-03-13,0.012422818121740287
2012-03-14,0.012854203847978196
2012-03-15,0.0075011659872039615
2012-03-16,0.0002486857766812456
2012-03-19,0.003436959220124214
2012-03-20,-0.004487267811852935
2012-03-21,0.004840837164618028
2012-03-22,-0.004675763752715056
2012-03-23,-0.007222244607620776
2012-03-26,0.0039966522490160195
2012-03-27,0.0019145010933323547
2012-03-28,-0.00192963811716651
2012-03-29,-0.005997835824972153
2012-03-30,0.005546943842192453
2012-04-02,0.0030648333557210528
2012-04-03,-0.006782766307814714
2012-04-04,-0.01649274580070481
2012-04-05,-0.007460633706993014
2012-04-09,-0.017746729766267455
2012-04-10,-0.0005862481873964986
2012-04-11,0.012924913905086655
2012-04-12,0.014694190351959513
2012-04-13,-0.007735717054927038
2012-04-16,0.00815410290814822
2012-04-17,0.0017652702553219157
2012-04-18,-0.009401714198588595
2012-04-19,-0.0003801024027565436
2012-04-20,-0.0007937519853207231
2012-04-23,-0.016030652198520956
2012-04-24,0.00265249620632102
2012-04-25,0.019730530003188473
2012-04-26,-0.0033557828248516053
2012-04-27,0.01012840003612614
2012-04-30,-0.0018541034015021607
2012-05-01,-0.0019174146836574701
2012-05-02,-0.0016542268115811165
2012-05-03,0.0031757099591784854
2012-05-04,-0.008139935871979698
2012-05-07,-0.0028067158185471897
2012-05-08,-0.004059445667623285
2012-05-09,-0.014474661035281944
2012-05-10,-0.0013953018516056348
2012-05-11,-0.009635674191484589
2012-05-14,-0.008225327947565142
2012-05-15,0.004106186700465919
2012-05-16,0.003349013553095359
2012-05-17,0.0015200568524671443
2012-05-18,0.006046608401261366
2012-05-21,0.004631017123093217
2012-05-22,0.0065094665378175876
2012-05-23,-0.003396862895859387
2012-05-24,0.004185247928244706
2012-05-25,3.058486010365513e-05
2012-05-29,0.013384327435028043
2012-05-30,-0.008644626329691207
2012-05-31,0.005588649003064328
2012-06-01,-0.020196031740807863
2012-06-04,0.004842055298572179
2012-06-05,0.005910185203866103
2012-06-06,0.008278105147921044
2012-06-07,0.016228745657005605
2012-06-08,-0.003325190020738167
2012-06-11,0.015828053166002443
2012-06-12,0.006349424133291537
2012-06-13,-0.0022124783627819333
2012-06-14,0.000582604145943133
2012-06-15,0.0022105651073931476
2012-06-18,-0.00957232570711497
2012-06-19,0.019315491841743526
2012-06-20,0.003814778363230298
2012-06-21,-0.012528842521940864
2012-06-22,0.008847607258971601
2012-06-25,-0.006430780477200582
2012-06-26,0.0030459376033622476
2012-06-27,0.00026189735303505657
2012-06-28,-0.013290242804245622
2012-06-29,0.02110716300566451
2012-07-02,0.025352963439836618
2012-07-03,0.0015265485863815709
2012-07-05,-0.004592789929733998
2012-07-06,-0.007824359742950482
2012-07-09,-0.002485988943363493
2012-07-10,-0.006611891164373884
2012-07-11,0.0032046234628357873
2012-07-12,-0.007457986117397675
2012-07-13,0.0002686625747423399
2012-07-16,-0.004298358216051734
2012-07-17,0.0021694930519029487
2012-07-18,-0.002198888846324132
2012-07-19,0.015006076733679485
2012-07-20,0.00987093210990131
2012-07-23,-0.022438193815949026
2012-07-24,-0.0021738548373626543
2012-07-25,0.005065657274376134
2012-07-26,0.02154983051401982
2012-07-27,0.008716742793065002
2012-07-30,-0.00894657844752822
2012-07-31,0.005944312604431401
2012-08-01,0.009655912790630827
2012-08-02,-0.009887362924206333
2012-08-03,0.024010877425860278
2012-08-06,0.005572299858847218
2012-08-07,0.022387763473407096
2012-08-08,-0.010283048585777221
2012-08-09,-0.0036136043025655207
2012-08-10,0.0035278896537715987
2012-08-13,-0.00122227318683521
2012-08-14,0.007400615296274005
2012-08-15,0.0018834360070589806
2012-08-16,0.003583385205215839
2012-08-17,-0.042073564009188824
2012-08-20,-0.0026596879510752958
2012-08-21,0.0004296855479288819
2012-08-22,-0.004340779315704535
2012-08-23,-0.0038407041224055583
2012-08-24,-0.0015975266892482853
2012-08-27,0.0004095517863553777
2012-08-28,-0.0029861251473234374
2012-08-29,0.000518078220830942
2012-08-30,-0.002705365122380732
2012-08-31,0.006494697429878515
2012-09-04,-0.003824199501646919
2012-09-05,-0.004884530784996288
2012-09-06,0.006753103694701501
2012-09-07,0.0021071161234189617
2012-09-10,-0.0018449249367340492
2012-09-11,0.00016073865232302254
2012-09-12,0.005210330536361774
2012-09-13,0.002534241118274272
2012-09-14,0.005337984349872649
2012-09-17,0.006622249934395086
2012-09-18,-0.006665082144805656
2012-09-19,0.0026975050496527153
2012-09-20,-0.003941941363309276
2012-09-21,0.0013193946820861946
2012-09-24,-0.012456833136046286
2012-09-25,-0.000954811163392022
2012-09-26,-0.0044465020178374726
2012-09-27,0.0010487876888884973
2012-09-28,-0.002447948242604858
2012-10-01,0.008190075177899825
2012-10-02,0.006629832387475609
2012-10-03,0.004061666222909377
2012-10-04,0.0007671207124586576
2012-10-05,0.004750053304252599
2012-10-08,-0.0056839690187199254
2012-10-09,-0.0016458565097327016
2012-10-10,0.00018444798298955511
2012-10-11,0.0037356962322547815
2012-10-12,-0.0017749757265057564
2012-10-15,0.005818824479153717
2012-10-16,0.010062170940833948
2012-10-17,-0.01243826262108394
2012-10-18,0.0011645936500719323
2012-10-19,0.005070754899480612
2012-10-22,0.01220852853083243
2012-10-23,-0.013642638632042736
2012-10-24,0.015572262268301218
2012-10-25,0.008199605873053795
2012-10-26,-0.0037433533763596705
2012-10-31,0.013743784298408723
2012-11-01,0.010104538371929817
2012-11-02,0.010035565628310206
2012-11-05,-0.0045815091751167936
2012-11-06,0.004288578865810466
2012-11-07,-0.020800848676148176
2012-11-08,0.0016238026119521631
2012-11-09,0.0011109301964400409
2012-11-12,0.001862288796536049
2012-11-13,-0.011282850784443132
2012-11-14,0.01223569737213337
2012-11-15,0.003795153831048781
2012-11-16,0.008578127808654301
2012-11-19,0.013396109658885491
2012-11-20,-0.001952028998621902
2012-11-21,-0.002877542607549355
2012-11-23,0.015210632092436782
2012-11-26,0.004847819111684082
2012-11-27,0.0027798733126533914
2012-11-28,-0.007278774682415112
2012-11-29,-0.010313299275356291
2012-11-30,-0.0005813531070144595
2012-12-03,0.009366170119879502
2012-12-04,0.00028944465126112817
2012-12-05,-0.002311336761303351
2012-12-06,-0.0017575279302159963
2012-12-07,0.0012779269137055405
2012-12-10,-0.0014247548359462847
2012-12-11,0.005302622267763901
2012-12-12,0.0030849252437745722
2012-12-13,0.0012737638405837526
2012-12-14,0.003845575529451528
2012-12-17,0.0010911615611517433
2012-12-18,0.001552442375623686
2012-12-19,0.005801425632987467
2012-12-20,0.004269443538308604
2012-12-21,-0.02526744913407808
2012-12-24,0.003630386191671775
2012-12-26,0.002028546631080097
2012-12-27,0.004669505186434719
2012-12-28,-0.007174702618089612
2012-12-31,-0.0003470318233024239
2013-01-02,0.030057556312955036
2013-01-03,-0.0034406217005058526
2013-01-04,-0.0008334288504329157
2013-01-07,-0.0024695042760914943
2013-01-08,-0.0024352588066793857
2013-01-09,0.005069041531843288
2013-01-10,0.008591364162224835
2013-01-11,-0.0019503303161912955
2013-01-14,-0.000705303386081324
2013-01-15,-0.005414961581795774
2013-01-16,-0.0007804394361476952
2013-01-17,0.0016430061205567892
2013-01-18,-0.0042195311615438325
2013-01-22,0.00045706544925616654
2013-01-23,-0.00039221651206378105
2013-01-24,0.002347564933120827
2013-01-25,0.010124444339690397
2013-01-28,0.012227968327826577
2013-01-29,-0.005104639116197074
2013-01-30,0.0015986455958931778
2013-01-31,0.001646895474824106
2013-02-01,0.018006366363862547
2013-02-04,-0.010364994634034952
2013-02-05,0.0019916281830616445
2013-02-06,0.0029052020729360972
2013-02-07,0.002024788028055502
2013-02-08,0.002058920924270069
2013-02-11,-0.002964957333328355
2013-02-12,-0.001273775610980521
2013-02-13,0.006465514125864269
2013-02-14,0.0013676194709477674
2013-02-15,0.0011130830353778265
2013-02-19,0.006769645713291528
2013-02-20,0.003615364932164189
2013-02-21,-0.004580824424878394
2013-02-22,-0.0009918806882651676
2013-02-25,0.004975323178261881
2013-02-26,0.0038755627971305273
2013-02-27,-0.0004274255491547585
2013-02-28,-0.0002064997948955094
2013-03-01,-0.00486771290487753
2013-03-04,-0.0022626550953740443
2013-03-05,0.014241122947965534
2013-03-06,0.011231935444915075
2013-03-07,0.0007246668600955353
2013-03-08,0.0032402303527345744
2013-03-11,-0.0024788571072803522
2013-03-12,-0.0021307916453007225
2013-03-13,0.008240639249479154
2013-03-14,0.004673596549701564
2013-03-15,0.003153860622871374
2013-03-18,-0.02114322431968718
2013-03-19,0.004507781112722542
2013-03-20,0.007176124317927801
2013-03-21,-0.002329546368430746
2013-03-22,0.02780081765249265
2013-03-25,0.0013407330903252301
2013-03-26,0.006604688196956143
2013-03-27,-0.009849138749450592
2013-03-28,0.0025668040889392785
2013-04-01,0.0032586635665521335
2013-04-02,0.009737158143378055
2013-04-03,0.002817041164175027
2013-04-04,-0.0030608168040324735
2013-04-05,-0.017932910147002934
2013-04-08,0.0008080733058195566
2013-04-09,0.009293855609151525
2013-04-10,0.0012797275003226805
2013-04-11,0.0027435066260530494
2013-04-12,0.005728901376769846
2013-04-15,0.0039318230353491135
2013-04-16,0.00866193747224453
2013-04-17,-0.009239608519302833
2013-04-18,0.007812589211290799
2013-04-19,0.003190933732782897
2013-04-22,0.011107174306957068
2013-04-23,0.08414034700403072
2013-04-24,0.0
2013-04-25,0.0
2013-04-26,0.0
2013-04-29,0.0
2013-04-30,0.0
2013-05-01,-0.001482057739896181
2013-05-02,0.00045954992856067634
2013-05-03,0.02119265290679606
2013-05-06,0.008739243692476473
2013-05-07,0.01906526283739507
2013-05-08,0.010277977433131635
2013-05-09,0.09193007291606525
2013-05-10,0.0
2013-05-13,0.0
2013-05-14,0.0
2013-05-15,0.0
2013-05-16,0.0
2013-05-17,0.006026626320013717
2013-05-20,0.007624598100150148
2013-05-21,-0.0012718344236636314
2013-05-22,0.0003322344915130948
2013-05-23,-0.02771074676788532
2013-05-24,-0.001438583103935298
2013-05-28,0.0262465037196824
2013-05-29,0.0038894510786309233
2013-05-30,-0.005801638413571508
2013-05-31,0.004953733910642688
2013-06-03,0.0029017184389548145
2013-06-04,-0.0002657292751125917
2013-06-05,-0.00471678109709206
2013-06-06,0.000607544657981185
2013-06-07,0.011277703522444726
2013-06-10,-0.007012801842873895
2013-06-11,-0.013215508083704197
2013-06-12,0.016011815332913848
2013-06-13,0.005399258947486274
2013-06-14,0.013100067732127796
2013-06-17,0.03664473768477006
2013-06-18,0.002518617161663572
2013-06-19,-0.0038000370440556264
2013-06-20,-0.015862087950441972
2013-06-21,0.020014228644553267
2013-06-24,-0.018364423270814445
2013-06-25,0.006609688703093974
2013-06-26,0.010534593381481105
2013-06-27,0.0073413468677063776
2013-06-28,-0.004089977513657583
2013-07-01,0.013461337592791223
2013-07-02,-0.0011505154682738272
2013-07-03,0.001036799938402444
2013-07-05,0.013753980507164476
2013-07-08,0.007501497878388275
2013-07-09,0.012267325702219
2013-07-10,-0.008495052836896888
2013-07-11,0.02132923511262841
2013-07-12,0.0030241387744560644
2013-07-15,0.011413723332651005
2013-07-16,0.0004860410278195726
2013-07-17,-0.005237170627867549
2013-07-18,0.006901289471396899
2013-07-19,-0.04866639635767078
2013-07-22,0.0007742969996922255
2013-07-23,0.00401131158850232
2013-07-24,0.011340520463948511
2013-07-25,-0.0067104362790938454
2013-07-26,0.00516593696368961
2013-07-29,0.006300774932624931
2013-07-30,0.0048031175411571425
2013-07-31,0.006569741026024811
2013-08-01,0.008848653297446107
2013-08-02,-0.0049551246838170915
2013-08-05,0.007733585201493032
2013-08-06,-0.0009466036747582951
2013-08-07,-0.007494222549258245
2013-08-08,0.05177068699702336
2013-08-09,0.0
2013-08-12,0.0
2013-08-13,0.0
2013-08-14,0.0
2013-08-15,0.0
2013-08-16,0.00562135662599017
2013-08-19,0.004029560291034073
2013-08-20,0.010720006740083665
2013-08-21,0.001003373035985522
2013-08-22,0.008139799702420625
2013-08-23,0.0009903364306820261
2013-08-26,0.007393731060147957
2013-08-27,-0.013152952200358614
2013-08-28,0.0047137931608967065
2013-08-29,-0.007446480177448089
2013-08-30,0.0005935359833317833
2013-09-03,0.018899030490459046
2013-09-04,0.025593010277198847
2013-09-05,0.003583643424227123
2013-09-06,0.00223016576620938
2013-09-09,-0.0015182493419536591
2013-09-10,0.009646403775631862
2013-09-11,0.0011050487676769194
2013-09-12,0.009729052486775247
2013-09-13,-0.008931146122275857
2013-09-16,0.015399726131898106
2013-09-17,-0.0025683870329873404
2013-09-18,0.003116998834900242
2013-09-19,0.014335531100834409
2013-09-20,0.006535831844185491
2013-09-23,0.0037321127721967606
2013-09-24,-0.004046248984398537
2013-09-25,0.0027294965691644357
2013-09-26,0.009502030810577322
2013-09-27,-0.0027436506362584767
2013-09-30,-0.016605840499261393
2013-10-01,0.001553085342368421
2013-10-02,-0.006468713894518419
2013-10-03,-0.0035253006866657888
2013-10-04,0.009927565175602338
2013-10-07,0.005162821305142229
2013-10-08,0.008578745793366815
2013-10-09,0.0011134061325752675
2013-10-10,0.013880970922409919
2013-10-11,-0.010234851046726723
2013-10-14,-0.01580411571653173
2013-10-15,0.009561154346419132
2013-10-16,0.006477913720285722
2013-10-17,0.00022432020557539012
2013-10-18,0.004051336738320144
2013-10-21,0.0048731789483364985
2013-10-22,0.003026115353347514
2013-10-23,-0.01375767745752865
2013-10-24,-0.0009874206644198136
2013-10-25,-0.000674868959631092
2013-10-28,-0.0015006993811377267
2013-10-29,0.007091945152558621
2013-10-30,0.00851151914192716
2013-10-31,-0.008143944285205706
2013-11-01,0.011628781602005978
2013-11-04,0.014221423581762815
2013-11-05,0.011385491066693731
2013-11-06,-0.06318538760442138
2013-11-07,0.007507766469993626
2013-11-08,-0.008487930448670244
2013-11-11,0.00873704751458182
2013-11-12,-0.0016525859592712022
2013-11-13,-0.0015102950646762592
2013-11-14,0.001572088930739568
2013-11-15,0.008731091108597155
2013-11-18,0.003590841616743834
2013-11-19,-0.0007841171501127286
2013-11-20,0.0017691292248820378
2013-11-21,0.010953993514898785
2013-11-22,-0.0038929403444716293
2013-11-25,0.012695611763903436
2013-11-26,-0.004182562578237237
2013-11-27,0.00851538587691647
2013-11-29,0.014122512959347633
2013-12-02,-0.003761144711512232
2013-12-03,-0.0015902662553071156
2013-12-04,-0.005601769753073138
2013-12-05,-0.0019668681874636107
2013-12-06,0.013486734111851861
2013-12-09,0.007023464646753741
2013-12-10,-0.0015572779752816013
2013-12-11,-0.006632488804211856
2013-12-12,0.012935237459348992
2013-12-13,0.0036423345151592734
2013-12-16,0.0006715050341279394
2013-12-17,0.007010520652853902
2013-12-18,-0.006101481487108207
2013-12-19,-0.008685896392593873
2013-12-20,0.0029382185190562904
2013-12-23,-0.007692557095334784
2013-12-24,0.00458750818351672
2013-12-26,0.00315553868717533
2013-12-27,0.00199083311475845
2013-12-30,-0.0035697007773811684
2013-12-31,0.005144947608259676
2014-01-02,-0.000671660444429345
2014-01-03,-0.006456707649084681
2014-01-06,-0.0011705228829961278
2014-01-07,0.00855706498371056
2014-01-08,0.036802270042169516
2014-01-09,-0.00045347953442820277
2014-01-10,0.003639723662804073
2014-01-13,0.00015204810806124236
2014-01-14,-0.001197340450811657
2014-01-15,0.004562249434317378
2014-01-16,-0.0010532866857378975
2014-01-17,-0.0037602045369028447
2014-01-21,0.009422629653414116
2014-01-22,-0.002962401206754839
2014-01-23,-0.015091543633701132
2014-01-24,-0.005217285084394341
2014-01-27,0.006891494012601029
2014-01-28,0.002780055234905543
2014-01-29,-0.005812413608572986
2014-01-30,0.06288706593868643
2014-01-31,0.0
2014-02-03,0.0
2014-02-04,0.0
2014-02-05,0.0
2014-02-06,0.0
2014-02-07,-0.002579886506199336
2014-02-10,-0.004182019710440299
2014-02-11,-0.0008410026536790349
2014-02-12,0.002949974905545494
2014-02-13,-0.007421683828497949
2014-02-14,0.007818347385294633
2014-02-18,0.001737664854085219
2014-02-19,-0.00036309590067873376
2014-02-20,0.002150044455647482
2014-02-21,0.005351919360537805
2014-02-24,0.0007274580498581873
2014-02-25,0.00337734072302065
2014-02-26,0.0005327567283501811
2014-02-27,0.0014017487298301212
2014-02-28,-0.0009040388486206696
2014-03-03,-0.013721117401921945
2014-03-04,0.017155205106081484
2014-03-05,0.0047782186417411054
2014-03-06,0.003564768617676517
2014-03-07,0.0027973151589550938
2014-03-10,0.0028118166838211334
2014-03-11,0.00878992121233968
2014-03-12,-0.0038473954285029865
2014-03-13,0.0047216975018937735
2014-03-14,-0.002050542784688303
2014-03-17,0.005799192198062464
2014-03-18,0.0029690183082737853
2014-03-19,0.00045992802246042075
2014-03-20,-0.0024978232774611753
2014-03-21,0.005801735078126979
2014-03-24,0.0031304301633292564
2014-03-25,0.010808896564749482
2014-03-26,0.016148778979613976
2014-03-27,0.0025509477080101206
2014-03-28,0.0015940468345316816
2014-03-31,0.013967889908180098
2014-04-01,0.0047736137260288025
2014-04-02,0.009216082368082468
2014-04-03,0.00694821768202325
2014-04-04,0.017977455106149565
2014-04-07,-0.008470820112347122
2014-04-08,0.01900953302936581
2014-04-09,0.02113253543878124
2014-04-10,0.003980659175746082
2014-04-11,-0.017928236694686128
2014-04-14,0.014634871607508648
2014-04-15,0.005332887286006116
2014-04-16,0.011356540844439822
2014-04-17,0.009740331552078985
2014-04-21,0.02220496443455411
2014-04-22,0.003101298548906728
2014-04-23,0.0050543359006154365
2014-04-24,0.015524659725540735
2014-04-25,-0.012794736905812232
2014-04-28,0.008009056444169493
2014-04-29,0.006159796014204799
2014-04-30,0.0010704592593848705
2014-05-01,-0.0015605843190750202
2014-05-02,0.010443949900653005
2014-05-05,-0.0028345511820045965
2014-05-06,0.020322686745324336
2014-05-07,0.0022647279943082133
2014-05-08,-0.00167370603418604
2014-05-09,-0.0016565476345349328
2014-05-12,0.009002015801756524
2014-05-13,0.0018315866121636493
2014-05-14,-0.00622608462063623
2014-05-15,-0.00034594631585382896
2014-05-16,0.00024792271761509
2014-05-19,0.006707905495050959
2014-05-20,0.0032643110004522136
2014-05-21,0.0049901853274580965
2014-05-22,-0.0015053918630767438
2014-05-23,0.003910000511029521
2014-05-27,0.006599241453399296
2014-05-28,0.001813159061237135
2014-05-29,0.0046051179927262265
2014-05-30,0.007455038835215699
2014-06-02,0.004175934616533095
2014-06-03,-0.004528485018347794
2014-06-04,-0.005123025621313504
2014-06-05,0.0035817713486765435
2014-06-06,0.009052648475079694
2014-06-09,0.0009157385406586283
2014-06-10,0.0007039116876550455
2014-06-11,0.01199559529057126
2014-06-12,-0.0031381266426689924
2014-06-13,0.012683711819835741
2014-06-16,0.003869802722696214
2014-06-17,0.0010469215372335139
2014-06-18,0.004126990144036613
2014-06-19,0.004393770716591305
2014-06-20,0.0028402353361505206
2014-06-23,0.005092120466097416
2014-06-24,0.004889940503539192
2014-06-25,-0.001601075042796718
2014-06-26,0.0005740619969809568
2014-06-27,-0.002752943533379293
2014-06-30,0.010347107586831106
2014-07-01,0.009590396739751261
2014-07-02,0.003949418726685527
2014-07-03,0.007604098008120674
2014-07-07,-0.0013490671629993178
2014-07-08,-0.0009597579378474164
2014-07-09,-0.0017320966838736407
2014-07-10,-0.022965506296105165
2014-07-11,0.0007047588503676927
2014-07-14,0.007701170130764767
2014-07-15,0.002470756581118172
2014-07-16,0.01569391181323554
2014-07-17,-0.011992274103443834
2014-07-18,0.004144983206725517
2014-07-21,-0.003954609404579812
2014-07-22,0.004553298565364683
2014-07-23,-0.002159142971713046
2014-07-24,0.01507642790458985
2014-07-25,-0.00155679839983891
2014-07-28,-0.00015748007082261317
2014-07-29,0.0027518605696223997
2014-07-30,0.010183255380108669
2014-07-31,-0.02261068892959539
2014-08-01,0.002756791833038008
2014-08-04,0.003931709882212697
2014-08-05,-0.0060657810156022895
2014-08-06,-0.004473519827034367
2014-08-07,0.0025212259722735553
2014-08-08,0.0032740879264174794
2014-08-11,0.006916567678317831
2014-08-12,-0.003131804529718951
2014-08-13,0.008629355824045781
2014-08-14,-0.003967034049680129
2014-08-15,0.009392432067389045
2014-08-18,-0.0052337553131874825
2014-08-19,0.0027326416684843036
2014-08-20,-0.0006220517311755769
2014-08-21,-0.0026991003633120014
2014-08-22,0.0045831176395427775
2014-08-25,0.005684744708943423
2014-08-26,0.0009360523041943569
2014-08-27,0.004168115408504924
2014-08-28,-0.0010657169425887236
2014-08-29,0.013420184003365643
2014-09-02,0.006308158580817569
2014-09-03,0.0023148086531339374
2014-09-04,0.003820647303844016
2014-09-05,0.002806244159193838
2014-09-08,0.0027292541906005496
2014-09-09,-0.0013386880885012387
2014-09-10,0.005423450741380398
2014-09-11,-0.005095393489509159
2014-09-12,-0.00016284639195240924
2014-09-15,5.949962056206459e-05
2014-09-16,-0.0013074705394705566
2014-09-17,0.00584206485920058
2014-09-18,0.007727716287120989
2014-09-19,0.005969444897488074
2014-09-22,-0.002439619300419027
2014-09-23,-0.0030426412302205774
2014-09-24,0.008108853422950535
2014-09-25,0.0010606119874299047
2014-09-26,0.022545300836291915
2014-09-29,-0.013818643207990644
2014-09-30,0.002837391019675062
2014-10-01,0.0005084819107006311
2014-10-02,-0.0021623533117718363
2014-10-03,0.0074603804448829525
2014-10-06,-0.001349917491444086
2014-10-07,-0.005937218267948796
2014-10-08,0.0008738499296669922
2014-10-09,-0.005240808473689462
2014-10-10,-0.024914232704578154
2014-10-13,0.016133757816154448
2014-10-14,0.025972265154732277
2014-10-15,-0.02103502935975765
2014-10-16,-0.0171847223650905
2014-10-17,0.018892608594124338
2014-10-20,0.002588093609390274
2014-10-21,0.013600600794937412
2014-10-22,0.004432202950493069
2014-10-23,0.012766968556287228
2014-10-24,0.00567519674590633
2014-10-27,0.007920929479480643
2014-10-28,0.006798632418193007
2014-10-29,-0.0001878510029025282
2014-10-30,-0.010084721959484622
2014-10-31,0.027533785603662375
2014-11-03,0.0012281356901666651
2014-11-04,-0.0024376511642696386
2014-11-05,0.001857675941818293
2014-11-06,0.0012096561966632446
2014-11-07,0.0016404779623002685
2014-11-10,0.000610714655286948
2014-11-11,0.0015637252896967269
2014-11-12,-0.001951060500613222
2014-11-13,0.0007279319614112989
2014-11-14,-0.000450148197490563
2014-11-17,0.0017880387699875655
2014-11-18,0.0008805954461688081
2014-11-19,0.0012255995618570825
2014-11-20,-0.0026814584150806064
2014-11-21,0.015746847104104678
2014-11-24,0.009405027614321826
2014-11-25,0.005591091162608697
2014-11-26,0.00011590494080904179
2014-11-28,0.001295822847579231
2014-12-01,-0.002289759342035791
2014-12-02,0.00027586936068102474
2014-12-03,0.007721250072097119
2014-12-04,0.021136943829381583
2014-12-05,0.002773947890409856
2014-12-08,-0.010980337005771834
2014-12-09,-0.03314794626378026
2014-12-10,-0.0037981390451489183
2014-12-11,0.020650907541766905
2014-12-12,-0.012484818016080701
2014-12-15,0.007748929205551036
2014-12-16,-0.0052535265937773135
2014-12-17,0.021939096106043277
2014-12-18,0.01944825445128373
2014-12-19,0.0008892924280119452
2014-12-22,0.01667170048435085
2014-12-23,0.011857670461632441
2014-12-24,0.005330968322437624
2014-12-26,0.0025904647287222637
2014-12-29,-0.003235722326546231
2014-12-30,-0.00489076436482061
2014-12-31,0.0014032078501018397
2015-01-02,0.003977772528237944
2015-01-05,-0.006487492885932422
2015-01-06,0.0038357172855922883
2015-01-07,0.01459222448404418
2015-01-08,0.011547741580675952
2015-01-09,0.007529124380233343
2015-01-12,0.003406982358832744
2015-01-13,0.00586579595744352
2015-01-14,-0.010105349835717647
2015-01-15,0.0035185496953256123
2015-01-16,-0.002302508608051923
2015-01-20,0.0012871518967636497
2015-01-21,-0.0034969497867718413
2015-01-22,0.002982194701690144
2015-01-23,-0.004113701504371847
2015-01-26,-0.0014852360358220684
2015-01-27,-0.016710000811044234
2015-01-28,0.012030115341270076
2015-01-29,1.8718796423122797e-05
2015-01-30,-0.008861698433469734
2015-02-02,0.0030959431553290173
2015-02-03,0.0006241447534680589
2015-02-04,-0.007396619113094194
2015-02-05,0.0039573096174576605
2015-02-06,0.004341577045325451
2015-02-09,-0.0036064495631658033
2015-02-10,0.009611974762968156
2015-02-11,0.0022937798733078107
2015-02-12,0.008072060156259608
2015-02-13,0.009202288765111533
2015-02-17,0.004229539666960491
2015-02-18,0.0016290703916170823
2015-02-19,0.0017566211032422618
2015-02-20,0.001746368135160381
2015-02-23,0.00474885018045601
2015-02-24,0.003323011972831802
2015-02-25,-0.0002901798674842526
2015-02-26,0.03314775953297655
2015-02-27,0.0034510731991794774
2015-03-02,0.03897587836658434
2015-03-03,-0.013452907712620421
2015-03-04,-0.003727587858103898
2015-03-05,-0.0023783844745468574
2015-03-06,-0.0029330622344503343
2015-03-09,0.0002876704152849907
2015-03-10,-0.010255626036260512
2015-03-11,8.713642404689637e-05
2015-03-12,0.0008308432593449044
2015-03-13,-0.003255493172286239
2015-03-16,0.006558077704534648
2015-03-17,-0.006003121336651707
2015-03-18,-0.0023747729715205557
2015-03-19,-0.00341779398441322
2015-03-20,0.004373023139693899
2015-03-23,-0.0017895070156521697
2015-03-24,-0.0004719525866835328
2015-03-25,-0.0012758414295376275
2015-03-26,-0.007581215613142622
2015-03-27,0.0003510585796018262
2015-03-30,0.007627178948168778
2015-03-31,-0.00021456888655158046
2015-04-01,0.0014393486739545658
2015-04-02,0.010794938018043654
2015-04-06,-0.008692035970139012
2015-04-07,0.0008291403735352088
2015-04-08,-0.0037700884782765343
2015-04-09,-0.005808063628082727
2015-04-10,0.0009470697140065987
2015-04-13,0.0003977918007642689
2015-04-14,-0.0038948154265810997
2015-04-15,0.006385355486643096
2015-04-16,-0.007307157218663374
2015-04-17,-0.014422035565545221
2015-04-20,0.004469277682358497
2015-04-21,0.008394922786213233
2015-04-22,0.004507944463304492
2015-04-23,-0.01955102095897876
2015-04-24,0.0014206194525592242
2015-04-27,0.0030246429556937127
2015-04-28,-0.0005319165276196358
2015-04-29,-0.009783431722733993
2015-04-30,-0.0035482575761460744
2015-05-01,0.007801664080123727
2015-05-04,0.0008226267672597487
2015-05-05,0.002592457512560209
2015-05-06,0.006862890755724438
2015-05-07,-0.0007596770241294903
2015-05-08,0.008277055896785734
2015-05-11,0.0016594374917153765
2015-05-12,-0.003788672677336735
2015-05-13,0.006684305509182975
2015-05-14,0.005817954642447498
2015-05-15,0.0035496928337217515
2015-05-18,-0.010895353625775428
2015-05-19,0.004338338221373306
2015-05-20,0.0008893474069044949
2015-05-21,0.0011272702146092328
2015-05-22,0.0026742947982483223
2015-05-26,0.005348873606246141
2015-05-27,0.002943141059577048
2015-05-28,0.010703015438157548
2015-05-29,0.0020143997851060913
2015-06-01,0.004559568555816629
2015-06-02,-0.003266366700398038
2015-06-03,0.00768496359368287
2015-06-04,-0.005540675005551887
2015-06-05,-0.001475883838941483
2015-06-08,-0.0026073424899236697
2015-06-09,0.000947401296942596
2015-06-10,-0.00026357956199285493
2015-06-11,-0.0014542245418567301
2015-06-12,-0.005525587714949709
2015-06-15,-0.016916210900035034
2015-06-16,-0.004223722681831021
2015-06-17,0.0004567531876114028
2015-06-18,0.005053692608083082
2015-06-19,0.004518696947718892
2015-06-22,-0.0009229354863817818
2015-06-23,0.002194167951848902
2015-06-24,-0.00016340615119025959
2015-06-25,0.001350882215704452
2015-06-26,-0.05562638362412098
2015-06-29,-0.009530026256418522
2015-06-30,0.009355360632397058
2015-07-01,0.01571452586444466
2015-07-02,0.0009698817015499905
2015-07-06,-0.010379476431289003
2015-07-07,-0.006061133511724881
2015-07-08,-0.013123753651178571
2015-07-09,0.015341089089222493
2015-07-10,0.012951668832611896
2015-07-13,0.01226179194829613
2015-07-14,0.04163812914472542
2015-07-15,-0.004464969782641437
2015-07-16,0.013211391958414254
2015-07-17,-0.001872289460850718
2015-07-20,0.0015569777399186968
2015-07-21,-0.00042022069691549646
2015-07-22,-0.02704890031284224
2015-07-23,0.010887688188066846
2015-07-24,0.004482029766903706
2015-07-27,-0.010211538629653849
2015-07-28,0.00758112582020809
2015-07-29,0.0030762058661091274
2015-07-30,-0.010210201844064848
2015-07-31,0.005143933786559085
2015-08-03,0.00788363247407231
2015-08-04,0.0011701416766174422
2015-08-05,0.009893797511073776
2015-08-06,0.0003175307761140722
2015-08-07,0.02187099309445739
2015-08-10,0.0027668286289190824
2015-08-11,-0.01256628057681819
2015-08-12,-0.016672476217678867
2015-08-13,0.0008626473730981576
2015-08-14,0.00033678243843948685
2015-08-17,-0.011755263176096653
2015-08-18,-0.004625239408646231
2015-08-19,-0.0050819659081612345
2015-08-20,-0.01906036396122024
2015-08-21,-0.0169286438687426
2015-08-24,-0.06613356999792097
2015-08-25,0.04443270389151155
2015-08-26,0.03135444177733282
2015-08-27,0.020704516959246355
2015-08-28,0.010410540649560929
2015-08-31,-0.005216992258408881
2015-09-01,-0.03380424696424844
2015-09-02,0.022573666682590865
2015-09-03,0.010653701982443975
2015-09-04,-0.018328130488041938
2015-09-08,0.034282873679235104
2015-09-09,0.010696734694876753
2015-09-10,-0.0013067142710986301
2015-09-11,-0.008628941267238566
2015-09-14,0.007213934087810792
2015-09-15,0.005728967266268148
2015-09-16,-0.0019659691437681204
2015-09-17,0.005822667428568629
2015-09-18,-0.016562160063527842
2015-09-21,0.005047860732591891
2015-09-22,-0.021636381243041014
2015-09-23,0.0010447385530176767
2015-09-24,-0.00607747487252408
2015-09-25,0.009119814831252127
2015-09-28,-0.007416961962855018
2015-09-29,0.011241926836984328
2015-09-30,0.01711110518411041
2015-10-01,-0.005310033049717777
2015-10-02,0.007789563947106171
2015-10-05,0.007721143266125496
2015-10-06,-0.0021134100280914003
2015-10-07,0.004663271186465812
2015-10-08,-0.0027390575726748967
2015-10-09,-0.0036446678622144013
2015-10-12,0.007256107048838167
2015-10-13,-0.006630657125540562
2015-10-14,0.00827407999841312
2015-10-15,0.0008426079941357134
2015-10-16,0.001189675249299471
2015-10-19,-0.00040801896188802367
2015-10-20,-0.007334575559960865
2015-10-21,-0.004463019764091913
2015-10-22,0.006381209446351344
2015-10-23,0.012187303858285814
2015-10-26,-0.005223939513703146
2015-10-27,-0.004248018430448086
2015-10-28,0.013561897442446735
2015-10-29,-0.025852213292362203
2015-10-30,0.009217931007710733
2015-11-02,0.01054391502530283
2015-11-03,-0.001061045831170837
2015-11-04,0.005663041664875079
2015-11-05,0.010099815873936269
2015-11-06,-0.0009924630510458332
2015-11-09,-0.006386867402396246
2015-11-10,-0.0038351013210710105
2015-11-11,0.005651087583456338
2015-11-12,-0.002970933871137893
2015-11-13,-0.010716586080694701
2015-11-16,-0.006265879940736796
2015-11-17,0.0017901755250990803
2015-11-18,0.004635750748055223
2015-11-19,0.0394758282459049
2015-11-20,0.010927042733515746
2015-11-23,-0.0031727409166071308
2015-11-24,-0.010315095396701723
2015-11-25,0.0007027392703113922
2015-11-27,-0.0019201833376160105
2015-11-30,0.0027894396834358126
2015-12-01,0.0031284955051094077
2015-12-02,0.0020822496665517942
2015-12-03,0.005519275947326374
2015-12-04,0.0005300655971907098
2015-12-07,0.0013055182339829496
2015-12-08,-0.011122960953043437
2015-12-09,-0.0015068403857251278
2015-12-10,0.0018748277228937127
2015-12-11,-0.013758626409664632
2015-12-14,0.001514104082134038
2015-12-15,0.009689057086194275
2015-12-16,0.00603941884914283
2015-12-17,0.004550447089809007
2015-12-18,-0.00446648535972527
2015-12-21,0.008548802343945283
2015-12-22,0.0036973179697936676
2015-12-23,0.0037368964179320674
2015-12-24,-0.001179697366524679
2015-12-28,-0.0003134134202664729
2015-12-29,0.003597524559476817
2015-12-30,-0.001295876833271259
2015-12-31,-0.002991555314608374
2016-01-04,-0.023215793365584547
2016-01-05,0.010398298829979113
2016-01-06,-0.01600467499000513
2016-01-07,-0.019954723167811772
2016-01-08,0.009674234452597519
2016-01-11,0.0018101435701007862
2016-01-12,0.012074938916039946
2016-01-13,0.006523578428733634
2016-01-14,-0.0022859641895339733
2016-01-15,-0.03358461028713222
2016-01-19,0.015665476023906777
2016-01-20,-0.018712095313451527
2016-01-21,0.006166199475023726
2016-01-22,0.021411360990636785
2016-01-25,-0.001609079279930814
2016-01-26,0.002447163296771082
2016-01-27,0.0007839006602909926
2016-01-28,0.022862906173059416
2016-01-29,0.0025293839572155807
2016-02-01,0.008435859099579002
2016-02-02,-0.010833277681202236
2016-02-03,0.010145583432472849
2016-02-04,0.0004389939664193321
2016-02-05,-0.0005867886186006199
2016-02-08,-0.006592386947957496
2016-02-09,-0.0069271855733537
2016-02-10,0.005945344201031766
2016-02-11,-0.013387633572476743
2016-02-12,0.009097621483247886
2016-02-16,0.010717142961427228
2016-02-17,0.005600133174283872
2016-02-18,0.02769677875546117
2016-02-19,-0.002264704307338272
2016-02-22,0.008100466768483638
2016-02-23,-0.0019873060738089254
2016-02-24,-0.006056370673277023
2016-02-25,0.002188927278936159
2016-02-26,0.0039679642474779175
2016-02-29,7.436287411710651e-05
2016-03-01,0.003249565351362449
2016-03-02,-0.003626843885808251
2016-03-03,0.002958348411678635
2016-03-04,0.019755098613871924
2016-03-07,-0.011968486111956445
2016-03-08,-0.005495444451908638
2016-03-09,0.005872970514107845
2016-03-10,0.006072867874793886
2016-03-11,0.0057353713101628845
2016-03-14,-0.004607485091699615
2016-03-15,0.0008431818608711783
2016-03-16,-0.005623358284521318
2016-03-17,-0.0018185681399266462
2016-03-18,0.002377632508904881
2016-03-21,-0.0011784389134676942
2016-03-22,-0.0015675428111462386
2016-03-23,0.001655812130360923
2016-03-24,-0.006133836354631272
2016-03-28,-0.0009878621875514249
2016-03-29,-0.0055679609532334196
2016-03-30,0.0017023150540371734
2016-03-31,-0.0028555461816197614
2016-04-01,-0.005400446530158254
2016-04-04,0.002366264033362153
2016-04-05,-0.004441087018064227
2016-04-06,-0.006838979097723019
2016-04-07,-0.001648702137882485
2016-04-08,0.005137039499539142
2016-04-11,0.004126485919668799
2016-04-12,0.002737145975204802
2016-04-13,0.0003637258223387896
2016-04-14,-0.0051719282905084984
2016-04-15,-0.0016935747743839213
2016-04-18,-0.0020155922192417464
2016-04-19,-0.00034450567182475744
2016-04-20,-0.0007910094514435029
2016-04-21,-0.0014149711220093897
2016-04-22,-0.0011528470330280927
2016-04-25,-0.001349272320224415
2016-04-26,0.010220489243148556
2016-04-27,-0.00898493015534263
2016-04-28,-0.00705259515654133
2016-04-29,-0.007728095707740468
2016-05-02,0.004616129823255655
2016-05-03,-0.009315119734083943
2016-05-04,-0.007293853422080443
2016-05-05,0.007558712400234757
2016-05-06,-0.004168425712697599
2016-05-09,0.001107594922030053
2016-05-10,0.0024802708699371845
2016-05-11,-0.0016804056180951266
2016-05-12,0.005078689328429586
2016-05-13,0.03283851816984629
2016-05-16,-0.0017598329471366636
2016-05-17,-0.0026678969010686115
2016-05-18,-0.0037187501062987405
2016-05-19,-0.0054517405955979426
2016-05-20,0.03561584643412741
2016-05-23,0.007329488148062557
2016-05-24,0.00404189178823211
2016-05-25,0.006210516753261119
2016-05-26,0.0011654896643777946
2016-05-27,0.002147612245959607
2016-05-31,0.0013380142482157797
2016-06-01,-0.005259458923614124
2016-06-02,0.0043686548541881365
2016-06-03,0.018620205340960094
2016-06-06,0.002992983428721896
2016-06-07,0.004972604537050618
2016-06-08,-0.001030504655017861
2016-06-09,-0.0070832185194932284
2016-06-10,-0.008213076464620328
2016-06-13,-0.002295296327305296
2016-06-14,-0.0053882593256063815
2016-06-15,0.004871317703742939
2016-06-16,-0.007836145553336338
2016-06-17,-0.00014197785332548118
2016-06-20,0.01984886705493527
2016-06-21,0.0022481248617525207
2016-06-22,0.001316810100267407
2016-06-23,0.01828129547147106
2016-06-24,-0.05249776424559105
2016-06-27,-0.005496323087399446
2016-06-28,0.02945843173917706
2016-06-29,0.01977912982608454
2016-06-30,0.0026938841965638005
2016-07-01,-0.007867362427919078
2016-07-05,-0.006440540978568832
2016-07-06,-0.008759476459360482
2016-07-07,0.004500497972963258
2016-07-08,-0.005524939351731484
2016-07-11,0.007681920079245286
2016-07-12,0.0059698280016333705
2016-07-13,0.0016804850321026077
2016-07-14,0.007884959590028329
2016-07-15,-0.001678329045188498
2016-07-18,0.009758383275719762
2016-07-19,-0.0020468891759518604
2016-07-20,0.007707804917967964
2016-07-21,-5.900374389855578e-06
2016-07-22,0.03579034075828691
2016-07-25,0.008033792224214631
2016-07-26,0.008057803858301904
2016-07-27,0.0013666484112755395
2016-07-28,-0.003138005495448737
2016-07-29,0.0036775972931057943
2016-08-01,0.0043802603038229915
2016-08-02,-0.0029370616924386805
2016-08-03,-0.005574801735580115
2016-08-04,0.006363720808728379
2016-08-05,0.010124190750812945
2016-08-08,0.00961759627404457
2016-08-09,0.0066296224693001005
2016-08-10,-0.009558405224963207
2016-08-11,0.00417294164227644
2016-08-12,0.013793902380754952
2016-08-15,0.006039921411382654
2016-08-16,-0.0014413111480273688
2016-08-17,-0.0013615348036979391
2016-08-18,0.006289978705491306
2016-08-19,0.025084222419332836
2016-08-22,0.008629046754265124
2016-08-23,0.009204720020946633
2016-08-24,0.0011656626651692648
2016-08-25,0.0020138113205045993
2016-08-26,0.0032208768845998215
2016-08-29,0.00296023391338629
2016-08-30,0.0020010065259918886
2016-08-31,0.0008727824012457752
2016-09-01,-0.008521028650108065
2016-09-02,0.013445497051384203
2016-09-06,0.005388064340397181
2016-09-07,-0.01030677028265814
2016-09-08,-0.009679825433858924
2016-09-09,-0.005963885992966045
2016-09-12,-0.012345066032841023
2016-09-13,-0.006415753437719052
2016-09-14,0.003947358064874562
2016-09-15,0.0027205680811648314
2016-09-16,0.0242783548094454
2016-09-19,0.010218085714910119
2016-09-20,0.009576182912681919
2016-09-21,0.009125772053040437
2016-09-22,0.009473820474083183
2016-09-23,-0.005382632384653752
2016-09-26,-0.00678568044798622
2016-09-27,0.008825653806757261
2016-09-28,0.004992884110430973
2016-09-29,-0.0013695040588805885
2016-09-30,0.0073200260270032125
2016-10-03,0.005866415275931791
2016-10-04,0.0075851372611943635
2016-10-05,-0.0018509161728899048
2016-10-06,-0.008086024756894239
2016-10-07,0.00012385762974420622
2016-10-10,0.007284270087701605
2016-10-11,-0.004946899412842765
2016-10-12,0.006213750104746563
2016-10-13,-0.014326593664322762
2016-10-14,0.02972687141019481
2016-10-17,0.006204013184044843
2016-10-18,0.01343731215760946
2016-10-19,-0.01158767785082171
2016-10-20,0.002590093430368645
2016-10-21,-0.027087661523041096
2016-10-24,0.007384523628565232
2016-10-25,-0.00501465580183047
2016-10-26,-0.01178828671387111
2016-10-27,0.012800666954513096
2016-10-28,0.0024656395206947845
2016-10-31,0.009527505504698386
2016-11-01,0.006144376908158611
2016-11-02,-0.0008511893149460992
2016-11-03,0.0021377956458317193
2016-11-04,-0.00591373363057468
2016-11-07,0.02824905080191309
2016-11-08,-0.0055396101639186845
2016-11-09,-0.03213356677554513
2016-11-10,0.004433288212801312
2016-11-11,0.07749953968371814
2016-11-14,0.0
2016-11-15,0.0
2016-11-16,0.0
2016-11-17,0.0
2016-11-18,0.0
2016-11-21,0.011852926747513148
2016-11-22,0.00781401313611818
2016-11-23,4.188030086860195e-05
2016-11-25,0.002265947427707582
2016-11-28,-0.002099068082271782
2016-11-29,0.00486075742965375
2016-11-30,0.0073567180035529756
2016-12-01,0.0029141404814345684
2016-12-02,-0.0060447750031822345
2016-12-05,0.015781227571213474
2016-12-06,0.011745238275406189
2016-12-07,0.012786547290674966
2016-12-08,0.017331149557019643
2016-12-09,0.004986164751717981
2016-12-12,-0.008469470315668137
2016-12-13,0.006042929061312874
2016-12-14,-0.0017816733658153616
2016-12-15,0.00699463681056911
2016-12-16,0.010180429131792401
2016-12-19,0.0049646977488877475
2016-12-20,0.023205942179767236
2016-12-21,0.005999867898370814
2016-12-22,0.046088055659815996
2016-12-23,-0.012617449642906897
2016-12-27,0.010227744213392453
2016-12-28,0.013708006599505662
2016-12-29,-0.025145539100006498
2016-12-30,0.004121829158638457
2017-01-03,-0.0026748685214327272
2017-01-04,0.006898986769059423
2017-01-05,0.0010434084021719858
2017-01-06,0.007531856829729122
2017-01-09,0.0012532121198836066
2017-01-10,0.0036858164738615695
2017-01-11,-0.0010006899751840992
2017-01-12,-0.014322245106367593
2017-01-13,0.0008473430420370409
2017-01-17,-0.018811868544076127
2017-01-18,-0.013292436928093454
2017-01-19,-0.010508017682651083
2017-01-20,0.009586418829904853
2017-01-23,-0.003066260062139836
2017-01-24,0.008432459871602127
2017-01-25,0.02294358854290124
2017-01-26,0.0037358229654229635
2017-01-27,0.0035277860798221816
2017-01-30,-0.006182947187623022
2017-01-31,-0.006726648215456765
2017-02-01,0.025734802760837727
2017-02-02,-0.007075649922985483
2017-02-03,0.004095416737552426
2017-02-06,0.003935379555986218
2017-02-07,0.01764484723076931
2017-02-08,-0.008791718708649587
2017-02-09,0.013545602811267488
2017-02-10,0.02464137179066217
2017-02-13,0.002548045343875316
2017-02-14,-0.010213645109284575
2017-02-15,-0.0018614148102786832
2017-02-16,0.00022918366552215907
2017-02-17,-0.005900299887105054
2017-02-21,0.014071482601993868
2017-02-22,0.009877430027319223
2017-02-23,-0.015311636568720033
2017-02-24,-0.026175311531619894
2017-02-27,0.007693449372492944
2017-02-28,0.007148359732682463
2017-03-01,0.0321188772191352
2017-03-02,-0.005449706677145838
2017-03-03,-0.003093528108283561
2017-03-06,-0.006658133506409425
2017-03-07,-0.0011779492269702319
2017-03-08,0.01172531934495935
2017-03-09,0.0016310713843101787
2017-03-10,0.0095934731694709
2017-03-13,0.017851719620050943
2017-03-14,-0.006260878451499585
2017-03-15,-0.00571892101858118
2017-03-16,-0.0021116865818365804
2017-03-17,-0.0007570385408925961
2017-03-20,0.00938100750347104
2017-03-21,-0.0009872605994034611
2017-03-22,-0.0015677436169820869
2017-03-23,-0.00045936893576936644
2017-03-24,0.05559627555944524
2017-03-27,0.0
2017-03-28,0.0
2017-03-29,0.0
2017-03-30,0.0
2017-03-31,0.0
2017-04-03,0.0017832589861250803
2017-04-04,-0.0248086843464973
2017-04-05,0.0008940628617881696
2017-04-06,-0.01706105446265449
2017-04-07,0.00038730581326706925
2017-04-10,-0.0007184469477140576
2017-04-11,-0.007883469356400497
2017-04-12,-0.0011279901008943716
2017-04-13,-0.011636225487735352
2017-04-17,0.009891666964480184
2017-04-18,-0.0077155492852512
2017-04-19,0.009794674614201693
2017-04-20,0.008542095411954165
2017-04-21,-0.0016684853794931565
2017-04-24,0.015218007189979454
2017-04-25,0.006459198407555045
2017-04-26,-0.005042901101891317
2017-04-27,0.006186656679722402
2017-04-28,0.006513744068254557
2017-05-01,0.006832502001466345
2017-05-02,-0.04978023303097112
2017-05-03,-0.0030292705418532018
2017-05-04,0.005218204981574992
2017-05-05,-0.0003985535188650857
2017-05-08,-0.005043052582621388
2017-05-09,0.0013399389970185638
2017-05-10,0.047193853787667495
2017-05-11,-0.006657755511340291
2017-05-12,0.005060785121788092
2017-05-15,0.010521490789286325
2017-05-16,0.013183144790982926
2017-05-17,-0.03898861538664944
2017-05-18,0.00024743468824794945
2017-05-19,0.019534797251191893
2017-05-22,0.01122839108895124
2017-05-23,4.3865581181412594e-05
2017-05-24,0.016578389486427536
2017-05-25,0.009527607375469982
2017-05-26,-0.006554412218715999
2017-05-30,0.004872112253183403
2017-05-31,0.01264949658659864
2017-06-01,0.0030485069619321514
2017-06-02,-2.1898146249199613e-05
2017-06-05,-0.004065807692576473
2017-06-06,-0.0027095482198863374
2017-06-07,0.004790654958747753
2017-06-08,0.016530577216167908
2017-06-09,0.013848445061929615
2017-06-12,-0.015504073940905472
2017-06-13,0.011068413858646098
2017-06-14,0.0038629522130713134
2017-06-15,-0.02173297833576293
2017-06-16,0.001300089433431184
2017-06-19,0.01739106403984847
2017-06-20,0.005784207081229953
2017-06-21,0.0026833716031893218
2017-06-22,0.0014475091827867992
2017-06-23,-0.004751006977833705
2017-06-26,0.011487452070904736
2017-06-27,-0.00445045227907892
2017-06-28,0.016047091874791697
2017-06-29,-0.00513515095668271
2017-06-30,0.01068084416445969
2017-07-03,0.007882488656702158
2017-07-05,0.005714985704691866
2017-07-06,-0.018994686080770262
2017-07-07,0.01171280838456723
2017-07-10,0.005986322069190919
2017-07-11,0.0008190402246492923
2017-07-12,0.01266474465962375
2017-07-13,0.0026617302772597995
2017-07-14,0.0034986610251495076
2017-07-17,-0.0007475621188977044
2017-07-18,-0.008012500495194308
2017-07-19,0.002300257127200611
2017-07-20,0.004508832250822881
2017-07-21,-0.003158034786574282
2017-07-24,0.002338391618792901
2017-07-25,-0.008609155207322416
2017-07-26,0.004885540541521349
2017-07-27,0.00924091603912891
2017-07-28,-0.0036528364699995874
2017-07-31,0.003250561138508301
2017-08-01,-7.840086835320115e-05
2017-08-02,0.008181395833535277
2017-08-03,-0.0033031750212696442
2017-08-04,0.0018425855288259907
2017-08-07,0.008576256954560435
2017-08-08,0.004240773310422163
2017-08-09,-0.013179934513623204
2017-08-10,-0.006158616048741794
2017-08-11,-0.01666345808824765
2017-08-14,0.022525012253465704
2017-08-15,0.007030727939146386
2017-08-16,0.007637964066698366
2017-08-17,-0.006643426768421334
2017-08-18,0.010633041497601248
2017-08-21,0.004699149553052617
2017-08-22,0.008956529315938822
2017-08-23,-0.008787840510373846
2017-08-24,0.009273648122587907
2017-08-25,0.003251706890569972
2017-08-28,0.005240996282929622
2017-08-29,-0.015330808893975867
2017-08-30,0.002942435645873376
2017-08-31,0.006869034585204714
2017-09-01,0.004160373259865402
2017-09-05,-0.007938271326535906
2017-09-06,0.005007937942220986
2017-09-07,0.004287363059928273
2017-09-08,-0.0025192575486899793
2017-09-11,0.01192931608699399
2017-09-12,0.005860481837355769
2017-09-13,0.0018239853691091046
2017-09-14,-0.005954642982121783
2017-09-15,0.007444301127597974
2017-09-18,0.01666306370638604
2017-09-19,-0.002478302744376548
2017-09-20,0.0015544144504315849
2017-09-21,-0.007615272238579829
2017-09-22,-0.004828535691674296
2017-09-25,-0.003981950766867359
2017-09-26,0.01827669940292398
2017-09-27,0.038514214984147754
2017-09-28,-0.00039720567418766173
2017-09-29,0.00860661989960465
2017-10-02,0.006073743760006689
2017-10-03,0.0008024801070005694
2017-10-04,-0.003057258935669105
2017-10-05,0.004297249086750554
2017-10-06,-0.005635464899668263
2017-10-09,0.0034662924868105183
2017-10-10,0.017501215981355234
2017-10-11,-0.009095948264496112
2017-10-12,-0.0030850824916142106
2017-10-13,0.008981299981654756
2017-10-16,0.00796393124621475
2017-10-17,0.0005041897455424493
2017-10-18,0.010306029665276606
2017-10-19,-0.012550379247605159
2017-10-20,0.009251621813579192
2017-10-23,0.0057293636558442
2017-10-24,0.0033337821523775624
2017-10-25,-0.005072934170406218
2017-10-26,0.005496321826884865
2017-10-27,0.0055754287417491
2017-10-30,-0.002790114040816194
2017-10-31,0.00873818671552451
2017-11-01,0.010709312163517781
2017-11-02,-0.004052338235218111
2017-11-03,0.005884479493990735
2017-11-06,-0.0005074543116693198
2017-11-07,0.003861213319099166
2017-11-08,-0.0010254900413454449
2017-11-09,-0.012158534232225016
2017-11-10,0.013895822362893329
2017-11-13,-0.006596475311496097
2017-11-14,-0.00031495529219627283
2017-11-15,-0.0057374189565919664
2017-11-16,0.008523659736656697
2017-11-17,0.011943624231926186
2017-11-20,0.0055005618068943996
2017-11-21,0.010721408863842097
2017-11-22,0.005176355071731864
2017-11-24,0.003654439075214233
2017-11-27,-0.017551768584609495
2017-11-28,0.0042080584050621095
2017-11-29,-0.006428275992441335
2017-11-30,0.012662393824176554
2017-12-01,-0.0115532685312989
2017-12-04,0.004962715122522443
2017-12-05,-0.014141774041752098
2017-12-06,-0.008228008815828858
2017-12-07,0.010066674876631154
2017-12-08,0.014602629411272217
2017-12-11,0.002840654953944366
2017-12-12,-0.00476610427975277
2017-12-13,0.007848936761694736
2017-12-14,0.003281454143049034
2017-12-15,0.006169159421864245
2017-12-18,0.013343448775377409
2017-12-19,0.0025677883682351244
2017-12-20,0.023565387756059097
2017-12-21,-0.0003641641979116317
2017-12-22,-0.0053270653257860845
2017-12-26,-0.013556860659252212
2017-12-27,-0.0012378761532716442
2017-12-28,0.006022693388894496
2017-12-29,0.0007460245856181213
2018-01-02,0.010116963976027682
2018-01-03,0.010981540177321003
2018-01-04,0.016235720921846886
2018-01-05,-0.0017065838690440982
2018-01-08,-0.004443223278628561
2018-01-09,-0.002219187280554702
2018-01-10,-0.014856323030697394
2018-01-11,0.006193181525508962
2018-01-12,0.0006366678044618101
2018-01-16,0.008293134319061313
2018-01-17,0.006118820536027636
2018-01-18,0.0006842852035890967
2018-01-19,0.003372857328574952
2018-01-22,-0.0012433617348533987
2018-01-23,0.0043872288731501285
2018-01-24,-0.006422967072119201
2018-01-25,0.014669711941551311
2018-01-26,0.012073888872754734
2018-01-29,-0.005962737326383305
2018-01-30,-0.019470162524761414
2018-01-31,0.022071940275149915
2018-02-01,-0.004980326054943585
2018-02-02,-0.012733407231176996
2018-02-05,-0.019818306228245763
2018-02-06,-0.01707853233233192
2018-02-07,0.002609995065004922
2018-02-08,-0.0033144846225628966
2018-02-09,0.046925413074463185
2018-02-12,0.012242093180281799
2018-02-13,-0.00750006105116463
2018-02-14,-0.010283027765901953
2018-02-15,0.010022885924989566
2018-02-16,-0.0032506992242539168
2018-02-20,-0.0020570215386970236
2018-02-21,0.007354105114149689
2018-02-22,0.00507024669918632
2018-02-23,0.013221278778861478
2018-02-26,0.008522985651364001
2018-02-27,-0.003300148562986438
2018-02-28,0.0060260353744143735
2018-03-01,-0.0011719471822572158
2018-03-02,-0.02165290322570612
2018-03-05,-0.003494898584987638
2018-03-06,0.015974593025836148
2018-03-07,-0.01056477542673473
2018-03-08,0.009544130498159609
2018-03-09,0.0027572979175167767
2018-03-12,0.012517555101131839
2018-03-13,0.01927207951800458
2018-03-14,0.004130550565960345
2018-03-15,0.002360735511538481
2018-03-16,0.007796348163754407
2018-03-19,-0.0070451888738205515
2018-03-20,-0.00028968384768912614
2018-03-21,-0.0004643996805900885
2018-03-22,-0.012482910565551397
2018-03-23,-0.005429036710292934
2018-03-26,0.029128601990043856
2018-03-27,0.0036854908237677897
2018-03-28,-0.007594057160998147
2018-03-29,0.009928446366174626
2018-04-02,-0.011786475234800586
2018-04-03,0.01577479086296041
2018-04-04,-0.032373533885896255
2018-04-05,0.003978042135154736
2018-04-06,-0.024701593005848732
2018-04-09,0.012674999794173525
2018-04-10,0.024018443667101597
2018-04-11,0.004805737616209171
2018-04-12,0.013775086908254242
2018-04-13,0.013947528026987177
2018-04-16,0.008080066037281064
2018-04-17,0.02979709846000511
2018-04-18,-0.002530113987879612
2018-04-19,-0.005129230271352481
2018-04-20,0.0009561813375185135
2018-04-23,0.0068445161376267105
2018-04-24,0.008846100527887701
2018-04-25,0.0020012027664297882
2018-04-26,0.022057631337110584
2018-04-27,0.03434226210714808
2018-04-30,-0.0018702749463967994
2018-05-01,-0.00568693047313662
2018-05-02,-0.0022496731197099162
2018-05-03,-0.002468323107479131
2018-05-04,-0.006172440722764905
2018-05-07,0.011790008226764126
2018-05-08,3.221756141758014e-05
2018-05-09,0.0001845078208888573
2018-05-10,0.010303885759562759
2018-05-11,-0.01177934023659799
2018-05-14,0.01351456132543416
2018-05-15,-0.0016599001272454839
2018-05-16,0.008406349225343668
2018-05-17,-0.006108458693440011
2018-05-18,-0.003306559587668456
2018-05-21,0.027660557615858616
2018-05-22,0.023845357136212497
2018-05-23,-0.006165525831471896
2018-05-24,0.0013810473628992348
2018-05-25,-0.0020851043610568
2018-05-29,-0.002774882606172868
2018-05-30,0.00956177129276381
2018-05-31,-0.019680237187593153
2018-06-01,0.012495377367639282
2018-06-04,-0.0029404546017410826
2018-06-05,0.006592740786806717
2018-06-06,0.0018045553850425389
2018-06-07,0.004438031342268056
2018-06-08,-0.008200971134694202
2018-06-11,0.0034536582602211485
2018-06-12,0.005314611796554125
2018-06-13,0.004561607611353269
2018-06-14,0.009084608910241432
2018-06-15,-0.006159260590487103
2018-06-18,-0.008999942222407409
2018-06-19,-0.010448282365742245
2018-06-20,0.015844966760647727
2018-06-21,0.0183209946249554
2018-06-22,0.004779810390967532
2018-06-25,-0.01857848250656391
2018-06-26,0.016828771817704924
2018-06-27,0.01197563023686743
2018-06-28,0.002019800930264992
2018-06-29,0.009702104694572444
2018-07-02,-0.012602529047945898
2018-07-03,0.004176053014268932
2018-07-05,0.007935796602716927
2018-07-06,-0.0010878844978146063
2018-07-09,0.01644068441209079
2018-07-10,-0.0018716816932627944
2018-07-11,-0.01246843403764275
2018-07-12,0.0018957244783901483
2018-07-13,0.0002973251685822742
2018-07-16,0.007391226045031729
2018-07-17,-0.04816223996127589
2018-07-18,0.003816020174584933
2018-07-19,-0.008820648129900799
2018-07-20,0.0018477708122259795
2018-07-23,-0.002634047885231139
2018-07-24,0.010730922188054715
2018-07-25,0.0025089046681625593
2018-07-26,0.014352089379716437
2018-07-27,0.02907696039842045
2018-07-30,0.006862991673132646
2018-07-31,-0.0032726947106670456
2018-08-01,-0.0001486245806671116
2018-08-02,-0.010485490111462603
2018-08-03,0.005181425472449375
2018-08-06,0.003273262157749368
2018-08-07,0.005618566398495117
2018-08-08,-0.002601034846583028
2018-08-09,-0.004284399570098962
2018-08-10,-0.00895424645740217
2018-08-13,-0.00245709916186454
2018-08-14,0.008734969558013228
2018-08-15,-0.007891238275369195
2018-08-16,0.013110827272304393
2018-08-17,-0.010234251478111966
2018-08-20,0.005016333253051952
2018-08-21,0.00756359777336546
2018-08-22,0.0009760850128133214
2018-08-23,0.003159001559640995
2018-08-24,0.013307532734349481
2018-08-27,0.021713820440633524
2018-08-28,0.008116205401985432
2018-08-29,-0.010987960219317694
2018-08-30,-0.00045182128377685427
2018-08-31,-0.0031967094037326227
2018-09-04,0.0035242607595569186
2018-09-05,-0.003510499323799765
2018-09-06,-0.009686043802058952
2018-09-07,0.011813650297290756
2018-09-10,0.006994645851841952
2018-09-11,-0.01558009911817071
2018-09-12,-0.026388697426284247
2018-09-13,0.013288100372794931
2018-09-14,0.007860311498671724
2018-09-17,-0.0014223659048252513
2018-09-18,0.005617507808765021
2018-09-19,0.003415621316590567
2018-09-20,0.005524941287240903
2018-09-21,-0.009507130535012176
2018-09-24,-0.005671984530520091
2018-09-25,0.002278687162987847
2018-09-26,-0.005070569118170165
2018-09-27,0.0012245926759584247
2018-09-28,0.0028943351284809182
2018-10-01,0.006825860669472661
2018-10-02,-0.012715287984903845
2018-10-03,0.011059099170211084
2018-10-04,-0.0089936100209701
2018-10-05,0.0014523315806973525
2018-10-08,-0.014764810068911505
2018-10-09,-0.001411974988781095
2018-10-10,-0.0028808694593357442
2018-10-11,-0.011227309321516166
2018-10-12,0.05359687555644088
2018-10-15,0.0
2018-10-16,0.0
2018-10-17,0.0
2018-10-18,0.0
2018-10-19,0.0
2018-10-22,0.017242709840805448
2018-10-23,-0.030724351713508735
2018-10-24,-0.00126979514896286
2018-10-25,-0.05811804644473573
2018-10-26,-0.04657116366252223
2018-10-29,0.022220049844462242
2018-10-30,-0.026918433432809863
2018-10-31,0.032706382975286497
2018-11-01,0.012329769066249163
2018-11-02,-0.006596729213655728
2018-11-05,-0.005283161037065831
2018-11-06,-0.0016884987784411276
2018-11-07,0.01406542673765454
2018-11-08,-0.008247219840451736
2018-11-09,-0.017626718766479366
2018-11-12,-0.0245397039170836
2018-11-13,0.011677819464031458
2018-11-14,0.02133273710691852
2018-11-15,-0.0010773970096790153
2018-11-16,-0.08009582517525471
2018-11-19,-0.007738313868119406
2018-11-20,-0.056769024628429476
2018-11-21,0.024182484460353315
2018-11-23,-0.010855291855131788
2018-11-26,0.029867612475348304
2018-11-27,-0.009112694077590078
2018-11-28,0.013858949786143437
2018-11-29,-0.004688913658204785
2018-11-30,-0.0011181259996302373
2018-12-03,0.02739746346401528
2018-12-04,-0.005843022083468319
2018-12-06,-0.017573426411707893
2018-12-07,0.010557089771841888
2018-12-10,-0.007402781818686144
2018-12-11,0.011110286403185121
2018-12-12,0.006151879787898107
2018-12-13,0.006906026710283175
2018-12-14,-0.005809344683909368
2018-12-17,-0.0016659541830358338
2018-12-18,0.008101451424396444
2018-12-19,-0.022901504513727522
2018-12-20,0.0029901861930856644
2018-12-21,0.004380445247389009
2018-12-24,-0.011316695531863874
2018-12-26,0.007263638439644948
2018-12-27,-0.006954088903382671
2018-12-28,0.0023890286496652813
2018-12-31,0.007758427900989462
2019-01-02,-0.009427541966927522
2019-01-03,-0.016396918286735285
2019-01-04,0.00963787100908231
2019-01-07,0.013220562515708467
2019-01-08,0.009399052562221177
2019-01-09,0.015829844997621745
2019-01-10,-0.00039718822486045635
2019-01-11,-0.0030117963583963236
2019-01-14,-0.012815762080638837
2019-01-15,0.005574967222076399
2019-01-16,0.002533586483533856
2019-01-17,-0.005622329741407639
2019-01-18,0.007724615048277705
2019-01-22,-0.006043182715127937
2019-01-23,0.005501274375038445
2019-01-24,0.01808076622171284
2019-01-25,0.005462983481288486
2019-01-28,-0.05714919069707436
2019-01-29,0.00221698350506494
2019-01-30,0.012253140752177316
2019-01-31,-0.00757505713422979
2019-02-01,0.005369083495168514
2019-02-04,-0.0002882604044064374
2019-02-05,0.0035396701732286484
2019-02-06,-0.002994277152244318
2019-02-07,-0.0031372878427720075
2019-02-08,-0.0033578593929268763
2019-02-11,0.008830333058070794
2019-02-12,0.008005169268133994
2019-02-13,-0.0006615433266520254
2019-02-14,-0.0030624782604384837
2019-02-15,0.01018711992092003
2019-02-19,0.0016145258094779624
2019-02-20,-0.0024053460505095714
2019-02-21,0.0007835908172342254
2019-02-22,0.016691839151165677
2019-02-25,0.004407846674319815
2019-02-26,-0.0012525061369583756
2019-02-27,0.0031857755158051226
2019-02-28,0.000895250648701218
2019-03-01,0.010186929065034267
2019-03-04,0.0029426527047713424
2019-03-05,0.00541196872702443
2019-03-06,0.00435731105735182
2019-03-07,-0.0010862408354913589
2019-03-08,-0.013738047083836524
2019-03-11,0.009768743000534208
2019-03-12,0.008105199186870138
2019-03-13,-0.03073812530888531
2019-03-14,-0.0028076548221612763
2019-03-15,0.0050440585545779015
2019-03-18,0.007275750775298517
2019-03-19,0.004858962222732854
2019-03-20,1.1337112757026091e-05
2019-03-21,-0.003689787297472824
2019-03-22,-0.003427752001458617
2019-03-25,-0.0036393512108970905
2019-03-26,0.010662967099215548
2019-03-27,-0.0006972026694831435
2019-03-28,0.0038813388269385296
2019-03-29,0.01234018270819437
2019-04-01,0.019192791049624347
2019-04-02,0.0015994395146656792
2019-04-03,0.007267409851876572
2019-04-04,-0.0004410888739776464
2019-04-05,0.0060702397974539135
2019-04-08,-0.0014714549055370174
2019-04-09,-0.011071730947292857
2019-04-10,0.0012841507827721088
2019-04-11,0.002689845961481696
2019-04-12,0.0056766852295340176
2019-04-15,-0.0008974820107169323
2019-04-16,0.002735774508614952
2019-04-17,0.004458049561268718
2019-04-18,0.0036635422538775497
2019-04-22,-0.0017093941471739704
2019-04-23,0.025391824077219516
2019-04-24,0.002431610052161526
2019-04-25,0.008991228503559157
2019-04-26,-0.0010330800959629238
2019-04-29,0.001462376322658443
2019-04-30,-4.8882229509050745e-05
2019-05-01,0.004951299464236669
2019-05-02,0.0016163148800221183
2019-05-03,0.002620867360100254
2019-05-06,-0.03884514882977719
2019-05-07,-0.011140159463634558
2019-05-08,-0.019502028030694674
2019-05-09,-0.016178910426565718
2019-05-10,-0.0034926083544289943
2019-05-13,-0.03421344975781504
2019-05-14,0.007919541453169643
2019-05-15,-0.011874452307184202
2019-05-16,-0.005569509540941375
2019-05-17,-0.010741919674686073
2019-05-20,-0.022272999125120707
2019-05-21,0.015341294851870524
2019-05-22,-0.008391303392425109
2019-05-23,-0.013152060410905553
2019-05-24,0.006297618317639531
2019-05-28,0.012108327653877815
2019-05-29,-0.005352057219008111
2019-05-30,0.005410464182424191
2019-05-31,-0.01596213838310634
2019-06-03,0.016431957926649643
2019-06-04,0.018236967323070896
2019-06-05,0.017937594257060763
2019-06-06,0.001232016113058343
2019-06-07,0.003784716059449078
2019-06-10,0.01341527692009059
2019-06-11,0.025845522373130647
2019-06-12,-0.013938837883078592
2019-06-13,0.005375912771913516
2019-06-14,-0.045534400570418354
2019-06-17,-0.002752337151364026
2019-06-18,0.013240015042510711
2019-06-19,0.007859691992624596
2019-06-20,0.02281536615478763
2019-06-21,-0.005437180682884235
2019-06-24,0.0032491179107971835
2019-06-25,0.0019958363427057257
2019-06-26,0.0463217537210705
2019-06-27,0.007275821078895683
2019-06-28,0.01741770775005702
2019-07-01,0.055129832201740614
2019-07-02,0.0
2019-07-03,0.0
2019-07-05,0.0
2019-07-08,0.0
2019-07-09,0.0
2019-07-10,0.00746726926686736
2019-07-11,0.005033285575099633
2019-07-12,-0.003168846420798288
2019-07-15,0.004533940008212056
2019-07-16,-0.0027549747604410646
2019-07-17,0.0018433372265034276
2019-07-18,-0.007493662500208109
2019-07-19,0.004977032339220644
2019-07-22,0.009378310176463067
2019-07-23,0.001546147686745547
2019-07-24,0.0011393456920396616
2019-07-25,-0.0107947610053154
2019-07-26,0.009281391518081605
2019-07-29,0.001626390857706328
2019-07-30,-0.007345181330539408
2019-07-31,-0.015935703842640647
2019-08-01,0.0005353265138672292
2019-08-02,-0.011906660166981164
2019-08-05,-0.03553436662386267
2019-08-06,0.02099046370120461
2019-08-07,-0.012762511687283151
2019-08-08,0.036338971502380524
2019-08-09,-0.008531810486979485
2019-08-12,-0.0035470920526891048
2019-08-13,-0.0020226470161833765
2019-08-14,-0.025388089251977775
2019-08-15,0.008342378188440636
2019-08-16,0.015093861801256159
2019-08-19,0.012277722910017275
2019-08-20,-0.008212178816770166
2019-08-21,0.010502368364325942
2019-08-22,0.005988734496327197
2019-08-23,-0.00874531720093108
2019-08-26,0.01765162395664066
2019-08-27,0.008570833310062254
2019-08-28,-0.008986943611157816
2019-08-29,0.017174080139875647
2019-08-30,0.0057527296483907975
2019-09-03,-0.012935891445494674
2019-09-04,0.013392725761407487
2019-09-05,0.018530613608817914
2019-09-06,-0.005459601623740262
2019-09-09,0.006969504239445978
2019-09-10,-0.010563683916224531
2019-09-11,-0.07105077808211868
2019-09-12,0.008450037564042612
2019-09-13,-0.0011882083601257865
2019-09-16,-0.009230286252628228
2019-09-17,0.005129475624318758
2019-09-18,-0.0019549269290402016
2019-09-19,0.0034062268631300796
2019-09-20,0.0028402009953321095
2019-09-23,-0.0028080282775088117
2019-09-24,0.008536935057212425
2019-09-25,-0.003915003515421844
2019-09-26,0.0037479360385075378
2019-09-27,-0.0021623594549933234
2019-09-30,0.0019293527487862505
2019-10-01,0.0023573716867011374
2019-10-02,-0.007796764060899797
2019-10-03,0.0026029946324275244
2019-10-04,0.008576766507234934
2019-10-07,-0.00020632319702929003
2019-10-08,-0.013100649189375368
2019-10-09,0.017646612916425664
2019-10-10,0.006318870363235973
2019-10-11,0.020733950097965526
2019-10-14,-0.0034938700242351795
2019-10-15,0.0044396211304158495
2019-10-16,-0.012222652924809618
2019-10-17,0.01103531325042617
2019-10-18,-0.0007370562551912707
2019-10-21,0.01123057852653253
2019-10-22,8.955350040062982e-05
2019-10-23,-0.012859500857243078
2019-10-24,0.01341931227473303
2019-10-25,-0.003029558182766179
2019-10-28,0.011447091977184742
2019-10-29,0.020514064040273894
2019-10-30,-0.0011364769405846076
2019-10-31,-0.0030521663062820226
2019-11-01,0.014102836503783855
2019-11-04,0.008872246611818735
2019-11-05,0.0025585878600100642
2019-11-06,-0.005376133024490692
2019-11-07,0.00921054873255045
2019-11-08,-0.0077548840417015485
2019-11-11,-0.00814472129396726
2019-11-12,0.008284494870237191
2019-11-13,-0.0014041080095790193
2019-11-14,-0.0024646056068301503
2019-11-15,0.016907247470084652
2019-11-18,-0.0026062070406680515
2019-11-19,0.0037441759544227793
2019-11-20,-0.003910437773122943
2019-11-21,-0.014062278609683898
2019-11-22,0.004191495014115754
2019-11-25,0.008318488759722298
2019-11-26,0.00028129032341484006
2019-11-27,0.005219918086031949
2019-11-29,-0.00039992904145425
2019-12-02,0.00038184774748262207
2019-12-03,-0.028678182924353535
2019-12-04,0.018742345046861564
2019-12-05,0.006609510436214938
2019-12-06,0.01430503661137239
2019-12-09,-0.0021579729872942544
2019-12-10,0.008170987859305257
2019-12-11,0.0023936569026115073
2019-12-12,-0.002252240288642793
2019-12-13,-0.000442916247938796
2019-12-16,0.017964045312529375
2019-12-17,0.010360208740251897
2019-12-18,0.0018605234442845564
2019-12-19,0.017396925339246527
2019-12-20,0.011155951025996869
2019-12-23,0.0037178509177950847
2019-12-24,0.000839119614252537
2019-12-26,0.000930579748130933
2019-12-27,0.0027667088704375065
2019-12-30,-0.004192952221550472
2019-12-31,-0.0051018056421443525
2020-01-02,0.015372414218387753
2020-01-03,-0.01907115528339165
2020-01-06,-0.014868234361955945
2020-01-07,0.013036771970304173
2020-01-08,0.0007180348110957802
2020-01-09,0.011659508980808031
2020-01-10,0.0018232129717710155
2020-01-13,0.006249744835667093
2020-01-14,-9.985618318408829e-05
2020-01-15,-0.0025487174744756036
2020-01-16,0.010888737161445894
2020-01-17,0.0038790601126543756
2020-01-21,-0.0017422247157370396
2020-01-22,0.008705227341718969
2020-01-23,0.0008884118943228714
2020-01-24,0.010287293306963319
2020-01-27,-0.03268885657911924
2020-01-28,0.01315848755011717
2020-01-29,-0.010382581861676954
2020-01-30,0.009377622627265492
2020-01-31,-0.012983223278535738
2020-02-03,0.0012729722744131422
2020-02-04,0.061035761682629586
2020-02-05,0.0
2020-02-06,0.0
2020-02-07,0.0
2020-02-10,0.0
2020-02-11,0.0
2020-02-12,0.008410031813915309
2020-02-13,-0.013473254873337948
2020-02-14,-0.0030102014267057164
2020-02-18,-0.0006872812793726757
2020-02-19,0.03770817210970212
2020-02-20,-0.006487721291524751
2020-02-21,-0.002757257084689213
2020-02-24,-0.07336288501353638
2020-02-25,0.02573503995217674
2020-02-26,-0.001758494461160387
2020-02-27,-0.048014215037613606
2020-02-28,-0.05580063765140986
2020-03-02,0.03945727493996731
2020-03-03,0.0
2020-03-04,0.0
2020-03-05,0.0
2020-03-06,0.0
2020-03-09,0.0
2020-03-10,0.0
2020-03-11,0.0
2020-03-12,0.0
2020-03-13,0.0
2020-03-16,0.0
2020-03-17,0.0
2020-03-18,0.0
2020-03-19,0.0
2020-03-20,0.0
2020-03-23,0.0
2020-03-24,0.0
2020-03-25,0.0
2020-03-26,0.0
2020-03-27,0.0
2020-03-30,0.0
2020-03-31,0.0
2020-04-01,0.0
2020-04-02,-0.0010644730823881066
2020-04-03,-0.003534398028796848
2020-04-06,0.04739298944617443
2020-04-07,0.03582969901502997
2020-04-08,0.014110537381154309
2020-04-09,0.019265011283054356
2020-04-13,-0.012978928216179186
2020-04-14,0.020305066445828635
2020-04-15,-0.024721367418200746
2020-04-16,0.017235628767557465
2020-04-17,0.019246398125394526
2020-04-20,-0.021771390807107438
2020-04-21,-0.013377286645736675
2020-04-22,0.03281571950431639
2020-04-23,0.00164458984632887
2020-04-24,0.0008800837589746369
2020-04-27,0.011977196158497794
2020-04-28,0.020678372476258255
2020-04-29,0.023527830283037288
2020-04-30,-0.007771897658829685
2020-05-01,-0.02659007565316751
2020-05-04,0.0
2020-05-05,0.0
2020-05-06,0.0
2020-05-07,0.0
2020-05-08,0.0
2020-05-11,0.0
2020-05-12,0.0
2020-05-13,0.0
2020-05-14,0.0
2020-05-15,0.0
2020-05-18,0.0
2020-05-19,0.0
2020-05-20,0.0
2020-05-21,0.0
2020-05-22,0.0
2020-05-26,0.0
2020-05-27,0.0
2020-05-28,0.0
2020-05-29,0.0
2020-06-01,0.0
2020-06-02,-0.0027591516733208588
2020-06-03,0.0027407279086382186
2020-06-04,0.0003014280395907676
2020-06-05,0.00853531523810891
2020-06-08,0.012205990552261348
2020-06-09,-0.0037925903456882404
2020-06-10,0.027420978148718023
2020-06-11,-0.02775081663328338
2020-06-12,0.030086966793464898
2020-06-15,-0.01634079117756626
2020-06-16,0.0152496703678775
2020-06-17,0.005576878184278211
2020-06-18,0.003870581573138132
2020-06-19,0.006096656604620554
2020-06-22,0.0037827528360865337
2020-06-23,0.004142555219577737
2020-06-24,-0.0019350062997433026
2020-06-25,0.0031391745426525564
2020-06-26,0.002812653247292962
2020-06-29,0.0040894103650015445
2020-06-30,0.009023291765022812
2020-07-01,0.0019185346188137498
2020-07-02,0.0400461406532453
2020-07-06,0.037235134058002606
2020-07-07,0.010198560665140244
2020-07-08,0.014044395932994114
2020-07-09,0.01836412697971279
2020-07-10,0.001608927006860883
2020-07-13,0.03316383801948275
2020-07-14,0.012608334487138384
2020-07-15,0.011367543874356567
2020-07-16,-0.028362327366109663
2020-07-17,0.007142975333692014
2020-07-20,0.00850642424162218
2020-07-21,0.001167334129225761
2020-07-22,0.008694130417868928
2020-07-23,0.01674741489125653
2020-07-24,-0.03795751563309557
2020-07-27,0.008590167360103873
2020-07-28,-0.010830978206022746
2020-07-29,0.016353572788389448
2020-07-30,-0.008406900809130091
2020-07-31,0.011790844048548577
2020-08-03,0.011450174265119184
2020-08-04,0.001386029820964696
2020-08-05,0.0013642899007537679
2020-08-06,-0.0038107939744529418
2020-08-07,0.010366250382893627
2020-08-10,0.0026069338676619758
2020-08-11,-0.009709181222401053
2020-08-12,0.009276670922340635
2020-08-13,0.006435165239671248
2020-08-14,0.004478547049369341
2020-08-17,0.01436846350430332
2020-08-18,0.006985624878775187
2020-08-19,0.001813872239534664
2020-08-20,-0.009693322125487791
2020-08-21,0.0016711203165016286
2020-08-24,0.018493341210395586
2020-08-25,-0.004631147683906156
2020-08-26,0.006267172431498436
2020-08-27,0.0025868928299699334
2020-08-28,0.01042333311661614
2020-08-31,-0.001035373993564237
2020-09-01,0.007817328908508836
2020-09-02,0.034626944942389715
2020-09-03,-0.0320716851215751
2020-09-04,-0.016078174636276588
2020-09-08,-0.04489913286489322
2020-09-09,0.03114245427267326
2020-09-10,0.01630419342018552
2020-09-11,0.012923425583856618
2020-09-14,0.033400532816897366
2020-09-15,0.013951544704110752
2020-09-16,0.0009077760227917953
2020-09-17,-0.025099208619497215
2020-09-18,0.008198374670082664
2020-09-21,-0.015363177261183414
2020-09-22,0.00602634789225287
2020-09-23,-0.003314908040638276
2020-09-24,-0.0067882703508308495
2020-09-25,0.005279965157301225
2020-09-28,0.01286728803824988
2020-09-29,-0.00266318184604597
2020-09-30,-0.003916669337015288
2020-10-01,0.015916025784830312
2020-10-02,-0.030577079359766945
2020-10-05,0.012505686983773634
2020-10-06,0.0028944186073427414
2020-10-07,0.016306030727849974
2020-10-08,0.012242203146175079
2020-10-09,-0.001208560961758809
2020-10-12,0.020429163806452655
2020-10-13,0.0039028974434152097
2020-10-14,0.009545771667964775
2020-10-15,-0.029148921750000167
2020-10-16,0.011555754051375322
2020-10-19,0.004611023104015288
2020-10-20,0.008820183609648424
2020-10-21,0.005108911709714059
2020-10-22,-0.0022994714821095164
2020-10-23,0.006206778339464147
2020-10-26,-0.010580187321915346
2020-10-27,0.009006977992504162
2020-10-28,-0.021056159724234913
2020-10-29,0.01327329615582018
2020-10-30,-0.013162168892262738
2020-11-02,0.010514452410001596
2020-11-03,0.008472339298178477
2020-11-04,0.032723630326728426
2020-11-05,0.07510058851869816
2020-11-06,0.0
2020-11-09,0.0
2020-11-10,0.0
2020-11-11,0.0
2020-11-12,0.0
2020-11-13,0.01461652407135583
2020-11-16,-0.004818434977391095
2020-11-17,0.0038464614672077957
2020-11-18,0.0033415828446676787
2020-11-19,-0.004735102843269723
2020-11-20,0.002675342134991876
2020-11-23,-0.0028671727517630696
2020-11-24,0.0005638449900939868
2020-11-25,0.003967269365960258
2020-11-27,0.0067133929076717
2020-11-30,0.0054899806107000515
2020-12-01,0.006507940362310949
2020-12-02,-0.007364015832841075
2020-12-03,0.0055156521074803955
2020-12-04,0.004495572838747908
2020-12-07,0.006450975672936954
2020-12-08,-0.002485140199510183
2020-12-09,-0.003907834008938682
2020-12-10,-0.008578460206309924
2020-12-11,-0.016248199275437525
2020-12-14,0.008725406980146566
2020-12-15,0.00479723536425114
2020-12-16,0.0021548324234177407
2020-12-17,0.006931615634999444
2020-12-18,0.0055003601237813005
2020-12-21,-0.015173041505833318
2020-12-22,0.0021788155013531263
2020-12-23,0.005535915570374694
2020-12-24,0.005937045821615472
2020-12-28,0.012242464315237234
2020-12-29,0.00712141965545432
2020-12-30,0.005102126271970597
2020-12-31,0.003842916804025265
2021-01-04,0.006313874446675527
2021-01-05,-0.003903807520379665
2021-01-06,-0.00776975817854475
2021-01-07,0.013518501967896501
2021-01-08,0.019679077397825484
2021-01-11,-0.014677915267914066
2021-01-12,0.009176297262014188
2021-01-13,-0.000633621927107586
2021-01-14,0.0058819429296155246
2021-01-15,0.017318431583213334
2021-01-19,0.028398002053385607
2021-01-20,0.01577500117420816
2021-01-21,0.009349383560590008
2021-01-22,-0.006621074682301997
2021-01-25,0.025815040253373445
2021-01-26,-0.007638979282728053
2021-01-27,-0.04063890598458053
2021-01-28,0.022799992050106743
2021-01-29,0.0189520158752976
2021-02-01,0.02220563267959985
2021-02-02,0.016832661373032298
2021-02-03,0.011154489590363026
2021-02-04,-0.01865744329285135
2021-02-05,0.00970642368763297
2021-02-08,0.012672386305614625
2021-02-09,-0.003465273116510459
2021-02-10,0.011899187826439395
2021-02-11,0.008178342634430846
2021-02-12,0.001269841293473073
2021-02-16,0.010852794550472611
2021-02-17,-0.010964926863756275
2021-02-18,-0.01472463078048869
2021-02-19,0.006697127822197446
2021-02-22,-0.013585268587736454
2021-02-23,-0.02895564053583921
2021-02-24,-0.005202945041359652
2021-02-25,-0.008756033413621855
2021-02-26,0.014395862038717455
2021-03-01,0.02829470924140276
2021-03-02,-0.004673185845137318
2021-03-03,0.003277922145185963
2021-03-04,-0.003595061175411307
2021-03-05,0.03223450503303904
2021-03-08,-0.0021427096281592117
2021-03-09,0.040271207537398324
2021-03-10,0.011127930523827434
2021-03-11,0.03315303540333936
2021-03-12,-0.022766338920598317
2021-03-15,0.0035897283301382643
2021-03-16,0.015743251642362788
2021-03-17,-0.013010942698562178
2021-03-18,-0.017386868182492132
2021-03-19,0.003696885071937217
2021-03-22,0.01780179959487116
2021-03-23,-0.0008272157488838916
2021-03-24,0.02867149574624661
2021-03-25,-0.02414170982310415
2021-03-26,0.0024076209791672465
2021-03-29,-0.009938512053354831
2021-03-30,-0.0042970702400729754
2021-03-31,0.01801090480320111
2021-04-01,0.03455497546427444
2021-04-05,0.018276803868163105
2021-04-06,0.0001343369316133547
2021-04-07,0.003946682395447043
2021-04-08,0.010084181426448291
2021-04-09,-0.010354386823438033
2021-04-12,-0.007190268504613018
2021-04-13,0.007566296047822663
2021-04-14,-0.006401440985249196
2021-04-15,0.011284401948860934
2021-04-16,-0.001628910887585877
2021-04-19,-0.0022331925508928263
2021-04-20,-0.005338327089666417
2021-04-21,0.001326043830656376
2021-04-22,-0.0015479422207875793
2021-04-23,0.009989705965981477
2021-04-26,0.003432573902162561
2021-04-27,0.008098184493189331
2021-04-28,-0.008510667011692896
2021-04-29,0.01568788531241072
2021-04-30,-0.01953413330696574
2021-05-03,0.000686985847577537
2021-05-04,-0.021516218859103264
2021-05-05,0.020742703194376988
2021-05-06,-0.004510318007607039
2021-05-07,0.010539667790917973
2021-05-10,-0.012607000293956006
2021-05-11,-0.028626349250681637
2021-05-12,-0.02946936651231946
2021-05-13,0.030557401383207727
2021-05-14,0.015671979171394845
2021-05-17,-0.022688790957122507
2021-05-18,0.011242252649111606
2021-05-19,-0.030991474200597113
2021-05-20,0.009366923254494619
2021-05-21,-0.004411161333124247
2021-05-24,0.014388224572005948
2021-05-25,0.01415368446757137
2021-05-26,-6.0692451933075375e-05
2021-05-27,-0.006381863563860279
2021-05-28,0.00900830146647058
2021-06-01,0.009828536277402877
2021-06-02,-0.002571279368096646
2021-06-03,-0.013408699435534133
2021-06-04,0.008093741258073495
2021-06-07,-0.001365663343715462
2021-06-08,0.009732389625179305
2021-06-09,0.005064484970332295
2021-06-10,0.004425322606248283
2021-06-11,0.0023753600231477545
2021-06-14,0.002290881521962218
2021-06-15,-0.003386217236978739
2021-06-16,0.0048186753680905525
2021-06-17,-0.0030239859681006065
2021-06-18,-0.015601037394168737
2021-06-21,0.0033605374097833707
2021-06-22,-0.002384036462510175
2021-06-23,-0.00033526558716268084
2021-06-24,0.008937822400824968
2021-06-25,0.004250222574114115
2021-06-28,0.01219230587007325
2021-06-29,-0.002171383038060526
2021-06-30,-0.0005441214457846399
2021-07-01,-0.0008852172398309266
2021-07-02,0.010750651948373324
2021-07-06,0.0027020800868688966
2021-07-07,0.010151572059578617
2021-07-08,-0.021958624651539194
2021-07-09,0.003404685511108063
2021-07-12,0.0086387214959609
2021-07-13,-0.004519260506667733
2021-07-14,0.012794588800548068
2021-07-15,-0.013635477146036967
2021-07-16,0.004806604439205886
2021-07-19,-0.018188551998971625
2021-07-20,0.004824583568007412
2021-07-21,0.002227402451835392
2021-07-22,-0.008112366070521682
2021-07-23,0.007273274313922995
2021-07-26,-0.0005760717236023005
2021-07-27,-0.007588101333649955
2021-07-28,0.004719941983762466
2021-07-29,-0.011842366352626699
2021-07-30,-0.010216195146741103
2021-08-02,0.01339421589386891
2021-08-03,0.0014563934760500885
2021-08-04,0.01024997698068697
2021-08-05,0.00948303737539491
2021-08-06,-0.007412805610970685
2021-08-09,0.006225463192430114
2021-08-10,0.005500305211420864
2021-08-11,0.003656793729357233
2021-08-12,-0.004298457835150149
2021-08-13,-0.0010557377036806148
2021-08-16,-0.002558716400156258
2021-08-17,-0.010945266925730501
2021-08-18,0.0005993387283886875
2021-08-19,0.00037300532653894436
2021-08-20,0.007816587804626351
2021-08-23,0.008287891242431122
2021-08-24,-0.004593238503037611
2021-08-25,0.0011699090632726339
2021-08-26,-0.00013047556132406157
2021-08-27,0.004420880671434979
2021-08-30,0.00815618969678833
2021-08-31,0.0028052904625133213
2021-09-01,0.005118534364615401
2021-09-02,0.005435127685224916
2021-09-03,-0.0061676812821900295
2021-09-07,0.0029390097535193505
2021-09-08,-0.004377480170301373
2021-09-09,-0.0008261835997662725
2021-09-10,0.011530205077066258
2021-09-13,0.008722599560086142
2021-09-14,0.011764658617976487
2021-09-15,0.00161356181564698
2021-09-16,-0.007625518938041975
2021-09-17,-0.003740893331945383
2021-09-20,-0.024850228308146094
2021-09-21,0.015646306947025623
2021-09-22,0.0039633993317800265
2021-09-23,0.00990136353292348
2021-09-24,-0.013111989485776188
2021-09-27,-0.018323438262597747
2021-09-28,-0.02687571551333512
2021-09-29,0.008311722584018355
2021-09-30,0.007278250633814487
2021-10-01,0.0015670179599183154
2021-10-04,-0.012554974159432408
2021-10-05,0.011517922468780473
2021-10-06,-0.014304321092244998
2021-10-07,0.012085058685185057
2021-10-08,0.0018385895843573419
2021-10-11,-0.007764951564788847
2021-10-12,0.007574625784458
2021-10-13,0.011048501124765853
2021-10-14,0.015944909425765763
2021-10-15,0.0029503386830131983
2021-10-18,-0.001180768002978172
2021-10-19,0.005082219768815399
2021-10-20,0.0032180903754843726
2021-10-21,-1.0349450202951083e-05
2021-10-22,0.00391251308782925
2021-10-25,0.005919207316809283
2021-10-26,0.015571599797777669
2021-10-27,-0.0013207797200311955
2021-10-28,0.005904668688368142
2021-10-29,-0.0024668464461901074
2021-11-01,0.0024214948227681
2021-11-02,0.0015536532923907664
2021-11-03,0.006905828819249615
2021-11-04,0.00858360095408539
2021-11-05,0.007713754347137058
2021-11-08,0.008655271091026817
2021-11-09,0.019447471906706815
2021-11-10,-0.019004493941834344
2021-11-11,0.019213905591136227
2021-11-12,0.0011078508566735312
2021-11-15,0.006081685608559706
2021-11-16,-0.0029423294725345883
2021-11-17,0.0003053762202351873
2021-11-18,0.03826506184810374
2021-11-19,0.05829393985687559
2021-11-22,0.0
2021-11-23,0.0
2021-11-24,0.0
2021-11-26,0.0
2021-11-29,0.0
2021-11-30,-0.014441647820114034
2021-12-01,0.036695580769874114
2021-12-02,-0.013859941712545565
2021-12-03,0.011125107012004642
2021-12-06,-0.015472372993153627
2021-12-07,0.030747599003280168
2021-12-08,-0.008271743111129992
2021-12-09,-0.0018217674049521015
2021-12-10,0.020971018135526487
2021-12-13,0.001526743527202834
2021-12-14,-0.015995046155328874
2021-12-15,0.0027650513500401264
2021-12-16,0.009589739044482792
2021-12-17,-0.01385304361501849
2021-12-20,-0.01751355188015724
2021-12-21,0.021400945715315256
2021-12-22,-0.007813267676878621
2021-12-23,0.006235391408692559
2021-12-27,0.005346955672913545
2021-12-28,0.007856663169842903
2021-12-29,-0.0010616950862941676
2021-12-30,-0.004163689966655948
2021-12-31,0.004148979331616731
2022-01-03,0.010444878774735766
2022-01-04,0.006699760472655747
2022-01-05,-0.014958067672022346
2022-01-06,-0.004918671285834231
2022-01-07,0.0005677248382602862
2022-01-10,-0.02417212863208651
2022-01-11,-0.005369001100386961
2022-01-12,0.009475896675072759
2022-01-13,0.013494333612267262
2022-01-14,-0.01114411762289147
2022-01-18,-0.03005658852026194
2022-01-19,0.007202719914051192
2022-01-20,0.007474889260937312
2022-01-21,-0.014935489012457559
2022-01-24,-0.031357215961976714
2022-01-25,-0.03580851872834889
2022-01-26,0.045677961447168736
2022-01-27,0.023852725009645637
2022-01-28,-0.0023827549991320973
2022-01-31,0.015358533773287109
2022-02-01,0.014152162786119638
2022-02-02,0.01984969525872704
2022-02-03,-0.031722344172491534
2022-02-04,0.003912955936808515
2022-02-07,0.015176859320560121
2022-02-08,-0.006335111590164533
2022-02-09,0.013039618256133867
2022-02-10,-0.02466801455209855
2022-02-11,0.0031120701918201377
2022-02-14,0.0022651450988726562
2022-02-15,0.02558362142557824
2022-02-16,-0.01065668499543615
2022-02-17,-0.021705898750162267
2022-02-18,0.006801807820729477
2022-02-22,-0.02514253597367566
2022-02-23,0.015414598077977182
2022-02-24,-0.06476314562418206
2022-02-25,0.002706041015521521
2022-02-28,-0.003333896075079279
2022-03-01,-9.480246609638865e-05
2022-03-02,0.006727661450441014
2022-03-03,-0.004448812933025903
2022-03-04,0.0006434337264631385
2022-03-07,-0.0014707310070110058
2022-03-08,0.0032888625875024946
2022-03-09,0.016445074918277847
2022-03-10,-0.012004417724823857
2022-03-11,0.006096713379790453
2022-03-14,-0.00545977494898886
2022-03-15,0.006198782008233872
2022-03-16,0.015784554791700156
2022-03-17,-0.008050748703907873
2022-03-18,-0.001866238452361224
2022-03-21,-0.0003716244699258908
2022-03-22,-0.0028979690683029746
2022-03-23,-0.006638484462304084
2022-03-24,0.007772537850969874
2022-03-25,-0.002015610766339937
2022-03-28,0.0011718682831107774
2022-03-29,0.01101387014968025
2022-03-30,0.005340406494878325
2022-03-31,-0.004526349811130204
2022-04-01,0.003080150147686256
2022-04-04,0.0015287826103580482
2022-04-05,-0.005262201391345922
2022-04-06,-0.014905290099616386
2022-04-07,0.0003266987409280553
2022-04-08,-0.006394362527090358
2022-04-11,-0.013582348454467708
2022-04-12,0.00886488356979287
2022-04-13,0.005816207219118352
2022-04-14,0.005532251416292322
2022-04-18,0.0006610213468958293
2022-04-19,-0.003873805016089138
2022-04-20,0.010127668054412897
2022-04-21,0.00428075583734433
2022-04-22,-0.0006862682210340143
2022-04-25,-0.008895368754984201
2022-04-26,-0.007459431860491805
2022-04-27,-0.008856443916815726
2022-04-28,0.009520696154586172
2022-04-29,-0.0070482162392241365
2022-05-02,0.0021987912717038594
2022-05-03,-0.0024251787454014906
2022-05-04,0.00632518749999722
2022-05-05,-0.00972945292767613
2022-05-06,-0.003434350842519085
2022-05-09,-0.009270566744987163
2022-05-10,0.017112491418719733
2022-05-11,-0.0047894778663416515
2022-05-12,-0.006038041281426376
2022-05-13,0.012505985360158123
2022-05-16,-0.004309896429628535
2022-05-17,0.017839781382495756
2022-05-18,-0.009343226546893901
2022-05-19,-0.004268652288609509
2022-05-20,0.006613940450826528
2022-05-23,-0.019281550637859524
2022-05-24,-0.0031010593120548435
2022-05-25,-0.0029696651834429932
2022-05-26,-0.020765958568222498
2022-05-27,0.010993695523218383
2022-05-31,0.003749587982089242
2022-06-01,0.0040430915838025605
2022-06-02,0.001577314873729252
2022-06-03,0.007584107914195837
2022-06-06,-0.00672424172256203
2022-06-07,0.005089480394918855
2022-06-08,0.001167526960531129
2022-06-09,0.0026694894641672295
2022-06-10,0.008641752850644613
2022-06-13,0.014039222261974516
2022-06-14,-0.003597501905398759
2022-06-15,-0.005428438499636368
2022-06-16,0.011610521260767559
2022-06-17,-0.0007035821818413002
2022-06-21,-0.007504606093946986
2022-06-22,0.004080684291350778
2022-06-23,-0.004015697781734495
2022-06-24,-0.004696473590317551
2022-06-27,-0.0024406251985655825
2022-06-28,-0.0006346493248791107
2022-06-29,0.00039630982429406103
2022-06-30,0.004845434247897851
2022-07-01,0.0019883760175645193
2022-07-05,-0.011871662164402053
2022-07-06,0.003437738146546021
2022-07-07,0.01645187435862394
2022-07-08,-0.009019451982448023
2022-07-11,-0.011936318208508379
2022-07-12,0.006153469184271287
2022-07-13,-0.012667815168940222
2022-07-14,-0.0007517806314825126
2022-07-15,0.014208326179542041
2022-07-18,0.011020461087104083
2022-07-19,0.00911040897487303
2022-07-20,-0.0022950984901540794
2022-07-21,-0.002148628654276674
2022-07-22,-0.010938589543275201
2022-07-25,-0.005704358466240067
2022-07-26,0.0021968640021232666
2022-07-27,0.009391522645994854
2022-07-28,0.005058432233249199
2022-07-29,-0.00919583715426009
2022-08-01,0.0036831840860382936
2022-08-02,-0.0006980479363957182
2022-08-03,-0.011259731471603862
2022-08-04,0.0025662619468425074
2022-08-05,-0.006004022704577672
2022-08-08,0.0007797156809201677
2022-08-09,0.0017335104748097407
2022-08-10,0.003970176522541058
2022-08-11,0.00412619653888413
2022-08-12,0.0011733534433733261
2022-08-15,0.00019693708681534083
2022-08-16,-0.006772064012525725
2022-08-17,0.00013571054779415448
2022-08-18,0.0014013493080251571
2022-08-19,-0.004931413780587479
2022-08-22,-0.002238369723913558
2022-08-23,-0.003989664481396815
2022-08-24,0.0023903160303089255
2022-08-25,0.0009296817984498773
2022-08-26,-0.0005644190432204654
2022-08-29,-0.0027405972502947407
2022-08-30,0.001126315995708227
2022-08-31,0.0006850646815537154
2022-09-01,-0.00540664215086073
2022-09-02,0.01883919522605515
2022-09-06,0.0003104301362029105
2022-09-07,0.004676821443812429
2022-09-08,-0.006144405378789353
2022-09-09,0.006025452292430122
2022-09-12,-0.0001551364407778033
2022-09-13,-0.01981288918254409
2022-09-14,0.0042177474526352565
2022-09-15,-0.002559847369996149
2022-09-16,-0.004380399589639761
2022-09-19,-0.00932732805823977
2022-09-20,-0.006020133274741601
2022-09-21,-0.005315398204873034
2022-09-22,-0.0031447529430316257
2022-09-23,-0.0028749060315750308
2022-09-26,-0.0003594248467135852
2022-09-27,0.010773348760529933
2022-09-28,-0.004674730983809661
2022-09-29,-0.00844607404320974
2022-09-30,0.0009994657400194118
2022-10-03,0.010109689570265923
2022-10-04,-0.009057191613942361
2022-10-05,0.0059813913272774855
2022-10-06,0.0019472506508386722
2022-10-07,0.007730645557278093
2022-10-10,-0.0004316886039581469
2022-10-11,0.002634132466293959
2022-10-12,-0.0007357763783271132
2022-10-13,0.013093883786758687
2022-10-14,-0.004161674324971831
2022-10-17,-0.010694208756885093
2022-10-18,-0.012129069643298851
2022-10-19,0.002544567442366308
2022-10-20,0.0017844297080149563
2022-10-21,0.0017270741624124675
2022-10-24,-0.000471532767969185
2022-10-25,-0.00143565550833058
2022-10-26,0.008979625717582707
2022-10-27,0.0019495398327749047
2022-10-28,0.0011684748657321276
2022-10-31,0.0035869871424112354
2022-11-01,-0.005664607092866314
2022-11-02,0.007384370620640235
2022-11-03,-0.006258847214194563
2022-11-04,0.020863018059947613
2022-11-07,0.0019100531582803004
2022-11-08,0.01490340533325063
2022-11-09,-0.013753335823014745
2022-11-10,0.025652625020846864
2022-11-11,-6.376662797513699e-05
2022-11-14,0.003279241004324307
2022-11-15,-0.010676430890922517
2022-11-16,0.0030913102741318976
2022-11-17,0.00732660444457367
2022-11-18,0.007094884767302911
2022-11-21,-0.006390635441892889
2022-11-22,0.00411688824982237
2022-11-23,-0.0007817791193145407
2022-11-25,-0.0037037196585257837
2022-11-28,-0.008754453762677916
2022-11-29,-0.00012703041528916437
2022-11-30,-0.005721237788114508
2022-12-01,0.0017221278212173896
2022-12-02,0.002254272772399757
2022-12-05,0.011670076601379975
2022-12-06,-0.0007406271526404495
2022-12-07,-0.012698195128724943
2022-12-08,0.019406540429360852
2022-12-09,0.0008679684382504327
2022-12-12,0.01002745725113674
2022-12-13,0.002941574920293899
2022-12-14,0.0017492202876130403
2022-12-15,0.003591062798461664
2022-12-16,-0.0037212623693487767
2022-12-19,-0.0012854028287107022
2022-12-20,-0.006261409354079817
2022-12-21,-0.0005707172823007367
2022-12-22,-8.27622839050246e-06
2022-12-23,0.004732899333763418
2022-12-27,0.009613593821388378
2022-12-28,0.003837532627403828
2022-12-29,-0.0013519433817135162
2022-12-30,-0.006013842286830662
2023-01-03,0.0035383503811490247
2023-01-04,0.007831308769613132
2023-01-05,-0.0036965575865740563
2023-01-06,0.007790122834712809
2023-01-09,-0.012428613738827643
2023-01-10,0.0008079757552070799
2023-01-11,0.0031246976327388154
2023-01-12,-0.003737933997156051
2023-01-13,-3.221725135604814e-05
2023-01-17,-0.0038252812788195367
2023-01-18,-6.869149347477066e-05
2023-01-19,-0.0032176770808083344
2023-01-20,-0.0021003064270401772
2023-01-23,-6.796691572052982e-05
2023-01-24,0.0007369341183260936
2023-01-25,-0.001241674630306222
2023-01-26,-0.0012041384630957497
2023-01-27,0.0019729603440110655
2023-01-30,-0.000987070906912746
2023-01-31,0.002757729865947356
2023-02-01,0.0012225639137894984
2023-02-02,-0.005334030846204985
2023-02-03,0.003323476205307374
2023-02-06,-0.007861885356926446
2023-02-07,0.001482367376199889
2023-02-08,-0.0023972806539249714
2023-02-09,0.007996016977603437
2023-02-10,0.008454074392368005
2023-02-13,0.01143778643946014
2023-02-14,-0.0055120761330781365
2023-02-15,-0.005322156744624551
2023-02-16,-0.0014000975162580254
2023-02-17,-0.004577832602117526
2023-02-21,-0.021729204372121225
2023-02-22,0.003201929903802636
2023-02-23,0.003963543374113421
2023-02-24,-0.007312296918543626
2023-02-27,0.0074006554665921875
2023-02-28,0.0039030230933922994
2023-03-01,0.005948589065315701
2023-03-02,0.0027081531744510556
2023-03-03,-0.0033692977847363803
2023-03-06,-0.020081069924587802
2023-03-07,0.003567419006918371
2023-03-08,-0.0012310676238245222
2023-03-09,0.002267533718778747
2023-03-10,0.002209168506896564
2023-03-13,-0.004388219284847339
2023-03-14,0.00674951533821333
2023-03-15,-0.005053974646357484
2023-03-16,-0.004645777997147382
2023-03-17,-0.0006452154174915181
2023-03-20,0.003943188617626658
2023-03-21,0.001654986403459624
2023-03-22,-0.0003523178738706889
2023-03-23,0.01167695316124262
2023-03-24,-0.004085472077563268
2023-03-27,0.0064422879639056685
2023-03-28,0.003129862078093959
2023-03-29,0.01062392967151271
2023-03-30,0.007862901186535654
2023-03-31,0.0010143281894856582
2023-04-03,-0.0033715999142467368
2023-04-04,0.00312052233867699
2023-04-05,-0.011377520997596258
2023-04-06,-0.009348632305115179
2023-04-10,-0.009028099667812706
2023-04-11,0.007934349542712216
2023-04-12,0.009580589722431254
2023-04-13,0.00692988567832975
2023-04-14,-0.0011934085423083163
2023-04-17,-0.017646721906147578
2023-04-18,0.011875960589402768
2023-04-19,-0.016279919081814698
2023-04-20,-0.0074305070674122176
2023-04-21,-0.002149933310222063
2023-04-24,0.0020385107563387628
2023-04-25,-0.0015196748783076197
2023-04-26,0.01421259841043443
2023-04-27,0.008031112684635522
2023-04-28,0.0008834193346400898
2023-05-01,0.002704259634558559
2023-05-02,-0.004027046153227909
2023-05-03,-0.02766767315694818
2023-05-04,-0.0033787470396084984
2023-05-05,-0.004869204571823271
2023-05-08,-0.0032272879086534534
2023-05-09,-0.005994015719800405
2023-05-10,0.013831666972821122
2023-05-11,0.004000851740494804
2023-05-12,-0.00015544975714187892
2023-05-15,0.0061998697589651375
2023-05-16,-0.00560795215610721
2023-05-17,0.004735084469098316
2023-05-18,0.0016657092028633524
2023-05-19,-0.005505807093219683
2023-05-22,-0.007773307138766783
2023-05-23,-0.006223618317051205
2023-05-24,-0.013762042734975166
2023-05-25,0.12059509725024853
2023-05-26,0.0
2023-05-30,0.0
2023-05-31,0.0
2023-06-01,0.0
2023-06-02,0.0
2023-06-05,-0.0075171026046101375
2023-06-06,-0.004561681474569035
2023-06-07,0.0028857344072219515
2023-06-08,-0.0005945861191980484
2023-06-09,0.0025789929854980187
2023-06-12,0.00918290553487755
2023-06-13,0.012902236483329776
2023-06-14,0.0009634529620492494
2023-06-15,-0.005008402618813745
2023-06-16,0.0118894784712118
2023-06-20,-0.002396075018597399
2023-06-21,-0.004598098164935949
2023-06-22,-0.010173549242224134
2023-06-23,-0.011621196414203228
2023-06-26,0.00311100824750965
2023-06-27,0.00846745547585992
2023-06-28,-0.01606793828528319
2023-06-29,0.005211081062782785
2023-06-30,0.013129680158352919
2023-07-03,0.001826280119334056
2023-07-05,-0.014944770338163549
2023-07-06,-0.00789937949457098
2023-07-07,0.005290549831155289
2023-07-10,6.339470277616499e-06
2023-07-11,0.004854309493104392
2023-07-12,0.01474717931293723
2023-07-13,0.01345496735157492
2023-07-14,-0.004640523403485086
2023-07-17,0.005383455857896902
2023-07-18,0.005762539104051667
2023-07-19,0.005469926336074682
2023-07-20,-0.007410265711138675
2023-07-21,0.007577089467330822
2023-07-24,-0.0022314806628559447
2023-07-25,0.0036730137192904078
2023-07-26,-0.001573138346816938
2023-07-27,0.02207312743536516
2023-07-28,0.019595823608720364
2023-07-31,0.0058570600054357325
2023-08-01,-0.009248072723842649
2023-08-02,-0.022225430563542536
2023-08-03,-0.013101583939790995
2023-08-04,0.005853141866411171
2023-08-07,0.006949320801189041
2023-08-08,-0.019383326020772862
2023-08-09,-0.009141220264606398
2023-08-10,0.002067805460977068
2023-08-11,-0.01749125423264053
2023-08-14,-0.010355795152135916
2023-08-15,0.0026406038516777475
2023-08-16,0.0003098092655053897
2023-08-17,0.00532060497018727
2023-08-18,-0.011581353426811214
2023-08-21,0.011167516576040315
2023-08-22,0.018819778556357525
2023-08-23,-0.003480388375934118
2023-08-24,0.044033806000982834
2023-08-25,-0.017474916273434227
2023-08-28,0.00883840758584653
2023-08-29,-0.003926162001593569
2023-08-30,0.003075294034867504
2023-08-31,-0.01411610866404478
2023-09-01,0.010702636228468787
2023-09-05,-0.00626978900234576
2023-09-06,-0.003195275998502667
2023-09-07,-0.020469348679920896
2023-09-08,0.0020747427934946217
2023-09-11,0.00955004259477632
2023-09-12,-0.01193719091661316
2023-09-13,0.008152751582488849
2023-09-14,0.004304342518034243
2023-09-15,-0.01518998902107005
2023-09-18,-0.015245674030133327
2023-09-19,-0.003250780111519469
2023-09-20,0.0027399315332314877
2023-09-21,-0.029549006211478712
2023-09-22,0.005185543173925389
2023-09-25,-0.0015288561685371516
2023-09-26,-0.004582665276168574
2023-09-27,0.005382878863869012
2023-09-28,-0.0004160052940214154
2023-09-29,0.008000514235931844
2023-10-02,0.0023739903275619145
2023-10-03,-0.006855259716683548
2023-10-04,0.006332251721916871
2023-10-05,0.0010180444180563075
2023-10-06,-0.006584662827655352
2023-10-09,-0.010261922323460126
2023-10-10,0.0008148727840584513
2023-10-11,0.0065385187111455245
2023-10-12,0.0013607947169713697
2023-10-13,0.0019314892071726764
2023-10-16,-0.0009413119285289762
2023-10-17,-0.02645699484458619
2023-10-18,-0.016678838695784015
2023-10-19,0.007458034965363014
2023-10-20,0.0011930808544597937
2023-10-23,-0.0015652614172895207
2023-10-24,0.003522749765524802
2023-10-25,-0.0014947148989093995
2023-10-26,-0.0003351014621347792
2023-10-27,0.00997081899635166
2023-10-30,0.009525755162747007
2023-10-31,-0.004661316197817511
2023-11-01,0.0017475483242326284
2023-11-02,0.015858745071051894
2023-11-03,0.010379752379334084
2023-11-06,0.0016508956112548656
2023-11-07,-0.0016805850455492433
2023-11-08,0.0010369009643085292
2023-11-09,0.01274934068064515
2023-11-10,0.011635856852467041
2023-11-13,-0.008056030962898864
2023-11-14,0.01812998107763031
2023-11-15,0.00554241075589168
2023-11-16,-0.006401227970287748
2023-11-17,-0.00047332319452486615
2023-11-20,-0.0024635603692921837
2023-11-21,-0.012068975034853602
2023-11-22,0.0023609806797615374
2023-11-24,-0.0024838756696906605
2023-11-27,-0.0007586956994279914
2023-11-28,-0.014104991841995984
2023-11-29,0.010414581610190599
2023-11-30,-0.00017794207783228266
2023-12-01,-0.0034052739226891893
2023-12-04,0.007292300907164373
2023-12-05,-0.010803916064686447
2023-12-06,-0.005760195688765846
2023-12-07,-0.005098268153652108
2023-12-08,-0.003632364068252625
2023-12-11,-0.010858854960672959
2023-12-12,0.0014610893298099281
2023-12-13,-0.0009532359154815762
2023-12-14,0.006278281155498
2023-12-15,0.006159879184887362
2023-12-18,-0.007729050222709755
2023-12-19,0.008456038609656158
2023-12-20,0.0041163087783651076
2023-12-21,0.016145327707667967
2023-12-22,-0.010927715541505179
2023-12-26,0.0006324250471358983
2023-12-27,0.00935243106498973
2023-12-28,-0.004575715436869965
2023-12-29,0.0023653848705231795
2024-01-02,0.0223165703314967
2024-01-03,-0.01923182999952644
2024-01-04,0.004235349587341064
2024-01-05,0.0019020911316049993
2024-01-08,0.003309999568383626
2024-01-09,-0.009237029183042478
2024-01-10,0.007150727143130142
2024-01-11,0.011181307167771326
2024-01-12,0.007646763518390776
2024-01-16,-0.007503944299750542
2024-01-17,-0.020619999037541525
2024-01-18,0.022502231608499512
2024-01-19,0.0020343155039923566
2024-01-22,0.0007437922529229812
2024-01-23,0.010394845760004046
2024-01-24,0.0168166263022278
2024-01-25,0.010838202664755325
2024-01-26,-0.011990384421990186
2024-01-29,-0.004521935571268676
2024-01-30,-0.01269656102729233
2024-01-31,-0.013200868318404058
2024-02-01,0.007909247329744185
2024-02-02,0.00315066788706031
2024-02-05,-0.004587576463718435
2024-02-06,0.005137268997305933
2024-02-07,0.011838300075737385
2024-02-08,0.002860618114579605
2024-02-09,0.01493764319707247
2024-02-12,0.00015184221300712508
2024-02-13,-0.033475862325825445
2024-02-14,0.014659763523132696
2024-02-15,0.004738615748487218
2024-02-16,0.007100748865140893
2024-02-20,-0.008231922717853446
2024-02-21,-0.055140245511505426
2024-02-22,0.06865352118571888
2024-02-23,0.0
2024-02-26,0.0
2024-02-27,0.0
2024-02-28,0.0
2024-02-29,0.0
2024-03-01,-0.014841631429579838
2024-03-04,0.009285887605867238
2024-03-05,-0.007026964641277278
2024-03-06,0.04513433197105843
2024-03-07,0.023634062004261436
2024-03-08,0.015332086508379916
2024-03-11,-0.01847738803981569
2024-03-12,0.007157570344749953
2024-03-13,-0.004398646866635492
2024-03-14,-0.009969580102957343
2024-03-15,-0.01748400633409175
2024-03-18,0.01680445322782731
2024-03-19,-0.02447637095636601
2024-03-20,0.006257848044193048
2024-03-21,0.02556856858886425
2024-03-22,-0.0044950612969025805
2024-03-25,0.005409405329402928
2024-03-26,0.013102870603491912
2024-03-27,0.008771652188742207
2024-03-28,-0.005388149410859411
2024-04-01,0.003008711849813439
2024-04-02,-0.015819382468411303
2024-04-03,-0.008533733170427493
2024-04-04,0.014218956310668052
2024-04-05,0.00617361872554234
2024-04-08,0.01740206298404612
2024-04-09,0.017428140926065483
2024-04-10,-0.017509635911670984
2024-04-11,0.005552066049244964
2024-04-12,-0.014721107487170926
2024-04-15,0.006124186059585979
2024-04-16,-0.0042511115279072476
2024-04-17,0.0032570622739833688
2024-04-18,-0.001079691137880534
2024-04-19,-0.02837894844152522
2024-04-22,0.02143365844169276
2024-04-23,0.022118093961164265
2024-04-24,0.027631995174158375
2024-04-25,-0.023353199223257737
2024-04-26,0.017850033802897514
2024-04-29,-0.0027041676759924638
2024-04-30,-0.0031987362754332116
2024-05-01,-0.01636298464103625
2024-05-02,0.02479352393332035
2024-05-03,0.027984704968537555
2024-05-06,0.02396792700838879
2024-05-07,0.0035147112674640546
2024-05-08,-0.006486895912294677
2024-05-09,-0.020938185578727286
2024-05-10,0.020559961173353125
2024-05-13,0.022674661161858456
2024-05-14,-0.006986209147882061
2024-05-15,0.012865146520002035
2024-05-16,0.007222808714338669
2024-05-17,0.0051400824105316545
2024-05-20,0.011439953099762867
2024-05-21,-0.017944704805500145
2024-05-22,0.0017103865743743896
2024-05-23,0.05288893324273136
2024-05-24,0.0
2024-05-28,0.0
2024-05-29,0.0
2024-05-30,0.0
2024-05-31,0.0
2024-06-03,0.032862755514791564
2024-06-04,-0.0006995943097978241
2024-06-05,0.013791027040149562
2024-06-06,0.00011644074160388485
2024-06-07,-0.0034981704033666405
2024-06-10,-0.008916328205350488
2024-06-11,-0.000768611772484884
2024-06-12,0.01923410647198809
2024-06-13,0.019725246595528656
2024-06-14,0.0016813530968402546
2024-06-17,0.017569972507991416
2024-06-18,0.008682913937035908
2024-06-20,0.016194195111287613
2024-06-21,-0.03317230013742678
2024-06-24,-0.008974724265450318
2024-06-25,0.012365758716133657
2024-06-26,0.006757715239201323
2024-06-27,-0.025827999084245934
2024-06-28,0.003702406707730699
2024-07-01,-0.0031862038277943316
2024-07-02,-0.012656382359750862
2024-07-03,-0.0023474644181242788
2024-07-05,0.010188521907576131
2024-07-08,0.00445221645267857
2024-07-09,0.010159836984939385
2024-07-10,0.011193773557743647
2024-07-11,0.006570101827860997
2024-07-12,0.004936558592383511
2024-07-15,0.004983985029329174
2024-07-16,0.006543444605980664
2024-07-17,-0.04351947887752872
2024-07-18,0.02567858549622226
2024-07-19,0.010220050463095376
2024-07-22,0.01716399419791248
2024-07-23,-0.004048424264135986
2024-07-24,-0.02509350332054594
2024-07-25,-0.01639038574238083
2024-07-26,0.034978743057853645
2024-07-29,-0.003146470932915424
2024-07-30,0.004907568474995738
2024-07-31,0.07413019692726164
2024-08-01,0.0
2024-08-02,0.0
2024-08-05,0.0
2024-08-06,0.0
2024-08-07,0.0
2024-08-08,0.03713332413036685
2024-08-09,0.00015344715268561515
2024-08-12,0.006471697882817873
2024-08-13,0.024342163716871257
2024-08-14,0.024374257374188302
2024-08-15,0.01950443685658021
2024-08-16,-0.0038846835501645804
2024-08-19,-0.0017139152533001134
2024-08-20,-0.00565375188108308
2024-08-21,0.0022612538527009285
2024-08-22,0.01724205144414248
2024-08-23,0.011953733276464318
2024-08-26,-0.0050545899530849425
2024-08-27,-0.011645798147434938
2024-08-28,-0.006222097642420543
2024-08-29,-0.010146249816999964
2024-08-30,0.017911288530892966
2024-09-03,-0.021941140152309968
2024-09-04,-0.01377289253442504
2024-09-05,-0.014284659853216364
2024-09-06,-0.01837630656250977
2024-09-09,0.019612284739018992
2024-09-10,0.005142008718466151
2024-09-11,0.004215777243976371
2024-09-12,-0.001863050600633076
2024-09-13,0.006169890448284754
2024-09-16,-0.013451969367449523
2024-09-17,0.008584157371418488
2024-09-18,0.005667462088495778
2024-09-19,0.036689943409572434
2024-09-20,-0.007938746375369732
2024-09-23,0.004301216724709178
2024-09-24,0.0041086146656597045
2024-09-25,-0.00011851456432099283
2024-09-26,0.023088878170303806
2024-09-27,0.0024625249314391695
2024-09-30,-0.014912342396205314
2024-10-01,-0.0005742524300603735
2024-10-02,-0.0005057037843034795
2024-10-03,0.0025057078037251657
2024-10-04,0.020213869465355083
2024-10-07,-0.0031661272556597897
2024-10-08,0.004911873919205112
2024-10-09,-0.000630630173681368
2024-10-10,-0.007225459507443355
2024-10-11,-0.012195817369759498
2024-10-14,0.010247081730744068
2024-10-15,-0.004738804606213676
2024-10-16,0.016252575569503325
2024-10-17,0.023876129964494952
2024-10-18,0.004793978975113911
2024-10-21,-0.0007810546170589072
2024-10-22,-0.006885532448868359
2024-10-23,-0.010843145226721917
2024-10-24,0.009939792791825885
2024-10-25,0.011407433637564468
2024-10-28,-5.2172904744129944e-05
2024-10-29,0.0008947696260850346
2024-10-30,-0.013243037871411678
2024-10-31,-0.014316224465848348
2024-11-01,0.0030769046305398895
2024-11-04,-0.03258219096476078
2024-11-05,0.025392669354627362
2024-11-06,0.0616138986932826
2024-11-07,0.0
2024-11-08,0.0
2024-11-11,0.0
2024-11-12,0.0
2024-11-13,0.0
2024-11-14,0.020018510750531515
2024-11-15,0.004529315265497935
2024-11-18,0.001386698671020703
2024-11-19,0.001109041091658547
2024-11-20,0.03140652443100289
2024-11-21,0.05405710328136726
2024-11-22,0.0
2024-11-25,0.0
2024-11-26,0.0
2024-11-27,0.0
2024-11-29,0.0
2024-12-02,0.007278011478207169
2024-12-03,0.0037392802908620126
2024-12-04,0.017726806145576646
2024-12-05,0.002521768902286947
2024-12-06,-0.00174746292473138
2024-12-09,-0.010910543016925622
2024-12-10,0.005312978897021203
2024-12-11,0.026317464297585857
2024-12-12,-0.01162173439252212
2024-12-13,0.0737983985369497
2024-12-16,0.0
2024-12-17,0.0
2024-12-18,0.0
2024-12-19,0.0
2024-12-20,0.0
2024-12-23,0.01329043774872174
2024-12-24,0.011414487779395133
2024-12-26,-0.0037032976066612155
2024-12-27,-0.00595007820194049
2024-12-30,-0.020767478631844916
2024-12-31,0.0022417134082139967
2025-01-02,0.013703501649837024
2025-01-03,0.0087769607491881
2025-01-06,0.03630954019144994
2025-01-07,0.026323823182174078
2025-01-08,0.010325504569233646
2025-01-10,-0.013575638176674176
2025-01-13,-0.03268329639793077
2025-01-14,0.015927390725818835
2025-01-15,0.017614180063043605
2025-01-16,0.02007769339383092
2025-01-17,0.0255583703949962
2025-01-21,0.008200786631955559
2025-01-22,0.01735823179718765
2025-01-23,-0.021586817448314255
2025-01-24,0.010834054472688592
2025-01-27,-0.11119467691787721
2025-01-28,0.0028763418132651264
2025-01-29,0.0021013011589789965
2025-01-30,0.024302191484641744
2025-01-31,0.0007929573718703509
2025-02-03,-0.03298384241049057
2025-02-04,0.00011224305534751622
2025-02-05,0.024993377964640295
2025-02-06,0.01506641856265456
2025-02-07,0.010345283537889882
2025-02-10,0.007650752297131191
2025-02-11,-0.011938737683647394
2025-02-12,-0.029488186801550298
2025-02-13,0.002040102106939168
2025-02-14,0.010719264274229756
2025-02-18,0.012054586812447976
2025-02-19,-0.00394388693233072
2025-02-20,0.0005849758646487846
2025-02-21,-0.0002829412394141917
2025-02-24,0.009844195893733199
2025-02-25,-0.001944098625371038
2025-02-26,0.025977373149667304
2025-02-27,0.01668270266758376
2025-02-28,-0.012323985658500902
2025-03-03,0.011637086240524841
2025-03-04,-0.007926057164153844
2025-03-05,0.015829073990420106
2025-03-06,-0.04110059088022322
2025-03-07,0.021238943272144484
2025-03-10,-0.02950103091546219
2025-03-11,0.009675948101625753
2025-03-12,0.04001080607884244
2025-03-13,-0.0029828033614812677
2025-03-14,0.030765531547539693
2025-03-17,-0.008943668600230326
2025-03-18,-0.015136403361912465
2025-03-19,0.0035478890457798506
2025-03-20,-0.010234133909782894
2025-03-21,-0.024081534411144467
2025-03-24,0.01562179186868673
2025-03-25,-0.005601951223769719
2025-03-26,-0.0018046526045193412
2025-03-27,-0.013818056998130102
2025-03-28,-0.0024598442461513104
2025-03-31,-0.03169908398243204
2025-04-01,0.0046116997424725525
2025-04-02,-0.01941814407670528
2025-04-03,-0.06460121972717348
2025-04-04,-0.038648438930796614
2025-04-07,-0.03232961988839056
2025-04-08,0.06596229281595711
2025-04-09,0.0005380327510098315
2025-04-10,0.010151671857525635
2025-04-11,0.0017272960253753578
2025-04-14,-0.010104914442145785
2025-04-15,-0.0009732012476841856
2025-04-16,-0.03629831540244899
2025-04-17,0.004520177622347354
2025-04-21,-0.01240985290479335
2025-04-22,0.005194857712476519
2025-04-23,0.030120917221425403
2025-04-24,-0.002139275387967543
2025-04-25,0.0004584361600121767
2025-04-28,-0.00028436907471873774
2025-04-29,0.002224672511164094
2025-04-30,0.008011599494927468
2025-05-01,0.021090032171427353
2025-05-02,0.017703495650292833
2025-05-05,-0.009369569498644092
2025-05-06,-0.010757349755686763
2025-05-07,-0.0011175066180363347
2025-05-08,0.008170432302676112
2025-05-09,0.0019097051975605073
2025-05-12,0.033772799269087495
2025-05-13,-0.0011848425074671987
2025-05-14,-0.0009933679227691616
2025-05-15,0.001895532253948895
2025-05-16,-0.0009513799445374227
2025-05-19,0.006351570863487366
2025-05-20,-0.0076084542820290535
2025-05-21,-0.0060879362198758
2025-05-22,-0.0024275983045110028
2025-05-23,-0.021326411309539384
2025-05-27,0.0197710925007637
2025-05-28,0.0045323468576325965
2025-05-29,0.035770107155257636
2025-05-30,-0.004775829410538446
2025-06-02,0.0029363187767743604
2025-06-03,0.03246369111677594
2025-06-04,-0.0072818380811373595
2025-06-05,0.0023008396001478193
2025-06-06,-0.004647936064692049
2025-06-09,-0.0011191710586988535
2025-06-10,0.0011293517536274944
2025-06-11,0.008729533230834585
2025-06-12,-0.005217286730605064
2025-06-13,-0.01270914378158261
2025-06-16,0.0057170138643900525
2025-06-17,-0.0031951163162827756
2025-06-18,0.0038135881101468705
2025-06-20,0.007890346382777969
2025-06-23,0.001799203223543211
2025-06-24,0.011318635990816617
2025-06-25,0.006235944807696736
2025-06-26,0.003750480262863176
2025-06-27,0.005789980121482907
2025-06-30,0.012630704092734257
2025-07-01,-0.0038372389047610644
2025-07-02,-0.005506641284334202
2025-07-03,0.0033222819197704645
2025-07-07,-0.006242091235592717
2025-07-08,0.011926454196168557
2025-07-09,0.0013763777348660966
2025-07-10,0.008376404692801653
2025-07-11,-0.008047898560531008
2025-07-14,-0.014349546453364725
2025-07-15,0.014598296095696961
2025-07-16,-0.013374842029174272
2025-07-17,-0.006264288322154976
2025-07-18,0.008375694653214971
2025-07-21,0.001508483950557471
2025-07-22,-0.0033878721997120387
2025-07-23,0.014783788589191493
2025-07-24,0.0067675018751147675
2025-07-25,-0.005029390378125664
2025-07-28,0.011107550680910627
2025-07-29,0.008387068214821936
2025-07-30,0.004847806585444703
2025-07-31,-0.030490560495715524
2025-08-01,-0.029563411386220317
2025-08-04,0.017617103368137155
2025-08-05,0.02391962052029384
2025-08-06,-0.025347161143815744
2025-08-07,0.01432532547692733
2025-08-08,0.009246979838276825
2025-08-11,-0.00730769166894496
2025-08-12,0.007345963316090165
2025-08-13,0.01208665944260967
2025-08-14,-0.015217433399985159
2025-08-15,-0.0042804733561013775
2025-08-18,-0.004706006743894542
2025-08-19,-0.010097834647219917
2025-08-20,-0.017311500203447405
2025-08-21,0.0027649823728006506
2025-08-22,-0.009496531848044998
2025-08-25,-0.009260643571584737
2025-08-26,0.00748248764950854
2025-08-27,0.0022292558785834693
2025-08-28,0.0032362345411984794
2025-08-29,-0.009714306809488482
2025-09-02,-0.02834853757668987
2025-09-03,0.0033594099143461342
2025-09-04,-0.0042128367271402345
2025-09-05,0.0035186839895282596
2025-09-08,0.0032937691493382104
2025-09-09,0.004493222910604944
2025-09-10,0.03576940284502794
2025-09-11,0.017458289936335802
2025-09-12,0.011452863551462356
2025-09-15,-0.0011036143382469055
2025-09-16,0.000547003688130987
2025-09-17,-0.007838309334496918
2025-09-18,-0.007081407609898949
2025-09-19,-0.013069801486553012
2025-09-22,0.0006837553817555797
2025-09-23,0.009580079506856132
2025-09-24,0.004128312538332457
2025-09-25,-0.023633893478645307
2025-09-26,0.0019115642938141164
2025-09-29,0.01105160214354628
2025-09-30,-0.0005267685441990855
2025-10-01,-0.007208426215868813
2025-10-02,0.020642275780414998
2025-10-03,0.007446203879743818
2025-10-06,0.01739333554694178
2025-10-07,0.007432319283367184
2025-10-08,0.013269288297325321
2025-10-09,-0.002911462146834465
2025-10-10,-0.0004902662927460666
2025-10-13,0.052845873146838196
2025-10-14,0.0
2025-10-15,0.0
2025-10-16,0.0
2025-10-17,0.0
2025-10-20,0.0
2025-10-21,-0.0038285624305997024
2025-10-22,0.006501011849601834
2025-10-23,0.0008769233539509536
2025-10-24,0.026804312071351477
2025-10-27,0.01883582423362573
2025-10-28,0.003763727127601202
2025-10-29,0.008451492578768205
2025-10-30,-0.003970747410838471
2025-10-31,0.011969641262899122
2025-11-03,0.020663356869588645
2025-11-04,-0.03348276277955764
2025-11-05,0.0016076782421492464
2025-11-06,-0.0021926817414577027
2025-11-07,-0.016806190178650482
2025-11-10,0.03442103988962075
2025-11-11,-0.009157392853852198
2025-11-12,0.03290483082656426
2025-11-13,-0.014185164218909474
2025-11-14,-0.026633608419451726
2025-11-17,-0.0079314144594963
2025-11-18,-0.013561835469908079
2025-11-19,-0.0021573528917988583
2025-11-20,0.030908453030459748
2025-11-21,0.008149511420743272
2025-11-24,0.02261575372376856
2025-11-25,-0.02189795770068892
2025-11-26,0.014345723227409124
2025-11-28,0.012207952196250371
2025-12-01,-0.01820784079484894
2025-12-02,0.0026339995297606222
2025-12-03,-0.004106643294718326
2025-12-04,-0.00656493296058025
2025-12-05,0.009715765756287853
2025-12-08,0.020978302434527585
2025-12-09,-0.005338929218230315
2025-12-10,0.0007946946022001633
2025-12-11,-0.014760452235850208
2025-12-12,-0.029867975926744172
2025-12-15,0.012439787707967831
2025-12-16,-0.0071635546995828525
2025-12-17,0.012378650582236528
2025-12-18,0.06564613352114446
2025-12-19,0.0
2025-12-22,0.0
2025-12-23,0.0
2025-12-24,0.0
2025-12-26,0.0
2025-12-29,-0.013602772224909021
2025-12-30,0.0013289378655565454
2025-12-31,0.0012438284784297426
2026-01-02,0.02516333883365518
2026-01-05,0.029488775683520263
2026-01-06,0.014189469829524626
2026-01-07,-0.01314681183739852
2026-01-08,0.004340628799312629
2026-01-09,0.013671521950516352
2026-01-12,-0.011069678036457753
2026-01-13,0.010796073506567305
2026-01-14,-0.013470851145840679
2026-01-15,0.04929790666517819
2026-01-16,0.03242961954006085
2026-01-20,-0.01359549020945805
2026-01-21,0.013977858846763835
2026-01-22,0.01951728965003574
2026-01-23,0.005160907965831019
2026-01-26,-0.005631757780287794
2026-01-27,0.02602960043647773
2026-01-28,0.016618357815855633
2026-01-29,0.014053981225565337
2026-01-30,-0.017240280547704656
2026-02-02,-0.0037066507708538587
2026-02-03,0.012454291246041693
2026-02-04,-0.007395025376557007
2026-02-05,-0.013705950369137798
2026-02-06,0.012701316537162999
2026-02-09,-0.01404187771572396
2026-02-10,-0.003804426070747824
2026-02-11,0.03923740148828614
2026-02-12,0.011297474551914544
2026-02-13,0.001868366415850753
2026-02-17,-0.017773576948967196
2026-02-18,0.004816942944261271
2026-02-19,-0.019164101645653076
2026-02-20,-0.0036813467947401923
2026-02-23,-0.0035662496735625604
2026-02-24,0.01130323347156037
2026-02-25,0.019941857244454297
2026-02-26,-0.01083131883043953
2026-02-27,-0.026470672962871977
2026-03-02,-0.02292049974003907
2026-03-03,-0.0505901989798454
2026-03-04,0.02697080662576412
2026-03-05,-0.014912346238671437
2026-03-06,-0.04488992577861883
2026-03-09,-0.017320724576642688
2026-03-10,0.004673732477505688
2026-03-11,0.007169170337163022
2026-03-12,-0.021370299365319423
2026-03-13,0.016581748410404273
2026-03-16,0.03072238051039866
2026-03-17,0.009820049068104186
2026-03-18,0.003493461824670696
2026-03-19,-0.0445661848454032
2026-03-20,0.002596414110401124
2026-03-23,0.015569806927742347
2026-03-24,-0.010375723981002283
2026-03-25,-0.016978872688899527
2026-03-26,-0.03143909062368755
2026-03-27,0.0001487328184344161
2026-03-30,0.01693732372337564
2026-03-31,0.015876052919195693
2026-04-01,0.017128294872326144
2026-04-02,-0.058682308290010976
2026-04-06,0.011898843368536749
2026-04-07,-0.011069329362777824
2026-04-08,0.08361267727235688
2026-04-09,0.0
2026-04-10,0.0
2026-04-13,0.0
2026-04-14,0.0
2026-04-15,0.0
2026-04-16,-0.00899047670680253
2026-04-17,0.02267844340038394
2026-04-20,0.0022607531099076983
2026-04-21,0.004153623185715771
2026-04-22,0.019043016334699736
2026-04-23,-0.0019610022744016575
2026-04-24,0.028440263426961376
2026-04-27,0.008431450549860608
2026-04-28,-0.03850736629389673
2026-04-29,0.019338215275249926
2026-04-30,0.014700146309085671
2026-05-01,-0.011242392732197626
2026-05-04,0.015850957366189578
2026-05-05,0.02139369543586689
2026-05-06,0.019062068704768675
2026-05-07,-0.015826419092730415
2026-05-08,0.026603430579938303
2026-05-11,0.03499309988814381
2026-05-12,-0.02925034122571646
2026-05-13,0.04523614064619208
2026-05-14,-0.023941503156815203
2026-05-15,-0.050253238262108146
2026-05-18,0.029453901089652623
2026-05-19,-0.02335260598813249
2026-05-20,0.03993538705145849
2026-05-21,-0.008217592644656158
2026-05-22,0.006667763161571916
2026-05-26,0.05606679842041018
2026-05-27,0.0
2026-05-28,0.0
2026-05-29,0.0
2026-06-01,0.0
2026-06-02,0.0
2026-06-03,0.061658067353855595
2026-06-04,0.0
2026-06-05,0.0
2026-06-08,0.0
2026-06-09,0.0
2026-06-10,0.0
2026-06-11,0.035338706582902946
2026-06-12,-0.01937687585178116
2026-06-15,0.05866087555659183
2026-06-16,0.0
2026-06-17,0.0
2026-06-18,0.0
2026-06-22,0.0
2026-06-23,0.0
2026-06-24,0.006038543764567361
2026-06-25,0.09655335106161256
2026-06-26,0.0
2026-06-29,0.0
2026-06-30,0.0
2026-07-01,0.0
2026-07-02,0.0
2026-07-06,0.029894869964617543
2026-07-07,-0.05618185760503669
2026-07-08,-0.027011166694811406
2026-07-09,0.05860390194790277
2026-07-10,0.0
2026-07-13,0.0
2026-07-14,0.0
2026-07-15,0.0
2026-07-16,0.0
2026-07-17,-0.03936333681863213
2026-07-20,0.03093669718899328
2026-07-21,0.06227841882132412
2026-07-22,0.0
2026-07-23,0.0
2026-07-24,0.0
2026-07-27,0.0
2026-07-28,0.0
2026-07-29,0.005268034149827905
2026-07-30,0.0738281049039442
2026-07-31,0.0
2026-08-03,0.0
2026-08-04,0.0
2026-08-05,0.0
2026-08-06,0.0
2026-08-07,0.027741726374053144
2026-08-10,0.00418874749823428
2026-08-11,0.01336350042806278
2026-08-12,0.04822349557552741
2026-08-13,0.0015548904209456982
2026-08-14,0.012451433212178564
