index,return
2000-01-03,0.0
2000-01-04,0.0
2000-01-05,-0.03146565419625669
2000-01-06,0.022222028907675107
2000-01-07,-0.03002034519437935
2000-01-10,0.03904603835924303
2000-01-11,-0.004974965788644092
2000-01-12,-0.0016024210408207562
2000-01-13,0.016048628548770427
2000-01-14,-0.007556941749504942
2000-01-18,0.004050697901967881
2000-01-19,0.014978128467705742
2000-01-20,0.08118162035656606
2000-01-21,0.0
2000-01-24,0.0
2000-01-25,0.0
2000-01-26,-0.03894895976592294
2000-01-27,0.025766259734751884
2000-01-28,-0.013148536295491287
2000-01-31,0.017343255204884445
2000-02-01,0.00971128817583966
2000-02-02,0.013829140839829002
2000-02-03,0.03534022238288337
2000-02-04,0.022866974558709563
2000-02-07,0.004322018604756339
2000-02-08,0.011939582274681282
2000-02-09,0.025078506945060752
2000-02-10,0.049880851436775675
2000-02-11,0.02885689532274549
2000-02-14,-0.03300903470973693
2000-02-15,0.02681717936743855
2000-02-16,0.028212434662922004
2000-02-17,0.007841727449462654
2000-02-18,-0.014243444191012311
2000-02-22,-0.0491379882232188
2000-02-23,-0.004456022515062719
2000-02-24,0.018358087750612873
2000-02-25,-0.0019542759490682737
2000-02-28,-0.000831956511044285
2000-02-29,0.03258382404029647
2000-03-01,0.04798517046245965
2000-03-02,0.0
2000-03-03,0.0
2000-03-06,0.0
2000-03-07,0.0
2000-03-08,0.0
2000-03-09,0.0
2000-03-10,0.0
2000-03-13,0.0
2000-03-14,0.0
2000-03-15,0.0
2000-03-16,0.0
2000-03-17,0.0
2000-03-20,0.0
2000-03-21,0.0
2000-03-22,0.0
2000-03-23,0.0
2000-03-24,0.0
2000-03-27,0.0
2000-03-28,0.0
2000-03-29,0.0
2000-03-30,0.0
2000-03-31,0.0
2000-04-03,0.0
2000-04-04,0.03601230572397962
2000-04-05,-0.012451604814586736
2000-04-06,0.09793948002322916
2000-04-07,0.0
2000-04-10,0.0
2000-04-11,0.0
2000-04-12,-0.016231037353887867
2000-04-13,0.027097014236232342
2000-04-14,-0.07289930784841736
2000-04-17,-0.060147556172922556
2000-04-18,0.05432875369398982
2000-04-19,0.0
2000-04-20,0.0
2000-04-24,0.0
2000-04-25,0.05744232041605102
2000-04-26,0.0
2000-04-27,0.0
2000-04-28,0.0
2000-05-01,0.03432986447190589
2000-05-02,-0.001030140585009498
2000-05-03,-0.014072164329084869
2000-05-04,-0.008876110260500059
2000-05-05,-0.007240202001236207
2000-05-08,-0.017937781767744077
2000-05-09,0.017214465271083057
2000-05-10,-0.017233030642083702
2000-05-11,0.027431576912989364
2000-05-12,0.023641613794912475
2000-05-15,0.0003888805646057314
2000-05-16,0.03952983938367871
2000-05-17,0.050981214063327895
2000-05-18,0.0
2000-05-19,0.0
2000-05-22,0.0
2000-05-23,-0.0035133989256608267
2000-05-24,0.0025838088760576916
2000-05-25,0.050848842862646126
2000-05-26,0.0
2000-05-30,0.0
2000-05-31,0.0
2000-06-01,0.04916758299984947
2000-06-02,0.0
2000-06-05,0.0
2000-06-06,0.0
2000-06-07,0.002959834654882032
2000-06-08,0.04695951357393069
2000-06-09,0.026160967085842923
2000-06-12,0.0167974204894632
2000-06-13,-0.02828274670887665
2000-06-14,0.02055396817319366
2000-06-15,-0.005475728329772722
2000-06-16,0.011881024705594934
2000-06-19,0.012354381832488492
2000-06-20,0.012535994854937949
2000-06-21,-0.022282632146459647
2000-06-22,0.017070764189642595
2000-06-23,-0.012749906070147143
2000-06-26,0.02030891561455661
2000-06-27,0.012741373066734951
2000-06-28,0.022136379904339254
2000-06-29,-0.0682348090002699
2000-06-30,0.03127116904870708
2000-07-03,0.03559586096236833
2000-07-05,-0.06449414077168913
2000-07-06,-0.003593078171413633
2000-07-07,0.012456429403509661
2000-07-10,-0.010227008395348958
2000-07-11,-0.009784216211942587
2000-07-12,0.0547877065487814
2000-07-13,0.06126263990896552
2000-07-14,0.0
2000-07-17,0.0
2000-07-18,0.0
2000-07-19,-0.026953449117336548
2000-07-20,-0.00843453006632311
2000-07-21,-0.046987430361670524
2000-07-24,0.01648328889354489
2000-07-25,0.029805988591532495
2000-07-26,-0.031144798377549687
2000-07-27,-0.07444475894089608
2000-07-28,0.013495368865716673
2000-07-31,0.06868729423926467
2000-08-01,0.0
2000-08-02,0.0
2000-08-03,0.0
2000-08-04,0.037705990042789406
2000-08-07,-0.004515621182040186
2000-08-08,-0.005759278006951196
2000-08-09,0.04612149667425958
2000-08-10,-0.04647659503011825
2000-08-11,-0.005872387724873529
2000-08-14,0.045212148882819436
2000-08-15,0.01774956689168783
2000-08-16,0.05034944906863403
2000-08-17,-0.03147638656695351
2000-08-18,0.02214591521309428
2000-08-21,0.029563285550477936
2000-08-22,-0.03167420511167929
2000-08-23,-0.005540354298499084
2000-08-24,0.008351913639977893
2000-08-25,-0.011697437547328438
2000-08-28,0.012302461396257236
2000-08-29,0.002478961756751996
2000-08-30,-0.01229236823744373
2000-08-31,0.008872490646439024
2000-09-01,0.03498231481977809
2000-09-05,0.03428603377268025
2000-09-06,-0.05792969117310898
2000-09-07,0.02537550602685812
2000-09-08,-0.014917604859923106
2000-09-11,-0.040280395955794246
2000-09-12,0.024343356963887786
2000-09-13,-0.0251528531822518
2000-09-14,0.03081770475231238
2000-09-15,-0.008781278031078199
2000-09-18,0.020673772986004035
2000-09-19,-0.009077660169361734
2000-09-20,-0.022977829629682534
2000-09-21,-0.021777423759685277
2000-09-22,-0.11651186994919327
2000-09-25,0.02802932120894419
2000-09-26,0.02310700342071703
2000-09-27,0.023857469098116812
2000-09-28,-0.02013045027277416
2000-09-29,-0.046796368238507746
2000-10-02,0.024592018819259653
2000-10-03,0.05071636956924963
2000-10-04,-0.0016212086617108934
2000-10-05,-0.020649808682551507
2000-10-06,0.01667450645382318
2000-10-09,0.009763528761142837
2000-10-10,-0.04512788997047412
2000-10-11,-0.07108704087828455
2000-10-12,0.06246277062707861
2000-10-13,0.0
2000-10-16,0.0
2000-10-17,0.0
2000-10-18,-0.05183671831984382
2000-10-19,0.17827842536699356
2000-10-20,0.0
2000-10-23,0.0
2000-10-24,0.0
2000-10-25,-0.05192375193790144
2000-10-26,0.01992675933691168
2000-10-27,0.01795726117937857
2000-10-30,-0.01705336512852762
2000-10-31,0.08388560780027321
2000-11-01,0.0
2000-11-02,0.0
2000-11-03,0.0
2000-11-06,0.052567766072248334
2000-11-07,0.01784678836856468
2000-11-08,0.01242308215168575
2000-11-09,-0.08155953504790925
2000-11-10,0.0011568372491603807
2000-11-13,-0.07481519683602766
2000-11-14,0.09960337333884484
2000-11-15,0.0
2000-11-16,0.0
2000-11-17,0.0
2000-11-20,-0.04960150488788706
2000-11-21,0.03932022610370489
2000-11-22,0.016531892371794754
2000-11-24,0.06907946461955783
2000-11-27,0.0
2000-11-28,0.0
2000-11-29,0.0
2000-11-30,-0.17136660473637588
2000-12-01,0.07103355804425004
2000-12-04,0.0
2000-12-05,0.0
2000-12-06,0.0
2000-12-07,-0.0669139397438756
2000-12-08,0.16055173017164237
2000-12-11,0.0
2000-12-12,0.0
2000-12-13,0.0
2000-12-14,0.0038121449268775365
2000-12-15,-0.05325678259491584
2000-12-18,0.02939099824146707
2000-12-19,-0.0003534953231094651
2000-12-20,-0.08780069708783544
2000-12-21,-0.016402629936767
2000-12-22,0.10269871302847333
2000-12-26,0.0
2000-12-27,0.0
2000-12-28,0.0
2000-12-29,6.01722221760248e-06
2001-01-02,0.043325818036520136
2001-01-03,-0.019794459235666917
2001-01-04,-0.01783654772167731
2001-01-05,0.005776319982208511
2001-01-08,-0.016572722448373267
2001-01-09,0.060916035408000946
2001-01-10,0.0
2001-01-11,0.0
2001-01-12,0.0
2001-01-16,0.003547425373468416
2001-01-17,0.14887937386760175
2001-01-18,0.0
2001-01-19,0.0
2001-01-22,0.0
2001-01-23,-0.018916241561763414
2001-01-24,0.0021415058724376657
2001-01-25,-0.02091166765843344
2001-01-26,-0.06860228975011162
2001-01-29,-0.010328027133779005
2001-01-30,0.027764634994054793
2001-01-31,-0.009471914498626166
2001-02-01,0.01605610383064282
2001-02-02,0.022299197719662267
2001-02-05,-0.016504631386120128
2001-02-06,0.026914911099476857
2001-02-07,-0.013771955447845041
2001-02-08,0.01599546405905783
2001-02-09,-0.014833228465648163
2001-02-12,-0.009185174693115528
2001-02-13,0.008033800892853549
2001-02-14,0.0014943703491689941
2001-02-15,0.002206413311067079
2001-02-16,-0.07671873528055728
2001-02-20,0.019308297844189637
2001-02-21,-0.060386669477679344
2001-02-22,-0.008935726314377002
2001-02-23,-0.014999484602107538
2001-02-26,0.045074813459327734
2001-02-27,-0.022345892887460916
2001-02-28,0.016876859832798186
2001-03-01,-0.02527791743576724
2001-03-02,-0.10137050910431278
2001-03-05,0.031032246665314345
2001-03-06,0.1241167192890964
2001-03-07,0.0
2001-03-08,0.0
2001-03-09,0.0
2001-03-12,-0.03820733940247989
2001-03-13,0.056573544295774214
2001-03-14,-0.0818645560041521
2001-03-15,0.08472535885862675
2001-03-16,0.0
2001-03-19,0.0
2001-03-20,0.0
2001-03-21,-0.006396590961848858
2001-03-22,0.06403448975662274
2001-03-23,0.0
2001-03-26,0.0
2001-03-27,0.0
2001-03-28,-0.06024546615628701
2001-03-29,-0.01664125665550764
2001-03-30,-0.034134677258116586
2001-04-02,-0.0062528173503482165
2001-04-03,0.0
2001-04-04,0.0
2001-04-05,0.0
2001-04-06,0.0
2001-04-09,0.0
2001-04-10,0.0
2001-04-11,0.0
2001-04-12,0.0
2001-04-16,0.0
2001-04-17,0.0
2001-04-18,0.0
2001-04-19,0.0
2001-04-20,0.0
2001-04-23,0.0
2001-04-24,0.0
2001-04-25,0.0
2001-04-26,0.0
2001-04-27,0.0
2001-04-30,0.0
2001-05-01,0.0
2001-05-02,0.03632377432068079
2001-05-03,-0.07915223137973859
2001-05-04,-0.07173899961662844
2001-05-07,-0.0014180539781009083
2001-05-08,0.08010771033126529
2001-05-09,0.0
2001-05-10,0.0
2001-05-11,0.0
2001-05-14,-0.00039124944306512255
2001-05-15,0.013308091786567555
2001-05-16,-0.02982678562831409
2001-05-17,0.0131727262577237
2001-05-18,-0.012223314854276968
2001-05-21,-0.012862278087869106
2001-05-22,0.0027324476508141515
2001-05-23,0.007006208453535612
2001-05-24,-0.029647995499522906
2001-05-25,0.022616004950536617
2001-05-29,-0.020386902345592928
2001-05-30,-0.026394344919898227
2001-05-31,-0.006844537418407737
2001-06-01,0.03251322732688622
2001-06-04,-0.02885875668728788
2001-06-05,0.023757007378430117
2001-06-06,0.07774787441481368
2001-06-07,0.0
2001-06-08,0.0
2001-06-11,0.0
2001-06-12,-0.06871444207664257
2001-06-13,0.00883256528225762
2001-06-14,-0.043343395724282474
2001-06-15,-0.03434449615827806
2001-06-18,0.0060170371061594174
2001-06-19,0.06339038250550177
2001-06-20,0.0
2001-06-21,0.0
2001-06-22,0.0
2001-06-25,0.05076043682536335
2001-06-26,-0.02967223978702449
2001-06-27,-0.0040532087087898905
2001-06-28,0.026721986803628806
2001-06-29,0.008381049419842412
2001-07-02,-0.0005281386424209611
2001-07-03,-0.01949611501246673
2001-07-05,-0.048191496280256985
2001-07-06,-0.15716346165480455
2001-07-09,0.07216293659492012
2001-07-10,0.0
2001-07-11,0.0
2001-07-12,0.0
2001-07-13,-0.02674642749334155
2001-07-16,0.029194538193752173
2001-07-17,-0.04886578200163938
2001-07-18,-0.031744640389748446
2001-07-19,0.042947704917191576
2001-07-20,0.007166669174807572
2001-07-23,0.025095176156239685
2001-07-24,-0.03401535467207706
2001-07-25,0.005111107507528301
2001-07-26,0.003008056150192173
2001-07-27,-0.01915676682416967
2001-07-30,0.040992809944299324
2001-07-31,0.04075490406094584
2001-08-01,0.13402496039246192
2001-08-02,0.0
2001-08-03,0.0
2001-08-06,0.0
2001-08-07,-0.0016268623744033484
2001-08-08,-0.007537529126647069
2001-08-09,-0.018915045971883093
2001-08-10,-0.004451441425258218
2001-08-13,0.03446081388328204
2001-08-14,-0.016913298789974496
2001-08-15,0.025450676031550712
2001-08-16,-0.027674077162368027
2001-08-17,-0.043882981284076195
2001-08-20,-0.013018041307785944
2001-08-21,0.01073880157831475
2001-08-22,0.03223777696140662
2001-08-23,0.003763146736512457
2001-08-24,0.025359443054521646
2001-08-27,-0.007718752652219996
2001-08-28,0.00937882834429371
2001-08-29,0.018606838448962826
2001-08-30,-0.021888687227416992
2001-08-31,-0.00946125608119952
2001-09-04,-0.029545202334315457
2001-09-05,-0.010888749218800342
2001-09-06,-0.025576469150140335
2001-09-07,-0.007914531986056295
2001-09-10,-0.005639594823847904
2001-09-17,-0.20837136682478918
2001-09-18,0.014953166220199154
2001-09-19,0.04720018744728005
2001-09-20,-0.04720985132811539
2001-09-21,-0.1019033657607471
2001-09-24,0.09936483882083524
2001-09-25,0.0
2001-09-26,0.0
2001-09-27,0.0
2001-09-28,0.05750425577999696
2001-10-01,-0.0034397275496660384
2001-10-02,-0.021340968082269374
2001-10-03,-0.02085000954459937
2001-10-04,0.08197566489776054
2001-10-05,0.0
2001-10-08,0.0
2001-10-09,0.0
2001-10-10,-0.010359568280903897
2001-10-11,0.07210919846471242
2001-10-12,0.0
2001-10-15,0.0
2001-10-16,0.0
2001-10-17,0.07975750350923061
2001-10-18,0.0
2001-10-19,0.0
2001-10-22,0.0
2001-10-23,0.025250219050999778
2001-10-24,-0.003360822549481668
2001-10-25,-0.03384474192478781
2001-10-26,-0.004597517854945776
2001-10-29,-0.02600703750327371
2001-10-30,-0.01697723383874783
2001-10-31,0.06899098821196659
2001-11-01,0.0
2001-11-02,0.0
2001-11-05,0.0
2001-11-06,-0.0101229714984441
2001-11-07,-0.01539548228469112
2001-11-08,0.07807539366133365
2001-11-09,0.0
2001-11-12,0.0
2001-11-13,0.0
2001-11-14,0.020291019299941926
2001-11-15,-0.007834452092713717
2001-11-16,-0.005613737806820063
2001-11-19,0.00960864738572953
2001-11-20,-0.01921084105981674
2001-11-21,-0.01577134654543544
2001-11-23,-0.001700947998696578
2001-11-26,0.029162568751635032
2001-11-27,-0.01708651732826516
2001-11-28,-0.01262056810618939
2001-11-29,0.04354198078690663
2001-11-30,-0.004896108167870783
2001-12-03,0.01590995372457127
2001-12-04,0.024233792025357248
2001-12-05,0.07159009278214956
2001-12-06,0.0
2001-12-07,0.0
2001-12-10,0.0
2001-12-11,0.026506098846007742
2001-12-12,0.018084175655355583
2001-12-13,-0.06981203289567672
2001-12-14,0.002777306247309541
2001-12-17,0.003350281120535703
2001-12-18,0.017366706786621
2001-12-19,-0.05517631974412174
2001-12-20,-0.009744467459102624
2001-12-21,0.014539722256772025
2001-12-24,0.0006194910487227201
2001-12-26,0.008974051190734134
2001-12-27,0.030423300641987838
2001-12-28,0.03626497702141518
2001-12-31,0.02182375246769941
2002-01-02,0.06032612920259939
2002-01-03,0.0
2002-01-04,0.0
2002-01-07,0.0
2002-01-08,0.009674392736035653
2002-01-09,0.018068887914309162
2002-01-10,-0.007123668331546207
2002-01-11,0.008846427699776838
2002-01-14,-0.005715103799170063
2002-01-15,0.033623869876896695
2002-01-16,-0.017908638577298852
2002-01-17,0.034564460303835975
2002-01-18,-0.03813473319934113
2002-01-22,0.014255448888178757
2002-01-23,0.016764927917106265
2002-01-24,0.011585525381233142
2002-01-25,-0.02272826602745248
2002-01-28,0.018049600415874556
2002-01-29,0.006045924097267452
2002-01-30,0.011679614049598053
2002-01-31,0.015030221494564566
2002-02-01,-0.0017909041047324825
2002-02-04,-0.04241681961544286
2002-02-05,-0.0351099638425767
2002-02-06,0.04168585032298444
2002-02-07,0.0
2002-02-08,0.0
2002-02-11,0.0
2002-02-12,-0.023029618266607654
2002-02-13,0.019054986330723
2002-02-14,0.0081537777616707
2002-02-15,-0.02909502474165293
2002-02-19,-0.05148868662595929
2002-02-20,-0.0027497828226508148
2002-02-21,-0.011543170257463986
2002-02-22,-0.023891546877285452
2002-02-25,0.00536404725052253
2002-02-26,0.0015764228244914413
2002-02-27,0.022934015390386753
2002-02-28,-0.0029576988756844225
2002-03-01,0.007823483411733001
2002-03-04,0.004368269832274896
2002-03-05,-0.029349178187351277
2002-03-06,-0.06819631968687678
2002-03-07,0.013564666745449205
2002-03-08,0.04001168924484477
2002-03-11,-0.01925270637138765
2002-03-12,-0.034697559575026515
2002-03-13,-0.016851368367336916
2002-03-14,-0.036172919629892886
2002-03-15,-0.00018852800112634238
2002-03-18,0.019388765478371983
2002-03-19,0.0114627531653968
2002-03-20,-0.019776427974341648
2002-03-21,0.017083278953110126
2002-03-22,0.009465000715136895
2002-03-25,-0.004839954551276171
2002-03-26,-0.012079481443218354
2002-03-27,-0.05028759744642608
2002-03-28,0.011847947837423822
2002-04-01,-0.038440419867136755
2002-04-02,-0.016019439280529624
2002-04-03,-0.007857372699620835
2002-04-04,0.0004284517478310157
2002-04-05,0.006873985352148226
2002-04-08,-0.060488761092298726
2002-04-09,0.008749927879701414
2002-04-10,0.022359852435929195
2002-04-11,-0.030943101963085695
2002-04-12,0.011168922341329157
2002-04-15,0.011343863921268627
2002-04-16,0.0457321046931376
2002-04-17,0.0
2002-04-18,0.0
2002-04-19,0.0
2002-04-22,-0.010873191909019475
2002-04-23,0.022058989556233755
2002-04-24,0.06828827885919964
2002-04-25,0.0
2002-04-26,0.0
2002-04-29,0.0
2002-04-30,0.00188016176264294
2002-05-01,-0.005418732785570701
2002-05-02,0.023255706623604544
2002-05-03,-0.002356271883302674
2002-05-06,-0.025305779453022814
2002-05-07,0.04846872367005739
2002-05-08,0.13066713969643828
2002-05-09,0.0
2002-05-10,0.0
2002-05-13,0.0
2002-05-14,0.13118954564492902
2002-05-15,0.0
2002-05-16,0.0
2002-05-17,0.0
2002-05-20,0.0010470910032578384
2002-05-21,0.02938632337815772
2002-05-22,-0.010560150247353572
2002-05-23,0.009287422837976456
2002-05-24,-0.03148075791561866
2002-05-28,0.03020060048884532
2002-05-29,-0.0358834991236302
2002-05-30,-0.04278672741625711
2002-05-31,0.006711336915800281
2002-06-03,-0.02015036685908056
2002-06-04,-0.004234813016952832
2002-06-05,-0.0017797077163577146
2002-06-06,-0.026035331473387324
2002-06-07,-0.18431480678906031
2002-06-10,0.013484983143889906
2002-06-11,0.026428003699697333
2002-06-12,-0.0008483263210452563
2002-06-13,-0.00926147270800426
2002-06-14,-0.04045209866532162
2002-06-17,0.0447051454368208
2002-06-18,-0.01106914040067386
2002-06-19,-0.16186838933187864
2002-06-20,-0.002432917113830646
2002-06-21,-0.02279589073805488
2002-06-24,-0.03066774148928053
2002-06-25,0.056867994689931534
2002-06-26,-0.17537079369520314
2002-06-27,0.08181871896462956
2002-06-28,0.0
2002-07-01,0.0
2002-07-02,0.0
2002-07-03,-0.045468651139217164
2002-07-05,0.145560599570129
2002-07-08,0.0
2002-07-09,0.0
2002-07-10,0.0
2002-07-11,-0.01828854599561247
2002-07-12,0.06412933537329102
2002-07-15,0.0
2002-07-16,0.0
2002-07-17,0.0
2002-07-18,-0.06250468560527167
2002-07-19,-0.0355781765590415
2002-07-22,-0.0019677899726335824
2002-07-23,0.032955756513707524
2002-07-24,-0.03405323178965369
2002-07-25,-0.08114726130996586
2002-07-26,0.045321861863242496
2002-07-29,0.07427867877187588
2002-07-30,0.0
2002-07-31,0.0
2002-08-01,0.0
2002-08-02,0.021305843848594908
2002-08-05,0.027951531375133287
2002-08-06,0.08711758619623211
2002-08-07,0.0
2002-08-08,0.0
2002-08-09,0.0
2002-08-12,-0.03974057238223161
2002-08-13,0.00217264492210556
2002-08-14,0.01336597881381918
2002-08-15,0.019745650252119162
2002-08-16,-0.03563078611244286
2002-08-19,0.04307997816798648
2002-08-20,-0.014345416814790624
2002-08-21,0.06801973920920301
2002-08-22,0.0
2002-08-23,0.0
2002-08-26,0.0
2002-08-27,0.015622776390703752
2002-08-28,-0.027073709533651957
2002-08-29,-0.05803626795049033
2002-08-30,-0.019502142016516122
2002-09-03,-0.06017595522857011
2002-09-04,0.01541434957894805
2002-09-05,-0.039502390583428526
2002-09-06,0.09318011488103162
2002-09-09,0.0
2002-09-10,0.0
2002-09-11,0.0
2002-09-12,-0.04390061081159857
2002-09-13,-0.055189313734841705
2002-09-16,-0.011013899890055967
2002-09-17,0.07307854607350972
2002-09-18,0.0
2002-09-19,0.0
2002-09-20,0.0
2002-09-23,-0.06461444561179208
2002-09-24,-0.04906077283219423
2002-09-25,0.06222376044610778
2002-09-26,0.0
2002-09-27,0.0
2002-09-30,0.0
2002-10-01,0.03322972531303936
2002-10-02,0.001888705258444201
2002-10-03,-0.12482922780168593
2002-10-04,0.015053582666961773
2002-10-07,-0.0064279468200622025
2002-10-08,0.051741917284200856
2002-10-09,-0.02182186784985729
2002-10-10,0.005445633391566007
2002-10-11,0.11355502941581497
2002-10-14,0.0
2002-10-15,0.0
2002-10-16,0.0
2002-10-17,0.29783368940574206
2002-10-18,0.0
2002-10-21,0.0
2002-10-22,0.0
2002-10-23,0.010531092969532585
2002-10-24,0.04792656173509635
2002-10-25,-0.046045079311000214
2002-10-28,0.09482339194224565
2002-10-29,0.0
2002-10-30,0.0
2002-10-31,0.0
2002-11-01,-0.010260432821365684
2002-11-04,0.027542875921321208
2002-11-05,-0.009492487466255639
2002-11-06,0.01290854363182481
2002-11-07,-0.019834687270885998
2002-11-08,0.0023979491774535067
2002-11-11,-0.002267686009863601
2002-11-12,0.006875517645031248
2002-11-13,-0.0077962599426192325
2002-11-14,0.020900575941044774
2002-11-15,-0.030615084516078417
2002-11-18,0.00524915779497892
2002-11-19,-0.01026707817984518
2002-11-20,0.0006692996810191421
2002-11-21,0.003073967155063251
2002-11-22,-0.008207244390000534
2002-11-25,-0.0073034070120394645
2002-11-26,-0.008052373253221279
2002-11-27,0.024640149865128302
2002-11-29,0.013869547428009277
2002-12-02,0.022648756489844546
2002-12-03,-0.0001631833208181055
2002-12-04,-0.024268461533723085
2002-12-05,0.022505480083738094
2002-12-06,-0.018544428582146888
2002-12-09,-0.011739908379009512
2002-12-10,0.016686986440852314
2002-12-11,-0.0034816314858490127
2002-12-12,0.013215931933749925
2002-12-13,-0.009063070481314273
2002-12-16,0.0071450096454765966
2002-12-17,-0.0003384142278707314
2002-12-18,-0.011404476471800873
2002-12-19,-0.00020603698947685434
2002-12-20,0.01170407431913878
2002-12-23,0.002880515997056632
2002-12-24,-0.00023778118193573672
2002-12-26,0.0180478163687805
2002-12-27,-0.015178712864364563
2002-12-30,-0.010260806784307186
2002-12-31,0.007160410667224948
2003-01-02,0.024565664261269493
2003-01-03,0.005261963447667606
2003-01-06,0.0016957127934478233
2003-01-07,0.022219806836318634
2003-01-08,-0.01131396413055663
2003-01-09,0.019273689533991778
2003-01-10,-0.008720830542577995
2003-01-13,0.015235626206639541
2003-01-14,-0.006279784341758465
2003-01-15,0.004978853163497776
2003-01-16,0.003421851546670629
2003-01-17,0.0027815374759179168
2003-01-21,0.011312773010616173
2003-01-22,-0.007350074594800193
2003-01-23,0.010502619670436086
2003-01-24,-0.008836783578148322
2003-01-27,-0.011043711285265378
2003-01-28,0.005814160193506002
2003-01-29,-0.012464626608005847
2003-01-30,0.003573760393341896
2003-01-31,0.007318129073951907
2003-02-03,-0.0010498176839544016
2003-02-04,-0.004967673523374683
2003-02-05,0.015908698275209243
2003-02-06,0.038648671688499725
2003-02-07,0.038868345525113535
2003-02-10,-0.00726635165943057
2003-02-11,-0.012739852524034534
2003-02-12,0.0009221306864575229
2003-02-13,0.01277465941743361
2003-02-14,0.09118534498018849
2003-02-18,0.0
2003-02-19,0.0
2003-02-20,0.0
2003-02-21,0.011045689094873357
2003-02-24,-0.008275848514478268
2003-02-25,-0.03303725057383988
2003-02-26,-0.01781204307550377
2003-02-27,0.005461278324849772
2003-02-28,-0.0049074509330173655
2003-03-03,0.01436281675559603
2003-03-04,-0.0028793629764686246
2003-03-05,-0.010884606324493618
2003-03-06,-0.006024675707733129
2003-03-07,-0.03950337908048729
2003-03-10,-0.006936820959929646
2003-03-11,0.010948343137718863
2003-03-12,-0.004063903900624166
2003-03-13,0.045515982974594804
2003-03-14,-0.008058714226741426
2003-03-17,-0.02442677073001387
2003-03-18,0.009722793769917804
2003-03-19,0.016022311106099085
2003-03-20,0.0008182118819590745
2003-03-21,0.07727197917751916
2003-03-24,0.0
2003-03-25,0.0
2003-03-26,0.0
2003-03-27,-0.023282291353364237
2003-03-28,-0.01361711875402638
2003-03-31,-0.06415622435112844
2003-04-01,0.019408671370364283
2003-04-02,0.06885865085630427
2003-04-03,0.0
2003-04-04,0.0
2003-04-07,0.0
2003-04-08,-0.0034112226263850465
2003-04-09,-0.00879000028450061
2003-04-10,0.018635984470613653
2003-04-11,0.019255522500402744
2003-04-14,-0.009928934149654456
2003-04-15,-0.03879926513216858
2003-04-16,0.042937973715295286
2003-04-17,-0.033410545946000236
2003-04-21,0.026038192991000297
2003-04-22,0.006351891761483541
2003-04-23,0.004496636507922869
2003-04-24,-0.0003318579382088904
2003-04-25,-0.0037925287878856073
2003-04-28,-0.0028700303546930206
2003-04-29,0.03579662297693553
2003-04-30,-0.0037080639445619124
2003-05-01,-0.008128063788603535
2003-05-02,0.008357372250663575
2003-05-05,0.016237346314923462
2003-05-06,-0.0036272160545163246
2003-05-07,-0.022733984586089218
2003-05-08,-0.01666655798566752
2003-05-09,0.1237097030468286
2003-05-12,0.0
2003-05-13,0.0
2003-05-14,0.0
2003-05-15,0.018956043504345432
2003-05-16,-0.0074442748616070364
2003-05-19,-0.031235437761880425
2003-05-20,0.019989816164306617
2003-05-21,-0.009168668151740889
2003-05-22,0.009701862834483599
2003-05-23,0.014376395454993585
2003-05-27,-0.0250779794362177
2003-05-28,0.019541057374727888
2003-05-29,0.006615828169995952
2003-05-30,0.07895034473142526
2003-06-02,0.0
2003-06-03,0.0
2003-06-04,0.0
2003-06-05,-0.015137576227221006
2003-06-06,0.04363323024554333
2003-06-09,-0.012569469110264575
2003-06-10,-0.003731322426981709
2003-06-11,-0.007000314691004705
2003-06-12,0.007854203578054442
2003-06-13,-0.039499169000720924
2003-06-16,0.01634156250459773
2003-06-17,0.02844562210461965
2003-06-18,-0.032777171648228465
2003-06-19,-0.0005183327797129156
2003-06-20,0.018487172200789992
2003-06-23,-0.0025590468539732347
2003-06-24,-0.012547993939638014
2003-06-25,0.011080025773992919
2003-06-26,0.005995059603572717
2003-06-27,0.01702000065769549
2003-06-30,0.02398651064710533
2003-07-01,-0.0037311131299117006
2003-07-02,0.041981731685972745
2003-07-03,-0.027549711993060666
2003-07-07,0.013273715931650276
2003-07-08,-0.0155446917795522
2003-07-09,0.003021899175515319
2003-07-10,-0.041433152776542914
2003-07-11,0.006384872683775411
2003-07-14,0.04465512276348371
2003-07-15,-0.007150909100243186
2003-07-16,0.024917966139282655
2003-07-17,-0.05991602333221735
2003-07-18,0.007582755093766602
2003-07-21,0.0050969328648851064
2003-07-22,0.02975123580427308
2003-07-23,-0.038403133972016446
2003-07-24,0.05439986232164129
2003-07-25,0.0
2003-07-28,0.0
2003-07-29,0.0
2003-07-30,-0.007809982838367979
2003-07-31,0.020749844840283638
2003-08-01,-0.0052825164072931585
2003-08-04,-0.01066996979619661
2003-08-05,0.026145769829726495
2003-08-06,-0.00018419212290343712
2003-08-07,-0.027388840513760337
2003-08-08,-0.081976418468375
2003-08-11,0.01846986465454492
2003-08-12,0.0033769477660574587
2003-08-13,0.0024434907559336416
2003-08-14,-0.023767411849484277
2003-08-15,-0.006452978124342312
2003-08-18,0.01760740697253338
2003-08-19,0.026698492527197804
2003-08-20,-0.03901805495830324
2003-08-21,0.031465006368846415
2003-08-22,0.05273168466277767
2003-08-25,0.00772099558689443
2003-08-26,-0.017917093771104065
2003-08-27,0.00895014524687654
2003-08-28,0.009740272786940674
2003-08-29,-0.005831858729870132
2003-09-02,0.015929269128347245
2003-09-03,0.024569210255551477
2003-09-04,-0.007797242720704478
2003-09-05,-0.00750847534416843
2003-09-08,0.006838591754278811
2003-09-09,-0.009991892987516016
2003-09-10,-0.020519452594905174
2003-09-11,0.0010316697003056596
2003-09-12,0.005856107742601591
2003-09-15,0.013864915773279307
2003-09-16,0.008323317934624264
2003-09-17,-0.0008827134936508774
2003-09-18,-0.011750073992919163
2003-09-19,0.002330772469442355
2003-09-22,-0.03803584910437985
2003-09-23,0.01132583059115766
2003-09-24,0.017051090096723343
2003-09-25,0.01164708034188533
2003-09-26,-0.01915039782370409
2003-09-29,0.0332433474667897
2003-09-30,-0.04698569876898129
2003-10-01,0.013649264855962295
2003-10-02,0.0013915020898349617
2003-10-03,0.07937735323981299
2003-10-06,0.0
2003-10-07,0.0
2003-10-08,0.0
2003-10-09,0.03676437876521299
2003-10-10,0.01222389308145333
2003-10-13,0.005748450578509479
2003-10-14,-0.0257372655118846
2003-10-15,0.05767210454095362
2003-10-16,0.0
2003-10-17,0.0
2003-10-20,0.0
2003-10-21,0.01601053700141808
2003-10-22,-0.028141973567528233
2003-10-23,-0.03300307215080722
2003-10-24,0.009766337917677337
2003-10-27,0.05148923445170239
2003-10-28,0.06025395166494629
2003-10-29,0.0
2003-10-30,0.0
2003-10-31,0.0
2003-11-03,0.03389754937302003
2003-11-04,-0.011556785599717623
2003-11-05,-0.0032770216222193227
2003-11-06,0.02267853044563961
2003-11-07,0.003055453129857666
2003-11-10,-0.02822762098722098
2003-11-11,-0.007134296604562551
2003-11-12,0.013785482302683505
2003-11-13,-0.012774424607911783
2003-11-14,-0.007998469122487029
2003-11-17,-0.035128946638593006
2003-11-18,0.02391093350472029
2003-11-19,0.006875386921559201
2003-11-20,-0.06306798025295679
2003-11-21,0.020242207072811214
2003-11-24,0.01535666796084012
2003-11-25,0.019716378078889374
2003-11-26,0.01958146833769825
2003-11-28,-0.00032012388136137826
2003-12-01,0.02177214210704892
2003-12-02,0.010234202981093787
2003-12-03,0.016537549483448544
2003-12-04,0.013161621214411445
2003-12-05,-0.041200895597318654
2003-12-08,-0.010303418020669808
2003-12-09,0.028616841250168834
2003-12-10,-0.008598641126568385
2003-12-11,0.00731409250435644
2003-12-12,0.012422921440153
2003-12-15,0.04742605225494545
2003-12-16,0.003581701524900449
2003-12-17,-0.0032505223182878185
2003-12-18,0.015003515269321976
2003-12-19,0.005203087258799588
2003-12-22,-0.010512014843903406
2003-12-23,0.0022401862830574437
2003-12-24,-0.0008569313594264383
2003-12-26,0.0029312630344047186
2003-12-29,0.015022470401762744
2003-12-30,0.0054550277299649785
2003-12-31,0.005663911760900309
2004-01-02,0.02075513350820013
2004-01-05,0.01695294546279369
2004-01-06,0.0007828099194204796
2004-01-07,0.006929964831297708
2004-01-08,0.02785773584235174
2004-01-09,-0.01241421569284984
2004-01-12,0.006322883368745202
2004-01-13,0.007146523223628298
2004-01-14,0.008248838801721448
2004-01-15,-0.010806907992767179
2004-01-16,0.012922834093691993
2004-01-20,0.022585101232956317
2004-01-21,-0.03483935584517761
2004-01-22,-0.0011362965394295932
2004-01-23,0.006880801818406779
2004-01-26,-0.0026687875389760363
2004-01-27,0.002386962305628737
2004-01-28,0.02464809659000977
2004-01-29,0.011558944586578246
2004-01-30,0.004144068884034846
2004-02-02,0.023823550370092983
2004-02-03,-0.0016381646859188193
2004-02-04,-0.019236280218458135
2004-02-05,0.008644178847221129
2004-02-06,0.009132714957594379
2004-02-09,0.012831065958962329
2004-02-10,0.009679265020408279
2004-02-11,-0.0013512745211605726
2004-02-12,0.007070311520084527
2004-02-13,0.017537050040764113
2004-02-17,0.032278548571328614
2004-02-18,0.006698886671760329
2004-02-19,0.03490237630565973
2004-02-20,-0.010672285442796525
2004-02-23,-0.03416228630695184
2004-02-24,-0.0749532369010667
2004-02-25,0.016730817423825206
2004-02-26,-0.005211243008722333
2004-02-27,0.016047020369086562
2004-03-01,-0.015506944721574767
2004-03-02,0.0010639862100370046
2004-03-03,-0.009734330666406388
2004-03-04,-0.004461789260468918
2004-03-05,-0.02257548520984376
2004-03-08,0.0605158810592612
2004-03-09,0.0
2004-03-10,0.0
2004-03-11,0.0
2004-03-12,0.04271295571153488
2004-03-15,0.0
2004-03-16,0.0
2004-03-17,0.0
2004-03-18,0.009108374899565064
2004-03-19,0.014126992322314846
2004-03-22,-0.01981511103359357
2004-03-23,0.03620136488115677
2004-03-24,0.0006330060180597119
2004-03-25,0.012974691381727688
2004-03-26,-0.006787290509170485
2004-03-29,0.02994553357406038
2004-03-30,0.030831312721627313
2004-03-31,0.008970944913023526
2004-04-01,0.01566532399479792
2004-04-02,0.03136129982804281
2004-04-05,-0.013884835553991559
2004-04-06,-0.02750772848398253
2004-04-07,0.000570421928640652
2004-04-08,0.02871440292717664
2004-04-12,0.008455263409910208
2004-04-13,0.011085924696201621
2004-04-14,-0.026288131747876364
2004-04-15,-0.013070067734941127
2004-04-16,0.0002120263045632953
2004-04-19,0.0030870285703099576
2004-04-20,0.008225913156670872
2004-04-21,0.006684023342354628
2004-04-22,-0.01520842115443799
2004-04-23,0.01775516897556395
2004-04-26,0.005915390878888704
2004-04-27,0.008467725362930167
2004-04-28,-0.011691222001148915
2004-04-29,-0.006093930994471197
2004-04-30,0.0030458216877091715
2004-05-03,0.0313022811793402
2004-05-04,0.013591217250003451
2004-05-05,0.013536936179061154
2004-05-06,0.005227821194157212
2004-05-07,0.014755726345217823
2004-05-10,-0.012375269525154109
2004-05-11,0.020113256162523685
2004-05-12,-0.016036897159808383
2004-05-13,-0.011007824111258002
2004-05-14,0.00529068981432701
2004-05-17,-0.01782102932326235
2004-05-18,0.021657030271091227
2004-05-19,0.04455084977173107
2004-05-20,0.0013579820509095342
2004-05-21,0.018615173185607903
2004-05-24,0.013891676710296563
2004-05-25,-0.0006957968856368124
2004-05-26,-0.00010856285238169949
2004-05-27,0.015481689970246792
2004-05-28,0.01118314859775138
2004-06-01,-0.013224423853853695
2004-06-02,0.011752020669076435
2004-06-03,-0.010478886973724788
2004-06-04,0.028333638884184387
2004-06-07,0.01389285357246961
2004-06-08,-0.0017209666093581655
2004-06-09,0.0017716363687172443
2004-06-10,0.01734452192359126
2004-06-14,-0.0016606004434860377
2004-06-15,0.02161943204092598
2004-06-16,-0.006518258827351464
2004-06-17,-0.005672870847153733
2004-06-18,-0.023181937976404
2004-06-21,0.004614696156168829
2004-06-22,0.009513498411253929
2004-06-23,0.009230732517063966
2004-06-24,0.0016648883473486809
2004-06-25,0.01008258832087039
2004-06-28,0.01642054110951663
2004-06-29,0.01734268717648879
2004-06-30,-0.006970937770364061
2004-07-01,0.0028056986411109097
2004-07-02,-0.0020019319414358305
2004-07-06,-0.030510281632936564
2004-07-07,0.0034532453179056954
2004-07-08,-0.0120970482379954
2004-07-09,0.011593746469815702
2004-07-12,-0.019926071210886853
2004-07-13,0.011033142941613505
2004-07-14,-0.057217207519857816
2004-07-15,0.007059474890188655
2004-07-16,0.022639888857135748
2004-07-19,-0.0005057585247882912
2004-07-20,0.007654953154954569
2004-07-21,0.024009782987038708
2004-07-22,0.004045085988304331
2004-07-23,-0.015334007409608108
2004-07-26,0.008087810357782832
2004-07-27,0.001995159633200405
2004-07-28,-0.010833438168941334
2004-07-29,0.012568323363843614
2004-07-30,0.0014516494939402769
2004-08-02,-0.016360099578315856
2004-08-03,-0.004959454776678918
2004-08-04,-0.0028771778361256217
2004-08-05,0.0034574586242683836
2004-08-06,-0.10181476763604058
2004-08-09,0.02989894446113084
2004-08-10,0.018401898258496585
2004-08-11,-0.028770175059233072
2004-08-12,-0.009871489535582367
2004-08-13,0.008763917151516365
2004-08-16,-0.0038350266773845565
2004-08-17,0.016806601333603233
2004-08-18,-0.002926913592454339
2004-08-19,-0.002619154543379021
2004-08-20,0.003819497610527023
2004-08-23,0.015668370107311924
2004-08-24,0.016470971494726205
2004-08-25,0.009676521984610664
2004-08-26,-0.015902321171099243
2004-08-27,0.004261401991766167
2004-08-30,-0.005178117021933937
2004-08-31,0.002560728943034718
2004-09-01,0.004993454806151876
2004-09-02,0.0017327152822903535
2004-09-03,-0.029825048212540395
2004-09-07,0.01243409467892076
2004-09-08,-0.0013755409342576241
2004-09-09,0.020280900067478624
2004-09-10,-0.003705521214566354
2004-09-13,0.006272245022154843
2004-09-14,-0.005531253527775726
2004-09-15,-0.018906441061407375
2004-09-16,0.012116825524989272
2004-09-17,0.014052707870346515
2004-09-20,-0.0169291055116928
2004-09-21,0.01941201749942234
2004-09-22,-0.013439239898433541
2004-09-23,0.0032067497345684703
2004-09-24,0.005032829591762544
2004-09-27,-0.012408630499132545
2004-09-28,-0.002325911977839379
2004-09-29,-0.00033192671245363403
2004-09-30,-0.006973700233773084
2004-10-01,0.010747366456570262
2004-10-04,0.014412498343165714
2004-10-05,-0.028009001316014914
2004-10-06,0.004230121650246499
2004-10-07,0.0050246735734778
2004-10-08,-0.014192690260270813
2004-10-11,0.001488432267910289
2004-10-12,-0.03298401581207766
2004-10-13,0.03576330053006771
2004-10-14,-0.005973092112627421
2004-10-15,0.010939486684557354
2004-10-18,-0.011574959088273218
2004-10-19,0.023171388250704084
2004-10-20,-0.00613478735396944
2004-10-21,0.016061186708529185
2004-10-22,0.008254178981010218
2004-10-25,-0.005298061287099309
2004-10-26,0.040436543408398196
2004-10-27,-0.008161458626159357
2004-10-28,-0.003982114705471496
2004-10-29,-0.005224838727373782
2004-11-01,0.007382815649746632
2004-11-02,0.0024747731613128376
2004-11-03,0.0392962763453828
2004-11-04,0.0033232948235486504
2004-11-05,0.0037029304309652566
2004-11-08,0.0022827050324576437
2004-11-09,-0.003889675972244877
2004-11-10,0.010146987757920556
2004-11-11,0.02538241449916434
2004-11-12,0.018957359395389783
2004-11-15,-0.005704380442785206
2004-11-16,-0.006571633828320822
2004-11-17,0.016327881212838458
2004-11-18,-0.010700154941191808
2004-11-19,0.015119091548495556
2004-11-22,-0.01386717414166061
2004-11-23,-0.007409648983130013
2004-11-24,0.003496150671092657
2004-11-26,0.004312643079453116
2004-11-29,0.0041934189728249915
2004-11-30,-0.003240311046141975
2004-12-01,0.016544151254285655
2004-12-02,-0.015187618894152322
2004-12-03,0.015287438400598319
2004-12-06,-0.009386806198474984
2004-12-07,-0.014265738906451442
2004-12-08,-0.011237964044189419
2004-12-09,-0.01389375536168369
2004-12-10,-0.00814474937550147
2004-12-13,0.026027266221907208
2004-12-14,0.01153859111592559
2004-12-15,0.0003962803329913278
2004-12-16,-0.02216616537935301
2004-12-17,-0.00936943803314172
2004-12-20,0.01629627933885125
2004-12-21,0.009906932338912267
2004-12-22,0.002622516065871272
2004-12-23,0.008230371831363215
2004-12-27,0.013089285544729767
2004-12-28,0.00443361134527831
2004-12-29,-0.00616514555371972
2004-12-30,0.002001690357661845
2004-12-31,0.01251721566004238
2005-01-03,0.03460740213308
2005-01-04,-0.0037607730399147332
2005-01-05,-0.004132477258775191
2005-01-06,0.009807741216472321
2005-01-07,0.013552850360510238
2005-01-10,0.007212893309684887
2005-01-11,0.0033343523583369006
2005-01-12,0.010441774875614929
2005-01-13,-0.0028164569399253825
2005-01-14,0.006002341865341876
2005-01-18,-0.011334875136354339
2005-01-19,0.005008268776512059
2005-01-20,-0.018806428708113
2005-01-21,0.004784896191740273
2005-01-24,-0.016016599517969854
2005-01-25,0.009356855957227017
2005-01-26,0.011131048625379947
2005-01-27,0.0023008818879903803
2005-01-28,0.008457779504379204
2005-01-31,0.023984285464885957
2005-02-01,-0.007315764482810905
2005-02-02,0.020143258326532187
2005-02-03,-0.010509907322759249
2005-02-04,-0.0002856856659250173
2005-02-07,0.0018549877168074769
2005-02-08,-0.0019844787971865507
2005-02-09,-0.011418346371610766
2005-02-10,0.004504195525524057
2005-02-11,0.009849858165995373
2005-02-14,0.013320869213393038
2005-02-15,0.01856199806491432
2005-02-16,-0.003072660786079595
2005-02-17,0.010513246791145736
2005-02-18,0.03182269764903256
2005-02-22,-0.008919449679226643
2005-02-23,0.003741269858063667
2005-02-24,-0.006527802813057759
2005-02-25,0.007366183423083372
2005-02-28,-0.0013127762541069732
2005-03-01,0.005529013335788813
2005-03-02,-0.01091016893404606
2005-03-03,0.0028937594721751836
2005-03-04,0.018308810885355964
2005-03-07,0.0022221048927635323
2005-03-08,-0.014728589791314417
2005-03-09,-0.01781811188241278
2005-03-10,0.005553733518562698
2005-03-11,0.011489859750159814
2005-03-14,0.01870291235045607
2005-03-15,0.008412311955479534
2005-03-16,-0.010156860858776207
2005-03-17,0.007478806995059095
2005-03-18,0.02448200951014079
2005-03-21,0.005059662209091043
2005-03-22,0.00034861405307373694
2005-03-23,-0.00700971028954589
2005-03-24,0.008212670728206861
2005-03-28,0.004077011530229546
2005-03-29,4.313917909515297e-05
2005-03-30,0.0063392595854934175
2005-03-31,-0.00727535276396285
2005-04-01,0.011625553090462093
2005-04-04,-0.00416377928925038
2005-04-05,0.0018985531296957792
2005-04-06,0.010893608620483164
2005-04-07,0.001724392951990561
2005-04-08,0.0027612505569931667
2005-04-11,0.00364218371190117
2005-04-12,-0.001445625414580376
2005-04-13,0.0006220101697003155
2005-04-14,0.00403331493764858
2005-04-15,-0.017615759132953657
2005-04-18,-0.0012137756827914625
2005-04-19,0.013406997127480613
2005-04-20,0.01102931713323474
2005-04-21,0.020264102801891504
2005-04-22,-0.0008337428009892456
2005-04-25,0.015045174057315869
2005-04-26,0.0011498585138800532
2005-04-27,-0.011625122408288613
2005-04-28,-0.008063570509119877
2005-04-29,-0.004181064621663455
2005-05-02,0.007896281303301445
2005-05-03,-0.005171953472209334
2005-05-04,0.002934404633720744
2005-05-05,0.002808741359041189
2005-05-06,0.014787531654177455
2005-05-09,0.005820805051560685
2005-05-10,-0.003828513133771083
2005-05-11,0.006861869689447797
2005-05-12,0.00083249600976254
2005-05-13,0.02798399856913325
2005-05-16,0.003155350215244823
2005-05-17,-0.006619315441452667
2005-05-18,0.0018502626892522578
2005-05-19,0.0006857697695328291
2005-05-20,0.0028832095051132267
2005-05-23,0.004986678306479364
2005-05-24,-0.007482834275695072
2005-05-25,-0.001959441600936418
2005-05-26,0.00912627545990885
2005-05-27,0.0002363025717722067
2005-05-31,-0.002139013988619154
2005-06-01,-0.00479210771574623
2005-06-02,-0.002636187381122812
2005-06-03,-0.0016184204414818604
2005-06-06,-0.013492814838074407
2005-06-07,-0.00244038709194927
2005-06-08,0.005117071985750066
2005-06-09,-0.003919492548281833
2005-06-10,0.0006654691006438007
2005-06-13,-0.00288783654942415
2005-06-14,-0.0009771405324391358
2005-06-15,-0.0038160561144707783
2005-06-16,0.004183802094023692
2005-06-17,0.01137207149414432
2005-06-20,-0.004315062481646259
2005-06-21,0.0019404444351698302
2005-06-22,0.006212223486744106
2005-06-23,0.0002149469912418045
2005-06-24,-0.0009682234831581704
2005-06-27,-0.0044028738393434574
2005-06-28,0.005324267914927239
2005-06-29,0.004356359609295923
2005-06-30,0.004570220960262272
2005-07-01,-0.0003484762136017894
2005-07-05,0.002392010653744947
2005-07-06,0.0056606373727803305
2005-07-07,-0.01702975663032813
2005-07-08,0.004107848065459718
2005-07-11,-0.00099085379841779
2005-07-12,-0.00034101982669221265
2005-07-13,0.005488776871494183
2005-07-14,0.02361375102984975
2005-07-15,0.0012649055219526861
2005-07-18,-0.002474483408845929
2005-07-19,0.012552115042732792
2005-07-20,-0.009074966406271812
2005-07-21,-0.0014941483103801945
2005-07-22,-0.023480529642290082
2005-07-25,-0.007309061732604372
2005-07-26,0.002383614526808575
2005-07-27,0.0072903103225185895
2005-07-28,0.0025805654501385167
2005-07-29,-0.0028040802902489226
2005-08-01,0.005550854114361847
2005-08-02,-0.0016516002692144038
2005-08-03,-0.006098258393924749
2005-08-04,-0.007045132861997261
2005-08-05,-0.0014207295292852917
2005-08-08,0.0041642300611179905
2005-08-09,0.02197307973853091
2005-08-10,-0.00023385097757544493
2005-08-11,-0.003081334697868421
2005-08-12,-0.004608905016194709
2005-08-15,-0.004302584320208469
2005-08-16,-0.0014367034358914177
2005-08-17,-0.0023858081592991187
2005-08-18,-0.008594462549380899
2005-08-19,0.003595774794383555
2005-08-22,0.00834459835017154
2005-08-23,0.0009069815938378412
2005-08-24,-0.005711137431465119
2005-08-25,0.004823680632953353
2005-08-26,-0.011648854213284876
2005-08-29,-0.010355842642386426
2005-08-30,-0.006673109429075841
2005-08-31,0.0042580466459551936
2005-09-01,-0.0047565926232971956
2005-09-02,0.00258261155806383
2005-09-06,0.0019920256727485874
2005-09-07,0.0002673814619882364
2005-09-08,0.0010034945196837342
2005-09-09,0.003536211506110387
2005-09-12,0.0027422136419974485
2005-09-13,-0.004042614470915473
2005-09-14,-0.0015998437986268765
2005-09-15,0.0021551759887863398
2005-09-16,0.0005905787631867998
2005-09-19,-0.0032780113025354662
2005-09-20,0.00427350025326434
2005-09-21,-0.00033569641907083003
2005-09-22,-0.0020891800652916848
2005-09-23,0.002511356646189844
2005-09-26,0.0167911379914909
2005-09-27,0.005408607922141595
2005-09-28,0.0074701364456897235
2005-09-29,0.003220803301809072
2005-09-30,0.00503826227232218
2005-10-03,-0.0028004465015202262
2005-10-04,0.006340088691912937
2005-10-05,0.004917028864008577
2005-10-06,0.0031012468544935334
2005-10-07,0.007317911135364286
2005-10-10,0.011460401510886342
2005-10-11,0.008670796805213099
2005-10-12,-0.024190281222109866
2005-10-13,0.008132669088396272
2005-10-14,0.013084110269308669
2005-10-17,0.006231089943858903
2005-10-18,0.005630555012533955
2005-10-19,-0.018807808057397235
2005-10-20,-0.0006013922587981835
2005-10-21,0.011170878121118166
2005-10-24,0.008354940414518008
2005-10-25,-0.001084895266251551
2005-10-26,-0.0012718481205120646
2005-10-27,-0.003153976798576208
2005-10-28,0.013034044576788695
2005-10-31,0.0018798808747382267
2005-11-01,-0.009904594522580634
2005-11-02,0.004152393610312055
2005-11-03,0.017914241662216446
2005-11-04,0.0015352424451648972
2005-11-07,0.00980027175309206
2005-11-08,-0.0020191520543710872
2005-11-09,0.0016219967792401313
2005-11-10,0.014416554285427985
2005-11-11,0.0008010834551630541
2005-11-14,-0.0074275208409569915
2005-11-15,0.021278165134511973
2005-11-16,-0.006224292415282329
2005-11-17,0.010214181727785432
2005-11-18,0.010998266577761706
2005-11-21,0.015492880136936948
2005-11-22,0.00727248417236992
2005-11-23,0.005857759566085585
2005-11-25,0.012819644945706532
2005-11-28,0.005250972370548945
2005-11-29,-0.02433743942288935
2005-11-30,-0.006320564781429061
2005-12-01,0.016837991929419482
2005-12-02,0.004155818436752945
2005-12-05,-0.009065693307187539
2005-12-06,0.004383502970547015
2005-12-07,0.0034790227349312808
2005-12-08,0.0015293434887799773
2005-12-09,0.008919493949973267
2005-12-12,0.010387217782334757
2005-12-13,-0.0019669477890168485
2005-12-14,9.470465668171002e-05
2005-12-15,0.0005884233942268224
2005-12-16,0.011170961793623757
2005-12-19,-0.004302528716214393
2005-12-20,-0.0031240844367265153
2005-12-21,0.00045610598298795324
2005-12-22,0.0058718957868579835
2005-12-23,0.002464341196807718
2005-12-27,0.00443814122025854
2005-12-28,0.0021185830035446163
2005-12-29,-0.00261863742516133
2005-12-30,-0.010254669648330106
2006-01-03,0.015375379869066563
2006-01-04,0.006088804373882928
2006-01-05,0.0007398594826897309
2006-01-06,0.014587143470897512
2006-01-09,0.0069595452416364445
2006-01-10,0.006954733507488653
2006-01-11,0.030220070717907888
2006-01-12,0.009161438913560804
2006-01-13,-0.015754866833495695
2006-01-17,-0.03354536099034733
2006-01-18,-0.030031263588703005
2006-01-19,0.08278292611977833
2006-01-20,0.0
2006-01-23,0.0
2006-01-24,0.0
2006-01-25,0.025950872476107945
2006-01-26,0.017866492203066686
2006-01-27,0.03476752134915939
2006-01-30,-0.01892468709032591
2006-01-31,0.0020624244781612955
2006-02-01,-0.017950612267260135
2006-02-02,-0.004893876042149414
2006-02-03,0.0017243296661870744
2006-02-06,0.010964512554098249
2006-02-07,0.010973450443453325
2006-02-08,0.013915016101909039
2006-02-09,0.007153293531315885
2006-02-10,0.002477001765679665
2006-02-13,-0.011097174193496095
2006-02-14,0.010181367027008115
2006-02-15,-0.008157053610971632
2006-02-16,0.012874703752507655
2006-02-17,-0.030465446413053154
2006-02-21,0.006901486066682949
2006-02-22,-0.0016638473142353005
2006-02-23,-0.000692382541462977
2006-02-24,0.008114817474259572
2006-02-27,0.008270465574754304
2006-02-28,0.0077819626407988896
2006-03-01,0.00935915546307875
2006-03-02,0.007558336236647367
2006-03-03,0.004956002131511594
2006-03-06,0.0062854571252559666
2006-03-07,0.0010320836772346187
2006-03-08,-0.009517749283801336
2006-03-09,-0.007395611073189312
2006-03-10,-0.0038420812301682705
2006-03-13,-0.0013712669385318454
2006-03-14,-0.005518354256008218
2006-03-15,0.007951987748310296
2006-03-16,0.014148761363530715
2006-03-17,0.003919670342837467
2006-03-20,0.0058682940345493595
2006-03-21,-0.02829525694729851
2006-03-22,-0.007327268637988826
2006-03-23,0.014156424340279639
2006-03-24,0.004105303563518348
2006-03-27,0.001199002028367202
2006-03-28,-0.0008719711478475389
2006-03-29,0.007691489601970192
2006-03-30,0.0034258724244358163
2006-03-31,0.005159787773309166
2006-04-03,-0.009044787707463309
2006-04-04,-0.003404383890994178
2006-04-05,-0.008767497967602567
2006-04-06,-0.002192242041765491
2006-04-07,-0.0006018975020788409
2006-04-10,-0.0007244579095254666
2006-04-11,0.0025900805502383495
2006-04-12,0.0029316284694838046
2006-04-13,-0.018320282002928345
2006-04-17,0.0002543316589744826
2006-04-18,-0.011450039859176253
2006-04-19,-0.0023009453095625965
2006-04-20,-0.00546885339541725
2006-04-21,0.005406580319998744
2006-04-24,0.006288220784981258
2006-04-25,-0.007962654127177116
2006-04-26,0.006198540831650501
2006-04-27,-0.009529173513578404
2006-04-28,0.037121306653896236
2006-05-01,0.0
2006-05-02,0.0
2006-05-03,0.0
2006-05-04,-0.005075320973906283
2006-05-05,0.012862799615275256
2006-05-08,-0.006591536676557541
2006-05-09,-0.006588492437520688
2006-05-10,-0.011336337520572726
2006-05-11,0.010362195565451593
2006-05-12,-0.009282977177694995
2006-05-15,-0.003797245960194151
2006-05-16,-0.00047678151049157513
2006-05-17,-0.0006273876379825349
2006-05-18,0.007378080758899008
2006-05-19,0.07037993140462406
2006-05-22,0.0
2006-05-23,0.0
2006-05-24,0.0
2006-05-25,0.018419884616946547
2006-05-26,0.006264402221379806
2006-05-30,-0.005366285130571802
2006-05-31,0.017174003800788373
2006-06-01,0.005368432624160535
2006-06-02,0.009028304576695456
2006-06-05,-0.00192181106159528
2006-06-06,0.0056596639439490115
2006-06-07,0.005865288709320904
2006-06-08,-0.01750194665372906
2006-06-09,0.016330990443031324
2006-06-12,-0.004989154877038993
2006-06-13,-0.006527624877680216
2006-06-14,0.020358217947530788
2006-06-15,0.019341051883958738
2006-06-16,-0.0016187409015520071
2006-06-19,0.01037260524824224
2006-06-20,-0.009506236530787304
2006-06-21,-0.002167541737645995
2006-06-22,0.005912269155836647
2006-06-23,0.0077291617781558575
2006-06-26,0.0042468912538327075
2006-06-27,0.002381327198443861
2006-06-28,0.0037116655544648935
2006-06-29,-0.00736213533408947
2006-06-30,0.0052692964654166285
2006-07-03,0.00788467605824028
2006-07-05,-0.011040038679638986
2006-07-06,0.004502056777427432
2006-07-07,-0.02314223866692644
2006-07-10,0.004247223066743633
2006-07-11,-0.0058050793769222064
2006-07-12,-0.00214701244244464
2006-07-13,-0.008549211711549431
2006-07-14,0.004613800478213248
2006-07-17,-0.007378432115067168
2006-07-18,0.0016084133195468642
2006-07-19,0.0026158277655219386
2006-07-20,0.01823131564531444
2006-07-21,-0.05797082775493223
2006-07-24,-0.005109700704712283
2006-07-25,0.007187022337631355
2006-07-26,0.0018949458203358915
2006-07-27,0.00958612475085907
2006-07-28,0.005632329669626568
2006-07-31,-0.000807620932714026
2006-08-01,0.0036215230850371594
2006-08-02,0.013341711793513289
2006-08-03,-0.0059768633287023976
2006-08-04,0.02648117311804743
2006-08-07,-0.014456925388414477
2006-08-08,0.004839919717926744
2006-08-09,0.024862335480492215
2006-08-10,-0.006745433055536765
2006-08-11,-0.0323847266517735
2006-08-14,0.01135719004567659
2006-08-15,0.029566159754740085
2006-08-16,0.014978852118254338
2006-08-17,0.008467408593710646
2006-08-18,-0.019409800635280305
2006-08-21,-0.015718014973295058
2006-08-22,0.01275116802663323
2006-08-23,0.010872706326250592
2006-08-24,0.010860290323530863
2006-08-25,-0.005268413040993347
2006-08-28,0.00759817295435572
2006-08-29,0.0050380815116264355
2006-08-30,0.006428441090607251
2006-08-31,0.003201547684503314
2006-09-01,0.0009124600387326876
2006-09-05,0.004015898924258687
2006-09-06,-0.01083537447546945
2006-09-07,-0.006731488230223515
2006-09-08,0.011742264015922599
2006-09-11,-0.010755297425292687
2006-09-12,0.0005213230357770104
2006-09-13,0.001844657180785525
2006-09-14,0.0069671399393609335
2006-09-15,0.003208950818104128
2006-09-18,0.004272052487806377
2006-09-19,-0.0047484275296124645
2006-09-20,0.013183642709393872
2006-09-21,0.003980780567572895
2006-09-22,-0.002462820165038959
2006-09-25,0.013524846788608214
2006-09-26,-0.0019569974596719275
2006-09-27,-0.0036015641369415707
2006-09-28,-0.013279773846557763
2006-09-29,0.004933607214045566
2006-10-02,-0.0026590340228279663
2006-10-03,-0.004337423529751971
2006-10-04,0.0007046530156347153
2006-10-05,-0.009290760202013915
2006-10-06,-0.0312892402538536
2006-10-09,-0.0035627360006199593
2006-10-10,0.004537347780329437
2006-10-11,-0.00031867076161029573
2006-10-12,0.009383371962492282
2006-10-13,0.0047473184676438684
2006-10-16,0.004196036818855831
2006-10-17,-0.008210939565411413
2006-10-18,0.009435096222929262
2006-10-19,0.04223648697079074
2006-10-20,0.0
2006-10-23,0.0
2006-10-24,0.0
2006-10-25,0.00455634394761395
2006-10-26,0.0011025103648165668
2006-10-27,-0.004682665555498344
2006-10-30,-0.0023241846099322228
2006-10-31,0.00863517423098692
2006-11-01,0.0007285595868309347
2006-11-02,-0.002515378717425798
2006-11-03,0.006742140065161051
2006-11-06,0.007496182617023672
2006-11-07,0.009921681457449427
2006-11-08,-0.010155688769470261
2006-11-09,0.013210855101821517
2006-11-10,-0.0023606090500186694
2006-11-13,0.0009662244410917342
2006-11-14,0.005590204396230591
2006-11-15,0.00013932066433408608
2006-11-16,0.012282557458663357
2006-11-17,-0.007331193061253627
2006-11-20,-0.009301678513747969
2006-11-21,0.005782749718644009
2006-11-22,0.004981203235599585
2006-11-24,-0.011862183769278833
2006-11-27,-0.0016382479538925576
2006-11-28,0.004531400664088858
2006-11-29,0.01525658064497426
2006-11-30,0.0034075131485769017
2006-12-01,-0.0036720028786340064
2006-12-04,0.011844710153432914
2006-12-05,-0.0016369101915479911
2006-12-06,-0.00317901424854794
2006-12-07,0.003085529340993265
2006-12-08,-0.002499340445916043
2006-12-11,0.004306656196946035
2006-12-12,-0.005000853351700529
2006-12-13,0.018821752920870738
2006-12-14,0.0035288772750454722
2006-12-15,0.007711606445438557
2006-12-18,-0.0035091178511098553
2006-12-19,-0.011275005912139147
2006-12-20,-0.0008228798466188847
2006-12-21,0.0017897408425915362
2006-12-22,0.0034713537621124946
2006-12-26,0.0020212596446327336
2006-12-27,-0.024578115786802246
2006-12-28,-0.010621541622550024
2006-12-29,0.025129035351213247
2007-01-03,0.01271368869139855
2007-01-04,0.0008237429450062006
2007-01-05,0.0002724644392577691
2007-01-08,0.008784921634533926
2007-01-09,0.009777616410505674
2007-01-10,0.010893674281541754
2007-01-11,-0.005128725675763057
2007-01-12,-0.011830079464062893
2007-01-16,-0.00016542042428013826
2007-01-17,-0.0011275936658257102
2007-01-18,-0.01638433600541178
2007-01-19,-0.003334519821898252
2007-01-22,0.006054682905579201
2007-01-23,-0.012176029419065926
2007-01-24,0.012561542995043418
2007-01-25,0.004211560449310925
2007-01-26,0.005071897747357834
2007-01-29,0.0056676963548747405
2007-01-30,0.00733026486349031
2007-01-31,-0.007029210793851659
2007-02-01,0.004410489691810904
2007-02-02,0.00929191740771751
2007-02-05,0.002869467989859098
2007-02-06,0.002806206949706569
2007-02-07,0.026477481311236062
2007-02-08,-0.004346721833022094
2007-02-09,0.0006639268195942627
2007-02-12,-0.007223589873063152
2007-02-13,0.009863542547297044
2007-02-14,0.0034375200555896157
2007-02-15,0.0068189713965898235
2007-02-16,-0.0008845680056811522
2007-02-20,-0.002953157022665742
2007-02-21,-0.009804583330992878
2007-02-22,0.0047057672206618495
2007-02-23,-0.000555961542940131
2007-02-26,0.004554027062694033
2007-02-27,-0.017984373771415707
2007-02-28,0.0010649284845649643
2007-03-01,-0.02455135873423886
2007-03-02,-0.008507170265291908
2007-03-05,-0.030134292105130633
2007-03-06,0.022478300345009306
2007-03-07,-0.006585397664772619
2007-03-08,0.01558491275658147
2007-03-09,0.011819445712432097
2007-03-12,-0.010239292004834866
2007-03-13,-0.01101881604391497
2007-03-14,0.0015090842287099893
2007-03-15,-0.002603670802185154
2007-03-16,0.0028324721377435136
2007-03-19,0.002429899201429997
2007-03-20,-0.0021252380336808097
2007-03-21,0.01913941098468097
2007-03-22,0.0030833571933139847
2007-03-23,-0.0031114565680406825
2007-03-26,0.0023046872255516604
2007-03-27,-0.0007932566442869771
2007-03-28,-0.00738611078138196
2007-03-29,0.009955415943020629
2007-03-30,0.0064413486059686775
2007-04-02,0.0006857871777123936
2007-04-03,0.0019260888347918392
2007-04-04,-0.00236243260800173
2007-04-05,0.0034877478536812223
2007-04-09,0.013855963309749031
2007-04-10,0.00044760662141163365
2007-04-11,0.002557566862636307
2007-04-12,-0.0016607647900467315
2007-04-13,0.0027465752784330277
2007-04-16,0.0029728013919219087
2007-04-17,0.008425347003707895
2007-04-18,-0.0021187681958380056
2007-04-19,-0.006940766386908659
2007-04-20,0.01687893219864578
2007-04-23,-0.004941683374754868
2007-04-24,-0.0013432122096082022
2007-04-25,0.00219959760720867
2007-04-26,0.007042797057741579
2007-04-27,-0.010577865045321877
2007-04-30,0.0056265604726752905
2007-05-01,0.00710790488253954
2007-05-02,0.0001256277650119042
2007-05-03,0.003888844264531288
2007-05-04,0.007250723446776908
2007-05-07,0.0029779060347925324
2007-05-08,-0.007133531773463098
2007-05-09,-0.0026226307264813897
2007-05-10,-0.004339009063892507
2007-05-11,0.0029825937769616395
2007-05-14,0.006913320290904634
2007-05-15,0.0014095674244627432
2007-05-16,0.007605257292833123
2007-05-17,0.0004644938956401834
2007-05-18,0.008064482950524088
2007-05-21,0.004534347546105044
2007-05-22,0.0030124356979450706
2007-05-23,-0.004292874224796739
2007-05-24,-0.0012022649552683173
2007-05-25,0.009160373064069693
2007-05-29,0.005081699593130873
2007-05-30,-0.003570248989986702
2007-05-31,0.010406807829543618
2007-06-01,0.001611795212584255
2007-06-04,-0.00186299384377131
2007-06-05,-0.00033222756940987086
2007-06-06,-0.004634698044650887
2007-06-07,0.0027045561496219506
2007-06-08,0.016418431232304576
2007-06-11,0.008304234259527643
2007-06-12,-0.01643625413507943
2007-06-13,0.00822691262906372
2007-06-14,0.0003098304370319216
2007-06-15,0.018362414529269788
2007-06-18,0.01839081736860604
2007-06-19,-0.004325109973691732
2007-06-20,0.00539242968372089
2007-06-21,-0.0009174907079958494
2007-06-22,0.0027450351935993655
2007-06-25,0.008215646330295368
2007-06-26,0.011827574161958898
2007-06-27,0.0017183426717699568
2007-06-28,0.0044289318341992345
2007-06-29,0.01624186372886305
2007-07-02,-0.0032623225353878293
2007-07-03,0.004561652424491136
2007-07-05,0.007908642420387357
2007-07-06,0.002350980193219332
2007-07-09,-0.00015329961230392541
2007-07-10,-0.008051112043945596
2007-07-11,-0.0016888718496158583
2007-07-12,0.009038267633735275
2007-07-13,0.00486992667617514
2007-07-16,0.003702228267373764
2007-07-17,0.0016947364183272917
2007-07-18,-0.008463292553145707
2007-07-19,0.01653722815858849
2007-07-20,0.006402321457694038
2007-07-23,0.011746236180223413
2007-07-24,-0.03752484659553201
2007-07-25,0.01871813651813059
2007-07-26,0.03566099445534454
2007-07-27,0.0
2007-07-30,0.0
2007-07-31,0.0
2007-08-01,0.00735960885525766
2007-08-02,0.008505444761987446
2007-08-03,-0.007044501279700466
2007-08-06,0.0053667103954286866
2007-08-07,-0.0036109822589951435
2007-08-08,0.008712581760069282
2007-08-09,-0.011207515095643883
2007-08-10,-0.03942006559050193
2007-08-13,0.015843396088316197
2007-08-14,0.0021579465317989044
2007-08-15,-0.005757199605962771
2007-08-16,-0.007816665847007465
2007-08-17,0.030335394831983553
2007-08-20,5.338957580436343e-05
2007-08-21,-0.0016820783773446868
2007-08-22,0.01927833102050136
2007-08-23,0.006476011893971512
2007-08-24,-0.0059100211482976395
2007-08-27,0.010512409827970748
2007-08-28,-0.005579494127880946
2007-08-29,0.0163312131342781
2007-08-30,-0.01032922124668334
2007-08-31,0.020469363331797608
2007-09-04,0.003991493101815902
2007-09-05,-0.0015772726180107721
2007-09-06,0.005636263346552317
2007-09-07,-0.0394926367558065
2007-09-10,0.04060396172332159
2007-09-11,0.01710911126424386
2007-09-12,0.006197257154323621
2007-09-13,0.022128259176716014
2007-09-14,-0.012542748777175539
2007-09-17,-0.003558227490616628
2007-09-18,0.010109257104018887
2007-09-19,0.01820117289847789
2007-09-20,-0.0032946653219878552
2007-09-21,0.01163585477323803
2007-09-24,0.014284462314397617
2007-09-25,-0.01217532056557924
2007-09-26,0.010834355954222996
2007-09-27,0.011717671328149715
2007-09-28,-0.0056704321132002855
2007-10-01,0.009757582221369132
2007-10-02,0.0024377840961438135
2007-10-03,-0.010284402674268778
2007-10-04,0.00043388736035487874
2007-10-05,0.021130081602865003
2007-10-08,0.014627993747824197
2007-10-09,0.012530403829791092
2007-10-10,0.0016413913779977918
2007-10-11,0.011168000796311084
2007-10-12,0.006632927945784184
2007-10-15,0.001228229823034388
2007-10-16,-0.01485867414100528
2007-10-17,0.03514139709892117
2007-10-18,-0.011315504509973207
2007-10-19,0.0025641593996994505
2007-10-22,-0.004487703937254284
2007-10-23,0.07770498437543671
2007-10-24,0.0
2007-10-25,0.0
2007-10-26,0.0
2007-10-29,-0.0029125113994030727
2007-10-30,0.002779658083212011
2007-10-31,0.0024628055142694727
2007-11-01,-0.01963634713555218
2007-11-02,0.011182273223088623
2007-11-05,-0.009284855388674185
2007-11-06,0.0035118438302841337
2007-11-07,-0.009332946528868513
2007-11-08,-0.004186562660481785
2007-11-09,-0.0013323403030908176
2007-11-12,-0.0018822202755699458
2007-11-13,0.012226708357528038
2007-11-14,0.011182954706588921
2007-11-15,-0.005266509918946616
2007-11-16,0.006031449046825177
2007-11-19,-0.009747366554631376
2007-11-20,0.008934650988645654
2007-11-21,-0.009868501702373522
2007-11-23,0.006322444828129825
2007-11-26,0.00020849409284506848
2007-11-27,0.006914065631691724
2007-11-28,0.00427151892005595
2007-11-29,-0.0031304326361162316
2007-11-30,0.015806553169551707
2007-12-03,0.006150838844094952
2007-12-04,-0.0009436561147422307
2007-12-05,0.01913713383550264
2007-12-06,-0.00035739672418722
2007-12-07,0.0005730965471020255
2007-12-10,-0.0002595810583524427
2007-12-11,0.007976602665215493
2007-12-12,0.02026261139247465
2007-12-13,-0.00503516979258567
2007-12-14,-0.0028883377653470266
2007-12-17,-0.004538295738752862
2007-12-18,0.009141819808735185
2007-12-19,-0.0007108737508111362
2007-12-20,0.00900977051711016
2007-12-21,0.0041961345278200834
2007-12-24,0.000505231285395924
2007-12-26,0.001262182286748459
2007-12-27,-0.002291114826224794
2007-12-28,0.004702050108480238
2007-12-31,-0.00431572184381912
2008-01-02,4.182596320490006e-05
2008-01-03,0.0038482506077663903
2008-01-04,-0.013293818734644525
2008-01-07,0.006965469192035112
2008-01-08,0.005498641341124433
2008-01-09,0.002748678440980701
2008-01-10,-0.009273456516737721
2008-01-11,-0.005419693710569717
2008-01-14,0.016877194875216883
2008-01-15,-0.014791214443953704
2008-01-16,-0.02981471063324892
2008-01-17,0.010152183637009315
2008-01-18,0.017507842753054392
2008-01-22,-0.05334967525619261
2008-01-23,-0.021738963698984315
2008-01-24,0.018827034481755378
2008-01-25,0.02252201754936345
2008-01-28,-0.015896613332449405
2008-01-29,0.010346465657532944
2008-01-30,-0.00675097110272449
2008-01-31,-0.017749046642787536
2008-02-01,0.011277069254497452
2008-02-04,0.007648921561746347
2008-02-05,-0.017654544322659782
2008-02-06,0.009215127991001548
2008-02-07,-0.017949346702557212
2008-02-08,-0.0030335609005094355
2008-02-11,0.006766814453901704
2008-02-12,0.011267594833347161
2008-02-13,0.010685405338204612
2008-02-14,-0.009519031634548147
2008-02-15,-0.0011297534350336313
2008-02-19,0.019909802959855893
2008-02-20,-0.010199718770328325
2008-02-21,0.008912263708199974
2008-02-22,0.0030965114057444065
2008-02-25,-0.00010209034732910904
2008-02-26,-0.004311424575706324
2008-02-27,-0.0046693216418316474
2008-02-28,-0.006519725883061156
2008-02-29,-0.008783608570404944
2008-03-03,0.000943442217928192
2008-03-04,-0.008154925049727146
2008-03-05,0.006712151629983287
2008-03-06,-0.0011632436176703953
2008-03-07,-0.014616440342684944
2008-03-10,-0.0015972383763563913
2008-03-11,0.015059046232327455
2008-03-12,0.002577316884655012
2008-03-13,-0.009041200154759843
2008-03-14,0.005400509563711076
2008-03-17,-0.021875120187836106
2008-03-18,0.012526712545935847
2008-03-19,-0.006390753450918107
2008-03-20,0.002691131791328294
2008-03-24,0.008278472231680212
2008-03-25,0.004436323142000598
2008-03-26,-0.00458833942928949
2008-03-27,-0.0009144460880816663
2008-03-28,0.009408148219468115
2008-03-31,0.002158427174666633
2008-04-01,0.01465856923551101
2008-04-02,0.0023403898027121173
2008-04-03,0.0026131040814190154
2008-04-04,-0.0050217271830379495
2008-04-07,0.010369084237919601
2008-04-08,-0.014989327293281618
2008-04-09,0.0043905559173305075
2008-04-10,0.005038436945777658
2008-04-11,-0.013219162100638893
2008-04-14,-0.0006312236451485598
2008-04-15,0.003965788250627211
2008-04-16,0.018346111637455698
2008-04-17,-0.013758962060089641
2008-04-18,0.017245652936655587
2008-04-21,-0.0016351201864109877
2008-04-22,-0.00656675568698506
2008-04-23,0.009401401400400466
2008-04-24,0.0008882483445020739
2008-04-25,0.005065192265027996
2008-04-28,-0.0014469270230038633
2008-04-29,-0.003059526916556199
2008-04-30,0.004446848308763185
2008-05-01,0.0030333679136549385
2008-05-02,0.007801050788887265
2008-05-05,0.005018934303931077
2008-05-06,-0.00038293031835645586
2008-05-07,-0.0013423297823580427
2008-05-08,0.009915432682686687
2008-05-09,-0.001629127605156655
2008-05-12,0.006063272921785323
2008-05-13,0.0038907486598382945
2008-05-14,0.0032386075411126036
2008-05-15,0.0010151490704799482
2008-05-16,0.004083497663800895
2008-05-19,0.002239169597328061
2008-05-20,-0.011199716100649404
2008-05-21,-0.00270393167948757
2008-05-22,0.00741415429383907
2008-05-23,0.007908355211483808
2008-05-27,0.008701613792563068
2008-05-28,0.008560371027778846
2008-05-29,0.0004804702784091397
2008-05-30,0.0054912576852943484
2008-06-02,-0.0015202695532841037
2008-06-03,0.0023398363500874986
2008-06-04,-0.0032985907246826374
2008-06-05,0.0028207431546143358
2008-06-06,-0.008382825546890293
2008-06-09,0.0019029145234337186
2008-06-10,-0.012429492936194775
2008-06-11,-0.004749662694202628
2008-06-12,0.009773207576161402
2008-06-13,0.0104781491862731
2008-06-16,-0.007991527167201418
2008-06-17,0.003560388499792788
2008-06-18,-0.00349534739381141
2008-06-19,-0.0028848927033121585
2008-06-20,-0.010908585356679379
2008-06-23,0.005857432183465461
2008-06-24,-0.007239311678333582
2008-06-25,0.006479310881478462
2008-06-26,-0.016818009106955745
2008-06-27,-0.0015409959680197094
2008-06-30,-0.005036681061373116
2008-07-01,-0.011051442877532458
2008-07-02,0.0
2008-07-03,0.0
2008-07-07,0.0
2008-07-08,0.0
2008-07-09,0.0
2008-07-10,0.0
2008-07-11,0.0
2008-07-14,0.0
2008-07-15,0.0
2008-07-16,0.0
2008-07-17,0.0
2008-07-18,0.0
2008-07-21,0.0
2008-07-22,0.0
2008-07-23,0.0
2008-07-24,0.0
2008-07-25,0.0
2008-07-28,0.0
2008-07-29,0.0
2008-07-30,0.0
2008-07-31,0.0
2008-08-01,0.0
2008-08-04,-0.00013651580698603727
2008-08-05,0.010523528904313517
2008-08-06,0.00193672105986753
2008-08-07,-0.0028392418439522338
2008-08-08,0.0024289882708667943
2008-08-11,0.002384665387171525
2008-08-12,0.004259111040802344
2008-08-13,0.010013515963897435
2008-08-14,-0.0033058723018619673
2008-08-15,0.005698870192480721
2008-08-18,0.0026404395580470474
2008-08-19,-0.00830028940028682
2008-08-20,0.0063806157908596894
2008-08-21,-0.004968453424619934
2008-08-22,0.005195842823909169
2008-08-25,0.0014872053463184098
2008-08-26,-0.0033431979984188676
2008-08-27,-0.0034324115030260893
2008-08-28,0.00420261329123961
2008-08-29,-0.010028132251397537
2008-09-02,0.008290416560146951
2008-09-03,-0.004539165314685567
2008-09-04,-0.006753918212705767
2008-09-05,-0.007220193538304054
2008-09-08,0.011218221117066829
2008-09-09,-0.0007798521164481542
2008-09-10,0.004820939234949639
2008-09-11,-0.016723067858606777
2008-09-12,-0.0048055162638313
2008-09-15,-0.018578415984500607
2008-09-16,-0.01648819277781477
2008-09-17,-0.010079374200318236
2008-09-18,0.00916753189506303
2008-09-19,0.02755221443268585
2008-09-22,0.0
2008-09-23,0.0
2008-09-24,0.0
2008-09-25,0.0030917338379463644
2008-09-26,-0.01873228345503386
2008-09-29,-0.013448955519561046
2008-09-30,0.013360986200987357
2008-10-01,0.0
2008-10-02,0.0
2008-10-03,0.0
2008-10-06,-0.016736240152985804
2008-10-07,0.02908239101463561
2008-10-08,0.0
2008-10-09,0.0
2008-10-10,0.0
2008-10-13,0.03176169971574194
2008-10-14,0.0
2008-10-15,0.0
2008-10-16,0.0
2008-10-17,-0.0025978325286113435
2008-10-20,0.008610375419012772
2008-10-21,-0.009486382928613035
2008-10-22,-0.0044036297781380185
2008-10-23,-0.0011056329910780205
2008-10-24,-0.03428221202937709
2008-10-27,-0.00415557193919569
2008-10-28,0.016508909557312768
2008-10-29,0.0
2008-10-30,0.0
2008-10-31,0.0
2008-11-03,0.0039010413342435157
2008-11-04,0.016280212191640553
2008-11-05,0.0
2008-11-06,0.0
2008-11-07,0.0
2008-11-10,0.010634250753792873
2008-11-11,0.0
2008-11-12,0.0
2008-11-13,0.0
2008-11-14,-0.007547308375921213
2008-11-17,-0.0006443469558805592
2008-11-18,0.004988761743391024
2008-11-19,-0.0019324829895377427
2008-11-20,-0.002308732016689463
2008-11-21,0.006952285755202903
2008-11-24,0.0
2008-11-25,0.0
2008-11-26,0.0
2008-11-28,-0.0021698088297689155
2008-12-01,-0.0069613004980538795
2008-12-02,0.004405646216817605
2008-12-03,-0.0024599228272161877
2008-12-04,-0.005790652008851316
2008-12-05,-0.0025293409159073965
2008-12-08,0.0057126011731267745
2008-12-09,-0.0024925778783331243
2008-12-10,0.004054329657000366
2008-12-11,-0.0018259444070733988
2008-12-12,-0.006259653796228948
2008-12-15,0.001237893869995288
2008-12-16,0.0030430588557559535
2008-12-17,-0.005785942054388538
2008-12-18,0.0012849106175503167
2008-12-19,0.005550603956592459
2008-12-22,-0.0033347796440695854
2008-12-23,0.0018354202251842366
2008-12-24,-0.0045806850116845155
2008-12-26,0.003639297362490357
2008-12-29,0.0011408437816622374
2008-12-30,0.0026616990943002516
2008-12-31,-0.001948592888258771
2009-01-02,-4.2288913536303596e-05
2009-01-05,-0.001042644503072343
2009-01-06,0.004457088586535818
2009-01-07,-0.005691582229576886
2009-01-08,-0.003007631465871685
2009-01-09,-0.0007735668792943073
2009-01-12,-0.0007461483615510689
2009-01-13,-0.00510394577901474
2009-01-14,-0.008766691357630751
2009-01-15,0.0010431401677166718
2009-01-16,0.006503809312815134
2009-01-20,-0.0036320469177814063
2009-01-21,0.005357975795498904
2009-01-22,-0.007640866937974389
2009-01-23,-0.006750990924809908
2009-01-26,0.0005327049308314624
2009-01-27,0.004039673650379383
2009-01-28,0.008957711288082093
2009-01-29,0.0
2009-01-30,0.0
2009-02-02,0.0
2009-02-03,0.0005554574439832205
2009-02-04,0.0011595172149758692
2009-02-05,-0.0018850523237531336
2009-02-06,0.001783314328119845
2009-02-09,0.0003094902285016854
2009-02-10,-0.0018540591417188779
2009-02-11,-0.006808315568608503
2009-02-12,-0.003698225966674684
2009-02-13,-0.00040966759933935837
2009-02-17,-0.012617896375654358
2009-02-18,0.002518402079488835
2009-02-19,0.005605686578329827
2009-02-20,-0.00494676954121509
2009-02-23,0.003519289791571678
2009-02-24,0.006605996741718689
2009-02-25,-0.0008705039996071973
2009-02-26,0.005940257874504917
2009-02-27,-0.005729367306584909
2009-03-02,-0.00724136525474306
2009-03-03,0.0
2009-03-04,0.0
2009-03-05,0.0
2009-03-06,0.0
2009-03-09,0.0
2009-03-10,0.0
2009-03-11,0.0
2009-03-12,0.0
2009-03-13,0.0
2009-03-16,0.0
2009-03-17,0.0
2009-03-18,0.0
2009-03-19,0.0
2009-03-20,0.0
2009-03-23,0.0
2009-03-24,0.0
2009-03-25,0.0
2009-03-26,0.0
2009-03-27,0.0
2009-03-30,0.0
2009-03-31,0.0
2009-04-01,0.0
2009-04-02,0.0
2009-04-03,0.0
2009-04-06,0.0
2009-04-07,0.0
2009-04-08,0.0
2009-04-09,0.0
2009-04-13,0.0
2009-04-14,0.0
2009-04-15,0.0
2009-04-16,0.0
2009-04-17,0.0
2009-04-20,0.0
2009-04-21,0.0
2009-04-22,0.0
2009-04-23,0.0
2009-04-24,0.0
2009-04-27,0.0
2009-04-28,0.0
2009-04-29,0.0
2009-04-30,0.0
2009-05-01,0.0
2009-05-04,0.01709809509206317
2009-05-05,0.007519383651694245
2009-05-06,0.0078111856985478845
2009-05-07,0.0054409547633988975
2009-05-08,0.014225845453973207
2009-05-11,-0.019053831307505598
2009-05-12,0.006443437841983757
2009-05-13,-0.01595653489382931
2009-05-14,-0.004215257218980528
2009-05-15,-0.0030373118883578742
2009-05-18,0.012767643402295192
2009-05-19,-0.004367317655774916
2009-05-20,0.010959912072399547
2009-05-21,-0.013610962988731767
2009-05-22,0.005154673945929389
2009-05-26,-0.005791826292465219
2009-05-27,0.0011214309092462127
2009-05-28,0.012614430648254515
2009-05-29,0.0036978689155782174
2009-06-01,0.012636317419263188
2009-06-02,-0.011430830600386854
2009-06-03,-0.018831165112387693
2009-06-04,0.00867798246117113
2009-06-05,0.016979600114332083
2009-06-08,-0.014398416996978969
2009-06-09,0.011307065132228233
2009-06-10,0.008282012683477946
2009-06-11,-0.008790179611639082
2009-06-12,-0.006735297124034756
2009-06-15,-0.017075296531908757
2009-06-16,0.008823835614091058
2009-06-17,-0.00012311587649627143
2009-06-18,0.002920471662402946
2009-06-19,0.01603463078202716
2009-06-22,-0.006438299071073739
2009-06-23,-0.0016311188895340445
2009-06-24,0.012947038286125201
2009-06-25,-0.00757200402983027
2009-06-26,-0.007601515545972437
2009-06-29,0.0035746466066219895
2009-06-30,0.004924283478091818
2009-07-01,0.011201216426698801
2009-07-02,-0.012934581028827385
2009-07-06,-0.009472802336121022
2009-07-07,0.0051053648277759045
2009-07-08,0.0034120920343245764
2009-07-09,0.00771142311719597
2009-07-10,-0.0030087243503029715
2009-07-13,0.005525557836052908
2009-07-14,-0.0009816941771956245
2009-07-15,0.02550793376891991
2009-07-16,-0.00499731540208237
2009-07-17,0.008723059299300395
2009-07-20,0.010478219291934376
2009-07-21,0.0038230840554347445
2009-07-22,0.01987864242844095
2009-07-23,-0.001524703760430679
2009-07-24,-0.00817411387362521
2009-07-27,0.0014384630543242682
2009-07-28,-0.007936242641791602
2009-07-29,-0.005841101167401219
2009-07-30,0.013419269706746118
2009-07-31,0.000668145130141351
2009-08-03,0.013111816886479444
2009-08-04,-0.0045612673122019665
2009-08-05,-0.0007441604254915246
2009-08-06,0.002711248278184808
2009-08-07,0.022743148075343056
2009-08-10,0.003252896176540343
2009-08-11,-0.004089700836888088
2009-08-12,0.001536987642344112
2009-08-13,0.006270182572426952
2009-08-14,-0.007274012067864932
2009-08-17,-0.03525347113532917
2009-08-18,0.008545095510542389
2009-08-19,-0.021249711836436425
2009-08-20,-0.0011329588717303718
2009-08-21,0.013727721302259743
2009-08-24,0.00797454120656016
2009-08-25,0.0031085611863823637
2009-08-26,0.0017002298965973495
2009-08-27,-0.002477823128238965
2009-08-28,0.030404315137934956
2009-08-31,-0.013226163437030425
2009-09-01,-0.003434823030341816
2009-09-02,-0.0062780494971270695
2009-09-03,0.007349319587480085
2009-09-04,0.00035501698208029175
2009-09-08,0.012725618682914108
2009-09-09,0.00430285933759289
2009-09-10,0.0074824699556192975
2009-09-11,0.00678500500429946
2009-09-14,-0.009313937001777739
2009-09-15,0.007636990661243459
2009-09-16,0.007029894861936725
2009-09-17,-0.005486809800692272
2009-09-18,0.008360578213022052
2009-09-21,-0.005966184876464831
2009-09-22,0.011158056156553853
2009-09-23,0.005965427295040238
2009-09-24,0.007799414785649272
2009-09-25,-0.00822031381694266
2009-09-28,0.006413843517797391
2009-09-29,-0.0004812588700404685
2009-09-30,0.002803543640149897
2009-10-01,-0.0017466185590653271
2009-10-02,-0.012799997539942765
2009-10-05,0.006561824385327819
2009-10-06,0.018339452029125125
2009-10-07,-0.0017203408853772029
2009-10-08,0.010434268144207559
2009-10-09,-0.00221059085139097
2009-10-12,0.01340760793114737
2009-10-13,0.000821240656520672
2009-10-14,0.030449077454461904
2009-10-15,-0.013753469631921589
2009-10-16,-0.01605860904084777
2009-10-19,0.007086638593180927
2009-10-20,0.04530367932793333
2009-10-21,-0.0068319300281900475
2009-10-22,-0.007091184858966315
2009-10-23,0.007568390999820318
2009-10-26,-0.0003307284013970291
2009-10-27,-0.004296356560649639
2009-10-28,-0.006809063702310381
2009-10-29,0.018862705937728652
2009-10-30,0.0018850341637575152
2009-11-02,0.0073160878196343315
2009-11-03,-0.010391005266927489
2009-11-04,0.007288278123405378
2009-11-05,0.008483721054481252
2009-11-06,0.005776049204352818
2009-11-09,0.008267439539025645
2009-11-10,0.00046363155916440135
2009-11-11,0.0073314645419093605
2009-11-12,0.020712384528907668
2009-11-13,0.0
2009-11-16,0.0
2009-11-17,0.0
2009-11-18,-0.0010074123083915199
2009-11-19,-0.011146393055433412
2009-11-20,-0.007817203236137549
2009-11-23,0.006187656667739683
2009-11-24,0.00022932534992725628
2009-11-25,0.0033636242572243624
2009-11-27,-0.020754880075124604
2009-11-30,0.0028150191632969612
2009-12-01,0.0061495321979483375
2009-12-02,0.007628642006585418
2009-12-03,0.0062712733080820815
2009-12-04,0.02712174313391591
2009-12-07,0.007103115763421597
2009-12-08,-0.002120601228532526
2009-12-09,0.007650570709080595
2009-12-10,0.01113557100622442
2009-12-11,0.006574347808167236
2009-12-14,0.009936013746386196
2009-12-15,-0.006563342084701551
2009-12-16,0.011117077503709494
2009-12-17,-0.009356059194283395
2009-12-18,0.005049484522576142
2009-12-21,0.007338875561797353
2009-12-22,0.00656305930218215
2009-12-23,0.007953745644939003
2009-12-24,0.00845784790856241
2009-12-28,0.011713863116178613
2009-12-29,0.00282529817160615
2009-12-30,-0.0025576182422509808
2009-12-31,0.007842552280328263
2010-01-04,0.017309231906640132
2010-01-05,0.0015331098928657028
2010-01-06,-0.0012833558018765512
2010-01-07,0.00099590559242424
2010-01-08,-0.005267379174193287
2010-01-11,0.005820492662283128
2010-01-12,-0.010332192314134625
2010-01-13,0.004314980634889887
2010-01-14,-0.0045176525080989904
2010-01-15,0.005102888386703919
2010-01-19,0.007293841955938074
2010-01-20,-0.008462283551248229
2010-01-21,0.005973844394056682
2010-01-22,-0.011704323948197426
2010-01-25,0.02385035045742434
2010-01-26,0.008357023134400121
2010-01-27,0.0019854222336377347
2010-01-28,-0.007513532051531935
2010-01-29,0.012304402550431304
2010-02-01,0.0065234187860681025
2010-02-02,-0.0022481270125492836
2010-02-03,-0.013009212138993975
2010-02-04,-0.006615464602044319
2010-02-05,-0.0002794263925777196
2010-02-08,0.013101803125605382
2010-02-09,0.021443786861508274
2010-02-10,-0.006326948170563784
2010-02-11,0.0005009089581053949
2010-02-12,-0.013162251456393048
2010-02-16,0.009287224358753843
2010-02-17,0.0037287481440129167
2010-02-18,-0.006540513583637164
2010-02-19,-0.003984353183986378
2010-02-22,0.00526752347771664
2010-02-23,-0.0024754433625545635
2010-02-24,0.008221444018323698
2010-02-25,-0.02063572808307168
2010-02-26,-0.003332094745591041
2010-03-01,0.007105486900629732
2010-03-02,0.005922030581199111
2010-03-03,0.0010071201209227443
2010-03-04,0.0004180804454168019
2010-03-05,0.016142417222279493
2010-03-08,0.0019158717550769033
2010-03-09,-0.007449872376089073
2010-03-10,0.0058690480547665125
2010-03-11,-0.0038090619026351913
2010-03-12,0.012072766043067507
2010-03-15,-0.005282525463041532
2010-03-16,0.003340714757046337
2010-03-17,0.005297859015896522
2010-03-18,-0.0019496400147418491
2010-03-19,0.0025446887943481045
2010-03-22,-0.008975403210188415
2010-03-23,0.005475118444762339
2010-03-24,-0.004660524522057674
2010-03-25,0.013140780779780092
2010-03-26,0.009656798825926849
2010-03-29,0.009909872362662497
2010-03-30,0.016060460217306893
2010-03-31,-0.0057484211598866075
2010-04-01,0.014616456072118034
2010-04-05,0.0010636289314174263
2010-04-06,-0.0027145275193375396
2010-04-07,0.000492989247748099
2010-04-08,-0.0021239145550898675
2010-04-09,0.007198350426633082
2010-04-12,0.0021155429988810592
2010-04-13,-0.003485016314670797
2010-04-14,0.015280945611120256
2010-04-15,-0.0009830380002867622
2010-04-16,-0.005543247523372985
2010-04-19,-0.00463761205651958
2010-04-20,0.009120469369191753
2010-04-21,0.04263978322481643
2010-04-22,0.0
2010-04-23,0.0
2010-04-26,0.0
2010-04-27,-0.008193805592795589
2010-04-28,0.007385175394420518
2010-04-29,0.00816417784609591
2010-04-30,0.0007956147034207106
2010-05-03,0.01117395953214606
2010-05-04,-0.015709371807928307
2010-05-05,-0.02410762721453308
2010-05-06,-0.005528054975751373
2010-05-07,-0.0071410595107944674
2010-05-10,0.06360684659169236
2010-05-11,0.0
2010-05-12,0.0
2010-05-13,0.0
2010-05-14,-0.016071708229598802
2010-05-17,0.0017804704606136923
2010-05-18,0.01224777189395776
2010-05-19,-0.011313395176720142
2010-05-20,-0.027214463017929957
2010-05-21,-0.021461581926894957
2010-05-24,0.01352700900140169
2010-05-25,-0.03583980566299472
2010-05-26,0.02124594816350167
2010-05-27,0.03013681613293806
2010-05-28,0.01711167204228703
2010-06-01,0.002014683729512745
2010-06-02,0.004935750921929438
2010-06-03,0.0013576504153474112
2010-06-04,-0.014772067805726485
2010-06-07,0.0041595090166379745
2010-06-08,0.0007613887223945071
2010-06-09,0.004734078252253138
2010-06-10,0.00953028283333146
2010-06-11,-0.00564571723816476
2010-06-14,0.010106378782982262
2010-06-15,0.006153903801758176
2010-06-16,-0.004843840688447454
2010-06-17,0.0069720584261407925
2010-06-18,-0.0002522580595212265
2010-06-21,0.010283632177958024
2010-06-22,0.0018369106242337452
2010-06-23,0.0015393001170243004
2010-06-24,-0.0013955938545536783
2010-06-25,0.0026067883547296056
2010-06-28,0.004215562601231682
2010-06-29,-0.01506159385897099
2010-06-30,0.0015428081195345555
2010-07-01,0.000985675577853229
2010-07-02,0.0017534717588900683
2010-07-06,0.01069816004540547
2010-07-07,0.002781254355356033
2010-07-08,-0.0034012463289239125
2010-07-09,-0.0016099564299963953
2010-07-12,0.0011881996423082075
2010-07-13,0.0006990949986025452
2010-07-14,0.008021659992515584
2010-07-15,0.0023033166634662816
2010-07-16,-0.00016623791894398998
2010-07-19,0.001559371472182658
2010-07-20,0.0042217627713294625
2010-07-21,-0.006450136046674437
2010-07-22,-0.005264102839458995
2010-07-23,0.0007765388914744431
2010-07-26,-0.0005891838434456398
2010-07-27,-0.002011685725468504
2010-07-28,-0.0023026981321810913
2010-07-29,-0.007784854304485167
2010-07-30,-0.0005093643923055335
2010-08-02,-0.0019359236392560986
2010-08-03,-0.0025755939498005587
2010-08-04,0.002685637350346104
2010-08-05,-0.0009447329772376278
2010-08-06,-0.0031551534634236544
2010-08-09,0.003372553450408544
2010-08-10,-0.010541489523829384
2010-08-11,-0.011504942302133059
2010-08-12,-0.009169608434880017
2010-08-13,0.0016072577801193866
2010-08-16,-0.0024891329627193537
2010-08-17,0.005834329520698622
2010-08-18,-4.514350292172953e-05
2010-08-19,-0.0017817598292042547
2010-08-20,0.006717621574249932
2010-08-23,0.0028275370464154737
2010-08-24,-0.009338188948835868
2010-08-25,-0.002239127293555576
2010-08-26,8.060317554292595e-06
2010-08-27,0.0043021262372244795
2010-08-30,0.004425210764236853
2010-08-31,-0.004368236518304536
2010-09-01,0.007028547288075115
2010-09-02,0.00024191989627575516
2010-09-03,-0.0022970771357619935
2010-09-07,0.0006289371752592476
2010-09-08,-0.0018059624027725318
2010-09-09,-0.0013248828989425032
2010-09-10,0.00021253893342554342
2010-09-13,-0.00041680562456569703
2010-09-14,-0.0002629972991922136
2010-09-15,-0.004561548263906756
2010-09-16,-0.0011943901816793279
2010-09-17,0.0027968284053696557
2010-09-20,0.0011097321556032824
2010-09-21,0.0004786252541228997
2010-09-22,-0.0014801039867969878
2010-09-23,-0.0022538652257477754
2010-09-24,0.008861029033980339
2010-09-27,0.0014812417916882925
2010-09-28,0.001979647747196722
2010-09-29,-0.001563768392193965
2010-09-30,0.004738441501464186
2010-10-01,0.0046161640237267765
2010-10-04,-0.006249403017597466
2010-10-05,0.0181374795262772
2010-10-06,-0.00244894525626016
2010-10-07,0.004429120606932013
2010-10-08,0.008984774512361016
2010-10-11,0.005054117224724042
2010-10-12,-0.0012694606809013909
2010-10-13,0.013791648006771906
2010-10-14,0.001031879551862902
2010-10-15,0.016336549618762186
2010-10-18,0.008785345311383086
2010-10-19,-0.04039086480243759
2010-10-20,0.002357858908990984
2010-10-21,0.040607600950351985
2010-10-22,0.0
2010-10-25,0.0
2010-10-26,0.0
2010-10-27,0.001734533315442821
2010-10-28,0.0027436909054348035
2010-10-29,-0.002802294374114722
2010-11-01,0.0057029747384940155
2010-11-02,0.004768556271586455
2010-11-03,0.004451607437727878
2010-11-04,0.011438498609652292
2010-11-05,0.005290857868191834
2010-11-08,-0.003044382083297603
2010-11-09,0.0172577428906171
2010-11-10,-0.0035427934958939256
2010-11-11,-0.01037797700616705
2010-11-12,-0.0069066310157955835
2010-11-15,-0.0023018646181590663
2010-11-16,-0.007841871007105206
2010-11-17,-0.00012352548645533368
2010-11-18,0.015203013434935464
2010-11-19,0.00047615695051517193
2010-11-22,0.009816220578794388
2010-11-23,-0.010659113613133098
2010-11-24,0.01260177532415696
2010-11-26,-0.006591704628281292
2010-11-29,0.0018187264425375549
2010-11-30,-0.011481425904781628
2010-12-01,0.014310951782845027
2010-12-02,-0.007446691135322703
2010-12-03,-0.0027110932786220676
2010-12-06,0.005904600882740363
2010-12-07,0.021469026686623538
2010-12-08,-0.004767622393330284
2010-12-09,0.01115113389716238
2010-12-10,0.013491150938724994
2010-12-13,0.006170891747169671
2010-12-14,-0.005189453525725751
2010-12-15,-0.00038462429521735064
2010-12-16,0.0025179107247834676
2010-12-17,0.005006482395794043
2010-12-20,0.007325951147880483
2010-12-21,0.009975137379629295
2010-12-22,0.0044459969583823256
2010-12-23,-0.0011081637942733646
2010-12-27,-0.014149506610877549
2010-12-28,0.0016867408363581138
2010-12-29,0.0038672956743046605
2010-12-30,-0.0006630977797571491
2010-12-31,-0.003665089074318506
2011-01-03,0.0084748640568304
2011-01-04,0.00721545641680299
2011-01-05,0.0008618844093783995
2011-01-06,-0.005650934031363075
2011-01-07,0.0022676843702327254
2011-01-10,-0.004282101691579054
2011-01-11,0.007959266647253216
2011-01-12,0.009278233552269421
2011-01-13,-0.0030746640211296583
2011-01-14,-0.0038048957890131074
2011-01-18,-0.0009793147881851372
2011-01-19,-0.002100434718206423
2011-01-20,-0.00856313987939461
2011-01-21,0.011953805589469457
2011-01-24,0.004204291071260524
2011-01-25,-0.005743824739857573
2011-01-26,0.004158411854884969
2011-01-27,0.04232757190241698
2011-01-28,-0.0010113908997175791
2011-01-31,-0.006389615599414977
2011-02-01,0.006941319671904367
2011-02-02,-0.011005607508296378
2011-02-03,0.0008958023702785312
2011-02-04,0.00713986384240628
2011-02-07,0.002351149808442754
2011-02-08,0.0017912293977673244
2011-02-09,-1.9620778801132666e-05
2011-02-10,-0.011443908762473365
2011-02-11,-0.002270262637247167
2011-02-14,0.0130569260604958
2011-02-15,-0.007249943023416083
2011-02-16,0.008891279404386276
2011-02-17,-0.00974632581666901
2011-02-18,0.004543207565272933
2011-02-22,-0.032109899682162824
2011-02-23,-0.013812513409321214
2011-02-24,0.01504348687800472
2011-02-25,0.009045399021784695
2011-02-28,0.009804068769145191
2011-03-01,-0.0005293332459544997
2011-03-02,-0.0010336705308383598
2011-03-03,0.017195442992861576
2011-03-04,0.0012291354521263287
2011-03-07,0.009310424305077447
2011-03-08,-0.011572977102526472
2011-03-09,-0.0037393276532378117
2011-03-10,-0.019727817451053342
2011-03-11,0.0008147345586069221
2011-03-14,0.0006668804655225458
2011-03-15,-0.02772158020017501
2011-03-16,0.003996399756266866
2011-03-17,0.020815984708036916
2011-03-18,0.011757026404815907
2011-03-21,0.018513959045259654
2011-03-22,0.013906207088437705
2011-03-23,0.00023986121895736012
2011-03-24,0.02302960054067449
2011-03-25,-0.0006147950897473775
2011-03-28,0.012405401796119708
2011-03-29,0.0011464033638808324
2011-03-30,0.0089958893133395
2011-03-31,-0.0014215548360904107
2011-04-01,0.010977048560159686
2011-04-04,0.00672316688043173
2011-04-05,0.0018146246113524
2011-04-06,0.010491173480679405
2011-04-07,-0.007824964126376344
2011-04-08,0.009291227879293817
2011-04-11,-0.0011093383829998693
2011-04-12,-0.012165449786790239
2011-04-13,0.009179073405205074
2011-04-14,-0.006174541368989761
2011-04-15,-0.0007451561785842831
2011-04-18,-0.01481767690432434
2011-04-19,0.0019955046228545825
2011-04-20,0.018162023545045036
2011-04-21,0.002871475538733348
2011-04-25,0.0039647961893634065
2011-04-26,-0.015633970111705642
2011-04-27,0.004065929033422844
2011-04-28,-0.004481113658110103
2011-04-29,-0.002354926268812174
2011-05-02,0.014166950172844084
2011-05-03,-0.004290361421762201
2011-05-04,0.001681085265796467
2011-05-05,-0.008943459504795248
2011-05-06,0.01308100570921722
2011-05-09,0.0069720867191021
2011-05-10,0.00492964717606581
2011-05-11,0.0018865147402307159
2011-05-12,-0.0017570942888430752
2011-05-13,-0.008016914761485583
2011-05-16,-0.0046241112106486515
2011-05-17,-0.007978377911189938
2011-05-18,0.0032298175991694045
2011-05-19,0.00448167063023841
2011-05-20,-0.005074710575863284
2011-05-23,-0.016291159317661452
2011-05-24,0.007309952878524539
2011-05-25,-0.0036427206100230203
2011-05-26,-0.0034234064342228976
2011-05-27,0.002876764020791178
2011-05-31,0.01350413926741001
2011-06-01,-0.005036416460448057
2011-06-02,0.001231725614638135
2011-06-03,-0.004268024113092683
2011-06-06,-8.739629211851341e-05
2011-06-07,0.0025238991453135906
2011-06-08,-0.002170318817923289
2011-06-09,0.0008216583591680315
2011-06-10,0.0006646564525514265
2011-06-13,0.0002441232955934236
2011-06-14,0.003871550501721721
2011-06-15,-0.0033975891926925073
2011-06-16,0.00104139406768744
2011-06-17,0.003407838209119607
2011-06-20,-0.0008883202442996341
2011-06-21,0.0022975281805583947
2011-06-22,-0.0009862954770907262
2011-06-23,-0.004113170145541911
2011-06-24,-0.008612448921971105
2011-06-27,0.0007253342915300998
2011-06-28,0.00040334706552691557
2011-06-29,0.0017463012351641716
2011-06-30,0.0018245412657833526
2011-07-01,-0.00016625684787863193
2011-07-05,0.0011197813292558312
2011-07-06,-0.001509610875744083
2011-07-07,0.0027960134239555234
2011-07-08,-0.004403711079617234
2011-07-11,-0.005320131546209916
2011-07-12,-0.002326294245520333
2011-07-13,0.0025626049408640217
2011-07-14,0.0007959137049504683
2011-07-15,0.00202203493282771
2011-07-18,-0.00214477349002018
2011-07-19,0.0026537927168792663
2011-07-20,0.0013112125101235605
2011-07-21,0.0015527873348015753
2011-07-22,0.0048359671288709105
2011-07-25,-0.005038278496607318
2011-07-26,-0.001660049853143053
2011-07-27,-0.002662890999582168
2011-07-28,-0.0007601496186102619
2011-07-29,-0.0032756980634509603
2011-08-01,0.005931360417511522
2011-08-02,-0.002187465611358186
2011-08-03,0.0001288648053017205
2011-08-04,-0.006443475539883892
2011-08-05,0.005179036098619916
2011-08-08,-0.015063454668204801
2011-08-09,0.007736526388260723
2011-08-10,-0.011426146284047145
2011-08-11,0.0027095540042372246
2011-08-12,0.012119586135536098
2011-08-15,0.0
2011-08-16,0.0
2011-08-17,-0.0012397961707938387
2011-08-18,0.010306521280144976
2011-08-19,0.005835653265780394
2011-08-22,-0.008213641006232009
2011-08-23,-0.0015392507577185466
2011-08-24,0.0027314270149962905
2011-08-25,-0.0008729388093369206
2011-08-26,0.0021971843739283514
2011-08-29,0.00028291107917088887
2011-08-30,-0.0008447013339270004
2011-08-31,-0.002093518848518383
2011-09-01,-0.0008256833585515988
2011-09-02,0.004892333226077961
2011-09-06,0.008417749752662962
2011-09-07,-0.0005700525985299354
2011-09-08,0.003956114482713824
2011-09-09,0.005355136034247421
2011-09-12,0.009045273542046317
2011-09-13,0.00032553761180253993
2011-09-14,-0.00041051798914881754
2011-09-15,-0.003710344080867234
2011-09-16,-0.0015590346124612076
2011-09-19,0.005397995189742044
2011-09-20,-0.002524485504623142
2011-09-21,-0.002088342359919171
2011-09-22,0.006697329105702643
2011-09-23,0.0038864305130819066
2011-09-26,-0.0009127785467903937
2011-09-27,-0.00617048391173447
2011-09-28,-0.0034196119344465092
2011-09-29,-0.012781974239571836
2011-09-30,0.0018163163541002891
2011-10-03,0.004335738238308684
2011-10-04,0.0038857370283142956
2011-10-05,0.0006230153524318105
2011-10-06,0.001666274501652465
2011-10-07,0.0015980715868841866
2011-10-10,-0.004734046884037446
2011-10-11,0.000413299387623578
2011-10-12,-0.003506473936176091
2011-10-13,0.00036109040819543026
2011-10-14,-0.005560122947380064
2011-10-17,0.0006122467064955117
2011-10-18,0.0013643908426166362
2011-10-19,0.0038366677686327844
2011-10-20,-0.004051334169107745
2011-10-21,-0.004190173930720409
2011-10-24,-0.0022249018876753235
2011-10-25,-0.002826872872020325
2011-10-26,0.00435569670043523
2011-10-27,0.009185348523840897
2011-10-28,0.0
2011-10-31,0.0
2011-11-01,0.0
2011-11-02,0.014113418422866175
2011-11-03,0.005930766482602046
2011-11-04,-0.006532631474421402
2011-11-07,-0.003370199310315347
2011-11-08,0.005355634172838908
2011-11-09,-0.02565954997478226
2011-11-10,0.009419521135085374
2011-11-11,0.009717366186583032
2011-11-14,-0.0028786547361011605
2011-11-15,0.0015034217558180796
2011-11-16,-0.00440011948601482
2011-11-17,-0.0017772880354359755
2011-11-18,0.0039758628454225065
2011-11-21,-0.015476135791307355
2011-11-22,0.002760845215054708
2011-11-23,-0.008448843375601367
2011-11-25,-0.0020541716479325345
2011-11-28,0.033425709244742086
2011-11-29,-0.0007459938071965322
2011-11-30,0.029101973801033187
2011-12-01,-0.004257990541261192
2011-12-02,0.00936023102436967
2011-12-05,0.01212421583183887
2011-12-06,-0.004106606389580492
2011-12-07,-0.0033003141802784297
2011-12-08,-0.003527193927802319
2011-12-09,0.0034829062542451883
2011-12-12,-0.009176548358044934
2011-12-13,0.005248105463669495
2011-12-14,-0.009536685796608713
2011-12-15,0.012989653361240805
2011-12-16,0.010171398489053685
2011-12-19,0.005991463171622913
2011-12-20,0.019934306797109835
2011-12-21,0.0008824964601068519
2011-12-22,0.003838045368162346
2011-12-23,0.0051007848505593145
2011-12-27,-0.0020173235468028405
2011-12-28,0.0036664664682981574
2011-12-29,0.003907311107371747
2011-12-30,-0.0035775060175115003
2012-01-03,0.017870176626022083
2012-01-04,-0.0024683293383441773
2012-01-05,-0.00519917917455659
2012-01-06,0.002948287118892834
2012-01-09,0.0004598111082185774
2012-01-10,0.015861413220794818
2012-01-11,-0.00040274109829507854
2012-01-12,0.006785561094595494
2012-01-13,-0.007293901854495077
2012-01-17,0.016234901374882593
2012-01-18,0.001078272448658213
2012-01-19,0.011741829774514878
2012-01-20,-0.059206706527022424
2012-01-23,0.0037730852181616648
2012-01-24,-0.0023429083722636967
2012-01-25,0.0484866385023528
2012-01-26,0.0
2012-01-27,0.0
2012-01-30,0.0
2012-01-31,0.01289413655164906
2012-02-01,0.011073421901696134
2012-02-02,0.0009353072148172714
2012-02-03,0.007788202206229666
2012-02-06,-0.004699313374829761
2012-02-07,0.0008950247715733273
2012-02-08,0.0029447171695122787
2012-02-09,0.005381545705433588
2012-02-10,-0.0057726113932836665
2012-02-13,0.011856506082964291
2012-02-14,0.001955918484130015
2012-02-15,0.007814571989285923
2012-02-16,-0.010232379720919504
2012-02-17,0.0013530089701627723
2012-02-21,0.006020351643509114
2012-02-22,-0.0022436604827397177
2012-02-23,0.0020881672781625227
2012-02-24,0.0050829405482915035
2012-02-27,-0.0012960410979134807
2012-02-28,0.00416237912953954
2012-02-29,0.008912461900327129
2012-03-01,0.008379982226343063
2012-03-02,-0.0006094303760483255
2012-03-05,-0.0013862765629133467
2012-03-06,-0.0164834990817464
2012-03-07,0.009835990164273278
2012-03-08,0.008132686162456437
2012-03-09,0.0035340752283665733
2012-03-12,0.004043859639126124
2012-03-13,0.010177484968707073
2012-03-14,0.013129621245826284
2012-03-15,0.012064640162694484
2012-03-16,-0.0011734211333139788
2012-03-19,0.014091803239221656
2012-03-20,-0.004233623221959415
2012-03-21,-0.0021211610697940975
2012-03-22,-0.0072186169571153425
2012-03-23,0.00035681861478087384
2012-03-26,0.006607073570425781
2012-03-27,-0.0004282514747978583
2012-03-28,0.0030485231982677607
2012-03-29,-0.007099552122126984
2012-03-30,0.0014011420305604094
2012-04-02,0.0024217761299447638
2012-04-03,0.008441621191980664
2012-04-04,-0.009484412160280287
2012-04-05,0.0023676173810018852
2012-04-09,-0.013347102388911125
2012-04-10,0.004242421954806508
2012-04-11,0.0128059463534409
2012-04-12,0.0005673204169847068
2012-04-13,-0.00028934026416926883
2012-04-16,0.007038711659123731
2012-04-17,0.0002938274964818799
2012-04-18,0.002839690311423393
2012-04-19,-0.009973093609799144
2012-04-20,0.004376964902578218
2012-04-23,-0.007151983006412954
2012-04-24,-0.010562667951073412
2012-04-25,0.07272293897284143
2012-04-26,0.0
2012-04-27,0.0
2012-04-30,0.0
2012-05-01,0.0006989372970500618
2012-05-02,-0.0025289032985134074
2012-05-03,0.006380832036428918
2012-05-04,-0.005964636944524759
2012-05-07,-0.004749376181909404
2012-05-08,-0.0014636230700341146
2012-05-09,-0.01101912787512771
2012-05-10,0.008753945333558777
2012-05-11,-0.01025056194874685
2012-05-14,-0.008569596326043372
2012-05-15,0.004143213722413774
2012-05-16,0.002688110458266557
2012-05-17,-0.0003681618441264689
2012-05-18,0.006593399288188806
2012-05-21,0.0065098144043920225
2012-05-22,0.010730256230225832
2012-05-23,-0.0012428591561212121
2012-05-24,0.00727223844123559
2012-05-25,-0.0008815949571266968
2012-05-29,0.015205837505645192
2012-05-30,-0.00789962336415595
2012-05-31,0.0017641093841851418
2012-06-01,-0.01876075619435258
2012-06-04,0.000451286537860085
2012-06-05,0.0007889143144579336
2012-06-06,0.0013998207374548155
2012-06-07,0.0023878824334566673
2012-06-08,-0.0006064242222347804
2012-06-11,0.0020671215481946614
2012-06-12,0.0008543489178152175
2012-06-13,-0.00020590366931683146
2012-06-14,-5.5405854252565945e-05
2012-06-15,0.000296168487898818
2012-06-18,-0.0009490074049404162
2012-06-19,0.0017061589993765391
2012-06-20,0.0006048217815792789
2012-06-21,-0.0007280835255871754
2012-06-22,0.0008184096830503584
2012-06-25,-0.0012258777035807356
2012-06-26,0.0005443077275870678
2012-06-27,0.0005008028416919608
2012-06-28,-0.0017067651433384512
2012-06-29,0.0034696095515063252
2012-07-02,0.002746967510736109
2012-07-03,0.0001413243291221722
2012-07-05,-0.0014805648495830326
2012-07-06,-0.0019323348744691993
2012-07-09,-0.0006429064437578624
2012-07-10,-0.0007959461991087213
2012-07-11,0.0002774823765039347
2012-07-12,-0.000987658211022091
2012-07-13,0.00017212850113734746
2012-07-16,-0.000643461747113383
2012-07-17,0.0006540451420988802
2012-07-18,-0.0005178204702939171
2012-07-19,0.0019214358294732392
2012-07-20,0.00011400569846897746
2012-07-23,-0.0029083079216108976
2012-07-24,0.0001972570944439589
2012-07-25,0.0005916509537857717
2012-07-26,0.0030679188366442567
2012-07-27,0.0010503598061974984
2012-07-30,-0.001408501361088832
2012-07-31,0.0004971358668779402
2012-08-01,0.001217156218293436
2012-08-02,-0.0011763622352415348
2012-08-03,0.003974262964859143
2012-08-06,0.0007759998258862755
2012-08-07,0.002352249413022145
2012-08-08,-0.0008063157760702655
2012-08-09,-0.00045322747779741324
2012-08-10,-0.0004844290054412115
2012-08-13,-0.0002383957858671515
2012-08-14,0.0013035879449718735
2012-08-15,7.018486008480984e-05
2012-08-16,0.0005953822524857877
2012-08-17,-0.00214758912444879
2012-08-20,-0.0004254062022267524
2012-08-21,0.0005795192499109536
2012-08-22,-0.0005640937441574456
2012-08-23,-0.0006313831573134809
2012-08-24,-0.0002378863458178948
2012-08-27,0.00027125562523577784
2012-08-28,-0.0005377679904204902
2012-08-29,0.00032957121306509407
2012-08-30,-0.0003226563685700956
2012-08-31,0.0010994716647769742
2012-09-04,-0.00046667772736574964
2012-09-05,-0.0007567013615989993
2012-09-06,0.0055567673180314525
2012-09-07,0.0033352635559182886
2012-09-10,-0.0007858961483286908
2012-09-11,0.002453365232625737
2012-09-12,0.007503998927930855
2012-09-13,0.007055059866156954
2012-09-14,0.008420076405735166
2012-09-17,0.008345964841548925
2012-09-18,-0.0012120498324422746
2012-09-19,-0.000728707078286206
2012-09-20,-0.004273260575500593
2012-09-21,0.0038350595243492602
2012-09-24,-0.015450870202335487
2012-09-25,-0.0008297661898829523
2012-09-26,-0.0055195178805269585
2012-09-27,0.0005260715018031714
2012-09-28,-0.003383531841938847
2012-10-01,0.006542684515648878
2012-10-02,0.0009774472482675378
2012-10-03,0.0007722778869772018
2012-10-04,0.0006800012478946904
2012-10-05,0.0009141343252156986
2012-10-08,-0.0009896169729017856
2012-10-09,-0.0005364088687234148
2012-10-10,-0.0004120889598034916
2012-10-11,0.0008194481029366596
2012-10-12,-0.0018748001632239442
2012-10-15,0.0006890778776824646
2012-10-16,0.0009569631802726075
2012-10-17,-0.0010981920778923016
2012-10-18,-0.00020619741336636022
2012-10-19,-0.0017993899395943869
2012-10-22,0.0017112627977582395
2012-10-23,-0.0019208331895266273
2012-10-24,0.0020413030326886794
2012-10-25,0.0012349650959788683
2012-10-26,-0.00016054445003410578
2012-10-31,0.001408532187443523
2012-11-01,0.00109570792552649
2012-11-02,0.0005314733873797994
2012-11-05,-0.0008797659447917772
2012-11-06,0.0005528832616386037
2012-11-07,-0.002490464561501149
2012-11-08,0.00045375802277680677
2012-11-09,0.00015565649635940204
2012-11-12,0.0004978916118696386
2012-11-13,-0.0011940076449825643
2012-11-14,0.0013431684432718694
2012-11-15,0.0002434832943976062
2012-11-16,0.001371407881351594
2012-11-19,0.0015110203036534653
2012-11-20,5.078172845007778e-05
2012-11-21,-0.0001624316016031191
2012-11-23,0.0017271917047558816
2012-11-26,0.0003794170874620306
2012-11-27,0.00019606653080028735
2012-11-28,-0.0009216082084455568
2012-11-29,-9.295428498579117e-05
2012-11-30,0.00038942900968441663
2012-12-03,0.0012651455774057574
2012-12-04,0.0007618052071418635
2012-12-05,-1.0834055608199833e-07
2012-12-06,2.0236286845332074e-05
2012-12-07,0.0003336897678203332
2012-12-10,-0.00048144000373351314
2012-12-11,0.000852655987934936
2012-12-12,0.0009492845242953241
2012-12-13,0.0005480175850847147
2012-12-14,0.00019952048618665508
2012-12-17,0.00039044842526525514
2012-12-18,0.0007526783328051234
2012-12-19,0.0008625414327467773
2012-12-20,0.00034214998377168904
2012-12-21,-0.003617937147163075
2012-12-24,-6.678562131789967e-05
2012-12-26,0.00021588297515551247
2012-12-27,-8.483483647336865e-05
2012-12-28,-0.0014583630481280752
2012-12-31,-2.3581074421574755e-05
2013-01-02,0.0041183394110810845
2013-01-03,0.0
2013-01-04,0.0
2013-01-07,0.0
2013-01-08,0.00022695174658093897
2013-01-09,0.0010154901145278394
2013-01-10,0.0015625565518440077
2013-01-11,-8.191922705069743e-06
2013-01-14,-0.00023324368773480764
2013-01-15,-0.0012127558237348124
2013-01-16,-7.842259920753936e-05
2013-01-17,0.0009567919853616935
2013-01-18,-0.0006225048888542917
2013-01-22,0.0001128837164565688
2013-01-23,0.0009593179570097643
2013-01-24,-0.000637072272344108
2013-01-25,0.0011986378684780696
2013-01-28,0.0012944324796932971
2013-01-29,-0.0006593234490976929
2013-01-30,0.00011025539175069099
2013-01-31,0.0007076456328798386
2013-02-01,0.0020198911505278083
2013-02-04,-0.013683014232457658
2013-02-05,0.001016765288628596
2013-02-06,0.0006917985840002583
2013-02-07,0.0026294825679644696
2013-02-08,0.004658746894828925
2013-02-11,-0.002632445429535335
2013-02-12,-0.004020963643190711
2013-02-13,0.0047760067957864916
2013-02-14,0.0004751352461820346
2013-02-15,0.0013362697680068258
2013-02-19,0.0029638609325488563
2013-02-20,0.002708448899750193
2013-02-21,-0.006386830596292192
2013-02-22,0.0002244769501704713
2013-02-25,0.005065189075708965
2013-02-26,0.003740642432276342
2013-02-27,-0.0010381570467549173
2013-02-28,-0.0001710301375058565
2013-03-01,-0.006062808137406006
2013-03-04,-0.002864014379655333
2013-03-05,0.012017123869519697
2013-03-06,0.008337357235882026
2013-03-07,-0.00030177651109675185
2013-03-08,0.0019998363242572648
2013-03-11,-0.0011320324367455337
2013-03-12,-0.004853714272526011
2013-03-13,0.0033352153541073015
2013-03-14,0.003912163059511364
2013-03-15,-0.0016534686345703875
2013-03-18,-0.014269760415732247
2013-03-19,0.004786801426363896
2013-03-20,0.008280817395981632
2013-03-21,-0.005196961004981793
2013-03-22,0.008073174940288697
2013-03-25,0.0036874588897186644
2013-03-26,0.005340334662297774
2013-03-27,-0.007391456480040026
2013-03-28,0.001297117535037362
2013-04-01,0.005650837453336388
2013-04-02,0.006263975532554422
2013-04-03,0.0021238362436621916
2013-04-04,0.0011100647131656594
2013-04-05,-0.01509046135194303
2013-04-08,-0.00094675405079514
2013-04-09,-0.0009180820714832505
2013-04-10,0.003757112096273607
2013-04-11,0.0024625555771844443
2013-04-12,0.002930049927514
2013-04-15,-0.002799462182299317
2013-04-16,0.007722361318550197
2013-04-17,-0.007441258289867747
2013-04-18,0.0019257752979613407
2013-04-19,0.0021364587427241677
2013-04-22,0.004835457608246108
2013-04-23,0.0415919907029072
2013-04-24,0.0
2013-04-25,0.0
2013-04-26,0.0
2013-04-29,0.006074752396354244
2013-04-30,0.0008800384065441591
2013-05-01,0.0003893792018869746
2013-05-02,0.008958084670350974
2013-05-03,0.016105270392059
2013-05-06,-0.0004185085926199372
2013-05-07,0.000709751327807151
2013-05-08,-0.0007161614844188868
2013-05-09,0.008325179412125516
2013-05-10,0.0015814192385965598
2013-05-13,0.002333409052102997
2013-05-14,0.010718789868881196
2013-05-15,0.0005651862680511321
2013-05-16,0.013104289629327859
2013-05-17,0.005962221358613684
2013-05-20,-0.0007136686734680042
2013-05-21,0.00027642901372693096
2013-05-22,-0.005643430322810783
2013-05-23,-0.01689457496675162
2013-05-24,-0.003938029687421518
2013-05-28,0.020302391488448146
2013-05-29,0.0009517591030701045
2013-05-30,0.001746069342974499
2013-05-31,0.003849666159733367
2013-06-03,0.00015879153195275109
2013-06-04,-0.0010410921729349099
2013-06-05,-0.009382075433692738
2013-06-06,0.0008778256254420302
2013-06-07,0.007818889785762506
2013-06-10,-0.006784596239913565
2013-06-11,-0.014743353005862825
2013-06-12,0.011510633838780482
2013-06-13,0.0038518398683236033
2013-06-14,0.0038683019625083137
2013-06-17,0.021357223959619143
2013-06-18,0.0011085339558944973
2013-06-19,-0.0022296829330377133
2013-06-20,-0.013263215262845018
2013-06-21,0.01253377589769733
2013-06-24,-0.01781587024121456
2013-06-25,0.009333360200803442
2013-06-26,0.011476776214794038
2013-06-27,0.007943088297005296
2013-06-28,-0.00011276970115636775
2013-07-01,0.014520509777053325
2013-07-02,0.000960383334249304
2013-07-03,-0.002555296374291305
2013-07-05,0.01042602963891115
2013-07-08,0.008553630961734893
2013-07-09,0.008986089734726033
2013-07-10,-0.003302278336125841
2013-07-11,0.015230319320026497
2013-07-12,0.0016775261483052972
2013-07-15,0.006547846558789372
2013-07-16,1.341256726439255e-05
2013-07-17,0.000414154869194272
2013-07-18,0.003960684524790148
2013-07-19,-0.009328450864115267
2013-07-22,0.00387462054462695
2013-07-23,-0.0010928821279153622
2013-07-24,0.00653795062199225
2013-07-25,-0.003795834394456077
2013-07-26,0.0015708276768053864
2013-07-29,-0.0003260065570975801
2013-07-30,0.004052328462808896
2013-07-31,0.0039530303780088705
2013-08-01,0.008640742256645906
2013-08-02,-0.0009853977122111779
2013-08-05,0.005640280588428137
2013-08-06,-0.0025840308662509193
2013-08-07,-0.0028888962533724083
2013-08-08,0.03756058943330265
2013-08-09,-0.004458357245124334
2013-08-12,-0.012796991879533426
2013-08-13,0.007610809094154458
2013-08-14,-0.00876055990058533
2013-08-15,-0.015574766856111921
2013-08-16,0.008113146434176821
2013-08-19,0.0060596312480014625
2013-08-20,0.014526723391754093
2013-08-21,-0.0012379722145089422
2013-08-22,0.0055488350075656445
2013-08-23,0.006997799552162176
2013-08-26,0.008734250145351785
2013-08-27,-0.015353629870571761
2013-08-28,0.0071942481980975526
2013-08-29,-0.0014338825503481534
2013-08-30,0.006827407663753782
2013-09-03,0.017707337936707646
2013-09-04,0.007218714850139474
2013-09-05,0.0017820684947127408
2013-09-06,0.003050005229427999
2013-09-09,-0.0012968931045095333
2013-09-10,0.007213442049103458
2013-09-11,-0.0011035599300330823
2013-09-12,0.002639136968499267
2013-09-13,-0.0007953434344832866
2013-09-16,0.013818849679228862
2013-09-17,-0.0023171295322502727
2013-09-18,-0.0004505755045187687
2013-09-19,0.011400311488725778
2013-09-20,0.005092559347522174
2013-09-23,0.0018206312398520996
2013-09-24,0.009667164233817749
2013-09-25,0.010156997633417486
2013-09-26,0.00965738141275807
2013-09-27,-0.004033318112348194
2013-09-30,-0.017831906029577738
2013-10-01,0.000585434881664737
2013-10-02,-0.009429956414848673
2013-10-03,-0.0024616209820471635
2013-10-04,0.011296242155154346
2013-10-07,-0.0026143647642451473
2013-10-08,0.003773750086576433
2013-10-09,0.0024881117031501088
2013-10-10,0.024686280368644065
2013-10-11,-0.0020137297140466748
2013-10-14,-0.016652219558712322
2013-10-15,0.013357647481354151
2013-10-16,0.010091677868833804
2013-10-17,-0.00020119204282442738
2013-10-18,0.021987371248563203
2013-10-21,0.005334218855088224
2013-10-22,0.017250680191402967
2013-10-23,-0.01741860683955987
2013-10-24,0.00613544523024423
2013-10-25,0.009582368014898757
2013-10-28,-0.005417788028871606
2013-10-29,0.009263447026496285
2013-10-30,0.00781347604924676
2013-10-31,-0.022484981618815403
2013-11-01,0.01529583627950859
2013-11-04,0.00023773654776393371
2013-11-05,0.0008782875782742394
2013-11-06,-0.02578356154685646
2013-11-07,-0.0051316188401693275
2013-11-08,0.0008933073956822746
2013-11-11,-0.0022681634850282295
2013-11-12,-0.0034909469408747063
2013-11-13,-0.0005124255145770862
2013-11-14,0.0015118275982433094
2013-11-15,0.0024489914930154733
2013-11-18,-0.004794296467340642
2013-11-19,0.00022016976670791166
2013-11-20,0.006340131887919709
2013-11-21,0.012556806712166857
2013-11-22,0.0033375695840554
2013-11-25,0.009451726286302309
2013-11-26,-0.003074332163764293
2013-11-27,0.0044880845664010405
2013-11-29,0.009599589991215352
2013-12-02,-0.0026166656258309606
2013-12-03,-0.004633345716766324
2013-12-04,-0.006166526281898843
2013-12-05,-0.0004961733061367157
2013-12-06,0.013696690447481341
2013-12-09,0.005036863938553404
2013-12-10,-0.005040524879220354
2013-12-11,-0.0010795952613760207
2013-12-12,0.011179679825655375
2013-12-13,0.006472805374219348
2013-12-16,0.002472510372217185
2013-12-17,0.007166870990546137
2013-12-18,-1.863803887547366e-05
2013-12-19,-0.012063006292843848
2013-12-20,0.0025746196947062927
2013-12-23,0.004249102106477443
2013-12-24,0.004753722085537371
2013-12-26,0.004038758928239794
2013-12-27,-0.0005458767013639676
2013-12-30,-0.0035419220835499754
2013-12-31,0.004101155067811835
2014-01-02,-0.00021048393456224446
2014-01-03,0.0008364056123513208
2014-01-06,-0.0004102981001642414
2014-01-07,0.0043449368225922935
2014-01-08,0.0074743645927355384
2014-01-09,0.004407169681318601
2014-01-10,0.002166913092461309
2014-01-13,-0.0006272756912255595
2014-01-14,0.005904423356199784
2014-01-15,0.007955215575155883
2014-01-16,-0.003292531205598248
2014-01-17,-7.576173538048625e-05
2014-01-21,0.006353379151755378
2014-01-22,0.004974021772479187
2014-01-23,0.0015700369881046505
2014-01-24,-0.010533528877396114
2014-01-27,0.004482943899038805
2014-01-28,0.007701489688305196
2014-01-29,-0.010876804839048959
2014-01-30,0.06433644539077066
2014-01-31,0.0
2014-02-03,0.0
2014-02-04,0.0
2014-02-05,-0.002435219532239574
2014-02-06,-0.0003482333302373686
2014-02-07,0.009474071273669171
2014-02-10,0.002688189733615731
2014-02-11,0.0026816717397981638
2014-02-12,0.0016403432413785168
2014-02-13,-0.00808863888092437
2014-02-14,0.00039490960979304823
2014-02-18,0.006885266054940997
2014-02-19,-0.0038987543017423576
2014-02-20,0.017097463492458775
2014-02-21,0.00869637977971549
2014-02-24,0.0023317672834843872
2014-02-25,0.014093836484067923
2014-02-26,0.012560730764640704
2014-02-27,0.00781731249723272
2014-02-28,0.0009909176014217813
2014-03-03,-0.02206570518248452
2014-03-04,0.021775671854463496
2014-03-05,0.007029942730691685
2014-03-06,0.005105869573813315
2014-03-07,0.0034217179156286193
2014-03-10,0.0007256996713307373
2014-03-11,0.0014239721454887277
2014-03-12,-0.006683617355492388
2014-03-13,0.006770761263637848
2014-03-14,-0.0057020531823664955
2014-03-17,0.0094280495005028
2014-03-18,0.004645319553341132
2014-03-19,0.0016936192478467227
2014-03-20,-0.0016847835627260555
2014-03-21,0.008272736697042982
2014-03-24,0.002271082935694224
2014-03-25,0.011188317697152561
2014-03-26,0.004091651287992493
2014-03-27,-0.0006905372333937398
2014-03-28,0.00486353982001364
2014-03-31,0.01326003024222766
2014-04-01,0.006997249559231866
2014-04-02,0.01577847595734494
2014-04-03,0.0022013301871550706
2014-04-04,0.010316759211714377
2014-04-07,-0.012289040839697063
2014-04-08,0.00983146696511028
2014-04-09,0.016722952226895682
2014-04-10,0.00469288938020429
2014-04-11,-0.019328977471775532
2014-04-14,0.018422420437157916
2014-04-15,0.007147012528139207
2014-04-16,0.013010215602703434
2014-04-17,-0.006355777991818745
2014-04-21,0.008551051946542598
2014-04-22,0.010092723826498728
2014-04-23,0.0027087600799944322
2014-04-24,0.02128355798410886
2014-04-25,-0.01052528195464586
2014-04-28,0.006874755546395495
2014-04-29,0.001983449609822552
2014-04-30,-0.006004265885883764
2014-05-01,0.005664926526044445
2014-05-02,0.0034432288391246235
2014-05-05,-0.010407770624301649
2014-05-06,-0.0020760861167222755
2014-05-07,0.004051280062906226
2014-05-08,-0.014574935629054875
2014-05-09,0.0008974111087403092
2014-05-12,0.009746510261353647
2014-05-13,-0.0010991774371088558
2014-05-14,-0.0034725380591600352
2014-05-15,-0.0007075087200739683
2014-05-16,0.0035058960472162948
2014-05-19,-0.006306063419809771
2014-05-20,0.003072175661159804
2014-05-21,0.004329961375582059
2014-05-22,0.002170221701682129
2014-05-23,0.00021184698701270932
2014-05-27,0.0049918499021597285
2014-05-28,-0.0011599703352661583
2014-05-29,0.005277927635672475
2014-05-30,0.0020250326985906675
2014-06-02,0.0006142611556139155
2014-06-03,-0.005224010811569868
2014-06-04,-0.0042406132845208555
2014-06-05,0.003433808399402327
2014-06-06,0.00542302981363596
2014-06-09,-0.00072992237644387
2014-06-10,0.0018207459433903228
2014-06-11,-0.0033482076683652995
2014-06-12,-8.17319610149081e-05
2014-06-13,0.003882539554865838
2014-06-16,-0.002098942481260968
2014-06-17,0.0011090703803728896
2014-06-18,0.0020176663428561614
2014-06-19,0.0016049626909937498
2014-06-20,0.0023603208067648485
2014-06-23,-0.0012644868480911065
2014-06-24,0.00023496304189496442
2014-06-25,-0.0011092023788310534
2014-06-26,0.0029882319371523636
2014-06-27,-0.0008381046328904684
2014-06-30,0.0018135244494539293
2014-07-01,0.008808163220453302
2014-07-02,0.0004444851037876951
2014-07-03,0.004958839539333182
2014-07-07,-0.001665774889649696
2014-07-08,-0.004941051571935584
2014-07-09,0.003954643658596657
2014-07-10,-0.02023728032042582
2014-07-11,0.003166439493020645
2014-07-14,0.008477151393145421
2014-07-15,0.001022769410557789
2014-07-16,0.010004852423265875
2014-07-17,-0.004987410325372199
2014-07-18,0.0047895385525063006
2014-07-21,-0.00048006219288532215
2014-07-22,0.0028044577088859324
2014-07-23,0.005562550852198589
2014-07-24,0.01851242719345647
2014-07-25,-0.002567447462251682
2014-07-28,-0.0001028070384888613
2014-07-29,0.0008350540826074226
2014-07-30,0.00432144470799356
2014-07-31,-0.010551506468843286
2014-08-01,-0.0009174474455522219
2014-08-04,0.00255306892678564
2014-08-05,-0.00363116521192397
2014-08-06,-0.0054276489959040886
2014-08-07,0.0054798049956552575
2014-08-08,6.79978673900905e-05
2014-08-11,0.008219920463167218
2014-08-12,-0.0027580053995844844
2014-08-13,0.0036597958846731338
2014-08-14,0.0013425003140012937
2014-08-15,0.005838750606998122
2014-08-18,0.005002843602374796
2014-08-19,0.002529272588709164
2014-08-20,-0.0030965421988016217
2014-08-21,0.0007192923903402981
2014-08-22,-0.0005657060950032822
2014-08-25,0.006249280059544615
2014-08-26,0.0014331718559326134
2014-08-27,0.0002515888539595945
2014-08-28,-0.005198345247842129
2014-08-29,0.007617170302137932
2014-09-02,0.0056558799850015
2014-09-03,0.002831431032217946
2014-09-04,0.0016603794341574218
2014-09-05,0.0020535107867807323
2014-09-08,0.000628193205450378
2014-09-09,0.0014610195092996658
2014-09-10,0.0007475610123908183
2014-09-11,-0.004823837722808033
2014-09-12,-0.0017695957949839247
2014-09-15,0.002529377724555415
2014-09-16,-0.01140355175982477
2014-09-17,0.0011615230226358353
2014-09-18,0.004443083686173521
2014-09-19,0.005771191232785355
2014-09-22,0.0008416906627091159
2014-09-23,-0.005191188016833048
2014-09-24,-0.0006399827370981992
2014-09-25,-0.005612004949098193
2014-09-26,0.009446184163367066
2014-09-29,-0.015123232207222226
2014-09-30,0.004546769090751024
2014-10-01,-0.0013586487608473474
2014-10-02,0.0001985523839937997
2014-10-03,0.002813929956220429
2014-10-06,0.0009113612899636081
2014-10-07,-0.004280905251628164
2014-10-08,0.00014680503170128034
2014-10-09,0.0009296468112875989
2014-10-10,-0.008444827804185207
2014-10-13,0.005471625457914575
2014-10-14,0.011332583321639111
2014-10-15,-0.017618316034537118
2014-10-16,-0.03814556005136449
2014-10-17,0.017341252199380763
2014-10-20,0.0018564481057736781
2014-10-21,0.021390972994170587
2014-10-22,0.003606210300160173
2014-10-23,0.01166146633973475
2014-10-24,0.0028954778997896113
2014-10-27,-0.0004869161533481714
2014-10-28,0.00233907796510735
2014-10-29,-0.01933407771760398
2014-10-30,-0.006317636121608183
2014-10-31,0.015075254149451434
2014-11-03,0.0032281563907403665
2014-11-04,-0.0037286632479115456
2014-11-05,0.004723578273403417
2014-11-06,0.0017814039977916973
2014-11-07,0.003376879771586072
2014-11-10,0.002730644511272473
2014-11-11,0.0002578601741192177
2014-11-12,-0.00364408801510685
2014-11-13,0.003670920588895399
2014-11-14,-0.00029563074931560074
2014-11-17,-0.003079886706516488
2014-11-18,0.0018885693883679
2014-11-19,-0.004048310430934565
2014-11-20,-0.002996598746153656
2014-11-21,0.015294837010888962
2014-11-24,0.0035267078635161653
2014-11-25,0.0037579353688301786
2014-11-26,0.0008793425894362272
2014-11-28,0.0019403192656206603
2014-12-01,-0.004221558730326258
2014-12-02,-0.0019209136316407083
2014-12-03,0.0021352338668281234
2014-12-04,-0.000563854931188934
2014-12-05,0.004220307302940096
2014-12-08,-0.004842724779927865
2014-12-09,-0.017978585268631275
2014-12-10,-0.001217743896143264
2014-12-11,0.005711847776215473
2014-12-12,-0.011392416920574466
2014-12-15,0.00915401475377342
2014-12-16,-0.011716111079331348
2014-12-17,0.001311399977441452
2014-12-18,0.021492678435133028
2014-12-19,-1.242301469894791e-05
2014-12-22,-0.0061209529807148
2014-12-23,0.00436210855107344
2014-12-24,-0.0005203623468669205
2014-12-26,0.002957778944086442
2014-12-29,0.0009341531823652272
2014-12-30,-0.0027604263529334983
2014-12-31,0.0030912205575914786
2015-01-02,0.00753488869835417
2015-01-05,-0.005288513983325305
2015-01-06,0.004513162946281124
2015-01-07,0.008081677133311649
2015-01-08,0.012281884395489051
2015-01-09,0.0043972177222584286
2015-01-12,0.0036000259738211415
2015-01-13,0.012827533424182747
2015-01-14,-0.010761862115921228
2015-01-15,0.003394329052079925
2015-01-16,-0.00015415423818065932
2015-01-20,0.009326981516725397
2015-01-21,-0.002472586324597348
2015-01-22,0.005109170561275356
2015-01-23,-0.0013583689715269687
2015-01-26,0.0004374046468735848
2015-01-27,-0.01194067468397264
2015-01-28,0.034394825864522804
2015-01-29,0.0
2015-01-30,0.0
2015-02-02,0.0
2015-02-03,-0.0006279361395489236
2015-02-04,-0.011002935189193819
2015-02-05,0.006078239712476341
2015-02-06,0.0009993928171248
2015-02-09,-0.005252086956484381
2015-02-10,0.004913443923355132
2015-02-11,0.0023916896950111344
2015-02-12,0.007604390132456729
2015-02-13,0.004985527329173456
2015-02-17,-0.0007020454683456245
2015-02-18,-0.001891913772048337
2015-02-19,-0.0007099124674162516
2015-02-20,0.0002792775259348179
2015-02-23,0.002582212528762451
2015-02-24,-7.511874058319101e-05
2015-02-25,-0.0029209255097122355
2015-02-26,0.0007986788627412089
2015-02-27,-0.0005194328291864281
2015-03-02,0.006505006391669843
2015-03-03,-0.0020246721564157744
2015-03-04,-0.0027200304869158254
2015-03-05,0.0022772615120347783
2015-03-06,0.004267682981148546
2015-03-09,0.005030066946640321
2015-03-10,-0.007990915808299026
2015-03-11,0.0020605059945126847
2015-03-12,-0.00039255531410131717
2015-03-13,-0.0013508488515873163
2015-03-16,0.004899094330553133
2015-03-17,-5.01296490057479e-05
2015-03-18,-0.0014954139721006232
2015-03-19,0.0017749171984813295
2015-03-20,0.01065811565419117
2015-03-23,0.0016900701996460654
2015-03-24,-0.00035504103945016574
2015-03-25,-0.0010368386229943072
2015-03-26,-0.00877811436872633
2015-03-27,0.0020907407451187243
2015-03-30,0.0067908454461071965
2015-03-31,-0.0027272681887907657
2015-04-01,0.00013334001591580602
2015-04-02,0.001171877340015115
2015-04-06,-0.000825990553929179
2015-04-07,-2.2706760939739112e-05
2015-04-08,-0.0005279345639944699
2015-04-09,-0.00024911190101273295
2015-04-10,-8.39343482085253e-05
2015-04-13,4.237255701111664e-05
2015-04-14,-0.00029985497142726025
2015-04-15,0.0006731118897356225
2015-04-16,-0.0006928528896100739
2015-04-17,-0.0012546728100500948
2015-04-20,0.00032760566003675606
2015-04-21,0.0006950391820725876
2015-04-22,0.001276662795075545
2015-04-23,-0.001435014677523161
2015-04-24,0.0004187304483234122
2015-04-27,0.0002651090121348343
2015-04-28,2.706728173573758e-05
2015-04-29,-0.0008472324364147132
2015-04-30,-0.0001902660469189632
2015-05-01,0.0005146735194674346
2015-05-04,0.004894879079781145
2015-05-05,8.448125510263083e-06
2015-05-06,0.00523235634167607
2015-05-07,0.00270232009193605
2015-05-08,0.008641797304437704
2015-05-11,0.00040934343970433495
2015-05-12,-0.005412444168084063
2015-05-13,0.0013349072059540834
2015-05-14,0.008553092375944704
2015-05-15,0.003810782498813836
2015-05-18,-0.0026797263569003915
2015-05-19,0.0027124167956373846
2015-05-20,-6.817813188841892e-05
2015-05-21,0.001165193505935802
2015-05-22,0.0002737797608596271
2015-05-26,-0.0004982425433792681
2015-05-27,0.0040296331278906194
2015-05-28,-0.0013266371829041557
2015-05-29,-0.002191786589881839
2015-06-01,0.0018158976794591108
2015-06-02,-0.00021226123446604905
2015-06-03,0.000870807803949436
2015-06-04,-0.0004741947238877664
2015-06-05,-0.00014198003067533715
2015-06-08,-0.0003106203902596416
2015-06-09,0.00014853170404305338
2015-06-10,0.00030562193922056835
2015-06-11,-6.857498912471449e-05
2015-06-12,-0.0006163088782563664
2015-06-15,-0.0018630917119072388
2015-06-16,-0.0003827802636403588
2015-06-17,2.3650402326103048e-05
2015-06-18,0.0004386039052834967
2015-06-19,0.0005290784508773516
2015-06-22,8.161900121139709e-05
2015-06-23,0.0002470917724741728
2015-06-24,4.063172605461851e-05
2015-06-25,0.00019703575134433216
2015-06-26,-0.005911667419373323
2015-06-29,-0.0013649514329616697
2015-06-30,0.0009476072971621452
2015-07-01,0.001248080247637784
2015-07-02,0.00011110748048404062
2015-07-06,-0.0011663933211709665
2015-07-07,-0.0011682072650588404
2015-07-08,-0.0012538692771855153
2015-07-09,0.0014416133326076164
2015-07-10,0.001185295523593588
2015-07-13,0.00116642983565729
2015-07-14,0.005164591709504229
2015-07-15,0.0
2015-07-16,0.0
2015-07-17,0.0
2015-07-20,0.00020606974349157703
2015-07-21,-3.6099248730492306e-05
2015-07-22,-0.002544801104004013
2015-07-23,0.0013249070128975582
2015-07-24,4.6253799725226585e-05
2015-07-27,-0.0009849383041218296
2015-07-28,0.000982677583224456
2015-07-29,0.0005275950294341136
2015-07-30,-0.000932501466906932
2015-07-31,0.0005926023273459258
2015-08-03,0.0005538843294290441
2015-08-04,0.00031310946470064493
2015-08-05,0.0007711764111153485
2015-08-06,-8.472827327687948e-05
2015-08-07,-0.00037089742636964296
2015-08-10,0.0003373313204686479
2015-08-11,-0.000948606674097574
2015-08-12,-0.001551324104385965
2015-08-13,1.1653697398195106e-06
2015-08-14,-7.100355945244274e-05
2015-08-17,-0.0013148733797289092
2015-08-18,-0.0003963858971611778
2015-08-19,-0.0004888447806746798
2015-08-20,-0.001798236630616401
2015-08-21,-0.0011078281895107178
2015-08-24,-0.004586162432434371
2015-08-25,0.003691842717446825
2015-08-26,0.0
2015-08-27,0.0
2015-08-28,0.0
2015-08-31,-0.0005031667756455471
2015-09-01,-0.0030662249774211503
2015-09-02,0.001948987745798103
2015-09-03,0.001053788814874057
2015-09-04,-0.0018051123606493968
2015-09-08,0.0031507160676520485
2015-09-09,-0.010582580062243663
2015-09-10,0.0008312483530354964
2015-09-11,0.003681921533670529
2015-09-14,-0.0029896769194112105
2015-09-15,-0.0020917512703366725
2015-09-16,2.1096538585174684e-05
2015-09-17,0.0006271825426062971
2015-09-18,0.01215513059065465
2015-09-21,-0.0038565342470167074
2015-09-22,0.012162641145558428
2015-09-23,-0.001957402701626476
2015-09-24,0.007489548473092356
2015-09-25,-0.008676216267536785
2015-09-28,0.0030238048965314235
2015-09-29,-0.001965659443166956
2015-09-30,-0.011006210404922334
2015-10-01,-0.0029648739389877
2015-10-02,0.012288904596752248
2015-10-05,-0.004816611051301933
2015-10-06,0.0022635687816079386
2015-10-07,-0.004206908890471928
2015-10-08,0.0032334208104500828
2015-10-09,-0.001241786601960504
2015-10-12,-0.0006200016016657539
2015-10-13,0.003796315080183632
2015-10-14,0.0005741389652369477
2015-10-15,-0.0031594186141487013
2015-10-16,-0.001929230309857255
2015-10-19,0.0015518558012381778
2015-10-20,0.0010623418996458245
2015-10-21,-0.005317612711922548
2015-10-22,-0.007167581466854922
2015-10-23,-0.022904850000860733
2015-10-26,0.00023113782933292804
2015-10-27,0.0009114449232323629
2015-10-28,0.0010988396213473806
2015-10-29,-0.0021578767603100957
2015-10-30,0.0007842021844093328
2015-11-02,0.0011247414246320364
2015-11-03,-0.0015438073354998583
2015-11-04,0.0030965169901926437
2015-11-05,0.011066012946048032
2015-11-06,-0.0011838904022425378
2015-11-09,-0.006656306330730888
2015-11-10,-0.004545318050931835
2015-11-11,0.004355922187943451
2015-11-12,-0.00415428919312999
2015-11-13,-0.003872856726628293
2015-11-16,-0.0037051234263801858
2015-11-17,0.0030443158659718694
2015-11-18,0.005102767668061947
2015-11-19,0.003210283972631345
2015-11-20,0.008476609547511282
2015-11-23,0.0009875316007321722
2015-11-24,-0.008650114560492361
2015-11-25,0.003793289241192266
2015-11-27,0.0021668166074462203
2015-11-30,0.002328310349427154
2015-12-01,0.006472491332130348
2015-12-02,0.0012732592944435517
2015-12-03,0.004190846719051011
2015-12-04,0.0012760413135097792
2015-12-07,0.0017750085300083374
2015-12-08,-0.014409205797431879
2015-12-09,-0.0020725967504985343
2015-12-10,0.003840566394438083
2015-12-11,-0.01377141201360399
2015-12-14,0.0033837896758597275
2015-12-15,0.0091959505150081
2015-12-16,0.008262540683248831
2015-12-17,0.006369308154716258
2015-12-18,-0.004471400166985884
2015-12-21,0.00842611539946958
2015-12-22,0.004563488519839121
2015-12-23,0.005014949971733795
2015-12-24,0.00027748387806036945
2015-12-28,-0.00014837792949562445
2015-12-29,0.005599047078655328
2015-12-30,-0.0014268509133674723
2015-12-31,-0.0038299790436003844
2016-01-04,-0.025995566202371534
2016-01-05,0.0063103376827307045
2016-01-06,-0.01729462866485809
2016-01-07,-0.019376851078354296
2016-01-08,0.01182678121645786
2016-01-11,0.005036304223010379
2016-01-12,0.010640445019205691
2016-01-13,0.004708229806341002
2016-01-14,0.0017213990001805346
2016-01-15,-0.03682869707931902
2016-01-19,0.015004627845321084
2016-01-20,-0.014741323959172825
2016-01-21,0.004587121234350899
2016-01-22,0.003481936410235198
2016-01-25,0.0030435662249022055
2016-01-26,0.0021980517072450745
2016-01-27,0.004695529969124479
2016-01-28,0.036029848901363515
2016-01-29,-0.0007538566158602489
2016-02-01,0.004432625122944733
2016-02-02,0.0035162964625368165
2016-02-03,-0.0036479667823589024
2016-02-04,0.0024584562515512776
2016-02-05,0.0029449660670675115
2016-02-08,0.015039043990789258
2016-02-09,0.010495622388639436
2016-02-10,-0.009711574434287606
2016-02-11,0.009736847964746609
2016-02-12,-0.008252872615183371
2016-02-16,-0.011900764566873057
2016-02-17,-0.006769093599511389
2016-02-18,-0.0005313942490856594
2016-02-19,0.0035584742955978577
2016-02-22,-0.007341622766459555
2016-02-23,0.005010793161218441
2016-02-24,0.00944921064739912
2016-02-25,-0.0010040395544351766
2016-02-26,-0.005313557291825588
2016-02-29,0.0011450133584363087
2016-03-01,-0.007726769709382686
2016-03-02,0.0009266468746369494
2016-03-03,0.0012410283206589767
2016-03-04,0.0009317591584221407
2016-03-07,0.003319104767353087
2016-03-08,0.00588647586923341
2016-03-09,-0.002519158810949218
2016-03-10,-0.003978929250010088
2016-03-11,-0.008398139049208608
2016-03-14,0.0019585752011321844
2016-03-15,0.0032705085646174137
2016-03-16,0.0018860819124260075
2016-03-17,0.002984041415783123
2016-03-18,-0.0017371760256649216
2016-03-21,0.002090325661762371
2016-03-22,0.004085982982862113
2016-03-23,0.001159421515789516
2016-03-24,0.004657244260967142
2016-03-28,-0.002057116836878592
2016-03-29,0.0013245507317589666
2016-03-30,-0.004922644583401192
2016-03-31,0.0004955970576505653
2016-04-01,0.0041214322260501035
2016-04-04,-0.0014683099157242196
2016-04-05,6.038993047297048e-05
2016-04-06,-0.0003528982462098762
2016-04-07,0.0011887303193467424
2016-04-08,0.0013795260074949134
2016-04-11,-0.00043963142042913184
2016-04-12,0.0016028280927613547
2016-04-13,0.008532267845150265
2016-04-14,-0.0004027112883989714
2016-04-15,0.0001563719760342419
2016-04-18,-0.002213381638660583
2016-04-19,0.002996714276088941
2016-04-20,0.0014812593717883349
2016-04-21,0.0004841513561439914
2016-04-22,-0.01739973697309849
2016-04-25,-0.0038708635038212647
2016-04-26,0.0027783863783161777
2016-04-27,-0.004325721231001278
2016-04-28,0.02137457764134254
2016-04-29,0.009621677516411298
2016-05-02,0.0034464852464528573
2016-05-03,-0.008878965228920177
2016-05-04,-0.007535044986664352
2016-05-05,0.004362436808680092
2016-05-06,-0.0044054950263784365
2016-05-09,0.0010493222089151821
2016-05-10,0.006333171540340077
2016-05-11,-0.001022086780894771
2016-05-12,0.004724010994781702
2016-05-13,-0.00015269322736466417
2016-05-16,-0.0020829033435673106
2016-05-17,-0.0005351488287341777
2016-05-18,0.0030272239876871776
2016-05-19,-0.0039431812151839996
2016-05-20,0.004071541013168423
2016-05-23,0.0004133543914910387
2016-05-24,0.003172617711184822
2016-05-25,0.0025098029806551736
2016-05-26,0.0004770369682884912
2016-05-27,5.146956758039778e-05
2016-05-31,0.000465113630554681
2016-06-01,-0.0018645800543417579
2016-06-02,-0.0010059738067823565
2016-06-03,0.0002483015139103095
2016-06-06,0.0008983241305422496
2016-06-07,0.003164868636063911
2016-06-08,0.0017553726409305082
2016-06-09,-0.005007748364848741
2016-06-10,-0.009762634796947833
2016-06-13,-0.004896395353090055
2016-06-14,-0.0001254595142022863
2016-06-15,0.00243668869047009
2016-06-16,-0.0042531278279175355
2016-06-17,-8.702964049522866e-05
2016-06-20,0.011475810408773102
2016-06-21,0.0035273062515359666
2016-06-22,-0.003981441237603911
2016-06-23,0.006419083681697302
2016-06-24,-0.039251198904182494
2016-06-27,-0.008949485132049961
2016-06-28,0.013496630463043946
2016-06-29,0.00918931303271342
2016-06-30,0.003391641936871581
2016-07-01,-0.0028336252017741037
2016-07-05,-0.006604657631905875
2016-07-06,-0.005186168474828334
2016-07-07,0.0007924729131185693
2016-07-08,0.006506458113040292
2016-07-11,0.005734919490389734
2016-07-12,0.004734725666711848
2016-07-13,0.00243905550330914
2016-07-14,0.005898325676072513
2016-07-15,0.0037022768247274573
2016-07-18,0.0021366253974721694
2016-07-19,-0.003328217874382089
2016-07-20,0.005209043136280345
2016-07-21,-0.0001893400334155304
2016-07-22,0.0020370603306578694
2016-07-25,0.0026047663236781204
2016-07-26,0.003497107445574965
2016-07-27,0.004309966192322046
2016-07-28,0.005251477918609249
2016-07-29,0.002343624766340424
2016-08-01,0.0010403502047180435
2016-08-02,-0.0014858525220736718
2016-08-03,-0.002141200459590986
2016-08-04,0.0008534657748906493
2016-08-05,0.007747174707181559
2016-08-08,0.0004911173571349181
2016-08-09,0.0022360116551727316
2016-08-10,0.00018060168637590301
2016-08-11,0.0025057373053358756
2016-08-12,-0.000635403364232956
2016-08-15,0.0016103092265080665
2016-08-16,-0.0013129617586522535
2016-08-17,0.0003534079781344346
2016-08-18,0.0003861877827184834
2016-08-19,-0.00019445704320475432
2016-08-22,-0.0007175636614608072
2016-08-23,0.004140101631171289
2016-08-24,0.00034413430581370363
2016-08-25,-0.0007444603083838208
2016-08-26,0.0016569733621636384
2016-08-29,0.0007400166316950951
2016-08-30,0.0008014254384904884
2016-08-31,-0.0011788277788743473
2016-09-01,0.0010012263365939411
2016-09-02,0.003890575980755706
2016-09-06,0.0016792826385376713
2016-09-07,-0.00019793298919135172
2016-09-08,-0.0020564054084065697
2016-09-09,-0.005662989517294159
2016-09-12,-0.005183503223649466
2016-09-13,-0.004723103347276214
2016-09-14,-0.000748321520406936
2016-09-15,0.0006867621127120138
2016-09-16,0.002791804103285722
2016-09-19,0.004402800681344132
2016-09-20,0.004168051843141951
2016-09-21,0.005233216236419036
2016-09-22,0.005124147377628896
2016-09-23,-0.0043213260097583195
2016-09-26,-0.005134889093630024
2016-09-27,0.0012823108212645096
2016-09-28,0.002625088148812127
2016-09-29,-0.0005992991624208521
2016-09-30,0.003460139812787588
2016-10-03,0.000337640528313754
2016-10-04,0.002618138716247387
2016-10-05,0.0028034202033064837
2016-10-06,-0.0013421966498714522
2016-10-07,0.0021184744525537536
2016-10-10,0.0043194606405121405
2016-10-11,-0.00184980395202905
2016-10-12,0.00018922307239321867
2016-10-13,-0.006757234308821802
2016-10-14,0.006490799388431112
2016-10-17,0.0003584531356781717
2016-10-18,0.009399088890419627
2016-10-19,-0.0017782400246050267
2016-10-20,-0.0031199829220739383
2016-10-21,-0.003502434235549856
2016-10-24,0.005259379936622954
2016-10-25,0.00024829050381036666
2016-10-26,-0.0018446747268723307
2016-10-27,0.007949868468962729
2016-10-28,-0.00562468033522745
2016-10-31,0.004513878400753679
2016-11-01,0.0037216581983690045
2016-11-02,-0.0004569636941627042
2016-11-03,0.0024713826145390527
2016-11-04,-0.00923032883682795
2016-11-07,0.01841664779459995
2016-11-08,-0.0005322237864404666
2016-11-09,-0.02034019708559609
2016-11-10,0.004486224094641278
2016-11-11,0.0017643110777101345
2016-11-14,0.0021292699791040093
2016-11-15,0.009479085416653987
2016-11-16,-0.0017989441403103434
2016-11-17,0.003381547998595469
2016-11-18,0.0018158508438275156
2016-11-21,0.005140210984904137
2016-11-22,0.00594544690009946
2016-11-23,-0.002815640302035849
2016-11-25,0.0023454579815691545
2016-11-28,-0.0025248820991096155
2016-11-29,-0.0005901719565095664
2016-11-30,0.0013440911283963963
2016-12-01,-0.00019879732692529295
2016-12-02,-0.003444738914231249
2016-12-05,0.005544266957975719
2016-12-06,0.003825911888768463
2016-12-07,0.00016830357936670204
2016-12-08,0.002296462684298284
2016-12-09,0.004428508476182591
2016-12-12,-0.004086605801364218
2016-12-13,0.005591231741344682
2016-12-14,0.0005312215302453183
2016-12-15,0.001208155511368325
2016-12-16,0.005687881842386888
2016-12-19,0.0013823142961668644
2016-12-20,0.0060965807799346905
2016-12-21,0.00019958120785190658
2016-12-22,0.004206384706098465
2016-12-23,-0.0035241341711581553
2016-12-27,0.004025002758561103
2016-12-28,0.005275137787661199
2016-12-29,-0.006289055014577993
2016-12-30,0.002225932812482956
2017-01-03,0.003920417571726675
2017-01-04,0.002488309790568355
2017-01-05,-0.0004366961898193411
2017-01-06,0.002736793309062735
2017-01-09,0.0006923891527312875
2017-01-10,0.0012566308082968547
2017-01-11,-0.0010397715924256312
2017-01-12,-0.004871997919561832
2017-01-13,0.000980877559672244
2017-01-17,-0.003707674719948262
2017-01-18,-0.000498874962168272
2017-01-19,0.0030806539983003756
2017-01-20,0.005128332041025585
2017-01-23,-0.0014508765233094412
2017-01-24,0.0023399274282385196
2017-01-25,0.008255539390335631
2017-01-26,0.003876012457251665
2017-01-27,0.004141485455324556
2017-01-30,-0.0052982675679398294
2017-01-31,-0.004885488076188271
2017-02-01,0.013159842850593906
2017-02-02,-0.003641531371038176
2017-02-03,-0.004131524391399299
2017-02-06,-0.0006342559736901565
2017-02-07,0.004905040468242694
2017-02-08,-0.0007930397876008133
2017-02-09,0.00393684651580517
2017-02-10,0.0071703769341755486
2017-02-13,0.003858867815492051
2017-02-14,-0.0017652270825928573
2017-02-15,-0.0015307202444814205
2017-02-16,0.0008794421430735611
2017-02-17,-0.0040009514567972415
2017-02-21,0.0048763308487200785
2017-02-22,0.0013645984328818361
2017-02-23,-0.004303956428059252
2017-02-24,-0.009804076816910312
2017-02-27,-0.0031522941814355887
2017-02-28,0.0026088628900315936
2017-03-01,0.012298571460845453
2017-03-02,-0.0018244148112005476
2017-03-03,-0.0016888164447266263
2017-03-06,-0.005876554654401955
2017-03-07,-0.0014663504041563247
2017-03-08,0.002182694122178974
2017-03-09,-0.00022310932140967576
2017-03-10,0.006821316853623305
2017-03-13,0.003403692065298003
2017-03-14,-0.002339380512453415
2017-03-15,0.0014311207077479793
2017-03-16,0.0032830423844403267
2017-03-17,0.0020247473205565747
2017-03-20,0.001970097036706253
2017-03-21,0.002614080705584554
2017-03-22,-0.0005844863576975889
2017-03-23,-0.0010367379618054784
2017-03-24,0.012333803338753668
2017-03-27,-0.01087562721970714
2017-03-28,0.002038387208224579
2017-03-29,0.00024590412019631636
2017-03-30,0.0007207099134773909
2017-03-31,-0.0006777932190087377
2017-04-03,0.0025161461780385252
2017-04-04,-0.00837128053819558
2017-04-05,0.000814121827527936
2017-04-06,-0.00124564167164265
2017-04-07,-0.00014607816639911064
2017-04-10,0.0022611589496610573
2017-04-11,-0.002376014702813456
2017-04-12,-0.0014355095961195996
2017-04-13,-0.001992364521382073
2017-04-17,0.0035343703353389877
2017-04-18,-0.004192409518117279
2017-04-19,0.006125470500316421
2017-04-20,0.0062073120035848195
2017-04-21,-0.00027524913952436947
2017-04-24,0.012417504637613597
2017-04-25,0.004449165959573342
2017-04-26,-0.00013045479209605748
2017-04-27,0.004161728508441431
2017-04-28,0.009310718003139096
2017-05-01,0.004588497678155168
2017-05-02,-0.0038451144890589983
2017-05-03,-0.0030609522300231173
2017-05-04,-7.1845572988671336e-06
2017-05-05,0.003373645654842772
2017-05-08,0.0018861522208231118
2017-05-09,0.003720458803243787
2017-05-10,0.006490189960869808
2017-05-11,-0.004517316037517927
2017-05-12,0.004433414797546886
2017-05-15,-0.0007384495532146707
2017-05-16,0.005239586913802663
2017-05-17,-0.01504218877939878
2017-05-18,0.0016003421898822534
2017-05-19,0.009898704692801852
2017-05-22,0.006806440927311419
2017-05-23,0.003801845717891883
2017-05-24,0.00799318174408925
2017-05-25,0.00597573780577032
2017-05-26,-3.306220424759143e-05
2017-05-30,0.0016288954568075553
2017-05-31,0.00625875044455948
2017-06-01,0.0046090886966727584
2017-06-02,0.0026886870012581277
2017-06-05,-0.0026314572810933745
2017-06-06,-0.0019728940399560413
2017-06-07,0.005725762173969695
2017-06-08,0.009895963774566807
2017-06-09,0.009569608533396057
2017-06-12,-0.015749972736527784
2017-06-13,0.01745881776486269
2017-06-14,0.006536849361031605
2017-06-15,-0.02208247039152944
2017-06-16,0.007670115965318525
2017-06-19,0.016953248348363648
2017-06-20,0.007316972916111553
2017-06-21,0.009042665871732636
2017-06-22,0.0018933426793472652
2017-06-23,-0.00028882242981176365
2017-06-26,0.0068850594102634055
2017-06-27,-0.0046339988057085835
2017-06-28,0.009757581305670726
2017-06-29,-0.006856439837390371
2017-06-30,0.007135629543683741
2017-07-03,0.008926017810658271
2017-07-05,0.005945443527234806
2017-07-06,-0.012831653682305877
2017-07-07,0.008937572493303847
2017-07-10,0.006691536801638476
2017-07-11,-0.0008074728025021516
2017-07-12,0.0107496877092641
2017-07-13,0.0013512174056014015
2017-07-14,0.0024752299959129864
2017-07-17,0.0023307509914156643
2017-07-18,-0.003104508060809419
2017-07-19,0.004143778448126856
2017-07-20,0.0035157013187745445
2017-07-21,-0.004617690787895645
2017-07-24,0.002063188307213304
2017-07-25,-0.0014047793674329956
2017-07-26,0.008170655026750628
2017-07-27,0.014706968195364656
2017-07-28,-0.009585152401983765
2017-07-31,0.001538658649236524
2017-08-01,0.003555262748574428
2017-08-02,0.004265629021164452
2017-08-03,0.008460445650726012
2017-08-04,0.001568524840683816
2017-08-07,0.003120097929802057
2017-08-08,0.0023832738504463435
2017-08-09,-0.014102062090869172
2017-08-10,-0.00692437667103063
2017-08-11,-0.002314147873625494
2017-08-14,0.014764657688820293
2017-08-15,0.004185780696539743
2017-08-16,0.0027867649859605326
2017-08-17,-0.0036823779371965015
2017-08-18,0.003360051582022905
2017-08-21,0.0005117210907776837
2017-08-22,0.006694931864638987
2017-08-23,-0.006987179580125291
2017-08-24,0.0032750248774142676
2017-08-25,0.003744102842359265
2017-08-28,0.002608529768027612
2017-08-29,-0.011224482492340981
2017-08-30,0.003620656391693622
2017-08-31,0.002903816026650796
2017-09-01,0.0029725964910745084
2017-09-05,-0.005692639846907932
2017-09-06,0.0037495492321939494
2017-09-07,0.002524208855682497
2017-09-08,-0.0015766559316914286
2017-09-11,0.010255090389818866
2017-09-12,0.004240870468441793
2017-09-13,-0.0015590199788395598
2017-09-14,-0.004227692126805294
2017-09-15,0.0019825864653855163
2017-09-18,0.00587190733914178
2017-09-19,0.0005061299254853768
2017-09-20,-0.0009476911670831534
2017-09-21,-0.0026558650645222004
2017-09-22,-0.005682867527612379
2017-09-25,-0.005459801496272121
2017-09-26,0.011499500256410444
2017-09-27,0.011866362395543284
2017-09-28,-0.0011629341559041828
2017-09-29,0.003709041959459869
2017-10-02,0.004019226113351593
2017-10-03,-0.0007425950560959738
2017-10-04,-0.00011802924303883078
2017-10-05,0.004399215882943341
2017-10-06,-0.0051129276828072445
2017-10-09,0.0009734572044290957
2017-10-10,0.009091789507187809
2017-10-11,-0.0007704503953852582
2017-10-12,-0.0009943448519175169
2017-10-13,0.006928212291938518
2017-10-16,0.0036109453535915215
2017-10-17,-0.0015993211288558573
2017-10-18,0.0027839622254419716
2017-10-19,-0.006994370009474782
2017-10-20,0.007265950380457076
2017-10-23,0.004097572515418646
2017-10-24,0.0022020148072630086
2017-10-25,-0.00479567427265426
2017-10-26,0.004736252472130609
2017-10-27,0.018551256803074567
2017-10-30,-0.0022196635425990596
2017-10-31,0.002050336992272195
2017-11-01,0.005409562369005139
2017-11-02,-0.0031496788493335925
2017-11-03,0.0071685931030758265
2017-11-06,0.0001756992612198527
2017-11-07,0.001507902563229191
2017-11-08,-0.00047220614625542723
2017-11-09,-0.009510639733425696
2017-11-10,0.0009628622959585442
2017-11-13,-0.005145112638544669
2017-11-14,-0.002813526001865796
2017-11-15,-0.008018340615964958
2017-11-16,0.00849880487532495
2017-11-17,0.0024029187391467755
2017-11-20,0.0015409828865562414
2017-11-21,0.006687324838926756
2017-11-22,0.0018222445438835777
2017-11-24,0.0015771295875897096
2017-11-27,-0.0005410355139782164
2017-11-28,0.003636095889765878
2017-11-29,-0.0028702685425834318
2017-11-30,0.006894538137851347
2017-12-01,-0.007427050400634849
2017-12-04,0.00845688483223106
2017-12-05,-0.005945022836142955
2017-12-06,-0.006693955125247508
2017-12-07,0.006219549164062643
2017-12-08,0.010613790761327735
2017-12-11,0.001528656850109611
2017-12-12,-0.0038459826190412327
2017-12-13,0.0052220315802895545
2017-12-14,0.0011240811334496392
2017-12-15,0.006434533271742149
2017-12-18,0.008914505997489774
2017-12-19,-0.0022614977236588008
2017-12-20,0.009601222671864251
2017-12-21,0.0002835156212368517
2017-12-22,-0.0031462074659358574
2017-12-26,-0.010485088706857604
2017-12-27,0.0008179857434778004
2017-12-28,0.004346922411782694
2017-12-29,-0.0007979951376247962
2018-01-02,0.007441033007134612
2018-01-03,0.004111870275510521
2018-01-04,0.004460218812856187
2018-01-05,0.004148862066431169
2018-01-08,0.0010566281800445942
2018-01-09,0.002264243236792307
2018-01-10,-0.00766472028860099
2018-01-11,0.0035604145774827956
2018-01-12,-0.0038858010326472403
2018-01-16,0.008723842702842877
2018-01-17,0.005324930343344025
2018-01-18,0.00016701810267472084
2018-01-19,0.005516777207676071
2018-01-22,-0.0004744302141359569
2018-01-23,0.012035312726978331
2018-01-24,0.0012159235234878718
2018-01-25,0.00897032145609189
2018-01-26,0.009625047133910769
2018-01-29,-0.0025034181830011493
2018-01-30,-0.015326627997946374
2018-01-31,0.00915938092810098
2018-02-01,-0.01069828894535041
2018-02-02,0.005287734210691841
2018-02-05,-0.015631732938542697
2018-02-06,-0.019609275075215038
2018-02-07,0.00030823473334939955
2018-02-08,0.007807711924032068
2018-02-09,0.027326094226913344
2018-02-12,0.013119607085043672
2018-02-13,-0.003329621531469096
2018-02-14,-0.005748441651321934
2018-02-15,0.01054650505722532
2018-02-16,-0.003575083478179697
2018-02-20,-0.0024034872690479325
2018-02-21,0.009308130318402386
2018-02-22,0.007663535873632554
2018-02-23,0.010787870751282735
2018-02-26,0.007244914995469864
2018-02-27,-0.0001506688875225759
2018-02-28,0.005359337734510916
2018-03-01,0.0009358057175516965
2018-03-02,-0.018190342466150367
2018-03-05,-0.004813642968733212
2018-03-06,0.010526730207131685
2018-03-07,-0.010628594687810411
2018-03-08,0.004495810468206463
2018-03-09,0.009024293255146087
2018-03-12,0.00825582556820903
2018-03-13,0.012347331860612432
2018-03-14,0.0050851626946144535
2018-03-15,0.0021330494528197796
2018-03-16,0.004766395460839679
2018-03-19,-0.008752111283075403
2018-03-20,0.0015139344849892655
2018-03-21,-7.44024176823066e-05
2018-03-22,-0.01251370354613357
2018-03-23,-0.0034581016186452374
2018-03-26,0.026924495443271246
2018-03-27,0.007650345421822635
2018-03-28,-0.012678545126681429
2018-03-29,0.0017909575129080313
2018-04-02,-0.01302729434244887
2018-04-03,0.015504039009395898
2018-04-04,-0.030582236936545937
2018-04-05,0.008716279049841624
2018-04-06,-0.018176893826658547
2018-04-09,0.011844671605170554
2018-04-10,0.02493894934532337
2018-04-11,-0.00045190152423046914
2018-04-12,0.011092441989321022
2018-04-13,0.008318299146175878
2018-04-16,0.007758984236338806
2018-04-17,0.017831509163144244
2018-04-18,-0.0008124072177679853
2018-04-19,-0.0042608932708928515
2018-04-20,-0.00019810038860146317
2018-04-23,0.006936028108418313
2018-04-24,0.008897240679282437
2018-04-25,1.0573139280989352e-05
2018-04-26,0.018295116821297697
2018-04-27,0.03465026320047948
2018-04-30,0.0
2018-05-01,0.0
2018-05-02,0.0
2018-05-03,-9.414727249579258e-05
2018-05-04,-0.0011930691463255538
2018-05-07,0.0025390164866767595
2018-05-08,-0.0002922575376975711
2018-05-09,0.0007618319192943535
2018-05-10,0.0015760559367707927
2018-05-11,-0.003276296105688581
2018-05-14,0.002784770895030153
2018-05-15,-0.000480443467190117
2018-05-16,0.0016351583622975507
2018-05-17,-0.0008676012281155776
2018-05-18,-0.00011895951092288914
2018-05-21,0.0058652478758773885
2018-05-22,0.004709098990588911
2018-05-23,-0.0013176396758589615
2018-05-24,9.241076264920878e-05
2018-05-25,-0.0005019355454560781
2018-05-29,-0.0008363565375207882
2018-05-30,0.002450475290094012
2018-05-31,-0.0054585237793907115
2018-06-01,0.0033260385477504872
2018-06-04,0.000226504228554969
2018-06-05,0.0034881545232465783
2018-06-06,0.00036182832566700185
2018-06-07,0.0021733621457620256
2018-06-08,-0.006581513406162975
2018-06-11,-0.00020991333341302543
2018-06-12,0.003025073073514184
2018-06-13,0.0007941474208752464
2018-06-14,0.005994384010711951
2018-06-15,-0.004743685315050317
2018-06-18,-0.007328612768547793
2018-06-19,-0.011551600265218842
2018-06-20,0.007996300621810448
2018-06-21,0.009542187907701782
2018-06-22,0.0055279494353785985
2018-06-25,-0.012213788884328447
2018-06-26,0.008978170657659712
2018-06-27,0.008202668322044415
2018-06-28,0.001499000337226164
2018-06-29,0.008151080470601979
2018-07-02,-0.010739256044472567
2018-07-03,0.004378794940606889
2018-07-05,0.008275792683287708
2018-07-06,-0.0011409143757552531
2018-07-09,0.009464882578431588
2018-07-10,0.0011579053222880997
2018-07-11,-0.010113127218789653
2018-07-12,0.004985213109902631
2018-07-13,-0.0002916663572909428
2018-07-16,0.002978042309968565
2018-07-17,-0.02471290174003138
2018-07-18,0.002384637404108325
2018-07-19,-0.005435869389156411
2018-07-20,0.004225000861913131
2018-07-23,-0.004235036604997022
2018-07-24,0.00909159726434594
2018-07-25,0.00017745090596643642
2018-07-26,-0.003926381828215142
2018-07-27,0.011364594689659446
2018-07-30,0.0005368706422119729
2018-07-31,0.002453081261461376
2018-08-01,0.005126970194590186
2018-08-02,-0.005843881297310616
2018-08-03,0.002202126628578771
2018-08-06,0.00017048426521881765
2018-08-07,0.003732552016456614
2018-08-08,-0.0005834183404941351
2018-08-09,0.0010976082336089377
2018-08-10,-0.006505365127057128
2018-08-13,0.001690475614099629
2018-08-14,0.0073044683308778335
2018-08-15,-0.006156875461691191
2018-08-16,0.009920066646107228
2018-08-17,-0.003972666324803975
2018-08-20,0.001581826098508321
2018-08-21,0.004391533099848521
2018-08-22,-0.0024551357380268035
2018-08-23,0.0012218000815134022
2018-08-24,0.0074341096192713785
2018-08-27,0.009132129577196224
2018-08-28,0.004636452284064285
2018-08-29,0.0006776285014065131
2018-08-30,-0.0020131121087585413
2018-08-31,0.001114316801108295
2018-09-04,0.0013666179311251359
2018-09-05,0.003097288938553433
2018-09-06,-0.0025826618295486936
2018-09-07,-0.0030288089813585994
2018-09-10,0.00370362171400207
2018-09-11,-0.0019409420129475885
2018-09-12,-0.0042530986772820745
2018-09-13,0.005779113809803338
2018-09-14,0.005623672863972917
2018-09-17,-0.004975364073338762
2018-09-18,0.0032354586568579258
2018-09-19,-0.0015172969623900023
2018-09-20,0.004538422131007636
2018-09-21,-0.0015165688792233567
2018-09-24,-0.00047046061307243203
2018-09-25,0.003451347702120078
2018-09-26,-0.001530157683891642
2018-09-27,-0.0012402875369639244
2018-09-28,-0.001017857780665432
2018-10-01,0.000423233981364568
2018-10-02,-0.0035578996224794324
2018-10-03,0.004382197667402332
2018-10-04,-0.005446630282488596
2018-10-05,0.0009967589752064576
2018-10-08,-0.010624630896907905
2018-10-09,-0.0025475097937613933
2018-10-10,-0.005698832621491179
2018-10-11,-0.01053849624234493
2018-10-12,0.04248714061033487
2018-10-15,0.0
2018-10-16,0.0
2018-10-17,0.0
2018-10-18,-0.007331258071216706
2018-10-19,0.009287668904703672
2018-10-22,0.008378859741201783
2018-10-23,-0.027194938657092993
2018-10-24,-0.0003124245451376906
2018-10-25,-0.0018244113086272051
2018-10-26,-0.04649676496163335
2018-10-29,0.015522945637467478
2018-10-30,-0.017955622439193575
2018-10-31,0.02472206855350123
2018-11-01,0.00907477988735983
2018-11-02,0.0008923230441175711
2018-11-05,-0.0011018022985140874
2018-11-06,-0.0017406955312156969
2018-11-07,0.004642634939089341
2018-11-08,-0.0018067645570464252
2018-11-09,-0.004146154937108015
2018-11-12,-0.00436782524664836
2018-11-13,0.0028439048192268057
2018-11-14,0.0060127306301474
2018-11-15,0.0015969729658624754
2018-11-16,-0.01485500742123802
2018-11-19,0.002617148204065556
2018-11-20,0.0060065229123973385
2018-11-21,-0.004480057305949137
2018-11-23,0.007461890164423446
2018-11-26,-0.012765577550657103
2018-11-27,0.004505755997551653
2018-11-28,-0.0008839514671755699
2018-11-29,0.002558180661841547
2018-11-30,-0.0017226137573658207
2018-12-03,-0.008863394818238834
2018-12-04,0.004664913355779898
2018-12-06,0.018263851831430644
2018-12-07,0.004279283537204748
2018-12-10,-0.0004177723456088023
2018-12-11,-0.008877859976121227
2018-12-12,-0.010650957368975478
2018-12-13,-0.002918757928626281
2018-12-14,0.007809364822247256
2018-12-17,0.0032729271425893103
2018-12-18,-0.004489483354891632
2018-12-19,-0.0015244449929832093
2018-12-20,0.0026912144121251647
2018-12-21,-0.0014542291237990002
2018-12-24,0.002588370527211392
2018-12-26,-0.0071186569549603895
2018-12-27,0.007382593156665118
2018-12-28,-0.0038668738765638144
2018-12-31,-0.005918229061014357
2019-01-02,0.013924320268121848
2019-01-03,0.00862992961752762
2019-01-04,-0.009792284466989432
2019-01-07,0.0020608901706995475
2019-01-08,-0.004101749929340981
2019-01-09,0.00020630182421399468
2019-01-10,0.004764646309290521
2019-01-11,0.0035413702088100685
2019-01-14,0.004464102824458749
2019-01-15,-0.0019445162088702617
2019-01-16,-0.0009729873515684773
2019-01-17,0.0013611455894979585
2019-01-18,-0.004098896154789755
2019-01-22,0.004007861507212329
2019-01-23,-0.0019115912885218078
2019-01-24,0.0015692938530060818
2019-01-25,-0.006034152599906473
2019-01-28,-0.006292715475998301
2019-01-29,-0.0006654357994194671
2019-01-30,-0.0008381102841151788
2019-01-31,-0.00502943640325304
2019-02-01,0.004548351641053605
2019-02-04,-0.0007079066871481521
2019-02-05,0.00021244294942257547
2019-02-06,0.0025799849948469067
2019-02-07,-0.001280839206522888
2019-02-08,-0.004409941882250856
2019-02-11,0.003746657127762454
2019-02-12,0.0020497027143127067
2019-02-13,-0.0015320010860407907
2019-02-14,-0.002071847445175301
2019-02-15,-0.0007270171610294085
2019-02-19,-0.0007747952070468189
2019-02-20,0.0015406532251462934
2019-02-21,0.0016677428832931884
2019-02-22,0.0031160640975462783
2019-02-25,0.0010093628362497498
2019-02-26,-0.00127836171241702
2019-02-27,0.002740032124397773
2019-02-28,0.0010526248257101134
2019-03-01,-0.0011111347242893643
2019-03-04,-0.0009173861915071635
2019-03-05,-0.0009653324733593927
2019-03-06,0.0002835194921815276
2019-03-07,-0.0005246418448443535
2019-03-08,-0.008239121278066364
2019-03-11,0.0024176030714770924
2019-03-12,0.00019454111073824443
2019-03-13,0.0017436591714199423
2019-03-14,0.0009459928517114857
2019-03-15,0.0007292615995331264
2019-03-18,0.0009194621974406569
2019-03-19,0.0026797440309194176
2019-03-20,0.0014052381313447437
2019-03-21,-0.0015170433713254106
2019-03-22,-0.003972571259636237
2019-03-25,-0.0035385040714233096
2019-03-26,0.007349427565168876
2019-03-27,0.0006675872471531008
2019-03-28,0.004533236903854654
2019-03-29,0.004966508775076317
2019-04-01,0.008555181893075803
2019-04-02,-6.0457483890274943e-05
2019-04-03,0.00468322486531525
2019-04-04,-0.007425722376039001
2019-04-05,0.0026551501522140697
2019-04-08,-0.0006232273553076206
2019-04-09,-0.003900523317895588
2019-04-10,0.002253745205480273
2019-04-11,-0.000974355765385293
2019-04-12,0.002013278194369361
2019-04-15,0.00038068612218866704
2019-04-16,0.003385108354700961
2019-04-17,0.004534714456928546
2019-04-18,0.001212749071913377
2019-04-22,-0.003004639643967688
2019-04-23,-3.8382472776432586e-05
2019-04-24,0.0007347077363029086
2019-04-25,0.0026079255740818486
2019-04-26,-0.0034237857314302067
2019-04-29,2.755063100723376e-05
2019-04-30,5.980553012108203e-05
2019-05-01,0.002036065229324313
2019-05-02,0.00037627242631810276
2019-05-03,0.010487731387222698
2019-05-06,-0.02382846624623114
2019-05-07,-0.008563973420172899
2019-05-08,-0.0033669027409066743
2019-05-09,-0.010774752454932757
2019-05-10,-0.0033029138846727424
2019-05-13,-0.027274464485760208
2019-05-14,0.007677079846889923
2019-05-15,-0.00594648682312604
2019-05-16,-2.9223103510611637e-05
2019-05-17,-0.009610104398737107
2019-05-20,-0.015517736381234548
2019-05-21,0.01179854858850482
2019-05-22,-0.008245056836730713
2019-05-23,-0.013653124826421115
2019-05-24,0.007946497635891614
2019-05-28,0.00609952376416012
2019-05-29,-0.006065424649707496
2019-05-30,0.003486506612564444
2019-05-31,-0.01389823128641976
2019-06-03,0.001421186923627138
2019-06-04,0.003871607754126094
2019-06-05,0.003241997556414633
2019-06-06,0.0010878062015065026
2019-06-07,0.0007473505488162502
2019-06-10,0.004877727274703814
2019-06-11,0.0034946622371299085
2019-06-12,-0.0027056939827307946
2019-06-13,0.0013826375541898805
2019-06-14,-0.006220060299455654
2019-06-17,-0.000417223342816464
2019-06-18,0.0030965948060914794
2019-06-19,0.0014253849186018908
2019-06-20,0.004844721557673459
2019-06-21,-0.0014716436009361011
2019-06-24,0.001037774372979694
2019-06-25,0.00020327025769484308
2019-06-26,0.007530781522653962
2019-06-27,0.0
2019-06-28,0.0
2019-07-01,0.0
2019-07-02,-0.0015766211852136225
2019-07-03,0.001099574940033099
2019-07-05,-0.008774792113465102
2019-07-08,-0.005297081033933337
2019-07-09,-0.004208078678151206
2019-07-10,0.007114603022838395
2019-07-11,0.003781400149342362
2019-07-12,0.0012833243718268772
2019-07-15,0.002797829729449086
2019-07-16,-0.0017500635609770665
2019-07-17,0.00244677625770251
2019-07-18,-0.009649841990518326
2019-07-19,0.006915021173559133
2019-07-22,0.00480458370781256
2019-07-23,0.004567278357326954
2019-07-24,-0.0033525935344951296
2019-07-25,-0.001849651474258751
2019-07-26,-0.0007936182441022899
2019-07-29,-0.002081714157786796
2019-07-30,-0.007318009758193189
2019-07-31,-0.003784645995085434
2019-08-01,0.00078612121917776
2019-08-02,-0.006735706011774867
2019-08-05,-0.021032216593645403
2019-08-06,0.010924639182015916
2019-08-07,-0.007962592997097562
2019-08-08,0.010263634316299397
2019-08-09,-0.005326022288598686
2019-08-12,-0.00642082935349253
2019-08-13,0.0009823706277400923
2019-08-14,-0.018961676025031182
2019-08-15,0.002956578564121015
2019-08-16,0.012535843419194226
2019-08-19,0.016634660917813404
2019-08-20,-0.001564776289360803
2019-08-21,0.009957099638522982
2019-08-22,0.0021695304129454307
2019-08-23,-0.008455176534257425
2019-08-26,0.012988975197769426
2019-08-27,0.007071413877246302
2019-08-28,-0.003951342765192045
2019-08-29,0.013319244408421582
2019-08-30,0.00585889423082353
2019-09-03,-0.008434497434167909
2019-09-04,0.011235975408373067
2019-09-05,0.014148545231710719
2019-09-06,0.0008386495563195151
2019-09-09,0.00479878270554579
2019-09-10,-0.005712796849765001
2019-09-11,0.0002527244043595278
2019-09-12,0.007628982152472208
2019-09-13,-0.0030414134559293426
2019-09-16,-0.008114620953180496
2019-09-17,0.0011389336978486764
2019-09-18,-0.0011576214845937516
2019-09-19,0.002196747825933709
2019-09-20,0.0010191128178469455
2019-09-23,-0.0012793290091808185
2019-09-24,0.0058439736362452255
2019-09-25,9.139826053172762e-05
2019-09-26,-0.0010873266688146144
2019-09-27,-9.959870013842576e-05
2019-09-30,0.003949731125310274
2019-10-01,0.004737252115677215
2019-10-02,-0.005305847492985238
2019-10-03,0.0009044886303541944
2019-10-04,0.006214020597127723
2019-10-07,-0.002309638562446925
2019-10-08,-0.006535262402477371
2019-10-09,0.009398665883355806
2019-10-10,0.0010234521268601693
2019-10-11,0.009632908369322957
2019-10-14,-0.00204745664542072
2019-10-15,0.003220675890472924
2019-10-16,-0.006001152972710422
2019-10-17,0.004845445350605271
2019-10-18,-0.0011705059178818145
2019-10-21,0.0053792353887482935
2019-10-22,0.0021826924912344836
2019-10-23,-0.002807138700562928
2019-10-24,0.006654805810601294
2019-10-25,0.0002705412289658593
2019-10-28,0.005220245220302067
2019-10-29,0.00046767911310796606
2019-10-30,0.002704357403473523
2019-10-31,0.004798421762441274
2019-11-01,0.003840733650557704
2019-11-04,0.00715135927045174
2019-11-05,0.0017403000385225464
2019-11-06,-0.0009941611859930477
2019-11-07,0.006339809380389916
2019-11-08,-0.002531587053201889
2019-11-11,-0.0028785355730868156
2019-11-12,0.002093906554167191
2019-11-13,-0.001233185055487751
2019-11-14,-0.0014416023880863271
2019-11-15,0.006731273011547856
2019-11-18,-0.000540888249660143
2019-11-19,0.003054334639229994
2019-11-20,-0.004068975588248813
2019-11-21,-0.0014715330375379976
2019-11-22,-0.0018538609488160107
2019-11-25,0.008522655944418478
2019-11-26,-0.00046239121525604165
2019-11-27,0.00474235870754014
2019-11-29,-0.0031577888101936846
2019-12-02,0.0002692190468058797
2019-12-03,-0.01605387287589588
2019-12-04,0.006617341079246497
2019-12-05,0.003534108419356974
2019-12-06,0.008861949818370851
2019-12-09,-0.0012182178024238155
2019-12-10,0.002474562361837407
2019-12-11,0.0018360589990153997
2019-12-12,-0.002063208568532593
2019-12-13,-0.0005535709629485019
2019-12-16,0.0077077837310008945
2019-12-17,0.0014261174691305722
2019-12-18,0.0012456860286664817
2019-12-19,0.0032382811216624674
2019-12-20,0.008379924021194807
2019-12-23,0.004642797688264588
2019-12-24,0.0015081405561205852
2019-12-26,0.0025229887557407515
2019-12-27,0.004475918066097373
2019-12-30,-0.001244007095335009
2019-12-31,-0.0060150636405492675
2020-01-02,0.010103425611879713
2020-01-03,-0.010389418357424907
2020-01-06,-0.009994288676595797
2020-01-07,0.007005511439950984
2020-01-08,0.0005841727988233902
2020-01-09,0.011823875953783203
2020-01-10,0.0041333012934863245
2020-01-13,0.010186781024395186
2020-01-14,0.006988506700776664
2020-01-15,-0.003919858058984205
2020-01-16,-0.004601274165189073
2020-01-17,0.0016883417058808359
2020-01-21,0.006163923025008122
2020-01-22,0.016129476702217094
2020-01-23,-0.0011550187580773308
2020-01-24,0.005806910889507355
2020-01-27,-0.03265639311486723
2020-01-28,0.013258157767349399
2020-01-29,0.007951151714443716
2020-01-30,0.020696067933010376
2020-01-31,-0.005189249440406218
2020-02-03,0.007092591885341948
2020-02-04,0.06506782512109277
2020-02-05,0.0
2020-02-06,0.0
2020-02-07,0.0
2020-02-10,0.026411530367494107
2020-02-11,0.003950042702477452
2020-02-12,0.006638121994992252
2020-02-13,-0.01907299655339556
2020-02-14,-0.005729026640951651
2020-02-18,0.014249187073386516
2020-02-19,0.041811797200936196
2020-02-20,0.0
2020-02-21,0.0
2020-02-24,0.0
2020-02-25,0.016755242620730915
2020-02-26,-0.007650477497544106
2020-02-27,-0.04960459056166444
2020-02-28,-0.05712243479845247
2020-03-02,0.04353980301281468
2020-03-03,0.0
2020-03-04,0.0
2020-03-05,0.0
2020-03-06,0.0
2020-03-09,0.0
2020-03-10,0.0
2020-03-11,0.0
2020-03-12,0.0
2020-03-13,0.0
2020-03-16,0.0
2020-03-17,0.0
2020-03-18,0.0
2020-03-19,0.0
2020-03-20,0.0
2020-03-23,0.0
2020-03-24,0.0
2020-03-25,-0.004544155083928025
2020-03-26,-0.008030883547992085
2020-03-27,0.02187911100931683
2020-03-30,-0.008290083487310973
2020-03-31,0.0018906275445984555
2020-04-01,0.02682309243895742
2020-04-02,0.003632154963806755
2020-04-03,0.001296482630682938
2020-04-06,-0.020723789783135604
2020-04-07,-0.027078021593901047
2020-04-08,-0.008697711426085664
2020-04-09,-0.007769955454765998
2020-04-13,0.0013597057071645935
2020-04-14,-0.010744094824881367
2020-04-15,0.006528801432564624
2020-04-16,-0.0032761159669896234
2020-04-17,-0.007138442365614228
2020-04-20,0.0020946056108321898
2020-04-21,0.005654705663673099
2020-04-22,-0.008838077570101133
2020-04-23,-0.0034220126796249417
2020-04-24,-0.001811249827541772
2020-04-27,-0.009285651969711983
2020-04-28,0.004935970321443106
2020-04-29,0.0016190220080214424
2020-04-30,-0.0016943920599941098
2020-05-01,-0.007238070643834971
2020-05-04,0.0
2020-05-05,0.0
2020-05-06,0.0
2020-05-07,0.0
2020-05-08,0.0
2020-05-11,0.0
2020-05-12,0.0
2020-05-13,0.0
2020-05-14,0.0
2020-05-15,0.0
2020-05-18,0.0
2020-05-19,0.0
2020-05-20,0.0
2020-05-21,0.0
2020-05-22,0.0
2020-05-26,0.0
2020-05-27,0.0
2020-05-28,0.0
2020-05-29,0.0
2020-06-01,0.0
2020-06-02,-0.00015368981186880681
2020-06-03,0.002788977024109629
2020-06-04,-0.0011374458482942273
2020-06-05,0.0020640803351306136
2020-06-08,0.009804723279047911
2020-06-09,-0.0027280202404403875
2020-06-10,0.024483271523130457
2020-06-11,-0.024078455561608814
2020-06-12,0.023224579831478076
2020-06-15,-0.014023727708849076
2020-06-16,0.018688210495217517
2020-06-17,0.008248389424571734
2020-06-18,0.0038874650890381446
2020-06-19,0.009568216443148758
2020-06-22,0.002519952957951155
2020-06-23,0.005809424693361764
2020-06-24,-0.0009365549238617987
2020-06-25,9.892585821358324e-05
2020-06-26,0.003205190156744253
2020-06-29,0.0024181194891166324
2020-06-30,0.0028814643032128995
2020-07-01,0.0006556653589906425
2020-07-02,0.03436116274509704
2020-07-06,0.0
2020-07-07,0.0
2020-07-08,0.0
2020-07-09,0.01944860173764784
2020-07-10,0.0016877522819211954
2020-07-13,0.04143248330754701
2020-07-14,0.0
2020-07-15,0.0
2020-07-16,0.0
2020-07-17,0.006893878378401164
2020-07-20,0.011045574276964176
2020-07-21,0.004617086468727161
2020-07-22,0.008908809437385923
2020-07-23,0.02839353916448628
2020-07-24,-0.042604218773735436
2020-07-27,0.014218704816303607
2020-07-28,-0.013718384388307081
2020-07-29,0.015912460980877174
2020-07-30,-0.006610971830506629
2020-07-31,0.03361000801073066
2020-08-03,0.0
2020-08-04,0.0
2020-08-05,0.0
2020-08-06,0.0011632169795565694
2020-08-07,0.002531491899223859
2020-08-10,0.0010265064234045163
2020-08-11,-0.013654253529483795
2020-08-12,0.03231028123767743
2020-08-13,0.0
2020-08-14,0.0
2020-08-17,0.0
2020-08-18,0.021065856102989278
2020-08-19,-0.0055373111691894294
2020-08-20,-0.009721665305939986
2020-08-21,0.010243037737136529
2020-08-24,0.025250813697015095
2020-08-25,-0.011083028902285741
2020-08-26,0.011253894107523532
2020-08-27,0.008442823762121243
2020-08-28,0.01680953226889015
2020-08-31,0.002511848620183166
2020-09-01,0.011239284694493312
2020-09-02,0.026056623706520066
2020-09-03,-0.07626190206662475
2020-09-04,-0.012786024918943872
2020-09-08,-0.13884163751742173
2020-09-09,0.08155649439236812
2020-09-10,0.0
2020-09-11,0.0
2020-09-14,0.0
2020-09-15,0.0443427670817127
2020-09-16,0.0
2020-09-17,0.0
2020-09-18,0.0
2020-09-21,0.0027264592936040444
2020-09-22,-0.017270796332838567
2020-09-23,-0.03181032714233689
2020-09-24,-0.03809649925177305
2020-09-25,0.012794208906349303
2020-09-28,0.04381064154564185
2020-09-29,0.0
2020-09-30,0.0
2020-10-01,0.0
2020-10-02,-0.05074162685636152
2020-10-05,0.01797592740920817
2020-10-06,-0.00015003093155585567
2020-10-07,0.01619191381848384
2020-10-08,0.024050461399074186
2020-10-09,0.004788322677023116
2020-10-12,0.02522062053593821
2020-10-13,0.005669281190453068
2020-10-14,0.005440262305028032
2020-10-15,-0.02650386550774919
2020-10-16,0.01053830787352883
2020-10-19,0.012285370869917767
2020-10-20,0.003167188257827469
2020-10-21,-0.0004427527151222854
2020-10-22,0.0205523524951583
2020-10-23,0.0010181742012167483
2020-10-26,-0.012830045855405037
2020-10-27,0.006534757301998928
2020-10-28,-0.019201539316976546
2020-10-29,0.012165495021514205
2020-10-30,-0.02288149825803243
2020-11-02,0.011166373943853891
2020-11-03,0.011604576290021651
2020-11-04,0.039710556437593914
2020-11-05,0.0
2020-11-06,0.0
2020-11-09,0.0
2020-11-10,-0.010893431926942587
2020-11-11,0.016815009954822324
2020-11-12,0.006321842754979823
2020-11-13,0.00659459498531656
2020-11-16,-0.007428438523326197
2020-11-17,0.030397446758784863
2020-11-18,0.001338475121328342
2020-11-19,0.0008501627506949383
2020-11-20,0.00047960163333549133
2020-11-23,0.012663284409135223
2020-11-24,0.013256431995061657
2020-11-25,-0.0013034743729846143
2020-11-27,0.009770122460063035
2020-11-30,0.01226673304158754
2020-12-01,0.02510810906788108
2020-12-02,-0.021829728874478982
2020-12-03,0.018276885575312596
2020-12-04,-0.000806077943121486
2020-12-07,0.005355916655933601
2020-12-08,-0.009922321253738708
2020-12-09,0.0032307901514592174
2020-12-10,-0.027245187487381695
2020-12-11,-0.013504985157629212
2020-12-14,0.009250299820522834
2020-12-15,0.009838876789551643
2020-12-16,-0.0041520138316224475
2020-12-17,0.00851635955716401
2020-12-18,0.012829749865178375
2020-12-21,-0.030670068805752515
2020-12-22,0.004331958693150062
2020-12-23,-0.007276991383352582
2020-12-24,-0.002130695583827613
2020-12-28,0.019081017275962786
2020-12-29,0.0008012065256899348
2020-12-30,0.007648634068810445
2020-12-31,0.00566434706538943
2021-01-04,0.015496054832121908
2021-01-05,-0.006814584350616437
2021-01-06,0.01292061787211396
2021-01-07,0.02496426192561274
2021-01-08,0.03782444407727348
2021-01-11,0.0
2021-01-12,0.0
2021-01-13,0.0
2021-01-14,-0.00784909205709694
2021-01-15,0.006079479944723465
2021-01-19,0.01385125481103433
2021-01-20,0.014618212302780265
2021-01-21,0.007145060913166246
2021-01-22,-0.0066042175762028865
2021-01-25,0.016754890045628024
2021-01-26,0.006885585193519894
2021-01-27,-0.014976554711548684
2021-01-28,-0.02535223933682551
2021-01-29,-0.002768603535460268
2021-02-01,0.019784689417259083
2021-02-02,0.010607668463866071
2021-02-03,0.007072711347812843
2021-02-04,0.006390490418615835
2021-02-05,0.0003317977828884988
2021-02-08,0.01615524865869733
2021-02-09,-0.0027468580764401507
2021-02-10,0.0011049123020563378
2021-02-11,0.010757067210003246
2021-02-12,-0.005199375900239223
2021-02-16,0.00490433825643577
2021-02-17,-0.01441292289848628
2021-02-18,-0.017151257700342426
2021-02-19,0.011510599418472545
2021-02-22,-0.016668624972627333
2021-02-23,-0.03856639837647424
2021-02-24,0.0012989790099899867
2021-02-25,-0.01351604555150665
2021-02-26,0.01708099210459313
2021-03-01,0.022591269398496205
2021-03-02,0.001383389505565047
2021-03-03,0.0002389766485388911
2021-03-04,0.00034746858523959645
2021-03-05,0.010327950047388734
2021-03-08,0.00015733916580451535
2021-03-09,0.04383392081066706
2021-03-10,0.0
2021-03-11,0.0
2021-03-12,0.0
2021-03-15,0.0019145164413763016
2021-03-16,0.002626357700018067
2021-03-17,-0.021648427927082325
2021-03-18,-0.021230999787683724
2021-03-19,-0.002804336160691867
2021-03-22,0.02373061074841898
2021-03-23,0.003412525048458237
2021-03-24,0.009069426478948817
2021-03-25,-0.01851186235579405
2021-03-26,0.001034736997661545
2021-03-29,-0.003943186687840772
2021-03-30,-0.008365938631910708
2021-03-31,0.012543614676696624
2021-04-01,0.025306425190185555
2021-04-05,0.03477096214094444
2021-04-06,0.0
2021-04-07,0.0
2021-04-08,0.0
2021-04-09,-0.0050864065159710314
2021-04-12,0.001799510723800024
2021-04-13,0.006738836461971598
2021-04-14,0.003972405777916466
2021-04-15,0.010714705825391357
2021-04-16,-0.004423296684121114
2021-04-19,-0.01222086330829264
2021-04-20,0.0006684345078669107
2021-04-21,-0.007333812955383712
2021-04-22,-0.0014170199204392997
2021-04-23,0.002767485085951371
2021-04-26,0.0064187263037409625
2021-04-27,-0.007752051554227646
2021-04-28,-0.0028028531813392155
2021-04-29,0.006669258364610853
2021-04-30,-0.009457091574997745
2021-05-03,-0.00018038390332797416
2021-05-04,-0.008254304806891266
2021-05-05,0.009202492608576751
2021-05-06,0.004171042376934775
2021-05-07,0.006570595297724635
2021-05-10,-0.007711903596534175
2021-05-11,-0.0268149765656992
2021-05-12,-0.016164030311002775
2021-05-13,0.011295995150674143
2021-05-14,0.012284211919383559
2021-05-17,-0.010176220073777387
2021-05-18,-0.0010750796895160342
2021-05-19,-0.02356291356207796
2021-05-20,0.009099249539312293
2021-05-21,0.009290750168712503
2021-05-24,0.005664932050522431
2021-05-25,0.004349459992989191
2021-05-26,0.004466293423118106
2021-05-27,0.0002934408039980685
2021-05-28,0.0016871488355725273
2021-06-01,0.005737407380900894
2021-06-02,-0.000405058766623001
2021-06-03,-0.00788905216434399
2021-06-04,0.007827152818339123
2021-06-07,-0.004369033365459907
2021-06-08,0.01071649114942419
2021-06-09,0.0030257543509384366
2021-06-10,0.0026872152460450938
2021-06-11,0.0007642139749057808
2021-06-14,0.002507205021335057
2021-06-15,-0.0009643051293715121
2021-06-16,0.00011748387365573265
2021-06-17,-0.0030658486100305637
2021-06-18,-0.003227614672041468
2021-06-21,-0.0006895272593973045
2021-06-22,-0.0007756576462502052
2021-06-23,0.00414581812520165
2021-06-24,0.01077953169347734
2021-06-25,0.0037697917075565357
2021-06-28,0.004619972744801748
2021-06-29,-0.001838836002835409
2021-06-30,-0.0012047917857727075
2021-07-01,0.00039017148015352277
2021-07-02,0.0055528511506959255
2021-07-06,0.004630367040222572
2021-07-07,0.006435498071950985
2021-07-08,-0.016727581241115175
2021-07-09,0.0002068394688496955
2021-07-12,0.004599675641449696
2021-07-13,-0.0021804662302665756
2021-07-14,0.006303192012756531
2021-07-15,0.00039800803069645063
2021-07-16,0.0028225944476707454
2021-07-19,-0.010006526662342252
2021-07-20,0.0033131933679728665
2021-07-21,0.0025556885753585945
2021-07-22,0.0019498483859285987
2021-07-23,0.004883111291310804
2021-07-26,-0.0009172437006592649
2021-07-27,-0.0011711940564449463
2021-07-28,0.007562625197188755
2021-07-29,-0.003998053781206101
2021-07-30,-0.01832702496397165
2021-08-02,0.005429279007732601
2021-08-03,0.0009880896542520112
2021-08-04,0.0022002572057351344
2021-08-05,0.0006293984496195115
2021-08-06,-0.004396089735445585
2021-08-09,0.002671274981427274
2021-08-10,0.0015082068898069068
2021-08-11,0.0035755371791852397
2021-08-12,-0.002074367969392643
2021-08-13,0.0011604807791516514
2021-08-16,-0.0017103045169905018
2021-08-17,-0.0056624990463776115
2021-08-18,-0.0010666995368754373
2021-08-19,-0.0027856186894568147
2021-08-20,0.002856791409975301
2021-08-23,0.0034409349908217646
2021-08-24,0.002639289462772476
2021-08-25,0.0020590135355675887
2021-08-26,-0.0006093831756202039
2021-08-27,0.0021058205027535415
2021-08-30,0.003926858916650566
2021-08-31,0.0005677415536546881
2021-09-01,0.00204035290458382
2021-09-02,0.003337823466546652
2021-09-03,-0.0013353030947260702
2021-09-07,0.0022871373089476954
2021-09-08,0.00046477930651867005
2021-09-09,0.0005737477851361916
2021-09-10,0.006967494496795235
2021-09-13,0.006033703365165177
2021-09-14,0.00433858526300579
2021-09-15,0.002670634693598295
2021-09-16,-0.0035567242805403243
2021-09-17,-0.0015484421484452948
2021-09-20,-0.0205658531048466
2021-09-21,0.0069895598841824835
2021-09-22,0.002471432218055236
2021-09-23,0.00521096899691198
2021-09-24,-0.00819694504298607
2021-09-27,-0.008793374248715624
2021-09-28,-0.014152933146180158
2021-09-29,0.005789473817705337
2021-09-30,0.004740534052475764
2021-10-01,0.0027614513733988932
2021-10-04,-0.0008432102282392995
2021-10-05,0.005347944029615581
2021-10-06,-0.010139888083494086
2021-10-07,0.008835939872306575
2021-10-08,0.004264117747741825
2021-10-11,-0.003938133228682084
2021-10-12,0.005437728326335156
2021-10-13,0.006183414599039816
2021-10-14,0.010940372693896583
2021-10-15,0.0035953896159726106
2021-10-18,0.00025124527017617027
2021-10-19,0.005100504606939005
2021-10-20,0.0022582390941594532
2021-10-21,-0.0032138379068493705
2021-10-22,-0.0037703738675823883
2021-10-25,0.012818576394274306
2021-10-26,0.006808416986455734
2021-10-27,0.005715582524257412
2021-10-28,0.01425859203426083
2021-10-29,-0.004243626178300985
2021-11-01,0.009232611072910624
2021-11-02,-0.014362970224483962
2021-11-03,0.0035968375661330487
2021-11-04,0.010585677877090305
2021-11-05,0.0038353498478032044
2021-11-08,-0.022548305431041804
2021-11-09,0.013256301822460292
2021-11-10,-0.01672857435216979
2021-11-11,0.023262302665931323
2021-11-12,-0.00683637382009239
2021-11-15,-0.0054922195237512295
2021-11-16,-0.006678185505661682
2021-11-17,0.004813121193139702
2021-11-18,0.02888335104271733
2021-11-19,0.0072489132833519765
2021-11-22,0.01596205100311665
2021-11-23,-0.0018340736654895995
2021-11-24,-0.015753994070767385
2021-11-26,-0.010825832254742762
2021-11-29,0.019198240128771138
2021-11-30,0.001783759634820914
2021-12-01,0.015523177456109538
2021-12-02,-0.0023866145348697687
2021-12-03,0.0023718762651077085
2021-12-06,-0.012381167919411129
2021-12-07,0.029584061192211353
2021-12-08,-0.0022412818838779547
2021-12-09,-0.004500765840331544
2021-12-10,0.01212063190717938
2021-12-13,-0.0025769300997879885
2021-12-14,-0.018591310589094245
2021-12-15,0.0002759659574698148
2021-12-16,0.009082983872705341
2021-12-17,-0.015909702627734723
2021-12-20,-0.01755721295071222
2021-12-21,0.016017197161177776
2021-12-22,0.005327066195006669
2021-12-23,0.0021131616834406675
2021-12-27,0.004504634978509392
2021-12-28,0.009259293693635096
2021-12-29,0.0026497886848719787
2021-12-30,-0.008639916330846487
2021-12-31,0.001778648470645905
2022-01-03,0.028910003434343468
2022-01-04,-0.0007678072938996916
2022-01-05,-0.006692705685515499
2022-01-06,-0.008085296189095925
2022-01-07,0.004858542827821166
2022-01-10,-0.023866750151338656
2022-01-11,-0.002728221924311658
2022-01-12,0.011986007235183394
2022-01-13,0.007163183890760871
2022-01-14,-0.008694342046840386
2022-01-18,-0.021475931127866943
2022-01-19,0.009058891138135738
2022-01-20,0.009173639957381186
2022-01-21,-0.00580164828925267
2022-01-24,-0.0285608781297223
2022-01-25,-0.022107742017640097
2022-01-26,0.04008740797737653
2022-01-27,0.0
2022-01-28,0.0
2022-01-31,0.0
2022-02-01,0.007254335661714739
2022-02-02,0.021191682274330326
2022-02-03,-0.02349413552749191
2022-02-04,0.0007485004954062013
2022-02-07,0.001624437387579114
2022-02-08,-0.004874706897875392
2022-02-09,0.01621044090627155
2022-02-10,-0.02610403244232884
2022-02-11,0.004466731106630872
2022-02-14,0.0030010779535194487
2022-02-15,0.010523069425725229
2022-02-16,-0.005500992760887113
2022-02-17,-0.008312808854672338
2022-02-18,0.0069551934936478155
2022-02-22,-0.00694092688966752
2022-02-23,0.004278333513943133
2022-02-24,-0.02512829819667417
2022-02-25,0.000513446601328571
2022-02-28,0.0034338273123541985
2022-03-01,-0.0007743858882274246
2022-03-02,0.0012825966736937922
2022-03-03,-0.0073196020644820114
2022-03-04,0.0034714313709023337
2022-03-07,2.164554891681547e-05
2022-03-08,0.0017745211160822283
2022-03-09,-0.01077575740755421
2022-03-10,0.0108881967540988
2022-03-11,-0.008062058537718797
2022-03-14,0.004202728593269089
2022-03-15,-0.004613637519063185
2022-03-16,-0.002457452710604602
2022-03-17,-0.002781394805904225
2022-03-18,0.0032508929325136826
2022-03-21,0.0019285088050420285
2022-03-22,-0.002102873230169555
2022-03-23,0.0028993069189582332
2022-03-24,0.0003894488846836186
2022-03-25,-0.00225597297048985
2022-03-28,-0.0021578516360926114
2022-03-29,-0.0024304054923912632
2022-03-30,0.0019549417417465964
2022-03-31,-0.003336020734491907
2022-04-01,0.0012615445655048685
2022-04-04,0.0008496253613272664
2022-04-05,0.0009637546978040756
2022-04-06,0.0026496250159833146
2022-04-07,0.0030152232887714625
2022-04-08,0.0005766722872362351
2022-04-11,0.001538645619704404
2022-04-12,-0.005298760498878452
2022-04-13,0.0014610328878306156
2022-04-14,0.002613396211840424
2022-04-18,0.001087777883826524
2022-04-19,0.0007729751444165434
2022-04-20,0.0018084945012788456
2022-04-21,-0.007078019601737928
2022-04-22,0.0007632423718288983
2022-04-25,0.0038436657529974383
2022-04-26,0.002554930368944719
2022-04-27,-0.0025764120435863846
2022-04-28,-0.007636053676664756
2022-04-29,0.006368353696384332
2022-05-02,0.002130964927566481
2022-05-03,-0.0005885266082580332
2022-05-04,0.008729853907056162
2022-05-05,0.012490948283574221
2022-05-06,0.0071949883373598755
2022-05-09,0.017225377889150684
2022-05-10,-0.01189917276906649
2022-05-11,0.0071015799980973515
2022-05-12,0.013760013945588456
2022-05-13,-0.013529643750235576
2022-05-16,0.0008870775839455725
2022-05-17,-0.005283064809981974
2022-05-18,0.013513348963245297
2022-05-19,0.006292615417844871
2022-05-20,-0.011431437048494586
2022-05-23,-0.00941464034962014
2022-05-24,0.008867685997762331
2022-05-25,0.002523627057707145
2022-05-26,-0.007403260541423484
2022-05-27,-0.003552967999435719
2022-05-31,0.0018979255507001191
2022-06-01,-0.0044825637446239686
2022-06-02,0.0031547125783912833
2022-06-03,0.01516842605038149
2022-06-06,-0.013448605490541055
2022-06-07,0.010179107560210676
2022-06-08,0.00233509647373098
2022-06-09,0.005339011419937645
2022-06-10,0.01728392250668276
2022-06-13,0.028078431616009203
2022-06-14,-0.007195162275198008
2022-06-15,-0.010856930714819302
2022-06-16,0.023221235266075446
2022-06-17,-0.0014071438483589382
2022-06-21,-0.015009379886171237
2022-06-22,0.008161569009050185
2022-06-23,-0.008031634758003059
2022-06-24,-0.009393159544309304
2022-06-27,-0.004881341164543862
2022-06-28,-0.001269300515805205
2022-06-29,0.000792698092595634
2022-06-30,0.009691085930920718
2022-07-01,0.003976871343588151
2022-07-05,0.00744137061899619
2022-07-06,-0.0007074128615128794
2022-07-07,0.0018198931240198668
2022-07-08,0.004315345541388238
2022-07-11,0.003353188540851315
2022-07-12,-0.002829331638854571
2022-07-13,0.012543687348588017
2022-07-14,0.008562605545185065
2022-07-15,-0.006587710983772976
2022-07-18,-0.004155469466770478
2022-07-19,-0.007117473788731177
2022-07-20,-0.002773734330797084
2022-07-21,-0.0008493708668074751
2022-07-22,0.000443328665853171
2022-07-25,-0.003378332099089776
2022-07-26,0.003937348128701945
2022-07-27,-0.008597870632347626
2022-07-28,0.0021055996066392524
2022-07-29,-0.006856035789377879
2022-08-01,0.0062010149470717035
2022-08-02,0.0003755866232684202
2022-08-03,-0.0013882539576376418
2022-08-04,0.002678993112907424
2022-08-05,-0.0007001262918668871
2022-08-08,0.0042374325204705965
2022-08-09,0.0012342518247514533
2022-08-10,0.005850482895242148
2022-08-11,-0.00678203527346144
2022-08-12,-0.005200876194029647
2022-08-15,0.0027121909754799223
2022-08-16,0.004372683698110169
2022-08-17,0.00012083677591001596
2022-08-18,0.0012088693369858294
2022-08-19,-0.0008783375004638438
2022-08-22,0.0011340157948978025
2022-08-23,0.0027395780886945165
2022-08-24,0.0010316119341489127
2022-08-25,0.00305644370251823
2022-08-26,0.0005278420848391363
2022-08-29,0.0013365926755550817
2022-08-30,0.0014341657040444211
2022-08-31,-0.004206672942803302
2022-09-01,0.000250788378022504
2022-09-02,-0.005948169292694261
2022-09-06,-0.0002573501026761349
2022-09-07,0.00014609483655081412
2022-09-08,0.004588116183859681
2022-09-09,-0.00401517192507328
2022-09-12,-0.00482815303750006
2022-09-13,0.017052343007663673
2022-09-14,-0.0026308228406752843
2022-09-15,0.004429924480638281
2022-09-16,0.008161354483743333
2022-09-19,0.0051551481760416795
2022-09-20,0.005637962935067797
2022-09-21,-0.0024201034610210614
2022-09-22,0.003064362792607689
2022-09-23,0.005498787357517854
2022-09-26,0.0016921704720662678
2022-09-27,-0.007163850558700835
2022-09-28,-0.000178911265767856
2022-09-29,0.008943132386274533
2022-09-30,0.0019436862569219837
2022-10-03,-0.0033308814056024483
2022-10-04,-0.018114738141842057
2022-10-05,0.011962889184985892
2022-10-06,0.00389449067275649
2022-10-07,0.015461658223640429
2022-10-10,-0.0008634594938055073
2022-10-11,0.005268366622775966
2022-10-12,-0.0014715038107396827
2022-10-13,0.026187705902213976
2022-10-14,-0.00832347406977918
2022-10-17,-0.021388559119267736
2022-10-18,-0.024258587737529425
2022-10-19,0.005089269816069164
2022-10-20,0.003568887143438726
2022-10-21,0.0034542378373840776
2022-10-24,-0.0009430319268470821
2022-10-25,-0.00287140277150455
2022-10-26,0.017959727463248365
2022-10-27,0.0038990142731114563
2022-10-28,0.0023370019658039975
2022-10-31,0.00717414634702318
2022-11-01,-0.011329476918533588
2022-11-02,0.005534458896876426
2022-11-03,0.007075390092749156
2022-11-04,-0.009435614853247065
2022-11-07,-0.0035767512845499283
2022-11-08,-0.005411038570954041
2022-11-09,0.006329763381655695
2022-11-10,-0.03031840409279596
2022-11-11,-0.00012749712408999248
2022-11-14,0.006558549020313498
2022-11-15,-0.02135322083957214
2022-11-16,-0.0010646075579134884
2022-11-17,0.01020466454924418
2022-11-18,-0.0057202633906500155
2022-11-21,0.0010729980555563845
2022-11-22,-0.0014745281674911626
2022-11-23,0.000305999901243581
2022-11-25,0.0028222737802698905
2022-11-28,0.0033279042655212088
2022-11-29,-0.00017740539264121669
2022-11-30,-0.0004259518106750626
2022-12-01,0.00036173356751079133
2022-12-02,0.010691988270783659
2022-12-05,0.0046207971283795946
2022-12-06,0.0009084354072363965
2022-12-07,0.0033845767458580145
2022-12-08,-0.0030503849422289786
2022-12-09,0.0037899546648285654
2022-12-12,-0.0008738644255409378
2022-12-13,-0.02609426149239291
2022-12-14,0.0017997418282218458
2022-12-15,0.012761666421483353
2022-12-16,0.0026444764271149612
2022-12-19,-0.0005802149096530984
2022-12-20,0.002567717933859015
2022-12-21,-0.0019584896186399803
2022-12-22,0.008403865222109674
2022-12-23,0.004450150582059331
2022-12-27,0.002687945551216986
2022-12-28,0.001441270365217573
2022-12-29,-0.007111291663346453
2022-12-30,0.007233086401045474
2023-01-03,-0.005413590134756174
2023-01-04,-0.003998876455981959
2023-01-05,0.004217493045820531
2023-01-06,-0.002999085929760059
2023-01-09,-0.0068207898628429575
2023-01-10,0.0027230553386727863
2023-01-11,-0.003466743395540095
2023-01-12,-0.0005960212167251955
2023-01-13,0.0070944208275867116
2023-01-17,1.2458837476359008e-05
2023-01-18,-0.00420842531135901
2023-01-19,0.004727164198204292
2023-01-20,-0.002971696454147854
2023-01-23,-0.002060034999670335
2023-01-24,0.004332998837678126
2023-01-25,0.011526299637992343
2023-01-26,-0.009230106963064255
2023-01-27,0.002783300405648559
2023-01-30,0.00751847928485283
2023-01-31,-0.0002174301892813313
2023-02-01,0.0008572021676420682
2023-02-02,-0.017677284289257078
2023-02-03,0.011506100653445595
2023-02-06,0.003854000840335159
2023-02-07,0.0012573964158222317
2023-02-08,0.003607624107264451
2023-02-09,-0.006922930115884185
2023-02-10,0.0018464825075910074
2023-02-13,-0.001535139714493372
2023-02-14,0.002749061698388733
2023-02-15,0.0025415642738901845
2023-02-16,-0.007418940896765203
2023-02-17,-0.0033487985884483873
2023-02-21,-0.005309280270316186
2023-02-22,0.0016809543847962072
2023-02-23,0.016388053990423312
2023-02-24,0.0
2023-02-27,0.0
2023-02-28,0.0
2023-03-01,8.926558907162985e-05
2023-03-02,-0.0032368016580053283
2023-03-03,0.0009922431021087696
2023-03-06,-0.0003084897157937805
2023-03-07,0.0005298110616069884
2023-03-08,0.001548754785883233
2023-03-09,-0.000246244615726976
2023-03-10,0.0004910606960053521
2023-03-13,-0.003256097468218755
2023-03-14,0.005839810649419741
2023-03-15,-0.004779588768874188
2023-03-16,-0.0021970866594694938
2023-03-17,0.0022556591708489115
2023-03-20,-0.0015573100632874093
2023-03-21,0.0034677378799017333
2023-03-22,0.001497484899719792
2023-03-23,0.0071438823023841636
2023-03-24,-0.0022220027112199725
2023-03-27,0.0012072506055731402
2023-03-28,-0.0007090357981835993
2023-03-29,0.004737008953177524
2023-03-30,0.004214948823582754
2023-03-31,-0.0009811821005387689
2023-04-03,-0.00257625446532872
2023-04-04,0.0012892153384183036
2023-04-05,-0.005900607510604172
2023-04-06,-0.005427944592728551
2023-04-10,-0.005585554710339946
2023-04-11,0.0009133959965512695
2023-04-12,0.004712096993867654
2023-04-13,0.004029646204929849
2023-04-14,-0.0028897556099763966
2023-04-17,-0.001864916926691551
2023-04-18,0.006895188285706899
2023-04-19,-0.006099510428453803
2023-04-20,-0.004782358038409762
2023-04-21,-0.0021132757157469317
2023-04-24,-0.0011533301469500712
2023-04-25,-0.002798521857160785
2023-04-26,0.01155536632533316
2023-04-27,0.00909957262200578
2023-04-28,-0.0005742254092193644
2023-05-01,0.0005938214655754059
2023-05-02,-0.0010863299312086072
2023-05-03,-0.004407938711574855
2023-05-04,-1.596168106243745e-05
2023-05-05,0.0013681473179125714
2023-05-08,-0.0013137287541009623
2023-05-09,-0.003636381781493281
2023-05-10,0.006109373240145821
2023-05-11,0.0006770487628069422
2023-05-12,0.0003819351390128567
2023-05-15,0.002595231660299291
2023-05-16,-0.0021874854842564018
2023-05-17,0.004099225099147175
2023-05-18,0.0027405984000850037
2023-05-19,-0.002069802076568039
2023-05-22,-0.0022838284739454817
2023-05-23,-0.0037596458197203253
2023-05-24,-0.006250338225993968
2023-05-25,0.046899797529902365
2023-05-26,0.0
2023-05-30,0.0
2023-05-31,0.0
2023-06-01,0.0016043737569415573
2023-06-02,0.00993491814539027
2023-06-05,0.0009981560311480564
2023-06-06,-0.004679110005444409
2023-06-07,0.01183328343605683
2023-06-08,0.002000736359033084
2023-06-09,0.026889989589475194
2023-06-12,0.012816563442193507
2023-06-13,0.016303532558476164
2023-06-14,0.001900562799383776
2023-06-15,-0.01749152564785128
2023-06-16,0.015192877008515682
2023-06-20,-0.0013530952300222499
2023-06-21,-0.0022128267492924625
2023-06-22,-0.01891305550018918
2023-06-23,-0.019535524642487534
2023-06-26,-0.008325547394288701
2023-06-27,0.009869361647788732
2023-06-28,-0.011625640313206231
2023-06-29,0.007289256879208006
2023-06-30,0.016450707688634658
2023-07-03,0.025417268577273555
2023-07-05,-0.0036755245807879033
2023-07-06,-0.013309590237120306
2023-07-07,0.0042890425305424085
2023-07-10,0.004025445579502129
2023-07-11,-0.000994045385812381
2023-07-12,0.01731853454387644
2023-07-13,0.011607059310631662
2023-07-14,0.0021124119191704427
2023-07-17,0.010289006219712071
2023-07-18,-0.00010482032517444839
2023-07-19,0.006567325985888051
2023-07-20,-0.022392378079440278
2023-07-21,0.011502010203065627
2023-07-24,-0.0019230209165985723
2023-07-25,0.00784805917011644
2023-07-26,-0.004983549970415169
2023-07-27,0.022401174723960082
2023-07-28,0.014694935080411975
2023-07-31,0.0028764972983696957
2023-08-01,-0.003659357190531898
2023-08-02,-0.013035230345680437
2023-08-03,-0.008236427252883871
2023-08-04,0.009019965487535364
2023-08-07,0.002501620495412027
2023-08-08,-0.012465537984727382
2023-08-09,-4.818996786692953e-05
2023-08-10,0.007025817639416232
2023-08-11,-0.011271174773851311
2023-08-14,-0.009955058033847441
2023-08-15,0.00029581007860546293
2023-08-16,-0.004564471401192205
2023-08-17,0.003871230220434674
2023-08-18,-0.01618907954436455
2023-08-21,0.01447053300994261
2023-08-22,0.017920862584029917
2023-08-23,-0.0010447728541876922
2023-08-24,0.02103024263486919
2023-08-25,0.0015423841763371193
2023-08-28,0.010390128819599331
2023-08-29,-0.002283135375559908
2023-08-30,-0.0013065755944304813
2023-08-31,-0.000549835135402077
2023-09-01,0.006045438190577679
2023-09-05,-0.003218169314608721
2023-09-06,-0.0031280433114082573
2023-09-07,-0.024141376450993235
2023-09-08,-0.0018437809651840054
2023-09-11,0.024055219392857596
2023-09-12,-0.00832645924225095
2023-09-13,0.0013247722760900693
2023-09-14,0.005000481587537742
2023-09-15,-0.0019116678859734115
2023-09-18,-0.01092403771184991
2023-09-19,-0.0042598845253774
2023-09-20,0.0026159837105934614
2023-09-21,-0.01530388852399256
2023-09-22,0.008233485801409035
2023-09-25,-0.0034774662997614225
2023-09-26,-0.009952876902822982
2023-09-27,0.004012322784421762
2023-09-28,-0.0034492681769410227
2023-09-29,0.013674690265075728
2023-10-02,-0.0032787684278980933
2023-10-03,-0.004942079626495177
2023-10-04,0.006709696842578161
2023-10-05,0.005151484661325645
2023-10-06,0.00017069666549707208
2023-10-09,-0.0015299168840861022
2023-10-10,0.012709932543906621
2023-10-11,0.007233228918975598
2023-10-12,0.0008681361825366718
2023-10-13,0.0001379006510748848
2023-10-16,-0.0010544148618225613
2023-10-17,-0.010024837066586856
2023-10-18,-0.006421315373190906
2023-10-19,0.003534654429164119
2023-10-20,-0.0007123582102485093
2023-10-23,-0.001225686106678836
2023-10-24,0.0013072285506108283
2023-10-25,-0.0017468943528821113
2023-10-26,0.00029464557766467614
2023-10-27,0.004712218522584299
2023-10-30,0.0026433015179485597
2023-10-31,-0.0027586166817780144
2023-11-01,0.0005638249334742884
2023-11-02,0.005056682408660862
2023-11-03,0.0031845530768996877
2023-11-06,0.001421294525488337
2023-11-07,-0.00011633274685474149
2023-11-08,0.0006793024148825655
2023-11-09,0.004287234197184242
2023-11-10,0.003263521040062889
2023-11-13,-0.0006412997070337489
2023-11-14,0.00690046063039329
2023-11-15,0.0018565048446379517
2023-11-16,-0.0017502348513623867
2023-11-17,0.00013202138842083322
2023-11-20,0.0001685214277209468
2023-11-21,-0.002214636283067284
2023-11-22,0.00032913735995232507
2023-11-24,-0.001117243633899312
2023-11-27,-0.0002465994225653301
2023-11-28,-0.0007905136624956066
2023-11-29,0.003523709569900113
2023-11-30,-0.0006142058620741686
2023-12-01,-0.0018532383833416155
2023-12-04,-0.011802975622445144
2023-12-05,-0.00626799625276353
2023-12-06,0.010516073013090876
2023-12-07,0.006656685353884528
2023-12-08,-0.005092696671240016
2023-12-11,-0.0015025227527560858
2023-12-12,-0.00468495780432443
2023-12-13,-0.00211874062667905
2023-12-14,0.004156241305402153
2023-12-15,0.0016822276539039116
2023-12-18,0.0029386485162328224
2023-12-19,-0.0006972805873665111
2023-12-20,-0.0027569317623417078
2023-12-21,0.01412300020690549
2023-12-22,0.003421578438087991
2023-12-26,0.004286491845132856
2023-12-27,0.003897565047941809
2023-12-28,0.004648612085495829
2023-12-29,0.0034328722229557407
2024-01-02,-0.0041255370762515176
2024-01-03,-0.007888110737214293
2024-01-04,-0.0017849134187030158
2024-01-05,0.0019462903690581346
2024-01-08,0.004621830305574504
2024-01-09,-0.0033602969806091343
2024-01-10,0.0030882166644408127
2024-01-11,0.005278661013097041
2024-01-12,0.001156651964537403
2024-01-16,0.0029827564816657937
2024-01-17,-0.0035561177212121153
2024-01-18,0.011449555637192077
2024-01-19,0.0069092448139320695
2024-01-22,0.005191789373957478
2024-01-23,-0.0009273724852408849
2024-01-24,0.00966929994201049
2024-01-25,0.010333931253850182
2024-01-26,-0.008480043963199124
2024-01-29,0.0027743243568219
2024-01-30,-0.0005354124815837302
2024-01-31,-0.0148205296324182
2024-02-01,0.00597722191625194
2024-02-02,0.017530567860478685
2024-02-05,0.006896075235065968
2024-02-06,0.002305626800469307
2024-02-07,0.004340596602221858
2024-02-08,0.0005396165896747185
2024-02-09,0.00689124336225988
2024-02-12,0.0024587826143902536
2024-02-13,-0.025158562189218636
2024-02-14,0.013919009790082315
2024-02-15,0.002978440375639879
2024-02-16,0.005657555097943856
2024-02-20,-0.008048598703525367
2024-02-21,-0.014226222685416956
2024-02-22,0.05158453214429759
2024-02-23,0.0
2024-02-26,0.0
2024-02-27,0.0
2024-02-28,-0.007701474886686266
2024-02-29,0.01182591454719395
2024-03-01,0.0070409796038140016
2024-03-04,0.012001507720211135
2024-03-05,-0.007133866736519057
2024-03-06,0.0231346601928204
2024-03-07,0.013858148623771216
2024-03-08,0.010822305560005185
2024-03-11,-0.009564612774517367
2024-03-12,0.015738998147934335
2024-03-13,-0.006180011717595857
2024-03-14,-0.005642657877170221
2024-03-15,-0.010993745490374573
2024-03-18,0.015811183248457095
2024-03-19,-0.019957163080205786
2024-03-20,0.003893392448898192
2024-03-21,0.023390005576138462
2024-03-22,-0.005250303430169412
2024-03-25,-0.005849390188636838
2024-03-26,0.007540764538335409
2024-03-27,0.009805351978091625
2024-03-28,-0.0005662660058310953
2024-04-01,-0.00041328532000006746
2024-04-02,-0.020663233844352313
2024-04-03,-0.007697542595405338
2024-04-04,0.015997299141080168
2024-04-05,0.006898261488766266
2024-04-08,0.0077766698014134494
2024-04-09,0.004347988756248533
2024-04-10,-0.014434871688335349
2024-04-11,0.003267000573270895
2024-04-12,-0.011859561247273165
2024-04-15,0.008201375895122265
2024-04-16,0.0010832204707291737
2024-04-17,0.004869027043575835
2024-04-18,0.003994713859504895
2024-04-19,-0.007766270259032759
2024-04-22,0.010919568514657252
2024-04-23,0.008294534614670557
2024-04-24,0.0102822767023929
2024-04-25,-0.01712017869563176
2024-04-26,0.006171699547620424
2024-04-29,0.00010699450302231739
2024-04-30,-0.0037467232680977736
2024-05-01,-0.008925248448819034
2024-05-02,0.009786786376389855
2024-05-03,0.014256077038241166
2024-05-06,0.006438141936512931
2024-05-07,-0.0035334361136615255
2024-05-08,-0.008065465401163041
2024-05-09,-0.0004460293987657016
2024-05-10,0.007480856415468473
2024-05-13,0.0020440379266950526
2024-05-14,-0.0046224328213094745
2024-05-15,0.0074726105621780725
2024-05-16,0.000618307976611332
2024-05-17,0.003099077188364774
2024-05-20,0.004424975141926968
2024-05-21,-0.006665985775575867
2024-05-22,0.002525985863508051
2024-05-23,0.025530890816686247
2024-05-24,0.0
2024-05-28,0.0
2024-05-29,0.0
2024-05-30,-0.0004229284672094824
2024-05-31,0.005846938686164593
2024-06-03,0.016081360660761712
2024-06-04,0.0009393367470680314
2024-06-05,0.010843692772491753
2024-06-06,0.004300989844496339
2024-06-07,-0.003020200941905471
2024-06-10,-0.003930094126430861
2024-06-11,-0.001508327308909485
2024-06-12,0.011980263687132231
2024-06-13,0.01433778456270085
2024-06-14,-0.001206993923971833
2024-06-17,0.0036851313059667046
2024-06-18,0.0003402475625837731
2024-06-20,0.01298449903847465
2024-06-21,-0.012020052480792631
2024-06-24,-0.011541732924473136
2024-06-25,0.011388619529161703
2024-06-26,-0.0006007176768613176
2024-06-27,-0.006599006221687409
2024-06-28,0.002307207527118882
2024-07-01,0.0008388034640456343
2024-07-02,-0.011437116786109813
2024-07-03,-0.002981803836719976
2024-07-05,-7.386478303450517e-06
2024-07-08,0.00555629322268314
2024-07-09,0.006790251929457813
2024-07-10,0.009010261714913925
2024-07-11,0.0018502660399084547
2024-07-12,0.0020657788174223146
2024-07-15,0.008193866466959854
2024-07-16,0.0028638739358830545
2024-07-17,-0.026101378206413783
2024-07-18,0.014803254412084632
2024-07-19,-0.0031880735894291856
2024-07-22,0.0129159158777854
2024-07-23,-0.002041120768621729
2024-07-24,-0.014231661579473642
2024-07-25,-0.0024851504923296686
2024-07-26,0.014244165994663494
2024-07-29,0.005094122609510476
2024-07-30,0.002175504518551419
2024-07-31,0.030719785173112246
2024-08-01,0.0
2024-08-02,0.0
2024-08-05,0.0
2024-08-06,0.010409648243679959
2024-08-07,0.017379366811135055
2024-08-08,0.01840253650691248
2024-08-09,-0.0018266218768986375
2024-08-12,0.003084455131898256
2024-08-13,0.012289489765089368
2024-08-14,0.006468739739507123
2024-08-15,0.011302714069372888
2024-08-16,-0.0054108377760440085
2024-08-19,0.0003466510079961349
2024-08-20,-0.0026128096099954368
2024-08-21,0.001677497440210507
2024-08-22,0.006032253660375186
2024-08-23,0.010148501370467189
2024-08-26,-0.0025434354642199786
2024-08-27,-0.005194286729540587
2024-08-28,-0.0005947120439405706
2024-08-29,-0.001941892634847786
2024-08-30,0.009451370444702567
2024-09-03,-0.009587279662181536
2024-09-04,-0.007926599821627023
2024-09-05,-0.0023068135264359135
2024-09-06,0.0019177378348274043
2024-09-09,0.01033729340739642
2024-09-10,0.004882515457638181
2024-09-11,0.002703383014245331
2024-09-12,-0.0016849715484060779
2024-09-13,0.00036247420741331027
2024-09-16,-0.008270038726330586
2024-09-17,0.005976419949421663
2024-09-18,0.0021220610624759217
2024-09-19,0.018937038963107833
2024-09-20,-0.002843401467719664
2024-09-23,0.0037521777638322984
2024-09-24,0.0040957444810976185
2024-09-25,-0.00023841483227005078
2024-09-26,0.015154112214954107
2024-09-27,0.0021327463793188173
2024-09-30,-0.007351754242430286
2024-10-01,7.51574432726887e-05
2024-10-02,-0.0012285534712155322
2024-10-03,0.003089353749501589
2024-10-04,0.005597356101857187
2024-10-07,-0.00024694162147165244
2024-10-08,0.004018797466242674
2024-10-09,0.001667790629058974
2024-10-10,-0.0018683046465763908
2024-10-11,-0.001770490167371297
2024-10-14,0.0040028886739094105
2024-10-15,-0.0005418888790215126
2024-10-16,0.0048865244532361185
2024-10-17,0.007550391710163584
2024-10-18,0.0033705503647709634
2024-10-21,5.016153349846064e-05
2024-10-22,-0.0019791126540551485
2024-10-23,-0.0035169435477000466
2024-10-24,0.003285564418026299
2024-10-25,0.0018283769838989272
2024-10-28,0.003337044384004617
2024-10-29,0.0008246746928701754
2024-10-30,-0.006736322380275106
2024-10-31,-0.002733333101216262
2024-11-01,0.002925404796526365
2024-11-04,-0.0012653921772100007
2024-11-05,0.007772582177227427
2024-11-06,0.025752794957031533
2024-11-07,0.0
2024-11-08,0.0
2024-11-11,0.0
2024-11-12,-0.0026578804654372457
2024-11-13,0.005478358521876503
2024-11-14,0.0024285185237078455
2024-11-15,-0.005062640342909597
2024-11-18,0.010514735626052651
2024-11-19,-0.002722631184380875
2024-11-20,0.00380648890964852
2024-11-21,0.0153671917550815
2024-11-22,0.0010806429706453624
2024-11-25,0.011736626645581616
2024-11-26,0.00020015354137425945
2024-11-27,0.004510334419040696
2024-11-29,0.006926334429722125
2024-12-02,0.006803809209318112
2024-12-03,-0.0026618374723603733
2024-12-04,0.004768017459344742
2024-12-05,0.006401126188015693
2024-12-06,0.0011710153947892543
2024-12-09,-0.004528529374394963
2024-12-10,0.002081030915576765
2024-12-11,0.005446578913003153
2024-12-12,-0.002273685950803239
2024-12-13,0.007685996537995621
2024-12-16,0.0038712358666419533
2024-12-17,-0.0037967029607085534
2024-12-18,0.0038478143964091327
2024-12-19,0.005690262932769974
2024-12-20,-0.0023893116947518722
2024-12-23,0.0021351279385561917
2024-12-24,0.004224674456916544
2024-12-26,-0.00192797405590317
2024-12-27,-0.0014354812486458979
2024-12-30,-0.005847563891319463
2024-12-31,0.0023820033018280284
2025-01-02,0.004382459560485774
2025-01-03,0.0028925509352670797
2025-01-06,0.008057872990430148
2025-01-07,0.0034030985697250937
2025-01-08,0.0012603378767936935
2025-01-10,-0.0038222714618367792
2025-01-13,-0.009948007557014193
2025-01-14,0.005477446472553771
2025-01-15,0.005506149018938089
2025-01-16,0.0042762007426984106
2025-01-17,0.007388170747220757
2025-01-21,0.0024267915359583725
2025-01-22,0.004739572145342041
2025-01-23,-0.004253643379186434
2025-01-24,0.0026050867304099334
2025-01-27,-0.02546012170552525
2025-01-28,0.0040402998471886775
2025-01-29,-0.0014577653013548852
2025-01-30,0.002657267041781708
2025-01-31,-0.0002723649644552628
2025-02-03,-0.012021891871972668
2025-02-04,-0.00021072530631816022
2025-02-05,0.004321218853255537
2025-02-06,0.0038791818384227295
2025-02-07,0.002197670036416133
2025-02-10,0.0017943719986615037
2025-02-11,-0.0026859951402158355
2025-02-12,-0.006301374197575704
2025-02-13,0.0005777068383310269
2025-02-14,0.0017673364647283751
2025-02-18,0.00372087072666738
2025-02-19,0.0002189408610591137
2025-02-20,0.0013738552156679074
2025-02-21,0.000646573154114094
2025-02-24,0.0037499447487652215
2025-02-25,-0.0017121340009453867
2025-02-26,0.0060551815637517326
2025-02-27,0.006002457705319264
2025-02-28,-0.0030642676856328377
2025-03-03,0.0021237057467511367
2025-03-04,-0.005224637830612222
2025-03-05,0.0029102963148210925
2025-03-06,-0.008966747627048965
2025-03-07,0.0014993676513379572
2025-03-10,-0.0071670985549117106
2025-03-11,0.0013324733228823327
2025-03-12,0.009697211040018638
2025-03-13,0.0
2025-03-14,0.0
2025-03-17,0.0
2025-03-18,-0.004208909730143207
2025-03-19,0.003554726289911825
2025-03-20,-0.002891742715666168
2025-03-21,-0.004663339128780586
2025-03-24,0.00604699680409726
2025-03-25,-0.0016819535385852458
2025-03-26,-0.003921577993991621
2025-03-27,-0.005560556406716266
2025-03-28,-0.0008796165399490574
2025-03-31,0.004416331518919403
2025-04-01,0.003955310125989264
2025-04-02,0.006940891861342058
2025-04-03,0.02201248740563999
2025-04-04,0.01958989681677381
2025-04-07,0.01836441672365763
2025-04-08,-0.018148288576365412
2025-04-09,0.0010760562220493153
2025-04-10,0.020303381645790042
2025-04-11,0.0034546215024411353
2025-04-14,-0.012218481425151362
2025-04-15,-0.0019464045825823284
2025-04-16,0.01782683058917356
2025-04-17,-0.0051375236680656355
2025-04-21,0.0074786344008457295
2025-04-22,-0.007026054472022536
2025-04-23,-0.01424654613294185
2025-04-24,-0.004278552009676639
2025-04-25,0.0009168723778565369
2025-04-28,-0.0005687388050442665
2025-04-29,0.002435876560844985
2025-04-30,0.006084347792577605
2025-05-01,-0.005136904468822312
2025-05-02,-0.009696817040335315
2025-05-05,0.0077595602034361555
2025-05-06,0.011942376048250436
2025-05-07,-0.000951175370749624
2025-05-08,-0.0054058420194735834
2025-05-09,-0.002096030491283929
2025-05-12,-0.024553381902092664
2025-05-13,-0.002369646935899361
2025-05-14,-0.0019867769304006133
2025-05-15,0.003791065522027681
2025-05-16,0.0003249423087308134
2025-05-19,0.007399722058674119
2025-05-20,0.002516608161014622
2025-05-21,0.005006208286328917
2025-05-22,-2.7497855035085728e-05
2025-05-23,0.00983344497325822
2025-05-27,-0.007141498521711198
2025-05-28,0.0005537512882098916
2025-05-29,0.009044100106725628
2025-05-30,0.0
2025-06-02,0.0
2025-06-03,0.0
2025-06-04,0.001090112555272027
2025-06-05,-0.002160353305679541
2025-06-06,0.01327647784573327
2025-06-09,-0.002608046683671872
2025-06-10,0.0033837886741212575
2025-06-11,0.006098091859830124
2025-06-12,-0.0039000772956759855
2025-06-13,-0.009624702992631962
2025-06-16,0.007737399408453749
2025-06-17,-0.003311080610490902
2025-06-18,0.0010090098626929223
2025-06-20,0.005508764231475283
2025-06-23,0.0018046436597611848
2025-06-24,0.008556901061154365
2025-06-25,0.004079049196940909
2025-06-26,0.0020723649666440913
2025-06-27,0.0006917077567134555
2025-06-30,0.003766429286407469
2025-07-01,-0.01333782068219147
2025-07-02,-0.000823091048132718
2025-07-03,0.003521925022257344
2025-07-07,-0.0023147157058596157
2025-07-08,0.002579133655076893
2025-07-09,0.0021482132547736565
2025-07-10,0.002840091131069755
2025-07-11,-0.0015890758295580287
2025-07-14,-0.00024840324194008723
2025-07-15,0.008482467767347623
2025-07-16,0.00012632616420082954
2025-07-17,0.0005946754317323055
2025-07-18,0.0015234894699476254
2025-07-21,0.0009917333742190948
2025-07-22,-0.0003178229615027339
2025-07-23,0.0019865607411690966
2025-07-24,0.0028754045017103103
2025-07-25,-0.0010176423426591086
2025-07-28,0.002933979656682295
2025-07-29,0.002824819865045791
2025-07-30,0.0011821835431213845
2025-07-31,0.008246161515474526
2025-08-01,-0.007521983996947035
2025-08-04,0.005487988057071069
2025-08-05,0.0032128233346742086
2025-08-06,-0.0030619867200490924
2025-08-07,0.004656562771765849
2025-08-08,0.002108266448907381
2025-08-11,-5.637552551951419e-05
2025-08-12,0.003121172772780012
2025-08-13,0.003012012358972971
2025-08-14,-0.0038191204085156194
2025-08-15,-1.7112460328760903e-05
2025-08-18,-0.002049301865533204
2025-08-19,-0.0015778022941209668
2025-08-20,-0.00281499921859385
2025-08-21,-0.0010319763249023728
2025-08-22,-0.0015984671921968063
2025-08-25,-0.002082100746646609
2025-08-26,0.000691868087054015
2025-08-27,-2.1076379356221864e-06
2025-08-28,0.0006196328583367716
2025-08-29,-0.0034410073185299206
2025-09-02,-0.011026193095218018
2025-09-03,0.005158617260780485
2025-09-04,0.0007113746670057708
2025-09-05,0.004758579825242082
2025-09-08,0.0038337040382798726
2025-09-09,0.002663277589724178
2025-09-10,0.009806453111147917
2025-09-11,0.004336242175274618
2025-09-12,0.003027191853516298
2025-09-15,0.007727153725745506
2025-09-16,0.0016122595931120642
2025-09-17,-0.0041790122240460414
2025-09-18,0.008910235791179
2025-09-19,0.0020319900334129226
2025-09-22,-0.0003133286935239621
2025-09-23,0.002406097902130311
2025-09-24,0.0042632766992785065
2025-09-25,-0.009540783412441911
2025-09-26,0.0034455489340743384
2025-09-29,0.005602237049824987
2025-09-30,-0.0012672392214930772
2025-10-01,-0.004185115990140709
2025-10-02,0.011159856528196066
2025-10-03,0.003418380454901504
2025-10-06,0.017770363846221437
2025-10-07,0.0009068921927075646
2025-10-08,0.00368040450690188
2025-10-09,-0.0016127509309038501
2025-10-10,0.0013668237062087751
2025-10-13,0.018220847329068368
2025-10-14,-0.012426924287830543
2025-10-15,0.01246726629543149
2025-10-16,0.00398411321058556
2025-10-17,-0.004782126843084211
2025-10-20,0.006903017201581374
2025-10-21,-0.0008487174371885065
2025-10-22,-0.001382678898214973
2025-10-23,-0.005849119535939806
2025-10-24,0.00805551533377069
2025-10-27,0.012831540409171449
2025-10-28,0.0030505346052722704
2025-10-29,0.008857039754882612
2025-10-30,-0.008617685066153347
2025-10-31,0.015523957612566752
2025-11-03,0.009696237318652656
2025-11-04,-0.018866916369991493
2025-11-05,0.0012990082190911245
2025-11-06,-0.00021310957439135692
2025-11-07,-0.00855533174240708
2025-11-10,0.01793622674288531
2025-11-11,-0.007410562850007074
2025-11-12,0.007778553448377856
2025-11-13,-0.007955298878534744
2025-11-14,-0.017171829053917786
2025-11-17,-0.006155572027855216
2025-11-18,-0.00853562295407262
2025-11-19,0.004225481556748623
2025-11-20,0.02270510164880646
2025-11-21,0.004790200400246025
2025-11-24,0.011082583065654017
2025-11-25,-0.00783763232532586
2025-11-26,0.00819520722080802
2025-11-28,0.002759345965212434
2025-12-01,-0.009129997967395664
2025-12-02,0.004116232040035861
2025-12-03,-0.0012796769129821417
2025-12-04,0.005284779914658033
2025-12-05,0.0028323287916718343
2025-12-08,-0.0003729359921731401
2025-12-09,-0.0022096345381500404
2025-12-10,-0.0005718209341224467
2025-12-11,-0.007110959149165597
2025-12-12,-0.0036118190246099413
2025-12-15,0.008910251012363979
2025-12-16,-0.0036393913424431767
2025-12-17,0.00034534707437927636
2025-12-18,0.016607467509478946
2025-12-19,0.005396364006108101
2025-12-22,0.01031257907391847
2025-12-23,-0.0013116701803227437
2025-12-24,-0.00036872384118336043
2025-12-26,0.0015018298203000047
2025-12-29,-0.006565365779071741
2025-12-30,0.00021185042594273895
2025-12-31,0.0016509571671252665
2026-01-02,0.009851897980983404
2026-01-05,0.01017815774707409
2026-01-06,0.0014934595530537997
2026-01-07,0.00016150172669338048
2026-01-08,3.545374207214458e-05
2026-01-09,0.0021737202767533326
2026-01-12,-0.004899788977616115
2026-01-13,0.0015653231876138207
2026-01-14,-0.004943989548806371
2026-01-15,0.009312109350896769
2026-01-16,0.005977431695753044
2026-01-20,-0.011073775715822354
2026-01-21,0.0040178789007927485
2026-01-22,0.0071484235503964655
2026-01-23,-0.0012229320079372163
2026-01-26,-0.0018044772998681013
2026-01-27,0.005849384251853884
2026-01-28,0.006384902016508542
2026-01-29,-0.0007905106420293961
2026-01-30,-0.0012415137068797488
2026-02-02,-0.005786900142847218
2026-02-03,0.006789110299501244
2026-02-04,-0.004230779378337601
2026-02-05,-0.008623373800906942
2026-02-06,0.0040964782567620706
2026-02-09,-0.004720732418759255
2026-02-10,0.00027963529479158034
2026-02-11,0.009996891724173285
2026-02-12,0.004234016247192995
2026-02-13,-0.0016241155404637109
2026-02-17,-0.006933425884509292
2026-02-18,0.0020924759685685412
2026-02-19,-0.005201304902455517
2026-02-20,-0.00409496602393411
2026-02-23,-0.002199317080238017
2026-02-24,0.002950387469835114
2026-02-25,0.005412939715624621
2026-02-26,-0.0027651766180161186
2026-02-27,-0.010391990739981427
2026-03-02,-0.01259429142812829
2026-03-03,-0.01775461854340199
2026-03-04,0.005883275692834644
2026-03-05,-0.00429341831853991
2026-03-06,-0.01306717200687546
2026-03-09,-0.007434594076213941
2026-03-10,0.0011359745070986804
2026-03-11,0.0029404128253815998
2026-03-12,-0.006157816895763002
2026-03-13,0.005090222976435355
2026-03-16,0.009272300821246748
2026-03-17,0.0036653516776397055
2026-03-18,-0.0004954441895475004
2026-03-19,-0.010838873815350203
2026-03-20,-0.0012646689366465624
2026-03-23,0.01093284120014304
2026-03-24,-0.004793635666139995
2026-03-25,0.005777743501400812
2026-03-26,-0.00814889744893621
2026-03-27,-0.002761223477587227
2026-03-30,0.00526102113879845
2026-03-31,0.0076753622628207285
2026-04-01,0.007440977458494036
2026-04-02,0.0017514724603910903
2026-04-06,0.000430553309445747
2026-04-07,0.0027564651582820954
2026-04-08,-0.005691079812461308
2026-04-09,0.0005202528825793973
2026-04-10,-0.0021220241282573493
2026-04-13,0.002573157627604683
2026-04-14,0.004793366329820525
2026-04-15,-0.001435149984415851
2026-04-16,-0.0006318611250272221
2026-04-17,0.007457902211103651
2026-04-20,-4.0910240967750866e-05
2026-04-21,0.0028220595944501436
2026-04-22,0.008178826910910875
2026-04-23,0.0004145700646920325
2026-04-24,0.015714634472548283
2026-04-27,0.0014076880273650172
2026-04-28,-0.015906918796006808
2026-04-29,0.004853629574329776
2026-04-30,0.009807295483523326
2026-05-01,-0.0005074438386001301
2026-05-04,0.0028236060840427513
2026-05-05,0.011779099860661724
2026-05-06,0.01702162997195189
2026-05-07,-0.003655193993069461
2026-05-08,0.010686079625655376
2026-05-11,0.007357185746456496
2026-05-12,-0.010998015107963943
2026-05-13,0.01339527661683193
2026-05-14,-0.004326916624488142
2026-05-15,-0.02087233998296989
2026-05-18,0.010905598405330785
2026-05-19,-0.010244036875852625
2026-05-20,0.014429785477405588
2026-05-21,-0.0027954468397924925
2026-05-22,0.00559401659766201
2026-05-26,0.020781795771924072
2026-05-27,0.01170310794076479
2026-05-28,0.0007501805853158405
2026-05-29,0.00830013758435899
2026-06-01,0.0014529750360365856
2026-06-02,0.005751933018363076
2026-06-03,0.007913814834060728
2026-06-04,-0.0295732150004816
2026-06-05,-0.025244752553906347
2026-06-08,0.034072644347365566
2026-06-09,0.0
2026-06-10,0.0
2026-06-11,0.0
2026-06-12,-0.0039994144493569195
2026-06-15,0.03337839217929073
2026-06-16,0.0
2026-06-17,0.0
2026-06-18,0.0
2026-06-22,0.01256743009450223
2026-06-23,-0.055323408257079265
2026-06-24,0.006938590584718796
2026-06-25,0.049042859102434555
2026-06-26,0.0
2026-06-29,0.0
2026-06-30,0.0
2026-07-01,-0.02631823986449411
2026-07-02,0.0010905809960013446
2026-07-06,0.015114830684723302
2026-07-07,-0.028447965979586876
2026-07-08,-0.01145091442378865
2026-07-09,0.02649020621286957
2026-07-10,0.0
2026-07-13,0.0
2026-07-14,0.0
2026-07-15,0.0037913226057832983
2026-07-16,-0.01411529952176327
2026-07-17,-0.01929456133095686
2026-07-20,0.014838952605842115
2026-07-21,0.024275247253262577
2026-07-22,0.0
2026-07-23,0.0
2026-07-24,0.0
2026-07-27,0.006237494364579543
2026-07-28,-0.0172803331879261
2026-07-29,-8.71014896381972e-05
2026-07-30,0.02068480985047283
2026-07-31,0.0
2026-08-03,0.0
2026-08-04,0.0
2026-08-05,-0.001614639511588578
2026-08-06,-0.009801102746259449
2026-08-07,0.00959598111816895
2026-08-10,-0.003561463297384493
2026-08-11,0.005438469428360682
2026-08-12,0.01409897314936992
2026-08-13,0.0011558039495807026
2026-08-14,0.0035226001439152554
